f_score,counts_input,counts_selected,SE,eps,mut
-0.4072946547990863,1885.0,1506.0,0.050463703179242314,8.673617379884035e-19,A105C
0.03416986045539193,1194.0,1297.0,0.040690873581392846,1.9864254537224272e-165,A105D
0.02523747099478647,717.0,771.0,0.05235670513272451,4.7925500378945883e-157,A105E
-1.2716271949822455,1246.0,555.0,0.09281969963389965,3.469446951953614e-18,A105F
-0.12121890267387565,787.0,759.0,0.1807624019418752,0.0,A105G
-0.4378505826530845,1750.0,1375.0,0.03667535485923938,1.0237997636912486e-20,A105H
-0.6386455468819288,1287.0,879.0,0.04431220429934744,3.1741917851624712e-65,A105I
-4.506240206983746,1197.0,56.0,0.13686398254707613,2.354499450926386e-33,A105K
-0.1867543179769369,1430.0,1336.0,0.038680492713134215,2.016037714317768e-36,A105L
-0.4887084120685677,1447.0,1112.0,0.11593266494581342,6.938893903907228e-18,A105M
-0.10535215514759119,1150.0,1133.0,0.042440558784972486,4.860591545970472e-38,A105N
-2.0921616396074416,950.0,237.0,0.07293250114550398,3.4500098107819544e-71,A105P
-0.4550386077254284,1210.0,936.0,0.055463135835672576,0.0,A105Q
-4.438904359434157,2943.0,146.0,0.2057538893097228,0.0,A105R
-1.1661392045583183,1473.0,703.0,0.11535655833599635,3.469446951953614e-18,A105S
-0.02297120026344933,1618.0,1692.0,0.03617949216739522,9.249980497996724e-08,A105T
-0.6861464488160374,1204.0,804.0,0.1342382396930613,6.938893903907228e-18,A105V
-3.3228832368037082,1399.0,147.0,0.16293731452805388,0.0,A105W
-0.8961653162337766,2358.0,1380.0,0.19866112990232931,0.0,A105Y
-4.478532556835661,1152.0,55.0,0.13818145653261774,5.9686758766661286e-223,A105_
-0.02708587162558731,1443.0,1502.0,0.037499181634345354,2.2651829053085702e-144,A117C
-3.748100261088062,2015.0,161.0,0.16676543741157018,0.0,A117D
-2.778353321919179,2735.0,431.0,0.2425285795191554,0.0,A117E
-0.06059624129923146,1142.0,1158.0,0.042275553991102464,1.884333467397745e-157,A117F
0.23225559859384612,763.0,952.0,0.12345738467589848,0.0,A117G
0.1845212054787182,1627.0,1948.0,0.10506789323087348,3.469446951953614e-18,A117H
-0.5444999662308126,1046.0,759.0,0.048169457203732974,3.3439635952488804e-38,A117I
-4.0466961221757565,1750.0,111.0,0.27205292209703197,0.0,A117K
-4.2234623657120975,995.0,62.0,0.5280904012625195,0.0,A117L
-2.1612956212048404,757.0,180.0,0.08321321993415665,3.186478754024638e-104,A117M
-1.397901506253345,3008.0,1211.0,0.03980110213271673,9.676504389433127e-16,A117N
-0.09107836378516522,1151.0,1151.0,0.0422735218753791,4.407444212665823e-23,A117P
-2.9948526147490657,1845.0,249.0,0.14792361851168964,0.0,A117Q
-4.224029483205932,755.0,43.0,0.20557273477762267,6.938893903907228e-18,A117R
0.14544187177898793,1198.0,1402.0,0.057728505766935084,0.0,A117S
-0.09619472564553612,2309.0,2317.0,0.09086680543996871,0.0,A117T
0.1378616391603612,848.0,987.0,0.04737014860890591,3.525500403445735e-08,A117V
-0.6793728392287485,1394.0,926.0,0.05704667550443045,0.0,A117W
-0.3583084778505453,4233.0,3485.0,0.04460112165546436,1.3010426069826053e-18,A117Y
-4.827556664226453,3857.0,145.0,0.11956828997186725,1.734723475976807e-17,A117_
-0.28619808878204717,978.0,846.0,0.09418859889226641,0.0,A126C
-0.5092533636268113,817.0,624.0,0.1565076578403871,0.0,A126D
0.013233858835943836,1232.0,1323.0,0.04017743280030287,1.4037529912993742e-46,A126E
-0.3205832096388446,866.0,734.0,0.05063879536996814,1.5735799471339154e-59,A126F
0.2536207753110158,573.0,723.0,0.056351540996474485,4.278811637279971e-48,A126G
-0.06516258245128806,1509.0,1537.0,0.04645004687841221,0.0,A126H
0.0704992568306307,872.0,973.0,0.04715875683757584,1.3058651025694185e-71,A126I
-0.20229373865599728,987.0,899.0,0.16939631326580268,1.3877787807814457e-17,A126L
-0.2608619303234054,684.0,605.0,0.05624344931625396,3.391908637861909e-142,A126M
0.018237218812421598,696.0,737.0,0.2793735455864449,0.0,A126N
0.14850955197099644,1187.0,1391.0,0.040106809150822695,9.151159568891978e-143,A126P
-0.10609107781950576,989.0,966.0,0.1491242972910322,0.0,A126Q
0.03998698654963908,1404.0,1519.0,0.12472390304142071,0.0,A126R
0.09445878545166739,1070.0,1214.0,0.04248418651313861,8.550594909504462e-36,A126S
-0.3897055930278867,1001.0,809.0,0.0477834437059263,0.0,A126T
-0.13523639106629054,253.0,249.0,0.20686801828318727,0.0,A126V
0.03909089997769024,695.0,757.0,0.06520739482715422,0.0,A126W
0.05253008031571536,1117.0,1220.0,0.11118299854411152,1.0408340855860843e-17,A126Y
-3.597112438524056,1162.0,101.0,0.4046625295314377,0.0,A126_
0.09592641081241361,991.0,1127.0,0.044114258240716145,7.821640593120339e-27,A134C
-4.530253291499098,969.0,44.0,0.2380369262823525,5.551115123125783e-17,A134D
-4.0836303694172855,1644.0,103.0,0.10179406575397931,2.9297141879989957e-105,A134E
-0.3713377770069029,1080.0,879.0,0.12033252032932754,0.0,A134F
-0.03165528935186403,872.0,905.0,0.04798152816328733,1.5630383503798955e-30,A134G
-3.8240547310122404,1618.0,120.0,0.20068268849502224,0.0,A134H
-0.5329571365258627,1281.0,933.0,0.09677310475147768,1.734723475976807e-18,A134I
-4.077972916463032,918.0,59.0,0.29952445580000836,0.0,A134K
-0.9562933648441736,961.0,526.0,0.05468847277628669,1.253667706264588e-211,A134L
-1.1988563715074045,1554.0,717.0,0.06748401660081407,0.0,A134M
-3.781339504128387,2047.0,169.0,0.36322179036825264,0.0,A134N
-3.6039861547315786,2011.0,176.0,0.10199809933293613,3.469446951953614e-18,A134P
-3.674183646915028,1223.0,107.0,0.32659857743719023,1.1102230246251565e-16,A134Q
-3.813176196118535,937.0,71.0,0.12327050216381717,4.0727248256591143e-113,A134R
1.1421609185343817,5100.0,11935.0,0.01804609401496175,7.421262848084397e-157,A134S
0.009041908232137871,781.0,833.0,0.05028732414021129,1.921444670401157e-141,A134T
-0.15247218549505256,1568.0,1488.0,0.08660037260619285,0.0,A134V
-4.224733245128694,1746.0,99.0,0.10352758507827166,1.985813489043618e-71,A134W
-4.011374871146249,712.0,46.0,0.28099791174407396,0.0,A134Y
-4.088492473158714,1701.0,105.0,0.23794890527025186,0.0,A134_
-0.005937644253572907,724.0,760.0,0.05243412940083694,1.2856549389794968e-25,A151C
0.12276409910303031,1163.0,1343.0,0.04065840598312861,1.5542952936975858e-36,A151D
-0.2846012343086082,2309.0,2000.0,0.03571236601848964,9.53338970266504e-16,A151E
-0.05915723957355087,1332.0,1354.0,0.03921322736318587,8.054854103663224e-41,A151F
-0.06810534532820178,1315.0,1324.0,0.039525107723700714,1.2666559223797503e-17,A151H
-0.4823289693900358,1252.0,954.0,0.051138604687156766,2.233456475320139e-17,A151I
-3.6280351088467873,1414.0,121.0,0.09515572572467856,1.383134927075877e-06,A151K
-0.18643798174792706,411.0,384.0,0.07130434400955586,8.909167593535208e-38,A151L
-1.5525654577578774,877.0,323.0,0.17692556888478908,0.0,A151M
-0.29870152731755223,1241.0,1063.0,0.11118706070300902,6.938893903907228e-18,A151N
-0.5448663508146636,1338.0,965.0,0.12380305346020377,1.734723475976807e-17,A151P
-0.5065790990528243,597.0,447.0,0.13892641912359507,3.469446951953614e-18,A151Q
-1.1223194321881294,662.0,320.0,0.14407280040504275,0.0,A151R
-0.12324761417309431,1002.0,976.0,0.04551511351081682,7.641552268948014e-76,A151S
0.04875226736939625,1217.0,1338.0,0.04022199670408701,8.611425617226018e-30,A151T
-0.6638886963374789,1253.0,841.0,0.04511077503804798,4.309956522267872e-307,A151V
-0.2208050455085275,766.0,694.0,0.07707329018265055,8.673617379884035e-19,A151W
-0.6556112817763802,754.0,511.0,0.17052191621990265,2.0816681711721685e-17,A151Y
-4.024285082262436,612.0,40.0,0.1633362342574665,2.053629629774391e-170,A151_
0.01583840199329015,289.0,309.0,0.08213177464916856,2.421792099704165e-87,A162C
0.15788414405762158,1010.0,1205.0,0.11618911595874878,3.469446951953614e-18,A162D
-0.0008798073804870444,1162.0,1236.0,0.0414546150661055,2.973146522997813e-42,A162E
-3.9736042449987994,1076.0,73.0,0.12115125366390805,1.9131736184481495e-121,A162F
0.16864946763285332,1165.0,1385.0,0.06508096276365372,0.0,A162G
0.14089700474070915,1768.0,2061.0,0.059900921718169874,0.0,A162H
-2.069279436466028,1855.0,469.0,0.052965686295530084,3.5705737722746414e-07,A162I
0.03183588539487694,1299.0,1409.0,0.0390890068986441,1.442635606620887e-34,A162K
-2.3572539159212345,1908.0,407.0,0.19852198244483557,0.0,A162L
-2.3188801664090986,1521.0,320.0,0.18244910411410906,1.3877787807814457e-17,A162M
-0.16201516051536471,2881.0,2728.0,0.027563026489069723,1.5622032703210658e-28,A162N
-1.107251237399251,898.0,447.0,0.1377808067280655,6.938893903907228e-18,A162P
0.19141094589257218,761.0,922.0,0.04946217782117885,1.6662557826172876e-144,A162Q
-3.7768865469224284,2020.0,161.0,0.2131586350209172,1.3877787807814457e-17,A162R
0.0795285849402185,1084.0,1220.0,0.04233920107226201,6.059174963549127e-08,A162S
-0.0033377847539956397,1910.0,2026.0,0.032630512083000676,7.08686974178416e-15,A162T
-0.08553753801581587,1060.0,1073.0,0.06481698545171816,8.673617379884035e-19,A162V
-4.163655540646884,1298.0,80.0,0.28358408607963614,1.1102230246251565e-16,A162W
0.1708053564374962,1811.0,2155.0,0.03988164901181959,0.0,A162Y
-4.911514693660976,1677.0,59.0,0.13261958757569073,0.0,A162_
0.13625272587324389,2092.0,2431.0,0.03058560916149084,3.7547436395339324e-10,A164C
0.10429645372241868,1764.0,2015.0,0.034102516386476496,5.5672874313259695e-08,A164D
0.1775268327218009,1418.0,1698.0,0.03663874349731729,8.777575560764382e-17,A164E
0.1284475809236871,1392.0,1614.0,0.037239874472558096,3.673303499393523e-08,A164F
0.008803543034490645,1492.0,1589.0,0.06150525961895521,0.0,A164G
0.19476061467567707,1783.0,2168.0,0.032884037579837225,2.2099087682105235e-07,A164H
-0.381323846243034,2565.0,2077.0,0.08236150510855492,0.0,A164I
0.2159863466172463,2447.0,3014.0,0.03314625911340219,1.734723475976807e-18,A164K
0.04145689747028431,1295.0,1411.0,0.052513770281388615,8.673617379884035e-19,A164L
-0.019542632312216052,2977.0,3114.0,0.026518088835244546,2.232144875834286e-108,A164M
0.13402232857359017,2240.0,2607.0,0.029599474273441267,2.4799454481910186e-32,A164N
-0.7902720723872084,1376.0,844.0,0.044265287410190035,8.973975456682163e-231,A164P
0.13727919278906142,1548.0,1804.0,0.04763560832625953,0.0,A164Q
0.13963273860843048,1250.0,1454.0,0.07802359851384971,5.204170427930421e-18,A164R
-0.2856658118405045,1715.0,1499.0,0.06313482083359209,8.673617379884035e-19,A164S
-0.011098420615406538,1855.0,1943.0,0.0727693765735584,0.0,A164T
-0.6034901720644574,2050.0,1433.0,0.05580120831243315,8.673617379884035e-19,A164V
0.03298098291451483,1623.0,1749.0,0.10894022098886035,6.938893903907228e-18,A164W
0.22875399536897267,1565.0,1935.0,0.0796650615730795,1.734723475976807e-18,A164Y
-4.156377138722413,1382.0,82.0,0.11384754796773498,3.569357934046242e-21,A164_
0.04060888012373522,1715.0,1871.0,0.03411651738892545,2.858423227038001e-51,A169C
-0.7905291811153843,489.0,299.0,0.07375822988040012,4.627805272076485e-216,A169D
-0.18020123249238099,2382.0,2233.0,0.03768966741307521,0.0,A169E
-0.9241884563772953,1568.0,887.0,0.14641321588681677,0.0,A169F
-0.059743887470805064,1125.0,1140.0,0.08533216336594691,3.469446951953614e-18,A169G
-0.06466997255936513,2895.0,2910.0,0.027127416674522432,8.910591734002942e-107,A169H
0.1414953167546564,1171.0,1370.0,0.040384905014472165,1.6654407179865235e-122,A169I
-0.11868504057909836,886.0,868.0,0.11524305621436064,0.0,A169K
-0.04352551704802132,1453.0,1489.0,0.0699223664595434,1.734723475976807e-18,A169L
-0.09325038657911167,1047.0,1045.0,0.044254503208449356,1.65047906735948e-09,A169M
-0.384412644965593,1190.0,964.0,0.043881769259555434,9.030344765649929e-260,A169N
-0.43676129925363405,1384.0,1087.0,0.04110862518053931,3.555257969766012e-230,A169P
0.0699546087362527,3230.0,3594.0,0.02618847635476268,3.791638703774499e-09,A169Q
-1.752860493406613,1723.0,543.0,0.04969371655322255,8.152746572395071e-206,A169R
-0.18025807169176308,1425.0,1333.0,0.04874912401705453,4.336808689942018e-19,A169S
-0.015311705184754599,1320.0,1406.0,0.10887836052726485,0.0,A169T
0.020363203069319245,2027.0,2184.0,0.06447322007426581,0.0,A169V
0.6169989229410712,1721.0,2799.0,0.031382733624845505,4.893116553412833e-08,A169W
-0.22309656169378309,2431.0,2201.0,0.04905764104726513,0.0,A169Y
-4.213085514729591,2119.0,121.0,0.09370593805682251,2.2736366102418473e-36,A169_
-0.024719458634956434,2039.0,2124.0,0.03182414716298981,1.870667176372692e-07,A208C
-4.007609077020335,1968.0,130.0,0.0908159658025297,1.8801407054844427e-243,A208D
-3.8085368025833386,998.0,78.0,0.245717463453753,0.0,A208E
0.10735697937405632,2336.0,2668.0,0.0368307724518202,0.0,A208F
0.1379639727183498,1850.0,2175.0,0.11370445304608164,1.734723475976807e-17,A208G
-3.8951280915853865,962.0,68.0,0.17722439533308734,6.938893903907228e-18,A208H
-0.010491295914195356,1078.0,1141.0,0.10116762611761193,3.469446951953614e-18,A208I
-2.7989027998910347,1409.0,213.0,0.14916034819148066,0.0,A208K
0.3160987022905875,3208.0,4223.0,0.051546085228699294,0.0,A208L
0.15368170560074043,1406.0,1658.0,0.036893362172281535,8.030107481705079e-105,A208M
0.011290573627555036,985.0,1055.0,0.04486137268557559,2.0833294699987588e-43,A208N
-2.9618747387137168,1966.0,268.0,0.0818840508843224,0.0,A208P
-0.9523535247069277,1819.0,1005.0,0.12432297525742078,2.0816681711721685e-17,A208Q
-4.292195381144675,1571.0,85.0,0.13452062257260025,0.0,A208R
0.07257376699684154,1642.0,1839.0,0.03723465426244097,6.084113540662933e-11,A208S
0.16648009709473569,1503.0,1787.0,0.04921684340445475,0.0,A208T
0.040274541375127745,1917.0,2092.0,0.03234382369834511,2.5240559916178227e-97,A208V
-1.0230433435491166,2693.0,1413.0,0.09412710674116158,0.0,A208W
-3.860523071477028,906.0,67.0,0.18544067809487458,0.0,A208Y
-4.337097013967265,1286.0,67.0,0.1254797079829955,2.819105726592425e-76,A208_
0.1502979080347267,1327.0,1565.0,0.03795207967652779,8.862859062697564e-77,A215C
-0.19803070856706018,1505.0,1391.0,0.0378400301107402,1.3670754675012263e-14,A215D
-0.2989420624676834,1012.0,871.0,0.06386361372798995,1.734723475976807e-18,A215E
-0.27173656422876025,1597.0,1411.0,0.08641212066477719,0.0,A215F
-0.9481571760656404,1312.0,718.0,0.14773643716854193,6.938893903907228e-18,A215G
-0.2631514425757008,1314.0,1165.0,0.04083270996996543,8.744890809193967e-141,A215H
0.098313196862682,2540.0,2889.0,0.03650466744168186,0.0,A215I
-1.2220945080484273,1712.0,776.0,0.06724407487831263,0.0,A215K
0.3047311290332599,1150.0,1518.0,0.06909232663165939,1.734723475976807e-18,A215L
0.15870457455261408,1288.0,1520.0,0.055712592246432095,4.336808689942018e-19,A215M
-0.10712591652864281,1813.0,1787.0,0.03404441630082318,1.6087721457412463e-11,A215N
-0.9449502751400198,2153.0,1186.0,0.03679872549720487,1.7867567807159073e-72,A215P
-0.012173189423934467,1663.0,1740.0,0.06811295312933431,8.673617379884035e-19,A215Q
-4.166525813289545,1445.0,90.0,0.3191403475638712,0.0,A215R
-0.26400570059958184,1927.0,1695.0,0.05976796896740612,8.673617379884035e-19,A215S
0.010556280512936634,1819.0,1944.0,0.04084240537970787,0.0,A215T
0.7725982478087283,6396.0,11677.0,0.09093093707251897,0.0,A215V
-1.0622543359068157,2840.0,1434.0,0.08725374471391734,1.734723475976807e-18,A215W
0.35670899123686967,1961.0,2649.0,0.06742864278962603,0.0,A215Y
-4.339591862408113,1096.0,57.0,0.17165515606247153,0.0,A215_
0.06514351036363906,1562.0,1731.0,0.041572128165402705,1.6696713456276768e-17,A220C
-3.895587467631963,1361.0,102.0,0.3646326619728159,0.0,A220D
-1.3850359258066445,280.0,114.0,0.11135181083873415,0.0,A220E
-3.921430604263863,2027.0,141.0,0.11749065571610816,1.734723475976807e-18,A220F
-0.0026530690082767687,1694.0,1795.0,0.0400044448999382,1.1741909528018013e-16,A220G
-3.440715218531136,1666.0,162.0,0.08999818515694522,2.8810851274152505e-11,A220H
0.06235139500233251,1062.0,1170.0,0.05604970745399177,0.0,A220I
-4.19201191797061,1030.0,63.0,0.3133971273012429,0.0,A220K
-0.4867529704315681,1779.0,1346.0,0.04536718222613104,0.0,A220L
-0.11565033698605187,931.0,910.0,0.04711812926429164,4.592044201693706e-68,A220M
-0.38075934808029127,1072.0,881.0,0.1332653552192568,3.469446951953614e-18,A220N
-0.5816070258625351,1133.0,803.0,0.047143299662744276,3.8989001053835745e-07,A220P
-0.719877009359363,1900.0,1222.0,0.03732129511286676,1.4168385319443866e-16,A220Q
-3.9956862473783517,2340.0,154.0,0.18474062333040095,0.0,A220R
0.06895324323473133,1709.0,1900.0,0.0340332942094892,3.4442634421830456e-274,A220S
0.01944670927857828,2573.0,2770.0,0.028215023853991963,0.0,A220T
0.08928271197571919,1940.0,2180.0,0.07525858011297763,0.0,A220V
-2.967846823481125,2126.0,292.0,0.13219074840626124,0.0,A220W
-3.7091703180899955,1347.0,109.0,0.09985433659006332,7.801915159346973e-29,A220Y
-5.010924395072952,511.0,17.0,0.7116960841605672,0.0,A220_
0.002304967153669545,3198.0,3385.0,0.06760215253840804,1.734723475976807e-18,A243C
-1.4246095512615697,5612.0,2225.0,0.13977990178966745,0.0,A243D
-2.04562203608616,5841.0,1501.0,0.32747031248585384,0.0,A243E
0.19620086923878965,2258.0,2740.0,0.049143040123564345,8.673617379884035e-19,A243F
0.2553230360284823,1786.0,2253.0,0.04874167004268656,4.336808689942018e-19,A243G
-0.8740655771453819,2827.0,1638.0,0.03180135309916219,1.8770911549747258e-47,A243H
-0.10059410432259203,1995.0,1979.0,0.04203022090344362,0.0,A243I
-3.871030505161942,2273.0,168.0,0.18688363866798438,4.163336342344337e-17,A243K
0.05761125796138573,2158.0,2364.0,0.11573247657323596,3.469446951953614e-18,A243L
-0.04496955042837125,1889.0,1942.0,0.0590676122877785,8.673617379884035e-19,A243M
0.23861869253867551,1765.0,2199.0,0.07400491166881,1.734723475976807e-18,A243N
0.16219616798643668,1956.0,2314.0,0.05317004948124376,1.3010426069826053e-18,A243P
-0.35023163726793183,1520.0,1266.0,0.05569139556501862,0.0,A243Q
-4.136262677995479,2651.0,160.0,0.08168889763147684,2.7318774490674905e-121,A243R
-0.007654798402851038,1827.0,1938.0,0.08640515381362941,3.469446951953614e-18,A243S
0.12770717732271405,2091.0,2429.0,0.0550742989587566,0.0,A243T
0.12510054258149275,2028.0,2337.0,0.06021301957420543,2.6020852139652106e-18,A243V
-0.258211457097922,2086.0,1846.0,0.05531322685096225,1.734723475976807e-18,A243W
-0.5565555211119151,1470.0,1060.0,0.040891052479114676,5.44211249282942e-54,A243Y
-4.01534669814496,2861.0,185.0,0.23290239964399448,0.0,A243_
0.008928426742400422,2358.0,2527.0,0.079409011423638,1.734723475976807e-18,A252C
-4.040781755670655,2117.0,138.0,0.16764286469202863,6.938893903907228e-18,A252D
-3.3012219187820757,2355.0,257.0,0.14395919907285004,1.3877787807814457e-17,A252E
0.055357060154469825,3125.0,3434.0,0.0449458919974018,4.336808689942018e-19,A252F
0.13415079616866205,3017.0,3480.0,0.13194058110085813,0.0,A252G
-3.911925624278345,2452.0,177.0,0.24989191649891507,0.0,A252H
0.17311162989394513,2978.0,3557.0,0.0257518251552357,2.653582017096781e-245,A252I
-4.169741855187847,2091.0,123.0,0.09304575045208124,8.331252008705242e-59,A252K
0.3624632615537874,2169.0,2935.0,0.11577966482502804,0.0,A252L
0.030634731071317797,1203.0,1305.0,0.0557400762742964,0.0,A252M
-1.9776288455635498,1402.0,390.0,0.23500172344623596,0.0,A252N
-3.103610612854097,1145.0,142.0,0.0892432825501442,0.0,A252P
-3.791861664513727,2508.0,192.0,0.07520467790265023,5.800358703913669e-57,A252Q
-4.334836713533985,1679.0,88.0,0.10955453885988176,8.187105885527423e-20,A252R
0.09929206903121879,3673.0,4171.0,0.02362685202198727,9.93444226042108e-95,A252S
0.16897430355370086,1568.0,1851.0,0.14858931530397648,6.938893903907228e-18,A252T
0.15715114888058035,1576.0,1859.0,0.052998265734389836,4.336808689942018e-19,A252V
-1.5067186695670585,3422.0,1280.0,0.033472199594994936,3.0241542035231153e-92,A252W
-1.62873957422735,3013.0,1034.0,0.03669226301326891,1.1423522779585704e-51,A252Y
-4.2118374908743155,2116.0,120.0,0.1683857885198287,0.0,A252_
0.29590548539871786,2307.0,3012.0,0.028488200799511545,4.4721078353382715e-25,A273C
-4.086276690265954,2377.0,151.0,0.2114380714500589,1.3877787807814457e-17,A273D
-0.061978988005935626,890.0,907.0,0.05551686391067438,1.0863705768304754e-16,A273E
0.07188654150655306,2800.0,3119.0,0.02974160509537466,2.2528474311750424e-13,A273F
0.02902739056987578,2012.0,2192.0,0.07763210895427787,0.0,A273G
-0.7615271243034994,2813.0,1756.0,0.031162528802766255,4.867903660066049e-27,A273H
-0.0374179503267521,1728.0,1776.0,0.09196924366163485,0.0,A273I
-0.01850245243735396,2736.0,2866.0,0.04548446482887708,0.0,A273K
0.04107188704152208,2675.0,2913.0,0.027627706681575485,7.459221677718083e-63,A273L
-0.14962914734071459,2503.0,2388.0,0.04090738719812347,4.336808689942018e-19,A273M
0.1442855853972421,1521.0,1789.0,0.03554379303669874,4.469187664933269e-176,A273N
-3.61254517046768,2254.0,204.0,0.27163984539203795,0.0,A273P
-0.30021946721318343,4858.0,4185.0,0.056639721642442756,0.0,A273Q
0.185034162691963,2460.0,2958.0,0.037212451021281755,0.0,A273R
0.13522753012746272,1485.0,1726.0,0.055811428283365244,4.336808689942018e-19,A273S
0.06850724131150099,1647.0,1835.0,0.03463802327732056,1.211664592464415e-34,A273T
0.09886109567924793,2466.0,2807.0,0.028422042510482456,3.2801894331282075e-13,A273V
0.25682551986601937,2571.0,3241.0,0.07749924771076186,1.734723475976807e-18,A273W
0.03595844872114387,1488.0,1616.0,0.040298931693050884,6.579785544538752e-13,A273Y
-4.68652528022205,1433.0,60.0,0.2638505880900362,0.0,A273_
0.1280542910503891,3561.0,4111.0,0.06232312369951,0.0,A289C
-0.1910403398875636,1442.0,1338.0,0.03857129081776376,4.343681524599411e-108,A289D
0.2786427922511072,1623.0,2080.0,0.06557970349762113,0.0,A289E
0.12378652080147269,3373.0,3890.0,0.024485600889372305,6.889703058895459e-45,A289F
0.2373004465729611,1792.0,2235.0,0.03243640427805464,6.299251112917796e-178,A289G
0.14881250473562924,2125.0,2491.0,0.06312384248350389,0.0,A289H
0.32075261960459167,1870.0,2463.0,0.0873717925967363,0.0,A289I
0.1383167288789064,2349.0,2730.0,0.0565536872291712,0.0,A289K
0.0660785737324817,1872.0,2079.0,0.032590705369541145,1.2399285427019248e-114,A289L
0.277348891651534,3398.0,4377.0,0.041401419630285693,4.336808689942018e-19,A289M
0.1929352801742779,2754.0,3320.0,0.08873008467627055,0.0,A289N
-3.672364135932884,2154.0,186.0,0.24293016969139034,6.938893903907228e-17,A289P
-0.7996961672296927,2286.0,1387.0,0.03472863561771072,2.450453519700028e-32,A289Q
-0.41945392179364854,2219.0,1755.0,0.055943832591650644,0.0,A289R
-0.12349438118754766,1603.0,1557.0,0.03622984780914768,1.018127754081523e-52,A289S
0.23285201587776314,1382.0,1703.0,0.15924814691230654,6.938893903907228e-18,A289T
-0.039776357668005746,2475.0,2549.0,0.02902890202187905,1.076950691969157e-108,A289V
0.19335072363907335,2077.0,2532.0,0.07934788014856005,6.938893903907228e-18,A289W
0.24098089711139453,1699.0,2123.0,0.033261785849135486,2.8750313719657052e-167,A289Y
-4.248406530647261,1763.0,109.0,0.47893205480634876,0.0,A289_
-0.17049222886456092,1442.0,1355.0,0.0384630495885846,1.266734566922011e-78,A312C
-4.185301832825732,2582.0,150.0,0.08428247043362508,1.037347519343038e-25,A312D
-3.604768294091906,2322.0,203.0,0.07350001399525756,1.732871468374466e-25,A312E
-0.09993635548710575,4527.0,4490.0,0.040330014766344874,0.0,A312F
0.09906816102736574,4781.0,5402.0,0.0709227942162967,1.734723475976807e-18,A312G
-0.5644076683081808,2538.0,1822.0,0.03146706690491494,4.149322512855655e-18,A312H
-0.1248946733997812,2660.0,2583.0,0.02866202638064792,1.589691532843048e-07,A312I
-3.2121612542332145,2237.0,262.0,0.19234318133996262,2.7755575615628914e-17,A312K
-0.04267864642603808,3818.0,3927.0,0.02926314244321144,2.168404344971009e-19,A312L
-0.04146729138617739,2397.0,2472.0,0.0294668153685696,7.836368946373862e-188,A312M
0.22946975789676027,2210.0,2737.0,0.06591107682588561,0.0,A312N
-3.9987281240636405,3234.0,213.0,0.13320739307540444,0.0,A312P
0.13543895076529697,2955.0,3434.0,0.02599383921370889,5.967800877275627e-40,A312Q
-3.961765403825913,2078.0,146.0,0.2186461149651797,4.163336342344337e-17,A312R
0.134536807229801,3047.0,3561.0,0.027240773040075654,1.5827051138856546e-10,A312S
-0.1264673073551929,2441.0,2365.0,0.05516901917374031,1.734723475976807e-18,A312T
-0.07105151783596748,2053.0,2092.0,0.09041685306557752,0.0,A312V
-0.2283857369607848,2796.0,2530.0,0.028277269277418565,3.8024900112298586e-62,A312W
-1.499297815243548,1959.0,737.0,0.04376775381110526,6.918498916871304e-67,A312Y
-4.101392540288065,2400.0,148.0,0.08496868793090344,1.3281645986433732e-217,A312_
-0.02270407784197036,2275.0,2389.0,0.11739087195846291,6.938893903907228e-18,A321C
0.006658514424309432,2664.0,2822.0,0.08800422304200436,1.214306433183765e-17,A321D
-0.8093878383077847,2508.0,1532.0,0.09469010699312995,3.469446951953614e-18,A321E
0.055496950925617,1680.0,1827.0,0.18980692482271716,1.3877787807814457e-17,A321F
0.16747456401847027,3853.0,4594.0,0.02287109174506761,3.0837301855907043e-19,A321G
-0.058633252270101736,2208.0,2252.0,0.08826117243771589,0.0,A321H
0.07967548283886712,1322.0,1493.0,0.10556208442002644,0.0,A321I
-2.3223194234572717,2529.0,533.0,0.11001859996936017,3.469446951953614e-18,A321K
0.31397577239316826,1564.0,2045.0,0.1244667970745285,0.0,A321L
-0.15107595321774178,2708.0,2586.0,0.04760843381175323,0.0,A321M
0.635571213504266,1972.0,3231.0,0.08545171952570348,0.0,A321N
-1.0318085386466542,896.0,467.0,0.15368961056553068,0.0,A321P
0.17315725242261415,4849.0,5855.0,0.08677675196745734,0.0,A321Q
-0.8396721906846313,3139.0,1861.0,0.030044759103233766,2.3271171500299967e-72,A321R
-0.32824567866636345,3475.0,2939.0,0.0513620290836017,0.0,A321S
0.18866873235087692,3019.0,3640.0,0.04039972185319059,8.673617379884035e-19,A321T
0.19422923271964046,2209.0,2678.0,0.03161854804028889,5.747338531741225e-11,A321V
-0.19096544470899396,1971.0,1830.0,0.03317644088057612,1.2896092978090665e-200,A321W
0.12496370780293253,2674.0,3095.0,0.04940476135796771,0.0,A321Y
-4.219233215569662,2736.0,156.0,0.08258701357304503,1.1819975341055427e-18,A321_
0.2552036780054138,2462.0,3114.0,0.027810689755948987,1.471887385833817e-57,A328C
-4.2662164209094815,4867.0,266.0,0.16369436561675121,1.3877787807814457e-17,A328D
-4.540281484327857,2911.0,132.0,0.10572226942045676,1.474514954580286e-17,A328E
0.2421072784191021,1566.0,1967.0,0.04111260702532513,8.673617379884035e-19,A328F
0.1995548548434194,2891.0,3514.0,0.026010019901725332,2.7608786826502296e-38,A328G
0.43526423339284265,61.0,87.0,0.2042217406689914,3.469446951953614e-18,A328I
-2.7581596241555784,1376.0,213.0,0.20196497606327746,1.3877787807814457e-17,A328K
0.17351236706531362,2602.0,3091.0,0.10374582932518646,3.469446951953614e-18,A328L
0.18810394597860733,3688.0,4463.0,0.027329614627795457,4.0115480381963664e-18,A328M
-2.7490032099714776,2066.0,326.0,0.06001387581647058,5.458991882575757e-17,A328N
-3.8758813111119634,2381.0,172.0,0.07924675417324252,8.392361102512223e-126,A328P
-2.169878648611286,2133.0,514.0,0.1665869200514414,0.0,A328Q
-4.108863502530665,2611.0,159.0,0.23689865490497786,0.0,A328R
0.14097253673617793,3543.0,4127.0,0.03228252536130503,2.168404344971009e-19,A328S
0.33889368243975,3320.0,4444.0,0.03384692574613271,2.168404344971009e-19,A328T
0.1934282655339264,2799.0,3370.0,0.10799418989141676,0.0,A328V
-1.135966625663374,3468.0,1676.0,0.030521015527001823,2.3330779079603098e-256,A328W
0.15307849070960064,2382.0,2831.0,0.05582744522264629,0.0,A328Y
-4.1157506646241995,2496.0,153.0,0.08355948412725481,1.7748602246170986e-86,A328_
-0.09722732977221576,2035.0,2023.0,0.03214545145456055,1.0302076093273746e-09,A347C
-0.06994283582249634,2300.0,2335.0,0.044915556194832215,4.336808689942018e-19,A347D
0.10610594256405413,2793.0,3175.0,0.06721336354867577,8.673617379884035e-19,A347E
0.03811788111160658,2151.0,2341.0,0.030631155987126624,8.410788151471725e-43,A347F
-0.46588082782860957,4847.0,3750.0,0.13538206284230933,6.938893903907228e-18,A347G
-0.38180665385968976,2524.0,2062.0,0.04832033214211959,0.0,A347H
0.08431463518540347,1814.0,2038.0,0.044260902805325235,0.0,A347I
-4.096226866712271,2837.0,187.0,0.3388764229175849,0.0,A347K
0.06509472217099999,2261.0,2509.0,0.029785176219149494,1.530522126096371e-92,A347L
0.01907381497373982,2244.0,2412.0,0.030119992520862386,9.002387742076568e-42,A347M
0.08034467361713951,2333.0,2617.0,0.029273988631641025,2.744680329580201e-65,A347N
-3.010177139343035,3462.0,467.0,0.17126188896067523,0.0,A347P
0.09078145142133853,3437.0,3858.0,0.09063032353715608,0.0,A347Q
-4.294091279982215,2847.0,155.0,0.16292003772275276,0.0,A347R
0.16536359212881993,3976.0,4717.0,0.04794293419359198,4.336808689942018e-19,A347S
0.11434437654666423,1237.0,1410.0,0.11387441427627264,0.0,A347T
0.1518858354291781,942.0,1112.0,0.09472837676711836,1.734723475976807e-18,A347V
-3.9333578806315566,3229.0,232.0,0.25590413286748764,4.163336342344337e-17,A347W
-2.064842825842046,2918.0,735.0,0.1002514227325007,0.0,A347Y
-4.218592381842348,2055.0,119.0,0.18398918851998958,0.0,A347_
0.0833667402822159,3551.0,3979.0,0.0473021363508143,4.336808689942018e-19,A349C
-0.3325160845111615,1943.0,1647.0,0.10558326062155253,0.0,A349D
-0.14075697485421795,1797.0,1725.0,0.04291762212930072,4.336808689942018e-19,A349E
0.04594170889012198,3163.0,3473.0,0.06111714034148755,0.0,A349F
-0.205750083197018,2904.0,2670.0,0.027667718752525418,7.43024543821899e-67,A349G
-0.3535849506288213,1915.0,1577.0,0.12456064072229679,1.0408340855860843e-17,A349H
0.07016802074206928,1988.0,2238.0,0.11475024541895198,0.0,A349I
-0.17687803359747895,1553.0,1450.0,0.08358594019371238,0.0,A349K
0.0577906033714478,2283.0,2524.0,0.029672223983439036,3.0244873529909668e-55,A349L
0.0612223584059485,2256.0,2495.0,0.04166662998351738,0.0,A349M
-0.3781455622609716,1668.0,1364.0,0.04686860641837704,6.505213034913027e-19,A349N
-0.4000447258847021,867.0,698.0,0.05131189592006787,3.230589845055791e-38,A349P
-0.5127647910628219,3561.0,2661.0,0.1690574405483224,6.938893903907228e-18,A349Q
-0.21652426519846726,2925.0,2670.0,0.027612124586211248,2.640267666691075e-22,A349R
-0.1087631625946244,1859.0,1827.0,0.03364824657310103,6.6086809713734916e-186,A349S
-0.0762101358794546,1547.0,1555.0,0.03657202552611859,3.3057829032599185e-30,A349T
0.18278542770464923,2633.0,3175.0,0.027229922943558544,7.565916170495796e-32,A349V
0.04095032338727823,2520.0,2726.0,0.12376468591297303,0.0,A349W
0.08548484261606656,2340.0,2642.0,0.06637910697589827,0.0,A349Y
-3.9897472618862464,2752.0,184.0,0.07644856552806784,3.1088399667948304e-147,A349_
0.11274606723950556,3218.0,3670.0,0.0871971040501765,0.0,A357C
0.3574134749937739,3085.0,4189.0,0.02467653159802266,2.218335373342403e-101,A357D
0.15630069380497633,2203.0,2599.0,0.05101549031430539,0.0,A357E
-0.5954511018864594,3826.0,2688.0,0.1833148998912616,2.7755575615628914e-17,A357F
0.07910529118099664,2728.0,3055.0,0.043088129190595785,0.0,A357G
-0.836929974596494,3553.0,2131.0,0.12307233952031316,0.0,A357H
-0.5698215310830038,3402.0,2435.0,0.0776540019798216,3.469446951953614e-18,A357I
-2.533409307653365,1465.0,269.0,0.0667097215593527,1.2415163740455168e-76,A357K
-0.7218300437621037,4324.0,2834.0,0.286910805376435,8.326672684688674e-17,A357L
0.18459322164532144,794.0,946.0,0.2007186461284004,2.7755575615628914e-17,A357M
0.26091369868487296,1998.0,2541.0,0.03067879569372056,4.2111147078318336e-26,A357N
-3.9812756058842953,3067.0,220.0,0.34533647408751594,0.0,A357P
-0.30261007295241477,3924.0,3353.0,0.08814634137178398,0.0,A357Q
-1.125747673605512,2825.0,1379.0,0.06952068241350648,0.0,A357R
0.0057633709350290415,2496.0,2657.0,0.02869392557876947,1.0769849966276539e-144,A357S
-0.13619387012965103,1958.0,1890.0,0.03340436008057388,1.557624667206415e-07,A357T
0.017919238793123647,1407.0,1516.0,0.04936421279808216,0.0,A357V
0.1723029061997414,3057.0,3661.0,0.029220092658729813,2.4627652348008233e-16,A357W
0.10142000816705478,2855.0,3253.0,0.026536512901735535,3.618562453019525e-70,A357Y
-4.613515820892539,2624.0,117.0,0.24103918534225094,0.0,A357_
0.3353140099877925,3562.0,4802.0,0.08280791975249314,1.734723475976807e-18,A362C
-3.4377106778621753,3411.0,331.0,0.1512626638755617,6.938893903907228e-18,A362D
-3.8037453197370255,3341.0,256.0,0.11376070323383022,3.469446951953614e-18,A362E
-1.8389811143784909,1218.0,365.0,0.10169269777782722,1.0408340855860843e-17,A362F
0.19539256092348944,2355.0,2848.0,0.06926056586036174,1.734723475976807e-18,A362G
-2.981977712657302,3182.0,430.0,0.08411300862086248,0.0,A362H
-3.1164350779363477,2603.0,325.0,0.1782143583119067,0.0,A362I
-4.170355977493458,3048.0,178.0,0.1522318285941648,0.0,A362K
-1.1232612266673636,2600.0,1266.0,0.034938782162254094,9.332645161327495e-35,A362L
-0.04534095471886816,2099.0,2160.0,0.031398967394377385,5.726106257275911e-142,A362M
-1.2722144375125446,1570.0,691.0,0.04860831323954509,3.335939335478901e-09,A362N
0.14823579862939826,2940.0,3459.0,0.025986860893284457,2.9399652963546164e-65,A362P
-2.272574057869106,3549.0,779.0,0.040142580484702275,1.3201843429549575e-17,A362Q
-3.942494749172527,3793.0,260.0,0.11558893567104177,0.0,A362R
0.05503712926471954,2403.0,2634.0,0.08155924807114263,3.469446951953614e-18,A362S
0.06645920032706976,3941.0,4378.0,0.06760895335162047,0.0,A362T
-1.2291555232893692,2380.0,1081.0,0.05914188090344155,2.6020852139652106e-18,A362V
-4.288593272473937,1760.0,95.0,0.14314668294042993,0.0,A362W
-3.95219003929582,1390.0,94.0,0.31805672504757826,0.0,A362Y
-4.278024056339539,1909.0,104.0,0.10091061117116337,2.8812559959870693e-12,A362_
0.03807760209045196,3832.0,4173.0,0.023386980839933562,1.2375688506747186e-21,A368C
-0.1384142870383313,1853.0,1783.0,0.03397048457777762,2.2371407863920378e-07,A368D
0.11224316403353131,2016.0,2314.0,0.031227453056082866,2.4884243798913313e-73,A368E
0.23078187536488776,4117.0,5127.0,0.04540379019628075,4.336808689942018e-19,A368F
0.1923075591222071,1373.0,1647.0,0.19218070023090283,1.3877787807814457e-17,A368G
0.19209530127464844,2764.0,3339.0,0.057601870550331176,1.734723475976807e-18,A368H
-0.01798846600641686,2128.0,2232.0,0.03313502742186213,1.2800707482928456e-10,A368I
0.2612097709278694,691.0,880.0,0.05490555987203073,2.3222245198843694e-10,A368K
0.014263727733501258,4723.0,5055.0,0.02134326170354831,3.3353903330651184e-288,A368L
-0.3513579809681903,3157.0,2620.0,0.02729103436277923,5.619456696976155e-308,A368M
0.13066186645192182,2547.0,2957.0,0.027873978383227443,2.2401682323279494e-68,A368N
-0.5333661017993723,3425.0,2528.0,0.09296095962284372,0.0,A368P
1.6875524927710626,4049.0,13782.0,0.019120689415007688,1.8251870150289036e-14,A368Q
-3.9428159948562773,2020.0,146.0,0.3178247526100493,1.6653345369377348e-16,A368R
0.2401016484765681,3009.0,3790.0,0.05595184394180024,0.0,A368S
0.20796551479678824,3038.0,3718.0,0.02689400880728691,2.225787903325279e-10,A368T
-0.04469183872012408,2225.0,2290.0,0.03324908679873959,4.557148929051902e-12,A368V
0.10893437204394496,2436.0,2783.0,0.028566205735467556,7.170789856017302e-66,A368W
0.012873746995478327,1946.0,2084.0,0.032258880081802443,2.8146129864574726e-124,A368Y
-3.684572692615728,2629.0,216.0,0.0711327550985417,4.986486899236867e-10,A368_
-0.4563886228409814,3310.0,2567.0,0.11996440180617093,6.938893903907228e-18,A381C
-0.05233013992693401,1345.0,1383.0,0.11182589058807411,0.0,A381D
0.023320969145280354,2669.0,2864.0,0.06804391014834103,0.0,A381E
0.5733027295832331,1586.0,2562.0,0.1806550098273034,1.3877787807814457e-17,A381F
0.05980458414988687,2364.0,2619.0,0.029184141826771832,2.9762892835937383e-49,A381G
-0.045418259040230814,1513.0,1562.0,0.05086265398421632,8.673617379884035e-19,A381H
0.1647072877661598,1342.0,1591.0,0.0716787671898445,0.0,A381I
-0.006559014663426404,853.0,898.0,0.06418177609888333,4.336808689942018e-19,A381K
0.11436969773556899,2615.0,2991.0,0.06444293261689751,1.734723475976807e-18,A381L
0.03336881442740434,2389.0,2590.0,0.029174842529821398,0.0,A381M
0.02361086090361938,2718.0,2931.0,0.02748587809395645,4.953269143484826e-287,A381N
0.049326632975960884,4322.0,4745.0,0.022098832839191184,3.496847847281327e-23,A381P
0.08639486402956918,1920.0,2146.0,0.11328906040915275,0.0,A381Q
-0.11483252270623577,2725.0,2664.0,0.028087481383213864,1.2049870583573661e-120,A381R
0.004763921355085542,2145.0,2302.0,0.11866670368579481,0.0,A381S
-0.059354316236347966,3884.0,3950.0,0.02741603922345578,2.3093506273941244e-17,A381T
0.03886383992824243,2287.0,2474.0,0.10648034560125998,0.0,A381V
0.09012723944291452,1848.0,2082.0,0.0326921658205689,6.622410753292056e-43,A381W
0.2419785902044771,1731.0,2165.0,0.03295937620556133,1.9908766243823033e-188,A381Y
0.025296872517328386,3867.0,4177.0,0.023322345065559476,5.035946550250575e-38,A381_
-0.01830948752261216,855.0,901.0,0.11268898792148598,3.469446951953614e-18,A45C
-1.6704580491550842,1713.0,570.0,0.04885255631047554,1.567877841383836e-92,A45D
-4.186609096518266,1154.0,67.0,0.12583430493844344,3.21438666974656e-93,A45E
0.03057839816457145,1161.0,1261.0,0.0843323495185717,0.0,A45F
0.18680251907505577,2076.0,2487.0,0.11543306449357932,0.0,A45G
-3.072930383044707,698.0,95.0,0.4852984117977592,1.6653345369377348e-16,A45H
-2.6458209742747396,2094.0,355.0,0.05779526537357423,4.496695994395218e-14,A45I
-4.150757237175246,2224.0,132.0,0.12796370885069772,6.938893903907228e-18,A45K
-0.8526489323953627,815.0,477.0,0.05805411159426038,3.429517155776518e-34,A45L
-0.017654070606509756,1090.0,1141.0,0.04290689488252358,2.337265942982934e-105,A45M
-2.019392884469615,1576.0,413.0,0.05573254928191806,5.843807765842259e-35,A45N
-4.100386547794216,3431.0,212.0,0.07111360645563289,1.4711323619266265e-18,A45P
-2.128298901204767,3982.0,961.0,0.03659174655095018,1.1083571882785811e-14,A45Q
-4.545906922819698,1696.0,77.0,0.11670286528326433,4.40011852669559e-82,A45R
0.03296876443166182,1892.0,2055.0,0.032582028798186474,3.2629902499029272e-80,A45S
0.002938835682327228,1252.0,1332.0,0.039981020884859816,4.152534903013621e-13,A45T
-1.6636750135145237,2234.0,746.0,0.05063308995730941,4.336808689942018e-18,A45V
-3.6960049076351815,2589.0,222.0,0.2852841553462349,5.551115123125783e-17,A45W
-4.076674431153057,1979.0,123.0,0.20112720670192621,1.3877787807814457e-17,A45Y
-4.169510103897271,1218.0,71.0,0.27498302245485035,0.0,A45_
-0.10353355512511765,2104.0,2073.0,0.031699024062277106,2.333526445287457e-52,A46C
0.04054294114257801,757.0,831.0,0.15805873760034866,1.3877787807814457e-17,A46D
0.06912458083011913,1201.0,1329.0,0.09014342492351002,1.734723475976807e-18,A46E
-0.04695034421786383,867.0,900.0,0.08497161021388414,0.0,A46F
0.19257432823503903,1640.0,1969.0,0.1406089082337899,0.0,A46G
-0.2305262921230376,1761.0,1615.0,0.11049075084258823,0.0,A46H
0.10406284320871027,1365.0,1560.0,0.06263082439373678,0.0,A46I
-1.3871843290536021,2133.0,874.0,0.08801893452632285,0.0,A46K
0.2126976689438752,837.0,1029.0,0.04706972042484048,6.566401792876836e-98,A46L
-0.34029743848466154,1365.0,1143.0,0.04069575707153688,8.908588416684734e-38,A46M
-0.023264389278777334,705.0,737.0,0.05357260836559028,5.401410693350785e-07,A46N
-0.06255030800660961,1340.0,1375.0,0.11455542622781567,0.0,A46P
-0.15738172010587226,1808.0,1714.0,0.034407099000488224,2.3192440605472368e-92,A46Q
-3.874998228225415,2946.0,213.0,0.07127524041642888,1.033207821037226e-83,A46R
0.03451753901286069,2340.0,2539.0,0.029456868202836776,0.0,A46S
-0.03898873106773663,262.0,269.0,0.2743151661399018,2.7755575615628914e-17,A46T
0.08128324675596839,2199.0,2464.0,0.03787164099827745,0.0,A46V
-0.22606081019755359,2474.0,2264.0,0.05421350777392317,0.0,A46W
-0.3631046223874887,1416.0,1163.0,0.08119330414001323,3.469446951953614e-18,A46Y
-3.5362303825783594,669.0,61.0,0.13395565618885183,3.318011542721481e-83,A46_
-0.02570571332076335,1025.0,1062.0,0.055580244748802854,4.336808689942018e-19,A48C
-3.4826299586885385,653.0,62.0,0.1331617814575046,2.2065510168248662e-17,A48D
-1.2258884829502668,1246.0,565.0,0.05121472250578465,4.600118652643216e-34,A48E
-0.1848104775198852,931.0,866.0,0.04772249831518213,6.449213651830235e-193,A48F
0.025185982065336343,1081.0,1151.0,0.1869478991303947,1.3877787807814457e-17,A48G
-0.7696334073539023,6534.0,4090.0,0.19645952104564537,1.3877787807814457e-17,A48H
-4.447515989728181,2251.0,108.0,0.23857160636188993,0.0,A48I
-4.3876546926642614,1480.0,75.0,0.11854050835326757,1.0900432015007359e-82,A48K
-3.8283629689669203,711.0,55.0,0.29611477786295176,2.7755575615628914e-17,A48L
-0.05744155778229012,1581.0,1612.0,0.036056986351395405,3.1084254895243535e-146,A48M
0.2815774094686845,872.0,1126.0,0.06462057464046528,0.0,A48N
-4.067615726395773,2617.0,169.0,0.19209379622419337,0.0,A48P
-0.19674317807638733,1067.0,991.0,0.05683357076162022,0.0,A48Q
-4.430988382410652,1092.0,55.0,0.2647132529590451,0.0,A48R
0.0047345648521118335,2272.0,2416.0,0.030019338497938877,1.4233146690274002e-21,A48S
-3.9295100149222657,1578.0,110.0,0.09885209140098551,1.9171248294875517e-289,A48T
-3.7707757932574735,1016.0,79.0,0.1403045921697581,1.734723475976807e-18,A48V
-3.5879055249626157,1374.0,125.0,0.23011400359340137,0.0,A48W
0.1544036912622652,2218.0,2623.0,0.05616411219081328,8.673617379884035e-19,A48Y
-3.9261465677956995,1866.0,129.0,0.2419784864981858,0.0,A48_
0.14377521127741916,2164.0,2529.0,0.06043666251108275,1.734723475976807e-18,A62C
-3.878608908552013,1765.0,131.0,0.20587057931929245,0.0,A62D
-3.740222282563738,1186.0,94.0,0.10736240097610388,7.614412622029397e-118,A62E
-1.942682991651211,893.0,252.0,0.16789772420082646,0.0,A62F
-0.1235336423279562,2523.0,2472.0,0.0920866595344021,0.0,A62G
-2.4585321507842575,1110.0,225.0,0.2882870022543241,5.551115123125783e-17,A62H
-0.8073890904562411,978.0,592.0,0.07816635874281189,0.0,A62I
-4.425667943133525,1025.0,50.0,0.26873320476269635,1.3877787807814457e-17,A62K
-2.114810486954054,108.0,28.0,0.42150789526378596,1.1102230246251565e-16,A62L
-1.0817135381254823,142.0,71.0,0.14575086181844046,8.328313100381784e-53,A62M
-0.11380999472540589,2194.0,2125.0,0.1811419629143047,0.0,A62N
-3.516544665749105,1801.0,167.0,0.08117769503687224,2.5779532736357796e-138,A62P
-3.0238908989918243,1579.0,214.0,0.23783339087211244,0.0,A62Q
-4.312187562068943,1233.0,67.0,0.2221787369826037,4.163336342344337e-17,A62R
-0.15503006622445978,1250.0,1189.0,0.05486793076458898,0.0,A62S
0.23881234643464747,127.0,159.0,0.13743918857043042,3.472916398905568e-15,A62T
0.11607621974826307,1783.0,2046.0,0.03310949477232867,3.3323940765425335e-141,A62V
-3.3268053178282253,701.0,74.0,0.12243631028610168,7.050817933044457e-173,A62W
-0.3852983810488195,839.0,675.0,0.15032553963347453,6.938893903907228e-18,A62Y
-4.217224736718309,1051.0,60.0,0.13288758236816378,1.5288441601357965e-82,A62_
-0.18133542234620761,1721.0,1609.0,0.035353125967338805,2.5223270176859626e-110,A86C
-0.19022632976742773,1162.0,1075.0,0.09242927612699162,0.0,A86D
-0.38213289596881966,1204.0,984.0,0.07668754624406895,0.0,A86E
-0.15857025243147288,1354.0,1297.0,0.07254906250151302,8.673617379884035e-19,A86F
-0.3809619698765415,1068.0,872.0,0.046203815695151806,8.280464689041077e-08,A86G
-0.31776364224583525,969.0,821.0,0.04795932643112103,4.4180215895364066e-51,A86H
-0.19585262505671278,1213.0,1126.0,0.041952578310479424,1.533462260198873e-233,A86I
-0.04106811379619639,870.0,895.0,0.06760350358966742,0.0,A86K
-0.5067987999151221,1242.0,920.0,0.12272483369641776,0.0,A86L
0.03247189644378625,593.0,645.0,0.1036805839388294,5.204170427930421e-18,A86M
0.051171567157442824,1191.0,1336.0,0.20281893772077716,0.0,A86N
-0.20996117722541036,1175.0,1070.0,0.10874428810549192,0.0,A86P
-0.3338351182237874,562.0,475.0,0.15401152855983924,6.938893903907228e-18,A86Q
-0.3631618653880173,1720.0,1421.0,0.036490578731421586,1.7429347119148494e-40,A86R
-0.11990728817716541,589.0,578.0,0.07091846928031353,8.673617379884035e-19,A86S
-0.3589584995374628,1385.0,1161.0,0.1205328760079654,0.0,A86T
0.04106664281505742,588.0,638.0,0.11027527347563526,0.0,A86V
0.01782767794556054,621.0,656.0,0.19730035960782605,1.3877787807814457e-17,A86W
-1.021866266124753,2166.0,1135.0,0.2787967730800862,5.551115123125783e-17,A86Y
-4.3601626113466185,1425.0,73.0,0.16274763532164876,1.0408340855860843e-17,A86_
-0.016480599087465093,1640.0,1723.0,0.043171995520971784,0.0,C72A
-0.23153713460809022,1320.0,1203.0,0.091672905941299,0.0,C72D
-0.08301699120301495,1074.0,1074.0,0.0729779335819553,4.336808689942018e-18,C72E
0.005730055324004828,437.0,467.0,0.06695401533686933,2.4911387894233896e-109,C72F
-0.16769840975377778,1998.0,1887.0,0.060132203663478184,0.0,C72G
-0.25791217586425563,3214.0,2891.0,0.1085698274791007,0.0,C72H
0.1605778906324371,1714.0,2035.0,0.05160072631081744,0.0,C72I
0.22868826121912572,130.0,158.0,0.3217287896893987,5.551115123125783e-17,C72K
0.2782145638010344,1792.0,2306.0,0.032230024632077074,3.0694683578142265e-66,C72L
0.10947501543161235,2040.0,2331.0,0.031072070651324026,7.00073770309769e-56,C72M
-0.19940031999795224,1488.0,1366.0,0.10472548711913084,1.0408340855860843e-17,C72N
-1.031699530330259,1107.0,575.0,0.06896263101133411,0.0,C72P
-0.47414683838114036,1319.0,1003.0,0.04786329917220463,1.4015481483720116e-14,C72Q
-0.4309923749991312,1479.0,1166.0,0.042931154285408134,3.4445769045259034e-11,C72R
-0.17523828181356715,920.0,868.0,0.04794612620225415,3.6413988418796157e-07,C72S
-0.052673311210093436,595.0,618.0,0.2275194455579101,0.0,C72T
-0.01146392318406735,1299.0,1376.0,0.11739572226696716,0.0,C72V
-0.08672045571367844,1074.0,1072.0,0.04372079562042607,9.66990158106029e-202,C72W
0.10156910391761735,1997.0,2260.0,0.08556400386035902,0.0,C72Y
-4.138873100726417,3165.0,189.0,0.14834679601146766,6.938893903907228e-18,C72_
-0.2216930915490224,1778.0,1609.0,0.06138556196134807,3.469446951953614e-18,D118A
0.020595258600501074,1404.0,1517.0,0.03766300017059897,4.545699497973935e-133,D118C
-0.02218092374511085,1086.0,1133.0,0.043035577874846756,4.88054755857589e-73,D118E
-0.08240331398014018,935.0,940.0,0.04671969873263039,7.724545182090752e-74,D118F
-0.6170679843686036,1642.0,1125.0,0.1501915038668636,1.3877787807814457e-17,D118G
-0.09283245418985159,1500.0,1488.0,0.037220246991402486,1.3576853292393936e-65,D118H
-0.17425398658568658,1165.0,1090.0,0.08582393845689817,0.0,D118I
0.1634844068519377,790.0,946.0,0.08928492515114768,0.0,D118K
-0.11964653608926668,1917.0,1873.0,0.033192366363307683,9.08643129273123e-21,D118L
-0.34590373721081574,831.0,691.0,0.05374761927086272,3.1898779351237014e-08,D118M
-1.20846129744523,2536.0,1167.0,0.19917560766899067,4.163336342344337e-17,D118N
-1.8433299868202062,1298.0,388.0,0.1179079514535791,3.469446951953614e-18,D118P
0.04873934990876764,1075.0,1167.0,0.15691629450887487,0.0,D118Q
-0.06021801573885374,1493.0,1528.0,0.061379636080992526,2.6020852139652106e-18,D118R
-0.386702850200892,892.0,725.0,0.05049921629429813,1.3077823517220978e-88,D118S
-0.4990074620553392,990.0,744.0,0.048998849046912714,2.1419141327843202e-33,D118T
-0.2104673075696177,1054.0,966.0,0.045082832920246514,6.970687508898513e-122,D118V
-0.5080496801686685,1486.0,1110.0,0.04028141450393495,1.7613919564974555e-26,D118W
-0.04530221653415092,684.0,705.0,0.054135902636703634,1.0046085570463719e-107,D118Y
-4.265520841817644,1315.0,81.0,0.5345559266114731,0.0,D118_
0.18415069772602266,551.0,659.0,0.13152471271015903,3.469446951953614e-18,D179A
0.03232644104358976,685.0,744.0,0.053446766067633544,2.0166859273290872e-19,D179C
-0.20159924712936664,1130.0,1043.0,0.05263958112803546,0.0,D179E
-0.36759634175419886,1035.0,845.0,0.11372619165603795,0.0,D179F
-0.13491175627382312,1162.0,1128.0,0.06000129826908667,0.0,D179G
0.025504030274643614,1214.0,1322.0,0.09217893654742433,1.734723475976807e-18,D179H
-0.39569048667495554,939.0,758.0,0.05091019893470516,4.3846540170183485e-08,D179I
-0.18687796106930293,1881.0,1758.0,0.0539792559118137,8.673617379884035e-19,D179K
-0.506324817278637,1877.0,1406.0,0.04556214948157923,0.0,D179L
-0.4357579991630037,880.0,686.0,0.0989060138747574,0.0,D179M
0.03944144495818648,1928.0,2103.0,0.03226233358437531,1.887980815907657e-270,D179N
0.22373511501773322,1908.0,2350.0,0.07887379386043766,0.0,D179P
0.0540122332768097,2285.0,2512.0,0.029738222966740755,1.274522459646396e-07,D179Q
-0.14729104651627356,1501.0,1439.0,0.03754409243587529,1.6733251036288586e-17,D179R
-0.23677492718336118,2354.0,2103.0,0.11298160517200864,0.0,D179S
-0.05832251400838908,1801.0,1846.0,0.06281546526995589,0.0,D179T
0.015287321880482952,1834.0,1968.0,0.06840014721617814,2.6020852139652106e-18,D179V
-0.1588857690961434,1691.0,1607.0,0.03551935857910752,4.761642563983002e-20,D179W
-0.09854695848613776,1724.0,1707.0,0.03482310328984008,4.158727642915767e-171,D179Y
-4.327080385467829,773.0,41.0,0.16041082284294242,1.226848393551146e-06,D179_
0.10113726535919289,1920.0,2182.0,0.03202498858697336,1.135770707211078e-106,D239A
0.15181442625604014,3127.0,3683.0,0.02525398118470739,4.8994991887224305e-45,D239C
0.021073183466770937,1831.0,1970.0,0.03316467777268049,4.60333875095551e-15,D239E
0.1924103343664586,2612.0,3147.0,0.09261352301077741,0.0,D239F
0.05951848226193857,1546.0,1704.0,0.03578500516441535,8.63557585093168e-155,D239G
0.10359171122758794,2999.0,3401.0,0.08012127994849082,6.938893903907228e-18,D239H
0.18531204967756132,2466.0,2962.0,0.07236164401959336,3.469446951953614e-18,D239I
-0.6018491977280718,3942.0,2762.0,0.07308805608833972,0.0,D239K
0.1809699837233374,1643.0,1966.0,0.035932832618141224,9.333806105945273e-10,D239L
-0.38096388170841355,4060.0,3296.0,0.05836042456293275,0.0,D239M
0.12863098358355812,2512.0,2917.0,0.02806496752162825,5.649840696069581e-48,D239N
0.17853561010879007,2525.0,3020.0,0.06631908533017072,0.0,D239P
-0.1106266398737128,2616.0,2572.0,0.02858788547743077,5.2963571329429114e-67,D239Q
-0.5814963360244432,2303.0,1634.0,0.03305435595598468,1.4343483892011842e-64,D239R
0.10767657751517896,1544.0,1755.0,0.08828475924696794,5.204170427930421e-18,D239S
-0.3973011245331827,3118.0,2500.0,0.02769963007205679,3.7223225341074464e-178,D239T
0.09865236542565678,2831.0,3206.0,0.06563090892334741,0.0,D239V
-0.18187476700132962,889.0,833.0,0.05240963545209837,1.0173413424619665e-10,D239W
0.13795436902313368,1240.0,1442.0,0.06395796155710944,8.673617379884035e-19,D239Y
-4.011892437266066,3405.0,224.0,0.06932475948543726,6.094581351335776e-52,D239_
-0.12282416080849773,2248.0,2194.0,0.0307870798287119,5.1112368481444735e-26,D260A
-0.21931645599142877,2626.0,2392.0,0.030140971739434357,8.216503855415632e-09,D260C
-0.07700113959923274,2209.0,2221.0,0.05561373115877294,0.0,D260E
0.14803187647986393,1494.0,1747.0,0.07635647098460761,0.0,D260F
0.07266502727870769,1586.0,1772.0,0.03522992007222024,8.175972655915989e-27,D260G
0.10765034834089575,1858.0,2124.0,0.038038117197650774,1.2034644114589099e-17,D260H
-0.1305447268874931,1788.0,1731.0,0.03441406100676068,4.102712988069937e-74,D260I
0.33400197845351937,1868.0,2490.0,0.033707187541683066,2.9225226568212886e-11,D260K
-0.0021359689742287483,1376.0,1459.0,0.04141109975349808,1.519347885350908e-11,D260L
-0.11355829322768651,2811.0,2757.0,0.027651374888459732,3.08863906277282e-61,D260M
0.1288426581005868,1950.0,2264.0,0.03165205269977128,7.877086061589173e-22,D260N
-0.051446898841546,2087.0,2168.0,0.1233495137502901,0.0,D260P
0.08332071459146377,2314.0,2602.0,0.02937025684274581,2.785461668828282e-38,D260Q
0.1740967685318842,3127.0,3732.0,0.030045777572879937,0.0,D260R
0.030701704542009437,2568.0,2785.0,0.02820291992973311,1.2739263180712576e-14,D260S
-0.07630383955877175,1157.0,1175.0,0.10380848962240398,0.0,D260T
-0.07195260599923455,1338.0,1345.0,0.08484908851746206,0.0,D260V
-0.39139220974741656,3679.0,2981.0,0.059754390574578424,8.673617379884035e-19,D260W
-0.051594717581202786,2277.0,2322.0,0.05101841839854155,4.336808689942018e-19,D260Y
-4.177651192853205,2000.0,116.0,0.2152086801001943,0.0,D260_
0.13196482386025885,1572.0,1825.0,0.05262185934569851,4.336808689942018e-19,D290A
0.11868427993666046,1937.0,2214.0,0.11298434659931875,3.469446951953614e-18,D290C
-0.1046015985878265,714.0,697.0,0.20112742380798426,0.0,D290E
0.23084517993370898,2063.0,2546.0,0.1266345405632736,0.0,D290F
0.05043288451942419,2111.0,2324.0,0.05236290348399518,0.0,D290G
-0.02280664653173589,2345.0,2459.0,0.06268247909234062,0.0,D290H
0.052046880675085845,1942.0,2142.0,0.06636235125074716,1.734723475976807e-18,D290I
-0.005349506434879426,2586.0,2717.0,0.09203975447360482,0.0,D290K
0.27861612181745005,1118.0,1432.0,0.04050425508403592,2.718076392686024e-177,D290L
0.09559653251950795,5237.0,5917.0,0.04352926965690009,0.0,D290M
0.07868253864378773,2214.0,2480.0,0.030017505183743895,5.289214691449128e-37,D290N
0.23887447081907062,3055.0,3840.0,0.05154773681103632,8.673617379884035e-19,D290P
-0.018853727436366312,2621.0,2751.0,0.036080670062742286,2.168404344971009e-19,D290Q
0.1472779689653896,1712.0,2014.0,0.033581552879105706,7.997812801576584e-113,D290R
-0.009961244164949928,2048.0,2152.0,0.06286617327381352,3.469446951953614e-18,D290S
-0.01978572355258262,2995.0,3130.0,0.026451240337619787,0.0,D290T
-0.09019626555279121,2896.0,2870.0,0.06844231906537963,0.0,D290V
0.1157288263361801,2478.0,2860.0,0.04827313150899635,0.0,D290W
0.21081539414614506,2861.0,3494.0,0.06500212955357768,0.0,D290Y
-3.4230315986569173,1404.0,138.0,0.10583089166857386,1.5612511283791264e-17,D290_
-3.909272210305561,1202.0,85.0,0.11244823829208642,1.2921414605048816e-178,D307A
-4.251097894605999,1420.0,79.0,0.11582247638404229,2.410635186954699e-42,D307C
-0.23957730474216057,1161.0,1040.0,0.06442603105858044,2.6020852139652106e-18,D307E
-4.414303968372168,2748.0,136.0,0.11205931717621521,0.0,D307F
-3.909474313808908,1776.0,125.0,0.09279756385354228,2.32953912516955e-114,D307G
-3.813591137563778,2731.0,206.0,0.07257463178952857,1.441560488793163e-217,D307H
-3.6149357199251497,2452.0,211.0,0.11360736935429622,0.0,D307I
-4.121452958020342,2804.0,171.0,0.07907067858871329,2.942238134203823e-101,D307K
-4.158499336651158,2572.0,152.0,0.08374184118746152,1.350229046072565e-17,D307L
-4.364600193359661,1580.0,81.0,0.14499479030846052,1.734723475976807e-17,D307M
-4.333517115446487,3483.0,182.0,0.12881462338761107,1.0408340855860843e-17,D307N
-3.947804448049536,2536.0,176.0,0.15455606758662027,0.0,D307P
-3.8149851432048045,1721.0,130.0,0.09124569837121826,8.528422436078e-28,D307Q
-3.991627673780221,2307.0,157.0,0.2085223235239517,5.551115123125783e-17,D307R
-4.289795635135394,1781.0,97.0,0.1044739743849949,9.342356477166657e-53,D307S
-3.7297735700257446,2517.0,201.0,0.07361540074447218,0.0,D307T
-3.6021910495084137,2723.0,237.0,0.07770337040713989,6.567663080048192e-15,D307V
-4.71608739274204,3568.0,147.0,0.3016988432896055,0.0,D307W
-4.037557276211513,1718.0,110.0,0.25684674516190303,1.3877787807814457e-17,D307Y
-4.317434107749622,2261.0,129.0,0.42330114575382133,0.0,D307_
0.05885094427214164,2075.0,2274.0,0.1211660174581394,1.0408340855860843e-17,D323A
0.24389620462590084,2328.0,2908.0,0.08701788789710138,0.0,D323C
0.20028392251864638,420.0,507.0,0.1658049862771633,1.3877787807814457e-17,D323E
0.1333698259110012,3491.0,4049.0,0.04421374546243995,0.0,D323F
0.14422968456124133,1841.0,2144.0,0.10201473233338405,0.0,D323G
-0.1625731415696453,3545.0,3351.0,0.04666989342510469,0.0,D323H
0.16344230703250992,1901.0,2263.0,0.03189899159297897,1.1962999741526125e-07,D323I
0.43390314191966606,4349.0,6243.0,0.02951196881798931,0.0,D323K
0.5617963465750291,2208.0,3481.0,0.09236779500784165,1.734723475976807e-18,D323L
0.1544422704758168,2600.0,3060.0,0.037962183786044185,4.336808689942018e-19,D323M
-0.08812035673995815,3266.0,3266.0,0.06599348432545432,0.0,D323N
-0.0959727971342552,2153.0,2139.0,0.04516219936420944,0.0,D323P
0.36416494718142955,3304.0,4504.0,0.04432933751507053,4.336808689942018e-19,D323Q
0.08280389214114468,1937.0,2167.0,0.06886286235215613,2.6020852139652106e-18,D323R
0.04377357630637657,2179.0,2397.0,0.06019922117004617,1.734723475976807e-18,D323S
-0.47521149933202356,2077.0,1574.0,0.1040289349769182,6.938893903907228e-18,D323T
0.4721906540491431,3331.0,4893.0,0.02347583376596511,4.740078042155415e-08,D323V
0.2823502608143874,2754.0,3550.0,0.0262826194778788,2.816647433548261e-24,D323W
0.22409965545202012,1605.0,1979.0,0.08075135253324119,1.734723475976807e-18,D323Y
-3.705173561703535,2963.0,239.0,0.14145695619002352,3.469446951953614e-18,D323_
0.10020941361642914,1212.0,1357.0,0.1984101395302105,4.163336342344337e-17,D32A
-0.6293534621070664,901.0,618.0,0.052724787042329066,5.860801379508785e-23,D32C
0.24757526487475723,789.0,992.0,0.0481891715202479,7.043423753380693e-34,D32E
0.20458884694049312,1163.0,1420.0,0.0926026365103938,0.0,D32F
-0.0007528736657768236,2013.0,2140.0,0.03178547634207861,9.070879606593839e-29,D32G
-0.07329027928956455,1604.0,1637.0,0.1018769990860946,0.0,D32H
0.21719627747368667,1458.0,1800.0,0.03766328521853092,2.4244556398838983e-09,D32I
0.12238461181224194,2061.0,2374.0,0.05303080897087288,1.3010426069826053e-18,D32K
0.0920940436504579,1730.0,1952.0,0.033721284921875684,1.750630349848239e-239,D32L
0.3346813476102584,576.0,764.0,0.14861745802283238,0.0,D32M
0.25812755235858675,1477.0,1874.0,0.05655873128361658,0.0,D32N
-0.015109655089426643,678.0,705.0,0.14870410010362115,6.938893903907228e-18,D32P
0.22446216553543308,1143.0,1420.0,0.04168302884221958,2.758799872855616e-08,D32Q
0.1983093135119374,1907.0,2314.0,0.04694684829343615,4.336808689942018e-19,D32R
0.0756105497097749,785.0,874.0,0.049689427903970976,6.768011116933988e-33,D32S
0.2173938993556846,1146.0,1414.0,0.040327614135199655,2.4062608805826958e-36,D32T
0.22663546879319604,1377.0,1694.0,0.1364342922036093,0.0,D32V
0.20449879787767442,2476.0,3029.0,0.027941499762721866,2.445813381841259e-47,D32W
-0.09916014406953004,2150.0,2141.0,0.0540071717253865,0.0,D32Y
-4.057834324441566,1512.0,98.0,0.20889434407880877,4.163336342344337e-17,D32_
-2.495105761158788,2427.0,467.0,0.21746559291864617,0.0,D352A
-0.9307420066730019,4008.0,2251.0,0.08849113669112808,5.204170427930421e-18,D352C
-0.1562191642331095,2195.0,2092.0,0.03131088360244674,8.487809522548617e-158,D352E
-4.274086869949387,3116.0,169.0,0.30839799236307464,0.0,D352F
0.09450694257546013,2106.0,2387.0,0.03066939700342837,1.2843951464992767e-91,D352G
-1.1474283780253194,2251.0,1077.0,0.037687368835368,2.3686627880581973e-61,D352H
-3.2705473533644756,3086.0,336.0,0.21137764849780036,0.0,D352I
-0.3748772667306874,3251.0,2659.0,0.0270219587659392,1.1495680798599117e-83,D352K
-3.858392362728192,1917.0,140.0,0.08782989556000072,2.0775384915795133e-61,D352L
-1.222034916640927,2510.0,1155.0,0.14892637626002753,2.0816681711721685e-17,D352M
-0.059682295561703055,2130.0,2170.0,0.031247205881344168,7.052501406614668e-11,D352N
-2.2440563612658666,1977.0,461.0,0.3040604422400492,5.551115123125783e-17,D352P
-0.135981906901044,2905.0,2791.0,0.05216331505904932,0.0,D352Q
-1.101935303116894,4063.0,2005.0,0.028122502702874447,2.6606338310183473e-31,D352R
-0.25373467520151677,3893.0,3462.0,0.024327761179376923,2.0650755999665219e-196,D352S
0.06969090896532006,2820.0,3125.0,0.05578570459778374,1.734723475976807e-18,D352T
-1.8723240517068422,2425.0,707.0,0.07156413593576606,2.6020852139652106e-18,D352V
-3.8397945113687397,2601.0,193.0,0.0749291194696256,3.962816202790893e-64,D352W
-4.206820231917023,2692.0,153.0,0.1918171983271584,0.0,D352Y
-4.320950315380343,3507.0,186.0,0.07555196169690448,1.832359554640105e-170,D352_
0.2705555817759233,1282.0,1626.0,0.13576135395396388,0.0,D39A
-1.743146090382854,759.0,238.0,0.19351689655523477,0.0,D39C
0.07041692921445532,1273.0,1423.0,0.0856309553750813,0.0,D39E
-0.05953216036951308,1095.0,1117.0,0.08190097321556802,0.0,D39F
0.22860270591732296,1606.0,2002.0,0.06636483714433639,0.0,D39G
-0.7225828618222144,2310.0,1494.0,0.06549671671917762,8.673617379884035e-19,D39H
-2.3250484428776073,2747.0,582.0,0.04613314625804015,1.0097013840621568e-18,D39I
-0.3512312285958145,1565.0,1302.0,0.03813264590017567,3.4540841658638436e-199,D39K
-1.969633822849361,2040.0,553.0,0.048424160663938676,8.078692382676088e-44,D39L
-0.20878171714845403,1619.0,1478.0,0.08415648974689555,0.0,D39M
0.1892895747284405,1328.0,1606.0,0.037729266477800935,1.0612728639939895e-66,D39N
-0.6911784503321131,651.0,429.0,0.16238197136253416,0.0,D39P
-0.1421071349138114,1789.0,1714.0,0.034481478722270587,4.623603838254538e-74,D39Q
-0.2571542601590926,2877.0,2552.0,0.02802833835861574,5.115778285761137e-63,D39R
0.1560030348933007,2391.0,2798.0,0.13864823561712689,0.0,D39S
-0.0505637261396452,934.0,957.0,0.07150364231814552,0.0,D39T
-1.235169529028768,1313.0,590.0,0.05904938584070944,5.637851296924623e-18,D39V
-0.8314156613049899,3004.0,1792.0,0.08260371080880202,0.0,D39W
0.026355601582412163,1276.0,1371.0,0.06476104151834336,0.0,D39Y
-4.443059738587849,1252.0,65.0,0.509788980535703,5.551115123125783e-17,D39_
-4.113193878896188,2995.0,184.0,0.0984192841005774,0.0,D63A
-4.326082621254329,2267.0,119.0,0.0942975733928457,8.833668700861816e-110,D63C
-1.4278521755347444,1774.0,714.0,0.1600526206495393,0.0,D63E
-3.992189049286709,1744.0,115.0,0.21263077531272367,0.0,D63F
-4.0519598781808055,2696.0,171.0,0.15505443869476476,0.0,D63G
-4.156954458716445,1260.0,75.0,0.11905672008306546,8.222234657156724e-153,D63H
-4.856730128177574,4919.0,182.0,0.3501088392828247,0.0,D63I
-3.8849498561071547,2024.0,144.0,0.16806802562220305,2.0816681711721685e-17,D63K
-4.0601532810501615,2223.0,141.0,0.08711785281432609,7.373441369870599e-133,D63L
-4.220123234246783,2338.0,133.0,0.09539929881775717,2.5132320322085455e-09,D63M
-4.311630839624738,1178.0,63.0,0.13773880834263713,1.4459632072423567e-08,D63N
-4.332113104157275,1617.0,85.0,0.11147128817113229,3.85430650166182e-10,D63P
-4.005906761409515,1361.0,90.0,0.10903732780064455,3.483833028988927e-35,D63Q
-4.102044778127316,2699.0,165.0,0.19569024627262602,0.0,D63R
-3.998655062018446,1756.0,117.0,0.11826928692759607,0.0,D63S
-3.7164143213271053,1599.0,129.0,0.09180561789739108,2.5020303281285495e-54,D63T
-4.877187262119361,646.0,23.0,0.2863718420374322,2.7755575615628914e-17,D63V
-4.0734945904414595,1569.0,100.0,0.15966879422775063,0.0,D63W
-4.498437562118039,1286.0,60.0,0.163956460241841,0.0,D63Y
-4.032600671900076,3691.0,244.0,0.18494286924527373,0.0,D63_
-0.1958293073117218,1507.0,1393.0,0.07327886246633851,0.0,E152A
0.11766443193902963,785.0,892.0,0.17677908326704242,0.0,E152C
-0.436411598215831,1469.0,1150.0,0.03997005024781729,2.2950637873647688e-281,E152D
-0.21000550678860094,2046.0,1867.0,0.08791229570974829,3.469446951953614e-18,E152F
-0.03984303415473446,951.0,984.0,0.10252746957891883,0.0,E152G
-0.16632270922396736,1101.0,1046.0,0.08927562303708172,0.0,E152H
0.10391723674368525,1327.0,1502.0,0.11110831613467893,0.0,E152I
-0.035473785788652894,939.0,973.0,0.04629343654559941,1.5752397949883826e-20,E152K
-0.05140588474492043,1297.0,1330.0,0.039644224836064806,1.33201548835457e-21,E152L
-0.17074675784159066,1038.0,978.0,0.045082924175291215,1.5031495181678688e-30,E152M
-0.27447408478644053,750.0,652.0,0.13707538570178404,1.3877787807814457e-17,E152N
0.06166757211862614,756.0,833.0,0.08760194053371245,0.0,E152P
0.009513301331852773,981.0,1045.0,0.04498719161289173,5.356906440829318e-145,E152Q
-0.3277590716435458,2306.0,1945.0,0.05274946086796319,8.673617379884035e-19,E152R
-0.1994873918090719,975.0,899.0,0.046763128618025,3.402959098204899e-119,E152S
-0.11419896823114897,1597.0,1568.0,0.036208774530651466,2.0419095609684903e-245,E152T
-0.4628416573891832,948.0,724.0,0.1314702626856478,0.0,E152V
0.14444174549390176,2174.0,2539.0,0.05656522167845225,0.0,E152W
-0.17682321346787896,845.0,790.0,0.04998282905969713,1.637770614189764e-171,E152Y
-3.8564758254938414,2168.0,159.0,0.0824395592701436,1.4940760916435278e-81,E152_
0.23750489281615497,1020.0,1273.0,0.052439032016146164,2.168404344971009e-19,E192A
0.09730033097502784,1999.0,2253.0,0.10264111735361837,0.0,E192C
0.14321853165102824,3034.0,3535.0,0.08591517162320594,0.0,E192D
0.19080810074439175,1813.0,2182.0,0.0921699621238138,3.469446951953614e-18,E192F
-0.02109166848789752,900.0,937.0,0.06370005966201801,0.0,E192G
-0.0888142527565115,1304.0,1301.0,0.039773700451012375,1.2759407972643006e-29,E192H
0.07607539279905273,1846.0,2058.0,0.03276893591043831,1.514212308914083e-14,E192I
0.22448576015929944,232.0,292.0,0.17746031155473388,0.0,E192K
0.10403105550228875,1747.0,1981.0,0.08030326942276181,3.469446951953614e-18,E192L
0.3195485252362183,1376.0,1823.0,0.036374435386397945,2.912530722674508e-41,E192M
0.17660956717967252,2746.0,3282.0,0.04963988207852793,0.0,E192N
0.02204123467918143,2422.0,2614.0,0.029033828110362384,9.177871830409775e-08,E192P
-0.08073549739465166,2049.0,2058.0,0.03194158722351806,2.0791354012406303e-52,E192Q
-0.6919202167567923,3106.0,2058.0,0.14141588915944475,0.0,E192R
0.012892390252050192,765.0,817.0,0.0683212765544719,8.673617379884035e-19,E192S
-0.232460481202059,2134.0,1920.0,0.03617181841580325,1.4316347586584843e-14,E192T
0.1953304883362889,914.0,1113.0,0.050009345760131795,6.277993533018722e-13,E192V
0.2084679617226615,2267.0,2766.0,0.0719419275720691,1.734723475976807e-18,E192W
0.10878341441934986,1903.0,2169.0,0.06579644640782778,0.0,E192Y
-4.274264998846038,1677.0,96.0,0.3602723460267734,0.0,E192_
-4.269292924061125,1486.0,81.0,0.17901093591132225,0.0,E222A
-4.411623689551313,1884.0,97.0,0.2535504463391195,0.0,E222C
0.07367334495129191,1379.0,1539.0,0.03771137334251955,3.7657888170683817e-299,E222D
-4.257113107803141,2575.0,143.0,0.0861811438964601,1.3280157509192442e-141,E222F
-4.079321961693443,2327.0,146.0,0.09783759740308703,2.7744299913035064e-14,E222G
-3.883805392024893,2343.0,171.0,0.16245907718678088,1.3877787807814457e-17,E222H
-4.229264609846826,2024.0,115.0,0.09609659461728025,6.471400370487442e-59,E222I
-3.7573626220462293,1829.0,147.0,0.19179018506340095,6.938893903907228e-18,E222K
-4.316784299434084,1904.0,101.0,0.10233870007385262,2.252020579995948e-150,E222L
-4.263988625135614,1984.0,113.0,0.24696670489962022,6.938893903907228e-17,E222M
-3.7094817200635686,2173.0,176.0,0.07867953977661002,1.3067846892290597e-86,E222N
-4.310916006076033,2286.0,122.0,0.09316045522433895,2.75704461661875e-60,E222P
-4.590513280266902,2032.0,104.0,0.6246877011383671,0.0,E222Q
-4.2823625826823655,2434.0,138.0,0.3122871960092366,5.551115123125783e-17,E222R
-4.300516725471651,2043.0,110.0,0.09811499557798842,0.0,E222S
-4.225222165537477,1842.0,104.0,0.10302418181518849,1.006132385712971e-06,E222T
-3.454420778037863,1246.0,120.0,0.09583586943333836,1.0191149087018013e-190,E222V
-3.897116099636898,2220.0,158.0,0.08261773230721157,2.8874847602609794e-137,E222W
-3.004022582747947,2719.0,359.0,0.0565809856912966,2.8842798365201316e-56,E222Y
-4.223832676790458,1479.0,84.0,0.11235581726375107,1.1166297129809326e-42,E222_
0.07529814570167087,2415.0,2688.0,0.05947574844851853,2.6020852139652106e-18,E268A
0.03834556912006696,1647.0,1785.0,0.07651119285313415,3.469446951953614e-18,E268C
-0.23438118091208357,1595.0,1436.0,0.051652116313413876,0.0,E268D
-0.07129061955889217,1616.0,1632.0,0.035760204482652866,2.691418230121435e-139,E268F
0.3700962639862989,780.0,1059.0,0.14518410952852867,0.0,E268G
0.1653906815176792,2613.0,3098.0,0.033764513867634564,1.0842021724855044e-19,E268H
0.02686910257700935,2158.0,2334.0,0.08770588897584414,8.673617379884035e-18,E268I
0.2823938108405288,1097.0,1411.0,0.07076312931712411,0.0,E268K
0.08843606270337126,1554.0,1750.0,0.04356462560101887,0.0,E268L
0.13548986333640237,2057.0,2400.0,0.030811873086019927,1.0831291214683476e-233,E268M
0.028739835132301463,2251.0,2439.0,0.030010694113101356,4.747065246530713e-116,E268N
0.17063113685056655,2671.0,3187.0,0.02710654557698296,2.816268488771273e-54,E268P
0.14518091103560263,1879.0,2217.0,0.0398495127446497,0.0,E268Q
0.17621995392587478,2790.0,3346.0,0.026523892336364922,4.062327513816636e-169,E268R
0.017009438083291688,1855.0,1994.0,0.03297686622071752,4.86307938315319e-191,E268S
-0.00589588898695449,1761.0,1865.0,0.05801104679250284,1.734723475976807e-18,E268T
0.10308699639220212,2222.0,2526.0,0.03760899330272266,0.0,E268V
0.08139747286324185,1874.0,2106.0,0.03249366949156175,1.3286824440311362e-30,E268W
0.21284692456273954,2374.0,2929.0,0.02844501273155518,5.695348555525991e-204,E268Y
-4.093417729115262,2355.0,146.0,0.08555042025899105,8.959820930359983e-38,E268_
0.17979974948139912,2006.0,2416.0,0.030965388835198997,9.9417633234902e-103,E356A
0.21715788913924297,3330.0,4088.0,0.050204329674262305,1.734723475976807e-18,E356C
0.11534965065733893,2498.0,2890.0,0.08984811040058802,0.0,E356D
0.1774911258646414,2839.0,3404.0,0.026308601254742273,1.9496196362019135e-93,E356F
-0.17247425061376143,2547.0,2403.0,0.10545587002457109,0.0,E356G
0.17381839835071364,2664.0,3200.0,0.04251097208065947,0.0,E356H
0.23952807160385994,2077.0,2596.0,0.03724381654619213,3.2526065174565133e-19,E356I
0.1547494311858719,2419.0,2855.0,0.028459378295475565,9.8505224710584e-116,E356K
0.16108192401685437,4139.0,4866.0,0.12345297619549786,0.0,E356L
-0.0975697116755539,3259.0,3234.0,0.025733538391339354,5.532012561553634e-119,E356M
0.1255391606485481,2021.0,2326.0,0.08907232632907067,0.0,E356N
1.4292602633613916,4983.0,14208.0,0.021759803219012924,0.0,E356P
0.10762038353827298,1961.0,2248.0,0.04178486393057937,0.0,E356Q
-0.0059795729094481815,3354.0,3555.0,0.055509122192412975,1.734723475976807e-18,E356R
0.22208369649383553,2644.0,3259.0,0.05437847900469825,8.673617379884035e-19,E356S
0.19642077192794583,3171.0,3855.0,0.024917611713843626,4.990189957688342e-155,E356T
0.20943894314537845,1765.0,2159.0,0.03896532395100649,5.421010862427522e-19,E356V
0.1980836412543052,2640.0,3217.0,0.0271234609554112,4.942907025791278e-30,E356W
0.1577488916172247,1992.0,2348.0,0.07700934022259508,1.734723475976807e-18,E356Y
-4.142685460194642,1815.0,109.0,0.09885729353816719,6.542817064422887e-150,E356_
0.15401525830222482,2121.0,2523.0,0.09793887061465084,3.469446951953614e-18,E376A
0.10518920574894056,2274.0,2591.0,0.029533770419645604,9.5663136314139e-267,E376C
-0.13044346827878558,3667.0,3563.0,0.03997132423535126,0.0,E376D
-0.07001747628741041,1298.0,1312.0,0.039745390329863246,4.7499666915200885e-144,E376F
0.16366903230293475,1404.0,1660.0,0.07070570052557303,8.673617379884035e-19,E376G
0.06164806710803478,1611.0,1780.0,0.035053882294446274,1.0526947091326144e-20,E376H
-0.0465689995863011,2721.0,2800.0,0.07165202762780165,1.734723475976807e-18,E376I
0.23676016979194556,2716.0,3386.0,0.0509838763199565,0.0,E376K
-0.6714400783971946,3227.0,2144.0,0.02868394537672377,1.803900430905241e-220,E376L
0.10985098916951393,3639.0,4188.0,0.08847255209233677,5.204170427930421e-18,E376M
0.016685583109343493,2603.0,2789.0,0.030665150630198673,2.078270444193925e-12,E376N
0.17842552794873603,3289.0,3945.0,0.024565914960914273,1.3129630624812568e-34,E376P
0.09711080353594648,2369.0,2674.0,0.07189525773217503,0.0,E376Q
0.09470745877770721,4259.0,4832.0,0.022786053161909084,9.423271493138024e-09,E376R
0.057714423727611486,1210.0,1343.0,0.10832532335323551,1.0408340855860843e-17,E376S
0.09051706095382274,2236.0,2523.0,0.029830872325000677,4.471344459075361e-86,E376T
0.04142860623492117,1491.0,1629.0,0.03648651504606668,2.0715161061272366e-96,E376V
-0.30845305183304167,2297.0,1989.0,0.10099060573446028,1.0408340855860843e-17,E376W
0.15664230954130925,3381.0,3986.0,0.05409175286811859,0.0,E376Y
-0.09017367302549524,3012.0,3004.0,0.02667366134722372,8.868635969812117e-50,E376_
0.02750808245394605,2469.0,2675.0,0.028730869629056473,4.840655236220104e-136,E385A
0.1208815533290878,1428.0,1648.0,0.03680668879814735,1.733818115112815e-72,E385C
0.053391848843831094,2810.0,3112.0,0.0504952433786143,4.336808689942018e-19,E385D
0.08286234403542203,3268.0,3656.0,0.045378184473827854,0.0,E385F
0.050969058385550756,1906.0,2093.0,0.032386202783356015,3.719769269547062e-08,E385G
0.041109580268680446,4062.0,4437.0,0.022757969822617227,2.240178142923637e-09,E385H
-0.19947976876461912,4068.0,3756.0,0.02859019092829734,0.0,E385I
0.07535437279303617,1851.0,2091.0,0.10685339887611506,3.469446951953614e-18,E385K
0.14927572568811373,2089.0,2452.0,0.030548150864254348,5.300372292330208e-222,E385L
-0.02223576439600083,814.0,842.0,0.1471159153941656,6.938893903907228e-18,E385M
-0.027810078903146452,2818.0,2932.0,0.02725081839785389,1.2002676411094726e-37,E385N
0.01443443442653393,3666.0,3907.0,0.08169036164092261,0.0,E385P
-0.2015152080664935,2850.0,2636.0,0.04474279801458909,0.0,E385Q
-0.037277562153104626,2637.0,2739.0,0.057648849359562174,0.0,E385R
-0.00383860377543895,2239.0,2372.0,0.03025522226926048,4.902532859516067e-21,E385S
0.06866704315567441,1814.0,2031.0,0.05519688426416766,0.0,E385T
0.030805395411081533,2246.0,2430.0,0.030050684019678232,1.1780597405152203e-71,E385V
-0.0069588776115594745,2263.0,2384.0,0.041226603099844224,0.0,E385W
0.09695923772098197,2316.0,2627.0,0.02930766229086747,2.59981376140645e-310,E385Y
-0.08884826294799257,2592.0,2570.0,0.08668600325447733,8.673617379884035e-18,E385_
-0.409571478229393,3003.0,2413.0,0.12683922731457736,0.0,E82A
-0.05278997148410872,1241.0,1272.0,0.1739973781676697,0.0,E82C
0.00896919398994472,1171.0,1252.0,0.041251486959112516,4.2685059228716664e-27,E82D
-0.17375394474860575,1439.0,1350.0,0.05162063820988672,0.0,E82F
-0.17135302603777505,1161.0,1093.0,0.04271826639834118,1.6624683027934557e-07,E82G
0.19023785607320787,1149.0,1388.0,0.04048650121465789,4.342721690614346e-58,E82H
-0.610226243673688,927.0,642.0,0.051795107320033035,6.307706664859971e-10,E82I
-0.2963906353488992,739.0,636.0,0.054537400640903275,3.22773981379785e-222,E82K
-0.7559711731139876,1796.0,1129.0,0.07374503808625575,0.0,E82L
-0.3687989300055806,1398.0,1152.0,0.0637518649774515,8.673617379884035e-19,E82M
0.020946373757387667,1769.0,1896.0,0.07241804633657067,3.469446951953614e-18,E82N
0.948366203458315,959.0,1993.0,0.1768991668061035,0.0,E82P
0.04643381417973122,1960.0,2135.0,0.0759746498962625,1.734723475976807e-18,E82Q
-3.220449004189542,1919.0,217.0,0.10952521969614075,5.204170427930421e-18,E82R
0.10125807108656357,1156.0,1306.0,0.10770226862591681,6.938893903907228e-18,E82S
-0.45938781723524824,772.0,596.0,0.05499468100616856,3.8053632978445605e-65,E82T
-0.21625287675008675,1002.0,942.0,0.2115901487012483,4.163336342344337e-17,E82V
-0.18007453640522453,1163.0,1089.0,0.042722381999578916,5.3647622664528157e-98,E82W
-0.37442566271184013,1726.0,1428.0,0.07874161914601877,0.0,E82Y
-4.1963409464370285,2166.0,125.0,0.09223286254121987,3.493536780636926e-94,E82_
-0.6040083668615537,1094.0,767.0,0.06078771623340772,0.0,F10A
-0.15112069661954297,827.0,802.0,0.15505808211699743,0.0,F10C
-0.4221646863887961,928.0,735.0,0.04989655224112283,8.526146978085458e-16,F10D
-0.09396742360786929,17.0,25.0,1.621929885238523,0.0,F10E
-1.6249065004488341,1368.0,471.0,0.05387188126168797,8.83826060047103e-300,F10H
-0.45277265880061446,937.0,728.0,0.1270080785554934,0.0,F10I
-0.7823950701677689,845.0,520.0,0.05617618832436572,3.805777781062759e-265,F10K
-0.24264445958804803,747.0,657.0,0.21359648707900933,0.0,F10L
-0.6680751627423194,387.0,256.0,0.16933222390014546,6.938893903907228e-18,F10M
-2.0649958215259465,3122.0,793.0,0.09438128402250921,6.938893903907228e-18,F10N
-0.7649094477467392,1414.0,881.0,0.05848128268528473,4.336808689942018e-19,F10P
-0.3092852083246498,1239.0,1059.0,0.04650039345513092,2.1517941508480964e-12,F10Q
-3.215078529092985,1931.0,221.0,0.0713360384269013,7.39741055325197e-60,F10R
-0.7488171548523634,1617.0,1020.0,0.04057587235513712,4.324849018721909e-167,F10S
-0.3089353573737089,573.0,499.0,0.145941849602701,2.0816681711721685e-17,F10T
-0.38915343956072407,1726.0,1389.0,0.0880388927182487,0.0,F10V
-0.3508063872184673,2029.0,1686.0,0.04657947192794477,0.0,F10W
0.06312945430487661,2539.0,2806.0,0.028222487643887222,4.319356152262851e-88,F10Y
-4.165319577707329,3024.0,179.0,0.07721929724410144,4.5144484625731306e-67,F10_
-3.616236863788522,1833.0,157.0,0.22539046420395648,0.0,F129A
-2.9123776847770357,1136.0,160.0,0.08474777867903392,2.795739044367119e-75,F129C
-4.459803777251755,1603.0,77.0,0.11684770969563703,9.478779272198819e-54,F129D
-4.578665424822181,1377.0,61.0,0.13099564224741042,3.4204088624217165e-40,F129E
-4.72256349348382,1233.0,49.0,0.2267907076345598,0.0,F129G
-1.8587802351247371,1215.0,356.0,0.060658582520764,7.116449648303437e-100,F129H
0.06060897341927559,696.0,770.0,0.052781260234887176,7.891928752143476e-82,F129I
-3.9469414563597587,1260.0,91.0,0.3189217308646964,2.7755575615628914e-17,F129K
-0.1970985788920096,1707.0,1579.0,0.03559584085769951,1.867060872661923e-24,F129L
-0.9430662543813697,1257.0,690.0,0.07657351866984687,1.734723475976807e-18,F129M
-3.8484243219910272,1645.0,121.0,0.09443344322737278,1.6767287761036228e-88,F129N
-4.915413166160529,1609.0,56.0,0.1361240188153707,1.060721816813867e-28,F129P
-3.196770560059446,409.0,48.0,0.23357019188107722,2.7755575615628914e-17,F129Q
-3.9730750399861794,1496.0,100.0,0.23369502657480065,4.163336342344337e-17,F129R
-3.47520099609158,541.0,51.0,0.25100552291287315,0.0,F129S
-3.613419695694801,1082.0,93.0,0.21473098917458175,1.3877787807814457e-17,F129T
-1.1706865623257412,975.0,461.0,0.05841675847985156,1.7110569613276337e-07,F129V
-0.1539284373048065,1133.0,1071.0,0.1424125669245599,6.938893903907228e-18,F129W
0.12921923332112412,1026.0,1186.0,0.04319810527237153,3.722221010239551e-137,F129Y
-4.813938711425434,771.0,31.0,0.4825967772212014,0.0,F129_
0.09910600650188493,1552.0,1764.0,0.035467622548435426,4.184964335460465e-127,F13A
0.27109365582097367,1613.0,2067.0,0.03393102553932903,1.5145553974102025e-31,F13C
-0.5365214891775024,911.0,672.0,0.07705673054412852,7.806255641895632e-18,F13D
0.0677335253775562,1675.0,1863.0,0.03590202737063071,4.121532653171946e-09,F13E
-0.08543126947764629,1523.0,1522.0,0.03688123693850479,3.127291468745416e-70,F13G
0.12377605215218423,1618.0,1876.0,0.03645223217845003,1.438526644266698e-09,F13H
-0.0906370653681421,1953.0,1945.0,0.04007411795758473,0.0,F13I
0.002004169720166352,1222.0,1293.0,0.06944042139381162,0.0,F13K
0.1079934255636433,810.0,921.0,0.09345642931982354,1.734723475976807e-18,F13L
0.35758823837656095,949.0,1284.0,0.09064690474155633,0.0,F13M
0.26167030106200584,1144.0,1455.0,0.04010394024917158,6.081372030185556e-101,F13N
-0.6185402682604724,848.0,580.0,0.14881534509351177,6.938893903907228e-18,F13P
0.18248618873068373,2722.0,3270.0,0.02682286397572233,3.9616831061164373e-178,F13Q
-4.243696352949083,2595.0,144.0,0.17315211198829103,1.3877787807814457e-17,F13R
-0.17591119618519388,2159.0,2037.0,0.08683875941161756,3.469446951953614e-18,F13S
0.09137427967624084,374.0,434.0,0.2149083172791559,1.3877787807814457e-17,F13T
0.1424709084998733,1352.0,1571.0,0.1167076017966648,3.469446951953614e-18,F13V
0.19491446447834634,1500.0,1822.0,0.05408377117494504,0.0,F13W
0.3014120587783732,1110.0,1453.0,0.04046042423896888,1.6230450623864123e-105,F13Y
-3.98242658618519,1026.0,74.0,0.4782856660543539,0.0,F13_
-2.0021348068715934,1755.0,466.0,0.052553464758884394,1.326803227027728e-13,F140A
-0.19275569879219379,880.0,816.0,0.04907370639099186,1.1573654777514133e-13,F140C
-3.902828650375632,1156.0,88.0,0.4064586745654081,1.6653345369377348e-16,F140D
-3.865217525918621,2548.0,184.0,0.18234981528176838,6.938893903907228e-18,F140E
-3.8669616103565763,1419.0,103.0,0.10226017250675981,1.2419073805588219e-19,F140G
-2.0475342737684867,1152.0,306.0,0.21248248588687269,4.163336342344337e-17,F140H
-1.3418457041766678,1485.0,630.0,0.15269284783804865,0.0,F140I
-4.2529740567355265,989.0,55.0,0.13872872759080587,3.553091214231177e-62,F140K
-0.366403337485672,1459.0,1201.0,0.03955098926911779,7.04795198027289e-09,F140L
-0.012399127415699748,1619.0,1707.0,0.03906142919837638,5.929084263486817e-13,F140M
-1.2425486326213129,1368.0,619.0,0.10479750154548985,0.0,F140N
-4.7276908761983405,685.0,30.0,0.5729679459012198,1.1102230246251565e-16,F140P
-3.491959505171717,1240.0,122.0,0.34427363144092826,1.1102230246251565e-16,F140Q
-4.084423957584388,687.0,45.0,0.3538451798662102,8.326672684688674e-17,F140R
-2.073880312091993,1839.0,464.0,0.05666183488998418,7.644281648649942e-11,F140S
-3.329910227942029,1230.0,128.0,0.23416961084597043,1.3877787807814457e-17,F140T
-2.5318146592450224,1534.0,280.0,0.10873891554333358,1.734723475976807e-18,F140V
-0.4203541916500275,2064.0,1654.0,0.14987933998924743,2.0816681711721685e-17,F140W
0.11819878183190823,964.0,1108.0,0.04460631418067253,1.9260360947302214e-23,F140Y
-3.9359392793511607,2241.0,154.0,0.1558763505667549,0.0,F140_
-0.3948031796445636,1213.0,978.0,0.0689578206336883,8.673617379884035e-19,F149A
-0.10305310760652465,1055.0,1047.0,0.05608929982578431,0.0,F149C
-0.3375566076373254,929.0,773.0,0.15191057517792764,0.0,F149D
-1.3416335522501428,575.0,240.0,0.07717772653786648,2.2650695830604059e-234,F149E
-0.09007475741001748,1017.0,1026.0,0.14179508224753443,0.0,F149G
-0.43604355594147093,657.0,518.0,0.06765623603822735,7.523929396180407e-15,F149H
-0.1478179294404375,579.0,551.0,0.05997095003900338,6.141721620473011e-33,F149I
-0.7529670122063379,1544.0,968.0,0.07422122488075814,0.0,F149K
-0.045910434361809464,1147.0,1181.0,0.06877440939994676,2.6020852139652106e-18,F149L
-0.2185087315408799,1093.0,1002.0,0.050367393477353334,9.078892151959117e-15,F149M
-0.6282801056297043,898.0,622.0,0.10049064211069321,1.734723475976807e-18,F149N
0.21894198166067663,1450.0,1791.0,0.035981612537278135,1.3836086667221793e-101,F149P
-0.6101343375144399,879.0,606.0,0.1304337617165739,0.0,F149Q
-0.5986842953358267,1367.0,962.0,0.09106509358287272,0.0,F149R
-0.5415597969855485,1539.0,1122.0,0.039868561230502114,2.590028157819878e-37,F149S
-0.12816953381428187,414.0,407.0,0.10895490277322295,0.0,F149T
0.13502362572924212,982.0,1138.0,0.07930349212481508,1.734723475976807e-18,F149V
-0.4103522315263016,1833.0,1466.0,0.03569613298788727,7.849297711574423e-61,F149W
-0.6121223367195162,1032.0,720.0,0.1346517073978323,0.0,F149Y
-4.049155731616807,1055.0,67.0,0.16911573288863913,0.0,F149_
0.14936497347865194,984.0,1154.0,0.06854432659982952,0.0,F159A
0.02236374357188226,874.0,948.0,0.05988805709578942,0.0,F159C
-2.362721782597708,1861.0,384.0,0.05647804844323558,4.32141184827344e-127,F159D
-1.3885702368277126,807.0,327.0,0.06606039473120474,5.494968765981625e-07,F159E
0.05313447366108969,1625.0,1792.0,0.03493247625642025,6.118978458573727e-196,F159G
-0.46255363610634487,1342.0,1037.0,0.0592270862622297,8.673617379884035e-19,F159H
-0.46662261172369496,747.0,571.0,0.08349012440744118,0.0,F159I
0.36357543979315793,1403.0,1907.0,0.0710230470424656,1.734723475976807e-18,F159K
0.09239411301152942,1837.0,2066.0,0.08140785027319031,1.734723475976807e-18,F159L
-0.31565122320049427,2266.0,1931.0,0.03171922239074788,1.8599437841119645e-93,F159M
-0.030251838957796276,1594.0,1658.0,0.03575813799324345,1.2337220370071487e-12,F159N
-0.12402332126985377,1417.0,1378.0,0.03844484285780806,7.01601603334032e-58,F159P
-0.26876714060036855,683.0,601.0,0.056371958173790204,1.571558492424804e-191,F159Q
-3.087746617947959,1654.0,211.0,0.21602330012764576,0.0,F159R
-0.012369755095702066,2245.0,2362.0,0.030261304423254535,9.722282254793715e-55,F159S
0.09142910912428505,1039.0,1172.0,0.055266551261076845,0.0,F159T
-0.5386977177104125,2904.0,2120.0,0.03881435655831248,4.336808689942018e-19,F159V
-0.46831811098904286,775.0,591.0,0.10030280262573163,1.734723475976807e-18,F159W
-0.8638703603435808,1128.0,666.0,0.12103914730040538,2.0816681711721685e-17,F159Y
-4.047316408063002,2047.0,131.0,0.09037226275799143,9.614632399858766e-64,F159_
-0.5075743751869845,1708.0,1277.0,0.08943626508091264,0.0,F161A
-0.8806019935625042,2335.0,1340.0,0.03495633629930704,1.0039503451334523e-60,F161C
0.031106621435115812,1059.0,1141.0,0.10142267584554174,0.0,F161D
-0.1041080003153851,2134.0,2102.0,0.04640272331373808,4.336808689942018e-19,F161E
-0.41590783330588904,1056.0,841.0,0.04675282133654113,3.07758048842757e-45,F161G
-0.5539986066179252,1413.0,1019.0,0.041688285269806606,6.575407304466957e-35,F161H
-0.16443620986363516,1644.0,1560.0,0.03600477983297341,1.30392560414888e-283,F161I
0.027131104785958923,1730.0,1862.0,0.05851971793117983,3.469446951953614e-18,F161K
-0.07308788547700926,1361.0,1373.0,0.03888104963089692,1.1081234727567275e-18,F161L
-0.12037473359179436,1192.0,1171.0,0.09033096743992974,0.0,F161M
-0.5333840963538521,2080.0,1532.0,0.08815532755347119,0.0,F161N
-0.699080017308956,1364.0,889.0,0.043666847149626965,6.910902571224484e-59,F161P
-0.6745646585110423,876.0,582.0,0.053918321835540864,2.0419331780310176e-75,F161Q
0.1267023056047362,817.0,943.0,0.07977492259771382,0.0,F161R
-0.2993272399348773,1708.0,1467.0,0.06283638379946063,0.0,F161S
-0.20902868069928854,2275.0,2109.0,0.09767596113856956,0.0,F161T
-0.14976352687009611,2111.0,2017.0,0.031870802410938745,1.8201260366039356e-44,F161V
-0.1977856832795814,1401.0,1297.0,0.039159545816299185,4.104109855626979e-20,F161W
-0.38904627784161616,1528.0,1233.0,0.03890279219848191,1.817912609928199e-83,F161Y
-3.536693120009818,1410.0,130.0,0.12002470869968097,0.0,F161_
0.443999010372858,1634.0,2430.0,0.17718835923256493,0.0,F16A
-0.27152904773985614,486.0,428.0,0.06668651062859846,1.6842230137669955e-110,F16C
-2.131188981421736,2746.0,677.0,0.15078752499340575,0.0,F16D
-1.981373564242125,1221.0,328.0,0.06256856749364131,1.3926386380261647e-77,F16E
-0.12296973100929992,1733.0,1685.0,0.03488113093552038,2.4591230327679433e-14,F16G
0.192638343795682,562.0,682.0,0.05744748975282338,3.4352024036304435e-12,F16H
-2.1518510630457666,1206.0,292.0,0.13739370469242557,6.938893903907228e-18,F16I
-1.4524455198234145,2363.0,915.0,0.0395451134846,1.787504563870163e-52,F16K
-0.7814403172745615,2015.0,1252.0,0.04869806940643708,0.0,F16L
0.22107817639165814,492.0,608.0,0.10709676410854733,1.734723475976807e-18,F16M
-0.04902748076203305,920.0,941.0,0.05276986694769334,2.699511621184758e-14,F16N
-0.3885195040896951,701.0,575.0,0.11027217331893634,3.469446951953614e-18,F16Q
-3.101563866292275,2449.0,306.0,0.15598342910597573,2.0816681711721685e-17,F16R
0.14391739440390908,1838.0,2156.0,0.04029759816762759,2.168404344971009e-19,F16S
-0.06634381796156079,274.0,278.0,0.08541748712619597,5.390609381375388e-92,F16T
-2.3450523546282,2408.0,504.0,0.0601531579667297,8.673617379884035e-19,F16V
0.2049319193133086,840.0,1040.0,0.08041811431348533,1.734723475976807e-18,F16W
0.01278104877303829,2091.0,2244.0,0.031165656916765344,1.8225270231716487e-12,F16Y
-4.408843199157834,628.0,31.0,0.32506877010225954,0.0,F16_
-0.17987665521149224,2003.0,1892.0,0.12070061765889051,0.0,F170A
-0.14855091950849297,1915.0,1830.0,0.04560822361230824,2.168404344971009e-19,F170C
-0.07055302813976236,1948.0,1967.0,0.03268801708941988,1.1357704916966629e-294,F170D
0.2334552129748354,809.0,1007.0,0.04770906789993877,4.877630636275813e-58,F170E
0.08018601690895173,988.0,1108.0,0.05144536226153558,9.93129189996722e-17,F170G
-0.09136894958915798,1613.0,1607.0,0.06055129953518078,0.0,F170H
0.21766180591780027,1261.0,1543.0,0.1277888844686567,0.0,F170I
0.13649160719442785,1748.0,2042.0,0.0332881943377199,1.0353968469618014e-36,F170K
0.20890620356935555,1751.0,2144.0,0.03294155287465583,1.8538427426953016e-13,F170L
0.06418184869536406,1960.0,2180.0,0.03306458385420772,1.0493430718561169e-08,F170M
0.16293388096220185,1533.0,1818.0,0.04943334467097094,0.0,F170N
-0.12350322405117824,1632.0,1615.0,0.11009310472341531,0.0,F170P
0.11853886138786435,1603.0,1831.0,0.12983384580536897,0.0,F170Q
-3.629883491156044,1470.0,126.0,0.09309663531295082,2.0914963876383395e-82,F170R
-0.06957966190880036,985.0,994.0,0.04550174155019513,2.720215142991702e-69,F170S
0.03660302581407928,1474.0,1603.0,0.036746395432873454,6.423209720189677e-31,F170T
0.0062588795945503015,1995.0,2120.0,0.03192351106834649,2.3115775726303942e-17,F170V
0.032708355337334245,1555.0,1686.0,0.035840542189241244,1.4510733538676586e-08,F170W
0.025606987174389365,1716.0,1854.0,0.03419581833035125,2.073498615168506e-91,F170Y
-4.103569667241103,1783.0,109.0,0.18402014579196238,0.0,F170_
-0.025600757924763247,1706.0,1780.0,0.041822393963284646,4.336808689942018e-19,F188A
-0.09330243313911991,1923.0,1905.0,0.033037727379895424,5.521454342715298e-78,F188C
-0.06828714761410819,1384.0,1403.0,0.03849638375649561,4.163104527491907e-62,F188D
-0.0799343559994742,631.0,636.0,0.08332129163469411,2.6020852139652106e-18,F188E
-0.10113849106662284,1462.0,1444.0,0.03773074084720514,2.580636578709865e-230,F188G
-0.0986239210782162,1673.0,1669.0,0.07725037543077251,0.0,F188H
0.14713266797042268,1428.0,1684.0,0.03663037076003546,1.459567773377085e-83,F188I
0.06708240591792955,1008.0,1128.0,0.08571026116186774,0.0,F188K
0.4000416855242926,3156.0,4468.0,0.15765590237731045,0.0,F188L
2.068573377801352,1726.0,7762.0,0.124189343527991,0.0,F188M
0.053248868723963054,788.0,865.0,0.05453150401483878,2.5345344312893703e-12,F188N
0.035592530468330934,1955.0,2126.0,0.03208325766674239,6.072073096049195e-16,F188P
-0.13370735231443642,1280.0,1241.0,0.04042030532009753,3.797863487477451e-56,F188Q
-0.03892115719391889,1136.0,1168.0,0.06239108586770574,0.0,F188R
-0.0336459613402713,1874.0,1942.0,0.03308546864738254,4.303346453670701e-10,F188S
-0.08606046534175174,1645.0,1652.0,0.07517424008899601,0.0,F188T
0.004727451499141166,1448.0,1542.0,0.037663840571200834,2.2737505504612557e-07,F188V
0.08160806899037225,1550.0,1741.0,0.06332185900212833,0.0,F188W
-0.04106321318282833,1368.0,1395.0,0.15362191537702985,0.0,F188Y
-3.6942125330307705,2111.0,171.0,0.3203644745872556,5.551115123125783e-17,F188_
0.24532548669017018,2206.0,2771.0,0.02933052436596006,7.935102952979563e-28,F204A
-0.035787291431917556,2222.0,2292.0,0.03055637424629723,1.0646511630517342e-11,F204C
-3.5037276676530484,847.0,79.0,0.11786450909288161,2.1723758324524083e-90,F204D
-3.5166728052693097,1231.0,114.0,0.09818063227138896,3.3283669555032944e-28,F204E
0.41920017824133526,2253.0,3191.0,0.028354071668005503,9.589988043796943e-54,F204G
0.20523945778709782,723.0,882.0,0.05064358555529847,8.787114342123014e-124,F204H
0.2196577416636731,1742.0,2154.0,0.0403602310130944,0.0,F204I
-2.9974751798529824,507.0,67.0,0.13028539348709167,1.6270950711969792e-22,F204K
0.08001499751698683,2464.0,2763.0,0.028544026315276173,3.6107735030737395e-11,F204L
0.14791536454975826,900.0,1056.0,0.045899354193448594,1.941869733022185e-117,F204M
-1.483854846244673,907.0,367.0,0.4108867704446619,0.0,F204N
-2.6108734302872914,1393.0,242.0,0.06999499148345203,1.8817830918057777e-138,F204P
-0.3982728214490575,2196.0,1782.0,0.12074206229790663,1.0408340855860843e-17,F204Q
-3.6475011673397866,860.0,76.0,0.27561552477573337,2.7755575615628914e-17,F204R
0.022373272408414493,1428.0,1569.0,0.1537384389377767,0.0,F204S
0.01084576416290206,1061.0,1134.0,0.043282965934287404,1.7708416481383943e-44,F204T
0.2598817612272523,1242.0,1576.0,0.04636116944472634,0.0,F204V
0.0017270135118428577,2354.0,2502.0,0.029508942902472482,6.641474357912232e-85,F204W
0.22370998359689054,868.0,1066.0,0.13201714194265837,0.0,F204Y
-3.7219857262104292,1738.0,138.0,0.20980652214514298,0.0,F204_
-0.006352402440569639,1164.0,1230.0,0.04147030381091772,1.4560437121983418e-225,F216A
-0.14431064827869505,1954.0,1875.0,0.033053549802122946,1.6230217363980064e-33,F216C
-0.718670280065722,2760.0,1802.0,0.13757093180339902,0.0,F216D
0.19405840348294995,956.0,1157.0,0.0613471031699964,0.0,F216E
0.2051219990908239,920.0,1120.0,0.04502697664135305,3.6083618306259534e-136,F216G
0.12215269932351465,713.0,822.0,0.05163234450630309,7.93737758776698e-36,F216H
-0.10614922325831758,1819.0,1805.0,0.09893453531597433,0.0,F216I
0.24967462641124144,1611.0,2023.0,0.045969052715841514,0.0,F216K
-0.03415171445967814,1319.0,1377.0,0.11205362406917319,0.0,F216L
-0.022171802210022146,1339.0,1397.0,0.03886016231319147,6.125405287394346e-185,F216M
0.15274999149522933,1279.0,1516.0,0.03858554206479972,9.461990390216165e-215,F216N
-0.005362098354432933,2040.0,2148.0,0.04680139279045592,0.0,F216P
0.28049070700395334,1202.0,1548.0,0.05221686474427626,0.0,F216Q
-3.81372946704486,1410.0,107.0,0.12414053518463408,1.734723475976807e-18,F216R
0.005658701870820799,966.0,1033.0,0.08775308914255708,1.734723475976807e-18,F216S
-0.31268097399655664,2500.0,2149.0,0.06120641110320727,0.0,F216T
-0.05021645143971997,1860.0,1916.0,0.06616777636957741,4.336808689942018e-18,F216V
0.15094909944974494,1534.0,1811.0,0.03538286353203965,2.22033344302642e-28,F216W
0.3058679384341981,1406.0,1832.0,0.07019591633218783,0.0,F216Y
-4.452414126527728,2695.0,131.0,0.11002323289388471,5.204170427930421e-18,F216_
0.16925333629412706,2049.0,2444.0,0.03748209635299389,3.2526065174565133e-19,F221A
0.16221875951052006,1750.0,2079.0,0.03314794418283433,9.383092094892114e-56,F221C
-3.7825661526857504,1726.0,131.0,0.4002107908508062,1.6653345369377348e-16,F221D
-1.117023769551838,1521.0,748.0,0.07491750134268911,0.0,F221E
-0.16874199335613801,2221.0,2098.0,0.05510345028791183,0.0,F221G
0.17151542699594707,939.0,1122.0,0.04476932042570901,5.101133073724341e-209,F221H
0.039995775554623976,2344.0,2561.0,0.02937989369786499,4.0405808425854283e-17,F221I
-4.199444056980627,2964.0,171.0,0.07894247984741522,3.88830790428645e-243,F221K
-0.16048066797856572,745.0,706.0,0.07389889396320534,0.0,F221L
-1.5832053793257959,4337.0,1542.0,0.08185633487450165,6.938893903907228e-18,F221M
-0.2068187819152952,1073.0,983.0,0.04468100276232196,1.728267140207551e-78,F221N
-1.2907602591439968,2587.0,1128.0,0.06629160472009116,0.0,F221P
0.08600692854909248,2345.0,2646.0,0.07590685156154775,1.734723475976807e-18,F221Q
-5.126812385671679,3998.0,121.0,0.09252807891329964,3.632794014615198e-57,F221R
-1.0929682534829535,1522.0,757.0,0.05747745268408584,0.0,F221S
-0.1041727403694344,1904.0,1870.0,0.0332620512029606,3.535782674904644e-28,F221T
-0.05069440487365127,1510.0,1547.0,0.036833613723855914,3.740037105720917e-30,F221V
0.20279668380186447,1463.0,1789.0,0.035912458470990255,1.3658881647187685e-157,F221W
-0.385311875050265,2190.0,1780.0,0.04051042619654847,0.0,F221Y
-4.157533817875651,1694.0,101.0,0.10267302412000077,1.8856107592802813e-61,F221_
0.11505680877834568,2717.0,3119.0,0.027111908641749602,1.050467209910172e-186,F250A
0.03397849014029079,1178.0,1278.0,0.04098297303155048,7.319714092411531e-79,F250C
-0.4431644372148772,2029.0,1612.0,0.1784884296972499,0.0,F250D
0.11300849551211252,3029.0,3481.0,0.04256714497763308,0.0,F250E
0.30844376291502895,1442.0,1893.0,0.03562207324123909,3.9548032152879794e-140,F250G
0.030642646882835363,2740.0,2967.0,0.027351925267089554,2.317870301813952e-61,F250H
0.16398924246294852,2300.0,2726.0,0.048639230970830394,0.0,F250I
-2.5816916470563194,2136.0,379.0,0.05615228036637014,2.270368647277091e-59,F250K
0.02413281911025195,1539.0,1652.0,0.05430135254652871,0.0,F250L
0.1644872031091251,1051.0,1264.0,0.19393059156558887,0.0,F250M
0.02568153626848911,1234.0,1327.0,0.040129129600339826,2.1503284148966372e-13,F250N
-0.05159616496497793,1913.0,1950.0,0.06348271060493287,8.673617379884035e-19,F250P
0.14949722849832517,1425.0,1663.0,0.1256167175718826,3.469446951953614e-18,F250Q
-3.744908025420764,2052.0,161.0,0.15381286670399402,0.0,F250R
0.08561672708518386,2417.0,2712.0,0.04546471811909145,4.336808689942018e-19,F250S
0.11764513598465706,867.0,1000.0,0.046906991183967586,4.451417067605757e-46,F250T
-0.41403472554402004,3909.0,3102.0,0.027641596489497003,1.4794426534542326e-13,F250V
0.07315981734322831,1765.0,1969.0,0.03349241399860888,2.0733624956078825e-60,F250W
0.19941856112058273,1971.0,2387.0,0.08925221837058415,6.938893903907228e-18,F250Y
-4.727942570269604,5637.0,225.0,0.06831652917425866,2.244422083369166e-25,F250_
-0.0011268254219391274,1770.0,1873.0,0.033840229183823047,1.2336570555465328e-32,F254A
-0.05311644131581249,1538.0,1556.0,0.20050739282343646,1.3877787807814457e-17,F254C
-3.2757844493002928,1662.0,181.0,0.12480398969229564,0.0,F254D
-0.0957536233092094,2664.0,2650.0,0.04458083291159159,0.0,F254E
0.04833106713512765,1409.0,1548.0,0.037458781548469225,1.558263951759127e-138,F254G
0.16387733760857354,2020.0,2395.0,0.03830973224086459,0.0,F254H
0.21087350774491412,1627.0,1996.0,0.03410227836914841,1.366733325757246e-65,F254I
-0.10102609504533863,1589.0,1569.0,0.0362397319257809,1.2794730944665115e-83,F254K
-0.008581759415684433,2267.0,2387.0,0.030112512391406585,8.380593765200905e-126,F254L
-0.14273292331644877,2275.0,2180.0,0.0488406054452092,0.0,F254M
0.1478627537306959,2047.0,2406.0,0.0308401951193644,2.79251819900242e-60,F254N
-0.0557517914681743,2174.0,2223.0,0.05950961262253827,8.673617379884035e-19,F254P
-2.284072742771519,10801.0,2353.0,0.16193924247686917,0.0,F254Q
-4.499771781443989,2640.0,123.0,0.13081873384429352,0.0,F254R
0.1670456422920885,912.0,1079.0,0.045548094427193306,4.208370382795147e-08,F254S
0.07749968513879517,1905.0,2140.0,0.06030363719002355,1.734723475976807e-18,F254T
0.00331155146553316,1392.0,1478.0,0.03797777796607709,8.966020813137806e-211,F254V
0.27651909361239535,1897.0,2434.0,0.0313804337934647,1.7604201013198497e-176,F254W
0.2522866521440072,2457.0,3103.0,0.027849658653171544,3.566155690475308e-08,F254Y
-3.9418460221525433,2814.0,199.0,0.2019725393024858,2.7755575615628914e-17,F254_
-0.053309701448043825,1857.0,1900.0,0.033343663156443805,7.463661353204539e-145,F258A
-0.4671813553189281,2734.0,2098.0,0.13738218726976387,0.0,F258C
-1.2895626214315803,2105.0,919.0,0.06422080190941959,0.0,F258D
0.18851987998380085,1698.0,2039.0,0.09639950800530543,3.469446951953614e-18,F258E
-0.08781896791643969,1348.0,1352.0,0.05388088903351426,0.0,F258G
0.27795618512093745,1325.0,1698.0,0.03728658887467794,9.064143508115781e-59,F258H
0.1924712022189088,1385.0,1671.0,0.08851880550309982,1.734723475976807e-18,F258I
0.28035829042304483,2155.0,2773.0,0.02951559950345223,1.5657522829977835e-305,F258K
0.002178061600665731,2181.0,2320.0,0.038996323377079554,0.0,F258L
0.07222690816834978,2195.0,2464.0,0.08636349569728803,0.0,F258M
0.06674423753649265,1218.0,1353.0,0.04009755126704491,3.885894778994834e-147,F258N
-0.33288788960705995,3509.0,2974.0,0.09847167283516807,3.469446951953614e-18,F258P
-2.792046308700344,17697.0,2708.0,0.10352253552585296,0.0,F258Q
0.14280105589191414,1917.0,2252.0,0.03182525097655017,1.4746831969480058e-63,F258R
-0.022375955884161653,2894.0,3024.0,0.02687772299142918,3.178197962476907e-100,F258S
-0.002105215436047163,1615.0,1713.0,0.03538218283509899,6.732387398867598e-08,F258T
-1.1767607721057802,4178.0,1956.0,0.028231774882200595,1.6162844680709242e-105,F258V
0.07513971971656974,1875.0,2093.0,0.032537595909438444,1.8607519508755707e-12,F258W
-0.05033889097713811,1862.0,1908.0,0.03328223470482054,5.003008488657385e-106,F258Y
-4.246106948509505,2131.0,119.0,0.09445174091646587,1.088810097701263e-76,F258_
-0.05524652391080169,3586.0,3651.0,0.026055793997567866,9.176815454455325e-11,F259A
0.29147740891127005,2217.0,2863.0,0.08210362316042596,0.0,F259C
-0.213761715932638,3521.0,3209.0,0.05835925858956929,8.673617379884035e-19,F259D
-2.269879982637445,3047.0,686.0,0.172692190388666,1.3877787807814457e-17,F259E
0.43397506087441473,2637.0,3774.0,0.026277118718396383,1.1057520622012591e-231,F259G
0.009103892847071592,2025.0,2150.0,0.08383656042331719,0.0,F259H
0.09365501743482275,1965.0,2217.0,0.07219520926067578,1.734723475976807e-18,F259I
-1.570204425717995,2941.0,1054.0,0.057227383060260976,0.0,F259K
0.1655110827369675,1794.0,2133.0,0.032750160585841605,1.539774751475194e-56,F259L
0.13707192246923836,1226.0,1416.0,0.13790675048026696,0.0,F259M
0.14536035947638054,1674.0,1963.0,0.03396806213870876,4.80798799076077e-141,F259N
0.12817536729377524,2233.0,2589.0,0.034128637355172284,2.5240226575462543e-16,F259P
0.21973484099039176,1945.0,2392.0,0.0431083792401495,1.0842021724855044e-18,F259Q
-1.3359208458306961,2287.0,985.0,0.1613154572520747,0.0,F259R
0.055805879212867324,3351.0,3694.0,0.026764421141506893,1.1609232292934119e-11,F259S
0.16474703502245652,1859.0,2208.0,0.03220113716504729,5.1204993017828116e-12,F259T
-1.2980713744209833,6466.0,2805.0,0.21613426885970538,1.3877787807814457e-17,F259V
0.3336050032054962,2891.0,3873.0,0.025500834937815072,1.2457341991949528e-158,F259W
1.3689601485499534,3686.0,10088.0,0.020403083690374055,0.0,F259Y
-4.268890560592349,2780.0,153.0,0.08331634387066533,1.347261731951355e-162,F259_
-0.2082536912719278,1438.0,1314.0,0.07970600220570742,0.0,F262A
-0.021951218609389995,2389.0,2498.0,0.029525342451081894,1.6983223415533344e-07,F262C
0.07043787799183691,1445.0,1607.0,0.03688540770355823,3.0089070874092633e-13,F262D
0.07369220042568883,1604.0,1789.0,0.03507168459053105,1.0496817110500088e-47,F262E
-1.354203965992785,7835.0,3305.0,0.18794761125366713,1.3877787807814457e-17,F262G
0.15052455288859518,2415.0,2812.0,0.15464425457776443,0.0,F262H
0.01844134537787957,2535.0,2726.0,0.02841656717857337,1.0141996714262094e-63,F262I
0.222473361263704,1941.0,2399.0,0.03128937240680132,4.489211954187067e-70,F262K
-0.08768671379580822,1589.0,1582.0,0.036168871388448584,2.8594941872910106e-103,F262L
0.10998302304763839,1930.0,2207.0,0.03189792913528525,4.184642029236693e-40,F262M
0.25168033859104505,1962.0,2474.0,0.03099033332227119,8.677989713125275e-168,F262N
-0.2657130746784145,1768.0,1556.0,0.047855462164594416,0.0,F262P
-0.026788302120674283,3331.0,3463.0,0.025208661720377227,3.0313386830702005e-33,F262Q
0.16569867367866162,1589.0,1883.0,0.05210166474376466,8.673617379884035e-19,F262R
0.1468770861514548,1758.0,2064.0,0.03317791531080073,1.8824668997957036e-32,F262S
0.25458319396207635,1924.0,2438.0,0.031256617734809866,3.2535342244756197e-53,F262T
0.23161741347283504,2203.0,2735.0,0.037392032280454894,0.0,F262V
-0.3880795040037048,1385.0,1121.0,0.07263251603891503,4.336808689942018e-18,F262W
0.07312396818160899,1999.0,2211.0,0.13138245583141286,6.938893903907228e-18,F262Y
-4.0631757342649015,3640.0,230.0,0.27256702447263337,0.0,F262_
0.021893309286842844,2170.0,2330.0,0.03060035014445211,7.601779812972558e-74,F266A
-0.09840957329021074,2884.0,2862.0,0.027244587053304705,4.29549296341768e-49,F266C
-0.21787038952263005,3749.0,3418.0,0.027071548435512884,4.640428666324858e-13,F266D
0.04844017776857338,2748.0,3022.0,0.0372030559975531,0.0,F266E
-0.004309053856508346,1497.0,1586.0,0.03670923660720225,5.799635450297391e-08,F266G
-0.008521732429600757,2207.0,2330.0,0.03047512523578085,1.5973432559977318e-133,F266H
0.3009157722380336,1840.0,2401.0,0.0317317624047231,2.200905467384637e-95,F266I
0.1953071995366424,1749.0,2122.0,0.03300243005679214,1.3473699747075512e-18,F266K
0.11058816238395755,1855.0,2147.0,0.10783179955500076,1.3877787807814457e-17,F266L
0.1074348923294929,1767.0,2022.0,0.03328858829907531,1.2917635251402923e-17,F266M
0.020186630497296982,1342.0,1443.0,0.03854983741101512,3.379152279873466e-70,F266N
0.2075276156064603,1776.0,2171.0,0.03270951190353289,1.0872471619153233e-29,F266P
-0.025126049732297418,2637.0,2754.0,0.028090486061744926,3.3922622051829844e-52,F266Q
0.0284807041386067,1358.0,1467.0,0.03827070946167653,1.8563512523617124e-58,F266R
0.0687376113353749,1629.0,1816.0,0.05318829209369267,4.336808689942018e-19,F266S
0.05515846582531466,1069.0,1168.0,0.13138050114958474,0.0,F266T
0.03958010816399463,3783.0,4109.0,0.061442681004670846,2.6020852139652106e-18,F266V
0.024048697929710643,2820.0,3072.0,0.11037986605648399,0.0,F266W
0.05049997414907103,1281.0,1410.0,0.03919459592562226,5.770279903092425e-20,F266Y
0.19595043932576817,2894.0,3519.0,0.029682859873045375,7.635493799729165e-16,F271A
0.03152119510232997,2944.0,3173.0,0.08334459696112673,1.734723475976807e-18,F271C
-3.0224116303667743,2730.0,363.0,0.1268564885871658,3.469446951953614e-18,F271D
-0.40838069260418136,1659.0,1340.0,0.11777737226671325,1.0408340855860843e-17,F271E
0.1694726258956647,2509.0,2978.0,0.06958369193741176,0.0,F271G
0.12313601240961174,2040.0,2357.0,0.030992970837454534,2.0146319511170502e-19,F271H
0.03382835151594895,1786.0,1932.0,0.06900014914678558,4.336808689942018e-18,F271I
-1.0182948370850469,1731.0,933.0,0.2145018421523298,0.0,F271K
0.11012863977748785,2609.0,2983.0,0.04014147099753521,0.0,F271L
0.11053881747928734,1764.0,2010.0,0.0635246323239271,0.0,F271M
-0.1034339603921673,2116.0,2080.0,0.059150610058224744,0.0,F271N
-3.0304298233791065,2160.0,278.0,0.1469105147460818,0.0,F271P
0.2756591859632674,2393.0,3073.0,0.02810311452108249,1.496765589064748e-146,F271Q
-0.7445924005609564,2304.0,1462.0,0.03412782014607877,6.881759934287281e-137,F271R
-0.2882326507474975,2696.0,2340.0,0.04852935324495722,4.336808689942018e-19,F271S
-0.11012256756889177,2293.0,2253.0,0.03044091552145916,3.7976274637122505e-154,F271T
0.03781692992824474,3671.0,3991.0,0.02917624093881944,0.0,F271V
0.2742582332986939,2047.0,2625.0,0.030266567841162,1.8937047556517703e-219,F271W
1.3197259300286641,3502.0,9223.0,0.06939974932759496,1.734723475976807e-18,F271Y
-4.444434407769359,2753.0,134.0,0.08874035855567382,6.128500474988192e-38,F271_
-0.3466274944934469,3819.0,3193.0,0.09266026991598504,3.469446951953614e-18,F300A
-0.07127861444369758,2693.0,2719.0,0.03933150701315327,1.0842021724855044e-18,F300C
0.07833211165976048,1310.0,1472.0,0.05386654088877017,0.0,F300D
-0.08591194477400887,1194.0,1182.0,0.14264829624264286,0.0,F300E
0.24823811835595924,2269.0,2851.0,0.047455908915331954,0.0,F300G
0.005746414297888953,1743.0,1845.0,0.09436706444065017,0.0,F300H
0.07637267120409418,1464.0,1635.0,0.03662189088519258,3.711092481764092e-50,F300I
-0.023087859377941927,1648.0,1711.0,0.07402699306873291,1.734723475976807e-18,F300K
0.19982063792451965,1549.0,1886.0,0.03496463891869016,2.7170830150310217e-142,F300L
0.04945277903556917,2385.0,2630.0,0.04399166197434407,0.0,F300M
-0.08635645689846558,1396.0,1395.0,0.06931654215752686,0.0,F300N
-0.06407602127567932,2669.0,2710.0,0.028101899260185942,3.1718285486979823e-22,F300P
0.05818156904013845,1827.0,2008.0,0.08242713300656955,5.204170427930421e-18,F300Q
-4.015059979935467,3521.0,237.0,0.2161222151620252,0.0,F300R
-0.1396281314563693,1094.0,1050.0,0.04373629193342914,1.312892029065103e-08,F300S
-0.21146016082615637,1684.0,1541.0,0.03591579079229927,1.141979247967048e-164,F300T
0.19284560191990066,1472.0,1788.0,0.0386919846763178,2.8588823908042016e-11,F300V
-0.4410461360781734,2469.0,1943.0,0.10127555600613652,3.469446951953614e-18,F300W
0.015681617685012837,2297.0,2482.0,0.10622183909245594,3.469446951953614e-18,F300Y
-3.9745088793296617,2728.0,184.0,0.07649063477647065,2.7573744149767647e-24,F300_
-0.34627997767304824,2047.0,1716.0,0.10271558721082236,3.469446951953614e-18,F303A
0.2324803791665764,2330.0,2919.0,0.09680970719342691,0.0,F303C
-2.3427113142951095,2077.0,434.0,0.05322491284059129,3.6394307583627543e-281,F303D
-0.4265716977496805,690.0,545.0,0.057738052636373806,2.47274346867e-313,F303E
-0.634805203164402,1811.0,1240.0,0.03749811932393365,1.0342670283764807e-126,F303G
-1.35427165001697,1008.0,418.0,0.058578099761346925,1.4396033609249681e-55,F303H
-3.776945368967614,1735.0,134.0,0.08994592787744866,1.8952763094448344e-38,F303I
-3.008108856867542,864.0,114.0,0.09988187914349533,3.3858985927210306e-133,F303K
-2.332300295760589,1697.0,378.0,0.3529939586367407,0.0,F303L
-0.5425677134438646,1783.0,1291.0,0.04255311421085468,8.205242041370298e-16,F303M
-0.4005228396435068,1818.0,1462.0,0.035780981362821825,7.7861340406654e-19,F303N
-2.9217074004456185,2747.0,385.0,0.0548422391915646,3.1283651907495155e-62,F303P
-2.3407608500688735,2310.0,492.0,0.13891536510762556,0.0,F303Q
-4.479079478409491,1752.0,87.0,0.3758381773500887,0.0,F303R
-0.3791884789290742,1311.0,1068.0,0.04879483911306673,3.230922474006803e-17,F303S
-0.6981090424252023,1682.0,1102.0,0.039368924423212534,1.114296330859736e-79,F303T
-3.33848720065866,2723.0,293.0,0.22367470004992226,0.0,F303V
-0.18668728067170193,3626.0,3385.0,0.024842663234004324,1.0694994505361626e-15,F303W
-0.04708666372781084,3433.0,3543.0,0.054946711114370494,0.0,F303Y
-4.013800565596274,2111.0,141.0,0.2062936057704362,4.163336342344337e-17,F303_
0.2336738086332509,1798.0,2236.0,0.062098171277009805,4.336808689942018e-18,F306A
0.11693498360841383,3264.0,3744.0,0.024888634462418666,8.830656288275477e-19,F306C
-0.3564102687976624,2711.0,2235.0,0.07602667551404578,0.0,F306D
-1.5113503210531951,1983.0,761.0,0.20738036163846865,0.0,F306E
-0.09938954644310127,3239.0,3212.0,0.025819036390365497,8.032238174743829e-41,F306G
-0.10258220213147759,2979.0,2934.0,0.044970285904070914,0.0,F306H
0.021093695298653792,1720.0,1851.0,0.03417857528808053,6.078481492098678e-88,F306I
-4.18684632903784,2002.0,116.0,0.0957610928690199,3.8916330808019285e-43,F306K
0.13418510172175316,2138.0,2507.0,0.0743558706070992,0.0,F306L
-0.020021854360493568,1814.0,1885.0,0.10290303554352441,0.0,F306M
-0.1672242147646226,1982.0,1874.0,0.09115941458392582,0.0,F306N
0.11117242367141633,2225.0,2547.0,0.04020206331985951,8.673617379884035e-19,F306P
-0.061016332361265475,1979.0,2010.0,0.03661823293002049,5.991951726458389e-15,F306Q
-4.263980346155191,1493.0,82.0,0.127740534273651,2.715909094841429e-13,F306R
0.006623923174993573,1991.0,2106.0,0.11044068147048179,0.0,F306S
0.09550134485442205,2301.0,2605.0,0.02940476271974523,1.2451960459137417e-46,F306T
-0.11210614953199685,1809.0,1765.0,0.08809842463191019,0.0,F306V
-0.04507521775778012,1396.0,1436.0,0.038226532995920645,1.4751804519533452e-16,F306W
-0.013837877332363769,1617.0,1699.0,0.035983903232766616,1.4194666836783905e-07,F306Y
-4.111389878696094,3300.0,213.0,0.30278170436692553,0.0,F306_
-2.5724068103122946,3413.0,613.0,0.08650812395820973,5.204170427930421e-18,F317A
0.4011077184576688,3163.0,4445.0,0.02424061388480877,5.371769487490087e-23,F317C
-3.9801991799572094,594.0,40.0,0.16491725905625743,6.697552412324604e-06,F317D
-3.7074394687622303,2270.0,184.0,0.07833349718633706,5.983005554219506e-07,F317E
-3.2741020675215973,3242.0,357.0,0.09531032579148027,1.734723475976807e-18,F317G
1.2481052829061239,4636.0,11782.0,0.06046680469320927,0.0,F317H
0.16220102271623402,2527.0,3004.0,0.02783733475002202,8.834728422777873e-143,F317I
-2.78992806486341,3154.0,478.0,0.19398409847685602,0.0,F317K
0.20270254196464418,2845.0,3465.0,0.04486033956474603,0.0,F317L
0.28229759878803756,3242.0,4175.0,0.03796988591517289,0.0,F317M
-1.189639733740748,1583.0,749.0,0.15791848394367655,6.938893903907228e-18,F317N
-4.157370832768811,2102.0,124.0,0.15123876753873855,3.469446951953614e-18,F317P
-2.568225029468683,2030.0,363.0,0.05746527516028287,4.788810088078089e-07,F317Q
-4.256763716523731,3027.0,177.0,0.28796322254821427,0.0,F317R
-2.4244755836462812,2463.0,509.0,0.22236667517903963,2.7755575615628914e-17,F317S
0.9610700569793331,2239.0,4672.0,0.07679427105299348,0.0,F317T
0.07956593250920894,3089.0,3465.0,0.03365791471054072,0.0,F317V
-0.03623160251085721,2081.0,2147.0,0.0654827901896654,8.673617379884035e-19,F317W
0.12185943390927009,3009.0,3453.0,0.08338592010432223,0.0,F317Y
-4.333477060987182,1404.0,74.0,0.11944757910628787,1.803775930552961e-32,F317_
-0.051434933038758714,208.0,213.0,0.1227069429832268,0.0,F327A
0.12568970061011858,3763.0,4350.0,0.023269959969812667,8.60914317615806e-11,F327C
-3.785175554590452,2212.0,170.0,0.07987107220399965,7.564240906235373e-09,F327D
-0.6549278008865516,3141.0,2123.0,0.055916788992514524,0.0,F327E
-0.24000528543702673,3190.0,2873.0,0.03376737436045358,0.0,F327G
0.15221807994580816,3257.0,3848.0,0.04306000482319104,0.0,F327H
0.15516878796218403,2107.0,2471.0,0.1057043322152682,0.0,F327I
0.2596457213538824,1518.0,1933.0,0.03496701362511336,7.47215317242219e-81,F327K
0.0061689599265757865,3509.0,3747.0,0.046056331509710065,0.0,F327L
-0.018217495602058147,3532.0,3712.0,0.033904623569659204,2.168404344971009e-19,F327M
-0.18475847978262203,2131.0,1976.0,0.09992325065873296,0.0,F327N
-4.266421438057368,2692.0,147.0,0.1656850044794627,0.0,F327P
0.1545180584740622,3423.0,4034.0,0.045167951060914216,0.0,F327Q
0.14819352853429943,1814.0,2113.0,0.14184312794775403,6.938893903907228e-18,F327R
0.2640059659282003,3271.0,4153.0,0.04127008380576993,0.0,F327S
0.1899132278030052,1817.0,2186.0,0.06314603773227555,8.673617379884035e-19,F327T
0.1993753876482636,3310.0,4016.0,0.07105456635166069,0.0,F327V
0.13641524849803296,2294.0,2666.0,0.05798864325702097,0.0,F327W
0.18831962076126865,2679.0,3238.0,0.02698462677249057,3.644522339004388e-45,F327Y
-4.294192226410424,3232.0,174.0,0.08726225963551469,4.0910547519090734e-13,F327_
-0.23683180772815288,2547.0,2284.0,0.02961447772138107,4.805634486211431e-267,F335A
0.28517036962025827,2484.0,3210.0,0.02862720583351055,5.880013586508103e-09,F335C
-4.271634662874498,4556.0,257.0,0.19882738362254235,2.7755575615628914e-17,F335D
-4.023128652826789,1523.0,100.0,0.14026879205860324,2.42861286636753e-17,F335E
0.1156073335089422,3452.0,3963.0,0.02425618329755028,6.583043036593832e-56,F335G
-2.701035906780457,1887.0,308.0,0.07225073694312467,2.0513105103425744e-16,F335H
0.2056528423134159,1899.0,2326.0,0.056731655741391655,0.0,F335I
-3.9514846916385196,3087.0,213.0,0.14164542386501175,3.469446951953614e-18,F335K
0.23005592904148106,2443.0,3038.0,0.02957732190840789,5.268702750016278e-10,F335L
0.17878078049244517,1879.0,2238.0,0.12204680581855891,0.0,F335M
-2.7737969809386365,2365.0,369.0,0.10997939315621319,0.0,F335N
-3.6725326208274995,3510.0,293.0,0.08256719137773348,1.0408340855860843e-17,F335P
-2.202262916275226,2899.0,668.0,0.04346294824866058,2.0794482866264038e-154,F335Q
-4.503446769849258,2702.0,126.0,0.09985806842477678,2.784967829266849e-11,F335R
0.23209629194584275,551.0,692.0,0.08115613940933235,2.6020852139652106e-18,F335S
0.19596494802101871,2638.0,3185.0,0.08968425112385546,3.469446951953614e-18,F335T
0.18905973086278555,1817.0,2201.0,0.03243171365959884,1.868717294620588e-71,F335V
0.08520024632660048,1959.0,2191.0,0.09510319558185558,0.0,F335W
0.18760504778776974,2571.0,3106.0,0.02751671293877841,3.83344946374352e-142,F335Y
-4.411589676216311,2026.0,100.0,0.2918059088572993,5.551115123125783e-17,F335_
-0.8360583018851167,4485.0,2669.0,0.054647109840395634,1.734723475976807e-18,F341A
0.33166539333244904,3680.0,4913.0,0.022831774464953148,1.708800395491928e-150,F341C
-0.5272187868752106,3080.0,2285.0,0.10043177068167428,0.0,F341D
0.11215883599583297,3231.0,3706.0,0.03629755807199203,0.0,F341E
0.014790101353325574,2933.0,3151.0,0.029317794863138524,3.301881879892721e-13,F341G
0.12722209453789252,2047.0,2367.0,0.030938148028864316,1.7006525084740018e-29,F341H
0.3591923715733626,4266.0,5789.0,0.027908528144617657,3.2526065174565133e-19,F341I
-1.5657153339197625,1904.0,679.0,0.07274113876829076,0.0,F341K
0.03674243014864665,2743.0,2987.0,0.027310686560340112,1.4049924047294492e-93,F341L
-0.18974055825423208,2241.0,2075.0,0.04169349202947231,0.0,F341M
0.07087972453706416,2105.0,2336.0,0.030818922399280416,1.755796968202058e-226,F341N
-3.812500652267276,2138.0,162.0,0.1378323355761292,6.938893903907228e-18,F341P
0.16623686632050522,3395.0,4044.0,0.03323987892304065,0.0,F341Q
-4.372876231637974,3730.0,190.0,0.11013198509820557,0.0,F341R
-0.012503827302921117,3632.0,3826.0,0.024145823643803934,1.1229700448010685e-76,F341S
0.20201776266191118,2049.0,2499.0,0.03545601556202571,5.431852884152377e-17,F341T
0.22633125557812891,3566.0,4418.0,0.023510756501961237,1.1254462081225249e-64,F341V
0.2969900924165352,2022.0,2643.0,0.05440948206762405,0.0,F341W
0.14225015119207784,2805.0,3285.0,0.026601526196170417,1.3159611257856452e-14,F341Y
-4.648355131304057,1680.0,71.0,0.12797912398028713,3.322012058926821e-08,F341_
-0.05166503142640273,2010.0,2049.0,0.03212114701322493,1.072907104134205e-13,F351A
0.07092840672314313,1891.0,2106.0,0.03319788407941316,5.063456467532964e-08,F351C
-1.0786890328444894,2660.0,1336.0,0.03423052889151487,3.6890108220435475e-48,F351D
-8.855693864072679e-05,3267.0,3465.0,0.026519452124893143,1.3755931090389528e-09,F351E
-2.2063208213316554,2158.0,501.0,0.09030437246663882,0.0,F351G
-0.0012852095668128662,2084.0,2198.0,0.06620921579919106,8.673617379884035e-19,F351H
-0.14645791657415017,2221.0,2127.0,0.0441537733507593,4.336808689942018e-19,F351I
-2.8957121226546443,3822.0,546.0,0.0993306403009551,3.469446951953614e-18,F351K
0.022409451816667127,3412.0,3702.0,0.09241264138736426,0.0,F351L
-0.16546458233476832,2272.0,2163.0,0.06548909886295946,0.0,F351M
-0.43353475660268403,1681.0,1314.0,0.07632429661757156,0.0,F351N
-4.269632822914774,1838.0,101.0,0.15957289483765505,0.0,F351P
-2.3079080845335564,3045.0,669.0,0.1988626131243888,0.0,F351Q
-3.675206932218838,2925.0,246.0,0.14918722061153009,1.3877787807814457e-17,F351R
0.1333570937244837,2425.0,2805.0,0.07236725389706204,0.0,F351S
0.12964210904590096,3054.0,3548.0,0.025610367431946314,1.1045978730804998e-17,F351T
-0.05994306035606977,1251.0,1274.0,0.04039350090313203,1.3682089974254376e-248,F351V
-0.06368628083365177,3168.0,3217.0,0.025937177183884854,6.682580988295382e-229,F351W
-0.3827824042734835,1671.0,1352.0,0.07855214481609703,0.0,F351Y
-4.014089045231353,2663.0,177.0,0.1918533217716637,3.469446951953614e-17,F351_
-0.6257012115352864,1710.0,1170.0,0.05596258899064877,0.0,F47A
-0.21637336382805483,1238.0,1129.0,0.04171591470437599,2.112365337381608e-55,F47C
0.14915217795018554,1231.0,1428.0,0.21095629066186972,0.0,F47D
-0.46739323195243787,846.0,653.0,0.052570794091979144,3.123708393798337e-101,F47E
-0.802726159450627,987.0,596.0,0.11745948770830031,0.0,F47G
-0.6990099478256998,1248.0,815.0,0.05274124880383641,2.387413183813081e-16,F47H
0.04436098011011163,1292.0,1413.0,0.05403345157031161,4.336808689942018e-19,F47I
-0.7091718587700486,4483.0,2929.0,0.09596613971231394,0.0,F47K
-0.32527058103599393,1659.0,1409.0,0.06532800396690665,0.0,F47L
-0.4519395480182957,980.0,767.0,0.14708846232924416,0.0,F47M
-0.1421506317086846,1170.0,1127.0,0.06193636489279996,0.0,F47N
-0.8969776877254562,2291.0,1306.0,0.035331351660102456,2.953564839380242e-11,F47P
-0.6171020439324474,1089.0,753.0,0.04793330163491766,2.1598346798428837e-08,F47Q
-0.0743489428183955,2445.0,2467.0,0.029336645122770188,8.44854003292972e-81,F47R
-0.5911372553956046,1192.0,842.0,0.060179765646613564,0.0,F47S
-0.43484188893158915,2109.0,1655.0,0.05409714835096144,0.0,F47T
0.008327058536323444,2609.0,2789.0,0.06483149670591887,8.673617379884035e-19,F47V
0.10414850441047772,2677.0,3039.0,0.04851372380749492,1.3010426069826053e-18,F47W
0.11613496698767523,2636.0,3025.0,0.02750297273342104,3.7580079232572474e-146,F47Y
-3.1755387791671468,1356.0,159.0,0.1152775907885326,6.938893903907228e-18,F47_
0.022699972795405133,1211.0,1305.0,0.040489298938058325,2.6278165402886464e-241,F57A
0.10860549045863097,990.0,1125.0,0.1051412764692468,0.0,F57C
-1.4280896872340727,1855.0,743.0,0.12552135185414764,0.0,F57D
0.14096890307847063,769.0,899.0,0.04959190163168513,1.4008890752565077e-27,F57E
0.1263455050222277,1563.0,1811.0,0.035203341880343686,1.0816544790473605e-100,F57G
0.20817095663077134,1973.0,2419.0,0.031102562550799406,1.9010602043625188e-35,F57H
0.07025851492758471,1381.0,1538.0,0.037699067776806025,3.4836765433673426e-138,F57I
0.09317526461280456,2045.0,2302.0,0.07888898280980308,1.734723475976807e-18,F57K
0.08729565637222321,1068.0,1196.0,0.1070193150391868,0.0,F57L
0.06053193468823656,1134.0,1255.0,0.04153582306179435,1.001552114109313e-39,F57M
-0.021143773799970858,1601.0,1676.0,0.03561639885874198,4.660560731101482e-132,F57N
-0.11529355240111014,525.0,510.0,0.14143617418985033,1.3877787807814457e-17,F57P
0.16326502860827125,1779.0,2112.0,0.03290138932582258,1.1151980826906403e-153,F57Q
-0.004211726971317522,1011.0,1071.0,0.056142388379162966,0.0,F57R
0.1805150464312533,705.0,848.0,0.05142685175037608,4.689545953195463e-51,F57S
-0.2699245208389775,1469.0,1286.0,0.03880442781060902,0.0,F57T
0.053209689894423776,3036.0,3347.0,0.025974646830201467,1.4345202610030853e-52,F57V
-0.0912725089829352,372.0,371.0,0.07380595583852331,6.991798591105105e-12,F57W
0.14773486302583488,1088.0,1275.0,0.041840505725302506,1.3063570322820597e-119,F57Y
-4.527143426910674,2330.0,107.0,0.0990897341782682,4.9199529957386795e-17,F57_
0.09620854499731822,677.0,762.0,0.12364488746097897,0.0,F6A
0.0748386437434492,1402.0,1565.0,0.04065031421252148,7.54939340208427e-12,F6C
-2.5572237526521224,1986.0,364.0,0.12543068631850862,1.0408340855860843e-17,F6D
-0.42875846572369714,999.0,789.0,0.07451844074241952,0.0,F6E
0.003684344284924711,1063.0,1137.0,0.09426063416968987,0.0,F6G
-0.32324556715736,1094.0,928.0,0.045166384822074856,1.3251891860846445e-148,F6H
-0.028304597727088696,1414.0,1479.0,0.06251618409274545,1.734723475976807e-18,F6I
-0.5638932420366434,1377.0,988.0,0.04227147362643073,1.5251270802949847e-64,F6K
0.032514540344929385,2774.0,3011.0,0.05108712011792568,4.336808689942018e-19,F6L
0.0370295680847368,858.0,937.0,0.047745139806201584,1.748165420837309e-38,F6M
-0.43396171153246527,1541.0,1207.0,0.039063975869272474,1.1809787318232079e-23,F6N
0.02816930594455374,943.0,1022.0,0.04570353602720599,2.5060971274217375e-31,F6P
-1.5541203277178146,1942.0,704.0,0.12481188051178894,0.0,F6Q
-0.5317785130951661,576.0,428.0,0.11224346420194227,0.0,F6R
-0.44545961879226015,808.0,628.0,0.07378444600183709,0.0,F6S
-0.0901374200568033,2238.0,2243.0,0.09211482902353633,0.0,F6T
0.06690299750741759,833.0,924.0,0.04828842774598126,8.67559775995937e-120,F6V
-0.009888873737352637,942.0,1016.0,0.16135764412898257,0.0,F6W
-0.23494557578178132,1902.0,1706.0,0.07992875132722373,0.0,F6Y
-4.434281263042471,2087.0,102.0,0.10162189275684778,5.5536348763882426e-42,F6_
-1.3194113735844837,896.0,381.0,0.06153711877014075,1.0056483511467808e-08,F78A
-1.7110521131331946,1226.0,414.0,0.3027843474294224,2.7755575615628914e-17,F78C
-0.5502730945387884,989.0,715.0,0.0721048054020991,0.0,F78D
-0.4684774024350221,1730.0,1330.0,0.06602792975361182,0.0,F78E
-0.669195680644429,1062.0,709.0,0.04899942743953239,3.0618266383152e-134,F78G
-0.24887765641885257,536.0,492.0,0.21531480873841316,0.0,F78H
-0.00024590699266927783,602.0,640.0,0.0572276427563819,1.057119250018962e-84,F78I
-2.6880957917515964,823.0,136.0,0.09287018143082473,4.058885728577755e-51,F78K
-0.4854282431526144,1068.0,808.0,0.04715215429978722,1.8298241117894444e-69,F78L
-0.37709451959260504,970.0,793.0,0.048391243267453116,1.4943880353611978e-64,F78M
-1.3406558050587734,2979.0,1243.0,0.07669387055160407,0.0,F78N
-1.0474322481655978,1466.0,749.0,0.09047679303825566,1.734723475976807e-18,F78P
-0.19553673145415704,1173.0,1086.0,0.04267438833833211,7.634967007201684e-241,F78Q
-3.995704222512024,2392.0,159.0,0.08218582956177502,1.748085903183879e-178,F78R
-1.6271639980872368,3879.0,1332.0,0.03248854798931254,9.621036672727406e-32,F78S
-0.3091510824720292,1629.0,1401.0,0.06496524829515787,8.673617379884035e-19,F78T
-0.6589737925791845,985.0,663.0,0.0678583803027437,0.0,F78V
-0.17111247633739718,1144.0,1087.0,0.11003490275304702,0.0,F78W
-0.35809650218438543,1054.0,869.0,0.08994836272898772,0.0,F78Y
-4.643748193374355,1252.0,53.0,0.14039624071199086,3.3475819771394736e-147,F78_
-0.4540042281192723,1088.0,846.0,0.06919141460590075,0.0,F83A
-0.18672012421593184,1118.0,1052.0,0.13156375163521644,0.0,F83C
-0.7756301093425542,1464.0,934.0,0.18307473094323456,0.0,F83D
-0.7957245401761315,698.0,426.0,0.07298075356528647,1.5612511283791264e-17,F83E
-0.45692058024394416,1155.0,899.0,0.09571015939109412,0.0,F83G
-0.5413342200950438,577.0,419.0,0.09483237374460071,0.0,F83H
-0.3508064259791122,1048.0,873.0,0.060212496197563116,1.3010426069826053e-18,F83I
-0.5778804741996468,1320.0,937.0,0.057873371548686006,0.0,F83K
-0.15606969208112037,1258.0,1199.0,0.040961824812731716,1.1423409583374226e-26,F83L
-0.06435842428332551,1086.0,1101.0,0.043322555177637966,0.0,F83M
-0.5374774800268963,852.0,631.0,0.15341676248260863,2.0816681711721685e-17,F83N
-0.8247678854758131,467.0,280.0,0.07591099573457488,1.8002203895290555e-130,F83P
-0.36037229973254714,803.0,662.0,0.05297628340485742,2.1774512751287986e-74,F83Q
-0.3005872798984897,1205.0,1033.0,0.09007653827309377,5.204170427930421e-18,F83R
-0.22916866015029125,1196.0,1073.0,0.14636466032550433,2.0816681711721685e-17,F83S
-0.38173456503783265,677.0,547.0,0.13123925320527,0.0,F83T
-0.18339337785197127,545.0,517.0,0.17886325807733666,0.0,F83V
-0.06954232485853334,1404.0,1422.0,0.03825564946974405,6.1678592746726445e-61,F83W
0.019884004933505308,1136.0,1221.0,0.041781041616048835,4.387723558725199e-20,F83Y
-4.184180173370515,1309.0,76.0,0.14413684546222075,3.469446951953614e-18,F83_
-0.003424916656159578,2989.0,3197.0,0.19652231407740756,1.3877787807814457e-17,F85A
-0.43076299978382826,1207.0,951.0,0.04390266457302484,8.678883176017351e-149,F85C
-1.488881477290422,712.0,275.0,0.3444622344535334,2.7755575615628914e-17,F85D
-2.2058459874547687,633.0,145.0,0.10521446126767899,2.5379004453540688e-14,F85E
-1.0575071155181315,1064.0,538.0,0.13309705628699836,6.938893903907228e-18,F85G
-0.6324844553355257,669.0,457.0,0.08665048913675732,0.0,F85H
-0.21177977274297624,2341.0,2147.0,0.030662712749363323,3.207901936169951e-16,F85I
-0.3453714754523908,1209.0,1003.0,0.10026286970247311,0.0,F85K
-0.6039477510605769,944.0,666.0,0.19197141195551948,2.7755575615628914e-17,F85L
-0.5954613277809417,1111.0,779.0,0.047263694131792724,5.111693834199274e-34,F85M
-0.08812171436651174,1153.0,1149.0,0.04224932803709519,6.233116479013923e-173,F85N
-0.34789708377293976,912.0,771.0,0.09961306860362015,0.0,F85P
-0.42817955408405584,437.0,348.0,0.12169915188219446,0.0,F85Q
-0.884716234039689,1025.0,587.0,0.08029854706081709,0.0,F85R
-0.3224635837964967,1993.0,1691.0,0.03647604508360551,2.1009951753619277e-11,F85S
-0.6400591877470087,1398.0,946.0,0.08096383731848159,3.469446951953614e-18,F85T
-0.7576463469191844,366.0,230.0,0.08446300504896904,1.4834322603719437e-275,F85V
-0.08970548986104264,1364.0,1360.0,0.05177911001403448,0.0,F85W
-0.22119604033021845,700.0,636.0,0.05520467809952966,8.113286434841524e-25,F85Y
-4.432755929333286,955.0,47.0,0.49246315432426885,0.0,F85_
-0.20568979379140379,1151.0,1050.0,0.15817201830235145,2.0816681711721685e-17,F91A
-0.11220791156801072,988.0,972.0,0.04571237938271155,1.7738124836188717e-119,F91C
-0.23922929094570655,1657.0,1494.0,0.03632824623667584,3.218257408718919e-126,F91D
0.060834345777986173,1688.0,1866.0,0.03429578617563196,2.8019759451447513e-12,F91E
0.019489226537429526,1286.0,1374.0,0.08528649779070879,6.938893903907228e-18,F91G
-0.31500685079517143,1458.0,1245.0,0.03918872295063881,4.1648726892959744e-61,F91H
-0.2313136456795513,813.0,736.0,0.05136411820681029,7.763688288199873e-120,F91I
-0.06332931399950831,1393.0,1403.0,0.12388801335530422,0.0,F91K
0.13354772581911106,1151.0,1335.0,0.04080003326959784,1.722532071091192e-56,F91L
0.026223085283633176,1101.0,1189.0,0.042388148037522166,6.357905301933546e-202,F91M
-0.5315538846842044,1021.0,755.0,0.07861073411635403,0.0,F91N
-0.1223098501878971,1779.0,1719.0,0.13958075467450146,6.938893903907228e-18,F91P
0.09363603698747236,705.0,796.0,0.052191786305096265,2.3307341148811276e-178,F91Q
0.1346078492492708,437.0,510.0,0.06561381479908662,3.6270666339814e-37,F91R
0.1068338889027327,1134.0,1296.0,0.041263799592738425,4.0404662367534805e-14,F91S
0.11295238781851595,1154.0,1326.0,0.040864518191853806,4.766419731835079e-13,F91T
0.10031413288154228,1926.0,2198.0,0.03914513677448192,0.0,F91V
0.054952484645413975,334.0,365.0,0.07613072071501249,7.57404391813969e-35,F91W
0.016853187760376885,1320.0,1413.0,0.050268231467942834,8.673617379884035e-19,F91Y
-4.443437794076692,1275.0,62.0,0.13027339505672408,4.3391158825364113e-13,F91_
-0.014050693564751469,1153.0,1215.0,0.041693392121280495,2.260062923354342e-145,G101A
-0.18910198152275182,1252.0,1155.0,0.12910468979125914,3.469446951953614e-18,G101C
-0.017231745463167462,1046.0,1098.0,0.043774072879508616,4.925941218587608e-33,G101D
-0.3933042721495317,1136.0,914.0,0.08349382100934498,0.0,G101E
-0.22512939701829554,1147.0,1029.0,0.17280436588109688,2.0816681711721685e-17,G101F
0.2306432950471942,1331.0,1676.0,0.10082660149597339,3.469446951953614e-18,G101H
-1.5840988405593537,2184.0,769.0,0.042487701445570895,4.194615824867238e-134,G101I
-0.06187939174212249,1171.0,1176.0,0.1787142294060566,0.0,G101K
0.0308472112404424,511.0,545.0,0.2291837823708038,0.0,G101L
0.003659009336849906,1277.0,1361.0,0.03956768859828798,3.118082956946443e-126,G101M
0.00525248098286936,1510.0,1623.0,0.08872997599740572,0.0,G101N
-4.296427805629764,1169.0,63.0,0.129520792073863,7.92277234464042e-132,G101P
-0.2178492500818855,1357.0,1239.0,0.039891160741063525,8.594822580694754e-230,G101Q
-1.291769724853334,2809.0,1216.0,0.035005661449110874,4.744347727158645e-93,G101R
-0.0002282446683082351,1025.0,1094.0,0.10691073019730096,6.938893903907228e-18,G101S
-0.21671969434477745,1456.0,1322.0,0.08252345098299192,0.0,G101T
-0.4450153213556684,862.0,669.0,0.05198083445828633,8.605324486765274e-51,G101V
-0.751328475834737,1022.0,638.0,0.20479158105278347,4.163336342344337e-17,G101W
-0.03842473890717212,2160.0,2218.0,0.08732243238323525,0.0,G101Y
-4.264737490136345,1059.0,58.0,0.17652201750637467,0.0,G101_
-4.332181134488713,1291.0,68.0,0.1245877648806425,1.0399483723499103e-59,G102A
-3.9347204027851688,1125.0,78.0,0.11727995605264725,6.268082072194976e-180,G102C
-4.424879384166013,1444.0,71.0,0.12178696265383146,8.719806887050603e-18,G102D
-3.9108238832449977,1068.0,79.0,0.3114870374593844,5.551115123125783e-17,G102E
-3.867794848357917,1167.0,84.0,0.24665535472773711,0.0,G102F
-3.8213867376663937,548.0,41.0,0.16201762745820145,3.260435086040789e-16,G102H
-4.431977400605453,1494.0,74.0,0.15574331610756348,1.0408340855860843e-17,G102I
-4.62689189699498,1716.0,74.0,0.13735853006256132,3.8044220551647356e-14,G102K
-4.261503264505246,1796.0,99.0,0.15603999190802226,1.0408340855860843e-17,G102L
-4.731678830303542,2032.0,81.0,0.11349813976434009,3.264421224478873e-162,G102M
-4.369047832650231,1635.0,84.0,0.11209504291390589,1.0422680637584538e-82,G102N
-4.258846169985738,1120.0,62.0,0.13062231463994423,1.263174997265498e-16,G102P
-4.425133594874905,1756.0,88.0,0.16181150155801713,0.0,G102Q
-3.8195373743452747,1627.0,122.0,0.10541740560572488,9.07342777300979e-13,G102R
-4.6870309221765,680.0,28.0,0.19294023746331904,1.725291793078209e-86,G102S
-3.8793851809004143,920.0,69.0,0.3499842525509886,0.0,G102T
-4.183344678975039,1439.0,84.0,0.11246466551354865,3.1927644034448673e-106,G102V
-4.076347518175454,1476.0,97.0,0.27317691948163814,4.163336342344337e-17,G102W
-4.260217861299477,1414.0,89.0,0.5983217739204115,3.3306690738754696e-16,G102Y
-4.283269062588415,1472.0,80.0,0.11498572820892804,6.555514193643818e-12,G102_
0.19584779328136445,794.0,967.0,0.04842629133711544,1.149215397372489e-08,G106A
-3.4569486086629975,1056.0,102.0,0.10396809826342779,5.932800536699047e-20,G106C
-3.8700017770585795,1649.0,119.0,0.11995026068005611,0.0,G106D
-4.314830681907541,1520.0,81.0,0.12177601169977682,6.134757677984243e-09,G106E
-4.20285685389095,1397.0,81.0,0.14682819848161838,0.0,G106F
-4.099619761043602,1288.0,79.0,0.25660659495626265,0.0,G106H
-4.500849760489198,1547.0,72.0,0.12073999319821997,1.783493136297305e-89,G106I
-4.25941002211493,1098.0,60.0,0.4320937897168918,1.6653345369377348e-16,G106K
-4.093390010089451,2006.0,129.0,0.24964597147559575,2.7755575615628914e-17,G106L
-4.275187196132611,1180.0,64.0,0.1289305706769759,3.493690648846573e-06,G106M
-4.151001673920627,629.0,38.0,0.3243424161760469,2.7755575615628914e-17,G106N
-4.5157221884543555,497.0,23.0,0.2480200338478703,9.057338212770105e-14,G106P
-4.191180099363477,1060.0,61.0,0.16420636496711508,3.469446951953614e-18,G106Q
-4.170105923052604,1571.0,95.0,0.2219258749878432,0.0,G106R
-0.15000019291224276,1105.0,1054.0,0.04359802386414833,1.0493739652126443e-79,G106S
-3.7221267545120726,1398.0,120.0,0.4471267806435101,5.551115123125783e-17,G106T
-4.375697628995586,878.0,44.0,0.5695703764453497,1.1102230246251565e-16,G106V
-3.9175963711545063,1400.0,101.0,0.22639090868863426,0.0,G106W
-3.438374535960225,1055.0,104.0,0.13712253616738146,6.938893903907228e-18,G106Y
-5.306897459264241,2517.0,68.0,0.2076647151143562,3.469446951953614e-17,G106_
-0.48078088610519165,811.0,627.0,0.1678709372255525,0.0,G111A
-0.560457076082466,719.0,520.0,0.10293151950332721,0.0,G111C
-2.397755976604475,1005.0,207.0,0.1885953935812849,0.0,G111D
-4.157582209791936,1005.0,60.0,0.13310081974170543,6.937563530010611e-58,G111E
-3.8752017211690855,801.0,58.0,0.1361467474387201,8.760775154000568e-276,G111F
-4.964508598867172,1244.0,42.0,0.15728276918476883,3.6542098560571356e-06,G111H
-3.8555388508585846,888.0,65.0,0.1286788140986646,1.3551161723348282e-196,G111I
-4.860983744058587,923.0,34.0,0.5372145161886579,3.3306690738754696e-16,G111K
-3.7569548030274813,719.0,60.0,0.38932079387440477,1.6653345369377348e-16,G111L
-4.4954549734828,1133.0,53.0,0.14071540600788432,2.9297440878708845e-64,G111M
-0.3502154497550547,561.0,461.0,0.16874921248398586,1.3877787807814457e-17,G111N
-0.9839024290077604,870.0,469.0,0.057755429244887406,1.65587015195891e-14,G111P
-4.494973911525771,457.0,21.0,0.4035419568889567,0.0,G111Q
-4.332621385488654,1675.0,95.0,0.4395083191722922,0.0,G111R
-0.9151694747065018,1048.0,587.0,0.06817364608135992,0.0,G111S
-1.8486049681299037,1005.0,297.0,0.10154686875785295,8.673617379884035e-18,G111T
-1.792318424721932,1102.0,336.0,0.09193518838949917,3.469446951953614e-18,G111V
-4.603933885519929,1741.0,76.0,0.11738712620161655,9.038890513444454e-100,G111W
-4.372762048078992,1740.0,88.0,0.2699448125713063,0.0,G111Y
-3.187701362386106,1053.0,122.0,0.095872630419043,5.81678296026459e-52,G111_
-0.2257819288830516,795.0,721.0,0.05195202048344613,1.2938467774276296e-07,G114A
-0.06199018475217047,1726.0,1751.0,0.034593503256912975,5.050633839784203e-22,G114C
-4.013273217390897,1690.0,113.0,0.18155986126277632,0.0,G114D
-3.7180804278144985,1073.0,86.0,0.14314360108506005,0.0,G114E
-3.874243763147325,2054.0,148.0,0.09754609753245062,9.119441313210075e-15,G114F
-3.759338568745434,1588.0,123.0,0.31947556732727483,2.7755575615628914e-17,G114H
-3.5945761326529966,1645.0,147.0,0.15438156392878885,3.469446951953614e-17,G114I
-1.8180351361013358,1366.0,416.0,0.1832231715238779,6.938893903907228e-18,G114K
-4.690353425210459,665.0,27.0,0.34780205901203565,0.0,G114L
-3.844451006895366,1083.0,79.0,0.33954568472695273,0.0,G114M
-3.676316484103281,1123.0,94.0,0.15053236342891427,0.0,G114N
-0.9111546570537677,937.0,528.0,0.05524253749740542,6.107870767229658e-07,G114P
-4.068630910704347,1647.0,104.0,0.10137499744814564,6.291963533767545e-11,G114Q
-3.335362101334163,4192.0,437.0,0.06157291055509763,2.168404344971009e-18,G114R
0.14191585179884808,691.0,812.0,0.052238484930807634,1.8016980103573976e-92,G114S
-0.6999675761345097,1091.0,710.0,0.06965178615697182,0.0,G114T
-0.6957746743207217,1278.0,845.0,0.09336997555285828,0.0,G114V
-4.323937161243209,1737.0,92.0,0.10719145165170318,2.190363069146568e-07,G114W
-4.210899156083546,1512.0,96.0,0.59071496037322,0.0,G114Y
-4.138225455782127,1594.0,95.0,0.18893802975613141,0.0,G114_
-0.194446024175283,909.0,841.0,0.04833670870820415,3.887511747879663e-77,G130A
-0.012383553090425766,1304.0,1369.0,0.03968678300355396,2.646370809008202e-07,G130C
-4.378033265698895,1860.0,94.0,0.348342103346069,0.0,G130D
-3.9793234409838294,526.0,35.0,0.17465949769914424,3.5639252231849124e-08,G130E
-0.36820203720699085,1767.0,1450.0,0.03609032328817463,2.9563955015735295e-213,G130F
-2.3659786540301315,1159.0,245.0,0.24375984437760417,0.0,G130H
-0.28695711450281286,380.0,331.0,0.10764800704561127,0.0,G130I
-2.750478220277633,1166.0,200.0,0.47398612647479166,2.7755575615628914e-16,G130K
-0.2828951344532258,744.0,659.0,0.17440547831469858,3.469446951953614e-17,G130L
-0.16673496634174317,1271.0,1196.0,0.0741995808724311,1.734723475976807e-18,G130M
-0.10089490711260723,1112.0,1100.0,0.04309064692270376,6.28134780118537e-93,G130N
-4.6695101009463205,897.0,39.0,0.3301963256351782,0.0,G130P
-0.37094436373869255,525.0,433.0,0.10174422579519725,6.938893903907228e-18,G130Q
-1.7538882733385284,2945.0,934.0,0.13246997809539723,0.0,G130R
0.055579351765382055,570.0,629.0,0.05827079534832911,6.308603730346897e-98,G130S
-0.15345154856252155,1272.0,1204.0,0.1180670232635931,3.469446951953614e-18,G130T
-0.266339361262024,722.0,636.0,0.05480706697057801,3.0767248441518534e-16,G130V
0.2941035970548778,821.0,1066.0,0.0838983856598545,0.0,G130W
-0.5044108294777846,2083.0,1563.0,0.04740374985157712,0.0,G130Y
-4.3570139804435195,950.0,49.0,0.14662206735918484,1.330015060687102e-42,G130_
0.11480577993935387,985.0,1135.0,0.044085918836187045,8.310630966424889e-103,G139A
-0.011669403454816912,1912.0,2012.0,0.032661922999250095,9.439543801892406e-289,G139C
-2.1456923873283382,1377.0,341.0,0.3059128598015654,5.551115123125783e-17,G139D
-3.986313917647124,1707.0,114.0,0.09701323729167585,3.049355668648121e-10,G139E
-3.678981630404574,708.0,60.0,0.26147833661575315,9.71445146547012e-17,G139F
-3.768809051789328,1837.0,143.0,0.09619602757588419,9.917139158488464e-12,G139H
-4.308743861817757,826.0,44.0,0.1548332467307412,2.8363193312888055e-54,G139I
-4.255946289511381,999.0,55.0,0.29600447696195153,2.7755575615628914e-17,G139K
-4.4215495980685215,1516.0,75.0,0.11847563748237878,3.5409298228159333e-124,G139L
-3.356338467350132,2489.0,259.0,0.08053172561937309,4.336808689942018e-18,G139M
-3.9964632003262732,466.0,31.0,0.6266844764427775,0.0,G139N
-3.9810075038644612,1848.0,124.0,0.09301900917314139,3.1028296123045984e-290,G139P
-3.950052449224756,1631.0,116.0,0.25030161799831857,0.0,G139Q
-4.1624501797680615,1687.0,103.0,0.2258051763126431,6.938893903907228e-17,G139R
-0.03804654575193629,2229.0,2301.0,0.030493507163020066,3.0409537587321977e-221,G139S
0.493159186310011,1395.0,2086.0,0.07430732069870333,3.469446951953614e-18,G139T
-0.9453533880863919,1683.0,929.0,0.041444284610846344,8.845385645530451e-116,G139V
-4.209578549792655,1268.0,72.0,0.19587666144594568,0.0,G139W
-4.781323490867113,1759.0,67.0,0.23653233368026483,0.0,G139Y
-4.185582066145767,1620.0,95.0,0.14004232209423867,0.0,G139_
-0.5787855161405783,557.0,393.0,0.12917786398861292,0.0,G143A
-0.0037358548392729687,1326.0,1409.0,0.038880204146897274,6.069798894156186e-126,G143C
-4.263933604610113,1481.0,82.0,0.11364432972179929,1.3624599537469788e-150,G143D
-3.8976365309291463,1362.0,97.0,0.1053117859379274,1.0725938282244493e-299,G143E
-1.6786705007922635,1225.0,406.0,0.06395802451052482,8.652900444772182e-13,G143F
-4.530515934269642,2099.0,96.0,0.10459141519723898,3.0560590127198786e-174,G143H
-3.848725675774294,761.0,56.0,0.138603221236382,1.1099764090372994e-61,G143I
-4.855353353658984,2873.0,105.0,0.11160346090821005,1.0414655249313398e-12,G143K
-3.1295624628984697,1634.0,198.0,0.0755508358147976,6.821944754958882e-24,G143L
-1.4013895408301613,1485.0,611.0,0.24739509571201715,0.0,G143M
-4.507064599752662,922.0,44.0,0.2741278921352052,5.551115123125783e-17,G143N
-2.6130073648751626,646.0,114.0,0.2724954590809113,0.0,G143P
-4.400950027512625,1353.0,68.0,0.12445309056185705,5.167149565608752e-171,G143Q
-4.177453869894392,1785.0,104.0,0.12537902000896992,0.0,G143R
-0.27158394988546153,1046.0,931.0,0.07161029674643564,8.673617379884035e-19,G143S
-0.3196863309368108,1469.0,1251.0,0.0451284121620243,3.3436794999452957e-16,G143T
-2.2419013511352963,1130.0,253.0,0.06993541955793303,1.002159436888976e-28,G143V
-1.36189615728797,2114.0,876.0,0.09041799611784179,0.0,G143W
-4.252557577929583,1531.0,85.0,0.11164871267215525,8.691881672642461e-131,G143Y
-4.333371237791714,743.0,39.0,0.16449755949949638,2.3046203287975084e-09,G143_
-0.15195338601215527,1414.0,1352.0,0.0386578145361565,4.183915196650686e-144,G145A
0.22450651651732406,1051.0,1290.0,0.14290113832301263,2.0816681711721685e-17,G145C
-0.2690251268790718,1453.0,1279.0,0.03896699959612781,2.2882194964321198e-38,G145D
-3.9586449725565545,1514.0,107.0,0.25513199630051103,1.3877787807814457e-17,G145E
-1.2042165832347653,1495.0,687.0,0.04660986505146094,9.67560681932929e-187,G145F
-4.343458943910083,1701.0,89.0,0.10895074621790968,1.2481831070246595e-216,G145H
-0.4181384929999451,932.0,740.0,0.05182023109424272,1.3903392682642918e-08,G145I
-3.9757280615839474,787.0,53.0,0.14204594443837784,4.782886508457036e-19,G145K
0.011420254742181639,1558.0,1652.0,0.12418737168667018,1.3877787807814457e-17,G145L
-0.22302496514002046,1008.0,920.0,0.04611844630084343,3.721124521704036e-179,G145M
-3.747782450170018,291.0,23.0,0.4849530318355107,0.0,G145N
-0.5179751624760459,1031.0,765.0,0.050387446642566926,9.522756811341983e-09,G145P
-4.28617842852281,1272.0,70.0,0.20796236530081524,0.0,G145Q
-0.540204679327652,757.0,553.0,0.05637841288025494,0.0,G145S
-0.010205527827642433,764.0,796.0,0.1680639445250884,0.0,G145T
0.21111987319821035,833.0,1016.0,0.1055833766021281,0.0,G145V
-4.0181034277788354,1316.0,85.0,0.25063541063817935,1.3877787807814457e-17,G145W
-3.988233379556844,1287.0,85.0,0.25093534375617965,0.0,G145Y
-3.999884413051131,298.0,23.0,0.7901428944435084,2.220446049250313e-16,G145_
0.2369115793679726,1438.0,1791.0,0.057071414239668564,0.0,G147A
0.1519484956636141,1309.0,1540.0,0.038220716388199676,3.451226580857752e-137,G147C
0.09953549799738028,944.0,1067.0,0.08899069609458332,0.0,G147D
-0.34671771064266665,1842.0,1541.0,0.18511985475164452,2.7755575615628914e-17,G147E
-3.2291743074692616,1949.0,220.0,0.07147850427988271,4.48409272102764e-25,G147F
-0.400953738744347,750.0,605.0,0.05795152594184031,4.605793824889043e-09,G147H
-3.00734924264707,1117.0,151.0,0.24618614528210783,4.163336342344337e-17,G147I
-4.247539604089446,453.0,25.0,0.36212380981465453,5.551115123125783e-17,G147K
-3.717387664860504,1460.0,118.0,0.09594147086558444,4.058660713848008e-77,G147L
-0.9850651662835541,1156.0,618.0,0.053691438739754904,2.8959138656959454e-10,G147M
-0.5269139584742539,1088.0,799.0,0.04710831926813405,4.7703667162202623e-163,G147N
-0.9080433526911821,1270.0,712.0,0.13896416378135493,0.0,G147P
-0.8381840425079399,2277.0,1351.0,0.03501546459740453,1.4728151921342153e-174,G147Q
-4.774841058345451,580.0,23.0,0.3118979116774687,2.7755575615628914e-17,G147R
0.24135705566257631,805.0,1023.0,0.11649073381795123,1.0408340855860843e-17,G147S
-0.13785236457944555,1705.0,1637.0,0.0719909530864781,0.0,G147T
-1.1158123656261125,1827.0,893.0,0.042934698560596805,1.9292391178571486e-08,G147V
-0.23923147248837523,619.0,553.0,0.11549175938611851,0.0,G147W
-0.2901063090695198,1443.0,1250.0,0.056819897025211764,0.0,G147Y
-4.428906897240835,1545.0,76.0,0.11768847181238691,4.4829616221214516e-274,G147_
-0.6185938809389256,243.0,170.0,0.11146122315273216,1.0368413592976022e-11,G148A
-1.66473247347216,1090.0,365.0,0.06087939688917068,4.0981445853862386e-216,G148C
-4.613525963015065,1609.0,69.0,0.2558664031733175,2.7755575615628914e-17,G148D
-4.304103884797794,1623.0,87.0,0.1102485944093575,1.4938961810057185e-121,G148E
-4.27852485212597,2448.0,133.0,0.12202151344273683,1.734723475976807e-18,G148F
-3.8128622999171924,1018.0,77.0,0.1183869869574409,1.7318535336206313e-245,G148H
-3.649031623369775,702.0,59.0,0.1358178396021598,1.8503879448688039e-09,G148I
-4.312689747105854,1004.0,53.0,0.284895406513888,4.163336342344337e-17,G148K
-4.293238357150011,1162.0,66.0,0.2870285570044475,0.0,G148L
-4.1885705830681434,2071.0,124.0,0.2218852968095614,1.249000902703301e-16,G148M
-4.058791204264294,528.0,38.0,0.5642564364073065,0.0,G148N
-2.27741935527766,2742.0,607.0,0.16344829567636507,2.0816681711721685e-17,G148P
-3.8654181952231523,1526.0,111.0,0.09855447081123297,2.201304231405985e-121,G148Q
-4.352574302706452,2168.0,112.0,0.12454071013831972,1.734723475976807e-18,G148R
-1.9710967176021745,1177.0,318.0,0.06360658931880173,2.64216381225019e-49,G148S
-4.63840440375798,819.0,35.0,0.24117421557827742,0.0,G148T
-3.741822347990439,2263.0,189.0,0.43319661592795805,5.551115123125783e-17,G148V
-3.9081758243589344,1683.0,118.0,0.3742466727351417,5.551115123125783e-17,G148W
-4.186914114330765,1786.0,108.0,0.26262867839826953,0.0,G148Y
-4.532540377294667,1626.0,74.0,0.15779984675468323,0.0,G148_
-0.17720046039472462,2168.0,2030.0,0.031630044507658134,2.951649112385404e-191,G163A
0.03224538279573876,1597.0,1730.0,0.03538455282131666,1.8394338702324746e-28,G163C
-0.4124749534550058,1262.0,999.0,0.10352477685113601,6.938893903907228e-18,G163D
-0.10054002899603658,1269.0,1245.0,0.1327516334719167,0.0,G163E
0.07534614736253158,1885.0,2103.0,0.03244009723164488,1.970917190152535e-56,G163F
0.04953596319764589,1543.0,1706.0,0.12317150908264606,1.0408340855860843e-17,G163H
0.039344883080728116,1378.0,1508.0,0.06515973035967565,8.673617379884035e-19,G163I
-0.20907176532020663,803.0,737.0,0.05147299005321774,5.198171426854867e-68,G163K
0.007548309860391766,1629.0,1735.0,0.049759162427093814,0.0,G163L
0.2269235465588519,1363.0,1682.0,0.09861872206501737,0.0,G163M
0.15932867267839135,4739.0,5657.0,0.09409735561944206,3.469446951953614e-18,G163N
-1.2228921270722788,1676.0,767.0,0.10548411328760532,0.0,G163P
0.16868161958473613,1035.0,1227.0,0.0931207683254633,0.0,G163Q
-4.084228391557713,2293.0,142.0,0.18225177955684232,0.0,G163R
-0.29866764692293496,1500.0,1312.0,0.1729283177154262,6.938893903907228e-18,G163S
0.13333625377365288,1799.0,2113.0,0.1209392442818629,1.0408340855860843e-17,G163T
-0.1999103523666748,746.0,689.0,0.05798796758211877,1.4059683105249743e-11,G163V
0.008779936563295067,1131.0,1197.0,0.12990147561223456,3.469446951953614e-18,G163W
0.3035973019275433,1845.0,2405.0,0.08088527914256155,1.734723475976807e-18,G163Y
-4.04633573818882,1482.0,95.0,0.1060814852485624,3.8173912514028833e-42,G163_
0.15120521402441986,1057.0,1246.0,0.08642323587773221,0.0,G166A
-0.1514251159801318,879.0,839.0,0.08416355872818325,0.0,G166C
-0.33046205603320655,922.0,782.0,0.08968024760987095,0.0,G166D
-0.2660887216306953,1232.0,1085.0,0.04220243105712624,5.79971152550584e-272,G166E
0.18232064807112783,1784.0,2140.0,0.05990558608733885,0.0,G166F
-0.5914677685980924,1109.0,774.0,0.1341771825144822,0.0,G166H
-0.1485639309133625,2213.0,2110.0,0.031176462419779696,9.445173901864599e-13,G166I
-0.2291304075439595,1264.0,1143.0,0.048759101015552316,6.071532165918825e-18,G166K
-0.22399259740511282,1154.0,1053.0,0.044220883022267225,9.550542394819585e-08,G166L
-0.1384458653800566,1157.0,1116.0,0.04252785702263612,6.1081992130747275e-105,G166M
-0.28083365054661014,1274.0,1114.0,0.04162069952369102,1.9914979426394566e-08,G166N
-0.36087317656374485,2070.0,1726.0,0.14199837929201803,6.938893903907228e-18,G166P
-0.45473960634263877,1455.0,1123.0,0.04029991713581116,1.8585742649239212e-15,G166Q
-3.0308973542818176,715.0,93.0,0.11042876388009648,1.4003320887038085e-15,G166R
-0.03477265700240828,1488.0,1532.0,0.09105553726313931,0.0,G166S
-0.07012695115174009,1350.0,1365.0,0.11562971960077217,3.469446951953614e-18,G166T
0.002154561016239518,1709.0,1817.0,0.06348766637422093,0.0,G166V
-2.601572249499343,2343.0,418.0,0.21183984269511397,0.0,G166W
0.10478771957048096,2423.0,2767.0,0.028648681855309856,7.101704553058172e-100,G166Y
-4.103546625512174,1586.0,107.0,0.4715188029781178,0.0,G166_
0.030355381130116457,1625.0,1759.0,0.03507863313378413,2.384048542323264e-98,G187A
1.2851210210679882,4667.0,12078.0,0.07378640248989224,0.0,G187C
0.012677144320282238,833.0,881.0,0.1755646059570567,0.0,G187D
-0.032791750305253185,1173.0,1216.0,0.04150130794604097,1.3963448681880257e-287,G187E
0.1430938998785815,642.0,750.0,0.05422403735439668,1.294568221327686e-249,G187F
0.009295197136013516,1169.0,1242.0,0.09010670608042627,0.0,G187H
0.21408256228117964,786.0,966.0,0.07355659401940193,0.0,G187I
-1.1765711313005924,3792.0,1795.0,0.15558146928336966,6.938893903907228e-18,G187K
0.27262904114740427,723.0,937.0,0.10512175800493878,0.0,G187L
0.09467655959386388,1055.0,1198.0,0.08147688412540711,0.0,G187M
0.07079768598285373,1612.0,1780.0,0.1323726209415919,0.0,G187N
0.08875294268124054,1554.0,1754.0,0.03549365629917413,5.383638956627273e-13,G187P
-0.03268762532777939,1674.0,1724.0,0.10453738715538173,0.0,G187Q
0.04257675507230622,1123.0,1215.0,0.2100431536004941,0.0,G187R
0.04168444362700207,1660.0,1815.0,0.034655170426807325,2.5871531964243408e-42,G187S
0.07392272087851996,1569.0,1754.0,0.03541352443605624,9.344132120046309e-96,G187T
0.05657106751641506,2534.0,2767.0,0.14523789890375127,0.0,G187V
0.2652073117261069,1691.0,2158.0,0.03318996882913062,9.975940726797547e-261,G187W
0.034737625303252,2750.0,2972.0,0.08073879774539264,1.734723475976807e-18,G187Y
-4.3891634010326985,1287.0,65.0,0.1272885398830317,3.176886627024943e-24,G187_
-0.3245445253825004,702.0,591.0,0.11132861301204194,0.0,G18A
-0.04212967313583021,1733.0,1785.0,0.03441981683266149,1.9250106338671836e-54,G18C
-2.6798692320506774,801.0,133.0,0.0939644376225671,4.219299251150593e-15,G18D
-3.763548436010174,834.0,65.0,0.1289730384803042,1.0767728814005965e-122,G18E
-1.3767043357253108,1271.0,523.0,0.12392341767801916,0.0,G18H
-2.0189816570678882,1021.0,267.0,0.06910175313489941,7.000628738486929e-135,G18I
-0.33411032004955915,551.0,463.0,0.06343027023689837,1.7139294202577533e-113,G18K
-2.7951597127292516,1777.0,275.0,0.10435396771935712,0.0,G18L
-0.50300366607429,1003.0,748.0,0.09211208150887681,3.469446951953614e-18,G18M
-2.4924344643228045,172.0,32.0,0.46909684907602267,0.0,G18N
-1.3495252947329215,1681.0,707.0,0.09948910020027825,1.734723475976807e-18,G18P
-2.0166128568367263,1039.0,276.0,0.14215140618219785,1.0408340855860843e-17,G18Q
-1.2839282110777368,1095.0,485.0,0.17960416859347023,0.0,G18R
0.44773635338915996,2944.0,4258.0,0.024909944703847414,3.413983035371799e-46,G18S
-0.9899460589239337,2425.0,1307.0,0.07500176974156395,0.0,G18T
-1.9633836867121075,967.0,261.0,0.1387253997582469,0.0,G18V
-4.155935095676611,1289.0,77.0,0.14343613354824006,3.469446951953614e-18,G18W
-4.160438267911779,1263.0,78.0,0.33652844140952637,0.0,G18Y
-4.017275144113795,80.0,5.0,0.608328759738834,0.0,G18_
-0.07704838546109626,1092.0,1094.0,0.060132579635685524,4.336808689942018e-19,G20A
-0.45909488979834545,1254.0,971.0,0.04329187921683375,2.8068178130297924e-53,G20C
-3.598378642124215,1173.0,103.0,0.10300256059513786,4.042659990174453e-233,G20D
-4.146175317956257,1489.0,89.0,0.10934833966680393,1.683475320878307e-81,G20E
-4.329802963817734,1042.0,55.0,0.13851456404910018,7.006254984917454e-206,G20F
-2.898905702914886,1045.0,149.0,0.08788439378030322,4.948707400576179e-38,G20H
-2.347911558078261,935.0,205.0,0.34298884711068556,0.0,G20I
-4.07664185534262,1956.0,122.0,0.14818226652568608,0.0,G20K
-4.088074873951393,627.0,39.0,0.16513240417089545,8.242711586857932e-70,G20L
-4.49104050258219,2093.0,102.0,0.2640394942856281,6.938893903907228e-17,G20M
-3.8320141638967304,1198.0,89.0,0.14477404424732002,2.0816681711721685e-17,G20N
-0.05523193813604018,2599.0,2657.0,0.028426558807627955,3.189754158030917e-19,G20P
-4.123077168935417,1620.0,99.0,0.10374303155854467,1.0628930122740948e-62,G20Q
-4.3996995880159835,1885.0,95.0,0.10536047115058386,1.486123681201452e-65,G20R
1.2577618578247685,4442.0,11300.0,0.018957414670951352,1.5069034827757195e-29,G20S
-3.3873742635851536,799.0,81.0,0.11686578865908921,7.946995172950316e-38,G20T
-1.5249217667789101,1345.0,497.0,0.06444096669412233,1.3010426069826053e-18,G20V
-4.194582888802604,807.0,49.0,0.6976800893477983,0.0,G20W
-3.921123261469611,1679.0,117.0,0.11491309505053254,1.734723475976807e-18,G20Y
-3.612805878402898,2472.0,213.0,0.11199482950521067,0.0,G20_
-0.08439468060809555,2414.0,2399.0,0.0952179529694704,0.0,G217A
-4.18250350052174,1468.0,86.0,0.11115600979666641,3.645954070974727e-270,G217C
-4.226254420684013,2484.0,140.0,0.0871523108473301,7.250566918565735e-19,G217D
-4.418766773659007,921.0,47.0,0.3186928200187078,2.7755575615628914e-17,G217E
-3.7898437441005965,979.0,75.0,0.11998620422466302,3.773559225097486e-15,G217F
-4.444531429011271,731.0,35.0,0.4228971135692643,1.6653345369377348e-16,G217H
-4.418355600021821,1898.0,95.0,0.3993917935925629,0.0,G217I
-3.5423376128808086,953.0,88.0,0.21550064812065567,2.7755575615628914e-17,G217K
-4.139179107435599,2125.0,127.0,0.25849450145932124,2.7755575615628914e-17,G217L
-4.343014247770239,2119.0,110.0,0.14805538355051956,0.0,G217M
-4.148651114417839,2665.0,158.0,0.18408908877224142,0.0,G217N
-2.7433520004484495,601.0,96.0,0.1517111678471654,1.3877787807814457e-17,G217P
-4.159052245318269,2136.0,127.0,0.0915978920922162,7.428001787840099e-109,G217Q
-4.2717983955696575,1660.0,95.0,0.3702882191108091,8.326672684688674e-17,G217R
-2.6720918487920553,1497.0,249.0,0.08939835367726261,1.734723475976807e-18,G217S
-3.588556358103815,863.0,77.0,0.5014723689918087,0.0,G217T
-3.855616872671822,587.0,43.0,0.15813583912326404,1.5843159393236213e-152,G217V
-4.374580928076547,1669.0,88.0,0.24852745476662302,6.938893903907228e-17,G217W
-4.170794800976552,2298.0,134.0,0.21954650953876384,0.0,G217Y
-3.9505852956137764,1215.0,83.0,0.11364456796679465,2.134883252269264e-83,G217_
0.05625329455630377,2531.0,2794.0,0.028274483616525375,1.0516405372252003e-303,G246A
0.24327102167639833,2231.0,2789.0,0.07094647542698627,1.734723475976807e-18,G246C
-0.3680256735679907,1443.0,1190.0,0.03974715258728008,6.243953319314275e-25,G246D
-2.3404884129669257,1656.0,347.0,0.05943071242189754,2.7594926577813143e-42,G246E
0.11667088603045926,1818.0,2090.0,0.04872302077597636,0.0,G246F
0.27130345732238415,2086.0,2669.0,0.03001035866090161,2.503840789145253e-241,G246H
0.1996625670664753,1599.0,1947.0,0.03442755258964352,3.739415589163163e-29,G246I
-3.658607631895777,1968.0,165.0,0.08133722429711669,0.0,G246K
0.2660637678535623,1932.0,2460.0,0.04413768068468465,0.0,G246L
0.20221128244113265,3154.0,3844.0,0.03688202418864209,0.0,G246M
-0.7908036574118654,4183.0,2568.0,0.10311945763401167,0.0,G246N
0.13427489167823603,1703.0,1986.0,0.053542853569915005,8.673617379884035e-19,G246P
-0.022645936825149,1432.0,1497.0,0.03758960357410756,3.595333651837072e-71,G246Q
-4.046728021541309,1817.0,119.0,0.172105043532884,6.938893903907228e-18,G246R
-1.4362024856887605,6875.0,2696.0,0.09149025360027371,0.0,G246S
0.14661853141880957,1984.0,2330.0,0.04433350403479036,0.0,G246T
0.01627237435176949,2647.0,2841.0,0.027856138116630312,8.661780216020789e-79,G246V
0.5192511068836787,2534.0,3851.0,0.026475705904909247,4.498898000859603e-16,G246W
0.08659107270076355,2822.0,3165.0,0.06246674959278577,2.6020852139652106e-18,G246Y
-3.834374164174772,1489.0,110.0,0.13044532670949668,0.0,G246_
-0.5476567303066123,2368.0,1739.0,0.18709885395901468,0.0,G247A
-0.2030784743360379,2306.0,2127.0,0.030824556856245532,2.994777632545436e-83,G247C
-1.6262445590353911,1953.0,672.0,0.04526889628809142,2.2373108086262925e-17,G247D
-1.002531368851285,1746.0,925.0,0.04123559225114096,1.6102588881588527e-50,G247E
-1.5790838528770086,1723.0,606.0,0.14653288896661237,6.938893903907228e-18,G247F
-3.663658086371998,1279.0,107.0,0.10088458007067931,4.336597608319331e-102,G247H
-1.4067243201136022,2897.0,1160.0,0.035411263775490275,4.591034308327787e-302,G247I
-4.613891987558316,2476.0,107.0,0.09896438249435202,1.4648561930158051e-65,G247K
-1.3612876198129615,1883.0,780.0,0.0750156573509919,0.0,G247L
-0.44199159288238016,2185.0,1728.0,0.16810067261141476,0.0,G247M
-0.5999304116155829,2333.0,1667.0,0.19710011673980296,0.0,G247N
-0.14679662330834978,3908.0,3744.0,0.023857911493539514,2.6089416994370613e-110,G247P
-0.8460734296251723,1965.0,1167.0,0.06955157704174061,3.469446951953614e-18,G247Q
-4.299199935368498,2750.0,151.0,0.17268909629699108,0.0,G247R
-0.5479318744822844,2207.0,1627.0,0.1914226456233257,1.3877787807814457e-17,G247S
-0.11644885503132586,1087.0,1064.0,0.0436589709630597,1.7107649910391117e-11,G247T
-0.2335694062845822,2684.0,2422.0,0.03357614541176517,3.0140820395097023e-17,G247V
-3.7201220057778364,1424.0,118.0,0.29270919994558375,2.7755575615628914e-17,G247W
-4.193281199264181,2813.0,162.0,0.11452991391092673,0.0,G247Y
-4.188139038234458,2849.0,164.0,0.23523624586925135,2.7755575615628914e-17,G247_
-0.4626118877611676,1510.0,1167.0,0.03958509399519967,1.110087035732793e-133,G248A
-0.09241224508947161,1868.0,1856.0,0.033483252644068776,7.433685143951865e-08,G248C
-3.9108539805669893,2582.0,182.0,0.07699566368441121,1.3882685566248344e-239,G248D
-3.8162240256836353,2171.0,163.0,0.09771798745281408,8.673617379884035e-19,G248E
-4.133573257273228,1415.0,84.0,0.310858420538457,0.0,G248F
-4.067445203826279,1692.0,106.0,0.20151291900205295,0.0,G248H
-4.1916409617883135,2454.0,142.0,0.0923564682051298,1.229732679401685e-09,G248I
-3.594650647091328,2550.0,224.0,0.07001490554129666,9.118675371668751e-41,G248K
-4.02080296970764,2582.0,167.0,0.2046618596812363,0.0,G248L
-3.8708962468160935,1943.0,140.0,0.12625215474032242,0.0,G248M
-4.252529339392318,2175.0,125.0,0.24384206835267677,6.938893903907228e-17,G248N
-0.6378844676400298,2854.0,1957.0,0.11257731336164804,6.938893903907228e-18,G248P
-4.427191799334395,1500.0,73.0,0.3065037959967098,0.0,G248Q
-4.267360272123431,2984.0,164.0,0.08048828776111389,7.757061748184475e-112,G248R
-0.36900055332541554,2120.0,1758.0,0.2066630869795251,1.3877787807814457e-17,G248S
-2.2201311377457884,1503.0,345.0,0.07435696143905313,8.239936510889834e-18,G248T
-4.216433036272028,3470.0,198.0,0.0733892435378885,7.290574333004175e-89,G248V
-4.317794307029343,1284.0,71.0,0.4067446623259946,1.1102230246251565e-16,G248W
-4.053002364814211,2680.0,171.0,0.07916149292259253,1.9431574206044803e-64,G248Y
-4.325469530207583,1340.0,77.0,0.48483747729666876,2.7755575615628914e-16,G248_
0.2993681865736667,2199.0,2870.0,0.02914562832106681,3.858937782133273e-102,G251A
0.1308090229716207,1948.0,2267.0,0.0316356720926388,4.5744790131375956e-64,G251C
-1.146455630755196,2919.0,1408.0,0.06632870597411294,8.673617379884035e-19,G251D
-3.5915894776258073,3632.0,323.0,0.18389451069976095,4.85722573273506e-17,G251E
-2.644210288234535,1221.0,207.0,0.07547402199544881,6.863263652879785e-65,G251F
-3.135292541013402,2128.0,257.0,0.06639353465129613,6.393179803701979e-234,G251H
-0.6675016513744462,2669.0,1791.0,0.0624457396064842,2.6020852139652106e-18,G251I
-3.8714295190465653,2350.0,170.0,0.07971232491419586,1.909457624853731e-139,G251K
-1.3050145162376963,1364.0,583.0,0.04995313341647421,3.714066236221012e-57,G251L
-3.127860988914518,2291.0,277.0,0.08600867315667744,0.0,G251M
-0.651037812451628,1753.0,1185.0,0.03824455117077748,8.754894682035502e-25,G251N
0.12359489456142876,2455.0,2849.0,0.035936130553630714,1.0842021724855044e-19,G251P
-2.488164937944296,2180.0,427.0,0.2657875852164226,2.7755575615628914e-17,G251Q
-4.247524361537044,2153.0,125.0,0.2778385720363429,0.0,G251R
-0.48084535491087926,2733.0,2064.0,0.09209151224469003,1.734723475976807e-18,G251S
0.2493153663613375,2094.0,2624.0,0.09139457119519577,1.734723475976807e-18,G251T
0.09177547856363963,1142.0,1290.0,0.04119922550792414,1.1775274059654472e-34,G251V
-3.8931403524913257,2045.0,146.0,0.08594066171009306,2.8412212533846093e-170,G251W
-0.9821042489712779,3437.0,1837.0,0.036128749181976394,1.0842021724855044e-19,G251Y
-4.574586014572463,1635.0,72.0,0.20667093738717823,0.0,G251_
0.0005873045290716507,2042.0,2174.0,0.061119368429886994,1.734723475976807e-18,G291A
-0.014794281614903456,1618.0,1691.0,0.06798551308223637,0.0,G291C
0.14057451070308186,2124.0,2481.0,0.05299576334435999,0.0,G291D
0.1220534021694695,1862.0,2134.0,0.10806662708575131,0.0,G291E
0.16042984099621915,3129.0,3687.0,0.0857752771212723,0.0,G291F
-0.02965056291330672,2600.0,2713.0,0.08206744803194725,3.469446951953614e-18,G291H
-0.006939885238941798,2032.0,2135.0,0.04859160874557331,4.336808689942018e-19,G291I
-0.4635325077700078,3213.0,2467.0,0.0870427569670798,0.0,G291K
-0.4169594818025556,5879.0,4673.0,0.16516011808308068,0.0,G291L
0.17928813440809888,2844.0,3400.0,0.06612779898161446,8.673617379884035e-19,G291M
0.08077898673439382,2145.0,2421.0,0.08424038945664324,3.469446951953614e-18,G291N
-4.131830338650312,1950.0,126.0,0.48948212173063255,1.6653345369377348e-16,G291P
0.026304678857982353,1656.0,1773.0,0.13011531488913738,0.0,G291Q
0.024911783333056083,3461.0,3731.0,0.03765216367266827,2.168404344971009e-19,G291R
-0.6613831524894436,2405.0,1611.0,0.0885780504914128,0.0,G291S
-0.03276818265134288,2253.0,2345.0,0.05108510193511098,4.336808689942018e-19,G291T
0.19686024356948362,2030.0,2450.0,0.10889012821452465,0.0,G291V
0.18845287014999298,3966.0,4769.0,0.07492292302587242,1.734723475976807e-18,G291W
0.14647052392049797,4312.0,5039.0,0.04468999882167065,0.0,G291Y
-4.59231541997973,2334.0,102.0,0.12625235428949957,0.0,G291_
0.1347019832683562,4599.0,5349.0,0.026338570668916126,1.6263032587282567e-19,G305A
-3.5444011881260065,2247.0,204.0,0.07344654922115024,3.317980514390203e-191,G305C
-3.8390766482054928,1764.0,134.0,0.2195821862538868,1.3877787807814457e-17,G305D
-4.531947826981882,2454.0,115.0,0.19679660309032232,1.3877787807814457e-17,G305E
-3.976337866186494,6049.0,407.0,0.05166649685214269,1.9180871427853314e-11,G305F
-3.85964825002002,1860.0,135.0,0.13322413110364328,6.938893903907228e-18,G305H
-4.177290991369711,2183.0,128.0,0.09121499134511728,3.438947743738237e-48,G305I
-4.057197237917913,2155.0,141.0,0.19354764366434088,0.0,G305K
-4.0008340863502525,2789.0,186.0,0.13042237252552086,6.938893903907228e-18,G305L
-4.1346102206999555,1370.0,82.0,0.22552654119026794,0.0,G305M
-3.8188480409020604,3052.0,230.0,0.06873883356879057,3.899588547904394e-14,G305N
0.03148884305615217,2109.0,2284.0,0.030953770261840565,1.0688467686176305e-27,G305P
-3.8191612613082246,1937.0,154.0,0.3629011058790565,0.0,G305Q
-4.391450721633405,2050.0,104.0,0.10075855081850602,4.988177095631756e-72,G305R
-2.0566926106382915,1963.0,512.0,0.2021419067683544,2.7755575615628914e-17,G305S
-4.093090823476048,2365.0,147.0,0.08530371242403434,5.318974561956843e-10,G305T
-3.9927163894933,1956.0,130.0,0.10327951069621918,2.8079968905636576e-14,G305V
-3.8192908801069176,1831.0,136.0,0.20096430048638375,0.0,G305W
-4.006076094423035,2867.0,189.0,0.07542696405241156,6.297286092238389e-18,G305Y
-3.2793560824072308,2235.0,242.0,0.2164054325024592,1.3877787807814457e-17,G305_
0.23892292357398034,1975.0,2474.0,0.03093431408875056,6.99519083679845e-107,G322A
0.23553670560811163,1822.0,2264.0,0.08283460326777228,0.0,G322C
-0.038164752252277744,1348.0,1391.0,0.038843448450109515,1.2808559032346477e-61,G322D
0.11538199041833244,1224.0,1400.0,0.08465422186842138,0.0,G322E
0.23232288758478634,1323.0,1647.0,0.042307620353727794,1.3766006563831201e-14,G322F
0.04804350285891209,4200.0,4601.0,0.024512424714543093,8.297826672738068e-13,G322H
0.13299297532885201,2399.0,2796.0,0.02865496205962826,2.5912757143984557e-121,G322I
0.17157953391969444,2114.0,2520.0,0.030284076625743082,5.171432266261781e-12,G322K
0.10141136197603969,1712.0,1937.0,0.09238366083022363,0.0,G322L
0.19111312567092484,2215.0,2668.0,0.08043684480059848,3.469446951953614e-18,G322M
-0.18568865038807766,5669.0,5268.0,0.02030671810583847,3.0818308379991145e-37,G322N
0.07070933129996058,1223.0,1361.0,0.040004823296763685,2.4678296877631727e-93,G322P
0.2323286723044747,1416.0,1766.0,0.036328827744353,2.6404935995168584e-126,G322Q
0.14404386146756631,2521.0,2952.0,0.027958425529872006,3.1063191383746443e-112,G322R
0.16337160564831793,2489.0,2937.0,0.0978431210993828,3.469446951953614e-18,G322S
0.23301541151053912,1913.0,2363.0,0.13262314584966942,6.938893903907228e-18,G322T
0.14891869922666784,3180.0,3724.0,0.031873423951203565,0.0,G322V
0.13584347800390362,3781.0,4411.0,0.023178827055189664,2.776829695337137e-215,G322W
0.16594931227529283,3060.0,3653.0,0.09298616252447922,0.0,G322Y
-4.336618316641944,2017.0,111.0,0.3141536536130548,8.326672684688674e-17,G322_
0.028070870659422733,1406.0,1518.0,0.05241217443589074,8.673617379884035e-19,G326A
-0.47938616908700477,3091.0,2349.0,0.028209744942557673,8.062571910413532e-105,G326C
-4.190591495690103,2725.0,157.0,0.15245497528204838,0.0,G326D
-3.914080448872158,2501.0,175.0,0.27082538166736947,0.0,G326E
-3.9268480163958213,2159.0,156.0,0.2819092721452662,5.551115123125783e-17,G326F
-4.149757651968915,3628.0,224.0,0.2284498285977148,0.0,G326H
-3.0334509548555,2402.0,320.0,0.2121897880475974,0.0,G326I
-4.139496841042572,2999.0,179.0,0.14924398810202555,1.3877787807814457e-17,G326L
-3.359966327842681,3164.0,340.0,0.3296805905327995,0.0,G326M
-4.1246575647468156,3354.0,203.0,0.0725937468425279,2.0641059507118302e-52,G326N
-4.311601570477375,4236.0,227.0,0.06846382088051699,2.764060355540582e-91,G326P
-3.97723511916155,3685.0,248.0,0.06597045228778509,3.3117017257835324e-15,G326Q
-3.8890325164456687,3345.0,239.0,0.06731053636407054,3.529980985788986e-62,G326R
0.07472648891075634,2298.0,2561.0,0.055203634950936324,0.0,G326S
-2.448179602588452,1948.0,383.0,0.1435262771315772,0.0,G326T
-1.177070661063996,1672.0,783.0,0.05350351993356475,0.0,G326V
-3.271763824765772,1060.0,128.0,0.4519946960826026,1.1102230246251565e-16,G326W
-3.260374278685633,3535.0,389.0,0.09104928435745281,0.0,G326Y
-4.2270586956731515,2523.0,143.0,0.10779774109481763,5.204170427930421e-18,G326_
-0.47022586304904496,2258.0,1729.0,0.032670380420277124,1.63789908205419e-15,G329A
-0.03848484908587801,2040.0,2111.0,0.03178179086268867,4.694332032225915e-21,G329C
-2.9100674319184443,2818.0,395.0,0.11151537181153712,0.0,G329D
-0.03715081908641321,2790.0,2893.0,0.02740292088267125,3.1833130055303392e-27,G329E
-0.08004921756315533,4219.0,4237.0,0.03278556322134884,0.0,G329F
-0.12309003886625028,2088.0,2039.0,0.07218330695309919,0.0,G329H
0.07023317638989865,2622.0,2903.0,0.0820181530322583,0.0,G329I
-4.268122966454996,1804.0,99.0,0.11995587530504152,1.1431827706687159e-15,G329K
-0.5087880728490729,2267.0,1694.0,0.03283032468468396,2.182402179704316e-57,G329L
-0.3302694072948861,3558.0,3030.0,0.14521097305127426,0.0,G329M
0.0007333515804791947,2394.0,2538.0,0.03944893703155166,0.0,G329N
-2.459518354621533,2355.0,453.0,0.0779118971570132,2.6020852139652106e-18,G329P
-0.36467340718441466,1570.0,1295.0,0.04403935545122991,3.124670661103224e-16,G329Q
-4.2179228230615315,3918.0,224.0,0.09115551450940887,6.071532165918825e-18,G329R
-0.07876008863891919,3066.0,3083.0,0.04975864799074236,0.0,G329S
0.017355231890273246,2686.0,2871.0,0.05455044248407611,1.734723475976807e-18,G329T
-0.09792426392323962,3379.0,3341.0,0.025342744048367245,3.158074037183037e-08,G329V
-4.7527215449752545,4593.0,180.0,0.08388082872920684,1.0252221380874227e-11,G329W
-0.17832123480742165,2258.0,2117.0,0.03102536659711963,1.4710188479332788e-12,G329Y
-3.0451483790858282,3219.0,415.0,0.06039848476620007,4.869802477935892e-15,G329_
-0.004947322401452063,3247.0,3433.0,0.02541369816897641,2.8956829183071203e-15,G330A
-3.85014253316603,1995.0,161.0,0.47396382531327874,5.551115123125783e-17,G330C
-4.314584853419436,3010.0,160.0,0.10889858234515153,3.469446951953614e-18,G330D
-4.1756270702200835,2014.0,117.0,0.1829487410928103,0.0,G330E
-4.085502844998756,3160.0,195.0,0.212015929915151,1.3877787807814457e-17,G330F
-3.803934639874662,3531.0,268.0,0.06372984291829648,1.1974233249300912e-136,G330H
-4.102931774278126,2215.0,137.0,0.09673284692205028,5.1944627418865075e-11,G330I
-4.263156843562833,1320.0,72.0,0.249409816867757,0.0,G330K
-4.24599528662679,2734.0,153.0,0.08334927495883909,9.522219716013751e-76,G330L
-4.090890913826559,1779.0,111.0,0.1276594844539855,1.5612511283791264e-17,G330M
-3.8819782148257937,2640.0,190.0,0.07542398402853236,1.1436791724874e-311,G330N
-3.9720137159897893,2555.0,173.0,0.07885394820385942,3.5371588664875656e-140,G330P
-4.002098664781098,2552.0,173.0,0.1904116998367021,2.7755575615628914e-17,G330Q
-4.0913107845925705,2825.0,176.0,0.07798252737291018,1.6782210689315028e-59,G330R
-0.00869016529587967,2740.0,2891.0,0.02752027362653252,5.6086398830372854e-117,G330S
-4.280352371983585,2309.0,126.0,0.09175161932101827,8.97156283059691e-62,G330T
-4.565858748830472,2678.0,130.0,0.39001793083714764,0.0,G330V
-4.205341562854882,2804.0,161.0,0.08132272486104318,9.524050845715736e-94,G330W
-3.7140781769894406,1242.0,100.0,0.10752691530011341,2.94036682463349e-07,G330Y
-4.07172482783319,2093.0,132.0,0.09000570108949336,1.8747427516987537e-145,G330_
0.16109271115595436,3987.0,4714.0,0.03243515701786538,2.168404344971009e-19,G339A
-4.2513278186750165,2915.0,167.0,0.19580147370749745,1.3877787807814457e-17,G339C
-9.674826360569696,19.0,0.0,7.07665202872681,4.1061365667327754e-165,G339D
-4.15050218451322,2008.0,120.0,0.09422901034609167,1.089660937031092e-124,G339E
-4.18869230632025,4628.0,272.0,0.12473428765362699,0.0,G339F
-4.074773807358491,1532.0,96.0,0.10547106506380356,2.3649762916746295e-13,G339H
-3.876742248908962,3203.0,231.0,0.06848004318589054,5.638569610952227e-37,G339I
-4.024716186692528,2771.0,181.0,0.07702179828649133,9.12892067637161e-263,G339K
-4.32131296923052,2946.0,156.0,0.08245853495214628,1.2876552247884702e-11,G339L
-4.02660987909522,2519.0,164.0,0.113215144358641,5.204170427930421e-18,G339M
-4.309962963421553,2081.0,118.0,0.3757503326740292,0.0,G339N
-4.2949454249369445,2522.0,136.0,0.0882856669889488,2.3252396888474318e-54,G339P
-4.244022512270472,3464.0,196.0,0.12862822530735932,1.3877787807814457e-17,G339Q
-3.7985609184388758,3210.0,244.0,0.06675067990530391,3.126666982691823e-57,G339R
-0.2691333474094745,2508.0,2213.0,0.03843731552982563,0.0,G339S
-3.3606209886313563,3240.0,335.0,0.05781018502874609,2.0913579333713723e-33,G339T
-4.141158471839749,2268.0,136.0,0.0892490608486894,1.6593190346073723e-06,G339V
-4.447742122706302,3499.0,169.0,0.12007895249000282,3.469446951953614e-18,G339W
-4.519618817294788,1838.0,85.0,0.11117036553474509,1.396611307104825e-48,G339Y
-4.451540899568625,2982.0,144.0,0.08558349698202217,3.3053008937417747e-19,G339_
-0.009453296210057234,1896.0,1997.0,0.03278447390800479,3.339377198570564e-180,G343A
0.07411408269816051,2522.0,2819.0,0.05659513238938073,0.0,G343C
-3.7136070041933844,2418.0,195.0,0.07477493312288394,8.233632769859976e-31,G343D
-4.077300649004991,1773.0,117.0,0.3380522965410693,8.326672684688674e-17,G343E
-4.183758086552333,2847.0,166.0,0.08012644851697732,3.066948429454418e-14,G343F
-4.181362572876291,2347.0,138.0,0.4852712010311167,0.0,G343H
-4.133042472177,2747.0,172.0,0.21962239653378457,2.7755575615628914e-17,G343I
-3.114863193458984,3549.0,433.0,0.06567371268169786,4.336808689942018e-19,G343K
-4.310313690917388,3729.0,198.0,0.12443567242714981,0.0,G343L
-0.8774225175796381,3210.0,1853.0,0.029956654570512192,5.829842138433794e-71,G343M
-2.931448620343856,2455.0,337.0,0.2176297907061103,4.163336342344337e-17,G343N
-4.108635545078211,3202.0,196.0,0.11418066655485157,0.0,G343P
-1.5822672189107398,2778.0,982.0,0.03776423239371754,3.018384499049525e-12,G343Q
-4.336795530494909,3640.0,191.0,0.07454113432752167,1.1579374794607946e-191,G343R
-0.05524773042101646,1867.0,1903.0,0.03327778459963062,2.1505159599553248e-41,G343S
-0.5124468996021044,3630.0,2695.0,0.026315139731443733,5.742677629784824e-14,G343T
-3.9225563144276214,3386.0,237.0,0.08695310021730443,0.0,G343V
-4.3589065703895296,2929.0,150.0,0.19072743872498835,0.0,G343W
-4.295970527459914,7271.0,399.0,0.13541698229153978,0.0,G343Y
-4.11489649744459,2643.0,169.0,0.2806636562147498,2.7755575615628914e-17,G343_
-0.6914522101421366,2793.0,1841.0,0.04564171345024672,8.673617379884035e-19,G348A
-1.1560049527981255,2718.0,1312.0,0.10259008128485267,0.0,G348C
-4.184999868563237,2644.0,155.0,0.108829826196265,0.0,G348D
-4.232800808188433,2586.0,146.0,0.08535672340505873,8.211004571107739e-29,G348E
-4.056999722169616,2753.0,174.0,0.15456931468987029,2.0816681711721685e-17,G348F
-4.113935003294654,3061.0,192.0,0.21080608800266504,6.938893903907228e-17,G348H
-3.6049477595296335,2100.0,183.0,0.0773911178303654,1.0693623175744168e-81,G348I
-4.195996132310648,2691.0,163.0,0.31223938748856117,0.0,G348K
-3.984174969846094,1915.0,136.0,0.3172822510351519,0.0,G348L
-4.058391443374132,2235.0,143.0,0.10920074951071052,1.734723475976807e-18,G348M
-4.568394708962537,4099.0,183.0,0.07585669761516904,1.0912617900234005e-164,G348N
-4.48064485021699,2651.0,125.0,0.14554286930095472,6.938893903907228e-18,G348P
-3.9862149229845603,1827.0,123.0,0.11283037305973151,6.938893903907228e-18,G348Q
-4.100494045233902,3610.0,226.0,0.13017032911421345,1.0408340855860843e-17,G348R
-2.2858774893245077,2857.0,623.0,0.07734448576975128,0.0,G348S
-4.012262391373929,1928.0,126.0,0.11906241560898648,0.0,G348T
-4.519968674968376,3693.0,170.0,0.07873836309839025,1.2485401667017662e-129,G348V
-3.882326333578034,2026.0,145.0,0.08622934079603137,8.016502638258193e-59,G348W
-4.120933945015876,2070.0,130.0,0.2689330276110066,0.0,G348Y
-3.722451080480101,3158.0,251.0,0.17532249283420648,6.938893903907228e-18,G348_
0.1526597514533534,1406.0,1656.0,0.03692543839481653,1.8744432462381597e-11,G34A
0.24945986711934426,2589.0,3240.0,0.11100091410278531,6.938893903907228e-18,G34C
0.4208187636814048,2025.0,2897.0,0.11084086207603208,0.0,G34D
-0.158058605380722,1968.0,1869.0,0.041788984506462054,0.0,G34E
-0.0866956767171058,2799.0,2784.0,0.07669720925241481,0.0,G34F
0.14029426993926444,2203.0,2581.0,0.029793183406226935,8.122856809182051e-58,G34H
-0.05954174692093915,2028.0,2061.0,0.03835511891177311,1.0842021724855044e-19,G34I
0.16778165454208335,2578.0,3074.0,0.0275591350250269,4.122157270811625e-179,G34K
0.14570223866549661,2036.0,2387.0,0.030928904352768707,1.1284939914993269e-167,G34L
0.019498339163030794,103.0,110.0,0.17250371521563512,0.0,G34M
0.05568740001331722,5755.0,6388.0,0.08349456072283232,8.673617379884035e-18,G34N
-3.4884706082067183,2053.0,192.0,0.20503688046046975,0.0,G34P
0.14627382456403665,1787.0,2093.0,0.06413822918809026,0.0,G34Q
0.1430482373486727,1844.0,2152.0,0.06342299703128018,0.0,G34R
0.12223702146165528,900.0,1037.0,0.04606390981560227,9.866142940164966e-19,G34S
0.05254697413439929,1172.0,1283.0,0.0825492231407319,1.734723475976807e-18,G34T
0.0056741575127977045,2131.0,2266.0,0.06019628023208554,0.0,G34V
0.14197038242911186,1581.0,1862.0,0.0476697289254849,0.0,G34W
0.09235600944200281,1020.0,1143.0,0.13344041843654358,0.0,G34Y
-4.190511897501428,2380.0,138.0,0.08784475821386815,7.546388247935162e-25,G34_
0.0026727254060635664,2768.0,2930.0,0.06887685989880586,0.0,G364A
-0.01806896352493626,3136.0,3283.0,0.02587289468917014,5.531481049854978e-12,G364C
0.13556606061073,2431.0,2818.0,0.07450577281684674,0.0,G364D
0.13361787055753582,3005.0,3482.0,0.04871981484256826,4.336808689942018e-19,G364E
0.015741625309423215,3276.0,3539.0,0.10568875394921456,3.469446951953614e-18,G364F
0.19256648057242035,2647.0,3198.0,0.027139545523333405,6.526728687076671e-20,G364H
-0.15510174263082438,3618.0,3458.0,0.10162797841319618,6.938893903907228e-18,G364I
-4.020753190069175,2548.0,170.0,0.18412630142303724,0.0,G364K
0.03139430711298649,4087.0,4433.0,0.02272575076960483,7.078750690175197e-66,G364L
-0.12798621403211322,2020.0,1960.0,0.032440144434397813,2.6159793253475856e-72,G364M
0.3284570729229619,4210.0,5615.0,0.021481495435623076,2.7374626845256497e-15,G364N
-1.6224375042304708,4180.0,1430.0,0.10330363765442697,3.469446951953614e-18,G364P
0.16733238509921364,3930.0,4671.0,0.047648838604276364,1.3010426069826053e-18,G364Q
-4.120703793369997,533.0,33.0,0.25489128162232566,6.938893903907228e-17,G364R
-0.03555595026190224,2029.0,2094.0,0.06812853871427066,8.673617379884035e-19,G364S
0.056298156710590734,2807.0,3100.0,0.03579404459332516,2.168404344971009e-19,G364T
-0.06546532238683131,2697.0,2728.0,0.046618325494984104,0.0,G364V
0.2537028875629342,2544.0,3216.0,0.04258047052701939,4.336808689942018e-19,G364W
0.13236893109586773,1745.0,2026.0,0.03336094563294731,4.760287627046076e-41,G364Y
-4.198464154212732,3075.0,176.0,0.175409264474359,0.0,G364_
0.01873758961564762,3646.0,3910.0,0.0239995005727951,8.000827733780705e-29,G369A
-0.29799862486268985,2576.0,2215.0,0.038589567571845465,4.336808689942018e-19,G369C
-0.3547830582005608,1984.0,1639.0,0.07045907377376735,3.469446951953614e-18,G369D
-0.2487828145058268,2313.0,2073.0,0.059689057545208146,0.0,G369E
-4.027367805974019,2341.0,153.0,0.12746317613542432,3.469446951953614e-18,G369F
-4.20646877763228,4822.0,281.0,0.17321569588701335,2.0816681711721685e-17,G369H
-1.2021718460218285,1699.0,788.0,0.07157750752982903,0.0,G369I
-3.905022208994845,2142.0,157.0,0.2524623274630999,0.0,G369K
0.13937019431359804,1606.0,1875.0,0.034684576147941334,1.3116306437735033e-187,G369L
0.24875598664067716,1914.0,2408.0,0.045640041787398763,0.0,G369M
0.07443625404370938,1816.0,2017.0,0.08880409946209124,0.0,G369N
-4.087365584977225,3505.0,226.0,0.27828812118256796,0.0,G369P
-2.8503380353693877,2167.0,319.0,0.0603525493754756,4.716772132444648e-50,G369Q
-4.146165801068839,4349.0,267.0,0.17709010435051245,0.0,G369R
-0.053328485837496574,2571.0,2628.0,0.029404442270256317,2.1736285352300013e-08,G369S
0.18551057539410834,3556.0,4277.0,0.0312827665359396,0.0,G369T
-0.35716640068191274,3345.0,2765.0,0.027079040142030882,6.329820569559282e-08,G369V
-4.2802122984791,2876.0,155.0,0.34850679474491597,0.0,G369W
-3.9564541155863617,2841.0,194.0,0.07451013716766065,7.051783603418291e-12,G369Y
-4.511715825615435,5178.0,245.0,0.16438983537264698,0.0,G369_
-0.36625001072133845,1093.0,903.0,0.14975048619004794,1.3877787807814457e-17,G37A
-0.42739866120066805,1103.0,868.0,0.05763022038388724,0.0,G37C
-3.8414646591480768,1246.0,94.0,0.21153910605648804,0.0,G37D
-4.481558824144376,970.0,46.0,0.15105564124075413,6.336973073046653e-91,G37E
-2.9748745966356065,2001.0,269.0,0.0848735775144225,0.0,G37F
-2.904381296781182,1624.0,231.0,0.09320560218668904,1.734723475976807e-18,G37H
-4.1979809913702395,572.0,33.0,0.17919056737498565,5.618716467568776e-58,G37I
-4.895691403002116,1156.0,41.0,0.16942759963753137,5.505107365626205e-09,G37K
-4.645793842393288,1015.0,43.0,0.15580943585382154,2.7428320682142047e-89,G37L
-4.1741616502340095,1670.0,98.0,0.11039510389080631,5.406288181887542e-09,G37M
-2.1578509036870854,533.0,131.0,0.32676771871417304,1.1102230246251565e-16,G37N
-0.06889280670720963,1192.0,1201.0,0.04158816927381526,3.3861816024968863e-07,G37P
-4.642490520589675,1068.0,45.0,0.27941192522198466,4.163336342344337e-17,G37Q
-3.9226738655797893,1739.0,122.0,0.10173069792127845,4.043437754758239e-10,G37R
-0.0466892771781281,701.0,720.0,0.05350468331496616,1.922088274367661e-64,G37S
-2.1170697882126324,1089.0,269.0,0.10989668369725406,3.469446951953614e-18,G37T
-2.4187004677625312,1897.0,378.0,0.059093580354835334,2.4623760468025883e-08,G37V
-4.111505881856322,1235.0,75.0,0.31228120383111735,0.0,G37W
-3.1756678939425087,1426.0,167.0,0.08211427471337528,1.0512286195635327e-20,G37Y
-4.229100167067299,1684.0,95.0,0.10565785154074646,1.4228813998292683e-29,G37_
-1.285427897104341,1101.0,483.0,0.11283766793772737,0.0,G41A
-3.8566690358257234,1569.0,118.0,0.24865218955615945,0.0,G41C
-4.507270566202548,1493.0,69.0,0.19513203392904768,1.3877787807814457e-17,G41D
-3.064366783938452,1018.0,128.0,0.23534579195941546,0.0,G41E
-4.095336938401826,2568.0,161.0,0.11889671208327014,0.0,G41F
-4.363220001718455,1042.0,53.0,0.24491872992423072,0.0,G41H
-4.416550849211214,1712.0,85.0,0.11288127167569778,1.8395820226961047e-06,G41I
-4.525081033361636,1425.0,70.0,0.3935220562471641,0.0,G41K
-3.024189386420042,2077.0,288.0,0.3443839921923107,0.0,G41L
-4.448393656304694,1186.0,57.0,0.2137844837364351,0.0,G41M
-3.9468630673789393,866.0,59.0,0.19486142556472458,6.938893903907228e-18,G41N
-4.32808168124621,1630.0,94.0,0.43249212560788924,0.0,G41P
-4.665987101477424,1484.0,62.0,0.1298008212435398,7.842707385589137e-147,G41Q
-5.428172727802969,812.0,23.0,0.6576681514565947,4.440892098500626e-16,G41R
-4.111663706063523,1725.0,106.0,0.10031183672449343,3.945476520108323e-97,G41S
-4.335800530491046,2132.0,114.0,0.2902497012598285,2.7755575615628914e-17,G41T
-4.325498406610758,841.0,44.0,0.2184514524530462,6.938893903907228e-18,G41V
-4.387839724343826,679.0,34.0,0.23614225585876106,6.938893903907228e-18,G41W
-5.474463412235447,3878.0,92.0,0.1057084607736047,7.9711612308315e-36,G41Y
-5.505424134253549,852.0,23.0,0.7032568670410488,0.0,G41_
-0.3677926619626341,511.0,420.0,0.06625592312160306,1.465186033454212e-153,G58A
-0.2291775172491241,1468.0,1328.0,0.03849150453892017,3.377832515262145e-200,G58C
-4.174628794209797,1612.0,99.0,0.3955340915314769,1.6653345369377348e-16,G58D
-3.9365007003383146,1013.0,71.0,0.16463805938682374,0.0,G58E
-0.13160928920244647,609.0,590.0,0.08771114978611738,3.469446951953614e-18,G58F
-4.148980205021095,2558.0,153.0,0.08350818617158808,8.055585003808359e-244,G58H
-2.769191176096,17499.0,2715.0,0.08417749552796136,5.204170427930421e-18,G58I
-4.080441650515515,1003.0,63.0,0.1300442535390801,4.388419449883478e-78,G58K
-0.0313020682548968,1183.0,1229.0,0.11070178859440474,3.469446951953614e-18,G58L
-0.31193666930685865,443.0,383.0,0.10236216526499999,0.0,G58M
-2.0057531614518127,267.0,70.0,0.13465099712168999,4.114051779890072e-28,G58N
0.21565441371234617,546.0,672.0,0.06017641999756901,3.018363283087671e-08,G58P
-2.263267206292348,2334.0,516.0,0.04911605533794494,5.425117711575591e-11,G58Q
-4.219686783958809,3526.0,205.0,0.17847281385789937,6.938893903907228e-18,G58R
-1.5566678656506177,2706.0,977.0,0.09371087435281233,1.734723475976807e-18,G58S
-0.2849866589981612,596.0,518.0,0.06048137474297856,8.756174061830218e-283,G58T
-0.36848070472228805,1865.0,1539.0,0.07219402852199648,0.0,G58V
-2.1127182310108714,2875.0,710.0,0.1168129464647552,1.0408340855860843e-17,G58W
-4.593678206245885,1212.0,53.0,0.14052049909441644,2.1013428798012446e-38,G58Y
-3.9877810824867073,882.0,59.0,0.1346407665082083,0.0,G58_
-2.008235657000834,1464.0,383.0,0.13084763902671592,3.469446951953614e-18,G59A
-4.351517817984804,2068.0,110.0,0.26047169742662823,0.0,G59C
-4.684752494089455,780.0,32.0,0.1805468248713355,5.473098521558698e-17,G59D
-4.233661129431934,1924.0,108.0,0.099155712219747,1.6650392235429892e-09,G59E
-4.194729405334223,1269.0,73.0,0.12053586408400911,1.4930379252158728e-39,G59F
-4.296277287886615,1567.0,85.0,0.13872980468603707,1.734723475976807e-17,G59H
-4.621884003612998,1911.0,88.0,0.3609276145328971,0.0,G59I
-3.8399509002408356,2096.0,155.0,0.09046957711460224,9.970349892918229e-11,G59K
-3.7426635115346545,1261.0,100.0,0.10410894976112262,1.2203689263857584e-130,G59L
-4.348217416741696,2624.0,135.0,0.21131917985815415,1.3877787807814457e-17,G59M
-4.321611871945345,2292.0,121.0,0.126234645471529,0.0,G59N
-4.162758182000415,865.0,51.0,0.30986031296476146,0.0,G59P
-4.091847014323445,2096.0,129.0,0.20003287661766012,0.0,G59Q
-4.323071228683549,2194.0,116.0,0.09551023122921712,1.2224402759403968e-194,G59R
-3.8468117667774537,1154.0,87.0,0.2308458748674976,6.938893903907228e-17,G59S
-4.1354361451475175,2246.0,141.0,0.25808574141733426,0.0,G59T
-4.361025918023633,485.0,26.0,0.38098822308133756,5.551115123125783e-17,G59V
-4.010749435310911,1558.0,103.0,0.13888021641596693,3.469446951953614e-18,G59W
-4.662469169484738,1716.0,72.0,0.12047281755876907,4.8156090318710504e-58,G59Y
-4.283940224020689,1895.0,104.0,0.13877344408954706,0.0,G59_
-0.16997330695046697,2729.0,2568.0,0.02831936678111057,6.964771334330566e-47,G66A
-0.19460435246867516,1103.0,1024.0,0.04395482533402619,4.540546085471771e-70,G66C
-0.3024282650146325,1749.0,1502.0,0.035832710019386434,5.491660305100652e-51,G66D
-0.2593619002170159,1686.0,1494.0,0.03618263822244442,3.353293218001582e-109,G66E
-0.03230927069776691,2702.0,2806.0,0.02780984179198482,1.1566461379132247e-11,G66F
0.06148620524893205,1303.0,1455.0,0.09162727378240014,0.0,G66H
-0.15544699993950165,575.0,546.0,0.06482942754961823,9.418768174250525e-11,G66I
-0.07696672782885941,1779.0,1788.0,0.03417459930995337,1.5689810019913687e-80,G66K
-0.07679696314041955,1367.0,1362.0,0.13297995615979183,0.0,G66L
-0.16617481107139123,723.0,682.0,0.0897628465024259,3.469446951953614e-18,G66M
0.007944794556697308,2056.0,2184.0,0.06369669805354047,8.673617379884035e-19,G66N
0.45203294457033316,774.0,1147.0,0.15590746560406,0.0,G66P
-0.32888596872071624,1245.0,1058.0,0.11044238132064417,0.0,G66Q
0.021488612744059176,1393.0,1497.0,0.06070300472890501,0.0,G66R
-0.007421368091291964,2642.0,2808.0,0.06351817104772299,0.0,G66S
0.065986992871018,1286.0,1423.0,0.07290246426805298,1.734723475976807e-18,G66T
-0.01660924766478588,1032.0,1079.0,0.044083627460949994,1.956194564879072e-171,G66V
0.14689827541241163,1498.0,1760.0,0.03580929095441308,4.009080200368362e-76,G66W
-0.254327120647924,388.0,339.0,0.36655397850890614,5.551115123125783e-17,G66Y
-4.591829134377148,1228.0,54.0,0.13921477176346267,1.7748441201044656e-85,G66_
0.3130979847188232,1254.0,1644.0,0.08218807661770873,3.469446951953614e-18,G74A
-3.9667218375342803,1257.0,85.0,0.3579005351200902,0.0,G74C
-4.27316739285511,1366.0,75.0,0.11878527162649416,1.0224497989505685e-187,G74D
-4.345946160537391,1473.0,78.0,0.2292462222398439,8.326672684688674e-17,G74E
-2.8461941336691168,1344.0,201.0,0.11617322455826205,8.673617379884035e-18,G74F
-3.9798680873971937,1176.0,79.0,0.11641528535939226,3.375472798068017e-106,G74H
-3.7026706594124,729.0,59.0,0.13550249474292034,3.811336242584705e-33,G74I
-4.374483176315837,2402.0,125.0,0.16355097005114363,2.0816681711721685e-17,G74K
-3.5880323831233736,1289.0,115.0,0.18064301780753952,0.0,G74L
-2.843886089155363,1433.0,212.0,0.07391215097068099,0.0,G74M
-3.4833429112947316,1826.0,173.0,0.07984869541705168,3.5990412687203875e-186,G74N
-1.153497595465011,430.0,206.0,0.08500976026516602,7.911779766162385e-40,G74P
-3.624327834228444,1198.0,102.0,0.1908344555766821,0.0,G74Q
-4.208634444665551,1554.0,91.0,0.19443686630399792,6.938893903907228e-18,G74R
-0.1289900483359506,1216.0,1192.0,0.18168076863230867,0.0,G74S
-3.8996426812620286,1511.0,107.0,0.10030427951332872,4.017711026474913e-26,G74T
-4.233071360711909,1140.0,66.0,0.22296744506219007,4.163336342344337e-17,G74V
-2.571909302714727,1170.0,211.0,0.14514080648470692,1.734723475976807e-17,G74W
-4.13289842286623,1261.0,76.0,0.11836419662502452,4.296137912001534e-08,G74Y
-4.067667804799457,2340.0,147.0,0.11740449278544451,0.0,G74_
-0.7961603229956962,820.0,502.0,0.06707335726980367,3.859759734048396e-17,G88A
0.026652267229605724,971.0,1053.0,0.045362430961469025,4.198699375054793e-07,G88C
-0.31838756162208603,1254.0,1073.0,0.12253732879800132,0.0,G88D
0.07982426091526716,781.0,867.0,0.2195758755624221,0.0,G88E
-0.17703061901155193,1181.0,1116.0,0.0531408339283593,0.0,G88F
-0.12531097799707916,761.0,741.0,0.052079979207308065,0.0,G88H
-0.05785969361940347,1275.0,1293.0,0.08647679202667587,5.204170427930421e-18,G88I
-0.4089909831303531,984.0,788.0,0.04829827615063737,2.0557982653791296e-92,G88K
0.027462221679674423,1209.0,1307.0,0.04048741024737949,2.142938614304275e-107,G88L
-0.02340102845080181,611.0,638.0,0.06641793286529721,1.1232334506949826e-16,G88M
-0.7960509760277358,499.0,307.0,0.1540227704479467,0.0,G88N
-0.5208559375743297,1217.0,899.0,0.04451331832424483,5.946974486086956e-141,G88P
-0.27618593265437397,1922.0,1683.0,0.03408377755359939,3.842935913724045e-85,G88Q
-0.11670247412189541,2128.0,2077.0,0.05465021152992756,0.0,G88R
0.15501776890661415,419.0,491.0,0.2306675657948115,0.0,G88S
-0.6916539771143856,1359.0,889.0,0.043695944576361195,1.1595501611707027e-76,G88T
-0.1963075561153795,858.0,793.0,0.04977416061959208,3.6784572953786395e-32,G88V
-0.192316221650744,1612.0,1496.0,0.03655389078570155,6.860565993916797e-118,G88W
-0.6350337830897507,1082.0,737.0,0.05768024313824744,8.673617379884035e-19,G88Y
-4.299556825516692,1347.0,72.0,0.16723860938567733,0.0,G88_
-0.15289507859501136,2089.0,1994.0,0.03205298786922356,2.8181045940458076e-49,H123A
-0.037589761168433655,1425.0,1468.0,0.037804957256832174,1.0845201340215899e-09,H123C
-0.5207669077517731,1436.0,1061.0,0.04223370297002059,4.674486690927444e-08,H123D
-0.44221813006988886,584.0,463.0,0.1128807692173275,0.0,H123E
-0.11883348934531111,862.0,840.0,0.0489993677693258,2.172378900780119e-46,H123F
-0.5261479369830863,1132.0,826.0,0.14746400303837193,6.938893903907228e-18,H123G
0.11761618603196232,1262.0,1449.0,0.061703253976646756,0.0,H123I
-0.21847596013311166,1279.0,1164.0,0.041081826301445794,1.493979511590931e-60,H123K
-0.017381735887402498,1485.0,1560.0,0.04352753882430985,5.421010862427522e-18,H123L
-0.46059454650267173,1154.0,881.0,0.13837598777651747,0.0,H123M
-0.44003081160541807,1506.0,1207.0,0.1735402965639876,2.0816681711721685e-17,H123N
-0.19554139078695204,687.0,636.0,0.05547680009635805,8.608405246130314e-176,H123P
-0.02817774783304856,1456.0,1510.0,0.03889252692156771,7.954570737723262e-09,H123Q
-0.12873923491972303,480.0,466.0,0.06541227672679478,6.969893328395341e-159,H123R
-0.13635233381905895,898.0,861.0,0.10614177023785724,0.0,H123S
-0.2152632196300441,1090.0,996.0,0.04438860271997678,8.578702109081591e-70,H123T
-0.19552197887809825,765.0,706.0,0.052688318911900935,6.191668283639687e-20,H123V
-0.33563742510332256,1571.0,1308.0,0.16816819165476674,1.3877787807814457e-17,H123W
0.17259065872908846,1589.0,1904.0,0.034664442987503395,3.869169754381808e-167,H123Y
-4.077140626335979,1563.0,98.0,0.11845008517290845,5.49820605710849e-14,H123_
-0.2894079061839792,1872.0,1627.0,0.0980750929505191,0.0,H155A
0.18208030168936845,1736.0,2083.0,0.07308889906109854,0.0,H155C
0.1959589481365007,810.0,987.0,0.04791556629266479,1.10938076218143e-285,H155D
0.17409286641487165,782.0,937.0,0.048924613981453355,8.209810132927885e-114,H155E
0.12985363135943392,2340.0,2732.0,0.046812754523786027,0.0,H155F
0.17106627731440352,1815.0,2174.0,0.048206507296840964,0.0,H155G
-0.012350391693966553,1774.0,1856.0,0.07550037500606044,0.0,H155I
-0.1915132563110043,1537.0,1420.0,0.09070227527948131,0.0,H155K
0.08317282575257111,2399.0,2685.0,0.06140917667408167,5.204170427930421e-18,H155L
0.14337176502615714,2362.0,2770.0,0.033156146584294034,2.6042536183101817e-16,H155M
-0.015244632056616357,1275.0,1342.0,0.06259747451381611,8.673617379884035e-19,H155N
0.05829960492094212,733.0,807.0,0.06775921238849324,8.673617379884035e-19,H155P
0.23580582475998,1462.0,1829.0,0.03806172530910487,2.2948499659803182e-10,H155Q
0.18961616214368776,1458.0,1765.0,0.036043937782770694,2.599220483023732e-113,H155R
0.1837386844914943,842.0,1015.0,0.04711153784434919,3.600331300660048e-31,H155S
0.1800667836901022,729.0,875.0,0.050640425200488844,7.551165855554889e-86,H155T
0.18127614117206686,1512.0,1816.0,0.03643952858112672,3.972580643783687e-08,H155V
0.017480924704467934,1621.0,1744.0,0.05013737282498839,0.0,H155W
0.18028066528372436,2195.0,2637.0,0.029684487485276287,5.635616888064919e-130,H155Y
-3.961338716637661,2310.0,157.0,0.08274740398327259,2.564779394988014e-10,H155_
0.30794393746518056,3566.0,4772.0,0.20386654497001755,0.0,H178A
-0.02666835479404778,914.0,949.0,0.058447729094878574,1.3010426069826053e-18,H178C
-0.0799005137917324,1362.0,1377.0,0.09151719856526415,0.0,H178D
-0.07448308420150782,1461.0,1473.0,0.03755426419010698,9.030948734395248e-162,H178E
0.047236191958659766,1837.0,2015.0,0.03296614042262961,3.9937471802231314e-13,H178F
-0.03227994338307415,2065.0,2128.0,0.09721342387388915,6.938893903907228e-18,H178G
-0.15643832946973538,1112.0,1050.0,0.12472225645682351,0.0,H178I
0.15660214985669324,875.0,1036.0,0.04645644770770378,8.896127305453667e-30,H178K
0.12665925476703335,1585.0,1835.0,0.03496288617845643,9.91882758739567e-78,H178L
-0.1288467725181015,1522.0,1480.0,0.07205480299265064,8.673617379884035e-19,H178M
0.03526551907283785,1268.0,1376.0,0.03954434198847944,5.820075732675004e-46,H178N
-0.1222635043673456,1984.0,1953.0,0.08735602756011432,6.938893903907228e-18,H178P
-0.17140734954331904,1394.0,1320.0,0.03903259973413771,3.735957768219641e-38,H178Q
-0.0356293621098948,1468.0,1516.0,0.03726271535280484,1.6875814802731425e-84,H178R
-0.04741696683597342,1347.0,1399.0,0.13881054300291956,0.0,H178S
0.01998222163294943,1166.0,1260.0,0.047997156423555926,9.432558900623889e-17,H178T
-0.12287366410015664,1930.0,1878.0,0.05853876455051405,8.673617379884035e-19,H178V
-0.05767060943122293,1191.0,1216.0,0.041335292207631616,3.3999209993735908e-40,H178W
-0.15827376055087755,939.0,888.0,0.08231849724172646,5.204170427930421e-18,H178Y
-4.018312137960769,1908.0,125.0,0.0926065074638433,3.414402638846611e-24,H178_
0.2699261298147988,4887.0,6244.0,0.020266314519423907,4.712526931653898e-226,H354A
0.08250524035854298,3855.0,4324.0,0.032057741046053446,0.0,H354C
-0.23561811723021348,3005.0,2699.0,0.05225307357818127,8.673617379884035e-19,H354D
-0.06936113157610421,2292.0,2338.0,0.06678786926880391,0.0,H354E
0.14753997621610832,2463.0,2902.0,0.061837072260277286,0.0,H354F
0.08231378740490701,1224.0,1382.0,0.039844572418802494,3.988305839901925e-71,H354G
0.13453382349724818,2452.0,2855.0,0.030123841114166567,2.0038148736329676e-10,H354I
0.1374017084027622,3533.0,4125.0,0.03761720651090904,0.0,H354K
0.16272984594695392,1418.0,1678.0,0.06967447723575808,0.0,H354L
0.30964468658677,3232.0,4283.0,0.09639273303834917,0.0,H354M
0.010732456712421207,2008.0,2155.0,0.06822091378665417,1.734723475976807e-18,H354N
-4.247394263245669,2942.0,163.0,0.14658463971287078,1.734723475976807e-17,H354P
1.520225532954072,3707.0,11424.0,0.11984141700046244,0.0,H354Q
0.1655721234085732,4775.0,5695.0,0.03307587754901665,4.336808689942018e-19,H354R
0.16960980646743798,5045.0,6005.0,0.03669843366527647,0.0,H354S
0.04608147048715116,1582.0,1725.0,0.06376488948285425,8.673617379884035e-19,H354T
0.2704734875666349,4588.0,5867.0,0.02084431819206688,5.88904614985819e-47,H354V
-0.11994394973204446,1979.0,1929.0,0.03272556894208292,3.95290795098398e-54,H354W
-0.10815285895407542,520.0,511.0,0.06267530544455212,6.490053037899331e-86,H354Y
-4.176611975729036,4913.0,290.0,0.08999005813041425,5.204170427930421e-18,H354_
0.08088470604048456,1589.0,1780.0,0.03518655264571707,0.0,H379A
0.014945651459258589,2041.0,2187.0,0.03152041117919225,1.2056528915386293e-69,H379C
0.19124962453741612,3132.0,3788.0,0.025088332713143483,1.148073730752531e-156,H379D
0.16277518754650944,3204.0,3801.0,0.024922955927659255,2.1651924325305437e-29,H379E
0.10927960534989686,2621.0,2985.0,0.06354323893383379,0.0,H379F
0.08982444891960206,1648.0,1850.0,0.09487295795610577,5.204170427930421e-18,H379G
-0.09622381945925039,1545.0,1534.0,0.03918682335672805,1.4507503152353524e-10,H379I
0.08119816982557133,1691.0,1895.0,0.047585122777224965,0.0,H379K
0.025806459449224627,2199.0,2371.0,0.03038786682425127,1.1167402156778246e-68,H379L
0.011230902784070193,4017.0,4278.0,0.05602172318656982,8.673617379884035e-19,H379M
-0.0367808114598905,1781.0,1841.0,0.033926613281738974,5.554278223628019e-48,H379N
0.17528188541627132,2183.0,2612.0,0.029798372842526424,2.92856799202844e-31,H379P
0.010168899788514839,3314.0,3535.0,0.02512153788919312,1.5800403201574538e-44,H379Q
0.07442101323621494,1827.0,2044.0,0.03290966448605675,1.064547053634251e-79,H379R
0.07276384344049996,2288.0,2540.0,0.06706745588386889,0.0,H379S
0.04491458816305935,2963.0,3237.0,0.03848083278797217,4.336808689942018e-19,H379T
0.0096767844263031,1622.0,1734.0,0.043878666056782985,0.0,H379V
0.04291833128577904,2431.0,2648.0,0.051318246347316375,0.0,H379W
-0.11926303650888213,1161.0,1145.0,0.12371208866061022,0.0,H379Y
-0.032347086527363504,967.0,1002.0,0.04561370119150401,1.2875794672094992e-138,H379_
-0.16432344761893278,1120.0,1061.0,0.04338253805509136,2.491998651986733e-43,H89A
-0.07625854915802324,1686.0,1696.0,0.04962374594982533,4.336808689942018e-19,H89C
0.19025162569976614,1331.0,1597.0,0.1608757238114392,2.7755575615628914e-17,H89D
-0.12624882306124985,1766.0,1709.0,0.03461776022551026,1.5644649509993173e-291,H89E
-0.2560705481429693,1100.0,977.0,0.04449495033067602,7.664110112224988e-95,H89F
-0.27349068703383117,1225.0,1066.0,0.1349461846098621,0.0,H89G
-0.11417091443905251,1474.0,1447.0,0.06451649090774683,1.734723475976807e-18,H89I
0.17987705095108053,751.0,900.0,0.049906271182691656,2.1310017898433285e-146,H89K
-0.1656740305852361,1049.0,985.0,0.11401739052883497,3.469446951953614e-18,H89L
-0.06682325029216277,1148.0,1163.0,0.055788032216682513,0.0,H89M
0.03957955858143438,2003.0,2183.0,0.031697234984380394,4.5687810023616076e-18,H89N
0.22721399602290887,730.0,902.0,0.08201392228012745,1.734723475976807e-18,H89P
0.06219718809058084,1488.0,1646.0,0.036437515292387555,1.5247862086407836e-22,H89Q
0.06117505575917739,971.0,1073.0,0.04484490323468292,8.766029233723437e-55,H89R
0.10617431956674957,361.0,409.0,0.11515349359892549,3.469446951953614e-18,H89S
0.0500225426040113,1193.0,1316.0,0.09674032386197591,0.0,H89T
-0.19171605789600518,769.0,722.0,0.12802536720729324,0.0,H89V
-0.03090054222931903,1490.0,1549.0,0.03692679437426905,1.2659872238644013e-134,H89W
-0.1709358140848158,1060.0,991.0,0.1268359153881447,3.469446951953614e-18,H89Y
-3.9021648663268724,709.0,50.0,0.15676446577265177,1.9006549537362027e-09,H89_
0.06379801845812703,903.0,997.0,0.09147028726268527,0.0,I100A
0.025064865069520156,1341.0,1457.0,0.06811581008887883,8.673617379884035e-19,I100C
-0.3314815785512198,1894.0,1596.0,0.0346559401787971,1.4202247361971605e-71,I100D
-0.13462402324569134,1526.0,1475.0,0.037156099700790285,1.624691865527196e-173,I100E
-0.08395198727314167,1191.0,1192.0,0.04154138348328705,1.678055634020883e-121,I100F
-0.04820657295005426,1179.0,1209.0,0.04152774641906229,8.229763608276762e-18,I100G
-0.13158181783699605,1909.0,1845.0,0.033349091564088405,6.054336564503063e-43,I100H
-3.899473787995641,2296.0,167.0,0.21794930020425426,1.3877787807814457e-17,I100K
-0.1754044525903843,476.0,447.0,0.06623657464304601,1.9255262195380072e-137,I100L
-0.11117767006930007,1901.0,1861.0,0.04602929823298584,0.0,I100M
-0.04843933858223662,868.0,895.0,0.04813377499329604,1.6194833361002413e-76,I100N
-0.8074257589082535,494.0,298.0,0.07375789323052001,1.6217294943383314e-28,I100P
0.32637629108241256,681.0,902.0,0.051227704753767526,1.3503784028851788e-53,I100Q
-4.287128092133069,633.0,35.0,0.27988320329229416,0.0,I100R
-0.39455873327896285,1444.0,1167.0,0.13235252358874686,6.938893903907228e-18,I100S
-0.3775445320425928,1338.0,1090.0,0.07699742535298852,0.0,I100T
0.01876593752445892,450.0,481.0,0.0660170197255316,2.019345453616291e-31,I100V
0.04782824965674665,1154.0,1268.0,0.04126329589314103,1.8448732738904045e-261,I100W
-0.21726747688761927,919.0,839.0,0.04825389444891586,1.0766078181634315e-263,I100Y
-4.643052270556922,1959.0,83.0,0.11227991813897083,6.696892900275635e-73,I100_
-0.3534278907652283,1043.0,858.0,0.13762977060543208,6.938893903907228e-18,I116A
-0.0596170654159566,1371.0,1384.0,0.1258885707529625,0.0,I116C
-4.097554060391142,1645.0,102.0,0.1022855378351648,5.705697884394227e-59,I116D
-3.2113870554110036,1607.0,186.0,0.14512776247399703,2.0816681711721685e-17,I116E
-0.0419377362845466,1254.0,1277.0,0.1730578178276567,6.938893903907228e-18,I116F
0.10543593616113875,660.0,759.0,0.14333453963812354,0.0,I116G
0.15169860798280038,900.0,1052.0,0.1474104422327603,6.938893903907228e-18,I116H
-2.041889618962601,812.0,209.0,0.07785641197505999,1.0553553574126353e-08,I116K
0.07173761854878746,1758.0,1960.0,0.0393956211010371,8.348356728138384e-18,I116L
-0.09310506158001829,1408.0,1393.0,0.05933894891889957,2.6020852139652106e-18,I116M
-0.046792560780781055,1035.0,1067.0,0.05361596142255435,0.0,I116N
-3.758906803559665,1393.0,108.0,0.20345133466276186,0.0,I116P
-0.046474708526575106,830.0,850.0,0.04929607222347777,1.2492167380996171e-189,I116Q
-1.7950469431958944,2775.0,839.0,0.16964639652199112,0.0,I116R
-0.24161029733304593,1277.0,1140.0,0.0868322783555482,0.0,I116S
-0.006816536355513902,994.0,1048.0,0.04479986237674889,7.031656949747265e-49,I116T
-0.0486927204911377,1348.0,1388.0,0.06807506885394701,0.0,I116V
-0.568141599785596,1113.0,796.0,0.04691940059579762,1.0929345923291074e-37,I116W
-0.019696883750670833,1129.0,1176.0,0.04223060488129852,1.46242465507984e-121,I116Y
-4.172318356050029,1118.0,67.0,0.1949733071485918,4.163336342344337e-17,I116_
-0.13581749343077013,928.0,904.0,0.10753361657080711,0.0,I12A
0.14928605429613684,1199.0,1403.0,0.04569685339153258,6.81312645189891e-16,I12C
0.18216287558343364,1150.0,1384.0,0.04143560665916058,8.085868986260894e-08,I12D
0.20606212685357655,1002.0,1218.0,0.10720717447885678,0.0,I12E
-0.14582457135482343,1089.0,1035.0,0.13163854179199402,0.0,I12F
-0.6562112523023785,2708.0,1831.0,0.053890355018568314,1.734723475976807e-18,I12G
0.006823681750423316,762.0,817.0,0.06303022247644632,0.0,I12H
0.053753096333913016,1122.0,1234.0,0.0418183771653839,4.025825583535255e-118,I12K
2.2253325689147148,3440.0,17283.0,0.15240302636017522,6.938893903907228e-18,I12L
0.011381424729438129,1963.0,2114.0,0.0603921301155586,0.0,I12M
0.0893165861140495,1552.0,1763.0,0.04844933898861991,4.336808689942018e-19,I12N
0.02989507861315502,2443.0,2649.0,0.03269243379194233,4.390801958131796e-15,I12P
0.059553471346181136,1640.0,1816.0,0.03474862311011912,4.169020753928302e-192,I12Q
-4.155254649389482,1879.0,111.0,0.1487687141382953,3.469446951953614e-18,I12R
0.22183049134244953,2714.0,3344.0,0.049195272809383045,0.0,I12S
0.24161276741662516,2400.0,3000.0,0.028225328344496904,1.4685488158729001e-97,I12T
0.15529226991709325,969.0,1144.0,0.04420161225682404,2.310851014135434e-233,I12V
-0.5535543613330098,2072.0,1500.0,0.03457533166511318,2.7576586017640974e-11,I12W
0.27852737649634784,747.0,961.0,0.04928404493601891,1.121408186361979e-78,I12Y
-4.115250174530325,2377.0,145.0,0.10465495157517181,0.0,I12_
-0.44708955108036136,1332.0,1036.0,0.05898000555035678,4.336808689942018e-19,I135A
-1.0390976724577792,1993.0,1037.0,0.08133170268220416,0.0,I135C
-1.2470491528617937,1093.0,486.0,0.05500214864691585,3.0466702829997178e-09,I135D
-3.410254408456619,1693.0,169.0,0.08099133982492693,6.0764078783947726e-30,I135E
-0.32612670013660205,1572.0,1327.0,0.037897426071707714,8.811921207817321e-44,I135F
-1.1804496738033403,1044.0,489.0,0.05525868778967686,2.720919535487247e-63,I135G
0.08394647431792976,1114.0,1254.0,0.06409036646110883,0.0,I135H
-0.09772173084831955,693.0,685.0,0.07927423443991938,1.734723475976807e-18,I135K
-0.22260403606858412,1679.0,1528.0,0.050090421034972854,0.0,I135L
-0.5935141338570041,1394.0,979.0,0.042259351527422266,1.7596892512149435e-104,I135M
-0.03739824483814654,1212.0,1251.0,0.04089097542895644,1.545179790973405e-219,I135N
-3.743642774359538,1453.0,116.0,0.13937470338159197,3.469446951953614e-18,I135P
-0.2552156853369828,1184.0,1050.0,0.07253578449062965,8.673617379884035e-19,I135Q
-4.259949326749219,1391.0,77.0,0.11726724488843297,0.0,I135R
-0.2457278696219674,1084.0,986.0,0.14172877118930158,0.0,I135S
-0.8309840160097597,639.0,378.0,0.30813759838005306,0.0,I135T
-0.5312297347251831,888.0,649.0,0.05214682807060898,2.408438211457641e-15,I135V
-0.09288917853124651,2005.0,2015.0,0.09301213834001322,0.0,I135W
-0.016528978536457267,1000.0,1043.0,0.08563771252137446,3.469446951953614e-18,I135Y
-4.216254930394878,1714.0,97.0,0.16405714679143013,0.0,I135_
0.06055503445018875,600.0,653.0,0.19654039447645855,0.0,I136A
0.04319323459692534,1554.0,1701.0,0.03575907741474703,8.64058976770889e-117,I136C
-0.4651893213145723,1477.0,1140.0,0.06552202090518973,8.673617379884035e-19,I136D
-0.42063465349577833,735.0,584.0,0.07417886500667724,0.0,I136E
0.08888546831212511,785.0,883.0,0.04954550094860091,1.279349786261831e-276,I136F
0.5905668992401778,2978.0,4749.0,0.056367580846632834,0.0,I136G
-0.2569567668980783,1385.0,1224.0,0.05736547294547268,1.3010426069826053e-18,I136H
-3.645913922797866,825.0,70.0,0.12466566441253482,4.587925476083622e-109,I136K
0.1454597040729266,1177.0,1378.0,0.04170852053982582,1.7184837294392623e-08,I136L
-0.39964500903235,1220.0,990.0,0.11464058552518787,0.0,I136M
-0.039970528941321415,1043.0,1070.0,0.08123082147293,0.0,I136N
-0.0004178784519141133,960.0,1023.0,0.061226014683766226,8.673617379884035e-19,I136P
-0.12175231548718354,675.0,653.0,0.1451379237241618,6.938893903907228e-18,I136Q
-4.403346687471138,1482.0,74.0,0.11929035646634899,2.5194519533496187e-13,I136R
0.02078274150367681,1595.0,1716.0,0.03544768445141692,8.042108784789925e-175,I136S
-0.07858146701512046,1302.0,1302.0,0.06015514698272222,0.0,I136T
0.08350254206011194,1750.0,1967.0,0.03355652065722279,1.5675247585756521e-27,I136V
0.1234089284261121,1455.0,1681.0,0.036469392005892186,1.6172628902369115e-43,I136W
0.09167040417174549,747.0,838.0,0.12616653027193048,3.469446951953614e-18,I136Y
-4.129929197934282,1812.0,110.0,0.09842429914907928,3.403226448732456e-61,I136_
-0.5760744228022796,748.0,531.0,0.0710950714986618,0.0,I141A
-0.2251306777750338,1353.0,1228.0,0.0399998553182179,3.453511394383058e-44,I141C
-4.4332430247932075,1286.0,63.0,0.12919425287606146,4.0707025468952587e-38,I141D
-4.220383592338271,1178.0,67.0,0.12580346426637531,6.303774808795605e-58,I141E
0.35609237117339576,2098.0,2859.0,0.0647718811278056,8.673617379884035e-19,I141F
-0.537581379386266,1245.0,908.0,0.0441744036932892,3.628364900009731e-59,I141G
-4.580789752006499,708.0,31.0,0.23871448116569716,0.0,I141H
-4.712549440161341,1439.0,58.0,0.1491060733249928,9.285487309607099e-12,I141K
-0.28963989687783354,966.0,842.0,0.04767430757641655,1.2750406913622627e-53,I141L
-0.20939516097461716,1557.0,1419.0,0.10020348479643754,1.3877787807814457e-17,I141M
-3.876597776040694,1322.0,98.0,0.2196213599325726,1.3877787807814457e-17,I141N
-4.240708357497843,1805.0,103.0,0.1737592349402122,0.0,I141P
-3.5985955941618872,1206.0,106.0,0.1455838523516929,6.938893903907228e-18,I141Q
-4.153097503850444,840.0,50.0,0.14573947829057693,8.689525266687168e-101,I141R
-0.5275057532678387,807.0,587.0,0.18956202041608916,1.3877787807814457e-17,I141S
-0.4688720951853817,1528.0,1178.0,0.10583544121019536,0.0,I141T
-0.029436308847764433,1046.0,1098.0,0.1631448256173717,2.0816681711721685e-17,I141V
-2.236419942431589,1643.0,367.0,0.130598872422987,0.0,I141W
-3.9403751942685936,1360.0,101.0,0.42307198014812425,0.0,I141Y
-4.094267167623863,1784.0,115.0,0.28619445860750664,0.0,I141_
-0.6099098351440633,752.0,535.0,0.2062455917411671,4.163336342344337e-17,I146A
-0.15466377204563356,1068.0,1023.0,0.059969106804177365,4.336808689942018e-19,I146C
-0.06113854919723414,1233.0,1256.0,0.057726991603494766,0.0,I146D
-0.20652859314317343,1233.0,1132.0,0.04172575757877118,5.80601842412499e-43,I146E
-0.45191777777670045,771.0,594.0,0.11239936267937843,0.0,I146F
-2.276179840420912,2033.0,449.0,0.09566596845543957,0.0,I146G
-0.09001721311667626,480.0,474.0,0.1492034983573491,0.0,I146H
-2.115415217582203,1380.0,339.0,0.061051497735592604,1.2359249121471948e-09,I146K
0.07527256848976349,605.0,678.0,0.05639920247233975,2.0422450372254376e-30,I146L
-0.09042678703303379,627.0,627.0,0.05689047071935083,4.851043107624547e-23,I146M
-0.5997405783859682,696.0,491.0,0.0747304319138673,0.0,I146N
-1.159312390793475,622.0,293.0,0.0711865932330287,4.267488741617832e-24,I146P
-0.5224556730555683,634.0,470.0,0.06125311401488769,4.954564020221218e-34,I146Q
-3.984870908628615,1233.0,82.0,0.14806385146158052,6.938893903907228e-18,I146R
0.06280413424287871,900.0,994.0,0.15683752408116594,3.469446951953614e-17,I146S
-0.04716816671236087,975.0,1001.0,0.07107622464106685,1.734723475976807e-18,I146T
-0.029094637744526544,672.0,700.0,0.054492939029825445,6.964528794326662e-23,I146V
-0.5924323847992656,1451.0,1022.0,0.04142662789569555,1.547625650914521e-54,I146W
-0.11422962737001065,1031.0,1011.0,0.044825215302251066,2.5769454860062722e-12,I146Y
-4.135659599858328,820.0,50.0,0.6108048524059062,1.1102230246251565e-16,I146_
0.21614457735324386,1110.0,1363.0,0.041001084590242036,2.082861016808922e-26,I15A
-1.115517843259514,2092.0,1036.0,0.11178293927149067,3.469446951953614e-18,I15C
-0.1518390050188398,1784.0,1697.0,0.03459309854385461,1.4483342997194596e-177,I15D
0.04024253852254599,1330.0,1453.0,0.0401831721507672,7.4103476262145015e-09,I15E
0.04227464337834866,1017.0,1103.0,0.11518258717200516,0.0,I15F
0.19968303910563845,268.0,329.0,0.08265608548241546,1.4632767660159876e-67,I15G
0.06007731883132968,1786.0,1974.0,0.033357387835469356,9.204435982004502e-28,I15H
-0.7766206520656902,629.0,390.0,0.06485741307265623,5.719214193899592e-97,I15K
-0.03626131322454152,1477.0,1520.0,0.08872124049020173,0.0,I15L
-0.16311510404238716,1924.0,1812.0,0.08864723518550899,0.0,I15M
0.1721733935076075,1435.0,1697.0,0.16268070849860589,2.7755575615628914e-17,I15N
0.1015308121652497,2528.0,2871.0,0.028119432645333415,1.2170452394591228e-33,I15P
0.29433810879430516,607.0,788.0,0.05448189495013,7.363993591566395e-44,I15Q
-4.234372489376799,1908.0,107.0,0.0996125257258908,3.842688714421618e-09,I15R
0.14632455685690648,994.0,1165.0,0.043735163930788634,1.6529089232045482e-115,I15S
0.1810005973438824,1582.0,1901.0,0.03470655482570629,2.7875842002624347e-51,I15T
-0.08493487624849709,2874.0,2873.0,0.02724366534957293,1.588074986732989e-104,I15V
-4.3394830105002,1072.0,56.0,0.35020105659063033,8.326672684688674e-17,I15W
-3.901656558547901,602.0,43.0,0.15796682581984886,4.7990857326738766e-92,I15Y
-4.195156970528308,778.0,45.0,0.1763859725271923,8.414970109615894e-14,I15_
-0.2810082913682559,1880.0,1641.0,0.03448214568035816,1.18256200347524e-25,I167A
-0.046357225344945185,2097.0,2155.0,0.03143032111801864,1.8346375369920867e-82,I167C
-0.2273853422453575,1183.0,1071.0,0.04272340031237886,3.9796986515819554e-11,I167D
0.059787472115200926,1472.0,1615.0,0.1179477314217927,0.0,I167E
-0.23836588246058563,1149.0,1035.0,0.04341760483548344,3.081013123276198e-85,I167F
0.10114349454345382,604.0,687.0,0.05621708195843419,8.1637337043857e-311,I167G
-0.021512144752491878,1021.0,1074.0,0.08007550322621625,1.734723475976807e-18,I167H
-0.08621376521855187,1470.0,1467.0,0.03752549565576919,9.870274329496801e-14,I167K
-0.7551433683322369,2470.0,1545.0,0.06519509880683945,8.673617379884035e-19,I167L
0.0015122621067429778,1560.0,1655.0,0.03595439288275802,1.280193602025924e-87,I167M
-0.0055407925110721725,1527.0,1619.0,0.03632567767278724,5.4732200320501e-180,I167N
-0.2276313486385467,1579.0,1432.0,0.08619821756451271,0.0,I167P
-0.18268069250994937,1560.0,1460.0,0.0370592487770399,2.0054182949089146e-129,I167Q
-3.8097051389667236,2049.0,154.0,0.13172895333944576,0.0,I167R
0.04867362797002745,778.0,861.0,0.07815475004950057,8.673617379884035e-19,I167S
0.15445327716331791,1019.0,1206.0,0.043119137803696306,7.283791196481909e-68,I167T
0.19290166975893464,591.0,721.0,0.14852292046005716,0.0,I167V
-0.20236234413745613,2133.0,1971.0,0.04231229172030745,0.0,I167W
-0.08795796556120786,1193.0,1191.0,0.041522563263684996,8.030789852923042e-12,I167Y
-4.174498715342118,2435.0,143.0,0.08633856219667718,3.1792521696784537e-16,I167_
0.1120187344684108,780.0,889.0,0.08666567554396669,6.938893903907228e-18,I171A
0.12501429929533195,227.0,259.0,0.19786123161854013,0.0,I171C
0.04892564843177167,1337.0,1467.0,0.03842052327716019,1.9413964640345634e-48,I171D
0.1562122236319228,1571.0,1858.0,0.03495330055185879,2.0969987720079254e-247,I171E
0.04614830872185259,1527.0,1663.0,0.08518706488952285,0.0,I171F
0.02979258549614185,2454.0,2667.0,0.04178254665289819,0.0,I171G
0.23683367636721353,1631.0,2035.0,0.03393683836741156,4.3083112364285e-96,I171H
-0.036508065380260656,1656.0,1713.0,0.0351383244433575,2.3384726815402188e-191,I171K
0.5822760763253101,1761.0,2787.0,0.0670729599136775,0.0,I171L
0.0797286175316002,1045.0,1170.0,0.05649591552353448,0.0,I171M
0.11695692018456405,1720.0,1971.0,0.05584542626584239,0.0,I171N
-0.013971220541545794,1396.0,1462.0,0.038038039609986245,3.015460097479153e-45,I171P
0.04369372544363982,1361.0,1493.0,0.04365178158654298,1.2173421992667244e-15,I171Q
-0.09769952300143872,2562.0,2535.0,0.02894746018126436,1.7088860067229732e-07,I171R
-0.07492867246614857,1072.0,1076.0,0.04369749653260458,1.3825818950276133e-103,I171S
0.029927069898754925,1532.0,1667.0,0.07898300956845711,3.469446951953614e-18,I171T
-0.19334077123808766,2164.0,1998.0,0.07776586462348085,1.734723475976807e-18,I171V
0.10121368237829052,1528.0,1722.0,0.14168373839023354,0.0,I171W
0.13453681896154293,760.0,887.0,0.04992119816760621,3.1355604415990805e-168,I171Y
-3.946532350689419,1897.0,133.0,0.17264180728932735,2.0816681711721685e-17,I171_
-1.054998497602609,3617.0,1842.0,0.029424334671096078,1.6752395299631035e-248,I177A
-0.032063018344829074,1270.0,1315.0,0.044838537217032924,2.8092979331706402e-14,I177C
-0.6416176456672721,1326.0,901.0,0.056465456454795615,8.673617379884035e-19,I177D
-0.2542553201441666,973.0,867.0,0.08009304407085198,0.0,I177E
-1.5394918622597715,506.0,187.0,0.13602031663384187,0.0,I177F
-0.8860468228000253,1102.0,632.0,0.050396685317059375,1.0840041527743536e-53,I177G
-1.1240161785639753,968.0,473.0,0.056553775453188085,5.044355779796506e-68,I177H
-0.32611508822215785,1369.0,1155.0,0.066402943724998,0.0,I177K
0.13284058962002807,686.0,802.0,0.10196505144633933,5.204170427930421e-18,I177L
-1.067966553370931,433.0,221.0,0.21847443552806406,1.3877787807814457e-17,I177M
-0.5127472180688789,1295.0,973.0,0.12485216996481639,0.0,I177N
-0.8152644096926182,3805.0,2313.0,0.11947880888308997,1.734723475976807e-17,I177P
-1.1183753286068767,1028.0,509.0,0.12793281054360067,0.0,I177Q
-1.2883321063798059,2375.0,1030.0,0.13630597931470154,1.3877787807814457e-17,I177R
-0.8631813447997349,2957.0,1732.0,0.10867924524742215,3.469446951953614e-18,I177S
-0.5268727819247087,860.0,630.0,0.09456131707631954,1.734723475976807e-18,I177T
-0.14407505588872932,951.0,905.0,0.16858693514182638,0.0,I177V
-1.8390389865936956,581.0,179.0,0.3629906928705572,0.0,I177W
-2.024595228830941,591.0,158.0,0.20001038506372823,2.7755575615628914e-17,I177Y
-4.314153144595318,1964.0,104.0,0.1261388413736829,0.0,I177_
0.004025172728697725,1830.0,1955.0,0.07011643967020997,2.6020852139652106e-18,I199A
0.008209363312689063,1325.0,1415.0,0.038850345647307875,1.593287390337843e-78,I199C
-0.230069267955856,1542.0,1404.0,0.1917717610770722,1.3877787807814457e-17,I199D
0.009379400568644954,1964.0,2089.0,0.06825120522586683,0.0,I199E
-0.25480313637478597,1968.0,1730.0,0.16881637519588616,0.0,I199F
-0.28455837936509415,2386.0,2093.0,0.06454438702983284,0.0,I199G
-0.01556414561312204,1585.0,1666.0,0.03575132592392683,0.0,I199H
0.1551696882024396,795.0,936.0,0.07426395809320192,0.0,I199K
0.0840703781627165,1261.0,1416.0,0.04615605189619932,9.540979117872439e-18,I199L
-0.5400876941130234,2321.0,1700.0,0.10911544357403795,0.0,I199M
-0.08298591708557536,827.0,823.0,0.09852189384762416,3.469446951953614e-18,I199N
0.0165825525476148,1195.0,1282.0,0.04983741867166139,0.0,I199P
-0.031336320485912623,3010.0,3118.0,0.02644861659503463,4.594140922480074e-48,I199Q
0.0424136673698917,1833.0,1996.0,0.057363088645295754,0.0,I199R
-0.10720624185806098,3498.0,3455.0,0.039149969733640565,0.0,I199S
-0.15214558143062565,2873.0,2748.0,0.02753642124423838,6.083482149005553e-118,I199T
0.05507838030436594,931.0,1024.0,0.04579377399008292,4.0377013436871294e-15,I199V
0.011406762130975147,1237.0,1311.0,0.14793171182567522,6.938893903907228e-18,I199W
0.0994555918541345,1230.0,1391.0,0.09316097326720038,0.0,I199Y
-3.606297914295009,1199.0,104.0,0.1347588089627872,1.734723475976807e-18,I199_
-0.40971025476472284,507.0,419.0,0.21667436717697194,4.163336342344337e-17,I19A
-0.21952723134127292,832.0,758.0,0.05071019438973636,5.599211109360603e-62,I19C
-2.0028253692093347,954.0,252.0,0.0729040843246773,2.40161499759947e-07,I19D
-0.22804000330560648,1375.0,1242.0,0.05627112627179502,0.0,I19E
-2.606015854619998,890.0,154.0,0.13862523502574575,0.0,I19F
0.06802290687182383,1901.0,2111.0,0.03587715233725733,1.764033255406694e-13,I19G
-0.006574463529977762,2038.0,2160.0,0.05650713994049715,0.0,I19H
-0.24840774903826293,893.0,803.0,0.06830260238698482,0.0,I19K
0.13107630214137936,1174.0,1377.0,0.11416795602393093,6.938893903907228e-18,I19L
0.06185109775768686,3870.0,4281.0,0.034036529227596785,2.168404344971009e-19,I19M
0.11157597472802197,2191.0,2530.0,0.06579954744347011,0.0,I19N
-3.2436306124448793,1690.0,194.0,0.1837387949777163,0.0,I19P
0.11003495955227109,2115.0,2426.0,0.030524166822572852,2.974399337057143e-164,I19Q
-0.2472879890316569,1261.0,1138.0,0.10692060312176994,1.0408340855860843e-17,I19R
0.05546062246630253,1527.0,1706.0,0.1316682532548114,0.0,I19S
0.12840984301750846,628.0,725.0,0.09148004757076189,1.734723475976807e-18,I19T
-0.02556958619288281,504.0,530.0,0.16730596640573228,1.3877787807814457e-17,I19V
-2.086791222639861,931.0,231.0,0.10055985066891447,3.469446951953614e-18,I19W
-2.2212770070372003,1086.0,246.0,0.1114048804810531,3.469446951953614e-18,I19Y
-3.9409675614749293,1344.0,92.0,0.3443625375084043,0.0,I19_
0.13646081117057296,3117.0,3627.0,0.03703002991654746,2.168404344971009e-19,I205A
-0.5913661529844733,2236.0,1574.0,0.034356978377364435,6.471876444019654e-08,I205C
-3.2299561548461253,870.0,98.0,0.10677291020352432,8.761078018238135e-160,I205D
-0.9489372371397043,2260.0,1244.0,0.03596754959260808,4.2943189035129144e-95,I205E
0.11761050511387268,829.0,953.0,0.048025344789634064,1.430288730153288e-20,I205F
0.13560525173924426,1600.0,1864.0,0.034763761212076846,4.7036510149311464e-179,I205G
0.20362212600195753,1531.0,1868.0,0.038920690052103316,2.6964953707409034e-13,I205H
-0.1522098427084731,2164.0,2054.0,0.06570798408312535,0.0,I205K
0.10138313832116487,1451.0,1653.0,0.03994691495536501,4.500400594721621e-12,I205L
0.10062420189175172,1665.0,1892.0,0.03429753797206407,5.469996809663752e-106,I205M
-0.1173514135124453,2197.0,2146.0,0.031100745622426856,8.910310161270714e-19,I205N
-0.2617843661675399,2363.0,2117.0,0.10671206351574024,1.0408340855860843e-17,I205P
-0.02003189788423537,1868.0,1940.0,0.10938908270042504,6.938893903907228e-18,I205Q
0.14576375556865523,1679.0,1966.0,0.06258824598969219,0.0,I205R
0.1815262480341965,2335.0,2808.0,0.02881731369015243,5.601552184675657e-22,I205S
0.4962249571091444,1420.0,2111.0,0.09530244470907188,0.0,I205T
-0.03343925002391908,1064.0,1102.0,0.04352949784804401,1.7120192455420182e-189,I205V
0.010638681819915742,1461.0,1566.0,0.07575733486730175,0.0,I205W
0.1256795023639998,2579.0,2983.0,0.0277351017913569,4.094959662147675e-126,I205Y
-4.105229977672265,1880.0,118.0,0.22774348509054343,4.163336342344337e-17,I205_
0.14868187883506706,1121.0,1320.0,0.0411819725721211,1.2693243134245168e-08,I209A
0.07928658552402591,1954.0,2188.0,0.03218887663081481,1.7149412685828837e-07,I209C
-4.060014803042734,762.0,52.0,0.4226140671191174,0.0,I209D
-3.9546473654994188,2305.0,167.0,0.3134238078954074,8.326672684688674e-17,I209E
0.024504546087763212,2933.0,3158.0,0.0504164661694113,2.168404344971009e-18,I209F
0.09744645884342093,1997.0,2262.0,0.03688943155827786,6.938893903907228e-18,I209G
-2.0530449812138634,797.0,210.0,0.22940641228756328,0.0,I209H
-0.8851896396336112,2052.0,1170.0,0.11169202533988308,3.469446951953614e-18,I209K
0.0560825892471478,1021.0,1127.0,0.04375539267405402,0.0,I209L
-0.08341412016998265,2069.0,2071.0,0.041638795064767066,0.0,I209M
-1.8453353684482479,1409.0,417.0,0.056190952205375955,9.005826834986052e-82,I209N
-4.0863612403036065,1812.0,113.0,0.09719677438543858,2.3849629976198812e-163,I209P
-0.2869527181057502,3745.0,3241.0,0.06549230704287386,2.6020852139652106e-18,I209Q
-3.3462541396081456,2340.0,245.0,0.08018622815613158,3.642919299551295e-17,I209R
-0.1676074053677719,2845.0,2670.0,0.0929429818639528,3.469446951953614e-18,I209S
0.12862258049942585,1543.0,1789.0,0.04109969898215299,6.787105599759258e-17,I209T
0.04697793511344472,1344.0,1469.0,0.047988839716571266,8.673617379884035e-19,I209V
0.006555633728258128,1345.0,1425.0,0.07090018490930636,1.734723475976807e-18,I209W
0.23569453705816978,1163.0,1449.0,0.059921451355754364,0.0,I209Y
-4.116160922113564,1161.0,71.0,0.1224921324483078,7.51705444842571e-18,I209_
-0.5849445256310085,1251.0,880.0,0.08462257026246955,0.0,I23A
-0.5938668607681443,1049.0,748.0,0.11942315544252022,0.0,I23C
-4.37256245781203,1615.0,83.0,0.1311556856784223,7.259817746962938e-15,I23D
-2.270667110920431,652.0,144.0,0.11619433070798617,5.204170427930421e-18,I23E
0.02606364584319026,1786.0,1939.0,0.09496250433662615,0.0,I23F
0.22060233673736168,1876.0,2332.0,0.05141302252185471,1.734723475976807e-18,I23G
-0.2448714522824489,1939.0,1745.0,0.07282016942993691,0.0,I23H
-4.360375922558756,1327.0,68.0,0.1245045029706191,4.6593763830589696e-08,I23K
-0.2328870199238547,2672.0,2407.0,0.06038488450041288,0.0,I23L
-0.33899011814550717,1313.0,1114.0,0.11994358378255603,0.0,I23M
-0.003201583960666939,1397.0,1483.0,0.03792714931181738,8.100022258244642e-30,I23N
-1.3111601001891595,1569.0,676.0,0.13484134597664663,0.0,I23P
-0.2725751584473364,1844.0,1623.0,0.0347291867115281,7.547646125258461e-41,I23Q
-4.75540504710345,2753.0,108.0,0.09834835980161012,3.791872711124937e-18,I23R
-0.4060573808742526,1270.0,1009.0,0.11894016394834077,0.0,I23S
-0.5229923803676882,484.0,358.0,0.07007409861025576,1.50685956e-316,I23T
-0.2763380830286216,3064.0,2687.0,0.03406305191444744,3.2526065174565133e-19,I23V
0.17463134834145927,918.0,1105.0,0.06154367472701737,0.0,I23W
-0.22339941855326956,1251.0,1144.0,0.07125633302017628,0.0,I23Y
-4.5047660110051835,920.0,43.0,0.15613292096877132,3.871461073233241e-31,I23_
-0.121067316660604,3619.0,3529.0,0.024611015323967783,4.667977793754544e-65,I240A
0.43392702045032516,3582.0,5166.0,0.05925666977185517,0.0,I240C
-0.9243494471866102,2276.0,1273.0,0.06645484607548792,0.0,I240D
-0.8520691727580701,1508.0,884.0,0.04291267912754048,2.3838922595434293e-125,I240E
0.030173488023720194,1797.0,1943.0,0.05529264446822831,8.673617379884035e-19,I240F
-0.1298778813493896,1714.0,1660.0,0.058810403765555734,2.6020852139652106e-18,I240G
-0.27847614167432994,1626.0,1424.0,0.08879821594487929,0.0,I240H
-4.017435031238248,1848.0,121.0,0.10144534116707453,5.807301306504087e-10,I240K
-1.4927162855600606,7686.0,2891.0,0.022846065409940983,2.222251200348492e-236,I240L
-0.17597081444485377,4645.0,4356.0,0.022160964956006154,8.870876050418692e-20,I240M
-0.7794637228941554,5206.0,3215.0,0.07169750897287522,0.0,I240N
-4.252475932427141,2350.0,132.0,0.154557880368442,0.0,I240P
-0.1179344567479754,2559.0,2501.0,0.028932708460219125,2.231720257813857e-271,I240Q
-3.7833575334069316,2494.0,207.0,0.4257517335485565,0.0,I240R
-0.4810735872222142,2824.0,2191.0,0.15689024158411216,2.0816681711721685e-17,I240S
0.10382856223735097,1829.0,2086.0,0.03274833023583628,1.8764917462290532e-51,I240T
-0.5269005394378964,1703.0,1253.0,0.04133696338473491,4.213781342084222e-12,I240V
-4.064438688520837,2346.0,148.0,0.11709095664148174,0.0,I240W
-0.11697634596157902,2725.0,2669.0,0.028073309342671264,1.005208559450192e-216,I240Y
-4.203914884603051,2390.0,139.0,0.17253480557530895,0.0,I240_
-0.20230113787626033,2600.0,2401.0,0.029247479651497897,1.756969349804372e-07,I242A
0.028436197915336588,2730.0,2948.0,0.027424746420658477,9.706841184091266e-72,I242C
0.14669292221970415,1667.0,1955.0,0.03403822409977341,1.9995149826594422e-91,I242D
0.06521526793438638,1062.0,1180.0,0.09957892454038215,0.0,I242E
0.001957141845171104,1893.0,2008.0,0.03277008544457124,9.535873356067531e-14,I242F
-0.02954821568721476,1777.0,1856.0,0.05491950336588729,0.0,I242G
-0.25623342215079614,1769.0,1579.0,0.07520635930537896,0.0,I242H
-0.23420804513952279,2271.0,2060.0,0.060783230246375455,0.0,I242K
-0.01908948574066028,2510.0,2644.0,0.05127317093929321,1.3010426069826053e-18,I242L
-0.10115380128299394,1489.0,1488.0,0.10999328707585393,1.0408340855860843e-17,I242M
0.08829373632013293,1899.0,2125.0,0.11528249709241116,0.0,I242N
0.0669774551024596,2495.0,2762.0,0.057994336825905435,0.0,I242P
0.06627554646400718,1943.0,2161.0,0.06761979591350031,2.6020852139652106e-18,I242Q
-0.1922187734667854,2027.0,1902.0,0.12030978236820604,0.0,I242R
0.07182540656798846,2358.0,2628.0,0.029176477430712302,6.94450481121745e-104,I242S
0.06556478897284368,3038.0,3369.0,0.025922734680601,2.0407775685916678e-32,I242T
-0.23919863470979982,2744.0,2468.0,0.03659902200270015,0.0,I242V
-0.15607037077401475,2462.0,2341.0,0.0296554718422868,8.444858385359443e-27,I242W
-0.12600737249706292,2957.0,2858.0,0.08417026965784602,8.673617379884035e-18,I242Y
-4.446134467842836,1557.0,76.0,0.11770001407306555,8.559985973944713e-32,I242_
-0.1029163701337892,1743.0,1738.0,0.09822721148965746,0.0,I244A
-0.05404481401064598,1769.0,1820.0,0.06486082520175462,3.469446951953614e-18,I244C
-4.31061499945002,1925.0,102.0,0.2137738608134826,0.0,I244D
-4.484012800788763,1427.0,67.0,0.22471177181068883,0.0,I244E
0.008872345293200521,2033.0,2170.0,0.03160654814972909,1.1318084696019115e-48,I244F
0.0256573510525186,2496.0,2694.0,0.04207846516513003,0.0,I244G
-1.9227152280213742,2654.0,742.0,0.042100255862598614,4.61764420815574e-33,I244H
-4.253282748152214,1963.0,108.0,0.20765327409882792,2.7755575615628914e-17,I244K
0.04241162185460025,2954.0,3241.0,0.03767120453661591,0.0,I244L
-0.130278421684242,4299.0,4152.0,0.022796397279679234,1.5348275082078509e-115,I244M
-0.31377086364632845,2584.0,2195.0,0.07686273506005406,1.734723475976807e-18,I244N
-4.025234011306254,1875.0,122.0,0.09371516685679503,5.708094272619993e-16,I244P
-1.6142408777339023,2865.0,992.0,0.04367102044420974,4.9873299934333204e-17,I244Q
-4.1159780178542045,1280.0,79.0,0.18511670110779418,1.3877787807814457e-17,I244R
-0.03465386158038462,2166.0,2265.0,0.12481607199705493,3.122502256758253e-17,I244S
-0.10633935679541211,2066.0,2036.0,0.05921070143823719,1.734723475976807e-18,I244T
-0.14026307879328972,3294.0,3149.0,0.09845096673748964,0.0,I244V
-4.06037706089412,3278.0,208.0,0.07183729240093002,5.9918254665162726e-55,I244W
-0.7372207595703006,2568.0,1637.0,0.03235877929772724,6.392158299361178e-185,I244Y
-4.078239735098837,1768.0,111.0,0.0980782523374572,1.5111233239971483e-73,I244_
0.1297227037226976,1531.0,1781.0,0.03551585269888447,2.277112167122941e-108,I249A
0.0942361087393027,793.0,898.0,0.04921860097353925,2.1194433669597995e-146,I249C
-3.802141542725415,749.0,57.0,0.1375444108411205,1.8590343886427044e-45,I249D
-1.6651415296420788,3055.0,1022.0,0.036773645605729974,3.1089220273182264e-126,I249E
-0.11545012679029072,2824.0,2748.0,0.09473024668135661,3.469446951953614e-18,I249F
0.22749805144163518,849.0,1048.0,0.0794562965174226,0.0,I249G
-1.0710107720126094,1601.0,810.0,0.043687987017560055,1.8258997223882638e-15,I249H
-3.831712554222725,2654.0,198.0,0.09810063903409126,3.469446951953614e-18,I249K
0.03653257869545053,1901.0,2080.0,0.06450171087955708,0.0,I249L
-0.14913006793555517,1310.0,1248.0,0.07104248519000653,0.0,I249M
-0.7587630952945498,1663.0,1058.0,0.20681168115918894,1.3877787807814457e-17,I249N
-1.4324865973065206,2444.0,961.0,0.07367394609089281,0.0,I249P
0.017364925400164738,1235.0,1329.0,0.04011876293745024,1.2897475875048102e-241,I249Q
-3.7912670807810405,1544.0,118.0,0.09575361821859486,1.6729485686010793e-204,I249R
0.1800415895177489,2720.0,3272.0,0.02682798690285516,1.2017646530176724e-97,I249S
0.05494542951936793,3825.0,4201.0,0.023386295598282765,5.918065069919172e-08,I249T
0.12274054364624559,1897.0,2179.0,0.08565580926632861,0.0,I249V
-0.12130242214651792,809.0,788.0,0.05056714468099383,1.1689954098563135e-14,I249W
0.20593824185397128,1608.0,1946.0,0.16396071506292528,0.0,I249Y
-4.022424442032065,764.0,49.0,0.39230255556843713,5.551115123125783e-17,I249_
0.0695930499083117,1962.0,2179.0,0.03490943295606256,1.2322652663890321e-12,I256A
-0.1710544154588118,3132.0,2952.0,0.06062590037508848,8.673617379884035e-19,I256C
-4.137315712654148,2012.0,122.0,0.11722984851932884,0.0,I256D
-4.152790102826111,3716.0,222.0,0.08768617737018293,9.540979117872439e-18,I256E
0.04565320916233986,3242.0,3543.0,0.025240511354768267,1.3106831590533562e-82,I256F
0.030205964881719127,1876.0,2020.0,0.08092247347481601,0.0,I256G
-3.335990820294701,2806.0,299.0,0.1728276773609021,0.0,I256H
-1.9024687046921467,1865.0,529.0,0.049744064099669055,7.81838269380231e-146,I256K
0.15212327788371707,1285.0,1518.0,0.03852048374081935,3.1659788659134176e-97,I256L
0.26179365580961683,1861.0,2369.0,0.031714652027259364,4.223315536457719e-74,I256M
-3.4733101589546282,1271.0,126.0,0.2932984918691557,0.0,I256N
-1.9311651428955594,1664.0,469.0,0.07879133564210739,6.071532165918825e-18,I256P
-2.706253252586772,1691.0,274.0,0.07209141112955449,4.831754137415989e-12,I256Q
-1.624738005504974,1837.0,628.0,0.10373323581095488,0.0,I256R
0.3267796591442796,2004.0,2650.0,0.09244619167033102,0.0,I256S
0.14801848567704282,2172.0,2555.0,0.051085876568297425,0.0,I256T
0.02198296953960551,1853.0,2008.0,0.09645016614573089,3.469446951953614e-18,I256V
0.11398085252383423,1720.0,1968.0,0.0629682305324334,0.0,I256W
0.15659899081487355,2335.0,2761.0,0.028929668418285145,3.9891216863895065e-286,I256Y
-4.19581622742986,2529.0,147.0,0.10639130394679912,3.469446951953614e-18,I256_
0.053512966831209895,2136.0,2343.0,0.06030876607546728,0.0,I272A
0.047643688786947386,1912.0,2096.0,0.032354181755369145,3.3174943194510085e-282,I272C
-4.626461174021952,2218.0,94.0,0.22412433114039895,0.0,I272D
-3.9724800605143744,2393.0,161.0,0.08169684928143743,4.229432635419618e-46,I272E
0.080724595709731,2735.0,3079.0,0.072535065714562,3.469446951953614e-18,I272F
-3.04084555282022,3332.0,431.0,0.1113430055239909,1.3877787807814457e-17,I272G
-4.315832594214665,14221.0,766.0,0.2346535234745518,0.0,I272H
-3.6639750536058657,2992.0,253.0,0.1359442755446643,1.734723475976807e-17,I272K
0.21483373877603207,3268.0,4021.0,0.024509478838021556,1.1133205641498639e-74,I272L
0.04356481467147097,1733.0,1890.0,0.03396533259884022,6.343439725156533e-46,I272M
-4.138672505799673,1071.0,64.0,0.3067742102840876,0.0,I272N
-3.482348134559553,3073.0,293.0,0.11382175501763603,0.0,I272P
-2.5940829466174287,2949.0,531.0,0.22695928405105356,1.3877787807814457e-17,I272Q
-3.946222340683689,2354.0,160.0,0.279930697066404,5.551115123125783e-17,I272R
-0.25718724706083057,1326.0,1176.0,0.04362801167710441,8.437874249138388e-11,I272S
0.4256684832644236,2170.0,3092.0,0.02881466774038642,1.1049567681677528e-23,I272T
0.05865688229235142,2834.0,3133.0,0.02680335751653555,5.502064073661333e-174,I272V
-2.8763061150161056,2655.0,387.0,0.13130925628605475,1.734723475976807e-17,I272W
-1.9176133218643832,2145.0,604.0,0.08586868338066386,0.0,I272Y
-4.176930557841934,2838.0,168.0,0.1237919184832051,0.0,I272_
-0.03396413217657978,2919.0,3019.0,0.03439386403277405,0.0,I277A
-0.2716502667797571,1583.0,1383.0,0.09157529317213475,0.0,I277C
-0.6405004673673631,3476.0,2356.0,0.055108147833920824,2.6020852139652106e-18,I277D
0.08946129529076778,2629.0,2970.0,0.02893680996447262,1.8928044449460692e-09,I277E
0.42842794923497496,2524.0,3621.0,0.0987087703694015,0.0,I277F
0.038284000391310226,2450.0,2653.0,0.08550665471091427,0.0,I277G
0.10147012607437225,1374.0,1572.0,0.08476074810935438,1.734723475976807e-18,I277H
0.13183406719586796,2032.0,2365.0,0.03101282088114528,3.719110191414771e-109,I277K
0.06615597274909912,3045.0,3387.0,0.025881699688472693,9.765757631432169e-152,I277L
-0.001226716957026719,1463.0,1543.0,0.07376048504438788,0.0,I277M
0.4880047370728253,3075.0,4563.0,0.05469571008190665,0.0,I277N
-2.2013539592966134,2387.0,562.0,0.1641398459617357,2.7755575615628914e-17,I277P
0.09963333530220837,1775.0,2009.0,0.06627948246986065,1.734723475976807e-18,I277Q
0.05698289021381927,3139.0,3468.0,0.029148964607282734,9.323054481202853e-16,I277R
-0.011887520068743168,2216.0,2341.0,0.06921552990809396,0.0,I277S
0.05406551160737619,1254.0,1378.0,0.03963878773564591,1.6059972575274434e-74,I277T
-0.4888639092173749,3143.0,2384.0,0.10101429252314115,1.0408340855860843e-17,I277V
0.30223734716084244,1810.0,2354.0,0.09059106476158213,0.0,I277W
0.13810858739725207,1825.0,2128.0,0.032621413416873,8.900296251525524e-45,I277Y
-4.0719829414705595,2625.0,164.0,0.16816839070974207,0.0,I277_
0.06621901231842585,1976.0,2193.0,0.0317637446827335,4.5888798197923157e-122,I281A
0.13346874960081326,1669.0,1943.0,0.03407591441095601,2.7623982999657757e-65,I281C
-1.0182289993249836,1411.0,739.0,0.04594467918804068,3.787534128587135e-58,I281D
0.0701282613997863,1253.0,1396.0,0.05326787366380819,0.0,I281E
-0.0777629373469505,2054.0,2064.0,0.03780737237789544,9.75781955236954e-19,I281F
0.13982283067182974,2567.0,3002.0,0.02772546249919588,5.191269934444475e-24,I281G
0.07680628343555979,2747.0,3072.0,0.03405197733676242,1.0842021724855044e-19,I281H
-0.008930322495923175,2773.0,2906.0,0.08137262865262224,1.734723475976807e-18,I281K
0.20102474762239103,2558.0,3123.0,0.027518972151462033,1.522335593966669e-68,I281L
-0.2139263246570438,2754.0,2524.0,0.028393573506748645,3.1123475695432864e-31,I281M
0.1642444052118523,284.0,336.0,0.08091234959450501,3.426247521650686e-94,I281N
0.21401750837788003,3300.0,4064.0,0.024398482443085314,1.873521350453784e-206,I281P
0.17615203525270098,2363.0,2831.0,0.028687905004990074,4.186934581330811e-124,I281Q
-4.417946176678389,2687.0,136.0,0.2040384654370985,1.3877787807814457e-17,I281R
-0.05817727992998117,3372.0,3434.0,0.025180924303193703,1.8678540152815599e-113,I281S
0.04045260620624162,1888.0,2064.0,0.03257153716993178,2.760773055430439e-298,I281T
-0.009657415126017206,2176.0,2283.0,0.057560910150951716,0.0,I281V
0.007086872532561754,2860.0,3065.0,0.05555200149862838,0.0,I281W
0.2150678329595973,2469.0,3029.0,0.04907325892921472,0.0,I281Y
-4.378832132562741,1244.0,63.0,0.1293520320333845,4.750294419192147e-28,I281_
-0.020232342262682224,1648.0,1724.0,0.03513369448430896,1.3917790400021012e-58,I288A
0.052214923040666134,2119.0,2351.0,0.12205458337468637,6.938893903907228e-18,I288C
0.17190171910961116,1808.0,2146.0,0.1056889322389065,3.469446951953614e-18,I288D
-0.018502530730349936,2982.0,3112.0,0.04748029769793184,0.0,I288E
0.08747026564348657,2781.0,3133.0,0.026926059528797827,3.6459949578598364e-162,I288F
0.15242941477981314,2026.0,2386.0,0.03189743147068369,2.148359703167419e-08,I288G
0.12496044904023841,1074.0,1248.0,0.05808516432708603,1.3010426069826053e-18,I288H
0.06366329516529376,1515.0,1678.0,0.04971979574229574,0.0,I288K
0.022346463611180506,2014.0,2165.0,0.031696639159227984,2.8506650662802347e-40,I288L
-0.016336533484881954,2185.0,2280.0,0.0714964054064776,0.0,I288M
-0.153701329858545,1852.0,1768.0,0.033937958956507426,1.29568254785551e-21,I288N
0.15995139151594753,2634.0,3099.0,0.10579098451023801,3.469446951953614e-18,I288P
-0.04893472383096595,1942.0,1990.0,0.045661798633790704,0.0,I288Q
0.047810390401462205,1504.0,1653.0,0.03627809044801028,4.530525825158077e-13,I288R
0.11890864495232503,1896.0,2180.0,0.03213126967053268,3.5615040649648038e-43,I288S
0.04174573685015374,2243.0,2446.0,0.032647703137499894,4.170039910166706e-12,I288T
-0.17876594749750227,1874.0,1774.0,0.09432857669478,0.0,I288V
0.0030872865608240455,1775.0,1893.0,0.045590989942079704,4.336808689942018e-19,I288W
0.0932546579437191,2077.0,2344.0,0.05866719349161703,0.0,I288Y
-4.748065189952,2030.0,80.0,0.11421719345395853,9.097685141323248e-08,I288_
0.2499736381813741,2427.0,3037.0,0.11667390894360638,0.0,I295A
0.2551262191176299,2747.0,3460.0,0.07833061675247559,3.469446951953614e-18,I295C
0.02120742556076718,3062.0,3276.0,0.09246283477127296,0.0,I295D
0.19535085634300506,2050.0,2479.0,0.0630086779283118,0.0,I295E
0.24978385381247417,1822.0,2283.0,0.09250377424519661,1.734723475976807e-18,I295F
-0.434132261389425,1862.0,1466.0,0.035574749385009506,2.2803389630891732e-28,I295G
0.09863164520661762,2314.0,2634.0,0.02929889727588176,1.9515475595132003e-160,I295H
0.1858289660493165,2698.0,3247.0,0.02693162278372111,2.6997470568049317e-36,I295K
0.14945769519620178,3558.0,4185.0,0.023793106487709888,2.590637852561823e-277,I295L
0.17013847871018234,2089.0,2483.0,0.055431532476529495,3.469446951953614e-18,I295M
0.12003682213907718,2457.0,2820.0,0.0734687195280091,0.0,I295N
-1.8743072773155685,2142.0,620.0,0.051773697846107844,8.82289033499184e-14,I295P
0.05628713815015462,2456.0,2708.0,0.028687255538804256,6.984301693873013e-174,I295Q
-3.1382370593298234,1904.0,230.0,0.07277938025727028,7.924450204496378e-08,I295R
0.08132797083145028,738.0,827.0,0.051103939714264635,1.4546727278001419e-77,I295S
0.1347312468996781,3133.0,3653.0,0.025278437523420398,2.3797486429523788e-71,I295T
-0.019597722462631167,2504.0,2623.0,0.028759735682444713,3.2081416701103233e-198,I295V
-1.1644059616708524,1649.0,779.0,0.05976651893349406,0.0,I295W
1.2483230784347683,2129.0,5408.0,0.0923893299028662,0.0,I295Y
-4.3090291376507555,1241.0,66.0,0.1366458789102538,3.134710433935761e-10,I295_
0.15452599499894037,2474.0,2924.0,0.028156838762299522,2.3940942992799993e-89,I298A
0.07167942382652133,2341.0,2601.0,0.05595001368685789,1.734723475976807e-18,I298C
0.15243723531336034,1171.0,1383.0,0.052287409868482175,0.0,I298D
0.14816394296232668,2252.0,2629.0,0.10216713575017985,0.0,I298E
0.20457210251556354,1688.0,2078.0,0.08736577251034013,8.673617379884035e-18,I298F
0.14611866395418277,1891.0,2225.0,0.032014537197805074,4.923995617090523e-220,I298G
0.3000867309981105,1744.0,2277.0,0.03254387367694549,1.434504707777545e-131,I298H
-1.9150130800565468,1741.0,491.0,0.051570298551324965,6.2507970650921116e-117,I298K
-0.0972264847457017,1568.0,1558.0,0.03642177141261349,1.0695402331416327e-171,I298L
-0.01579419530925251,2144.0,2252.0,0.030937123750688262,4.1e-322,I298M
-0.16042504398582566,1863.0,1759.0,0.03596038086099035,3.680371971266118e-10,I298N
0.09670257839118801,3261.0,3678.0,0.0870049019723555,0.0,I298P
0.374831340480851,2613.0,3596.0,0.026586613776669574,5.105926332727246e-52,I298Q
0.10605280445739762,2445.0,2793.0,0.02852875080555048,3.253702235228901e-31,I298R
0.12302571238126228,1383.0,1583.0,0.14340439335620714,1.3877787807814457e-17,I298S
-0.4705316107768502,4630.0,3538.0,0.023336464300509042,5.914542092179901e-62,I298T
0.0058116206209087575,1695.0,1802.0,0.03451175194864302,5.926823679958166e-11,I298V
0.06626925665034535,2216.0,2464.0,0.07999174199072488,0.0,I298W
0.28314297262124716,2704.0,3472.0,0.07677476299203091,0.0,I298Y
-4.347363993619755,2046.0,106.0,0.12943472197882722,0.0,I298_
0.27081471572419463,2098.0,2695.0,0.04615375518508382,0.0,I304A
0.27171021461746314,2072.0,2653.0,0.03009776400473429,5.587829285715547e-94,I304C
-2.055691618988091,4329.0,1126.0,0.2424510367757999,0.0,I304D
0.036239255086447694,1088.0,1177.0,0.08726859790449637,0.0,I304E
0.13081136926641615,3361.0,3910.0,0.03557137165021579,0.0,I304F
0.2015762736391542,2179.0,2657.0,0.033314423479901815,1.9972467690115847e-14,I304G
0.11068174347487067,1375.0,1569.0,0.06786896559577839,0.0,I304H
-0.3547327293280701,1977.0,1647.0,0.05902167327171078,2.6020852139652106e-18,I304K
-0.10299930853374385,2368.0,2338.0,0.03002620899118613,1.7327217398665983e-07,I304L
-0.7970546114048765,5079.0,3096.0,0.03639047754520013,0.0,I304M
0.2776655986590921,2676.0,3450.0,0.026642577905815847,6.100016533919028e-160,I304N
-0.8047902998604679,1246.0,754.0,0.04668151410972465,1.6930446659806347e-16,I304P
-0.3447847549621394,3115.0,2602.0,0.10400341937797669,0.0,I304Q
-3.985300965880757,1331.0,89.0,0.10972263873193888,1.52598665244421e-57,I304R
0.24753863994985412,1925.0,2422.0,0.03129394874820699,1.6984548196630778e-76,I304S
0.21718217604969026,3042.0,3741.0,0.04199351297719803,0.0,I304T
-0.034978635324666954,2854.0,2937.0,0.07956159204173148,0.0,I304V
0.5875752109233924,3247.0,5181.0,0.02338829519924476,2.2876143959022884e-147,I304W
0.15020823417492718,1769.0,2081.0,0.03304545759536727,3.554809537528039e-22,I304Y
-3.6952507019610192,1911.0,157.0,0.11686086200215594,0.0,I304_
0.1310695332956424,2194.0,2544.0,0.029920870255862615,3.9500893859645948e-118,I309A
-0.006531154356401017,1596.0,1689.0,0.039619344295710936,1.4066569090087633e-13,I309C
-0.8564749377510985,4637.0,2717.0,0.025104272299626317,6.450336869107077e-12,I309D
-0.21163251069673827,2338.0,2133.0,0.058390198459048505,0.0,I309E
0.27897322625361115,3162.0,4063.0,0.029236999743974795,8.673617379884035e-19,I309F
-0.5138301673695076,2249.0,1672.0,0.03652555899395721,3.682063876887798e-13,I309G
-0.27906556073416144,3301.0,2882.0,0.02637987022793432,1.046097302514344e-20,I309H
-1.8239398386721615,2426.0,737.0,0.16442990771043434,0.0,I309K
0.259130992376048,2302.0,2917.0,0.028695613666595843,9.876922323320338e-69,I309L
0.09437163541055532,2088.0,2363.0,0.0308016461216131,2.688014588711431e-274,I309N
-3.761206413990555,1888.0,148.0,0.08563881477907814,4.430929758768228e-211,I309P
-0.09022920087054824,2909.0,2896.0,0.02712361984135891,1.653005245502725e-49,I309Q
-4.087974748155253,2344.0,146.0,0.08558736109967861,4.66493956588717e-46,I309R
0.19930070237912892,1946.0,2369.0,0.031354735903384445,6.222457695817042e-42,I309S
-0.13127733307491973,3997.0,3869.0,0.04786844701838346,0.0,I309T
-0.002931603023224603,3626.0,3834.0,0.03354405623689209,0.0,I309V
0.23406537158964166,3085.0,3846.0,0.025105849187111166,8.865577095033713e-167,I309Y
-4.690151537979236,4319.0,178.0,0.07680206970604321,1.3345416621477197e-08,I309_
0.16896949436725156,2131.0,2533.0,0.044657448394026855,0.0,I313A
0.2825147779961898,3369.0,4338.0,0.023954448437713112,6.3646806285319524e-12,I313C
-4.166878191993333,2004.0,118.0,0.09500011261445275,1.4311545106949069e-21,I313D
-1.7612637005071454,3039.0,970.0,0.14226602132592645,6.938893903907228e-18,I313E
0.1527458553909015,2414.0,2848.0,0.030512336249467073,5.449108137910337e-11,I313F
-1.8518946339070117,5846.0,1723.0,0.09509900433527584,1.0408340855860843e-17,I313G
-0.9004986605125919,2435.0,1386.0,0.05384918032780697,1.3010426069826053e-18,I313H
-0.9653375339318285,4539.0,2465.0,0.02805892580954364,9.863752880884952e-12,I313K
0.023901100628171173,2046.0,2208.0,0.03145187210323102,1.4406433283478064e-08,I313L
-0.027936432398495248,1832.0,1903.0,0.046550410226903684,0.0,I313M
0.1304623669221456,1525.0,1773.0,0.035684912832939064,2.4146521893647875e-07,I313N
-4.262698550866812,1782.0,99.0,0.10348973679696752,2.930368486024416e-140,I313P
0.24487575398241168,1821.0,2296.0,0.060500783608111605,8.673617379884035e-19,I313Q
-3.5781250299533576,1745.0,154.0,0.08433271708758835,3.552909775282504e-39,I313R
-0.15266417263176632,3299.0,3145.0,0.02582754663218788,2.51125877916118e-25,I313S
0.24109645440180333,1887.0,2363.0,0.0415869728652599,4.336808689942018e-19,I313T
0.13883582493532906,1780.0,2086.0,0.06177615812399725,8.673617379884035e-19,I313V
-2.1708724321632045,2114.0,507.0,0.1140838508235779,1.0408340855860843e-17,I313W
-0.9123410533817575,1585.0,898.0,0.06500962799093436,1.734723475976807e-18,I313Y
-4.402744200400061,4570.0,228.0,0.0876912955756795,1.734723475976807e-18,I313_
0.11897600273211777,1581.0,1823.0,0.03504424198958602,1.870957275635865e-203,I320A
0.08944404763755577,2842.0,3218.0,0.03809742345396414,0.0,I320C
-0.11223800411560643,2515.0,2467.0,0.02913810226887428,1.6481093413889464e-22,I320D
0.19726842780619558,3122.0,3777.0,0.08148454756831158,1.734723475976807e-18,I320E
0.2055350167415188,3195.0,3880.0,0.10131169423447987,0.0,I320F
-0.21202811429837645,2784.0,2539.0,0.032364389444511935,4.4267974702583146e-16,I320G
0.14097135323239396,3303.0,3853.0,0.04302792090799546,4.336808689942018e-19,I320H
0.9281375770381991,3313.0,6815.0,0.13757651889819175,1.3877787807814457e-17,I320K
-0.13737405180416726,1478.0,1437.0,0.09302154468095997,1.734723475976807e-18,I320L
0.006783188951821354,2376.0,2516.0,0.0905245971446344,0.0,I320M
0.23278651951948814,2177.0,2711.0,0.029631941276759537,1.498279807551613e-07,I320N
-1.0732308158982544,2068.0,1053.0,0.12898785251196931,1.734723475976807e-17,I320P
0.2043477381344637,2203.0,2705.0,0.07873930380446893,0.0,I320Q
0.12137741262173211,2659.0,3060.0,0.034501769747185364,0.0,I320R
0.13158240400256926,2716.0,3135.0,0.09860354929953627,3.469446951953614e-18,I320S
0.16625016070558743,2898.0,3435.0,0.06421739860480687,0.0,I320T
0.2191123366227295,2884.0,3551.0,0.02596805852974956,2.638766720339157e-13,I320V
-0.04328232472228948,2047.0,2114.0,0.06318697666549407,0.0,I320W
0.25184821344032293,946.0,1193.0,0.061986049065285584,8.673617379884035e-19,I320Y
-4.205086455903802,3349.0,194.0,0.11823865085379327,0.0,I320_
0.035805800021841916,1528.0,1653.0,0.08316919661717098,0.0,I342A
-0.1580912357817118,2161.0,2049.0,0.06862692512838958,1.734723475976807e-18,I342C
0.4065388297835229,4735.0,6667.0,0.020823159147638555,7.653417219015456e-09,I342D
0.14220644467758453,2497.0,2923.0,0.028088759886265455,0.0,I342E
0.007389034798320342,1826.0,1947.0,0.03329233726728975,5.566125792629939e-91,I342F
-0.13362722880992378,3018.0,2918.0,0.026838366392213167,6.631870683911793e-172,I342G
-0.05001640503749945,1961.0,2008.0,0.033018912624603734,1.0436317097601005e-07,I342H
0.16367915446819695,2607.0,3088.0,0.058750436230070376,3.469446951953614e-18,I342K
0.10032825021290744,2864.0,3243.0,0.05783054153524341,0.0,I342L
0.059585702099634735,1995.0,2207.0,0.031641643916819534,8.969181724542826e-132,I342M
0.1195726197518959,2458.0,2829.0,0.028396018122039107,1.9881327257887234e-15,I342N
-0.3502154668340084,1244.0,1032.0,0.051875964444834013,0.0,I342P
-0.017146729810729063,1516.0,1585.0,0.03658233014103823,1.7589058426851115e-67,I342Q
-4.19523826852292,2622.0,154.0,0.14581879052373767,3.122502256758253e-17,I342R
0.1179317824714758,1995.0,2321.0,0.07828619552331934,1.734723475976807e-18,I342S
0.1553112596383939,2535.0,2989.0,0.03931676893122892,0.0,I342T
0.061202082623433476,2847.0,3153.0,0.026728213300657628,7.25883593896611e-21,I342V
0.04123813262124989,1259.0,1368.0,0.06832180717809967,0.0,I342W
0.7977169229646297,3406.0,6291.0,0.04737440026765535,8.673617379884035e-19,I342Y
-4.10162260797257,3786.0,233.0,0.06915906635302735,4.450648490300223e-07,I342_
0.15151354276715973,1856.0,2188.0,0.03228300760306498,2.027228331608065e-67,I346A
0.18320092272204974,2239.0,2704.0,0.02937180274648648,7.932400804830151e-53,I346C
0.23350562154160026,1886.0,2340.0,0.07016435144870038,0.0,I346D
0.19705711523887606,2867.0,3487.0,0.026110141058042602,1.2736166488030183e-124,I346E
0.46300071478797583,3310.0,4836.0,0.023557596564219907,1.6596786398024263e-197,I346F
0.0882639441313613,2385.0,2669.0,0.1130328293623221,0.0,I346G
-0.06417990601515114,1967.0,1993.0,0.03250231684246786,7.596323650517665e-38,I346H
-0.24413918690310532,2503.0,2244.0,0.029862522307199654,3.2519715656149273e-186,I346K
0.055638393418575925,2281.0,2502.0,0.08096546577475323,0.0,I346L
0.05234232266939806,4441.0,4893.0,0.021804704043439135,1.1359971774494747e-34,I346M
0.014013751606488075,2147.0,2294.0,0.03078594157474544,7.076472547799565e-11,I346N
-0.17103475972814008,4731.0,4461.0,0.030690725205006916,2.168404344971009e-19,I346P
0.18370059055738308,1542.0,1860.0,0.035119870482925794,2.4140212278367164e-107,I346Q
-0.1488906301677945,2655.0,2536.0,0.028583887948812867,1.4681207293419288e-24,I346R
0.047612178187386604,1990.0,2177.0,0.032137701547137895,1.4827762548663183e-07,I346S
0.16088240985417737,1071.0,1268.0,0.042065202594775634,6.513542227407245e-112,I346T
0.13721908488523404,2432.0,2836.0,0.044613294399108196,0.0,I346V
0.1525731990717597,1541.0,1807.0,0.05905659037563041,0.0,I346W
0.11592873982492269,1890.0,2174.0,0.03217704899892641,2.6139704630725906e-47,I346Y
-4.064438376242812,2572.0,162.0,0.13035831155128386,0.0,I346_
0.1782083595626087,4619.0,5513.0,0.08765545199842749,0.0,I355A
0.17639919611620042,2751.0,3291.0,0.05540475503299934,0.0,I355C
0.2935959052003002,4040.0,5229.0,0.061809437276588435,2.6020852139652106e-18,I355D
0.13364729855659732,2830.0,3278.0,0.07114074602665242,0.0,I355E
0.2642285737574671,2567.0,3267.0,0.027241147868158823,3.185063550235469e-144,I355F
0.3453955173355851,2369.0,3196.0,0.027953491305733998,0.0,I355G
-0.18546944880723634,466.0,434.0,0.06709144113533316,6.479586558594582e-271,I355H
0.25866862613112196,1121.0,1422.0,0.04052707528643658,7.758150788198759e-153,I355K
-0.004475165311782421,1042.0,1103.0,0.04373638745764455,1.810963724506739e-30,I355L
0.1350674917307615,2431.0,2829.0,0.02848657795404022,1.4444061726439424e-83,I355M
0.09953645805203767,2780.0,3160.0,0.0270995368496104,1.4112433918927173e-07,I355N
0.06502350818557735,1843.0,2039.0,0.06649305646078903,0.0,I355P
-0.8604025276898304,3224.0,1900.0,0.18851320870135735,0.0,I355Q
0.14154819389738957,2307.0,2693.0,0.053025242312878404,0.0,I355R
0.22606752760875434,3706.0,4597.0,0.02309182340214097,1.6235865334040015e-18,I355S
0.00530937607403036,2562.0,2724.0,0.04024298429201585,0.0,I355T
0.18811379501948292,2274.0,2747.0,0.030736509431822448,7.364122220007707e-10,I355V
0.11467073446515691,3026.0,3479.0,0.025770193485478057,5.872267136045006e-165,I355W
0.31758596399034134,756.0,988.0,0.18048853602686118,1.3877787807814457e-17,I355Y
-3.977502250296243,1887.0,131.0,0.2598509640128001,0.0,I355_
0.08131996029035253,2576.0,2889.0,0.027938364588087444,8.187352073823684e-91,I359A
-0.13213543529664068,1473.0,1439.0,0.09217896484073773,0.0,I359C
-1.86642195494271,3091.0,902.0,0.08592327510622777,6.938893903907228e-18,I359D
0.06999167333872292,1953.0,2163.0,0.07771067669137745,0.0,I359E
0.24007380273243692,3494.0,4357.0,0.06170042405089466,0.0,I359F
-0.08344601237704945,2989.0,2987.0,0.026752827125451344,3.733091878858849e-205,I359G
-0.5589273588678133,5190.0,3751.0,0.0593912026837425,0.0,I359H
-4.213028688678106,2729.0,155.0,0.13767806785490586,6.938893903907228e-18,I359K
0.09396561169783883,2287.0,2581.0,0.06778817519266846,8.673617379884035e-19,I359L
0.10632915717509449,2572.0,2944.0,0.04034135070474417,2.168404344971009e-19,I359M
-0.3631305808765647,5019.0,4150.0,0.05584391888911199,8.673617379884035e-19,I359N
0.01907231102223864,2530.0,2695.0,0.13344177744885957,0.0,I359P
0.16640283093759,3172.0,3752.0,0.08532375923262266,0.0,I359Q
-4.283542749295435,920.0,50.0,0.14534291047769055,8.457250392903684e-21,I359R
0.17445095563117127,2973.0,3550.0,0.033750348973930686,0.0,I359S
0.5458918833921962,1647.0,2547.0,0.03235965811180288,3.02907131531897e-24,I359T
-0.21989452246172778,3144.0,2870.0,0.04242616381469502,0.0,I359V
-4.02279476532893,3435.0,224.0,0.06930816054393986,1.3428170781880281e-34,I359W
-0.7871025252220832,2113.0,1297.0,0.044253431723058775,0.0,I359Y
-4.221806705085303,2792.0,159.0,0.08180962451380352,9.083823763795852e-61,I359_
0.12998297562837074,2910.0,3378.0,0.03780413179676587,0.0,I363A
0.19368669936993252,2582.0,3129.0,0.02897933050650755,4.4626447743873095e-10,I363C
-1.1384058384566211,2654.0,1290.0,0.09062510181897647,0.0,I363D
0.3009976116227193,1493.0,1951.0,0.03505855752148143,2.1375998641744912e-159,I363E
0.23813422796380698,2138.0,2682.0,0.02977892052902399,1.5705100726328866e-35,I363F
0.18466810858307361,3638.0,4384.0,0.023429522188553518,1.0957766461792928e-64,I363G
-2.7821199261628866,2341.0,368.0,0.153851078207151,0.0,I363H
-3.303830167186047,2373.0,252.0,0.22207136683172277,2.7755575615628914e-17,I363K
0.07486277891993606,1410.0,1581.0,0.03726517977016418,9.282318976475937e-126,I363L
0.6754494102315588,3475.0,5881.0,0.02244526449478247,2.0772900436646453e-155,I363M
-1.404682273097858,1864.0,765.0,0.17339300681217829,0.0,I363N
-4.288961684573186,3047.0,172.0,0.32404638059691154,0.0,I363P
0.053936140423536574,3330.0,3663.0,0.03540829087757196,0.0,I363Q
-4.391099000793819,2571.0,129.0,0.1474247827821718,0.0,I363R
0.07816140984036618,2099.0,2343.0,0.07753564935608631,0.0,I363S
0.21718232588733768,3502.0,4314.0,0.023738684130859354,8.794201012876213e-159,I363T
0.12476367541563844,2823.0,3258.0,0.026594703593596468,2.575068003088804e-56,I363V
0.08658672385277383,4812.0,5419.0,0.020937372330977613,8.849513275206618e-111,I363W
-3.590107654591018,2930.0,258.0,0.08224137996787373,0.0,I363Y
-4.139049365196752,2974.0,179.0,0.0772908373229523,4.915218679787111e-07,I363_
-0.020722582044530334,2774.0,2893.0,0.05302341444296721,0.0,I372A
0.05395986229126173,2415.0,2657.0,0.028927954186787373,1.2702868058465472e-175,I372C
-3.1021615227079375,2854.0,352.0,0.056902439942985696,3.4749452775128575e-158,I372D
-1.5011007721314726,1857.0,696.0,0.0449940908700807,1.0031983243411296e-16,I372E
0.11631433457900141,3782.0,4345.0,0.029166941894380734,0.0,I372F
0.22588775736284378,2555.0,3166.0,0.02881125281228095,1.2352190650801332e-09,I372G
-0.16166455348538633,2283.0,2160.0,0.05381382008754888,0.0,I372H
-3.385803010779834,2335.0,243.0,0.16956235081688956,0.0,I372K
0.2189808813562185,3637.0,4456.0,0.109406381307163,0.0,I372L
0.15771064332504936,1607.0,1893.0,0.061219874089009314,0.0,I372M
-0.14235139304712463,1060.0,1022.0,0.044543814572275554,3.802107454304957e-07,I372N
-0.5564259461587329,2456.0,1771.0,0.03190468710121512,9.117328387978247e-16,I372P
-0.11952844834838719,4526.0,4411.0,0.02483338888718484,1.9840845546376107e-14,I372Q
-3.954606113116239,4132.0,281.0,0.10615107778372934,0.0,I372R
-0.39186855364533946,2990.0,2417.0,0.028543979854416902,1.2092536796932268e-07,I372S
-0.022047152228812757,3379.0,3536.0,0.03872638836987905,0.0,I372T
0.07584765341131651,1283.0,1432.0,0.03904877295864595,5.437370948178178e-148,I372V
0.3494062834990963,2750.0,3732.0,0.04889927546835969,1.734723475976807e-18,I372W
-0.18147090443783853,2004.0,1862.0,0.09772572927255328,3.469446951953614e-18,I372Y
-4.05204883966275,2164.0,141.0,0.153188584318797,5.898059818321144e-17,I372_
0.13025825687655035,1226.0,1422.0,0.03958902893491368,3.4307330904170546e-42,I375A
0.03157257542747163,2260.0,2454.0,0.029944960478029213,1.6747774706809906e-118,I375C
0.18691581195059817,2019.0,2433.0,0.030876526492979478,2.420081301246699e-51,I375D
0.09101199970162242,2307.0,2605.0,0.029387954736516078,1.6072088927581903e-103,I375E
0.006936567428747532,1961.0,2094.0,0.03217113582702115,5.800461989665795e-18,I375F
0.05358114556144222,2380.0,2615.0,0.02913704808699415,5.5709502070435195e-148,I375G
0.13005594713043625,1766.0,2054.0,0.07932412816340159,1.734723475976807e-18,I375H
-0.22378833259686118,1110.0,1012.0,0.05419945407664221,4.336808689942018e-19,I375K
0.035109205848495584,3656.0,3958.0,0.06339317767757593,3.469446951953614e-18,I375L
0.07751216317065716,2940.0,3287.0,0.026284143364370755,4.097129103743577e-68,I375M
0.15422691990794812,1146.0,1357.0,0.07227328060466454,8.673617379884035e-19,I375N
-0.3865353422780404,3471.0,2814.0,0.02626003819351195,5.449928972172572e-89,I375P
0.14832815482722567,3986.0,4687.0,0.022585856572959046,1.5273786049023724e-33,I375Q
0.24563506488353734,800.0,1010.0,0.07270350466957738,0.0,I375S
0.038371450931796655,1768.0,1918.0,0.0502744345182679,0.0,I375T
-0.3432945666342127,3465.0,2899.0,0.026071168985453474,1.918414322952951e-112,I375V
0.04986707596272436,2173.0,2379.0,0.039636975659720235,2.168404344971009e-19,I375W
-0.02285615314325355,3840.0,4008.0,0.023583723133231465,7.490387146123025e-60,I375Y
-3.5433159290969667,2867.0,260.0,0.06513618643437306,2.4100660506576184e-77,I375_
-0.22470196454709773,835.0,752.0,0.12835848217813012,1.0408340855860843e-17,I53A
-0.11181510449672853,2375.0,2334.0,0.074072010973924,0.0,I53C
-1.9545560844926566,1282.0,351.0,0.060634969013615696,9.509911969070094e-127,I53D
-0.13411493818085599,1603.0,1548.0,0.036277183144843725,4.083784104780917e-15,I53E
-0.07325579030516294,481.0,484.0,0.06481604158326024,1.4748398450195157e-35,I53F
0.06246956978700938,2425.0,2663.0,0.13766785784279442,6.938893903907228e-18,I53G
0.2149144691738342,2338.0,2863.0,0.08093243536089768,0.0,I53H
0.1237318602193772,700.0,807.0,0.05210396327293854,8.215210311852719e-50,I53K
-0.9356458816885405,5307.0,2927.0,0.04194977604263193,1.734723475976807e-18,I53L
0.07134936446542282,1058.0,1177.0,0.0429112175349924,1.122324643649889e-32,I53M
0.21539935074338457,1757.0,2156.0,0.032851136473605234,1.9780429202522812e-15,I53N
0.13621541596904066,1462.0,1706.0,0.0556664792735748,0.0,I53P
-0.4924056751782234,1573.0,1178.0,0.10322507023532121,3.469446951953614e-18,I53Q
-4.1905502934556464,2806.0,162.0,0.11760294209181844,3.469446951953614e-18,I53R
0.09369995698602837,768.0,870.0,0.05000507551257357,1.7853210375944434e-156,I53S
-0.12577895740279801,752.0,732.0,0.05237723851250666,7.231713195829512e-77,I53T
-0.03479322905312371,1445.0,1493.0,0.04441506463945802,2.3852447794681098e-18,I53V
0.10344344621255733,1439.0,1628.0,0.11213224625982407,0.0,I53W
-0.0157746356482007,2273.0,2381.0,0.030560549747316722,1.0394514734458015e-07,I53Y
-2.7784815465076083,1628.0,251.0,0.09524014940521575,0.0,I53_
0.15992607439402184,2067.0,2454.0,0.030629097789875614,5.631946356675534e-93,I54A
-0.19874977549442094,1689.0,1551.0,0.10058914151377017,3.469446951953614e-18,I54C
0.15686878155010905,209.0,251.0,0.1808216092404854,1.3877787807814457e-17,I54D
0.6272632331085131,3081.0,5045.0,0.023855464745795616,1.4713492940320072e-41,I54E
0.1326878028690081,1942.0,2258.0,0.036906941663481976,2.959871930885427e-17,I54F
0.36943667186120016,2227.0,3041.0,0.06230286693406941,2.6020852139652106e-18,I54G
0.21285898901100764,1061.0,1295.0,0.11053885169870475,3.469446951953614e-18,I54H
0.0475295676968203,1119.0,1221.0,0.086683064486644,0.0,I54K
0.07366972675365244,2092.0,2330.0,0.030886743851184503,8.4554828886782e-134,I54L
0.09383287415920069,1477.0,1670.0,0.036374732683679696,1.030608024262075e-151,I54M
0.2366096689530725,1129.0,1399.0,0.14112044578941432,1.3877787807814457e-17,I54N
-1.705738599246118,3023.0,977.0,0.10010282074026242,6.938893903907228e-18,I54P
0.2166014119301453,2103.0,2591.0,0.030146366519370943,1.3887558740663406e-08,I54Q
-4.007416455477938,2746.0,181.0,0.07705296032302364,4.166262869177643e-68,I54R
0.2815279175192888,1574.0,2031.0,0.04801139679319547,0.0,I54S
0.039502106971393516,1607.0,1742.0,0.06547181655500921,0.0,I54T
0.15812326991628226,1070.0,1268.0,0.04209671136503357,1.4729516555078186e-38,I54V
1.3077763997238148,5950.0,15762.0,0.11261689171136677,3.469446951953614e-18,I54Y
-4.177308965236664,2560.0,149.0,0.2813274393953524,0.0,I54_
-3.00205170520942,2117.0,281.0,0.07715789708486973,1.3010426069826053e-18,I5C
0.06429629479231841,698.0,767.0,0.15750941663612902,0.0,I5D
0.19191450293748483,757.0,915.0,0.049614273041981835,1.9101933892995876e-110,I5E
0.018433642720895576,1187.0,1274.0,0.04093701253325807,7.147350254377748e-58,I5F
0.14855319575585166,1979.0,2325.0,0.031345813331143474,7.550891788137949e-40,I5G
0.019766918855181597,821.0,871.0,0.20389976279735594,2.7755575615628914e-17,I5H
-0.07005056735982153,858.0,863.0,0.08458038866043123,0.0,I5K
-2.879175893355073,3170.0,468.0,0.17071106044954404,3.469446951953614e-17,I5L
0.17414768382468696,1434.0,1713.0,0.036455132803486605,2.4530284881995687e-45,I5M
-0.02213013865974389,1002.0,1040.0,0.09384946392167946,0.0,I5N
-0.2792479066076132,542.0,478.0,0.08211573720761778,8.673617379884035e-19,I5P
0.10021257627095091,1662.0,1919.0,0.16765328100351148,0.0,I5Q
-0.009148408005052861,1774.0,1869.0,0.0338379182918216,2.7300360351435607e-31,I5R
0.054916777930154335,1813.0,1996.0,0.03979456890749062,0.0,I5S
-0.017637455796709393,1091.0,1137.0,0.10062601297155244,0.0,I5T
0.000130593264442007,366.0,387.0,0.07323103897561689,2.190235572059206e-24,I5V
0.023171345923335286,2036.0,2196.0,0.039281314954787566,6.505213034913027e-19,I5W
-0.10188107889379738,2754.0,2717.0,0.02788938355425049,2.2879894721602836e-68,I5Y
-4.151188987781027,1060.0,63.0,0.12983467494156206,8.579699871985366e-37,I5_
0.18382628670488546,1280.0,1525.0,0.1549575217489121,0.0,I70A
0.25910136508825726,1053.0,1330.0,0.09415468946069656,0.0,I70C
0.13708943149163444,1770.0,2056.0,0.05784083614775062,0.0,I70D
-0.22163583706816656,2132.0,1945.0,0.06334563156099006,0.0,I70E
-0.01260448157504539,1431.0,1509.0,0.037553992526371226,1.964306551400398e-08,I70F
-0.13724464799431815,905.0,861.0,0.2284442953630839,0.0,I70G
-0.3017048917160762,1238.0,1061.0,0.07825252893020351,0.0,I70H
-3.8288384780236875,2019.0,151.0,0.11237020717669999,5.204170427930421e-18,I70K
0.06909953595816516,2267.0,2521.0,0.029739089427806203,6.856620088763604e-148,I70L
0.16622129953748824,1510.0,1786.0,0.10064154898391908,0.0,I70M
-0.004122308095396024,880.0,923.0,0.14045864361671312,1.3877787807814457e-17,I70N
-0.4683494860760609,773.0,590.0,0.0986752564590337,0.0,I70P
-0.05919842232442376,1101.0,1116.0,0.08486311574227295,0.0,I70Q
-4.3544350887847205,1772.0,92.0,0.10714065511034238,5.663505591913212e-184,I70R
0.040406285112361155,2841.0,3103.0,0.06113680139493129,0.0,I70S
0.11929319765172204,1350.0,1554.0,0.03782241772214344,5.697112300515121e-21,I70T
0.028073224850647907,970.0,1052.0,0.04507857584349356,1.192212756152059e-08,I70V
0.061621171048045285,2169.0,2421.0,0.08420124756533266,3.469446951953614e-18,I70W
-2.0566425339792214,445.0,114.0,0.10518224416984752,8.32531568025305e-15,I70Y
-4.250107662778267,1002.0,56.0,0.13747276902428374,4.2958382814095e-310,I70_
0.023428498801508716,266.0,288.0,0.08530671527328199,1.1124107266907546e-11,I71A
0.17090152257267646,1637.0,1951.0,0.034201535397602616,2.3228986755597916e-08,I71C
-0.5942532144461591,2721.0,1911.0,0.03061034959534281,1.847645301914366e-48,I71D
-0.28384093156141676,1219.0,1063.0,0.04252325505243621,4.530107595877383e-111,I71E
-0.03076889147127554,2032.0,2129.0,0.10573672711880033,0.0,I71F
0.10387999106882954,1286.0,1457.0,0.09014821702856296,3.469446951953614e-18,I71G
-0.44084065059577743,1418.0,1111.0,0.04187135099909661,4.7217985473999285e-08,I71H
-0.21705496755401035,1384.0,1261.0,0.039535882650383825,8.127677333096865e-195,I71K
0.031001504014723714,1988.0,2147.0,0.07466458324157298,3.469446951953614e-18,I71L
1.0013266015404492,1169.0,2486.0,0.04149741600680797,3.6136458408941863e-16,I71M
0.10811095291057797,2141.0,2446.0,0.03765743518807812,4.336808689942018e-19,I71N
0.08847031325742216,1711.0,1935.0,0.06927506657480276,0.0,I71P
0.2702118385109385,1649.0,2104.0,0.05969606382041799,8.673617379884035e-19,I71Q
-3.8980356706019776,2226.0,157.0,0.19487144291404035,0.0,I71R
0.09590565227132793,840.0,948.0,0.07248566859930272,0.0,I71S
0.25330843985587825,1103.0,1391.0,0.07310578492165695,0.0,I71T
0.167881941791773,2213.0,2642.0,0.04575204682368834,4.336808689942018e-19,I71V
-0.397455863653805,1871.0,1509.0,0.054093077787838964,0.0,I71W
-0.21142166383171385,1887.0,1719.0,0.08477291920182314,0.0,I71Y
-5.5024552926609855,235.0,7.0,1.3872650245251157,0.0,I71_
-0.02968819225030124,907.0,935.0,0.126551776676479,0.0,I73A
-0.17654297566999275,1412.0,1337.0,0.12052221525936038,1.0408340855860843e-17,I73C
0.048302324301639776,1140.0,1250.0,0.04151975435772513,8.646276502690516e-54,I73D
-0.23759814611546065,2099.0,1884.0,0.0672571836753701,0.0,I73E
-0.029986341156342206,1004.0,1040.0,0.05523139693250623,4.336808689942018e-19,I73F
-0.4516528190976569,841.0,652.0,0.10673871043528194,6.938893903907228e-18,I73G
-0.08781640551667637,515.0,512.0,0.08749803550508821,0.0,I73H
-0.288269682650325,2685.0,2336.0,0.03825237674710876,6.505213034913027e-19,I73K
-0.0019643135727610947,1587.0,1679.0,0.04275897477070863,0.0,I73L
-0.21506516400596318,1244.0,1138.0,0.04159718910750889,1.773292451493862e-203,I73M
-0.0649871506074052,676.0,693.0,0.10996607900161608,3.469446951953614e-18,I73N
-0.20621714539112176,658.0,605.0,0.05871526186233873,4.151947778321301e-08,I73P
0.15783421452451138,1373.0,1627.0,0.03728924722748103,9.804597409054269e-107,I73Q
-0.34448545926183805,1399.0,1170.0,0.0402288943474186,2.947710761483941e-21,I73R
-0.5426397815946111,537.0,392.0,0.14426501978299913,0.0,I73S
-0.6665121653186622,1317.0,875.0,0.0850953329432989,1.734723475976807e-18,I73T
-0.05127087929826463,1607.0,1649.0,0.06764750772376923,0.0,I73V
-0.6251069101649179,1525.0,1053.0,0.11696388050459629,6.938893903907228e-18,I73W
-0.035598626076653365,1643.0,1698.0,0.035270412109690584,4.487912759281875e-51,I73Y
-4.291073767042948,814.0,44.0,0.15492208736046525,1.1115087797790846e-141,I73_
-0.2066238767256719,951.0,889.0,0.10810051045165009,6.938893903907228e-18,I76A
0.10840112703915493,980.0,1118.0,0.04430892542407844,1.4874663266088416e-123,I76C
-0.1468084139033535,974.0,930.0,0.08237959130501583,1.734723475976807e-18,I76D
-0.015289382227015405,1177.0,1254.0,0.07759208445980409,0.0,I76E
-1.0570434781721982,3032.0,1548.0,0.09541410307171347,3.469446951953614e-18,I76F
-0.22324156494419442,1466.0,1341.0,0.09095996251070254,3.469446951953614e-18,I76G
-0.5028004550122995,1693.0,1265.0,0.03779228297039431,1.2639133504947187e-235,I76H
-0.6418358275459216,1292.0,876.0,0.053042076151845884,2.168404344971009e-19,I76K
-0.1293237952726087,1121.0,1077.0,0.14783227076137453,0.0,I76L
0.002093930349122762,814.0,859.0,0.11412539844158963,6.938893903907228e-18,I76M
-0.11867546375875748,1676.0,1638.0,0.035419986236531274,9.474708897077695e-84,I76N
-0.3570480241737022,1108.0,917.0,0.045178417612005445,1.709704741551056e-239,I76P
-0.08495172661168061,1590.0,1579.0,0.1062653575157359,3.469446951953614e-18,I76Q
-1.8104123054060761,820.0,246.0,0.15409800080619201,0.0,I76R
-0.0849759992148485,1903.0,1905.0,0.033119341858770926,2.4515086626503633e-82,I76S
0.14799299270565977,1260.0,1478.0,0.03896346511465351,1.6569657714897106e-83,I76T
0.09247054981218028,719.0,809.0,0.05175465021656339,3.346868888756343e-33,I76V
-0.2681922364317802,1542.0,1353.0,0.0779824704275018,5.204170427930421e-18,I76W
-0.12598725607769992,1228.0,1197.0,0.04120712670796755,6.345591347319514e-86,I76Y
-4.023011001489865,1244.0,80.0,0.39505163300896323,1.1102230246251565e-16,I76_
-0.12696470090464837,1902.0,1844.0,0.03338384416100989,2.0181257842462213e-63,K125A
0.21329177275553243,1046.0,1297.0,0.06969698853256015,0.0,K125C
-2.810260487033967,2003.0,304.0,0.09328773413630172,3.469446951953614e-18,K125D
-2.5944801833414703,1800.0,326.0,0.26307187781593405,2.7755575615628914e-17,K125E
-1.1349799281235426,1629.0,797.0,0.10575260648279952,0.0,K125F
-0.3883889671294625,1834.0,1486.0,0.03558137760543984,1.5255797717527603e-30,K125G
-0.25665348003885696,1129.0,999.0,0.07649191260475618,1.734723475976807e-18,K125H
-0.5394744235328611,2946.0,2164.0,0.12726642145080852,0.0,K125I
0.07129532357754544,1980.0,2206.0,0.040969300419297534,0.0,K125L
0.10913383871565877,889.0,1019.0,0.11234524285535608,0.0,K125M
-0.13638086181326567,1714.0,1649.0,0.06260423929549717,0.0,K125N
-3.3128095619587428,1063.0,113.0,0.09917480522566166,1.7746166235818676e-73,K125P
0.1332733314134109,1699.0,1962.0,0.11208089418375267,1.3877787807814457e-17,K125Q
-0.726011535451641,1480.0,956.0,0.07946236024606201,0.0,K125R
-0.1554145508070795,1355.0,1288.0,0.03950907831654897,4.014652518097181e-08,K125S
0.0030835605476361464,1298.0,1374.0,0.03930103102346475,1.9670839727999207e-10,K125T
0.004979301111061322,1440.0,1537.0,0.12830196816332964,0.0,K125V
-0.012930739352567847,1214.0,1275.0,0.05583395108718174,0.0,K125W
-0.256018392462037,1863.0,1657.0,0.03445981398122,4.9260016931602334e-108,K125Y
-4.313099431414382,1069.0,57.0,0.13612955017238731,1.9464052054803297e-62,K125_
-0.1569882097029682,1739.0,1650.0,0.048571795167628044,0.0,K127A
0.021570609871850097,1418.0,1527.0,0.04003415796437992,1.6424054889545292e-10,K127C
-0.7256005210551113,1110.0,713.0,0.04848874638187872,1.0927977805129846e-150,K127D
0.0704149393196532,1325.0,1469.0,0.08426793069751187,0.0,K127E
-0.2446105262110086,2055.0,1842.0,0.032801969828541694,5.549821656283427e-84,K127F
0.13850337495913478,1263.0,1468.0,0.059589983710668065,0.0,K127G
0.18854179848396835,1232.0,1491.0,0.04389933095785946,3.66537312654347e-14,K127H
0.019644022154852,1784.0,1904.0,0.112654739965992,0.0,K127I
-0.06137930274186984,1178.0,1216.0,0.09613571426915729,8.673617379884035e-18,K127L
-0.15540128430470898,812.0,770.0,0.09574013975857854,0.0,K127M
0.06694839285701314,1054.0,1170.0,0.049896548492106535,1.0972125985553305e-16,K127N
-0.48857132824049726,1905.0,1440.0,0.03558066009084687,2.608007107295529e-92,K127P
-0.05568823660895117,872.0,892.0,0.04811321375789249,5.237117328339059e-54,K127Q
-0.03379440496712342,1034.0,1074.0,0.04413765560040609,4.958384764489721e-18,K127R
0.06365017350966289,719.0,799.0,0.05185396446353189,3.0570426385642594e-14,K127S
-0.19896456697914103,1513.0,1396.0,0.037734051877202884,9.748473655177991e-60,K127T
-0.11133281544603113,1876.0,1841.0,0.03350765910213911,1.0279991259279848e-98,K127V
-0.7424194649458878,1237.0,787.0,0.04768863643646712,3.9922687039312555e-08,K127W
-0.1670798264798474,1849.0,1735.0,0.09725369492843107,6.938893903907228e-18,K127Y
-4.1118921307197835,745.0,45.0,0.271127901989663,0.0,K127_
0.07757464029903784,1313.0,1490.0,0.12025512320084267,1.3877787807814457e-17,K181A
-0.16711492532136532,1250.0,1178.0,0.04120809105045299,7.057345043932864e-18,K181C
-0.23879308913893602,1602.0,1443.0,0.048184146822234535,1.0842021724855044e-18,K181D
-0.060607815507523276,1253.0,1276.0,0.04035835909190937,3.120622989436003e-110,K181E
0.0024739795869115613,1927.0,2066.0,0.12920863376060315,0.0,K181F
-0.5118855736711323,3160.0,2346.0,0.05260850801442328,0.0,K181G
-0.16552248112725984,1366.0,1288.0,0.046096891083151584,1.8214596497756474e-17,K181H
-0.22618624636254825,1856.0,1678.0,0.034389311241085664,1.985509110864124e-16,K181I
-0.1612820586040907,1403.0,1348.0,0.10346892049403562,0.0,K181L
-0.2147707949863137,2101.0,1917.0,0.04741879927743443,0.0,K181M
-0.10077485440995786,1401.0,1383.0,0.03851940139949741,8.149210762405198e-110,K181N
0.031932248968680105,1975.0,2139.0,0.03195805589439831,1.6127292281667763e-13,K181P
-0.05773884167935289,1769.0,1798.0,0.03420209920986603,3.6327983927979384e-08,K181Q
0.01895213257802705,2580.0,2749.0,0.1284192310971324,0.0,K181R
-0.2616158216574825,1696.0,1504.0,0.04749591127230484,0.0,K181S
-1.3664947382966517,5280.0,2172.0,0.04841088276077005,8.673617379884035e-19,K181T
-0.028086452275384553,2007.0,2077.0,0.06886126571698192,0.0,K181V
-0.15563119356792185,2252.0,2158.0,0.06070913808962956,0.0,K181W
-0.05848812394326778,1520.0,1553.0,0.09855200315323347,0.0,K181Y
-4.133386720652509,1505.0,90.0,0.20401144510446062,1.3877787807814457e-17,K181_
0.024663563601571698,3195.0,3441.0,0.02549658556620902,3.8440650693251886e-54,K182A
-0.7975138034474624,2055.0,1254.0,0.05379164802336775,4.336808689942018e-19,K182C
0.015909648147434806,729.0,777.0,0.058228728478991014,6.545762196163984e-14,K182D
0.004174214333156626,1618.0,1730.0,0.06791773827913632,0.0,K182E
0.035441523863053305,763.0,827.0,0.06661866000407538,0.0,K182F
0.008066190169514677,2854.0,3043.0,0.026935955414770632,2.4171220124290502e-71,K182G
-0.01604987516464895,1358.0,1426.0,0.03862051666859633,2.2934861586197496e-07,K182H
0.19318605199334918,1039.0,1263.0,0.042454615423322434,2.027019213086499e-117,K182I
0.033531011416744055,2125.0,2303.0,0.030844559469413946,2.278440151360508e-260,K182L
0.0925720729284915,1041.0,1171.0,0.059399623972842056,1.3010426069826053e-18,K182M
-0.037813497417649326,1377.0,1426.0,0.06422024191892978,8.673617379884035e-19,K182N
-0.05612115753402955,3422.0,3489.0,0.034436194591292636,0.0,K182P
-1.1571934715661496,3520.0,1685.0,0.187510017005724,1.3877787807814457e-17,K182Q
0.10309392372881614,1525.0,1729.0,0.03578576347642308,4.89895734074339e-32,K182R
-0.16282784139376563,2698.0,2554.0,0.02844559506841856,1.1584454764010394e-13,K182S
0.03517137640309738,1945.0,2127.0,0.12651379924935052,0.0,K182T
0.05949553899791458,748.0,820.0,0.13598778163823377,0.0,K182V
0.03286162885985484,1150.0,1241.0,0.09724397504491299,0.0,K182W
0.048912298243607474,1161.0,1282.0,0.10888734377197731,3.469446951953614e-18,K182Y
-4.489565265629162,1494.0,70.0,0.12250773410563215,1.0087160489689667e-06,K182_
-0.0768756242315561,2335.0,2354.0,0.029991092990365037,7.105100832825835e-95,K190A
-0.1905061528695888,1813.0,1701.0,0.12453990606420001,0.0,K190C
-0.024370599954505152,2359.0,2466.0,0.037170430526600025,0.0,K190D
-0.24041649314152053,738.0,658.0,0.11739681695103128,0.0,K190E
0.2293292018584267,1837.0,2283.0,0.03207648895987884,2.0913183210450286e-132,K190F
0.0747965122872019,1311.0,1461.0,0.03865637526733716,6.3913916620547084e-155,K190G
-0.05702224554459673,1788.0,1826.0,0.046157364117769425,2.168404344971009e-19,K190H
-0.6157521443662104,4350.0,2999.0,0.02468799156631083,6.722332660256369e-129,K190I
-0.005458690357048494,2071.0,2185.0,0.03141811541927748,6.323264569015376e-189,K190L
-0.10730804010858203,2173.0,2134.0,0.03123600624212718,4.4914905689506525e-111,K190M
-0.09323865201306987,1783.0,1775.0,0.034228151754762494,5.773026116101088e-74,K190N
0.008910077544614875,2680.0,2855.0,0.027742584933358405,1.4291167247655858e-107,K190P
-0.15078712423103335,2055.0,1968.0,0.07447183686148973,5.204170427930421e-18,K190Q
-0.18707976702043705,2082.0,1935.0,0.043354663201035225,0.0,K190R
0.06123561875087216,1289.0,1424.0,0.039052360084359895,2.5525266201343346e-141,K190S
0.022342698062262207,1201.0,1291.0,0.04066804810363606,8.227267516275524e-49,K190T
0.18071791655888142,3879.0,4699.0,0.0865789256062451,8.673617379884035e-18,K190V
-0.4167984558422284,1795.0,1420.0,0.03616164940717402,1.120848237073343e-15,K190W
-3.840127681809491,1185.0,87.0,0.1762793425347689,0.0,K190_
-0.2646025259010162,1365.0,1206.0,0.040135827941290364,1.0538672780612852e-10,K198A
-0.13832396600106509,1508.0,1466.0,0.10002248586513968,0.0,K198C
0.01727492569564018,835.0,899.0,0.04854657781132482,7.436105255849024e-36,K198D
0.04027286858155213,1752.0,1913.0,0.033759776842977166,7.978547861583395e-22,K198E
-0.04433075666812741,1617.0,1665.0,0.06594955519999296,8.673617379884035e-19,K198F
0.11465226073260099,1020.0,1169.0,0.04339664814856252,2.4439036280852182e-157,K198G
0.009874143162140922,2431.0,2595.0,0.04197984512755279,0.0,K198H
-0.013982836484064311,2621.0,2751.0,0.028127574668097132,3.9541382041219354e-48,K198I
0.1793344277967331,2667.0,3187.0,0.07006070129237485,0.0,K198L
0.10659962547468017,1308.0,1513.0,0.14298178789136412,6.938893903907228e-18,K198M
0.024276419868736385,1365.0,1468.0,0.05264150390231493,0.0,K198N
0.007129349083765415,1771.0,1889.0,0.033774406771074426,1.7736426477433479e-152,K198P
0.0005796944988911254,1615.0,1727.0,0.07991409111003743,0.0,K198Q
-0.07227612422483731,2670.0,2695.0,0.02814695394741955,5.7745425807128474e-70,K198R
-0.013760118563079685,3509.0,3689.0,0.0338974777321061,2.168404344971009e-19,K198S
-0.05036633997776779,1839.0,1878.0,0.033521636657503504,6.604628639160115e-50,K198T
0.04810175953203955,1642.0,1785.0,0.12809835535237105,0.0,K198V
0.19024190330077576,2211.0,2661.0,0.08653326435838966,6.938893903907228e-18,K198W
0.15562605713303374,1094.0,1301.0,0.07100505187900154,1.734723475976807e-18,K198Y
-4.265743755324269,1630.0,92.0,0.20444592591112945,1.3877787807814457e-17,K198_
0.04952898707268632,2690.0,2951.0,0.028113606250117096,4.44014698849259e-08,K202A
0.17532101470630565,2494.0,2984.0,0.027974735003594868,3.469961459075339e-137,K202C
0.08273808073528625,1083.0,1210.0,0.08595523846350091,1.734723475976807e-18,K202D
0.22242425480772524,1171.0,1464.0,0.13046527130984137,0.0,K202E
0.6871277547020269,3605.0,6170.0,0.054799177745316584,0.0,K202F
0.09963192705871164,2188.0,2485.0,0.03009499228074054,6.272291182529045e-66,K202G
0.04762114903326075,1406.0,1553.0,0.16421257666166836,0.0,K202H
0.007480711179083324,1569.0,1676.0,0.035806316323392734,3.2581705839450184e-18,K202I
0.4148370450941807,782.0,1101.0,0.04729113418161941,7.522763984405235e-79,K202L
0.11020075829083267,1310.0,1498.0,0.041851965817909585,5.7215344658259615e-12,K202M
-0.005284139426363901,1714.0,1811.0,0.04672445388742432,8.673617379884035e-19,K202N
0.31576877706108075,1039.0,1369.0,0.07038934166956008,0.0,K202P
0.07712784665024523,2505.0,2800.0,0.028342757126342388,6.3712156941349925e-12,K202Q
-0.0016234431065939238,2020.0,2136.0,0.031777183764197164,2.0000270795445914e-159,K202R
0.0632130935234445,1374.0,1525.0,0.03782281835306965,2.777291908104802e-173,K202S
0.01875838780126767,1928.0,2067.0,0.036907396181359756,1.2494345835722953e-15,K202T
0.10984678267178961,1931.0,2209.0,0.031902040200855075,3.0394743117522283e-46,K202V
0.2066243793350505,1897.0,2308.0,0.08166967228667144,0.0,K202W
0.018888979431918404,960.0,1037.0,0.13176443965777088,0.0,K202Y
-4.08381918850312,1340.0,85.0,0.18244162706120792,2.7755575615628914e-17,K202_
0.16644728511274262,961.0,1136.0,0.11428133517915529,0.0,K232A
0.1442658328247723,2385.0,2790.0,0.047223084870561156,1.3010426069826053e-18,K232C
-3.7091606387628255,1373.0,119.0,0.32668278904798975,5.551115123125783e-17,K232D
0.11703316431695021,2194.0,2511.0,0.062086474538579635,0.0,K232E
-0.45030059548793683,42.0,31.0,0.42926268208429785,8.326672684688674e-17,K232F
-0.3465953304109695,1355.0,1130.0,0.04086668700613153,2.1371615199194268e-135,K232G
0.3405888233719824,1860.0,2492.0,0.04724643382619852,4.336808689942018e-19,K232H
0.47179499195567526,1080.0,1583.0,0.040057622048655754,3.4343370689199565e-95,K232I
0.1675022501507762,2268.0,2696.0,0.05000788139395699,4.336808689942018e-19,K232L
0.20822185869226384,1912.0,2335.0,0.03159318059807105,3.565977238424563e-171,K232M
-0.7168425895942082,2533.0,1636.0,0.0324419317114226,3.1583341766003742e-99,K232N
-4.014323054913906,2462.0,161.0,0.08163031539999846,1.2085157611887174e-157,K232P
0.2524054358975973,1694.0,2136.0,0.03474600127126809,3.022017661721138e-09,K232Q
0.1809227856258034,1940.0,2332.0,0.04258944331595133,0.0,K232R
-0.4821726092769786,1704.0,1289.0,0.037567292784520145,8.346597664708426e-09,K232S
0.25257273960777493,1507.0,1916.0,0.09356160608293872,3.469446951953614e-18,K232T
0.07389325688634431,2084.0,2312.0,0.09661665055297584,0.0,K232V
-1.2198148644466713,2470.0,1121.0,0.040948231650301106,7.710563958152061e-14,K232W
-2.9919768351088973,2891.0,384.0,0.05475657018480483,1.2656183578539101e-35,K232Y
-4.002645478216192,2594.0,170.0,0.21187144063062838,1.3877787807814457e-17,K232_
0.09747642647979934,2185.0,2473.0,0.03942333467042775,2.168404344971009e-19,K238A
0.1250520161596169,2031.0,2364.0,0.07750984220892985,3.469446951953614e-18,K238C
-0.5633017856368188,3998.0,2855.0,0.06996241297777724,0.0,K238D
0.015603990835323248,2315.0,2471.0,0.06834200331604492,0.0,K238E
0.13930686919850438,1971.0,2292.0,0.03147056309642522,2.617426411791849e-199,K238F
0.01277883956891843,1316.0,1404.0,0.05222259036281349,4.336808689942018e-19,K238G
-0.4906123448303943,2660.0,2006.0,0.060125855067440725,0.0,K238H
-0.26320171523966474,2224.0,1959.0,0.03174118483379504,2.780901809583381e-23,K238I
-0.046016578485574895,1069.0,1097.0,0.04354430708580832,1.5812147428598487e-48,K238L
0.16459904542477805,2270.0,2700.0,0.04670145747269778,0.0,K238M
-0.1552681677621452,2321.0,2209.0,0.030504506266280897,4.2797322129355154e-52,K238N
0.04520467006947835,2726.0,2982.0,0.027356308270652635,6.926808431794539e-91,K238P
-0.05276063534989778,1552.0,1597.0,0.06467219174630941,0.0,K238Q
0.04139171614669774,1635.0,1780.0,0.03493104671479368,2.2173844258604646e-131,K238R
0.18109382442226885,1761.0,2107.0,0.0763248661928583,1.734723475976807e-18,K238S
-0.01336812275708431,2372.0,2499.0,0.07320085743482482,1.734723475976807e-18,K238T
-0.0022635496895897977,1523.0,1611.0,0.04314133644757636,1.3010426069826053e-18,K238V
-0.08757959775738272,1884.0,1875.0,0.06203098532387138,0.0,K238W
-0.12042957097076774,1688.0,1631.0,0.14172283294093702,0.0,K238Y
-4.254009642870988,3383.0,187.0,0.10926413421194449,0.0,K238_
0.08898874345270086,2072.0,2319.0,0.12091241695119322,3.469446951953614e-18,K261A
0.14496004809234625,1627.0,1911.0,0.041398638535739135,0.0,K261C
0.0048485241897843175,1810.0,1929.0,0.03342644623874172,1.1170926797987841e-67,K261D
0.032087617495258305,2780.0,3008.0,0.055885899142370216,1.734723475976807e-18,K261E
0.08236453484323626,1864.0,2096.0,0.032565835008647744,3.036037060394661e-123,K261F
0.3246882716287007,4465.0,5937.0,0.024660795096778182,1.8431436932253575e-18,K261G
-0.12441664588975519,2773.0,2697.0,0.04714433310781807,0.0,K261H
-0.03911626867133609,2412.0,2491.0,0.02936376590017948,4.0129874131760584e-54,K261I
0.038983098198976066,1700.0,1828.0,0.21165086709875996,0.0,K261L
0.1088179872150261,2231.0,2547.0,0.04029251126897006,2.168404344971009e-19,K261M
-0.43240241437452026,3487.0,2737.0,0.02643605948240464,3.2246839442167213e-10,K261N
-0.24230452909909334,3254.0,2924.0,0.03013723196389031,8.688796210298833e-16,K261P
0.21414897813467157,2965.0,3633.0,0.06620790638150785,1.734723475976807e-18,K261Q
-0.0922470294879735,1367.0,1355.0,0.05258868068038918,4.336808689942018e-19,K261R
-0.6704608898550137,8442.0,5602.0,0.05615978290154646,3.469446951953614e-18,K261S
0.06644044036686132,2019.0,2244.0,0.03141893027595212,7.26033792303886e-40,K261T
0.1106731953025435,147.0,168.0,0.11480683010768591,1.9278965898956264e-06,K261V
-0.1865467698007623,3145.0,2923.0,0.06169191613082449,2.6020852139652106e-18,K261W
-1.3195537641090664,6405.0,2719.0,0.1516285195284144,0.0,K261Y
-5.329657651820519,8004.0,209.0,0.07039561149693127,7.114640211205539e-45,K261_
0.014773119904257481,2029.0,2187.0,0.09850040303319904,3.469446951953614e-18,K264A
-0.368912129020263,4213.0,3457.0,0.06820861852937937,1.734723475976807e-18,K264C
0.02419998045274222,2042.0,2221.0,0.06089662082868156,8.673617379884035e-19,K264D
-0.04621388932833363,3023.0,3101.0,0.026442849830940685,7.147445519224541e-11,K264E
0.08081941230164554,1807.0,2031.0,0.05576060942589095,0.0,K264F
-0.1457332077181076,3113.0,2971.0,0.0418474567449788,8.673617379884035e-19,K264G
0.04835650714311321,1703.0,1872.0,0.0445269456437742,2.168404344971009e-19,K264H
-0.13157901176571696,3106.0,2998.0,0.042131419022623934,0.0,K264I
0.12556205607287682,1389.0,1596.0,0.11049720262245867,6.938893903907228e-18,K264L
0.05840695426367624,2122.0,2333.0,0.05435487060997828,8.673617379884035e-19,K264M
-0.06189792979222187,2489.0,2532.0,0.033818754571666096,2.862293735361732e-17,K264N
0.1925224338121819,2969.0,3589.0,0.04489104306913104,0.0,K264P
-0.01944980976141432,2291.0,2397.0,0.030010778818101304,3.4345371169074517e-43,K264Q
0.01739664917847364,2661.0,2862.0,0.02884931409374676,6.617881269897763e-09,K264R
-0.2990957324870963,2271.0,1955.0,0.03160272842801009,8.395305727725855e-108,K264S
0.08528556702574677,2897.0,3249.0,0.049920218379451396,0.0,K264T
0.09815156147832782,1207.0,1374.0,0.0728849655124935,1.734723475976807e-18,K264V
-0.04424531077736384,2042.0,2094.0,0.053722609686162645,0.0,K264W
0.04184423532940616,1609.0,1761.0,0.0687508148328844,1.734723475976807e-18,K264Y
-4.301631972792262,2893.0,155.0,0.08274058428260216,6.00120512979967e-34,K264_
-0.021284387579194628,1069.0,1119.0,0.043326417966817854,2.890922044972089e-161,K31A
0.09895424318419867,2238.0,2543.0,0.03931737959879734,2.168404344971009e-19,K31C
0.037523553811984606,803.0,874.0,0.04938023614595934,2.904776570587352e-156,K31D
-0.07015067195296772,668.0,677.0,0.05502535644451872,1.1423027881880944e-12,K31E
-0.04927664549491227,2071.0,2114.0,0.05534268235954828,8.673617379884035e-19,K31F
-0.4113152639985168,2559.0,2024.0,0.11742643971751328,0.0,K31G
-0.3587189031900058,1359.0,1123.0,0.04694380851209972,7.773729576721067e-16,K31H
0.14798525737092755,938.0,1126.0,0.19422993363913996,0.0,K31I
-0.089881196721223,1095.0,1091.0,0.043315806792536084,6.587853572493774e-22,K31L
-0.03850932750395661,2034.0,2098.0,0.03186158411231391,1.9835764993360245e-127,K31M
-0.3735148599610439,1553.0,1270.0,0.03843888775372114,2.5842518870754293e-13,K31N
-1.09145007959025,5502.0,2738.0,0.08597533985967988,3.469446951953614e-18,K31P
-0.16767492212027818,1366.0,1290.0,0.040495944592471946,5.0635379677339745e-08,K31Q
0.003326963575202572,1235.0,1305.0,0.09495698637046626,1.734723475976807e-18,K31R
-0.235493653717635,912.0,816.0,0.11216032151714897,0.0,K31S
0.07594766416221674,1319.0,1478.0,0.03849089598690815,1.7287714293730168e-86,K31T
0.27753900357725486,501.0,643.0,0.06002975404742244,3.641797612034391e-73,K31V
0.07968458810316617,1128.0,1285.0,0.10126414855001457,6.938893903907228e-18,K31W
0.1968118384573319,1787.0,2175.0,0.035490095645311553,6.351486177280652e-12,K31Y
-4.629185353953947,1272.0,55.0,0.19225416918044477,0.0,K31_
0.13409112322950628,2094.0,2441.0,0.047296580325291826,4.336808689942018e-19,K377A
0.12889847780742641,2842.0,3288.0,0.04378080526798512,0.0,K377C
-0.034422168147177835,1995.0,2083.0,0.10871713499955088,3.469446951953614e-18,K377D
0.19456676566599973,2007.0,2421.0,0.09535754725827705,0.0,K377E
0.11627560195908468,1787.0,2074.0,0.09878115116177945,0.0,K377F
0.10508997319940859,2403.0,2752.0,0.032048705872797074,8.282778759735598e-14,K377G
0.03891247528100372,2663.0,2905.0,0.02767880606366473,1.171996671895683e-297,K377H
0.14999934643635912,2475.0,2900.0,0.06639735217397606,0.0,K377I
0.09026333410859351,1848.0,2109.0,0.1013399121395067,0.0,K377L
0.12996375730076812,2418.0,2788.0,0.09453896796060382,0.0,K377M
0.1487017003764687,2469.0,2897.0,0.05736504997484902,0.0,K377N
-0.1779715933266859,5512.0,5165.0,0.020518148908494547,5.677890251439428e-210,K377P
0.18234418336606045,2807.0,3402.0,0.10984454871944685,3.469446951953614e-18,K377Q
0.05514123727462208,2870.0,3183.0,0.08104380046479512,0.0,K377R
0.1805454164611389,2093.0,2526.0,0.03033514231191543,2.2567361275261495e-136,K377S
0.18736296681418632,1738.0,2104.0,0.03312473926307184,1.6007266338147915e-114,K377T
0.1487567771120566,2201.0,2573.0,0.08658174964685399,0.0,K377V
0.08380884811966288,2738.0,3076.0,0.027142299251669333,1.1299622102752953e-208,K377W
0.16033284826594335,2982.0,3527.0,0.025787886361753224,5.0145973662577264e-92,K377_
0.04692927215565797,3637.0,3982.0,0.023925770919773326,6.412438734569034e-36,K382A
0.13369315945232563,3583.0,4157.0,0.037965508324697056,0.0,K382C
0.07937684377133476,2428.0,2739.0,0.04571785444454295,4.336808689942018e-19,K382D
-0.04057012270857807,3427.0,3537.0,0.03705209449426139,0.0,K382E
0.09605815303504582,2066.0,2341.0,0.03845172067278661,0.0,K382F
0.09894303748274823,2485.0,2802.0,0.11006263024712871,0.0,K382G
0.21452456203117617,1910.0,2350.0,0.032290810002968025,5.326290114344924e-08,K382H
0.33815828058108877,797.0,1071.0,0.04728390043518324,2.7625469115120466e-96,K382I
0.10981364142239941,2534.0,2896.0,0.02803597716628212,5.046916309872344e-32,K382L
0.18860065824601432,1956.0,2359.0,0.03133401732910505,0.0,K382M
0.10447268715138593,2591.0,2955.0,0.027756454360759752,5.1353880271373484e-33,K382N
0.22047404594657918,2676.0,3300.0,0.026895567701890288,3.6072674938070506e-43,K382P
0.023735350886090897,4125.0,4434.0,0.03541896195853603,0.0,K382Q
-0.002300078454129116,3376.0,3575.0,0.024938449876258623,5.0890396822901614e-48,K382R
0.1617539745403205,2424.0,2869.0,0.03575968580354751,3.2526065174565133e-19,K382S
0.04333249352416756,4708.0,5117.0,0.08343563052195453,0.0,K382T
0.16312783679506304,2488.0,2955.0,0.028055264314312992,8.117330514272543e-37,K382V
0.10152098406537322,3554.0,4044.0,0.023972757075916448,3.246120395055417e-106,K382W
0.0804583948414215,2781.0,3109.0,0.042181252408772234,0.0,K382Y
0.08022547850528837,2363.0,2642.0,0.052675221799783886,0.0,K382_
0.08200264579418089,2024.0,2270.0,0.03133372709949414,1.2638654669482837e-32,K384A
0.15007453931234332,1694.0,1991.0,0.03375279106242012,3.0755888268077508e-148,K384C
0.03453637931190271,1291.0,1402.0,0.039170496781537015,3.92148263732917e-36,K384D
0.07523269376048952,2337.0,2613.0,0.06248104326552015,0.0,K384E
0.18468036263462378,2670.0,3196.0,0.10448002140480434,1.0408340855860843e-17,K384F
-0.08557008223475188,5701.0,5679.0,0.023514206996231347,8.673617379884035e-19,K384G
0.06606825012669532,399.0,442.0,0.06939530377076053,7.346888983545125e-35,K384H
0.30402485085514125,2699.0,3534.0,0.03027785293087986,4.3465665094943873e-16,K384I
0.05594653927695828,2983.0,3281.0,0.026200849158686746,4.873480211138278e-94,K384L
0.009129530077264974,2104.0,2248.0,0.031096890409139287,3.19864195315508e-92,K384M
0.454291020941817,2195.0,3265.0,0.21066833574052796,0.0,K384N
0.12230385555619401,1701.0,1965.0,0.04456451633882108,2.168404344971009e-19,K384P
0.07991678754216003,2062.0,2290.0,0.14438983962651877,6.938893903907228e-18,K384Q
0.043658932618062855,2144.0,2348.0,0.030634331453290413,1.3982653705081198e-24,K384R
0.007178115823134254,2625.0,2801.0,0.03644067510643525,0.0,K384S
0.17017212392498715,5243.0,6233.0,0.019931146018871162,9.00062300334292e-99,K384T
0.13675877105968498,3173.0,3699.0,0.034540474737189575,0.0,K384V
0.003026125754540952,3276.0,3476.0,0.02527666994025548,3.7936585329765962e-25,K384W
-0.02603205701610561,2571.0,2667.0,0.0284776317969441,6.351141795091492e-18,K384Y
-0.016508597201200542,3228.0,3383.0,0.025524724175492182,1.690952744021846e-113,K384_
-1.8782475435600898,3531.0,1029.0,0.16488421634675662,0.0,K3A
0.13214731309352137,1606.0,1855.0,0.10195717308358403,0.0,K3C
-0.4091910162735727,378.0,301.0,0.07813900648599516,1.184595629136312e-06,K3D
-0.5594525967762766,1625.0,1162.0,0.09952889218512175,0.0,K3E
0.050595629009157636,1382.0,1515.0,0.05495293087289876,0.0,K3F
-0.20690110986168642,3062.0,2810.0,0.030595101887876168,2.600025229837488e-15,K3G
-0.15507393273924255,336.0,322.0,0.07832461596036902,0.0,K3H
0.44880477481981007,1041.0,1513.0,0.048744607892411064,1.5178830414797062e-18,K3I
-4.378132785789757,2115.0,107.0,0.1596792936872159,0.0,K3L
0.004724811870014035,1542.0,1639.0,0.03614765376155381,3.524449864885958e-26,K3M
0.05843331894456095,1021.0,1126.0,0.04374764988405989,6.844210944782809e-13,K3N
-2.885007131720751,947.0,136.0,0.09199493102461843,9.953078992079996e-64,K3P
-1.118514397033526,3767.0,1835.0,0.1418817138206408,2.0816681711721685e-17,K3Q
-0.2166787494126098,2221.0,2043.0,0.07525229116074923,1.734723475976807e-18,K3R
0.03209606486216498,4058.0,4374.0,0.08935332935297652,0.0,K3S
0.18411999388266476,1503.0,1810.0,0.03557804572884907,2.6355580834104017e-20,K3T
-4.146111809050589,1639.0,98.0,0.10420022764399073,1.7189057206084875e-20,K3V
0.18327556080344773,786.0,938.0,0.1431582968288545,0.0,K3W
0.16510468152871777,1453.0,1716.0,0.10476558834458423,0.0,K3Y
-4.275395098922723,1611.0,88.0,0.10967678539431418,4.8070738253035814e-136,K3_
0.19768661264354204,786.0,958.0,0.048615159958955156,1.0866399167141155e-82,K64A
0.2212504794764034,1508.0,1863.0,0.03530530529972111,2.8764952680423404e-82,K64C
-0.5533719735737339,2311.0,1671.0,0.03282304220093292,3.0755032299879976e-28,K64D
-0.17470781332226917,1427.0,1334.0,0.08098216604725003,0.0,K64E
0.062311273561069226,1058.0,1171.0,0.06499137820347123,0.0,K64F
-0.012743725788384806,933.0,981.0,0.04624376149644841,1.051066642523008e-97,K64G
-0.012305997986452587,872.0,922.0,0.047755236517991344,1.9110988211643634e-07,K64H
0.07476106015315312,2424.0,2706.0,0.035442499984421276,2.168404344971009e-19,K64I
0.10014315990553302,2073.0,2346.0,0.07519433218595215,0.0,K64L
-0.2816027555026754,1605.0,1391.0,0.03728526794986377,2.7675236758130175e-53,K64M
0.11188065399842204,627.0,716.0,0.05516073448539538,3.524496671036191e-77,K64N
-0.15996199513883755,2037.0,1936.0,0.032478227913373896,2.8810658480172845e-30,K64P
0.029822570989556034,1859.0,2016.0,0.03333736165001357,1.382884073665696e-07,K64Q
-0.3891018650896762,905.0,736.0,0.05010932147972512,2.7201311984634205e-61,K64R
-0.6493323403742547,3157.0,2131.0,0.028848996336017924,8.659891949957203e-93,K64S
-0.0008304839881977364,1219.0,1287.0,0.07831785944375146,0.0,K64T
0.27598192513146697,1004.0,1294.0,0.049349513231338155,2.0860049798621105e-16,K64V
-0.10453592912094721,1639.0,1615.0,0.03613045050976551,1.9824411911493784e-07,K64W
-0.016033262385305985,2021.0,2108.0,0.09453433292486382,0.0,K64Y
-4.150438445850013,1558.0,93.0,0.10698349085671557,2.4789757674030438e-54,K64_
-0.2131924238400865,2041.0,1870.0,0.03273945206008383,3.1205390550520877e-74,K67A
-0.05830474636936124,1918.0,1963.0,0.0708740172122795,0.0,K67C
0.04707014697432759,1464.0,1605.0,0.03679482600097067,2.9466258970819054e-61,K67D
-0.7472029374564131,3931.0,2501.0,0.19897393361953938,1.3877787807814457e-17,K67E
-0.3530112495490753,816.0,678.0,0.06934656078381936,8.673617379884035e-19,K67F
-0.10092693922937532,1624.0,1616.0,0.0483954836424563,4.336808689942018e-19,K67G
-0.3181878474417957,437.0,373.0,0.07088370037029192,3.733091648827861e-85,K67H
-0.7359833580387226,1034.0,659.0,0.050346284394673355,4.738797938461235e-56,K67I
-0.12034142336817827,1470.0,1431.0,0.044191302766900184,1.4094628242311558e-17,K67L
-0.19951652110052145,665.0,615.0,0.05640683687326442,9.554069920236002e-57,K67M
0.006472931320462933,1658.0,1762.0,0.03488514774500486,1.7981718560483334e-08,K67N
-0.20529403705170268,697.0,643.0,0.05512404674082098,1.8224052744676763e-192,K67P
-0.2367367373269677,2523.0,2290.0,0.09983944141923125,3.469446951953614e-18,K67Q
0.12167855045795482,1367.0,1577.0,0.03757714854060286,5.583401363406905e-34,K67R
-0.10678164631270798,477.0,470.0,0.06536485780345815,4.252262054765905e-94,K67S
-0.5180838935559763,1123.0,842.0,0.12200546330174221,1.0408340855860843e-17,K67T
-0.6247072725691234,1421.0,973.0,0.07252562033655459,0.0,K67V
-0.2013151134712975,1236.0,1137.0,0.04166720960407018,0.0,K67W
-0.20098633908430613,220.0,201.0,0.09796884321145381,4.6268092010246773e-38,K67Y
-5.285983606277443,2874.0,78.0,0.30422063281193806,1.3877787807814457e-16,K67_
-2.080224396104077,9397.0,2343.0,0.11030693328829876,0.0,K68A
-0.1251190020786945,1282.0,1263.0,0.10226464624989084,0.0,K68C
-0.26286618975600057,1199.0,1067.0,0.08219010241607062,0.0,K68D
-0.7663595261744531,876.0,549.0,0.05486339369861833,8.581486178988055e-32,K68E
-0.20205991433071188,1286.0,1199.0,0.12865707355389602,0.0,K68F
-0.3483480969166549,609.0,508.0,0.060477117552495185,5.368618014182081e-36,K68G
-0.20598070956680348,397.0,364.0,0.10462741800208854,1.734723475976807e-18,K68H
-0.2549326712749515,1905.0,1709.0,0.113897733025982,0.0,K68I
0.13811303507887635,2495.0,2936.0,0.08941324056403356,0.0,K68L
-0.20608872507510761,1416.0,1301.0,0.03902949589186898,2.3964192086709005e-31,K68M
-0.43410871197480144,1912.0,1524.0,0.12098359525370572,0.0,K68N
-0.43654129265319463,1263.0,999.0,0.08749589347495242,0.0,K68P
0.03602032318908492,1737.0,1903.0,0.08243724922677848,0.0,K68Q
-0.5456503393128567,1557.0,1130.0,0.03967817021081228,1.5603734831309073e-184,K68R
-0.14076621574459708,1659.0,1597.0,0.03572637165854158,2.913573470416507e-89,K68S
-0.05169498453134433,2236.0,2296.0,0.03487048243863939,1.0706496453294356e-15,K68T
-0.04489714070502237,1037.0,1057.0,0.1482488293346839,0.0,K68V
-0.9759373664336217,1278.0,692.0,0.060251853106716366,0.0,K68W
-0.12275932260742467,804.0,790.0,0.08303720956915271,6.938893903907228e-18,K68Y
-3.1305220976876265,2095.0,253.0,0.06690369878615739,1.3937575557190465e-69,K68_
-1.0020865722367829,570.0,303.0,0.07141977973034595,1.3396659373711946e-11,L115A
-0.5305104015772851,1590.0,1170.0,0.0726287829842727,4.336808689942018e-18,L115C
-1.1697031578307509,322.0,152.0,0.09869027119770339,0.0,L115D
-1.1172358817286105,863.0,422.0,0.05984366601014049,5.42716125440689e-39,L115E
-0.8771590652202113,891.0,510.0,0.1474387113529257,0.0,L115F
-1.2575959125003138,579.0,257.0,0.07527625891529177,2.793240576688416e-92,L115G
-0.3328071169940443,1137.0,961.0,0.04435484787596784,1.815453406540972e-92,L115H
-0.08549164719971084,1039.0,1056.0,0.10844802427557274,1.0408340855860843e-17,L115I
-0.21229921973222082,533.0,488.0,0.07993918986636492,8.673617379884035e-19,L115K
-0.1789482902635904,596.0,555.0,0.11484103301317247,0.0,L115M
-1.4311697100117728,634.0,250.0,0.07504765205011109,1.110427568212715e-78,L115N
-3.9292127050130334,1759.0,122.0,0.09993910350439275,3.0032637435978282e-09,L115P
-0.3817158087555929,936.0,763.0,0.04926925555272016,2.441420523360807e-303,L115Q
-0.8651232609609337,563.0,339.0,0.19637579685117657,1.3877787807814457e-17,L115R
-0.9584904149249189,474.0,257.0,0.104814370181158,1.734723475976807e-18,L115S
-0.7269470061689276,454.0,290.0,0.10754447436308358,3.469446951953614e-18,L115T
-0.5094259034503065,1493.0,1113.0,0.040182108457990556,8.866915595081406e-21,L115V
-1.4099160404970048,519.0,216.0,0.39264808966372694,0.0,L115W
-0.8530006050405524,997.0,580.0,0.1523676675183746,0.0,L115Y
-4.34338804260148,1468.0,76.0,0.1870637840440747,6.938893903907228e-18,L115_
0.19873585329191568,448.0,545.0,0.06413984321509433,4.703569239478941e-34,L142A
0.15724514060236133,903.0,1070.0,0.04594535684131124,4.317442810015116e-07,L142C
-3.3643668437067618,1387.0,142.0,0.1241928689995145,0.0,L142D
-2.6892213649605865,1521.0,253.0,0.12306003950127863,0.0,L142E
-0.5642190440782753,1100.0,788.0,0.05668281460215259,0.0,L142F
0.10458249405876292,2053.0,2320.0,0.16279151114095236,0.0,L142G
-1.3029404727517502,1494.0,645.0,0.11516905009910616,0.0,L142H
-0.10969311351518125,1090.0,1077.0,0.04353920191071028,1.1298022579558299e-25,L142I
-2.625367617077357,1058.0,182.0,0.08060438335265338,2.8857208537991195e-09,L142K
0.20624144288131702,1707.0,2086.0,0.033345902446160126,1.4716655445849489e-235,L142M
-0.27191771736122927,983.0,866.0,0.04712458715403836,1.9671275038594393e-147,L142N
-0.37971239785421457,1112.0,911.0,0.09346933082475925,3.469446951953614e-18,L142P
-0.19082577237114803,455.0,423.0,0.06791442348768664,2.656544093053414e-246,L142Q
-4.47878942223946,1188.0,56.0,0.24445454139973533,0.0,L142R
0.15429636478980369,2291.0,2711.0,0.035847762318103,0.0,L142S
-0.03277573711043387,2633.0,2725.0,0.028166198302869937,5.690608417875831e-119,L142T
-0.23779164003215028,1242.0,1115.0,0.04230455657436815,2.694446462172325e-07,L142V
-0.011456800527624336,1189.0,1253.0,0.04947328398616787,0.0,L142W
-2.2917252423537144,1686.0,370.0,0.12233578744525231,0.0,L142Y
-4.327827131823204,1818.0,96.0,0.10493593461870107,5.584888184495754e-130,L142_
0.1755871411582911,1730.0,2081.0,0.043218114267532,0.0,L14A
-0.05894508433540832,1047.0,1066.0,0.04849088857276019,1.2837357045436537e-12,L14C
0.149125195844239,1617.0,1897.0,0.034540455755185544,8.711435935772343e-64,L14D
0.16801750051469858,1789.0,2142.0,0.0327599686446501,6.681027533112144e-57,L14E
-0.41360571474592167,1454.0,1157.0,0.03998236530749513,3.438604553977656e-42,L14F
0.20170879402746697,1223.0,1487.0,0.06706826116226473,1.734723475976807e-18,L14G
-0.09344114444415047,1540.0,1525.0,0.06241300633456812,8.673617379884035e-19,L14H
0.024594050134454253,974.0,1043.0,0.04930664358451828,2.964150734759141e-12,L14I
0.1354399264966421,105.0,122.0,0.13360718300256272,3.364237522205317e-26,L14K
-0.07571708994441452,751.0,752.0,0.09678611722741418,5.204170427930421e-18,L14M
0.21910115917465875,1397.0,1715.0,0.07649274715016613,5.204170427930421e-18,L14N
-1.056010352828254,713.0,360.0,0.15960763520702576,0.0,L14P
0.2013661714801144,2313.0,2828.0,0.02886090110261913,1.972869043072144e-19,L14Q
-0.5865646723074533,1016.0,714.0,0.05234236468235374,6.112309076846539e-10,L14R
0.12793516062249985,1253.0,1445.0,0.07062049835402652,8.673617379884035e-19,L14S
0.23932739203526454,1289.0,1601.0,0.1254378600894765,1.0408340855860843e-17,L14T
0.23247302441184017,443.0,543.0,0.2797782719807341,0.0,L14V
-1.0185072053111917,613.0,320.0,0.09246855152796321,0.0,L14W
-0.0060978508037078305,760.0,805.0,0.06539748256338833,4.336808689942018e-19,L14Y
-4.6027875154411175,754.0,33.0,0.22878306236968995,0.0,L14_
0.08286130625428072,1227.0,1377.0,0.039851594832633334,7.390140739810731e-104,L165A
-0.11290765263861352,2922.0,2859.0,0.05282481404749276,0.0,L165C
-0.4280274781388654,945.0,753.0,0.13428522606352133,1.0408340855860843e-17,L165D
-0.18106120490974617,1956.0,1834.0,0.06599427454103214,1.734723475976807e-18,L165E
-0.3007905136389534,903.0,780.0,0.04936213019804727,5.6651487133224e-58,L165F
0.13843788720164765,1498.0,1745.0,0.03587221593721229,7.277538096354757e-11,L165G
-0.06415472967605593,1789.0,1819.0,0.03578727045109583,1.432732661080672e-09,L165H
-0.12544108470542784,920.0,894.0,0.0490158198692283,4.244225775755332e-08,L165I
0.11611408340659206,1377.0,1585.0,0.0374675173454781,5.1907584854098966e-08,L165K
0.01350367906689118,2334.0,2491.0,0.07335782854172138,1.734723475976807e-18,L165M
-0.2818553602064237,1202.0,1053.0,0.06706182886406545,0.0,L165N
-1.9027481868712892,1116.0,319.0,0.1240331216444896,0.0,L165P
-0.022013529278157286,1491.0,1569.0,0.0897827830504071,3.469446951953614e-18,L165Q
-4.075330373900934,2036.0,133.0,0.2688830799890244,2.7755575615628914e-17,L165R
0.22634461094395672,2730.0,3393.0,0.03131801946927939,3.144186300207963e-18,L165S
0.015469448518420274,1024.0,1111.0,0.10246079096829533,0.0,L165T
0.13621456384710662,1699.0,1985.0,0.03374633067590807,5.332303612787152e-63,L165V
0.14043183283904817,2544.0,2958.0,0.08089634902560247,6.938893903907228e-18,L165W
-0.02455273411452669,1775.0,1862.0,0.07699400464741127,0.0,L165Y
-4.3832724118815305,1032.0,52.0,0.16959963670842146,1.0408340855860843e-17,L165_
0.007256493895616585,1242.0,1322.0,0.040126370906274286,1.533587843896531e-40,L168A
0.05855701966391442,1617.0,1772.0,0.1273423510001417,0.0,L168C
-0.02035367652804863,1151.0,1195.0,0.1029581456642531,0.0,L168D
-0.08481162082401839,1143.0,1139.0,0.06879232327110757,8.673617379884035e-19,L168E
0.013166046865645363,1130.0,1212.0,0.05895845424501188,0.0,L168F
0.12987756876144899,931.0,1081.0,0.045241045467170046,1.5242126760618666e-159,L168G
0.22452385442734968,1205.0,1501.0,0.059194447381379606,1.734723475976807e-18,L168H
-0.0973428266776347,1209.0,1205.0,0.07294266347121908,1.734723475976807e-18,L168I
-0.030361181305783642,1256.0,1323.0,0.1141964640541349,1.3877787807814457e-17,L168K
-0.04685903825089757,1355.0,1391.0,0.03877921270088325,3.629899173111494e-115,L168M
0.01018827479093225,2065.0,2204.0,0.031380737790091345,9.228215262978457e-157,L168N
-0.3613169469102723,1818.0,1501.0,0.03555618115351033,4.6574835970430526e-20,L168P
0.11519663146461773,2165.0,2487.0,0.030182524741316993,1.3485256190361935e-39,L168Q
-0.8098592668647009,1111.0,669.0,0.08544701577480215,1.734723475976807e-18,L168R
-0.1117021695311823,1341.0,1302.0,0.17938063783518882,0.0,L168S
0.10328528235114484,1959.0,2241.0,0.0625054026090236,2.6020852139652106e-18,L168T
-0.1396391244970029,1095.0,1061.0,0.1185732821461056,0.0,L168V
0.11027543376372728,1995.0,2286.0,0.03139996548348735,3.4688223408595365e-26,L168W
0.0010957946369650525,1480.0,1573.0,0.036852934932489985,4.4226617957062743e-97,L168Y
-4.374787821862831,1606.0,83.0,0.23875756675036489,0.0,L168_
0.00667783439470659,1587.0,1688.0,0.03563526076271689,9.110497952899727e-112,L176A
-0.5271559634941451,1849.0,1380.0,0.19390851846999776,0.0,L176C
0.08948478308847917,1109.0,1242.0,0.12032207932131132,1.3877787807814457e-17,L176D
0.23061295404225032,825.0,1026.0,0.047261750794244585,1.7765220680597905e-51,L176E
-0.03619074915069817,1617.0,1680.0,0.08407392046309148,1.734723475976807e-18,L176F
-0.09682967488649001,1402.0,1399.0,0.07289936082687949,0.0,L176G
-0.17011168328562773,262.0,247.0,0.08899906075646387,8.969264325471028e-271,L176H
0.16312633441249674,686.0,811.0,0.08599590249340298,1.734723475976807e-18,L176I
-0.2600288951622083,775.0,691.0,0.11110707160180804,6.938893903907228e-18,L176K
0.10659331843770566,1840.0,2121.0,0.07995374672108957,0.0,L176M
0.01400221222491751,2796.0,3001.0,0.027152668114212707,1.7786e-320,L176N
-0.8560262959195528,1113.0,660.0,0.108974601268723,0.0,L176P
0.05917588360470706,506.0,564.0,0.06168520024553313,2.2804561218010668e-26,L176Q
-0.12659930865764882,402.0,390.0,0.07143399005811008,2.4523905582481513e-269,L176R
0.05570203161701856,2175.0,2392.0,0.057394364455429545,0.0,L176S
-0.5635562180765055,1754.0,1260.0,0.12793925750836363,0.0,L176T
0.21453829693003193,1165.0,1435.0,0.041097525873372495,6.094210099709114e-08,L176V
0.24821562944861073,1808.0,2272.0,0.03225157562861085,6.621763194377229e-135,L176W
0.12478515015481045,1532.0,1771.0,0.044387766569702475,0.0,L176Y
-4.296815698411047,1596.0,85.0,0.27001769039562745,0.0,L176_
0.32038648601847247,1069.0,1419.0,0.07387980069329689,0.0,L17A
-0.004633117180014115,2175.0,2296.0,0.030689543519486124,3.4053665635413643e-206,L17C
-0.6211004161053151,754.0,521.0,0.05737576065462909,5.211913652038327e-12,L17D
0.6008920832538673,4144.0,6660.0,0.02091725313587731,2.0436295223629172e-50,L17E
0.053892170637336985,1205.0,1333.0,0.06683177009830239,1.734723475976807e-18,L17F
0.09719228978648561,345.0,383.0,0.27675709169566814,0.0,L17G
0.13000357920269354,1054.0,1227.0,0.04256295339182813,7.139238819960429e-227,L17H
0.16816280851574988,826.0,1002.0,0.16782117095507237,0.0,L17I
0.00816859996771584,1023.0,1087.0,0.052830822242542014,0.0,L17K
0.0773292590093614,2590.0,2911.0,0.08206666158354228,5.204170427930421e-18,L17M
-0.1074550573410937,1283.0,1252.0,0.15427239139754823,6.938893903907228e-18,L17N
-2.151881604890055,2270.0,541.0,0.06197245998369936,0.0,L17P
-0.04400218702653314,1680.0,1739.0,0.08789933748639785,3.469446951953614e-18,L17Q
-4.3921236026071195,2045.0,103.0,0.12258829873025315,0.0,L17R
-0.0613153622931411,1308.0,1318.0,0.13663667604031735,0.0,L17S
-0.48616202301895267,569.0,431.0,0.06424464482120978,1.0814006077439397e-207,L17T
-0.03579226186060977,2478.0,2568.0,0.0389243947647772,0.0,L17V
0.1425675185796467,994.0,1162.0,0.046623188105789005,2.535768676200506e-10,L17W
0.14043269936511588,1002.0,1170.0,0.06522982490710987,0.0,L17Y
-4.703394693367567,4626.0,195.0,0.27374913804803047,5.551115123125783e-17,L17_
-0.08661480149787991,1000.0,995.0,0.045308443843968954,3.02435959443439e-196,L191A
0.023334429836560387,1278.0,1378.0,0.03945242324293604,1.3033183324123156e-45,L191C
-0.14152103576158145,1681.0,1619.0,0.03548130920200512,1.584260902695458e-36,L191D
-0.20563286480730425,1679.0,1546.0,0.10743677066561666,0.0,L191E
0.20130252547822924,2498.0,3049.0,0.027834442034991868,6.018399337765795e-162,L191F
-0.12314294311293458,1993.0,1938.0,0.054700650538765515,0.0,L191G
-0.05817384914921522,1571.0,1600.0,0.03616930808985026,9.581869716330483e-98,L191H
-0.0049458350067086996,1094.0,1163.0,0.0637994426260503,0.0,L191I
0.023588043804136625,471.0,504.0,0.16517950432902542,0.0,L191K
0.2126635032696411,1838.0,2258.0,0.03214319290899427,2.223264702790239e-41,L191M
-0.056833791823883144,913.0,928.0,0.0781120221741943,0.0,L191N
-0.005593434745172343,1145.0,1209.0,0.062076724664446956,2.6020852139652106e-18,L191P
-0.15122344183428876,2142.0,2050.0,0.031652792217674246,2.4889842377773483e-39,L191Q
-0.24170792320845755,1471.0,1323.0,0.05161730516091322,0.0,L191R
-0.09274073296880095,1592.0,1593.0,0.0821971630601004,0.0,L191S
-0.06912353420791889,2296.0,2344.0,0.10759641559564634,6.938893903907228e-18,L191T
-0.025822593068974272,1594.0,1654.0,0.05617575980493628,0.0,L191V
0.23028519805883163,1426.0,1761.0,0.11549154052728919,6.938893903907228e-18,L191W
0.04083635452910733,1789.0,1935.0,0.13185531856590044,0.0,L191Y
-4.80821246205799,930.0,35.0,0.17226743195208147,1.865100704688183e-51,L191_
0.7424294289856562,3466.0,6219.0,0.10081894894720661,0.0,L195A
-0.9595970330595185,2269.0,1246.0,0.14462523661441862,6.938893903907228e-18,L195C
-0.18064723321373513,1331.0,1254.0,0.08200501067618807,3.469446951953614e-18,L195D
-0.0044113156686598695,820.0,867.0,0.04919813889747864,1.2001034056644136e-102,L195E
0.13419825722990886,1585.0,1837.0,0.07850910368910827,6.938893903907228e-18,L195F
-0.09775221208160835,1817.0,1800.0,0.03395410554708631,4.1676156813780664e-181,L195G
-0.03667993185997525,961.0,994.0,0.04575468599436064,7.620991447464001e-54,L195H
0.04589618990764877,1707.0,1870.0,0.034174012317613675,3.1784139394306824e-79,L195I
-0.21756156779077965,1900.0,1735.0,0.03391613496635992,9.437536935262907e-28,L195K
-0.06114028823499483,1462.0,1475.0,0.11848657833620377,1.0408340855860843e-17,L195M
-0.04199800849215523,1908.0,1971.0,0.032842554257066996,1.96865197850882e-84,L195N
0.02852746874502414,2221.0,2402.0,0.03291928092948393,3.36508083767853e-12,L195P
-0.0007349179901356558,1167.0,1245.0,0.11086472748570438,0.0,L195Q
-0.03910650291038217,1732.0,1791.0,0.0343791909125374,9.982537266779218e-18,L195R
0.019602287718365915,2194.0,2351.0,0.059152231616599556,0.0,L195S
-0.2103289091908912,3136.0,2873.0,0.04295793455039408,1.3010426069826053e-18,L195T
-0.025013373053743918,1412.0,1473.0,0.03786153106561441,8.064422720229078e-31,L195V
0.11094703542745322,2041.0,2367.0,0.09679680594523103,0.0,L195W
-0.03923847083264696,1315.0,1356.0,0.05641755881385626,8.673617379884035e-19,L195Y
-4.204557334292547,2290.0,133.0,0.17533478462035176,0.0,L195_
-0.23560447724949207,1299.0,1165.0,0.08879349709462965,0.0,L196A
-0.4391669848244878,1219.0,956.0,0.0828824838753713,0.0,L196C
-0.261103568335731,1636.0,1450.0,0.051268882862782646,0.0,L196D
-0.5259800890349728,951.0,708.0,0.16569116966413228,0.0,L196E
-0.09040767539404006,1406.0,1395.0,0.04702914757061498,0.0,L196F
-0.12262951356473041,1346.0,1306.0,0.0497199438181934,6.505213034913027e-19,L196G
-0.25490525410508097,1920.0,1708.0,0.03395068589318446,1.1693422255381054e-43,L196H
-0.11558116702133499,1225.0,1199.0,0.04119119993624047,5.66961736292297e-20,L196I
-0.23327263655144703,1479.0,1333.0,0.03840884554269249,1.9962529122320918e-08,L196K
-0.18647679533840103,2540.0,2360.0,0.0293870920835329,1.877487008243963e-28,L196M
-0.44204579537657235,867.0,672.0,0.1214832449891342,0.0,L196N
-0.09521038705218464,1531.0,1515.0,0.0663970469981105,0.0,L196P
-0.16530605027496165,789.0,750.0,0.0514829280427442,3.065101480065041e-122,L196Q
-0.2336186225992451,1901.0,1710.0,0.05224834186776175,0.0,L196R
-0.02768511788855935,966.0,1002.0,0.045617856603469925,3.0700097612383746e-186,L196S
-1.0789051944044117,3468.0,1747.0,0.18641068217741136,4.163336342344337e-17,L196T
-0.10033540016646122,1096.0,1081.0,0.06952573515852833,8.673617379884035e-19,L196V
0.10288332737762858,3418.0,3894.0,0.02440683980465733,2.9641499728659037e-69,L196W
-0.024466680067575745,1440.0,1505.0,0.037496892502592714,1.3068503779614319e-242,L196Y
-4.294691716483679,2162.0,117.0,0.09516954640065815,1.1712313879073952e-114,L196_
-0.7311111256504971,1771.0,1130.0,0.03869347991558396,1.0185638340370381e-111,L210A
0.09127792014064658,1692.0,1902.0,0.0890202638938874,0.0,L210C
-4.090594964613758,2247.0,140.0,0.08740099591357946,1.9587551572689363e-19,L210D
-2.9341710512417856,2028.0,282.0,0.06531760566733864,3.4493620240162205e-07,L210E
0.11244171880340006,865.0,985.0,0.04710532267109794,1.0087879745886617e-79,L210F
-0.7697487410587928,1892.0,1192.0,0.13140548708734218,1.3877787807814457e-17,L210G
-2.5151153455431663,1938.0,367.0,0.19279893399568973,2.7755575615628914e-17,L210H
0.17971524488536536,1960.0,2341.0,0.07384075579834583,0.0,L210I
-4.148841841742572,1226.0,73.0,0.14556931023106062,6.938893903907228e-18,L210K
0.14013197272047348,3317.0,3867.0,0.04723436529821676,0.0,L210M
-2.6940629017334383,1940.0,321.0,0.16948232033276675,0.0,L210N
-4.575546982775926,698.0,31.0,0.1836203798002301,1.3616496348902977e-97,L210P
-1.1606184700742794,1133.0,539.0,0.052776649015541306,2.1618895583216128e-93,L210Q
-2.97247460327771,447.0,60.0,0.16099289770744943,2.8102520310824275e-16,L210R
-1.2875601229226925,1923.0,820.0,0.22801346334355124,0.0,L210S
-0.1418935163299085,1577.0,1514.0,0.03665141305761507,1.534423796624422e-07,L210T
0.1679547672432694,1945.0,2311.0,0.057325600321787976,1.734723475976807e-18,L210V
-1.6184396592963075,1193.0,412.0,0.05757678487484533,1.9271303881633195e-103,L210W
-1.767683769486849,1659.0,518.0,0.05080174430777776,1.3335914176725023e-190,L210Y
-4.427132849834913,1338.0,66.0,0.12625497966423482,5.1267878217070745e-64,L210_
-0.4790171155717833,1691.0,1286.0,0.050923249962243476,0.0,L212A
-0.03736984315824654,1359.0,1418.0,0.09366504539835165,3.469446951953614e-18,L212C
-4.333764252667317,1088.0,57.0,0.13602376508233405,1.5744879797265587e-16,L212D
-4.089202782833798,1318.0,82.0,0.11403004793614786,6.683579334033347e-105,L212E
0.07773104197663967,1342.0,1501.0,0.041678326422411836,3.806444634317507e-12,L212F
-0.058069098428912246,2243.0,2282.0,0.038513860879523326,0.0,L212G
-1.2464652728637267,6223.0,2782.0,0.05963030156660908,1.734723475976807e-18,L212H
-0.1759303380030107,633.0,593.0,0.057577540641207736,1.8233171073928154e-205,L212I
-1.893218576023486,892.0,254.0,0.109288305527171,8.673617379884035e-18,L212K
-0.20737775057735602,1659.0,1527.0,0.036126819436640166,6.33577774258196e-92,L212M
-3.0774290631760692,2105.0,271.0,0.20187092934756895,0.0,L212N
-2.2342152763127254,2382.0,540.0,0.1384642080543453,0.0,L212P
-0.31905987454251383,2457.0,2074.0,0.10647978124129796,0.0,L212Q
-4.1916397152160405,1465.0,94.0,0.46831352808449805,1.6653345369377348e-16,L212R
-0.26548072611557655,745.0,651.0,0.20250063922151906,1.3877787807814457e-17,L212S
-0.3036045118520933,2270.0,1974.0,0.11482245258839914,1.3877787807814457e-17,L212T
-0.08973824760832076,1533.0,1532.0,0.03676322802519289,2.992406666680792e-39,L212V
-1.4093069625569072,4128.0,1662.0,0.1565570906707619,0.0,L212W
0.0249540815917461,810.0,873.0,0.0493008707195586,1.9139207930486991e-41,L212Y
-3.860818018285047,3314.0,243.0,0.09346356473215564,0.0,L212_
-0.18505955973506416,1091.0,1016.0,0.04416464973099826,5.701412772946165e-26,L214A
-0.08987265039716608,1036.0,1035.0,0.0444834629173384,1.1870380526521152e-112,L214C
-4.1327211062384634,1933.0,119.0,0.2033966606065332,0.0,L214D
-1.5466123387272697,649.0,237.0,0.07627762497378442,3.840996471128132e-39,L214E
0.202985292118698,2524.0,3075.0,0.027709984138670353,4.298589819680242e-218,L214F
-1.3671001333085775,1021.0,419.0,0.07597949722476842,8.673617379884035e-19,L214G
-2.4676068639115147,1252.0,240.0,0.07636538722565568,1.3828890203099187e-10,L214H
-0.3725622521504029,1629.0,1325.0,0.11184477718828978,6.938893903907228e-18,L214I
-3.581143598330707,1726.0,152.0,0.12520458727833575,0.0,L214K
-0.2107558589971996,2004.0,1831.0,0.0330469682508336,2.7923188950190517e-177,L214M
-0.8995550016727667,1995.0,1130.0,0.057667344258551204,0.0,L214N
-3.342934175804684,2775.0,290.0,0.06209364376060944,2.5886344883480244e-282,L214P
-1.4512151297909381,1390.0,551.0,0.18428197118121445,1.3877787807814457e-17,L214Q
-4.0887238445351395,2133.0,133.0,0.08965130680336407,9.578188422501786e-48,L214R
-0.15402902598125254,1596.0,1522.0,0.03647187428713285,1.0450338971186598e-74,L214S
0.08450501506314528,1953.0,2200.0,0.03182275181248762,1.8600224842368672e-12,L214T
-0.033397294693100404,1698.0,1760.0,0.03470972185501705,2.5644481823436567e-36,L214V
-0.5058581846179646,1861.0,1404.0,0.07569775838114132,5.204170427930421e-18,L214W
0.04285428636890685,2543.0,2771.0,0.05144724417707135,0.0,L214Y
-4.3592487238645194,909.0,47.0,0.14979692819491675,8.791723469939166e-21,L214_
0.0858765298239981,2182.0,2460.0,0.0660972626622243,0.0,L218A
0.09883072703347437,1352.0,1532.0,0.06537798523243944,0.0,L218C
-0.3428727413713316,1563.0,1324.0,0.0912286782485822,1.734723475976807e-18,L218D
0.0881774526400222,1674.0,1883.0,0.03427808753800018,9.00645538647443e-80,L218E
-0.048916779808086105,3206.0,3279.0,0.06213314294244563,0.0,L218F
0.15370361676770314,2823.0,3331.0,0.027774491900256364,1.1599430718234674e-09,L218G
0.13008191215927314,1819.0,2102.0,0.06723761797099155,8.673617379884035e-19,L218H
0.08466099597512153,2654.0,2986.0,0.02753607997221513,1.6854380324787154e-87,L218I
-4.322676534473117,1458.0,77.0,0.11711431558276134,3.346594170339283e-70,L218K
0.055406491243253864,2303.0,2556.0,0.08802837215389142,0.0,L218M
0.046634438615015816,2204.0,2409.0,0.030264632335008528,5.3521285529163055e-30,L218N
-0.41352210235139814,1557.0,1238.0,0.0387067828045035,3.144554313386431e-44,L218P
0.1066920357745899,1241.0,1413.0,0.05431747822498881,0.0,L218Q
-4.131257590130086,2110.0,127.0,0.12003703603215891,0.0,L218R
0.20812064729160146,3089.0,3779.0,0.03439304738094667,0.0,L218S
0.05366572816733161,1114.0,1224.0,0.04197532490619156,2.162511507703175e-140,L218T
0.02984479683306213,1543.0,1668.0,0.03598346486285046,5.409918697697392e-172,L218V
-0.5879973560952139,1315.0,927.0,0.04346296083088787,5.137860443924758e-10,L218W
0.10795977412895898,1840.0,2103.0,0.03264207009231002,1.4805817603280604e-113,L218Y
-3.976091806920982,1561.0,105.0,0.11701804167800832,3.5284275501368256e-15,L218_
-1.4936688836225513,695.0,268.0,0.1794046001077872,0.0,L21A
-1.2600262864375082,974.0,432.0,0.058223468573040886,3.5055107512306773e-186,L21C
-0.25494147233607944,1303.0,1159.0,0.04096797042316356,9.57406959187207e-94,L21D
0.04374579155659221,696.0,756.0,0.11472431106092998,1.0408340855860843e-17,L21E
-0.25856397502424383,774.0,688.0,0.05400795800664565,2.0152573995240721e-07,L21F
-0.885816908878808,941.0,541.0,0.05441483306941647,3.066137027055937e-116,L21G
-0.20616505627910026,1144.0,1058.0,0.07919958238879529,3.469446951953614e-18,L21H
-0.052466092878046745,1167.0,1182.0,0.14329119992756364,0.0,L21I
-0.24698761359420382,806.0,722.0,0.052672206733225785,2.3096982922473025e-07,L21K
-0.428706974580638,1167.0,918.0,0.044675322597066566,1.373476098355292e-28,L21M
-0.22523801970873011,1465.0,1333.0,0.038467467613341445,3.031154804350747e-114,L21N
-4.006298354815586,4548.0,305.0,0.1529779087649221,2.0816681711721685e-17,L21P
-0.7670286846432558,3428.0,2126.0,0.028437504110058926,5.686527611704438e-145,L21Q
-4.398128014904504,1837.0,92.0,0.1237899952109684,1.7338561142388187e-15,L21R
-1.117375009630768,1756.0,863.0,0.07568906897765491,3.469446951953614e-18,L21S
-1.331594906057644,801.0,344.0,0.12988188165956913,6.938893903907228e-18,L21T
-0.45391188358678786,750.0,587.0,0.15049379423015952,0.0,L21V
-0.1369750526081002,2140.0,2070.0,0.055264412592987776,0.0,L21W
0.17327365943119538,726.0,858.0,0.2075817681368643,0.0,L21Y
-3.9954319323160514,2045.0,138.0,0.15558052972120898,1.3877787807814457e-17,L21_
-4.103930167521333,2432.0,150.0,0.08447974940866416,8.955740145070563e-07,L224A
0.27792678417530825,1370.0,1756.0,0.036711101384189225,2.444931417939248e-18,L224C
-1.4314139795746323,1470.0,572.0,0.1606354661782218,2.7755575615628914e-17,L224D
-0.6013949532972584,1208.0,843.0,0.045429968697338306,7.202997262088889e-26,L224E
-0.34093331806293126,859.0,717.0,0.06172313832817693,0.0,L224F
-4.325863471829532,1878.0,102.0,0.24357411564020448,0.0,L224G
-0.18694305826131907,1944.0,1835.0,0.1348243905134876,1.3877787807814457e-17,L224H
-0.9838841631763775,1730.0,931.0,0.11589428691318131,0.0,L224I
-4.362262780945227,1210.0,62.0,0.41386292108546463,1.6653345369377348e-16,L224K
0.014807343195535482,556.0,595.0,0.05938538320135002,2.5550906269763884e-55,L224M
-0.1545538824221501,745.0,709.0,0.05294991209825125,2.937919615073015e-59,L224N
-0.3903051623049863,2761.0,2223.0,0.08766792100076072,0.0,L224P
0.042976957444144495,1466.0,1588.0,0.1277022586761082,1.0408340855860843e-17,L224Q
-3.979120759070736,1448.0,97.0,0.13006882909557713,1.734723475976807e-18,L224R
-1.2615354257408036,2285.0,1023.0,0.13773398511596344,0.0,L224S
0.21509535027110607,1166.0,1434.0,0.0400393250646681,1.1566409438875724e-68,L224T
-2.1502902127823886,1520.0,363.0,0.058820488976084516,4.4540878696037274e-108,L224V
-3.9701728746413125,1749.0,118.0,0.09538140274737665,1.1123933976705733e-36,L224W
-0.2945876617507599,575.0,497.0,0.06167657427447096,1.6852333183689709e-74,L224Y
-4.14371766786646,2167.0,130.0,0.09944641965361604,1.4214416969859922e-11,L224_
-0.16837757576169338,1182.0,1127.0,0.14221051189068662,1.3877787807814457e-17,L227A
0.0765900441292141,1725.0,1925.0,0.03385257439431749,6.751185244254867e-226,L227C
-4.105394940746581,1434.0,90.0,0.18825955198276084,0.0,L227D
-1.318197666876541,1351.0,580.0,0.08504962189396792,0.0,L227E
-0.18480675746770364,1173.0,1094.0,0.042601531796537216,1.3253033673261464e-99,L227F
-3.9633466928929293,2411.0,164.0,0.08099784882542249,1.4290266399192438e-79,L227G
-3.7465613305868124,1132.0,89.0,0.13952502911203946,1.734723475976807e-18,L227H
0.026769699543039746,628.0,676.0,0.055909998446856034,7.981186588277779e-11,L227I
-4.368081089836902,1449.0,74.0,0.11937674827824031,5.587492142854012e-07,L227K
-0.013212384664247914,1785.0,1874.0,0.04197353755847998,4.336808689942018e-19,L227M
-1.8668861784832422,1095.0,330.0,0.20442469811148628,1.3877787807814457e-17,L227N
-4.612823730796481,3612.0,161.0,0.2701130968338067,0.0,L227P
-3.007117574676467,2033.0,268.0,0.07426424111355491,2.6758976978680238e-14,L227Q
-4.087376501309103,2015.0,127.0,0.12984633785959615,1.734723475976807e-17,L227R
-0.17041451984122225,2112.0,1993.0,0.03196732290974251,4.516423799245941e-271,L227S
-0.07669646830082456,1904.0,1920.0,0.03305303333569942,3.6672322260614323e-65,L227T
-0.004926246371757751,1925.0,2027.0,0.0726775901491779,1.734723475976807e-18,L227V
-0.004850378348557346,868.0,915.0,0.04788021510630796,1.5191318866464367e-105,L227W
-0.18355338613372954,2914.0,2720.0,0.027516292798934,2.0220222169477267e-242,L227Y
-4.424074297714721,3952.0,194.0,0.10584866350808624,0.0,L227_
-0.004659218981440192,1953.0,2077.0,0.08358951296371506,0.0,L253A
-0.024718765839957194,2479.0,2588.0,0.03230517266049246,4.833183549560194e-14,L253C
-4.341400649255706,2847.0,155.0,0.2658974132077218,5.551115123125783e-17,L253D
-3.3289000130707684,2179.0,231.0,0.11535575969214595,1.734723475976807e-17,L253E
-0.4439676289340722,2966.0,2341.0,0.18960929159035575,2.7755575615628914e-17,L253F
-0.040298605463858946,3059.0,3147.0,0.04537272079913538,0.0,L253G
0.13845655948035393,2711.0,3151.0,0.07887790379015497,0.0,L253H
-0.07251215881111155,2876.0,2931.0,0.11497382580286068,0.0,L253I
0.18114107014578118,1274.0,1531.0,0.03852811129501814,2.9489648272439396e-22,L253K
-0.08102669461803994,1482.0,1494.0,0.07907731546862483,1.734723475976807e-18,L253M
0.04640207826655853,2159.0,2360.0,0.03683900819900245,0.0,L253N
0.02965546067977206,1960.0,2119.0,0.0433911755432365,6.505213034913027e-19,L253P
-0.12213445781148786,2652.0,2568.0,0.07739210893616913,3.469446951953614e-18,L253Q
-3.9303644430978166,2523.0,174.0,0.25067577242919714,0.0,L253R
0.024600291121215326,1727.0,1879.0,0.11616474303806579,0.0,L253S
-1.5306838787774242,5167.0,1901.0,0.10837670980738161,1.0408340855860843e-17,L253T
0.013846074538252559,814.0,887.0,0.20908502942318824,0.0,L253V
0.01566387564645596,1414.0,1527.0,0.10936644240074471,3.469446951953614e-18,L253W
-0.06771914730891249,2650.0,2687.0,0.0360468472778777,2.168404344971009e-19,L253Y
-4.0876953021524045,1391.0,87.0,0.11071981529029605,3.609614859969657e-208,L253_
0.10681047937715268,1746.0,1996.0,0.03709033866029351,2.5676693844040033e-13,L269A
0.08396958253858208,1332.0,1486.0,0.11935007408293889,6.938893903907228e-18,L269C
0.14049815694275866,2264.0,2644.0,0.029427613120025505,7.767499628535315e-22,L269D
0.22116861399821794,2323.0,2868.0,0.04356998312367114,0.0,L269E
0.008357144193998777,2199.0,2343.0,0.04003344145448775,4.336808689942018e-19,L269F
0.20729622685130564,1943.0,2366.0,0.09533738105233595,0.0,L269G
0.0733206663634723,1981.0,2214.0,0.03168454545796353,5.43556842598782e-13,L269H
0.13014243487292107,853.0,992.0,0.04721981435512199,5.498313554937217e-78,L269I
-0.03339001017479939,2872.0,2980.0,0.027052858953683943,1.0498039333539135e-07,L269K
-0.05395738587312784,1864.0,1894.0,0.06983374933249721,0.0,L269M
0.1913074593452121,2039.0,2467.0,0.030698210404575554,0.0,L269N
0.0804765916766326,3223.0,3617.0,0.025157066012784893,1.9600290307305514e-139,L269P
0.18931572900551769,2562.0,3074.0,0.11465971049050132,6.938893903907228e-18,L269Q
0.10690595325099528,1777.0,2011.0,0.1320111740282871,0.0,L269R
0.10102478699127602,2903.0,3300.0,0.026335763232231555,1.37030003026964e-56,L269S
0.14127454354593494,2534.0,2953.0,0.06233121136781484,0.0,L269T
0.0983599676146633,1633.0,1837.0,0.13328549122440844,0.0,L269V
0.06023204932372983,2098.0,2315.0,0.05273997988289034,0.0,L269W
0.06843763724522954,2354.0,2619.0,0.029362050516842746,1.7749397650416985e-07,L269Y
-3.8914989717381787,1784.0,127.0,0.09212284203348249,1.0632944177761453e-22,L269_
0.21817584608279153,964.0,1189.0,0.04598368946247224,3.7995788939194225e-09,L26A
-0.1052882945271902,1006.0,992.0,0.04526033570728494,2.0790689466196992e-17,L26C
-2.6084616212808713,1065.0,202.0,0.46525287881045846,0.0,L26D
-0.37665794144708614,1489.0,1216.0,0.056142455712112474,8.673617379884035e-19,L26E
0.1944488377177515,1207.0,1462.0,0.03948735215267073,4.6466723940935045e-71,L26F
-0.053187424330638694,1572.0,1611.0,0.036102212181129446,3.900405706718296e-49,L26G
-0.35516714932970095,1531.0,1271.0,0.1789107223249926,6.938893903907228e-18,L26H
-0.09569190284635125,722.0,714.0,0.0844565653346324,0.0,L26I
-4.254963348506976,1944.0,107.0,0.21717797821976098,0.0,L26K
-0.054701081470757765,1700.0,1735.0,0.04713319522256618,0.0,L26M
-0.043633624980839746,1887.0,1939.0,0.03305893805578337,1.1887396989616268e-67,L26N
-3.63647365717467,1452.0,124.0,0.09381275386309477,4.7266503356297e-311,L26P
-0.22516663208648025,868.0,790.0,0.057060843300816705,1.339206523454095e-15,L26Q
-3.9677073618724252,1142.0,77.0,0.3577882765283106,0.0,L26R
0.03208094429171537,653.0,713.0,0.06157150399905287,6.942103142337785e-14,L26S
-0.11674808913743014,879.0,860.0,0.06218310100484217,0.0,L26T
-0.21281225852123206,1326.0,1214.0,0.0403202062545571,7.03049667230112e-120,L26V
0.31835277989567534,726.0,957.0,0.04968689863534707,2.1240987044154702e-13,L26W
0.1378573758670271,611.0,706.0,0.1630398054583328,6.938893903907228e-18,L26Y
-4.3204934963263,1478.0,78.0,0.11825668300986543,1.5974144515378593e-06,L26_
0.1261162132339596,2292.0,2657.0,0.029305820244150724,2.370583667820476e-42,L276A
-0.15361924303599572,2490.0,2387.0,0.12533578684260072,0.0,L276C
-2.7482774777417536,3723.0,607.0,0.199288640448708,2.7755575615628914e-17,L276D
0.07210065825421481,2195.0,2428.0,0.13228924446113735,1.3877787807814457e-17,L276E
-0.10898226227829141,1175.0,1154.0,0.04203731506200554,1.1170893436635922e-12,L276F
0.2784746770660516,1235.0,1585.0,0.06465230540890654,8.673617379884035e-19,L276G
1.3464646124454052,3379.0,9250.0,0.12192617769991355,0.0,L276H
0.11460827220686289,2270.0,2605.0,0.029511452599628927,1.8873295251364787e-289,L276I
-0.15905746532397164,1844.0,1746.0,0.0419815592170187,2.168404344971009e-19,L276K
-0.08205044713051081,3115.0,3115.0,0.02623625762675573,9.776552544763746e-301,L276M
0.008656067526575531,1654.0,1765.0,0.03490380310169743,6.806652528828058e-153,L276N
-4.272733653116903,2426.0,140.0,0.2734141164752552,0.0,L276P
0.14134615112631885,2219.0,2589.0,0.029721065250819096,1.1210979065317711e-136,L276Q
-4.407952493547916,2863.0,144.0,0.14619854750151018,0.0,L276R
0.2754712888072688,2091.0,2701.0,0.06640941877829445,1.734723475976807e-18,L276S
0.22913982437248345,1787.0,2224.0,0.06228646392781348,2.6020852139652106e-18,L276T
-0.20127785181777574,2856.0,2622.0,0.08506829503191383,0.0,L276V
-0.2348812299593041,2574.0,2309.0,0.048512519079803244,0.0,L276W
-0.8979549836342913,3060.0,1741.0,0.14016709871371197,2.0816681711721685e-17,L276Y
-4.541773755941236,2395.0,109.0,0.09818483439221852,9.458742645026953e-62,L276_
0.09149450700202119,1248.0,1406.0,0.06500715934493458,8.673617379884035e-19,L283A
-0.5473642356666254,4686.0,3395.0,0.03708411603523566,4.336808689942018e-19,L283C
-0.132506492852603,2094.0,2024.0,0.033209992180519225,6.147673529640664e-09,L283D
-0.41846510246423746,1716.0,1374.0,0.09095662588751256,3.469446951953614e-18,L283E
0.22454225713884698,1863.0,2310.0,0.046375232507373236,0.0,L283F
0.10217110536797941,2467.0,2803.0,0.04698735721423155,0.0,L283G
-3.8929232482053933,3351.0,239.0,0.06731429638138407,2.1370506156024748e-17,L283H
-0.07294301610984828,3169.0,3224.0,0.11225215939850662,0.0,L283I
-1.57765571594958,2048.0,730.0,0.043668397958022215,3.153942798178329e-29,L283K
0.06479293898741097,2198.0,2424.0,0.09211036445484848,1.734723475976807e-18,L283M
0.1367106140805871,3062.0,3570.0,0.025555743135146722,1.1075958202163802e-75,L283N
-3.5392039239167574,2996.0,271.0,0.15679303428873892,6.938893903907228e-18,L283P
-0.08093920346240195,3174.0,3173.0,0.05324990809566637,8.673617379884035e-19,L283Q
-3.7950971549476287,2884.0,225.0,0.18352104684651638,1.3877787807814457e-17,L283R
0.2151184685158704,2092.0,2561.0,0.08088809601115632,0.0,L283S
0.20493971552672655,1572.0,1918.0,0.03469840461011167,8.235075541171385e-61,L283T
0.057925457992011674,2157.0,2403.0,0.06804544490897592,1.734723475976807e-18,L283V
-1.2192822106753416,3432.0,1567.0,0.07561079068949382,1.734723475976807e-18,L283W
-3.001655896807135,2229.0,300.0,0.15657647045797235,6.938893903907228e-18,L283Y
-4.340785395108702,3007.0,157.0,0.09548328761867471,9.48026379621325e-16,L283_
-0.025697593621710535,1916.0,2002.0,0.05470611408365552,0.0,L285A
0.05159706431254314,1937.0,2130.0,0.03213255895031367,4.396043648337385e-228,L285C
0.11789951356815999,2423.0,2776.0,0.07650225822498863,3.469446951953614e-18,L285D
0.07657258910060206,2965.0,3347.0,0.07280635030517135,0.0,L285E
-0.018218917905359983,2327.0,2423.0,0.08672634454152008,0.0,L285F
0.14512798643428654,2371.0,2776.0,0.028783262451088438,1.136677464676e-311,L285G
0.39606753858947813,4236.0,5928.0,0.04572006051778437,0.0,L285H
-0.02262892764609693,2248.0,2348.0,0.030298892127358177,3.7721892883293995e-09,L285I
0.12405259808760154,2797.0,3233.0,0.026700144139748583,7.600718943517412e-48,L285K
0.007669325988018471,2506.0,2663.0,0.07195891639787785,0.0,L285M
0.1753509753448781,1227.0,1463.0,0.07450276395890379,0.0,L285N
0.3009834507765816,1852.0,2424.0,0.03160516694510766,1.4833109510408987e-83,L285P
0.3974904093391301,2100.0,2938.0,0.05258470910954789,2.6020852139652106e-18,L285Q
-0.07610481706580643,2376.0,2386.0,0.029771686161790267,1.7647943582317368e-107,L285R
0.09654279273109298,1372.0,1561.0,0.03762670713908282,6.848310807491332e-11,L285S
0.10824320651467167,2023.0,2317.0,0.04153402336304211,2.168404344971009e-19,L285T
0.8226921489891277,1338.0,2511.0,0.03454244654746627,8.268491449640609e-25,L285V
0.25376316049017383,2758.0,3467.0,0.09086201321077804,0.0,L285W
0.13996730039126912,1700.0,2022.0,0.1863421132404214,2.7755575615628914e-17,L285Y
-4.455824665066603,3729.0,187.0,0.3125439806799933,0.0,L285_
0.17260755823891383,3924.0,4661.0,0.09357784930531438,0.0,L286A
0.02365106095645811,2415.0,2589.0,0.07663022149469385,3.469446951953614e-18,L286C
-0.11960232900522587,4281.0,4175.0,0.024012817685437615,4.3219120693567276e-10,L286D
0.1723116865649406,2133.0,2553.0,0.04274348276997543,0.0,L286E
-0.04777820120573613,2103.0,2160.0,0.03137940072248902,2.407176019641913e-30,L286F
-0.018095664223399015,2594.0,2740.0,0.07188805826263407,0.0,L286G
-1.3850789404941717,1353.0,564.0,0.2371711140766388,6.938893903907228e-17,L286H
0.17955759262446064,2240.0,2679.0,0.07078772412923931,1.734723475976807e-18,L286I
-4.1784230037080174,1567.0,91.0,0.24533769670757372,4.163336342344337e-17,L286K
-0.11207675214153036,2524.0,2489.0,0.04528722137948762,0.0,L286M
0.2888752030596872,1780.0,2292.0,0.09319850248027171,0.0,L286N
-3.715577645076807,2102.0,171.0,0.13044594210077343,0.0,L286P
0.19908906686888247,2186.0,2650.0,0.06735903626985856,2.6020852139652106e-18,L286Q
-3.714303190359288,3403.0,280.0,0.12896397766662912,0.0,L286R
0.2671227050320708,2182.0,2783.0,0.02939369347342945,6.220703888704397e-144,L286S
0.13173802197956327,2231.0,2581.0,0.07047919117901857,0.0,L286T
0.18827980514844508,2847.0,3423.0,0.07032104905360906,0.0,L286V
-1.5405060292008337,3138.0,1145.0,0.035187202199325335,8.903242100196538e-25,L286W
0.10108555905931095,2694.0,3071.0,0.027256531623688744,3.2443717392588536e-37,L286Y
-3.8747193964719764,2891.0,209.0,0.07196047131642452,3.9910505191305284e-87,L286_
-0.5914759478921834,883.0,622.0,0.052824161043645686,1.222523093273887e-86,L30A
0.18364271142269661,1122.0,1339.0,0.17035537487724264,0.0,L30C
-2.2138900891957642,1372.0,316.0,0.13898950566055665,0.0,L30D
-3.8731493266579036,3042.0,220.0,0.07015783629842123,9.98351487594843e-63,L30E
0.08960293045282736,396.0,447.0,0.06942178200908974,5.435120448413583e-47,L30F
-4.056253414289924,1229.0,78.0,0.11701391855228396,1.6495004092609934e-12,L30G
-3.7652016181955115,2064.0,168.0,0.28108779654086974,0.0,L30H
0.02310841751264394,1619.0,1736.0,0.08639859559081708,0.0,L30I
-3.5050042074282617,1354.0,127.0,0.09305249627096962,1.317748539529922e-105,L30K
0.20322156305458794,2995.0,3632.0,0.0995453198528181,3.469446951953614e-18,L30M
-3.0823342587316236,2221.0,281.0,0.14315773599771175,2.0816681711721685e-17,L30N
-3.229476544986044,2627.0,310.0,0.2882674268115351,2.7755575615628914e-17,L30P
-4.0316123989580115,1049.0,68.0,0.1253755606413195,2.309220414918066e-19,L30Q
-3.978595246862893,695.0,49.0,0.3215336140298258,2.7755575615628914e-17,L30R
-0.8807435481377205,1956.0,1129.0,0.03799973365542781,1.7595136020034e-183,L30S
0.02765795180633089,1254.0,1353.0,0.0398030523389321,4.18364216838868e-138,L30T
0.049153050986132665,3007.0,3279.0,0.09403720121574731,0.0,L30V
0.15994384480510554,2408.0,2858.0,0.028491023822138795,1.726786677920802e-134,L30W
0.14059804983209323,1365.0,1598.0,0.03748840529944589,1.2984018162899969e-179,L30Y
-4.253857903135091,1401.0,77.0,0.24401853753881528,1.3877787807814457e-17,L30_
0.15258326409626458,2204.0,2592.0,0.059224829489313895,0.0,L331A
0.3893804275309868,2320.0,3239.0,0.050061992776550795,0.0,L331C
-4.296562219695633,1063.0,57.0,0.17336912477323088,0.0,L331D
-4.436011400107307,1918.0,93.0,0.22496578806621584,0.0,L331E
0.1924404774526275,2339.0,2822.0,0.0723653354558763,1.734723475976807e-18,L331F
-3.595282528641174,2335.0,205.0,0.07315627691743713,5.913716262090893e-37,L331G
-3.396926104998086,3377.0,337.0,0.22524226065805497,0.0,L331H
-0.34532610943571507,3038.0,2537.0,0.04138348416202866,4.336808689942018e-19,L331I
-4.007722262513813,1321.0,87.0,0.11089505271880343,0.0,L331K
0.07600778687601535,1723.0,1935.0,0.1546404168068584,0.0,L331M
-3.738740008279039,3427.0,274.0,0.0885189205959128,8.673617379884035e-19,L331N
-4.709457053076783,5478.0,222.0,0.06879171983318105,4.649217517089514e-21,L331P
-2.1909372638723976,3651.0,845.0,0.06963563806895086,8.673617379884035e-19,L331Q
-3.4892613341417453,1262.0,119.0,0.09614729295605749,1.1344411035052712e-186,L331R
-1.4437253646238422,2717.0,1062.0,0.03683738709738462,2.617629637885069e-84,L331S
0.13298269219774975,2259.0,2606.0,0.12028743885981616,6.938893903907228e-18,L331T
0.057016515065227126,3110.0,3433.0,0.02831200483876913,3.1655608039374283e-13,L331V
0.32558950111727786,2036.0,2704.0,0.030127957079078463,1.7500827407369285e-114,L331W
-0.6755696046230422,3467.0,2301.0,0.027737655987272736,7.273e-321,L331Y
-4.2415233248239135,2652.0,153.0,0.2836102678566957,5.551115123125783e-17,L331_
-1.4191066576337128,3636.0,1440.0,0.2734329239129419,0.0,L33A
-0.22763682202673766,1312.0,1190.0,0.04062098618516276,1.4850143334419975e-278,L33C
-0.06804631654142752,1563.0,1581.0,0.03632204539682095,4.172190200020302e-251,L33D
-0.45152956978060566,532.0,422.0,0.19910998095717947,2.7755575615628914e-17,L33E
0.09532189531051855,773.0,868.0,0.13822157140111035,1.3877787807814457e-17,L33F
0.020558606301321777,1071.0,1156.0,0.04299249760413615,3.0967953572617587e-20,L33G
0.03723114070576128,1951.0,2126.0,0.04777662672169454,4.336808689942018e-19,L33H
0.016668708496944035,1421.0,1520.0,0.047395509466889654,0.0,L33I
0.06096165023139776,1669.0,1848.0,0.03444594562848637,1.7626457014797e-24,L33K
0.20958075640401433,598.0,739.0,0.09165147667075423,0.0,L33M
0.029435994056671702,1690.0,1833.0,0.03849259492704435,5.796860387541347e-14,L33N
-3.8964553642513504,1252.0,89.0,0.10996929824884082,1.304149113407282e-08,L33P
-0.07182222450046505,2782.0,2797.0,0.07453018088195644,5.204170427930421e-18,L33Q
-0.0259284593864235,1812.0,1902.0,0.06678430595047097,0.0,L33R
-0.053921853544539045,784.0,802.0,0.05963340002062683,1.496198998029996e-17,L33S
-0.13056605533127158,807.0,779.0,0.05072692363445784,7.014915831000593e-67,L33T
0.20137074018859868,1710.0,2084.0,0.033347089169934195,5.784955320022579e-43,L33V
-0.7263377733023493,1197.0,764.0,0.06419769674253073,0.0,L33W
-0.15659787213861728,1078.0,1025.0,0.04415352835724219,2.3197707662962993e-10,L33Y
-4.369487077420889,1323.0,68.0,0.12455774921799563,1.1395938324001237e-43,L33_
-0.10710290362903534,4388.0,4305.0,0.04965444599912586,0.0,L345A
0.22683102683742,3261.0,4022.0,0.09107589027160268,0.0,L345C
-0.6567685519746465,2963.0,1994.0,0.1154482420966825,0.0,L345D
0.11858288843390065,2109.0,2411.0,0.10915259508759569,0.0,L345E
0.06568151345331785,2382.0,2639.0,0.03606142338164041,0.0,L345F
0.02784664861921203,1818.0,1953.0,0.10056388285548591,0.0,L345G
-0.12607518176158955,3563.0,3460.0,0.024813326801876666,3.6240083483279935e-62,L345H
0.1665471217864966,1467.0,1752.0,0.036124668715267524,1.953406471577381e-07,L345I
-0.7521292191353887,2766.0,1742.0,0.031331400359791824,3.912883041915554e-17,L345K
-0.0915571487872878,1718.0,1701.0,0.08009641733989521,0.0,L345M
0.1193129416011305,1511.0,1727.0,0.12025350328786591,0.0,L345N
-0.05515228662245208,3381.0,3451.0,0.02513061703608018,7.845081031411101e-49,L345P
-0.12083047725282488,2125.0,2089.0,0.06623543880903339,2.6020852139652106e-18,L345Q
-0.2170983262310917,2053.0,1877.0,0.03265835055652199,7.015257222854951e-215,L345R
0.16904519830560985,1685.0,2009.0,0.033731813276253124,5.806783276669874e-124,L345S
0.3717743704924657,1748.0,2391.0,0.0742050030736613,0.0,L345T
0.4900014717994199,3386.0,5024.0,0.057222380506666455,0.0,L345V
0.16545016029801643,2397.0,2842.0,0.03812958163060611,0.0,L345W
0.8321181571700768,2553.0,4831.0,0.05431721962811013,8.673617379884035e-19,L345Y
-4.230434385713731,3445.0,197.0,0.13439619439788583,1.0408340855860843e-17,L345_
0.07306772723408449,895.0,998.0,0.05332315031277212,1.2134390714457766e-15,L350A
-0.3177878150350719,1727.0,1468.0,0.06079335929542856,0.0,L350D
-0.6213036712717811,1893.0,1311.0,0.10435858849538471,0.0,L350E
-0.2062917656832672,2880.0,2654.0,0.027756370127939533,3.9575769939183566e-237,L350F
-0.3498843667033698,5208.0,4376.0,0.14430567234410932,0.0,L350G
-1.205987943919743,2119.0,983.0,0.09309061301285393,5.204170427930421e-18,L350H
-0.014626105704424536,3005.0,3157.0,0.026381285757523455,2.3219165199586526e-97,L350I
-0.28428224562309595,2353.0,2050.0,0.030977033713387288,1.0021092387813395e-125,L350K
-0.006056514471882053,1959.0,2070.0,0.032261366070475576,2.863883602998953e-45,L350M
-0.36807873202987895,2299.0,1896.0,0.03177552438179604,6.839950668065979e-47,L350N
-1.6891649611673565,2241.0,746.0,0.09456131580134104,3.469446951953614e-18,L350P
-0.6797606334924051,1103.0,729.0,0.048218158185360994,6.429420573407454e-32,L350Q
-0.3326082029071019,1628.0,1372.0,0.03728253582571476,3.787005278722761e-135,L350R
0.1093438623591024,2534.0,2890.0,0.02805273132881546,5.36737852789505e-93,L350S
0.006713625237251037,1601.0,1696.0,0.08409542371550846,0.0,L350T
-0.7591694919724851,4768.0,3023.0,0.17562454718469905,0.0,L350V
-0.39565055434750696,2523.0,2036.0,0.03056438900338064,1.0834733634644775e-179,L350W
-0.1908141403585076,1925.0,1796.0,0.0650178731852214,8.673617379884035e-19,L350Y
-4.284213965757783,2109.0,117.0,0.17717557247733476,3.469446951953614e-17,L350_
0.07066706544312273,3213.0,3590.0,0.06604140706728401,8.673617379884035e-19,L35A
0.03598262550709478,1987.0,2147.0,0.060444654615723376,0.0,L35C
-0.28113825255381514,1958.0,1712.0,0.04105986251044682,4.336808689942018e-19,L35D
-0.2730332266013154,1635.0,1435.0,0.03681295213748925,2.4706683031479366e-96,L35E
0.14273540286460634,480.0,563.0,0.06258121575347188,4.086386177930338e-13,L35F
0.1434199040918042,862.0,1010.0,0.04688139902931873,6.818007142202294e-152,L35G
-0.20611073008734232,1107.0,1013.0,0.08484190419110633,0.0,L35H
0.07705086049637043,1636.0,1830.0,0.05060939166544049,0.0,L35I
-0.07661038719293801,2100.0,2112.0,0.031557601688049546,1.7627986730682125e-36,L35K
0.0901990575931621,2900.0,3304.0,0.061390310781167266,0.0,L35M
-0.07934198765989371,1071.0,1060.0,0.2308047374639077,0.0,L35N
-3.654905662148158,195.0,16.0,0.5451110454380281,2.220446049250313e-16,L35P
0.02537327348140331,1502.0,1609.0,0.13831901971439267,6.938893903907228e-18,L35Q
0.1388700426068914,218.0,255.0,0.09249942098656237,1.6703470130695383e-54,L35R
-0.0140279101976637,1084.0,1140.0,0.04976321092399133,1.8496489062602706e-16,L35S
-1.7949021602971604,742.0,231.0,0.11544824490148763,1.214306433183765e-17,L35T
-0.3857808013468423,2571.0,2091.0,0.030239807223698272,1.963050004975684e-12,L35V
-0.00236233452779271,2150.0,2259.0,0.11727373683723234,0.0,L35W
-0.05940828734039697,678.0,692.0,0.054473196626200905,1.4897184705818067e-57,L35Y
-4.511794834728864,1103.0,51.0,0.4077286913431717,5.551115123125783e-17,L35_
-0.010155614200999766,2445.0,2580.0,0.06270564244997523,0.0,L367A
-0.027798941435300886,2228.0,2314.0,0.05670232127014463,0.0,L367C
-4.02073597761312,2985.0,196.0,0.10806783615613103,0.0,L367D
-0.11190293994781907,1628.0,1611.0,0.12033368914816611,0.0,L367E
0.09042801569309399,3714.0,4193.0,0.033996926604307885,0.0,L367F
0.11981744446161632,2378.0,2739.0,0.029525877500148748,3.993147409130408e-08,L367G
0.3135719061502139,1747.0,2295.0,0.03247842608502856,2.2596499711973387e-181,L367H
-0.1014718321929874,2046.0,2033.0,0.05363129943130855,0.0,L367I
-0.9754952183043659,3163.0,1705.0,0.030804987926939673,9.395267838322214e-92,L367K
-0.05395627738871563,4116.0,4215.0,0.060463865724589075,1.734723475976807e-18,L367M
0.09593816218842952,2766.0,3119.0,0.07300712399992998,0.0,L367N
-1.168644829157534,2410.0,1142.0,0.03658482482532132,2.9122204239591348e-43,L367P
0.06231954764403627,3385.0,3737.0,0.024690245827152606,1.6396332747563832e-13,L367Q
-4.180619703166115,3043.0,180.0,0.1408650410022906,0.0,L367R
0.11691455038536328,3570.0,4095.0,0.035594640169552036,0.0,L367S
0.12762598819805063,3240.0,3753.0,0.03444616580399669,0.0,L367T
-0.027906168146348657,3790.0,3942.0,0.023745073353267344,7.690773740910965e-55,L367V
0.1622191005785041,1899.0,2243.0,0.06897968068342598,1.734723475976807e-18,L367W
0.16299059077795558,2000.0,2378.0,0.03109773903469054,1.5151875528785632e-195,L367Y
-4.134994948893032,3105.0,188.0,0.07543326548720247,1.2093080334872535e-34,L367_
-0.032206891964933836,4159.0,4293.0,0.07572411479875148,3.469446951953614e-18,L374A
0.07980914687883589,3121.0,3511.0,0.07105508990036609,3.469446951953614e-18,L374C
0.08260243437205723,2864.0,3216.0,0.026574021590357315,1.287269933611501e-53,L374D
0.011232287929486523,3326.0,3542.0,0.06289276527306734,8.673617379884035e-19,L374E
-0.019231145007256485,2603.0,2715.0,0.06433845322355158,0.0,L374F
0.09243037808143639,2230.0,2519.0,0.02986184011187747,1.0283828781181278e-90,L374G
0.036104003353221295,3982.0,4334.0,0.03174086544078718,1.0842021724855044e-19,L374H
0.09024259515255591,1649.0,1859.0,0.04276323751638079,4.336808689942018e-19,L374I
0.11405542235987885,2651.0,3057.0,0.027401682508110377,0.0,L374K
0.19006478027495205,2352.0,2841.0,0.0343055467147752,3.2526065174565133e-19,L374M
0.16386790769948237,923.0,1098.0,0.04518887482534006,0.0,L374N
0.1838638544368161,2507.0,3056.0,0.13243651066716872,0.0,L374P
-0.5078205646213598,3939.0,2954.0,0.11851082144051282,0.0,L374Q
0.08361562048235611,2308.0,2582.0,0.07999300618690633,1.734723475976807e-18,L374R
0.1253034598377181,2103.0,2435.0,0.030535901658481742,1.8484697802470515e-57,L374S
0.04842500941869084,2399.0,2634.0,0.046425908147601044,0.0,L374T
0.02957805340235795,4508.0,4884.0,0.023317974095331782,2.642564536333228e-11,L374V
-0.09141227221126225,3299.0,3277.0,0.04805111351324732,8.673617379884035e-19,L374W
0.07890953899279046,2275.0,2552.0,0.029632537532646646,2.6596748439737776e-123,L374Y
-4.06821857860002,4531.0,286.0,0.06134430596334588,1.7773429858044287e-105,L374_
-0.07224238597001464,1927.0,1949.0,0.0808389239191197,0.0,L383A
0.06020778609057695,3272.0,3615.0,0.0250691188169413,0.0,L383C
0.0789110621080099,2255.0,2534.0,0.03798081314548156,2.168404344971009e-19,L383D
0.025232390660651416,2525.0,2716.0,0.0443956971900413,0.0,L383E
-0.0023982772028430066,2313.0,2441.0,0.039865322659323896,6.505213034913027e-19,L383F
0.01749080369263538,3952.0,4240.0,0.02313082487026309,8.856575644367235e-134,L383G
-0.4414243711126374,2599.0,2022.0,0.043474526614535734,8.673617379884035e-19,L383H
-0.07025665046679928,1010.0,1022.0,0.04492437252795518,2.928587529129123e-35,L383I
-0.0660672657348901,25.0,25.0,0.2830401358792815,3.171587316434479e-24,L383K
0.022731357876630044,1384.0,1486.0,0.05099878227272457,8.673617379884035e-19,L383M
-0.014220356336585015,2572.0,2707.0,0.028364570011260255,3.900793270951502e-122,L383N
-0.07117079678826256,3448.0,3478.0,0.024981897009183265,3.114152313770317e-14,L383P
-0.005966041593268439,3446.0,3688.0,0.09364955108353162,0.0,L383Q
0.07419701738136297,1616.0,1796.0,0.08561213472571169,5.204170427930421e-18,L383R
-0.13973798614424132,3610.0,3457.0,0.08142156256912349,8.673617379884035e-18,L383S
-0.11563628276036253,1930.0,1892.0,0.05564012762171357,8.673617379884035e-19,L383T
0.01951627159042035,2233.0,2395.0,0.030207715411322986,2.586553184124922e-26,L383V
0.02828412119405183,2929.0,3177.0,0.04203882156872126,4.336808689942018e-19,L383W
0.05690118152924797,1444.0,1588.0,0.07015226109152735,8.673617379884035e-19,L383Y
0.08995187327285357,2688.0,3037.0,0.045873877621134124,0.0,L383_
0.0203258325318487,3115.0,3329.0,0.0937908117908104,3.469446951953614e-18,L40A
-0.16863090847287104,1739.0,1643.0,0.03509405337268152,4.1712894109003134e-21,L40C
-0.29249240516155023,2127.0,1838.0,0.04100814103516481,4.336808689942018e-19,L40D
-1.65493118200368,1189.0,403.0,0.08561526702874965,0.0,L40E
0.09280520947427935,2656.0,3017.0,0.06453327587953465,0.0,L40F
-2.738767564741,2146.0,338.0,0.17018006972843633,1.3877787807814457e-17,L40G
-0.10579919546520372,1328.0,1305.0,0.03957657614597747,8.514306024803991e-109,L40H
-0.03674622125778873,2069.0,2137.0,0.031583598071648455,1.426537251985921e-45,L40I
-4.362438049795686,1493.0,82.0,0.3997320592573668,0.0,L40K
-2.347170960412481,7.0,1.0,1.0843797186257722,1.4021255147846783e-51,L40M
-0.32049099794831293,2392.0,2036.0,0.050809753944091096,4.336808689942018e-19,L40N
-4.580276306659002,1874.0,82.0,0.25700705450391154,0.0,L40P
0.010912342558038853,1398.0,1501.0,0.06829334523198906,0.0,L40Q
-3.3682744836674328,1726.0,177.0,0.0792369644459198,9.220746940817844e-82,L40R
-0.9319781653551434,3323.0,1855.0,0.07232243538616309,1.734723475976807e-18,L40S
-0.27346319449661105,1872.0,1638.0,0.04458489461448026,2.168404344971009e-19,L40T
0.13210403257453235,3583.0,4162.0,0.0237822270605529,1.8728561367257947e-96,L40V
-0.48375611901062254,165.0,126.0,0.11852764059206326,3.2691633012343547e-116,L40W
-0.30408006326868353,2065.0,1786.0,0.10928339243467361,1.0408340855860843e-17,L40Y
-4.438577388350908,2095.0,110.0,0.42646293472360924,0.0,L40_
0.24393749656246674,1284.0,1608.0,0.05826706713871845,0.0,L42A
0.03223723423484583,1798.0,1943.0,0.047287985661890714,0.0,L42C
-0.30305643530500365,799.0,691.0,0.1250003924527675,0.0,L42D
-0.043600251341599935,1143.0,1177.0,0.0420858524653914,6.076998393053664e-52,L42E
-0.24288779895137114,546.0,488.0,0.08920509459176452,0.0,L42F
0.16585544437473645,2452.0,2921.0,0.02821833404520496,3.481740310737065e-35,L42G
-0.4789106309120881,1797.0,1367.0,0.03653020846494898,9.549396745881069e-50,L42H
-0.1257686925176957,1466.0,1424.0,0.05247112091717391,4.336808689942018e-19,L42I
-0.13246753988493085,1377.0,1348.0,0.12480644986333228,0.0,L42K
0.15829819511305648,1679.0,1978.0,0.07225200576400478,3.469446951953614e-18,L42M
-0.036441260375439335,1296.0,1344.0,0.04151353925796092,2.9618569337050947e-09,L42N
-0.5094082179761632,1428.0,1070.0,0.08362880364450986,3.469446951953614e-18,L42P
-0.07741322334613897,2048.0,2057.0,0.03195532698778554,1.3602093908192382e-287,L42Q
-0.07927781011453788,1346.0,1348.0,0.072118705928133,0.0,L42R
-0.013139316930457202,1524.0,1602.0,0.03643921229199172,7.816384811346966e-106,L42S
-0.1525228929182889,3131.0,2993.0,0.08730148968851695,8.673617379884035e-18,L42T
0.004674461783943574,1197.0,1273.0,0.04084425776626725,1.4507006378003512e-187,L42V
0.11997428536253035,1161.0,1323.0,0.17069702205402226,0.0,L42W
-0.24954393674246933,1127.0,1008.0,0.043925129106873725,2.5340041362535873e-12,L42Y
-4.051617289821721,801.0,53.0,0.2687108143808044,0.0,L42_
0.1644547005494869,127.0,150.0,0.16987808047045355,0.0,L43A
0.2034407152075731,1572.0,1897.0,0.17703070081049355,6.938893903907228e-18,L43C
-0.7292844553552636,1604.0,1012.0,0.21948235826474705,0.0,L43D
-0.17093773584434413,1854.0,1753.0,0.045665368414640306,0.0,L43E
-0.03629670672298627,1815.0,1867.0,0.09141389807389608,5.204170427930421e-18,L43F
-0.08957814674956278,1558.0,1560.0,0.03648151409314949,1.4053163906719604e-44,L43G
-0.30605029213922075,1104.0,945.0,0.044838269817779774,7.318088859368313e-21,L43H
0.20255246823629566,2022.0,2465.0,0.03076440849496935,4.893518184650146e-43,L43I
-3.2652105247859837,2338.0,258.0,0.0659514024914089,2.1874927103824358e-47,L43K
0.095815552191958,708.0,804.0,0.05201765316076071,7.1486475000037e-123,L43M
-0.042942667261309866,1682.0,1728.0,0.034932096216183504,1.863907897936337e-256,L43N
-4.138815991980052,697.0,42.0,0.2062256814966037,6.938893903907228e-18,L43P
0.007097313343422802,926.0,988.0,0.046282504274667416,2.358352586905678e-31,L43Q
-3.8249137178848893,2872.0,215.0,0.08199006914739204,2.9819896552041314e-15,L43R
0.1222979907025098,3024.0,3483.0,0.03928869550909632,8.673617379884035e-19,L43S
0.08605707399466624,1378.0,1556.0,0.04733815293653799,0.0,L43T
-0.1674649627584476,271.0,257.0,0.19977609329504106,0.0,L43V
-1.1058206868795573,440.0,217.0,0.08331137738399744,1.023901654887339e-65,L43W
-2.1185965830512767,1932.0,473.0,0.051751964049650594,6.7378203077694e-50,L43Y
-4.326963456437375,2035.0,108.0,0.09897076981948781,9.092964992717955e-08,L43_
0.021167154289100498,1002.0,1064.0,0.20903411488782037,4.163336342344337e-17,L49A
-0.2364128353636169,819.0,737.0,0.05123988100503775,3.6323740400379436e-102,L49C
-0.15971396105825525,595.0,567.0,0.059082368756318226,1.415031177783695e-10,L49D
0.06547494889002672,2709.0,2997.0,0.060299624146773756,0.0,L49E
-0.146103367180525,1685.0,1608.0,0.03554664264329126,2.735802135259591e-15,L49F
0.18751355091263444,1509.0,1820.0,0.048170917844043364,0.0,L49G
0.6966945797935097,1056.0,1815.0,0.03931180361109832,1.231676292570712e-140,L49H
-0.15894125371007187,1398.0,1329.0,0.038938947143315576,7.587319003966077e-28,L49I
0.010244794753098519,1794.0,1907.0,0.07647338692997015,3.469446951953614e-18,L49K
-0.3390533127319736,1443.0,1195.0,0.16437722049819567,4.85722573273506e-17,L49M
-0.0882732753546923,2106.0,2099.0,0.04277801160063802,6.505213034913027e-19,L49N
-2.714232926573467,2139.0,343.0,0.13982399210836136,2.0816681711721685e-17,L49P
0.23520599011320695,3993.0,4968.0,0.02357016347740464,2.7512802978782794e-10,L49Q
-4.43263926943944,1164.0,58.0,0.22540296543594251,0.0,L49R
-0.15698792268487555,1640.0,1570.0,0.1336656825479946,0.0,L49S
-0.06586900490985827,555.0,558.0,0.06868224386362476,4.406631309850084e-15,L49T
-0.024710508268908214,1365.0,1419.0,0.0550341390530218,4.336808689942018e-19,L49V
0.03378267702617202,1413.0,1529.0,0.03752569362586934,3.3154712774102615e-28,L49W
0.2433189557465506,1136.0,1424.0,0.05911230111233949,0.0,L49Y
-4.542061931257285,162.0,3.0,0.5877188055121614,6.317245651109458e-11,L49_
-0.08364243058028462,2392.0,2395.0,0.029711004928179546,1.5390539023782915e-12,L61A
-0.08457287969260274,1243.0,1245.0,0.04068684261826842,1.7688548159152079e-175,L61C
-0.19197587277940378,919.0,849.0,0.09394899168449115,0.0,L61D
-0.11176711724579501,1028.0,1007.0,0.057924790296198465,4.336808689942018e-19,L61E
-0.18827493400054518,625.0,583.0,0.0579790941952511,3.164323901354103e-10,L61G
-0.042288723226991703,960.0,989.0,0.04583902339711537,2.8062651906218783e-152,L61H
-0.1300319451451005,1694.0,1671.0,0.14094754920783206,1.3877787807814457e-17,L61I
-1.134202577445364,993.0,475.0,0.2418813561288075,0.0,L61K
-0.052328115551824296,1308.0,1337.0,0.06856583007074342,0.0,L61M
-0.047359447091855564,730.0,749.0,0.05250783954323263,1.405339318583085e-23,L61N
-2.860153920677034,2107.0,314.0,0.1915504374430888,0.0,L61P
-0.36373693957130354,761.0,630.0,0.060256854952786,9.489134738388527e-13,L61Q
-0.09489539589245669,339.0,335.0,0.1259915671976456,3.469446951953614e-18,L61R
-0.055149938630440924,1341.0,1378.0,0.10296478112260596,3.469446951953614e-18,L61S
-0.1397819089970315,3149.0,3050.0,0.1030917792540118,1.3877787807814457e-17,L61T
-0.33313569647690483,931.0,784.0,0.048948176021849386,4.532027554272754e-09,L61V
0.05304180083135917,1431.0,1568.0,0.07631649120642875,1.734723475976807e-18,L61W
0.0004351627699798574,1466.0,1558.0,0.037017342586480796,2.0220757898783825e-21,L61Y
-4.049537481770506,1877.0,120.0,0.09440110485592892,5.1407403984838095e-115,L61_
0.01697182613856699,2297.0,2459.0,0.036918398701256926,1.0842021724855044e-19,L65A
0.11557196733755341,2268.0,2596.0,0.05115060024562546,0.0,L65C
-0.2628053376695987,1364.0,1215.0,0.08085968400844164,0.0,L65D
-0.2264045777300363,1923.0,1741.0,0.033784955407544136,2.237209376715096e-145,L65E
0.14698155897103507,1955.0,2303.0,0.03149506532212335,8.919915055892565e-22,L65F
-0.010788130578723958,1840.0,1929.0,0.07140962477044106,1.734723475976807e-18,L65G
-0.14900119646185486,1981.0,1916.0,0.08081026683545123,0.0,L65H
0.1515768526245433,2390.0,2812.0,0.028637455106624382,7.135136146604028e-27,L65I
-0.1982458344294428,382.0,361.0,0.15943043334894533,0.0,L65K
-0.04689953118048545,1851.0,1900.0,0.033365960860158216,2.1905490479035292e-216,L65M
-0.23841071594397337,2075.0,1867.0,0.032625692821042385,1.2749670887992115e-154,L65N
-0.14837922967576886,1571.0,1500.0,0.036754648049836365,7.311002425484554e-72,L65P
-0.28484207960101826,1193.0,1042.0,0.04295894912557107,1.947152927539125e-186,L65Q
-0.2592529905146643,2809.0,2491.0,0.029105641483067903,2.865583416535684e-08,L65R
-0.17033020681389316,1435.0,1345.0,0.08669799632835602,5.204170427930421e-18,L65S
-0.28874913823662085,186.0,161.0,0.10807908962640113,8.825038053083256e-22,L65T
-0.27468017501822334,304.0,266.0,0.08424644159730618,1.98313637786178e-74,L65V
-0.09495032724445125,1381.0,1369.0,0.05643835065261825,0.0,L65W
-0.07177683109763605,2007.0,2026.0,0.032223245192116536,4.967650142570512e-114,L65Y
-3.9626886124036464,1665.0,113.0,0.10418191145968864,1.9717163067187182e-09,L65_
-0.031235592186316132,1554.0,1605.0,0.08883172649203513,0.0,L69A
0.0774476705909402,2341.0,2611.0,0.056095994027262876,8.673617379884035e-19,L69C
0.03674963783194021,1021.0,1110.0,0.06637334901407914,1.734723475976807e-18,L69D
0.20290743081269524,1143.0,1390.0,0.08508841406724497,0.0,L69E
-0.0008274906622084644,1270.0,1357.0,0.1337080882532324,1.3877787807814457e-17,L69F
0.0774453896551456,2106.0,2359.0,0.030745242242190815,7.9498044609681825e-202,L69G
0.21021756694157595,1060.0,1319.0,0.09987407880803222,6.938893903907228e-18,L69H
-0.2532893863538502,1241.0,1105.0,0.04195578819621814,1.5203694228539815e-11,L69I
-0.20226773385961058,2354.0,2154.0,0.11199249525694008,1.0408340855860843e-17,L69K
0.20642522077168796,1274.0,1554.0,0.05998438742465955,0.0,L69M
0.21995482157029436,1196.0,1475.0,0.039517321078178305,6.340424107119529e-187,L69N
-0.12012952467206985,1186.0,1156.0,0.06014451501614241,0.0,L69P
0.16707929400622193,1433.0,1711.0,0.05582181245870603,0.0,L69Q
-0.15992356713978084,1762.0,1672.0,0.03481522193054459,2.2996393308858007e-66,L69R
-0.10602215404737445,1604.0,1571.0,0.09373572447466787,0.0,L69S
0.07940012386171752,2312.0,2598.0,0.037551232172545704,0.0,L69T
-0.058528972179091455,1868.0,1904.0,0.06023829718942036,8.673617379884035e-19,L69V
0.19766439875322195,4371.0,5338.0,0.06484067707465462,0.0,L69W
0.018457500133125762,1355.0,1457.0,0.038351280523282225,2.960232103394227e-39,L69Y
-4.065160210603491,2496.0,158.0,0.0823138056797438,1.898753919227096e-114,L69_
-0.6594371418729726,786.0,524.0,0.12455003141020583,0.0,L75A
-1.4951054897943845,1728.0,667.0,0.2975480011330656,0.0,L75C
-1.4732487523749511,1315.0,507.0,0.08679923152572487,8.673617379884035e-18,L75D
-0.7093983449510985,1567.0,1018.0,0.04084548775749023,2.930865067948271e-115,L75E
-0.6087765971595424,1071.0,750.0,0.08757086647615453,0.0,L75F
-0.4024775844202512,978.0,792.0,0.1065232456624623,3.469446951953614e-18,L75G
-1.2972573202693238,972.0,416.0,0.14704513716424536,0.0,L75H
0.0718653426713908,993.0,1105.0,0.044261974221364186,8.259838177663449e-83,L75I
-3.6529417970908513,835.0,72.0,0.22181081441166883,0.0,L75K
-0.15482385776349752,1221.0,1163.0,0.0558307162926263,0.0,L75M
-1.437589709357042,1702.0,675.0,0.0957636868955533,0.0,L75N
-0.43521218130232575,797.0,623.0,0.05395372957316391,2.2205500740990786e-61,L75P
-0.23122158776333235,1238.0,1120.0,0.04180555833305752,8.397676732754318e-108,L75Q
-4.110404795373815,1025.0,63.0,0.12996857190021652,1.2673800733967084e-152,L75R
-0.35454181607225144,644.0,536.0,0.058909190635662245,1.987269455185876e-83,L75S
-0.4282214189600584,869.0,685.0,0.051710526468246025,5.226585835474513e-07,L75T
-0.476686682865051,1374.0,1049.0,0.04158859584360867,1.2234129651785773e-59,L75V
0.04008674565295265,1091.0,1186.0,0.07405950108829822,1.734723475976807e-18,L75W
-0.19765855977915597,802.0,748.0,0.05130021847480686,3.520481724655539e-71,L75Y
-4.286291260610322,2457.0,136.0,0.14783695057949056,3.469446951953614e-18,L75_
-0.2391167708049817,754.0,681.0,0.06820762899708879,1.3010426069826053e-18,L77A
-0.08138303675616651,870.0,871.0,0.04846112875324257,1.1295150784339711e-21,L77C
0.0602573514738494,1347.0,1501.0,0.0644956076847937,0.0,L77D
-0.13072397032492292,1053.0,1015.0,0.0889024246493728,0.0,L77E
0.14248120463835665,886.0,1031.0,0.1076204143016548,6.938893903907228e-18,L77F
0.11697044402488903,1398.0,1595.0,0.12271077455497297,0.0,L77G
-0.3291849356853233,2777.0,2349.0,0.09605612924818296,0.0,L77H
0.24965421660605572,461.0,582.0,0.0632060699889338,8.092582847352863e-07,L77I
-3.399995278321689,1371.0,138.0,0.08957964047930396,6.500462304512871e-174,L77K
0.10453322443658027,893.0,1024.0,0.06463014734549082,0.0,L77M
-0.0769590716806375,1279.0,1292.0,0.1464358771957785,6.938893903907228e-18,L77N
-0.5476251032631908,1048.0,773.0,0.16377409390013586,1.3877787807814457e-17,L77P
0.093613757920604,1873.0,2123.0,0.03242762111154499,2.8440019916438423e-164,L77Q
-4.055764027124151,1974.0,126.0,0.09214914581848321,8.776142493213101e-101,L77R
0.3699618327548281,2275.0,3108.0,0.06779060200562996,0.0,L77S
-0.05427358985315967,1588.0,1607.0,0.13980358633089202,1.3877787807814457e-17,L77T
0.1077090716323771,1966.0,2235.0,0.08465050295460269,0.0,L77V
0.007717517707664704,879.0,936.0,0.04747541753378285,1.9027959659650477e-182,L77W
0.2684235730480036,2220.0,2846.0,0.0953685320677263,1.0408340855860843e-17,L77Y
-4.000402797204292,1245.0,82.0,0.11419917305468874,8.773143236359112e-45,L77_
-0.17406940691758027,1316.0,1241.0,0.0926598512147059,3.469446951953614e-18,L8A
-0.08068097122754309,2140.0,2149.0,0.03129586716934855,7.623261516569321e-137,L8C
-0.6461024928416903,495.0,333.0,0.13868556967005274,3.469446951953614e-18,L8D
-0.5191155053870646,489.0,362.0,0.0696943681093197,1.1794388490703138e-161,L8E
-1.7543118976614471,126.0,39.0,0.29631079059484894,0.0,L8F
-0.023938380868966023,1467.0,1533.0,0.037178604402652984,2.0979897077012992e-22,L8G
-0.5178316717914738,1292.0,968.0,0.15402910125836913,1.3877787807814457e-17,L8H
-0.5547055326227317,1285.0,932.0,0.043576412237398617,1.0913997257798076e-217,L8I
-0.17691796692108103,1936.0,1813.0,0.034194169291901645,5.515184989211548e-08,L8K
-0.19799721841526133,1541.0,1428.0,0.06778927677935351,0.0,L8M
-0.5086788346747482,1228.0,916.0,0.04419776679370608,2.3850659733912665e-147,L8N
-0.7126833136859311,1374.0,895.0,0.11333737758673267,0.0,L8P
-1.1582353230270512,949.0,449.0,0.05769088185704547,2.0687142175843147e-63,L8Q
-0.6489825535346943,468.0,317.0,0.14999667311005957,1.3877787807814457e-17,L8R
-0.24878192690725257,971.0,880.0,0.12097765579633996,0.0,L8S
-0.6717438458435537,1139.0,761.0,0.04735125650695278,9.488984130810031e-37,L8T
-0.8194110970276166,841.0,504.0,0.056760866024357044,9.022450141047074e-179,L8V
-0.25800055666577637,1411.0,1251.0,0.04461221070621372,9.433859943230871e-15,L8W
-1.0057124736778007,1337.0,704.0,0.04707658768430521,1.9704669299045134e-261,L8Y
-4.2448548634874905,2243.0,125.0,0.09214279522294168,1.5970329249864496e-24,L8_
-0.1585145957326115,1176.0,1120.0,0.04232091558919104,1.629114543829613e-197,L94A
0.01435377316822025,1423.0,1535.0,0.06725044150593226,8.673617379884035e-19,L94C
-0.4166391784542527,1092.0,861.0,0.12494171475431212,0.0,L94D
-0.39617404075479473,1353.0,1094.0,0.04125130368562068,1.0166867427965925e-64,L94E
0.28857074826978457,1166.0,1506.0,0.03959867276037129,3.162165002353955e-22,L94F
0.13640833497610777,962.0,1123.0,0.04446733205375039,6.361172009684999e-127,L94G
-0.23466614777236203,954.0,862.0,0.06726496726224679,0.0,L94H
-0.14858495674182592,798.0,763.0,0.051096792587571736,9.912066415339327e-58,L94I
-0.7789806891431518,1386.0,866.0,0.08067159047065554,3.469446951953614e-18,L94K
0.34497004842718204,530.0,713.0,0.09422795509296651,0.0,L94M
0.07491638746641396,692.0,773.0,0.05480235368976629,2.5706112991388287e-08,L94N
0.05188947381975132,1002.0,1107.0,0.08884424442030352,0.0,L94P
0.005823579599411169,1576.0,1677.0,0.045045692866588286,2.168404344971009e-19,L94Q
-0.8238929926172913,1828.0,1098.0,0.038788747357742355,2.0480198595048658e-85,L94R
-0.3089487526598835,1763.0,1523.0,0.08760829546325075,0.0,L94S
-0.07491373393986675,1118.0,1125.0,0.04277494712138589,9.148343066838585e-17,L94T
0.10920167064546603,1048.0,1220.0,0.1572235812060376,6.938893903907228e-18,L94V
0.05272061201590733,709.0,771.0,0.3133029222494618,0.0,L94W
-0.2418081908773336,589.0,534.0,0.13280785024465033,0.0,L94Y
-4.451813940520585,1551.0,86.0,0.6517283207933158,0.0,L94_
-0.13414243855099234,711.0,686.0,0.07305890387457742,0.0,L96A
-0.2871920449182226,1281.0,1113.0,0.04154647148914298,5.099605501872772e-97,L96C
0.044878720670263175,1543.0,1688.0,0.035871139539091254,8.831533428847998e-20,L96D
-0.09289814258667202,1041.0,1035.0,0.04442093496188019,5.810320644519501e-20,L96E
-0.2858902994661388,1576.0,1376.0,0.037538363094584574,6.391021145430777e-75,L96F
-0.4178857775770054,1352.0,1071.0,0.04147234147357065,1.4296790606006402e-41,L96G
-0.1399284048619415,1488.0,1426.0,0.03768680082826027,2.0439962983658134e-113,L96H
0.04755545438011368,1080.0,1186.0,0.04262850967043561,4.2363791190934896e-135,L96I
-1.2558043888707782,466.0,208.0,0.08367517599907143,1.0230860168287028e-68,L96K
-0.43480057901651264,1325.0,1034.0,0.042059658773670044,2.380650889659244e-87,L96M
0.07185482982295324,721.0,799.0,0.05182105410894134,5.4948894082710945e-24,L96N
-0.2149127188857594,1719.0,1562.0,0.08031616200155983,0.0,L96P
0.21182246564044482,1045.0,1280.0,0.06057499993711567,1.734723475976807e-18,L96Q
-3.4728876845465595,1408.0,137.0,0.17747885240058023,0.0,L96R
-0.15893085294595244,1501.0,1426.0,0.03762940313447282,1.2218353455953237e-13,L96S
-0.8503497744215556,1313.0,769.0,0.045953076272211096,2.5816224027147775e-34,L96T
-0.0419144521392452,987.0,1027.0,0.1236133366265581,0.0,L96V
-0.7024053136180465,2436.0,1597.0,0.1621933311740739,0.0,L96W
-0.24085927422238,796.0,706.0,0.18187903930505178,6.938893903907228e-18,L96Y
-4.010198513647271,1441.0,95.0,0.10617462441709637,2.0245985031114028e-41,L96_
0.3258003195871932,655.0,879.0,0.09314440488972626,0.0,M103A
0.08136190257420407,653.0,735.0,0.054236228931323245,4.168343201568149e-169,M103C
-3.1016054042057206,1056.0,131.0,0.10687265540036174,1.8468733486987077e-14,M103D
-1.6827493872562564,573.0,191.0,0.1684614471804529,0.0,M103E
0.12024787036413431,786.0,906.0,0.052239598577154114,6.958051015784963e-10,M103F
-0.04967534576101742,1082.0,1104.0,0.06182706531666188,0.0,M103G
-0.2586938639656541,2023.0,1799.0,0.037843382962386686,1.5937771935536915e-15,M103H
0.178424046839915,796.0,967.0,0.1329140111009517,1.0408340855860843e-17,M103I
-0.17845332113167706,948.0,885.0,0.047268434838350235,1.952189141728247e-74,M103K
0.05026814675874289,1623.0,1777.0,0.0711489552511565,0.0,M103L
-0.5632343039906745,1766.0,1275.0,0.04110587566522407,2.4979307901643044e-12,M103N
-2.78385403169953,1194.0,184.0,0.07953238195912063,2.8138658706572982e-43,M103P
-0.17410969983888633,902.0,849.0,0.04832812633383608,8.521077376417935e-113,M103Q
-3.8564420042928083,722.0,57.0,0.4026751281931989,1.1102230246251565e-16,M103R
0.16230264036860678,872.0,1028.0,0.1106341607696716,1.0408340855860843e-17,M103S
-0.15528131488026645,790.0,757.0,0.2191868310722956,1.3877787807814457e-17,M103T
0.004613914789065855,1469.0,1569.0,0.036942300461029726,7.315018239618977e-56,M103V
-0.02190156725976339,813.0,847.0,0.04958489107609856,7.218562078722047e-156,M103W
-0.04947109541789859,1103.0,1138.0,0.11056516735632903,0.0,M103Y
-4.316659480423859,1455.0,83.0,0.45964673320517613,3.3306690738754696e-16,M103_
0.04091805298047003,1259.0,1366.0,0.09724447946716504,0.0,M107A
-0.008059830515445152,892.0,934.0,0.12044616218430546,3.469446951953614e-18,M107C
-3.424142051104398,1405.0,140.0,0.12540614835990185,1.0408340855860843e-17,M107D
-1.006814897876241,1919.0,1008.0,0.06137431246659203,0.0,M107E
-0.16129974095150104,1743.0,1642.0,0.10108161965320002,0.0,M107F
0.28061284934270864,1756.0,2261.0,0.03252508028805258,3.044369574458845e-17,M107G
0.07204668817384094,1750.0,1952.0,0.03362168206307004,1.0313580219300338e-173,M107H
-0.11891832031493627,465.0,457.0,0.13421634188640352,0.0,M107I
-0.08660486048171243,1328.0,1327.0,0.039416932069789266,4.4785543915448135e-159,M107K
-0.13740230430192185,636.0,612.0,0.05703586476305871,5.1443250679130235e-28,M107L
-0.22785817073683517,835.0,754.0,0.08401526249478591,1.734723475976807e-18,M107N
-4.018200319946978,618.0,40.0,0.2540177892584946,0.0,M107P
-0.33454766080171583,1526.0,1283.0,0.04518206670769129,1.235990476633475e-17,M107Q
-4.185734710054176,1580.0,91.0,0.2501518198850428,1.3877787807814457e-17,M107R
-0.24641038798098355,966.0,858.0,0.11251155772212697,0.0,M107S
0.02908980791052029,1098.0,1182.0,0.09984253337903569,0.0,M107T
0.10304697098085643,1384.0,1560.0,0.1633551092697437,0.0,M107V
0.15943308541164442,1316.0,1554.0,0.06327359648814539,0.0,M107W
0.200112346227966,1110.0,1354.0,0.044093725556790905,7.788422131619482e-11,M107Y
-4.026674701952937,1005.0,66.0,0.2089299196464542,0.0,M107_
0.09347153594043456,610.0,683.0,0.18037112276726905,0.0,M109A
0.16059368787393297,770.0,908.0,0.10517624136972545,6.938893903907228e-18,M109C
-0.6113806216230901,646.0,457.0,0.1520902389661169,0.0,M109D
0.08209078086041027,459.0,532.0,0.2684596878120058,5.551115123125783e-17,M109E
-0.13118091784946612,591.0,564.0,0.15810076065085898,0.0,M109F
-0.3047343274634772,1764.0,1514.0,0.035701191119271926,4.228718729082038e-154,M109G
0.053669452688386535,1246.0,1364.0,0.08518002153732895,0.0,M109H
-0.07750006493572244,516.0,519.0,0.06261201244970405,8.418523361583263e-29,M109I
-0.33015356289387376,1924.0,1621.0,0.03920243721205627,1.7960893189394866e-15,M109K
0.09349913964702646,1178.0,1336.0,0.04055235971757039,7.206505550428594e-122,M109L
-0.23572500886836922,761.0,683.0,0.07674479068092571,2.6020852139652106e-18,M109N
-1.7249860099469176,1378.0,442.0,0.055106752393070696,1.880196808426671e-161,M109P
-0.016033765367850786,1074.0,1124.0,0.04321616654990434,4.224820614116393e-59,M109Q
-0.19038039751114647,1388.0,1301.0,0.07300119908801807,0.0,M109R
0.04625678901813094,1826.0,1995.0,0.0405109122526731,0.0,M109S
0.11595733628572324,1351.0,1560.0,0.05978784959169198,8.673617379884035e-19,M109T
-0.20114024032073555,2023.0,1862.0,0.03282623189847448,3.311988531942068e-19,M109V
-0.31208078183738497,957.0,817.0,0.05255737264040589,5.9240855493705724e-12,M109W
0.07365806955070016,1424.0,1592.0,0.037126029327843736,1.553242381601942e-45,M109Y
-4.243321323729401,1002.0,56.0,0.1374691917772853,3.4577641113924455e-204,M109_
0.07619771396181631,1543.0,1718.0,0.07124583475979326,0.0,M132A
-0.18769237242489134,1572.0,1454.0,0.10169529133070423,3.469446951953614e-18,M132C
-4.091734798266508,954.0,63.0,0.3721262391673166,0.0,M132D
0.1050781833255145,958.0,1093.0,0.04477963825082732,8.093021002241613e-23,M132E
-0.11378892813633269,994.0,983.0,0.10312901045305807,0.0,M132F
-0.0007567562438654102,1575.0,1665.0,0.06050059388739644,0.0,M132G
0.7638251592319941,2272.0,4131.0,0.15804276282879148,6.938893903907228e-18,M132H
0.12499941773366184,1661.0,1927.0,0.05244520937409053,0.0,M132I
-0.057759840605757895,1944.0,1968.0,0.10312258463926409,0.0,M132K
-0.12506475290631097,927.0,907.0,0.12005998959645861,3.469446951953614e-18,M132L
-0.5801262217278961,1617.0,1142.0,0.08741705000165355,0.0,M132N
-4.058761766642112,1230.0,78.0,0.116964819779859,6.025528075397518e-179,M132P
0.1643415561353697,1025.0,1216.0,0.042982805750211,2.18651372584037e-20,M132Q
-3.306186060240564,1533.0,164.0,0.08246947658069584,3.670975229537268e-46,M132R
0.06263652504095472,948.0,1039.0,0.16598842445715065,0.0,M132S
0.2924057793937084,1551.0,2008.0,0.060244887151874586,1.734723475976807e-18,M132T
-0.31592256184822237,1190.0,1005.0,0.14318530231904375,1.3877787807814457e-17,M132V
-0.0197097887459708,540.0,564.0,0.06110609346057838,7.377380225517528e-07,M132W
-0.3208312203759046,2838.0,2404.0,0.028625286534150616,1.5785967421167845e-07,M132Y
-4.159119849513286,1721.0,102.0,0.10214991343066636,2.0850319474043026e-67,M132_
-0.44838569420658975,1298.0,1004.0,0.07626280586149134,0.0,M150A
-0.07297230856368453,1614.0,1640.0,0.06637774069735576,1.734723475976807e-18,M150C
-0.5885972269140675,824.0,599.0,0.1607672816846335,2.0816681711721685e-17,M150D
-0.050841914278532005,1368.0,1401.0,0.03861540295620728,9.283130772797602e-28,M150E
0.0029977737996444397,1502.0,1596.0,0.04371039652053452,2.168404344971009e-19,M150F
-0.1251848680036783,1350.0,1322.0,0.06929492012280443,0.0,M150G
-0.0032927399331451044,858.0,907.0,0.04813660780714028,1.4172245059459675e-110,M150H
-0.215323488625646,1127.0,1033.0,0.052695525282232376,0.0,M150I
-0.5017785278112212,337.0,253.0,0.08357668506040562,2.5738418445615265e-38,M150K
-0.30368028620438847,1076.0,921.0,0.06250701491724868,0.0,M150L
-0.3178832291318815,1285.0,1094.0,0.04171074572800279,4.862307201841221e-305,M150N
0.16178424024189214,1755.0,2082.0,0.05278710977150288,4.336808689942018e-19,M150P
-0.13888716490150038,1994.0,1911.0,0.07848635193294597,0.0,M150Q
-0.5800235375163304,941.0,668.0,0.051102099312424105,6.564334843087506e-18,M150R
0.008716021068878994,1029.0,1098.0,0.04394438840462618,5.756891758825146e-95,M150S
-0.19223937853154283,1089.0,1018.0,0.09914915673135598,0.0,M150T
-0.022456714811579345,765.0,792.0,0.14523427168235478,0.0,M150V
-0.08953524774691439,1368.0,1364.0,0.0388661321105559,2.697814155711411e-34,M150W
-0.31971558576523595,1950.0,1657.0,0.03442550918499919,2.1853402576361606e-07,M150Y
-4.33310146187533,1407.0,74.0,0.12392359817437401,2.7135102297331376e-07,M150_
0.21186142993959076,1916.0,2342.0,0.0838653445092691,0.0,M157A
0.1280617863330138,1764.0,2045.0,0.0332039908210507,2.851671636340901e-144,M157C
0.09065529899606001,900.0,1023.0,0.08337807178686885,0.0,M157D
0.010497584929069796,1315.0,1416.0,0.06607812721589722,0.0,M157E
0.12387830238583265,1480.0,1700.0,0.08998400976507612,5.204170427930421e-18,M157F
0.015336340234179631,1377.0,1477.0,0.06027935070499451,1.734723475976807e-18,M157G
0.23064157278476285,1757.0,2189.0,0.03274982757080743,3.003086081059007e-135,M157H
0.03943900062772201,1999.0,2174.0,0.06773924094355825,0.0,M157I
0.1754326563488888,1647.0,1965.0,0.057745501010913636,0.0,M157K
0.043499246012410335,1783.0,1958.0,0.0911517760219324,0.0,M157L
0.205431658433085,1317.0,1600.0,0.10584090662281669,0.0,M157N
-0.061178616200936536,1162.0,1182.0,0.04188281203099596,0.0,M157P
0.05720814738492748,1731.0,1915.0,0.08673150795838773,0.0,M157Q
0.06796620654146737,1193.0,1329.0,0.04604710486501128,4.361094818605693e-15,M157R
0.06888151723280211,2419.0,2691.0,0.02882795081897982,2.4830738824878744e-21,M157S
0.13517813567214798,2795.0,3243.0,0.06304110763209728,0.0,M157T
0.16569924494028324,1075.0,1284.0,0.04972517573572078,2.6020852139652106e-18,M157V
0.015073677625596537,1139.0,1229.0,0.07389939256703001,0.0,M157W
0.10099973874614147,720.0,809.0,0.1926587553747698,0.0,M157Y
-4.085030232780788,1470.0,91.0,0.22860508843449898,0.0,M157_
-0.09791924205242995,1911.0,1890.0,0.03315864169305867,3.1908913661642975e-99,M172A
-0.23901623620152426,869.0,779.0,0.0499048605320546,4.0971997977575875e-07,M172C
-0.7363861416683739,357.0,228.0,0.10212917415078465,8.673617379884035e-19,M172D
-1.9364422010656521,2902.0,802.0,0.0404744135323153,4.1426178592402977e-209,M172E
0.021381687072723563,1546.0,1659.0,0.06753529093331315,0.0,M172F
-0.12036244480244973,1506.0,1467.0,0.03731404384848137,2.6932323281974723e-75,M172G
-0.5370398591685479,1073.0,789.0,0.17938463732750537,0.0,M172H
-0.32690570564861543,968.0,820.0,0.047987071475898174,1.0771172803143516e-41,M172I
-0.18573735053082993,878.0,817.0,0.0490943256136877,1.7141719414998912e-76,M172K
-0.07209839072708182,1747.0,1785.0,0.1102318530390214,0.0,M172L
-0.6437471643896733,1434.0,977.0,0.04203882174779828,5.4966251012837073e-11,M172N
-0.12059396199493508,2109.0,2058.0,0.03173295818248182,3.907961696000994e-104,M172P
-0.4357894256355622,851.0,666.0,0.053516275118317205,1.2657575498663384e-07,M172Q
-0.3881993103252733,1010.0,829.0,0.1253331460005283,0.0,M172R
-0.15654005128975995,1246.0,1188.0,0.07130064535359272,0.0,M172S
-0.39633571951746316,695.0,560.0,0.08827659541359764,0.0,M172T
-0.5559199751617301,1306.0,939.0,0.08146518857883435,0.0,M172V
-0.6362845650379918,856.0,584.0,0.05410259395833293,6.739191514522965e-22,M172W
-0.3604823647099494,1160.0,959.0,0.044178042253122135,9.543004744745963e-62,M172Y
-4.094444978404227,1127.0,70.0,0.1237427348600968,3.2032505641146393e-06,M172_
-4.020228364348925,1238.0,81.0,0.11760266452866226,1.1030283008977779e-06,M1A
-4.285975568819766,1593.0,90.0,0.2890906984211674,2.7755575615628914e-17,M1C
-4.146780101443025,2566.0,154.0,0.08324439458865532,5.338826412039813e-224,M1D
-3.1254488094809747,2038.0,247.0,0.06772060703573718,9.926399635404189e-147,M1E
-4.133729897079043,2474.0,149.0,0.08464023267676511,1.439606191971283e-65,M1F
-4.1410142212948475,622.0,37.0,0.1924469138618506,8.23126289350995e-14,M1G
-4.199917876182899,2982.0,172.0,0.07872677259789941,2.7082123403211174e-39,M1H
-4.022347783626759,1552.0,102.0,0.14561206448042446,1.3877787807814457e-17,M1I
-3.9536925582929126,1208.0,82.0,0.17013208327944654,6.938893903907228e-18,M1K
-4.263235605109311,1859.0,109.0,0.3848379353718189,0.0,M1L
-3.8879195475891666,2456.0,174.0,0.19294063506486753,0.0,M1N
-4.248011593390162,1344.0,75.0,0.11883129884926893,1.5996767722118304e-112,M1P
-4.445123618673998,480.0,25.0,1.0566452681842546,0.0,M1Q
-4.242861440399166,1664.0,93.0,0.10675624128601988,6.271339304132556e-21,M1R
-4.369461495526365,1164.0,59.0,0.2586381178500872,1.3877787807814457e-17,M1S
-4.175891101216402,1995.0,116.0,0.1797095234755522,0.0,M1T
-4.111655112107821,1270.0,77.0,0.39820905434301584,0.0,M1V
-4.257947530249914,1174.0,71.0,0.5158108186798409,1.1102230246251565e-16,M1W
-4.355864097184805,2400.0,124.0,0.0923682039049056,1.6871455372044898e-15,M1Y
-4.578096369161119,1426.0,63.0,0.12891396989581294,2.7598198813442733e-223,M1_
0.13167064246786397,2013.0,2344.0,0.031142530672792185,2.645637712462748e-113,M263A
0.05167573333548492,1951.0,2153.0,0.05806840371368211,8.673617379884035e-19,M263C
0.1419141250703872,3487.0,4070.0,0.0480837260882205,8.673617379884035e-19,M263D
0.03653500551651484,2054.0,2228.0,0.031337108793841224,2.7956918745534207e-52,M263E
0.21643747933045537,1860.0,2283.0,0.057814403467212706,0.0,M263F
-0.16383739392733124,3132.0,2965.0,0.026508733656765444,1.3598367233278313e-101,M263G
0.09585949751192661,1265.0,1429.0,0.05567106219446247,0.0,M263H
-0.04873057378594436,2777.0,2846.0,0.027527572848925503,1.3479316879963406e-175,M263I
-0.14487451483193914,1354.0,1304.0,0.10166014854982128,0.0,M263K
-0.26956865806766983,2054.0,1809.0,0.04000381991369287,0.0,M263L
0.07122291722893853,2582.0,2878.0,0.02794910817646973,0.0,M263N
0.2928835303250371,1847.0,2396.0,0.03170437258276895,3.4311763697528405e-80,M263P
0.18002601790084785,2486.0,2984.0,0.02798932328806611,9.01040860429368e-22,M263Q
0.19851407912894478,3293.0,4004.0,0.02448743946333362,6.658599674033127e-180,M263R
0.10181596596378625,2371.0,2693.0,0.02897708674513779,3.416847164642158e-171,M263S
0.01881482892491711,1670.0,1785.0,0.07657785479624987,0.0,M263T
-0.011456032255457575,2165.0,2272.0,0.044551617760562136,0.0,M263V
0.2886108953174203,2689.0,3478.0,0.03326908611845202,1.0842021724855044e-19,M263W
0.06936018578294478,2754.0,3063.0,0.035060828198067905,2.168404344971009e-19,M263Y
-4.327022512170144,2289.0,129.0,0.430776373032395,0.0,M263_
-0.945120410664792,2154.0,1185.0,0.036819858295283676,1.0665372471587161e-60,M296A
0.10528553225384674,2614.0,2996.0,0.04916729815595669,0.0,M296C
-3.561768358581546,2622.0,235.0,0.06920925185559676,8.094597138140524e-07,M296D
0.29098840210827454,2037.0,2631.0,0.05334769195735132,0.0,M296E
-0.4792520622305637,2134.0,1624.0,0.033634904792102904,1.6645036439336549e-164,M296F
-0.8298830053476962,2690.0,1610.0,0.03936684252286522,8.673617379884035e-19,M296G
-2.249466480408067,2363.0,559.0,0.3369819309867965,0.0,M296H
0.275307226472678,2013.0,2586.0,0.030505942935172798,9.872060269093509e-23,M296I
-1.3403220812839447,2039.0,857.0,0.044736055404666276,3.2263954095196334e-11,M296K
-0.19961766971192615,2353.0,2171.0,0.03059612027065021,1.4463729306513506e-07,M296L
-2.5351648039333488,3721.0,677.0,0.07553230823438153,0.0,M296N
-4.422034607146495,2101.0,103.0,0.1749518874507471,1.3877787807814457e-17,M296P
0.09159459713908517,2979.0,3378.0,0.06026005073606591,4.336808689942018e-18,M296Q
0.1470888077576238,3007.0,3529.0,0.026400491313500776,2.412040469370073e-08,M296R
-1.4426936278729903,1947.0,758.0,0.04335673663130895,1.3802538226246175e-126,M296S
0.0840114664565173,1542.0,1741.0,0.06140268518292516,0.0,M296T
-1.5323182304729777,1997.0,732.0,0.043760162330900465,1.8283666354973788e-70,M296V
-3.5818167310489395,1797.0,159.0,0.08301029269045532,5.4955483900754385e-17,M296W
-0.12164869430657291,2760.0,2686.0,0.028012303784890932,1.433528402152821e-07,M296Y
-4.398742548063343,1508.0,76.0,0.11774854604829804,5.990905842733678e-122,M296_
-0.10632490253275564,1502.0,1480.0,0.037276136987349995,9.44607482980666e-38,M308A
0.21240889696911103,2290.0,2813.0,0.028954140929238453,3.020434837186477e-55,M308C
-2.3107812688054192,2302.0,501.0,0.13049098137223195,0.0,M308D
0.08126621927011403,1507.0,1690.0,0.042540901815403154,3.686287386450715e-18,M308E
0.25237083262175297,1835.0,2304.0,0.0891749409167341,1.734723475976807e-18,M308F
-1.5023859533545934,8704.0,3262.0,0.12867588445928674,0.0,M308G
-0.01922378313751416,2829.0,2984.0,0.06548386201244345,0.0,M308H
0.299971345398364,1009.0,1313.0,0.07924574725066215,1.734723475976807e-18,M308I
-4.062152079160442,4552.0,286.0,0.17371248631995181,0.0,M308K
-0.13888522611445853,2025.0,1937.0,0.10685789590538117,0.0,M308L
0.20653808986833747,1275.0,1562.0,0.040766921817905304,3.8196742025830427e-10,M308N
-1.9028982634211733,2551.0,724.0,0.04267433316363324,1.4859328455666366e-49,M308P
-0.6844940362195475,4301.0,2832.0,0.02840442405565441,4.282273320665997e-15,M308Q
-3.1321083968136794,1942.0,245.0,0.23760086407777997,0.0,M308R
0.2106967183348509,2649.0,3242.0,0.05022078942875189,8.673617379884035e-19,M308S
0.05621073473799704,1251.0,1368.0,0.1323276120417374,6.938893903907228e-18,M308T
0.06818005301564262,1818.0,2035.0,0.06552998000130353,0.0,M308V
0.39554068680859505,3493.0,4867.0,0.023218227081720704,5.7988475630678e-08,M308W
-3.138635558896559,16557.0,1998.0,0.12014817624830064,0.0,M308Y
-4.113421020757123,2134.0,134.0,0.21629039876131495,4.163336342344337e-17,M308_
-0.01898193453046007,1751.0,1827.0,0.03412709507208758,8.77372836406425e-12,M338A
-0.3330995116887858,2826.0,2390.0,0.06748667338310764,0.0,M338C
-3.4507981653440085,2832.0,275.0,0.06355291257836414,3.8841370980682245e-11,M338D
-3.969099965075384,2549.0,178.0,0.2527508151837408,0.0,M338E
0.07891998758677465,2399.0,2676.0,0.051809137515360794,1.3010426069826053e-18,M338F
0.09690161066055608,1586.0,1792.0,0.08585072972771599,0.0,M338G
-1.2818792791949098,2670.0,1172.0,0.06369009272124587,1.734723475976807e-18,M338H
0.25777662419432334,1907.0,2412.0,0.03971892634948072,4.336808689942018e-19,M338I
-3.054991857565551,3176.0,425.0,0.3158487248167088,0.0,M338K
0.2564356515698153,1530.0,1921.0,0.1404923180665413,6.938893903907228e-18,M338L
-1.8895868944403633,5396.0,1581.0,0.24497640795551884,0.0,M338N
-2.6152019864979796,2794.0,484.0,0.04971575263260947,8.040058696141774e-87,M338P
0.18925111159689698,2152.0,2600.0,0.029925309743163292,3.8447160583006674e-58,M338Q
-4.142121131250195,4708.0,283.0,0.061584351647353264,3.173044882634871e-129,M338R
0.19369186878209957,3526.0,4295.0,0.04565879102851456,0.0,M338S
0.14242944140248143,4024.0,4701.0,0.02252376639703798,1.0078050870320027e-283,M338T
0.2246387656906902,313.0,387.0,0.07636269416660038,0.0,M338V
0.21290893385588752,1216.0,1485.0,0.10031179927130311,0.0,M338W
0.08623787731454118,3582.0,4002.0,0.11386022158021983,0.0,M338Y
-3.750452506139213,1511.0,119.0,0.09546398036022567,1.983468209640358e-158,M338_
-0.7602651537847133,2551.0,1587.0,0.08727970752929048,5.204170427930421e-18,M361A
0.005832110540437872,3974.0,4217.0,0.03720114325848108,0.0,M361C
-1.6138947859965043,2259.0,779.0,0.09353119171042262,1.734723475976807e-18,M361D
0.10740744437379704,2867.0,3266.0,0.0538166460872993,0.0,M361E
0.18467393639718327,1653.0,2002.0,0.0958248455977673,3.469446951953614e-18,M361F
-1.2094055702372963,5185.0,2395.0,0.049975602781333714,3.0357660829594124e-18,M361G
-0.4394685149417406,1673.0,1299.0,0.1126904678554367,0.0,M361H
0.2063784673190373,1182.0,1443.0,0.0398457387548318,1.0885579203777924e-30,M361I
-4.152647618910512,2711.0,162.0,0.08805083655472368,1.95210651029315e-10,M361K
0.24753070550964737,2004.0,2516.0,0.04190494709876406,4.336808689942018e-19,M361L
-0.09723017323863777,1627.0,1609.0,0.04355855912878771,0.0,M361N
-4.219052247253794,3163.0,180.0,0.0769484546764796,2.493691545806381e-12,M361P
0.09259250946364588,925.0,1049.0,0.08482683203106849,0.0,M361Q
-4.280326231310316,3380.0,183.0,0.15142109604090015,0.0,M361R
-0.14371483286181236,1645.0,1582.0,0.03586629244336454,1.3981740046015784e-34,M361S
0.19159710120535783,1743.0,2115.0,0.033063554346261376,3.622030831345084e-167,M361T
0.02854502759254064,1813.0,1968.0,0.040744902492680604,2.168404344971009e-19,M361V
0.17464909150562818,2201.0,2626.0,0.02970465832439892,3.960962195494804e-14,M361W
-0.18999600342443748,1989.0,1856.0,0.035859284148971285,9.098834207778295e-12,M361Y
-3.972394699333083,2640.0,178.0,0.07773233836259102,8.53940657714961e-66,M361_
-0.03988617929447546,2123.0,2190.0,0.031221145149255457,6.548281697378267e-45,M388A
0.13007758261106891,1934.0,2252.0,0.08886564850028449,0.0,M388C
0.08977825146667126,3516.0,3970.0,0.024128500136978343,3.534374102080629e-11,M388D
-0.15700473077705596,1303.0,1233.0,0.04130542452537268,7.687015736622328e-08,M388E
0.030800615629774913,2401.0,2598.0,0.04771132365453522,0.0,M388F
0.06000331324581417,2615.0,2899.0,0.02782075770388126,2.7413997246093875e-86,M388G
-0.24301806795679246,2559.0,2289.0,0.0337235792990004,1.0353046545064082e-15,M388H
-0.03823011677886143,1488.0,1540.0,0.03700271635268139,6.290905646612886e-62,M388I
-0.01723137891001133,1746.0,1827.0,0.03416882759702393,4.94557697772527e-58,M388K
0.12303871920513108,2140.0,2474.0,0.03029674383974806,7.3304257298889845e-121,M388L
-0.13283030752696443,2347.0,2265.0,0.03023008729045067,4.860044879269648e-60,M388N
0.10111796251777001,3064.0,3493.0,0.025671432363478505,2.0972450407032937e-130,M388P
-0.016790643226925084,3866.0,4052.0,0.02348748278338824,5.893213438537385e-100,M388Q
0.04319692261324223,2827.0,3082.0,0.02833712925561264,6.617052722001238e-10,M388R
0.042308278596671335,2202.0,2393.0,0.08748044757665421,0.0,M388S
0.016242105401771276,2932.0,3163.0,0.047724752979403554,1.734723475976807e-18,M388T
0.14053116773127147,3096.0,3610.0,0.03639182590562036,0.0,M388V
0.02906108329971847,2426.0,2632.0,0.02896432540423971,1.201902371276689e-69,M388W
0.010220358708483042,2482.0,2653.0,0.02947054261486081,3.6439019120073236e-08,M388Y
0.6631312824857253,2928.0,4901.0,0.024329934109684283,4.564830615094316e-75,M388_
-0.0573032694749454,924.0,944.0,0.04680400517113817,1.1992075243567827e-96,M52A
-0.10740668695149783,1941.0,1904.0,0.048444316964048086,0.0,M52C
-4.483208365963199,758.0,37.0,0.298542985207179,0.0,M52D
-4.086572539252792,3498.0,222.0,0.13906521256878754,0.0,M52E
0.042486395444210345,2159.0,2360.0,0.03054909043067093,1.124008241105251e-86,M52F
0.0772641209985349,1951.0,2173.0,0.06090149023244324,1.734723475976807e-18,M52G
-1.1578243124169625,1975.0,946.0,0.10256982432550267,0.0,M52H
-0.35650357517862236,1185.0,987.0,0.07175526631045577,8.673617379884035e-19,M52I
-3.2844435689807225,1988.0,216.0,0.07197992161631718,1.617662158746662e-102,M52K
0.24549471707723816,2201.0,2765.0,0.029378010481230833,2.345558630741301e-15,M52L
-1.8323716000361079,2453.0,745.0,0.16626238907266822,0.0,M52N
-3.579863917396129,1418.0,128.0,0.1816346760300181,0.0,M52P
-0.965102603812293,1521.0,833.0,0.04976634672271873,1.2661746651154715e-14,M52Q
-4.46816323305861,2445.0,119.0,0.2141368738626376,0.0,M52R
0.2353609606030506,2320.0,2881.0,0.08505698631653259,0.0,M52S
0.24311021525769444,1274.0,1599.0,0.038181788863543904,1.1104329261033137e-125,M52T
-0.5126302090935407,3924.0,2921.0,0.06255976982609894,0.0,M52V
-0.4719458560877398,1748.0,1342.0,0.11140897287829084,0.0,M52W
-3.179024207786717,1357.0,161.0,0.12821444127818707,0.0,M52Y
-2.8112387400524597,1999.0,302.0,0.06213844938149186,1.284268939421789e-37,M52_
0.006611247483403525,612.0,655.0,0.1638280929361843,0.0,M84A
-0.10955427854182838,1564.0,1540.0,0.03654396478054116,3.0666322341024794e-96,M84C
0.02937001287020719,1363.0,1471.0,0.07036737238683244,8.673617379884035e-19,M84D
0.10022046142972355,863.0,982.0,0.04719355309138374,1.3753648648101324e-33,M84E
-0.023029056419946042,161.0,167.0,0.15931863013296507,3.469446951953614e-18,M84F
-0.2164450760473911,1272.0,1163.0,0.04115239106745487,0.0,M84G
-0.7851100674807003,1502.0,928.0,0.15781556933041074,0.0,M84H
-0.21904563904931373,930.0,854.0,0.05528212536836846,1.1722393888913274e-15,M84I
-0.1233999198642888,1514.0,1479.0,0.04261377485902914,1.2393515033681801e-15,M84K
-0.14767009801128814,784.0,756.0,0.08774511094893835,0.0,M84L
-0.5622027360332361,658.0,483.0,0.12602946093158388,0.0,M84N
-0.45674784786869793,596.0,467.0,0.1531747406830132,0.0,M84P
-0.1128934126293184,1289.0,1264.0,0.04018333303602941,5.191399054419402e-134,M84Q
0.13755460012398069,1325.0,1547.0,0.10210946958864571,3.469446951953614e-18,M84R
0.035785897346803854,1315.0,1422.0,0.08798947229700112,5.204170427930421e-18,M84S
-0.12866831807182094,1701.0,1653.0,0.03521947879196831,2.2435065119227844e-60,M84T
-0.1438834187224687,935.0,894.0,0.08919903978865132,1.734723475976807e-18,M84V
1.3337869684074466,3992.0,10710.0,0.038476927651990636,0.0,M84W
0.14692870004976563,1354.0,1604.0,0.09911453744943599,3.469446951953614e-18,M84Y
-3.6092973993375135,1386.0,120.0,0.09539469833657975,1.400097452435496e-75,M84_
-0.06647868121382043,714.0,717.0,0.13793709921372774,1.3877787807814457e-17,M95A
0.12607864252002965,2534.0,2928.0,0.027978139087569617,5.689393694534549e-87,M95C
0.08929113668200453,1226.0,1386.0,0.06881301735155539,8.673617379884035e-19,M95D
-0.021179675909722424,756.0,788.0,0.05137854969899082,6.891936912378214e-126,M95E
-0.12815180958443126,1702.0,1653.0,0.05150647002305786,0.0,M95F
0.05199997482035796,596.0,655.0,0.06371657393115188,1.5744567108399998e-13,M95G
0.04544533873806996,1109.0,1206.0,0.09095888470925895,0.0,M95H
-0.12288932680950766,1416.0,1374.0,0.04593516032004806,4.336808689942018e-19,M95I
-0.07735354159186596,1260.0,1258.0,0.10916200112472134,1.3877787807814457e-17,M95K
-0.19807178971807982,1306.0,1206.0,0.04051178915802054,1.531994609786105e-08,M95L
-0.3175878566002218,1482.0,1261.0,0.03891618317237626,1.9051785622129974e-69,M95N
0.07804218757077183,1408.0,1574.0,0.03731947624650725,2.561602060105624e-305,M95P
-0.4186063641490491,1511.0,1199.0,0.03927070674040314,1.6536698770027548e-23,M95Q
-0.25657107944161084,1370.0,1215.0,0.05062831284278004,2.168404344971009e-19,M95R
-0.00695156414115835,1173.0,1240.0,0.04166759674079173,3.336615361367341e-07,M95S
-1.154411890083567,1137.0,550.0,0.12677332925132392,0.0,M95T
-0.08691369519210795,1249.0,1241.0,0.05099643996452457,0.0,M95V
-0.1546471206042965,1453.0,1381.0,0.06139056021581517,8.673617379884035e-19,M95W
-0.19228335678690855,2120.0,1968.0,0.03204159141677233,2.124294675917991e-150,M95Y
-3.9725816552793636,741.0,51.0,0.2534595863867753,1.3877787807814457e-17,M95_
-0.11009533113896593,974.0,958.0,0.04602968140244134,4.324995289028408e-231,N11A
-0.36162665649418557,898.0,741.0,0.05014507562183163,1.2759870026916142e-20,N11C
0.16767801412194483,1673.0,1974.0,0.15666595292841567,6.938893903907228e-18,N11D
-1.9927287846542656,2828.0,761.0,0.2512450560671752,0.0,N11E
-0.1591899365657494,587.0,560.0,0.05949039215061922,0.0,N11F
-0.15130234620493704,1415.0,1356.0,0.06747984366630502,8.673617379884035e-19,N11G
-0.33371304216249487,2209.0,1861.0,0.03219241352081222,2.743473962795872e-53,N11H
-0.8647796580086832,1874.0,1110.0,0.14195605710331308,0.0,N11I
-0.9116908000594983,711.0,407.0,0.21208525852682425,0.0,N11K
-0.9160831793933852,1251.0,701.0,0.05219746483266814,4.4189573875086374e-12,N11L
-0.8912279291177636,2125.0,1214.0,0.03663950599656564,3.221108807042165e-10,N11M
-1.0619133755363215,651.0,325.0,0.2614606869384629,2.7755575615628914e-17,N11P
-0.9101296981733803,822.0,463.0,0.05851606208477031,1.6209199085738848e-87,N11Q
-3.9962617013595527,1221.0,81.0,0.11498886441336648,1.6438978910328218e-15,N11R
-0.30545892932462754,1223.0,1054.0,0.04260983517258754,2.078442430445079e-39,N11S
-0.6430569089572428,707.0,484.0,0.05943194226340269,4.8276113842688476e-110,N11T
-0.7731486432091181,1304.0,806.0,0.06986424578101436,1.734723475976807e-18,N11V
-2.9699258289795125,473.0,64.0,0.13339858028338544,4.2532010917381325e-133,N11W
-0.03482897654533798,2130.0,2199.0,0.04837978353997952,0.0,N11Y
-3.9989644879544874,1426.0,109.0,0.6230593029062464,0.0,N11_
-0.36531027816767686,667.0,552.0,0.13807178788253954,0.0,N128A
-0.013279023814854962,703.0,743.0,0.19390946333775547,4.163336342344337e-17,N128C
0.06154363482383958,1443.0,1595.0,0.03698951321582507,5.0103003943560666e-20,N128D
-0.3284306241389075,672.0,563.0,0.14015562038329488,0.0,N128E
0.0692195222481757,1166.0,1307.0,0.09212130236342037,0.0,N128F
0.051265852314912756,1103.0,1218.0,0.0932284213520034,1.734723475976807e-18,N128G
0.11412517759976429,1422.0,1624.0,0.07078735176593946,8.673617379884035e-19,N128H
0.20281686924077072,997.0,1216.0,0.04326414397136347,5.568766648105986e-21,N128I
-0.47980712065533465,1578.0,1198.0,0.04839341002182474,0.0,N128K
-0.19422456136466126,1290.0,1192.0,0.07108559077236934,1.734723475976807e-18,N128L
-0.0009630827174263818,894.0,944.0,0.07470893226115184,0.0,N128M
-1.8073104133155806,1821.0,552.0,0.049848831424800025,2.795188770123762e-07,N128P
0.14251995197609313,1813.0,2127.0,0.059012102354342115,0.0,N128Q
0.07457969607553666,1056.0,1188.0,0.08505384530467078,0.0,N128R
0.04871061208916608,1464.0,1603.0,0.057566342130080016,4.336808689942018e-19,N128S
0.033445748853726656,1430.0,1557.0,0.03819566181829881,6.751220475679641e-08,N128T
-0.01974234149609536,1441.0,1516.0,0.1085593491218422,0.0,N128V
-0.21263100912522662,1805.0,1649.0,0.03474538817808914,2.0559792373556057e-174,N128Y
-4.3355444638122265,1613.0,85.0,0.11148867654559827,2.543251125529253e-178,N128_
-2.048527973292372,2442.0,633.0,0.11528635991395801,1.3877787807814457e-17,N137A
0.01001617728429282,924.0,991.0,0.06722788911761535,0.0,N137C
-3.4535173582967613,698.0,67.0,0.15291319329184816,5.204170427930421e-18,N137D
-1.9141875648775781,1633.0,458.0,0.08159140190069909,0.0,N137E
-4.297969922766054,1180.0,63.0,0.20857221453385813,6.938893903907228e-18,N137F
-2.3691278343921756,991.0,202.0,0.1986698242533629,1.3877787807814457e-17,N137G
-3.418641245579068,1864.0,190.0,0.3770187721612392,0.0,N137H
-3.724876951782746,1469.0,121.0,0.2372959823526257,1.3877787807814457e-17,N137I
-4.32725737372364,2317.0,122.0,0.09313351677507657,2.72490214271566e-145,N137K
-1.218019604223112,965.0,440.0,0.05794294342673306,1.006190981087893e-177,N137L
-1.995474964123747,966.0,257.0,0.07053056427585216,3.083000594598649e-154,N137M
-3.9785476604230308,1725.0,116.0,0.09618767050747823,7.570695773109207e-35,N137P
-0.09853192162680693,1946.0,1939.0,0.04657405779884319,0.0,N137Q
-4.254821708841609,1280.0,71.0,0.4315586705076855,0.0,N137R
0.04702091967845605,975.0,1067.0,0.04486713402811144,5.0826796006639526e-14,N137S
0.22739474228511247,811.0,1007.0,0.049473031205947746,2.1997927529679093e-08,N137T
-3.7282435879631013,1650.0,131.0,0.16976675580286416,2.7755575615628914e-17,N137V
-4.364649861557008,2225.0,114.0,0.13301798322208205,0.0,N137W
-4.2514656587701145,1613.0,90.0,0.1085262064899721,6.446258383759239e-194,N137Y
-4.868806400351276,1156.0,42.0,0.1572577295480756,1.7807424070167427e-24,N137_
-0.6502238476077011,2376.0,1598.0,0.09414090809510724,1.734723475976807e-18,N200A
0.04620161469027835,1620.0,1771.0,0.04970760844111561,0.0,N200C
0.000229587374458998,2132.0,2260.0,0.030964914526381344,5.1913686192306784e-15,N200D
-0.1635352969934803,1229.0,1162.0,0.04148244208021277,3.115455023829224e-34,N200E
0.10083101006852195,2443.0,2778.0,0.02856655692665895,1.005201765978696e-55,N200F
0.041574510923421334,2036.0,2220.0,0.03996370923428007,2.168404344971009e-19,N200G
-0.0626973655374032,951.0,967.0,0.04709644623537918,1.8106382197518797e-07,N200H
0.20312098949972365,1766.0,2166.0,0.07061733356934632,0.0,N200I
0.0828424061437143,1109.0,1242.0,0.041897643034679175,5.92230148167961e-70,N200K
0.24873356661092624,2993.0,3752.0,0.06762121866462227,0.0,N200L
0.14525364882651257,2535.0,2977.0,0.02787388545343367,5.1389377122249055e-96,N200M
-0.475286496856059,6423.0,4931.0,0.0599608662093821,0.0,N200P
-0.12417957619830884,2086.0,2028.0,0.031928994312826406,9.950276764037713e-92,N200Q
-0.02623544839262731,1515.0,1572.0,0.08260371948004132,0.0,N200R
-0.06746266706160384,832.0,840.0,0.04939270183947664,2.6616612753771733e-67,N200S
-0.001038695153043986,1088.0,1157.0,0.1014221451730612,1.0408340855860843e-17,N200T
0.036588766909623746,1902.0,2052.0,0.13849713268578126,0.0,N200V
-0.09986954598538343,2334.0,2314.0,0.030112804993723978,8.122412497450138e-34,N200W
0.07231465856505465,934.0,1045.0,0.04556569112029914,1.3445318293338832e-123,N200Y
-4.256465246425495,2111.0,117.0,0.09524183379397821,2.2197260045344918e-35,N200_
-0.09184695788203157,2489.0,2464.0,0.0760724028165575,0.0,N234A
0.006608379215166149,1572.0,1674.0,0.03579898784143509,5.970275471469556e-18,N234C
0.08543739457773275,2127.0,2396.0,0.030574728873144684,1.0501759468085388e-09,N234D
0.06040488864315927,2406.0,2664.0,0.028937554898381047,1.7473133272883912e-160,N234E
0.15592466728115628,2596.0,3057.0,0.04944022719554429,8.673617379884035e-19,N234F
0.0748896740927276,1782.0,1999.0,0.03398439604727408,8.460562096709358e-08,N234G
0.026867835221492355,1612.0,1742.0,0.03522893965795088,4.8981366157242776e-114,N234H
0.3080636764836173,1716.0,2239.0,0.07561722747175299,0.0,N234I
0.044641394371843814,1407.0,1526.0,0.13767583554583251,0.0,N234K
0.029079775465598416,2395.0,2590.0,0.029150764795081264,1.6474530138614516e-08,N234L
0.08705367404399343,1740.0,1955.0,0.03365289581584613,1.7108974820240697e-29,N234M
-0.0658920168648965,4013.0,4070.0,0.07175494097765026,1.734723475976807e-18,N234P
0.03489387936799888,2737.0,2980.0,0.038678036023293894,4.336808689942018e-19,N234Q
0.09283759083771595,1713.0,1940.0,0.03386510732067145,4.3703733907550105e-28,N234R
-0.0036176087704489963,1632.0,1735.0,0.035158252033501786,2.0933321456561435e-159,N234S
0.31880707333305375,1067.0,1415.0,0.04111271963517375,5.290763423379562e-15,N234T
0.17258307090051675,1201.0,1448.0,0.1259573993502644,3.469446951953614e-18,N234V
0.16962043465641388,3196.0,3809.0,0.024926985265864916,9.938258638856254e-19,N234W
0.09844946259157394,2083.0,2368.0,0.03080345751757091,1.972097963555937e-148,N234Y
-4.319018437636503,2355.0,125.0,0.09204649749018579,1.9845099845773115e-86,N234_
-0.008597985160479533,1545.0,1629.0,0.03617161744503904,4.795599078888495e-144,N2A
-5.388868716001386,161.0,4.0,0.5050723233953726,3.1296584348566663e-55,N2C
0.10451553522734532,1908.0,2177.0,0.032092324884932966,8.839608197434073e-103,N2D
0.10086305942405797,823.0,933.0,0.04833441584443423,1.333567382332857e-99,N2E
0.058769655921101754,1192.0,1317.0,0.04057385928461822,8.551438955526387e-98,N2F
-0.8934122449662208,1665.0,942.0,0.161517974052803,3.469446951953614e-17,N2G
-0.26344332167927437,1544.0,1363.0,0.03780513897938965,1.3249527393607305e-62,N2H
0.020176122663500218,1560.0,1675.0,0.06830407070349452,8.673617379884035e-19,N2I
-0.9460305869873478,4646.0,2555.0,0.12153941396007391,0.0,N2K
-1.0668802625408809,1984.0,1008.0,0.03928863687245869,3.3045746317548016e-164,N2L
-0.12276384576665769,1469.0,1431.0,0.03824983979198355,2.1711110711646932e-07,N2M
0.04622746100638619,1475.0,1610.0,0.0366994247757604,9.165973179867598e-70,N2P
-0.2308340957038758,1901.0,1718.0,0.035537308411298985,3.6433218544938e-09,N2Q
0.0015907217742372054,1458.0,1553.0,0.03711243072663543,3.606695586268751e-116,N2R
-0.17589544155978623,1749.0,1646.0,0.06319686084345787,8.673617379884035e-19,N2S
0.01697526581442585,1884.0,2027.0,0.04948853800457497,0.0,N2T
-2.3829198945382375,1113.0,231.0,0.17457151150164116,0.0,N2V
-0.19112550156156602,1098.0,1016.0,0.08375215781431385,3.469446951953614e-18,N2W
-0.05866205189538725,1380.0,1402.0,0.05454611708727315,0.0,N2Y
-4.524417127316198,1339.0,62.0,0.16268788482833169,3.8163916471489756e-17,N2_
0.00860932568771736,2421.0,2581.0,0.03777522226986745,0.0,N315A
-0.4764583900228946,1806.0,1370.0,0.09182225578692754,0.0,N315C
0.25970173265409285,2460.0,3116.0,0.02782435998202302,2.2976921817729396e-41,N315D
0.20158377823877804,3074.0,3736.0,0.04759419256947391,4.336808689942018e-19,N315E
-0.8446193614437668,1701.0,1004.0,0.04039851884346323,1.6305623411587085e-60,N315F
0.17133325011391443,1975.0,2359.0,0.03125566076979844,2.492560167766164e-221,N315G
0.0025347442013688515,2607.0,2766.0,0.03655319292260934,2.168404344971009e-19,N315H
-0.28799011315252254,793.0,690.0,0.0989891346665453,5.204170427930421e-18,N315I
-0.23050780433249135,2410.0,2180.0,0.04100037100079923,0.0,N315K
-0.8203379647057677,1317.0,789.0,0.04555656097264303,1.164537619625817e-90,N315L
-0.20869846229529193,1238.0,1135.0,0.04167014790052647,0.0,N315M
-4.147203052838731,3065.0,186.0,0.1608061613349066,6.938893903907228e-18,N315P
0.2428794968666121,1752.0,2197.0,0.032742868246831654,2.2133712455668322e-20,N315Q
-1.8738481798473572,1437.0,416.0,0.056109584897310535,2.164237926250201e-167,N315R
0.15608430248481361,3532.0,4177.0,0.024940839751811026,1.5610874987305587e-09,N315S
-0.3872743711171219,1593.0,1292.0,0.038062876066565866,6.618162876761511e-190,N315T
-0.5592239519075125,2234.0,1617.0,0.06612555562401096,8.673617379884035e-19,N315V
-0.5555684642644804,4172.0,3025.0,0.041696220002324674,0.0,N315W
-0.5504768527694018,1309.0,948.0,0.04318631151270093,1.758282328006561e-11,N315Y
-4.034480054142521,1746.0,113.0,0.09730519671546992,2.53220873767047e-182,N315_
0.1673564160197664,1475.0,1740.0,0.13622055305549668,1.3877787807814457e-17,N319A
0.11203568210074201,2028.0,2333.0,0.05327854757464888,4.336808689942018e-19,N319C
-0.0516315580714246,2820.0,2888.0,0.02733075535009967,4.3120881496468054e-49,N319D
0.022849568936883054,3619.0,3891.0,0.024068448611455903,9.809603813949521e-32,N319E
0.28627489525798505,1713.0,2203.0,0.09657485933552223,3.469446951953614e-18,N319F
0.14997061295929248,3855.0,4531.0,0.022936249668496483,5.1602598127849435e-73,N319G
0.1922312875855326,3057.0,3697.0,0.0253688692675697,3.802418728771035e-21,N319H
0.09639355520449996,2844.0,3221.0,0.02662100159499893,2.8352110542652966e-44,N319I
0.12351344168400691,4507.0,5216.0,0.029214328835466576,3.2526065174565133e-19,N319K
0.10178063785821023,1744.0,1978.0,0.03861141739171061,1.9916793908558716e-16,N319L
0.2193927387004738,2116.0,2609.0,0.04827478419669611,1.734723475976807e-18,N319M
-4.254948894673485,4865.0,269.0,0.06301299405811774,2.5733729997720976e-10,N319P
0.1049047072792538,2092.0,2390.0,0.03070917542173162,3.265815511769398e-284,N319Q
0.10096799109872276,1941.0,2200.0,0.040226732666687054,4.336808689942018e-19,N319R
0.41998193425036495,3400.0,4813.0,0.045910751767976134,4.336808689942018e-19,N319S
-0.5953499922794804,4284.0,3007.0,0.07443443226769332,0.0,N319T
0.06921531890219015,2821.0,3136.0,0.03341408229054048,0.0,N319V
0.1993320809357916,3192.0,3870.0,0.059894132127228834,0.0,N319W
0.21199402668096942,1820.0,2236.0,0.03230248234978962,8.189758518122043e-209,N319Y
-4.109114331479073,3457.0,211.0,0.24028402496162257,0.0,N319_
-0.46778394585652233,4072.0,3112.0,0.024763135142022084,3.0010945119737713e-156,N332A
0.09816525241624713,2499.0,2826.0,0.0521035022861027,0.0,N332C
0.16332812040671127,2194.0,2602.0,0.03328817122280701,3.2464861961928326e-14,N332D
0.09222270149606854,2964.0,3336.0,0.057596239994639926,0.0,N332E
-0.10003578342098267,1921.0,1898.0,0.033075723372758506,3.436540450767988e-117,N332F
0.01801554244048524,2922.0,3139.0,0.026590391886199747,3.75715928789567e-183,N332G
-0.009099252892909323,2047.0,2169.0,0.052062669480766995,0.0,N332H
0.11060126989511321,3085.0,3531.0,0.025566107784552757,1.748029847266984e-197,N332I
0.03478409903957282,3499.0,3794.0,0.03157348070402807,0.0,N332K
0.11835861520106036,1700.0,1959.0,0.033848619703946765,2.4172781747351557e-140,N332L
-0.20496218981941605,3580.0,3289.0,0.02860958200054249,7.442505813026745e-16,N332M
-4.252435534256596,1925.0,112.0,0.3236766357153133,8.326672684688674e-17,N332P
0.07307684294136385,2604.0,2883.0,0.11321762009279604,3.469446951953614e-18,N332Q
0.16837857650421736,1497.0,1783.0,0.03571470179315336,2.0027151301121777e-107,N332R
0.25034290776445023,3504.0,4389.0,0.10486629462697648,3.469446951953614e-18,N332S
0.17169325174300462,2795.0,3328.0,0.026539660614389414,4.8815303863358794e-29,N332T
0.13113980292571958,3477.0,4034.0,0.032426042674264445,0.0,N332V
-0.8326629620674596,2260.0,1355.0,0.058992754784809705,0.0,N332W
0.14733832832975077,2878.0,3353.0,0.11963279738466151,1.734723475976807e-17,N332Y
-4.144865819600946,3570.0,212.0,0.1680875204310794,0.0,N332_
0.06317811130405729,971.0,1074.0,0.05511686826848443,0.0,N340A
0.20762254853614673,1632.0,1997.0,0.034058001945916495,4.0974998629707893e-69,N340C
-0.023204460727423423,1062.0,1105.0,0.06624264997523513,0.0,N340D
0.02872897839031682,2125.0,2293.0,0.03853493982974492,4.336808689942018e-19,N340E
-0.9189344570493759,3076.0,1743.0,0.08509061116209166,8.673617379884035e-18,N340F
-0.35635885196897676,2564.0,2158.0,0.1597237212559388,0.0,N340G
0.1793460614520792,2387.0,2855.0,0.05947995315259527,0.0,N340H
0.0858931170392369,1780.0,2010.0,0.06800220645678198,8.673617379884035e-19,N340I
-0.2569866495852772,1815.0,1607.0,0.06902007498370892,8.673617379884035e-19,N340K
-0.004384831648989685,3653.0,3865.0,0.024054255656662048,1.9147378747345212e-260,N340L
0.0922221163973398,3418.0,3860.0,0.03988821820403856,4.336808689942018e-19,N340M
-4.19470353526505,3331.0,192.0,0.10417906644278778,0.0,N340P
0.07209111953033018,3945.0,4401.0,0.02295366930323122,3.594680381411525e-104,N340Q
-2.6898224586092705,1091.0,179.0,0.08096559735813365,2.7860625481065595e-69,N340R
-0.10760359415326132,2599.0,2552.0,0.05673948080310369,0.0,N340T
0.14288819846786593,2899.0,3392.0,0.026185877612162848,6.139215119977381e-13,N340V
-2.8623659417646,2790.0,408.0,0.06436990162213063,2.6020852139652106e-18,N340W
0.05553539949638131,3054.0,3366.0,0.03555521571724173,0.0,N340Y
-4.225618689979182,3230.0,183.0,0.0763075897289488,2.434628448236351e-25,N340_
0.07670469527626102,2267.0,2524.0,0.060608195157862206,8.673617379884035e-19,N387A
0.09235677812901216,3636.0,4119.0,0.0411680971885493,0.0,N387C
0.012855455457764405,3275.0,3497.0,0.02525428670975897,1.3474348691365857e-49,N387D
-0.4472382084951384,4319.0,3367.0,0.16041479614987386,0.0,N387E
0.11666631821045993,1950.0,2246.0,0.031694657203556624,1.1685748173873074e-119,N387F
-0.00557677600196544,2710.0,2861.0,0.027666032400128056,4.754719190380507e-12,N387G
0.14548246329082967,2293.0,2690.0,0.02922302847176512,2.0157679410647252e-38,N387H
-0.1506988551317782,1262.0,1198.0,0.04092808201213513,9.430981406924565e-202,N387I
-0.08480490524033456,608.0,606.0,0.08271164304342506,3.469446951953614e-18,N387K
0.22369296724578813,3061.0,3757.0,0.13677848165827797,1.3877787807814457e-17,N387L
0.48586289624590123,2334.0,3469.0,0.027629207666635597,5.92694005849806e-42,N387M
-0.2576695636113966,3886.0,3455.0,0.040550202226403674,8.673617379884035e-19,N387P
0.05470563899583039,2789.0,3090.0,0.08402359621804066,1.734723475976807e-18,N387Q
0.02395380412844429,2624.0,2840.0,0.06529848073055096,1.734723475976807e-18,N387R
-0.04944594467237282,2071.0,2128.0,0.031615148618680054,0.0,N387S
0.18536634989419953,2241.0,2689.0,0.08064369505001169,0.0,N387T
-0.0012333033305092476,3241.0,3424.0,0.025441436311169206,9.178646488714631e-15,N387V
0.21752425149158353,2673.0,3296.0,0.04926093537812617,0.0,N387W
0.17901401322478902,2003.0,2402.0,0.031018133664602838,7.861785874726686e-210,N387Y
0.029039063638805356,1742.0,1909.0,0.16943657539934082,1.3877787807814457e-17,N387_
-0.4746200418111212,807.0,617.0,0.05391295664202943,6.401690010008405e-28,N90A
-0.3659547205922275,746.0,616.0,0.058614426570641455,4.922132504098925e-10,N90C
-0.08160405035597346,786.0,782.0,0.12392012207084221,0.0,N90D
0.0018550918855705434,1482.0,1567.0,0.07713233440817395,0.0,N90E
-0.2206550633768236,1217.0,1130.0,0.16101481671652318,0.0,N90F
0.2156084468860209,474.0,582.0,0.06227447635987716,0.0,N90G
-0.1694126040436243,1010.0,952.0,0.04572139530166431,5.619791179361236e-29,N90H
2.7063098830220467,1578.0,10924.0,0.02777008662774768,9.91948501804899e-175,N90I
0.1068118433426131,980.0,1130.0,0.11101964567973868,6.938893903907228e-18,N90K
0.08625382469562834,1013.0,1141.0,0.054958471926091185,0.0,N90L
-0.3988444438708391,461.0,371.0,0.07012144638677359,1.4740761341998747e-176,N90M
-1.1884583609600747,1274.0,590.0,0.07889837112405475,1.734723475976807e-18,N90P
0.22505472231948948,868.0,1073.0,0.04617280393080985,1.5092969395777047e-214,N90Q
-0.378283848318196,1285.0,1038.0,0.14268517108977027,0.0,N90R
0.06843641827684549,1122.0,1242.0,0.08140622125527983,1.734723475976807e-18,N90S
0.1758795082111762,935.0,1118.0,0.044864652215662694,1.6198642575153169e-81,N90T
-0.20188767043225733,746.0,688.0,0.059491540158974635,1.8687026752395308e-13,N90V
-0.1949419424063098,668.0,620.0,0.07162699337200645,8.673617379884035e-19,N90W
-0.07934793081493433,658.0,654.0,0.16372908823129015,0.0,N90Y
-4.319672984840404,2350.0,126.0,0.16912353409844422,0.0,N90_
-3.622986473068003,1359.0,117.0,0.2954515113457657,0.0,P110A
-0.9136874520255458,936.0,535.0,0.18428963595299633,6.938893903907228e-18,P110C
-3.8349175515606846,1454.0,108.0,0.0999596255193532,2.6215573284376833e-81,P110D
-4.143790738299598,1521.0,97.0,0.39041776139184703,5.551115123125783e-17,P110E
-4.147576895952344,1787.0,107.0,0.1244423288510619,1.0408340855860843e-17,P110F
-3.506571848494458,1019.0,95.0,0.10747591521264503,6.807963312269593e-26,P110G
-4.198214947880879,2162.0,125.0,0.09223337389565568,7.589682829818525e-31,P110H
0.2746952910299799,1238.0,1578.0,0.10058250808543341,3.469446951953614e-18,P110I
-4.0942553416838,1352.0,83.0,0.24391373371544967,0.0,P110K
-1.61431472649304,3426.0,1199.0,0.19254500562021087,2.7755575615628914e-17,P110L
-3.141373626163282,975.0,117.0,0.09807113281300943,9.903799006206797e-66,P110M
-4.085874229030635,1015.0,63.0,0.4625292962588742,0.0,P110N
-5.153176087100628,4193.0,131.0,0.3267631947803302,5.551115123125783e-17,P110Q
-4.506038596678655,2140.0,100.0,0.10252769329953335,8.287213853652352e-110,P110R
-2.345486983106815,898.0,188.0,0.08049929696921611,1.9087189917522817e-93,P110S
-0.08192199155967043,1988.0,1991.0,0.03242961667383761,2.660160942426732e-76,P110T
-0.1261174951832742,1296.0,1266.0,0.04218924802321864,2.787701561073313e-09,P110V
-4.2681082356990405,979.0,55.0,0.6493341499165559,3.3306690738754696e-16,P110W
-4.035126810111746,2017.0,130.0,0.09077170613825626,1.2401317441813375e-19,P110Y
-3.7837721624998335,456.0,35.0,0.17560088690678063,6.00876727659445e-47,P110_
-0.10554127782679523,1584.0,1560.0,0.04082778968929603,2.057024255791573e-14,P121A
0.0056067243330383135,622.0,658.0,0.11270574594033098,0.0,P121C
0.028937158519785476,523.0,559.0,0.16829840976399613,0.0,P121D
0.10257787157407587,177.0,202.0,0.10539332514939802,7.029050257210262e-07,P121E
-0.15801797998237313,502.0,478.0,0.06431199610288947,6.990432968702779e-133,P121F
-0.016624327255562267,1124.0,1179.0,0.0422438205554934,1.2185831813126505e-48,P121G
0.04604320217927949,461.0,499.0,0.17730494185600112,6.938893903907228e-18,P121H
0.005474433982025531,1042.0,1106.0,0.06428873044956966,0.0,P121I
0.08314319107369955,770.0,866.0,0.050027523876145126,2.9760610360448172e-118,P121K
0.20563491678938003,575.0,703.0,0.08783030004627602,0.0,P121L
-0.000899136209432746,894.0,944.0,0.0915282637329393,3.469446951953614e-18,P121M
-0.014098862075363516,1269.0,1336.0,0.039801537477648044,9.809008020055845e-172,P121N
0.0692964525208781,710.0,793.0,0.05218958996565356,1.2394354841123089e-07,P121Q
0.108797836151557,1580.0,1803.0,0.03512915040775729,3.0927246079401147e-63,P121R
0.04205559200361184,1135.0,1242.0,0.051109457787249866,2.168404344971009e-19,P121S
-0.25485793037016247,834.0,740.0,0.06014221525947864,6.938893903907228e-18,P121T
0.052261024950362535,899.0,992.0,0.04655081690144516,6.814960604675923e-21,P121V
0.18017711615595516,724.0,867.0,0.0789158392985883,0.0,P121W
-0.2927725951384407,1210.0,1048.0,0.04278253473094097,9.538233903034142e-12,P121Y
-4.211300783423644,894.0,53.0,0.46081418677895697,0.0,P121_
-0.35480170947450934,1522.0,1266.0,0.03866744569677973,4.779924295313061e-47,P144A
-3.109984699923408,1218.0,150.0,0.08680006754553807,2.025790221059733e-99,P144C
-1.8927173822682082,1362.0,389.0,0.05790865666593929,8.643254812771245e-212,P144D
-4.476366108676364,978.0,46.0,0.2534614176412993,1.3877787807814457e-17,P144E
-3.81940933404462,2009.0,151.0,0.13185071960063724,1.0408340855860843e-17,P144F
-0.1175670931848252,632.0,621.0,0.05694266879363031,3.6048457190966046e-228,P144G
-4.070303649968674,1654.0,104.0,0.10134540588870325,2.3452158656371075e-47,P144H
-4.636084329376564,1977.0,85.0,0.1950510621262732,2.7755575615628914e-17,P144I
-4.434901831679115,1914.0,94.0,0.10587210329649134,1.7013687243151099e-93,P144K
-4.357328744770609,1369.0,74.0,0.31975449063285033,0.0,P144L
-4.265572657863765,1475.0,83.0,0.23402238576480444,1.3877787807814457e-17,P144M
-4.045272527393081,978.0,63.0,0.13015345049954907,5.929095640262644e-219,P144N
-4.960125202383992,3717.0,131.0,0.2536250677031231,2.7755575615628914e-17,P144Q
-3.8621459466724275,1366.0,102.0,0.2113395053023608,0.0,P144R
-0.33397867782229046,1194.0,1003.0,0.06616476561037865,0.0,P144S
-4.164228729017403,746.0,44.0,0.17823347907236264,8.031596221425019e-14,P144T
-4.138555788316565,1615.0,97.0,0.10474730677263143,1.895177277643837e-27,P144V
-4.174991282276323,1721.0,101.0,0.10259746889498791,9.170789473894577e-64,P144W
-4.474915400056441,1430.0,68.0,0.13657971175856637,2.0687020672871537e-11,P144Y
-4.246554579928342,1546.0,91.0,0.3574643229996958,8.326672684688674e-17,P144_
-0.12413919032402931,1732.0,1705.0,0.1235247578488492,0.0,P158A
-0.30469479656731735,1580.0,1357.0,0.05074359298171584,4.336808689942018e-19,P158C
-1.584610493142783,2424.0,864.0,0.10085307857642031,6.938893903907228e-18,P158D
-0.11857385405636944,2291.0,2238.0,0.030497774488678252,1.85586190435303e-101,P158E
-3.0518008546317557,1725.0,226.0,0.19548524136796783,1.3877787807814457e-17,P158F
-0.9479799965241436,2983.0,1641.0,0.17440357749525578,0.0,P158G
-1.0166122056588263,1867.0,973.0,0.08201139250007802,3.469446951953614e-18,P158H
0.14139798312043014,2618.0,3058.0,0.03271384062449602,3.2526065174565133e-19,P158I
-4.1416928885784685,1434.0,89.0,0.24750338535394442,4.163336342344337e-17,P158K
-0.04801803777549019,2004.0,2056.0,0.05061134352704967,0.0,P158L
-0.13086035204351917,2323.0,2254.0,0.037320891757772895,0.0,P158M
-0.3236889313050153,1795.0,1522.0,0.03551474594833746,1.4311997696845183e-154,P158N
-0.5488055907449794,1394.0,1009.0,0.04192365870436014,2.139266974584165e-21,P158Q
-4.255055386986545,1500.0,83.0,0.11295176867544544,1.6780349476236548e-61,P158R
-0.11913075738212331,2354.0,2311.0,0.06468769376509559,3.469446951953614e-18,P158S
-0.022399323993595767,1617.0,1681.0,0.08024470479062118,1.734723475976807e-18,P158T
-0.04126702503322285,1824.0,1872.0,0.0612773472354631,0.0,P158V
-3.1038139957550657,1875.0,233.0,0.12692800496448067,0.0,P158W
-3.498277321902709,2116.0,199.0,0.07447367730203829,4.870844364698701e-94,P158Y
-3.726293968779121,1500.0,120.0,0.09510084588333857,8.435772429040412e-12,P158_
-0.08162837199191733,1032.0,1031.0,0.04455840610054738,2.8976392332809925e-21,P180A
-0.08471261445923602,956.0,962.0,0.14282336657487157,0.0,P180C
-0.1293167423230726,1231.0,1200.0,0.09242594634207862,0.0,P180D
0.09672009750047439,1419.0,1616.0,0.037035336744815926,6.746074376593693e-42,P180E
-0.015352216035284683,1376.0,1460.0,0.10582164727214055,3.469446951953614e-18,P180F
-0.15344677198298487,1497.0,1432.0,0.03758858026666829,8.164623006015027e-46,P180G
0.13775640460794733,1501.0,1744.0,0.06745082082128533,8.673617379884035e-19,P180H
-0.2215853004044272,1289.0,1174.0,0.0409138506483802,7.670611331386439e-19,P180I
0.31569980772732037,1878.0,2476.0,0.06186048834503121,4.336808689942018e-18,P180K
0.06385939320755805,1542.0,1707.0,0.04419051840438999,6.505213034913027e-19,P180L
0.2571681758636263,1891.0,2395.0,0.037814273899830365,0.0,P180M
0.12488621799549045,1210.0,1401.0,0.04797079917519502,0.0,P180N
0.004161098210062298,741.0,789.0,0.05165904100980422,4.166532342068776e-26,P180Q
0.040581409622064295,1165.0,1272.0,0.05186453576954643,8.673617379884035e-19,P180R
-0.09033984975653207,1285.0,1284.0,0.040046635249618955,5.817137398574722e-52,P180S
0.05641561226163831,689.0,760.0,0.05305527971182084,2.688959609803166e-93,P180T
0.09463361302856053,1759.0,1996.0,0.03340625374178976,1.1751976723975855e-73,P180V
-0.07969245617972852,799.0,802.0,0.05048562324311817,1.2919095014259896e-59,P180W
0.07699254674110222,1799.0,2012.0,0.03315664444438254,7.761940599829984e-90,P180Y
-4.260061565458349,1753.0,96.0,0.2203983102208952,0.0,P180_
0.08498934880583203,1195.0,1330.0,0.15295963935021278,0.0,P193A
0.0918262630608509,1057.0,1192.0,0.04282678094462546,3.367485856174392e-38,P193C
0.06851092562304194,2017.0,2240.0,0.031458523180601466,5.232392072739357e-12,P193D
0.030713331796552064,1591.0,1717.0,0.06675802935996375,8.673617379884035e-19,P193E
0.2275372911708198,1098.0,1359.0,0.04839801502197419,5.421010862427522e-18,P193F
0.034138600943188616,1409.0,1524.0,0.07860054063361079,1.734723475976807e-18,P193G
0.03487908796212427,1845.0,2000.0,0.03466392810139569,1.372381961816261e-09,P193H
0.09123772486462337,1263.0,1418.0,0.09977472249525916,0.0,P193I
0.27537408012265807,372.0,473.0,0.23869246837254032,6.938893903907228e-17,P193K
0.1822271006283212,1952.0,2348.0,0.03138244217668029,9.49772084688217e-263,P193L
0.1360053449448435,1357.0,1577.0,0.06049854635657916,0.0,P193M
0.07427687566649535,1766.0,1971.0,0.03346488356326811,1.2230407816047916e-39,P193N
0.06725849844628308,864.0,967.0,0.1422695462869654,0.0,P193Q
0.07310915630360172,1342.0,1491.0,0.07175526438494996,0.0,P193R
0.18564617782417892,1254.0,1510.0,0.05641371490998798,0.0,P193S
0.14754588003946126,2019.0,2368.0,0.03104297812584107,2.4150281569302833e-11,P193T
0.06815071535783843,1469.0,1637.0,0.036580885718253756,3.0844128161276993e-57,P193V
0.28327331851779997,1064.0,1361.0,0.1421304584874116,0.0,P193W
0.08529374304565045,2496.0,2810.0,0.02833063954760385,3.11049011105658e-42,P193Y
-4.108230401513522,2205.0,136.0,0.08862230713194962,3.281759014557095e-162,P193_
0.27471747519297957,804.0,1032.0,0.0475480355368936,2.0805634769257227e-279,P207A
0.09557223199071886,625.0,708.0,0.06331159465574651,2.1887873458137364e-15,P207C
-4.262253507190073,813.0,50.0,0.5784759511560446,3.3306690738754696e-16,P207D
-4.468856901481837,1308.0,62.0,0.21296218289017435,0.0,P207E
0.1917489763797675,2199.0,2650.0,0.06228887950769654,6.071532165918825e-18,P207F
0.3276306815848896,1116.0,1466.0,0.17312139941622062,0.0,P207G
-2.4358212176684724,2053.0,405.0,0.10405443481898706,1.0408340855860843e-17,P207H
0.17103886566578302,2581.0,3069.0,0.05525096314784911,1.734723475976807e-18,P207I
-4.112464712466553,1822.0,112.0,0.09758490156263362,6.149973169290815e-114,P207K
0.23749469748364305,1730.0,2168.0,0.03295834738065132,3.1074058802329074e-138,P207L
-0.03453750306293554,1437.0,1490.0,0.03760439999645991,9.770620972078636e-203,P207M
-3.085556654901428,1314.0,162.0,0.20546037158660393,0.0,P207N
-3.8950841149566937,1982.0,141.0,0.08744977253167709,3.5088913864892515e-32,P207Q
-4.245987118606745,1329.0,77.0,0.3058660220007374,5.551115123125783e-17,P207R
0.14585975764377754,889.0,1043.0,0.046183288207001884,6.014912123766158e-67,P207S
1.3650493915449617,2314.0,6372.0,0.08732146642404906,0.0,P207T
0.18333766089345102,1684.0,2023.0,0.03370386288172326,5.62969486937472e-13,P207V
0.11249377091882706,1676.0,1933.0,0.07334858344670968,0.0,P207W
-2.3276494533587004,1578.0,335.0,0.0753809866653259,2.6020852139652106e-18,P207Y
-4.39646994982034,1111.0,61.0,0.49060347699423973,2.7755575615628914e-16,P207_
-0.04335109487537648,2694.0,2780.0,0.02787665718633367,4.783956610662118e-56,P237A
-0.22264045851471193,2128.0,1944.0,0.07817315146957128,1.734723475976807e-18,P237C
-4.449335143039917,2190.0,118.0,0.4601811500900156,0.0,P237D
-0.7990274814231039,2006.0,1218.0,0.07437061649335483,0.0,P237E
0.036742234473836996,1271.0,1384.0,0.039442063798202226,3.3184498634372257e-22,P237F
0.32074434739693647,2713.0,3601.0,0.07146423182430765,3.469446951953614e-18,P237G
-1.7581599250102933,7142.0,2239.0,0.04851905910476334,8.673617379884035e-19,P237H
-0.7837230709759779,2298.0,1414.0,0.03447445689744201,6.326279424449769e-13,P237I
-3.940459625749084,2756.0,203.0,0.38118751377844956,5.551115123125783e-17,P237K
-1.8462597870928503,2136.0,651.0,0.3088980958156023,0.0,P237L
-2.501596072181525,2624.0,501.0,0.17922943368017355,2.7755575615628914e-17,P237M
-4.062129539649403,2995.0,190.0,0.07513384507900528,2.3425946780414747e-59,P237N
-3.879493476263581,2143.0,155.0,0.29683672086457236,1.3877787807814457e-16,P237Q
-4.162461620465138,2605.0,154.0,0.08321049177620969,4.957585818899586e-261,P237R
-0.1030029239418141,2352.0,2322.0,0.03004379626455472,7.709990373419889e-86,P237S
-0.3119898315916729,1836.0,1570.0,0.03503980173116041,1.0624199716732542e-14,P237T
-0.18847461308915822,2850.0,2668.0,0.051573509388734624,0.0,P237V
-3.5713401269186886,3170.0,283.0,0.06242635050212748,5.807779655814593e-53,P237W
-0.14888900894338897,1698.0,1623.0,0.03537439753526912,2.1577083547450888e-26,P237Y
-3.5545281709083616,2549.0,230.0,0.06918352026065984,1.5306138928463798e-104,P237_
-0.18871375946590424,2147.0,2019.0,0.09523751661597617,0.0,P24A
-0.1565336350446937,920.0,872.0,0.08414312214014771,1.734723475976807e-18,P24C
-3.44749661022719,970.0,94.0,0.10822537587712648,5.12156052516068e-31,P24D
-4.086394628521108,1505.0,94.0,0.10652377101532688,2.707307165751689e-99,P24E
-4.313587914091997,2343.0,125.0,0.09205214709261668,1.2716947838826033e-182,P24F
-0.4694433464123114,1044.0,800.0,0.047486007805649745,1.997599251239554e-67,P24G
-3.8974248779071607,1973.0,140.0,0.08774871792921611,3.757672316171158e-43,P24H
-0.22678621144197575,626.0,569.0,0.05832378691298787,1.334658873403949e-25,P24I
-3.991185252395145,1203.0,80.0,0.11570023796354739,4.7055099330176974e-32,P24K
-3.848311546211448,1382.0,102.0,0.10286685484526498,2.878271163035166e-32,P24L
-3.5059482416433583,1319.0,123.0,0.09451896686812963,1.2576307439238098e-87,P24M
-4.181229988559038,2269.0,132.0,0.3947623665646689,0.0,P24N
-4.100524008606644,867.0,57.0,0.38206487635508724,5.551115123125783e-17,P24Q
-3.8490665749124497,514.0,37.0,0.4690481017647018,5.551115123125783e-17,P24R
-0.13736052889379033,1179.0,1130.0,0.10401434858821904,0.0,P24S
-0.2721432164831153,1479.0,1297.0,0.03866653628478009,5.742150234366743e-70,P24T
-0.058458316710566297,1610.0,1680.0,0.18911360275391573,0.0,P24V
-4.211411263175115,1202.0,72.0,0.3124246564641095,2.7755575615628914e-17,P24W
-4.114396694668431,900.0,55.0,0.13904408462788412,1.2796212807789336e-95,P24Y
-4.241289803685572,1214.0,68.0,0.12483789294412624,4.871698909994135e-34,P24_
-0.03379933486865427,2317.0,2371.0,0.17923428727012453,0.0,P27A
-0.23895113864979153,815.0,732.0,0.09928972783517538,1.734723475976807e-18,P27C
-1.0709889491069169,766.0,387.0,0.06277504359197833,2.5845049757522157e-115,P27D
-1.5651961518268818,1854.0,664.0,0.045740759777055884,5.151397791692957e-92,P27E
-0.513133174788803,1076.0,796.0,0.047272226342213605,2.3583462030623107e-110,P27F
-0.4610704560482252,1989.0,1527.0,0.056808154259500684,8.673617379884035e-19,P27G
-0.16877723978441556,745.0,696.0,0.1600200859960468,2.0816681711721685e-17,P27H
-1.7343032363049717,2015.0,636.0,0.19261749924695093,0.0,P27I
-3.3288986982670936,1210.0,128.0,0.09322566358025887,3.0779772294522687e-70,P27K
-2.9360080146580425,1053.0,145.0,0.12259457925776536,0.0,P27L
-1.9905193228546707,1523.0,408.0,0.05617622286644952,0.0,P27M
-0.5949101225580286,1362.0,950.0,0.11018057166283671,3.469446951953614e-18,P27N
-0.7492472784907429,1764.0,1115.0,0.038874321647209505,1.3878862596498975e-162,P27Q
-2.7608337528439018,2860.0,448.0,0.051284976355458284,7.500583929038389e-32,P27R
-0.22546267673519224,2164.0,1951.0,0.09566797787634093,0.0,P27S
-0.6550104966147992,1701.0,1142.0,0.049598915692182964,6.505213034913027e-19,P27T
-0.29776366187076264,1374.0,1180.0,0.055244108692228275,4.336808689942018e-19,P27V
-0.5041262845508052,1448.0,1095.0,0.15464000694797428,6.938893903907228e-18,P27W
-2.230509938343388,4071.0,918.0,0.04955221135693172,8.673617379884035e-19,P27Y
-4.796150192833098,121.0,5.0,1.5482758964322085,0.0,P27_
-0.01930227142692344,2527.0,2635.0,0.02866763823896073,1.5383107736839944e-195,P311A
0.05991784408633908,2241.0,2469.0,0.060670475413985306,0.0,P311C
-1.0029075609896423,1918.0,1029.0,0.09375091873870704,6.938893903907228e-18,P311D
-3.329548272900734,1669.0,176.0,0.08247432381043839,1.0067084490420625e-07,P311E
-3.979398497513038,1666.0,112.0,0.1313340452162768,0.0,P311F
-0.5151581173673817,3055.0,2276.0,0.07616929242586613,1.734723475976807e-18,P311G
-4.064832517603268,4168.0,275.0,0.3481095517227568,1.1102230246251565e-16,P311H
-0.15068411292530695,2196.0,2098.0,0.03128270846789815,1.1039249346020221e-249,P311I
-4.442119039316112,1909.0,93.0,0.10639770243961981,1.6141445577723369e-78,P311K
0.14341065444002699,2897.0,3391.0,0.02945012863653653,1.0143253424688137e-14,P311L
-2.4545825198470097,2569.0,497.0,0.04948205297679845,9.578392327497305e-249,P311M
-0.2606329140742457,3570.0,3167.0,0.025347395364123566,4.839152881703368e-16,P311N
-3.457603388277341,3369.0,334.0,0.30179250321959045,0.0,P311Q
-4.203950967334287,3019.0,174.0,0.07827760847500174,2.1232116752476816e-31,P311R
-0.40468932874060926,2481.0,1990.0,0.04358152935120686,0.0,P311S
0.12695304825747397,2993.0,3450.0,0.073753848557381,0.0,P311T
0.20870727039996545,1306.0,1608.0,0.07058246650760432,1.734723475976807e-18,P311V
-2.2782757285020194,4196.0,916.0,0.06747804385787996,1.734723475976807e-18,P311W
-3.5931556743106414,3518.0,309.0,0.0597232816604697,2.0976436001053034e-169,P311Y
-4.284674607768504,2197.0,119.0,0.0943547906672068,7.837641930658353e-16,P311_
-1.4798637957640755,1276.0,491.0,0.20150156472587138,0.0,P344A
-1.7136956298385129,1986.0,646.0,0.10682840280080201,0.0,P344C
-1.2136448466792138,1363.0,624.0,0.04883146739651117,2.0007864091486983e-184,P344D
-1.1601886460377184,1834.0,868.0,0.07325814361231478,2.6020852139652106e-18,P344E
-3.8797532255849783,3629.0,271.0,0.2516309265361657,1.3877787807814457e-17,P344F
-1.9587164107840367,1331.0,363.0,0.05960205690801122,5.037618869010985e-30,P344G
-1.5499448183079003,2376.0,860.0,0.04037281332718321,3.317611059923776e-41,P344H
-3.5520876920078304,2748.0,249.0,0.06654044003040675,6.723959848889726e-119,P344I
-4.150732100716259,1897.0,115.0,0.16354384277430598,2.7755575615628914e-17,P344K
-3.1517666263491417,2171.0,256.0,0.1904954386129436,2.7755575615628914e-17,P344L
-1.0866858899979874,1554.0,776.0,0.04450680938213472,9.49754866087843e-59,P344M
-1.5959499815627498,1750.0,610.0,0.1028243947388863,3.469446951953614e-18,P344N
-4.417626540454875,3494.0,173.0,0.08605605832766335,5.995509644307617e-12,P344R
-1.4225041591503262,700.0,279.0,0.09029435778960165,8.673617379884035e-19,P344S
-1.041978943264786,2736.0,1418.0,0.058210527558606416,0.0,P344T
-3.4947399596668025,2628.0,255.0,0.25422315739545875,0.0,P344V
-4.269245029473453,2589.0,144.0,0.1815126662032293,2.0816681711721685e-17,P344W
-2.239634383121842,2645.0,595.0,0.05176372419341185,4.780464218923086e-14,P344Y
-4.101401524241124,2394.0,149.0,0.15115627715290317,3.469446951953614e-17,P344_
0.7645293090756674,3721.0,6702.0,0.025296896274171077,2.1141942363467336e-18,P358A
0.08373437019876459,1173.0,1318.0,0.0407185010287517,4.0477622423420096e-66,P358C
-3.379643140088093,2511.0,269.0,0.308881660239224,5.551115123125783e-17,P358D
-0.8069789110569647,1584.0,960.0,0.045144382896586725,8.394526610291941e-12,P358E
0.1681261286617776,2435.0,2901.0,0.028321349270468924,2.8828985212358446e-56,P358F
-0.02479886566617571,2368.0,2455.0,0.0849577661365559,3.469446951953614e-18,P358G
0.24498839669808425,2450.0,3083.0,0.027908172088660504,8.687725377218282e-219,P358H
0.21685657683925208,2873.0,3537.0,0.026016476863901652,1.7124015728217535e-56,P358I
-4.330137369293373,2276.0,124.0,0.2652061318056588,0.0,P358K
-0.06770492130399931,1801.0,1813.0,0.0873150866156727,5.204170427930421e-18,P358L
0.12454904984617866,3958.0,4570.0,0.022746271632927962,5.562473968659684e-44,P358M
-1.4048790815764283,2216.0,890.0,0.11570149651455013,0.0,P358N
-0.035326871115704116,2494.0,2581.0,0.02975592712745112,2.1087049997369888e-08,P358Q
-3.520971738878532,2409.0,223.0,0.1024140275379985,1.0408340855860843e-17,P358R
0.1125715211851608,2315.0,2657.0,0.029503109261829214,1.5519167288895354e-07,P358S
-0.027423770277865994,2504.0,2618.0,0.07086959852475606,1.734723475976807e-18,P358T
0.2164287069231398,3211.0,3950.0,0.0247105679806869,1.3054629228899026e-53,P358V
-3.766462935415625,3002.0,234.0,0.06822981627242308,9.428466378206897e-33,P358W
-2.0191509304222253,2599.0,692.0,0.168910764654395,6.938893903907228e-18,P358Y
-4.888693950495689,4538.0,165.0,0.19913581910139705,0.0,P358_
0.2855205700894465,771.0,993.0,0.04849688378935054,3.346672061403206e-143,P56A
-0.013780922163050914,1489.0,1557.0,0.05458462337235213,0.0,P56C
-4.331494743393339,1829.0,98.0,0.2014100170264863,0.0,P56D
-4.801286166338681,722.0,27.0,0.2868915577369555,0.0,P56E
0.16832305064468941,874.0,1035.0,0.0973710203621975,0.0,P56F
-0.032606062946279844,590.0,610.0,0.05821393670664331,1.9492000408881857e-18,P56I
-4.540710707596759,704.0,32.0,0.21741014485167623,2.42861286636753e-17,P56K
0.14004311986590726,801.0,938.0,0.0486095546400708,0.0,P56L
0.2471253057851086,2889.0,3643.0,0.029255661772336752,3.1098170913401724e-15,P56M
-0.27558677022690814,2825.0,2473.0,0.04952284484914675,4.336808689942018e-19,P56N
-1.5940362766717957,617.0,216.0,0.07944386246094592,2.190486400541905e-21,P56Q
-3.8168125056624893,1746.0,133.0,0.15155474528554813,1.0408340855860843e-17,P56R
0.20748813610302144,1248.0,1525.0,0.038988442985517645,3.0947392382130233e-07,P56S
-0.07498493138814097,344.0,344.0,0.10244822749859929,0.0,P56T
-0.011465229280327678,1781.0,1875.0,0.036448642281137485,2.55481303972592e-11,P56V
0.059284496930340595,1318.0,1461.0,0.038601654772902796,1.3059922384246383e-96,P56W
-0.1239287399276174,1781.0,1731.0,0.03444617095046996,1.927690650811321e-74,P56Y
-4.677985604074195,98.0,4.0,0.5089890119951036,1.6290358060397542e-74,P56_
-0.02394043210573118,693.0,736.0,0.18481598822356674,0.0,Q124A
-0.11003515053826608,1612.0,1586.0,0.036043207223405455,2.2668713967509384e-10,Q124C
0.22311285865070787,520.0,654.0,0.131585313199402,1.0408340855860843e-17,Q124D
-0.161001702735924,1314.0,1246.0,0.05533794597715853,0.0,Q124E
-0.7674275481904118,1332.0,840.0,0.15892842540051727,6.938893903907228e-18,Q124F
0.09452470233509172,1488.0,1688.0,0.03621098220612914,5.784519265298498e-118,Q124G
-0.33167308329079254,1297.0,1104.0,0.10588557827910416,0.0,Q124H
-0.4598843278081366,980.0,757.0,0.051038900508746536,1.0898207815899542e-08,Q124I
-0.3165646385345233,909.0,775.0,0.04937602649635078,2.0366160276555468e-103,Q124K
-0.06441803261480197,1095.0,1109.0,0.06752936441795492,0.0,Q124L
-0.28377763867574957,1246.0,1087.0,0.04205977444930989,1.809858367342605e-27,Q124M
0.4012495998601332,1333.0,1858.0,0.08195414733554424,0.0,Q124N
-2.2060206136530667,899.0,223.0,0.48626127118432527,1.1102230246251565e-16,Q124P
-0.5868106263098279,905.0,639.0,0.05213400572917162,3.777890332732803e-147,Q124R
0.03440228225431443,1762.0,1913.0,0.03371061410780414,7.625151544924667e-13,Q124S
0.10985120652287782,895.0,1022.0,0.04631955994364288,2.0909754109233987e-47,Q124T
0.12531877863638027,1281.0,1477.0,0.06933247970574864,0.0,Q124V
-0.13952848100310133,808.0,772.0,0.12669288868091338,0.0,Q124W
-0.011098320216759201,1477.0,1580.0,0.17271475869133224,0.0,Q124Y
-4.174520024354667,1228.0,72.0,0.12142855441897034,2.956301356526232e-29,Q124_
0.15566291044988464,1219.0,1435.0,0.06334195258689505,0.0,Q189A
0.07860379159990921,1685.0,1887.0,0.03906691940436425,1.1538079519590738e-15,Q189C
0.029669071191552744,131.0,141.0,0.12173408439165494,3.854215197539852e-56,Q189D
-0.08245865892994163,1362.0,1367.0,0.06676484800697248,0.0,Q189E
0.14946218224884109,2870.0,3366.0,0.0492434404262652,0.0,Q189F
0.014404094012777941,2430.0,2612.0,0.06279181465727418,0.0,Q189G
0.08858364726612265,873.0,981.0,0.04702859905965782,5.5840196152777505e-08,Q189H
0.15126825775814828,613.0,722.0,0.05538824406345574,4.21547525892367e-61,Q189I
-0.5918273431449663,3015.0,2138.0,0.1054058760781802,1.0408340855860843e-17,Q189K
0.045130689629946846,3969.0,4353.0,0.02297519837238098,8.232027710866542e-136,Q189L
0.0528154664902195,2353.0,2592.0,0.029283032321117668,3.0998249609534965e-96,Q189M
-0.018261983801621383,328.0,353.0,0.22512352721567638,1.3877787807814457e-17,Q189N
0.12072200050149141,1783.0,2050.0,0.06071833958810288,0.0,Q189P
0.09483014705231232,2081.0,2349.0,0.05103300115890937,8.673617379884035e-19,Q189R
-0.0209771824043862,980.0,1024.0,0.04520671401736917,3.873195354691795e-38,Q189S
-0.29936928338058705,1797.0,1550.0,0.08640579044958994,0.0,Q189T
-0.03467974226219238,2064.0,2154.0,0.10008707002943845,0.0,Q189V
0.2037045304418686,1830.0,2264.0,0.09477788474445144,0.0,Q189W
-0.07114705806156549,1713.0,1728.0,0.035056267002200284,2.3025119261455641e-07,Q189Y
-3.3889693772721934,2752.0,278.0,0.06330662303041451,3.258419064405472e-157,Q189_
-0.008729824374614658,1998.0,2111.0,0.03194475978304198,1.4212592803781712e-33,Q194A
0.16390887909747187,1858.0,2194.0,0.08964536211935245,0.0,Q194C
-0.010006083351057554,1786.0,1878.0,0.04612243835822238,0.0,Q194D
0.01255219574938853,1413.0,1506.0,0.04304424096055908,8.89913143176102e-16,Q194E
-0.07997484341549278,2095.0,2097.0,0.05496999233192041,0.0,Q194F
0.0704403454063267,1152.0,1278.0,0.08277282824800332,5.204170427930421e-18,Q194G
0.13649089109041404,1288.0,1496.0,0.05807407191221359,2.168404344971009e-18,Q194H
0.07706458334565178,1623.0,1815.0,0.03483188632524317,8.344152966493423e-13,Q194I
-0.016549291897245248,893.0,937.0,0.04979963749884538,2.1065727905003433e-09,Q194K
0.11970698109541739,1600.0,1845.0,0.03483523312282994,1.1316347177515488e-68,Q194L
0.11921921793285731,1370.0,1581.0,0.037558130206747864,3.638411652843704e-32,Q194M
0.020076152938021036,912.0,994.0,0.1915636998561216,0.0,Q194N
-0.008981291053491948,2021.0,2131.0,0.0317873953502986,2.261420696045925e-76,Q194P
0.0736509067674578,2196.0,2455.0,0.030163392379346156,4.71564210783132e-24,Q194R
0.09549268003099129,2505.0,2831.0,0.02825739119494941,2.550713964020736e-09,Q194S
0.021138369266467828,290.0,313.0,0.08178870631074589,7.679050496653049e-24,Q194T
0.10007846898089195,1912.0,2157.0,0.11880689702466272,2.0816681711721685e-17,Q194V
0.10879150990898571,1516.0,1728.0,0.035855829276272615,4.645055637729402e-151,Q194W
0.17131573572664138,1797.0,2139.0,0.03273561758972975,1.6257423385678285e-18,Q194Y
-4.111779663472891,1923.0,118.0,0.09508814943487974,3.937717509764436e-185,Q194_
0.08614289633268062,2825.0,3168.0,0.06716336432262184,2.6020852139652106e-18,Q255A
-0.32864305520475257,1535.0,1303.0,0.06887528440422547,0.0,Q255C
-0.0270284771178187,1685.0,1751.0,0.041367666253979946,6.505213034913027e-19,Q255D
-1.060188135561713,1716.0,873.0,0.04214676203912144,4.832185045793354e-78,Q255E
0.1704505704810461,1301.0,1553.0,0.03822249163236645,1.0363046400353382e-23,Q255F
-0.10646606875363926,2347.0,2311.0,0.056115903336586184,8.673617379884035e-19,Q255G
-0.6577849379940857,3686.0,2473.0,0.07270506524780676,0.0,Q255H
-0.1613939435390351,1570.0,1508.0,0.145082036299306,0.0,Q255I
-4.235322093612387,2854.0,165.0,0.21869512808677644,0.0,Q255K
-0.35113731047290947,1010.0,840.0,0.047218001551428745,1.689489220608535e-104,Q255L
0.13425134618234366,2474.0,2881.0,0.03572753538556799,0.0,Q255M
-0.3303829256531643,1920.0,1613.0,0.06849241909251327,0.0,Q255N
0.15775004256999398,1849.0,2187.0,0.032332412180217845,5.158071035808945e-35,Q255P
-3.935025611438829,2452.0,176.0,0.3591665830586482,2.7755575615628914e-17,Q255R
0.02815119161955304,2020.0,2186.0,0.03160482269120143,6.053822435057001e-75,Q255S
0.04959357937888382,2153.0,2383.0,0.06715311203009201,0.0,Q255T
0.07008741727448752,1997.0,2222.0,0.03157892642037802,9.730948723413356e-103,Q255V
-2.0241026251221736,1177.0,303.0,0.20046724689969714,2.7755575615628914e-17,Q255W
-2.9730679689855286,1376.0,184.0,0.18575194591643354,0.0,Q255Y
-4.647609071040958,3285.0,138.0,0.27439808824567735,2.7755575615628914e-17,Q255_
-0.00022745259093040677,2189.0,2315.0,0.030607279723267662,5.404720895634527e-08,Q325A
-2.0509297503662287,2192.0,576.0,0.20982702359687333,0.0,Q325C
-2.203522416078492,1167.0,264.0,0.31285085219652137,0.0,Q325D
0.11523014644514523,1913.0,2203.0,0.08924405305145826,0.0,Q325E
-3.4663941117052923,2535.0,243.0,0.07371773122962251,2.6573366987761582e-11,Q325F
0.02954572880086788,3044.0,3300.0,0.026037725431462867,6.157060179241253e-100,Q325G
-0.08845871584220878,2227.0,2221.0,0.030754213589436155,5.0173406492686654e-225,Q325H
-3.62092267554895,1786.0,156.0,0.1554274796657434,6.938893903907228e-18,Q325I
-3.0607287049018748,2970.0,390.0,0.2172643935836451,2.7755575615628914e-17,Q325K
-3.180888169173412,3342.0,400.0,0.15564268342205528,0.0,Q325L
-0.6739953364753914,3395.0,2256.0,0.028012174708788085,2.798931446750739e-11,Q325M
0.17296071202835114,1759.0,2115.0,0.07925720895332942,0.0,Q325N
-0.9520632704119495,2654.0,1455.0,0.033334551183138765,1.2523921650291049e-64,Q325P
-2.756735137241371,4312.0,678.0,0.041873157130174435,1.0722036486447131e-259,Q325R
0.18692360087054297,2349.0,2828.0,0.02873859653501721,2.9649022368450205e-170,Q325S
0.11900629486780283,1894.0,2184.0,0.05322058193365318,4.336808689942018e-19,Q325T
-1.0179772168666834,2543.0,1330.0,0.05863527323970438,8.673617379884035e-19,Q325V
-4.063224300324353,2875.0,183.0,0.07655103975242833,2.3419429373526998e-104,Q325W
-2.5497799033402075,1296.0,236.0,0.10329273304112105,1.0408340855860843e-17,Q325Y
-4.294142432677547,2373.0,127.0,0.2370052600242342,0.0,Q325_
0.05810996781707,1895.0,2080.0,0.08202798639222343,0.0,Q378A
-0.5581588406475072,4533.0,3265.0,0.07493969671324816,0.0,Q378C
0.2466862904552902,5358.0,6765.0,0.09115908768179998,6.938893903907228e-18,Q378D
0.11066745953502678,2790.0,3177.0,0.08376053327341348,6.938893903907228e-18,Q378E
0.09008831412126485,1722.0,1926.0,0.1324816462986443,6.938893903907228e-18,Q378F
0.0049150351531556235,2066.0,2186.0,0.08966137602074031,5.204170427930421e-18,Q378G
-1.121952437298556,4936.0,2410.0,0.1409860425662931,6.938893903907228e-18,Q378H
0.07412711453492368,1620.0,1798.0,0.09561601511708528,0.0,Q378I
-0.024394226468985078,1616.0,1684.0,0.042293765092559284,4.336808689942018e-19,Q378K
-0.09542116485377376,1568.0,1556.0,0.03643066527700689,1.104427183991391e-116,Q378L
0.0702063365271007,3759.0,4171.0,0.04389251144887855,1.734723475976807e-18,Q378M
-0.004206998228941522,3064.0,3236.0,0.03759174960482396,4.336808689942018e-19,Q378N
0.2474471881004848,4455.0,5592.0,0.02119789008208391,1.2314798866378576e-285,Q378P
0.08121448279065026,1858.0,2090.0,0.03261633670837839,4.188294716723451e-79,Q378R
0.14207514945978858,2430.0,2854.0,0.05154192136973002,0.0,Q378S
-0.015543361890074369,1568.0,1631.0,0.1496104800505618,6.938893903907228e-18,Q378T
-0.04429383142729098,1348.0,1385.0,0.03886307226353998,9.493842182013772e-38,Q378V
-0.010064377506426256,1970.0,2078.0,0.0321839502355984,5.652230102326205e-110,Q378W
-0.03990402849445144,1620.0,1661.0,0.09365465916366045,3.469446951953614e-18,Q378Y
0.04927059518535809,2326.0,2564.0,0.041484882823468294,0.0,Q378_
0.07716567758431771,2785.0,3107.0,0.043920137339769426,0.0,Q386A
0.11915528730115346,2050.0,2343.0,0.12389093675556535,1.734723475976807e-17,Q386C
-0.01090575947471689,2949.0,3097.0,0.058325528543780626,0.0,Q386D
-0.11019527457516295,2621.0,2584.0,0.04569980479347605,0.0,Q386E
0.13693497760423728,3456.0,4021.0,0.03904767096391595,0.0,Q386F
-0.06350059235398883,1491.0,1532.0,0.08830917608754682,0.0,Q386G
0.013425149011436889,2011.0,2151.0,0.031791965187035365,7.849849115318792e-08,Q386H
0.2125525841467146,2460.0,3029.0,0.03315495791537407,1.5178830414797062e-18,Q386I
0.017793478465407478,3361.0,3607.0,0.03329909702060424,0.0,Q386K
0.10429686544955216,3640.0,4168.0,0.05220774588083625,0.0,Q386L
0.03727390915172609,2630.0,2849.0,0.06541287746158131,8.673617379884035e-19,Q386M
0.07394105668317046,3261.0,3635.0,0.04223300153466579,0.0,Q386N
0.134922625941276,2674.0,3115.0,0.032274364576443657,8.673617379884035e-19,Q386P
-0.04631163294870056,1984.0,2035.0,0.03228676707829284,6.032910953787195e-98,Q386R
0.14447311216798314,2341.0,2765.0,0.08273740022500113,0.0,Q386S
0.1013617986857426,3048.0,3472.0,0.025737732526585233,2.759120449413391e-145,Q386T
-0.4472214818601814,2477.0,1916.0,0.08131219157445099,1.734723475976807e-18,Q386V
0.05556779241133167,2749.0,3030.0,0.027207943356243814,4.868954499288538e-114,Q386W
0.042677437095250556,1697.0,1844.0,0.08209615822451771,0.0,Q386Y
-0.07766532255543711,1585.0,1590.0,0.054136447313018234,4.336808689942018e-19,Q386_
0.038120310040549554,1141.0,1241.0,0.04159161242887649,1.0353352358527958e-274,Q4A
0.16172786374695977,1481.0,1759.0,0.03593229583137875,5.686648137510425e-96,Q4C
-0.29120176030594164,2355.0,2055.0,0.12128056105720401,6.938893903907228e-18,Q4D
0.01939384805737191,1780.0,1906.0,0.06785903256368525,0.0,Q4E
-0.19401316343532937,929.0,848.0,0.2569081724007129,5.551115123125783e-17,Q4F
-0.8322294275954627,1219.0,727.0,0.0473932678643604,3.7508924971057643e-23,Q4G
-0.25599681772272925,1433.0,1262.0,0.12993064582889005,0.0,Q4H
0.005328694025861523,2043.0,2178.0,0.03155375318443689,7.978915826233456e-72,Q4I
-0.33772735464966164,1360.0,1148.0,0.06303401235684387,2.6020852139652106e-18,Q4K
-0.17878489723548893,1499.0,1402.0,0.03779015244328205,4.059052174953374e-88,Q4L
0.12275227738019466,1691.0,1938.0,0.11562162388825512,3.469446951953614e-18,Q4M
-0.2575811965151387,903.0,807.0,0.10782569088632378,3.469446951953614e-18,Q4N
0.1291386508993345,1982.0,2311.0,0.06880988612841438,0.0,Q4P
-0.016638477888367066,977.0,1023.0,0.04527229194831479,1.1339036430100962e-125,Q4R
0.031872255106275366,807.0,884.0,0.10753837103589349,0.0,Q4S
0.1208373763557076,1349.0,1556.0,0.04693162885970858,0.0,Q4T
0.05754101853055951,1874.0,2085.0,0.05762815536890792,8.673617379884035e-19,Q4V
-2.950314549819909,1404.0,199.0,0.224463838809245,0.0,Q4W
-0.05449246387899327,1355.0,1406.0,0.14959249623820392,2.7755575615628914e-17,Q4Y
-4.424837125638029,2073.0,104.0,0.21619804507711946,4.163336342344337e-17,Q4_
0.24580940377972552,888.0,1118.0,0.04549543721821528,2.4353442577888686e-57,Q51A
0.14596960592293765,1173.0,1373.0,0.04036514507845392,1.4725870105147061e-49,Q51C
0.10217435869132734,1051.0,1199.0,0.04280434561394376,1.169872259594445e-45,Q51D
0.32824884122514075,1701.0,2256.0,0.06445897381889001,0.0,Q51E
-3.724832101336926,3252.0,258.0,0.1916169972705441,0.0,Q51F
-0.8778380004246688,3415.0,1947.0,0.21579649959367087,0.0,Q51G
-2.0783361605852555,4504.0,1136.0,0.17294002999041103,0.0,Q51H
-3.6187310158681667,940.0,81.0,0.1159859872375216,5.920644491138431e-60,Q51I
-0.018595159219233784,818.0,871.0,0.20849807816724825,0.0,Q51K
-3.949482615820203,778.0,60.0,0.5404392939434158,2.220446049250313e-16,Q51L
0.15341105759535714,2019.0,2370.0,0.05156634581763738,0.0,Q51M
0.13704757724781214,3120.0,3621.0,0.06433940432753071,0.0,Q51N
-3.655230511232388,607.0,51.0,0.5098630879147131,0.0,Q51P
-0.4292025448890438,967.0,763.0,0.048934193159596705,2.2019880779043845e-67,Q51R
0.18199246231490349,1538.0,1845.0,0.04870526801395175,0.0,Q51S
0.27500428453293074,2445.0,3125.0,0.07046404344715985,1.734723475976807e-18,Q51T
-1.0234553885088233,881.0,461.0,0.10986514927512045,0.0,Q51V
-2.4014782211153416,1149.0,230.0,0.07255601619248792,1.9041492728081e-43,Q51W
-4.296695911141608,1159.0,63.0,0.16832168329921476,0.0,Q51Y
-4.19439401839788,2085.0,120.0,0.13489041570647958,6.938893903907228e-18,Q51_
0.27365369168414194,1382.0,1770.0,0.03654890379850036,6.314589287393563e-156,R156A
0.07924552368974808,1669.0,1866.0,0.03437679490165524,5.640050618359314e-127,R156C
0.20076363601746175,878.0,1071.0,0.04603485921579969,1.512869484494586e-27,R156D
-0.13810730885133485,1290.0,1244.0,0.044885045926557496,1.7022722207521435e-13,R156E
0.08703672273435564,1274.0,1435.0,0.03912197042710503,2.0979661279793935e-16,R156F
-0.18007844905990092,1424.0,1340.0,0.15038074320894418,0.0,R156G
0.19851668228235236,1889.0,2280.0,0.12341936591186399,6.938893903907228e-18,R156H
0.05886145049204668,1557.0,1721.0,0.03563414751188177,3.763278964721894e-08,R156I
0.36249036454467654,737.0,1002.0,0.049042289846317574,2.4472618352388137e-47,R156K
0.016432525480035994,932.0,995.0,0.0848991853766955,0.0,R156L
0.16184365213504467,1513.0,1791.0,0.05917282890040926,8.673617379884035e-19,R156M
-0.20039215315436212,586.0,540.0,0.08924638041162078,0.0,R156N
0.2967916470193112,1025.0,1338.0,0.04208186287330336,3.591312501486095e-156,R156P
0.20708386970137194,691.0,844.0,0.05178340885326542,3.355559105622143e-133,R156Q
0.23026776361166104,1147.0,1415.0,0.13261080365651667,0.0,R156S
0.2054241263523781,692.0,842.0,0.09304511896588027,0.0,R156T
-0.06052042560813939,1912.0,1948.0,0.04289210207062294,4.336808689942018e-19,R156V
0.31229648914859987,1222.0,1612.0,0.062481629549574084,8.673617379884035e-19,R156W
0.07988011618255965,824.0,921.0,0.04846819031914292,2.3048142447754798e-07,R156Y
-4.449650950106601,2196.0,107.0,0.1353319965620223,0.0,R156_
0.0618257066234075,2062.0,2273.0,0.05858125512005099,0.0,R310A
-0.18085757316474926,2768.0,2587.0,0.04337415366762029,8.673617379884035e-19,R310C
-0.6210280695190551,2200.0,1503.0,0.1443215321802264,1.3877787807814457e-17,R310D
-0.6032043871036749,896.0,624.0,0.05260924594427536,7.9812375289359e-198,R310E
-0.04699746169034301,1797.0,1846.0,0.033845142827642415,2.443253688595394e-69,R310F
0.49915387047608556,3489.0,5224.0,0.022888805822507036,1.2285542887746934e-16,R310G
-0.06484840463146678,2241.0,2260.0,0.08352178148692505,0.0,R310H
-0.5165582864730942,2483.0,1856.0,0.07009033973497894,0.0,R310I
0.31366700687938276,3302.0,4387.0,0.10128916365961776,0.0,R310K
0.05630269202896697,2020.0,2225.0,0.03147331655007129,2.5191026421662074e-12,R310L
-0.18132616073389723,3734.0,3475.0,0.0701933806636917,3.469446951953614e-18,R310M
0.12715779775978292,1848.0,2129.0,0.07658914103658451,5.204170427930421e-18,R310N
-0.9253903117523672,1303.0,731.0,0.04673369731645735,2.249516868157683e-143,R310P
0.0310537723456905,2363.0,2550.0,0.05552757695077049,8.673617379884035e-19,R310Q
0.12364496086831568,3317.0,3791.0,0.16294505683723348,0.0,R310S
0.10481518143939185,2689.0,3066.0,0.027279728870836132,3.4076635977580363e-71,R310T
-0.22953198259786026,4893.0,4414.0,0.04355130348799991,0.0,R310V
-0.7307973008995613,3201.0,2043.0,0.05682266483211128,0.0,R310W
-0.0992759093598426,1651.0,1624.0,0.10124646666680859,0.0,R310Y
-3.7446073994256155,1482.0,116.0,0.22344304446741775,0.0,R310_
0.27851920677967057,2129.0,2722.0,0.09541926355357302,0.0,R324A
0.19377449042514402,3624.0,4390.0,0.02344943940558503,5.453491438487556e-191,R324C
0.214670961248412,2419.0,2980.0,0.028199681212787833,1.062232243265624e-108,R324D
0.3569083057067868,1509.0,2053.0,0.03458206676984393,2.8089694743035597e-10,R324E
0.3661934304073131,2310.0,3146.0,0.046855864580400385,0.0,R324F
0.12963311814712566,2970.0,3436.0,0.050174959818068895,4.336808689942018e-19,R324G
0.20569435843101114,3035.0,3703.0,0.04522141132385939,8.673617379884035e-19,R324H
0.16572760308008527,1894.0,2234.0,0.12893867523248884,0.0,R324I
-0.06343226369342202,2213.0,2247.0,0.05217884363479531,4.336808689942018e-19,R324K
0.1528649919442682,3230.0,3803.0,0.02486956952394235,6.2035306025522755e-09,R324L
0.3372330397914484,2309.0,3093.0,0.0283366024358863,6.9390105961032654e-105,R324M
0.23544544078843005,2836.0,3530.0,0.02612339333842033,5.778609924212631e-73,R324N
-2.449604722816999,5501.0,1073.0,0.07643658305704164,3.469446951953614e-18,R324P
-0.5287677611901013,8982.0,6591.0,0.027447907782980053,0.0,R324Q
0.2551014553373938,1662.0,2099.0,0.03354357247232081,2.338426324969934e-124,R324S
0.16079036140793687,3879.0,4605.0,0.022827833360013223,1.6732051468095494e-110,R324T
0.27635047740949087,3378.0,4316.0,0.07440094366641611,0.0,R324V
0.23166123207006048,2936.0,3646.0,0.025714113840076113,4.4817662588997175e-198,R324W
0.2410188313403926,2357.0,2948.0,0.028465794460501043,9.653160184768025e-43,R324Y
-4.2984413688235925,1465.0,81.0,0.22759267773974684,1.3877787807814457e-17,R324_
0.16735630636308435,2395.0,2847.0,0.038962938973601834,2.168404344971009e-19,R380A
0.17274003204884575,2570.0,3069.0,0.04271674442207165,0.0,R380C
-1.4288080848828957,6917.0,2742.0,0.11681268949647444,6.938893903907228e-18,R380D
0.05540937911847722,4657.0,5127.0,0.021346133196120224,7.7389058837673e-55,R380E
0.18463858958470616,3307.0,3976.0,0.0244919407360091,2.3091213192519628e-17,R380F
0.17735936052821594,3262.0,3897.0,0.061166689036879315,0.0,R380G
0.16942929101524723,3086.0,3662.0,0.08028230375354573,0.0,R380H
0.15866867123471462,3217.0,3788.0,0.0886057518474776,1.734723475976807e-18,R380I
0.10958646273607733,2254.0,2583.0,0.029613233394368964,1.433661813111622e-32,R380K
0.03408773631871523,2859.0,3100.0,0.026814294792000076,5.126401408041337e-37,R380L
0.14028675773593485,3836.0,4483.0,0.02339863256014174,5.3583120991564266e-08,R380M
0.07931680745649548,1986.0,2232.0,0.07410480982856059,0.0,R380N
0.13987458437920317,2040.0,2375.0,0.05915540941799038,0.0,R380P
0.08254088242823376,2258.0,2561.0,0.06655602010687733,8.673617379884035e-19,R380Q
0.3329331745540694,2633.0,3505.0,0.05101024464129421,1.3010426069826053e-18,R380S
0.09153860756194057,3356.0,3792.0,0.024652702215127335,7.736830026157959e-103,R380T
0.12786345805850172,2093.0,2409.0,0.10343054610095455,1.0408340855860843e-17,R380V
0.261404151562999,3427.0,4327.0,0.10035540775517691,3.469446951953614e-18,R380W
0.13373435471954181,2708.0,3130.0,0.09504777506908219,3.469446951953614e-18,R380Y
0.114885814767089,1850.0,2126.0,0.05324921901287827,0.0,R380_
-3.2922830186876917,1410.0,153.0,0.08540249487536591,2.384590056727128e-222,R98A
-4.251927481219537,1130.0,64.0,0.2290904443801528,8.326672684688674e-17,R98C
-4.567797354953625,989.0,44.0,0.3308264005554082,0.0,R98D
-4.02476469299111,1062.0,69.0,0.12443437695252461,4.5438637680571404e-107,R98E
-4.69762009114259,781.0,38.0,0.7776745367174941,0.0,R98F
-4.246307918810549,1701.0,95.0,0.10566156080065038,1.4925663597196637e-57,R98G
-4.161539110009078,798.0,47.0,0.1502216564622179,1.858988291308065e-23,R98H
-3.6825031835416757,1435.0,126.0,0.36426742281541746,5.551115123125783e-17,R98I
-1.7887177726949688,1580.0,482.0,0.10742983975421976,0.0,R98K
-3.8755287848225133,1563.0,113.0,0.09766395042535757,7.457509590062245e-111,R98L
-4.118082740045261,1586.0,96.0,0.23176384518488924,4.163336342344337e-17,R98M
-3.963794736795427,1188.0,83.0,0.2603217550721454,1.3877787807814457e-17,R98N
-3.749093941431865,1606.0,127.0,0.09244459290143353,4.199864964645424e-102,R98P
-3.6207409712291416,1960.0,169.0,0.08050614439978361,1.7099315653617682e-07,R98Q
-3.994641592654932,632.0,42.0,0.19019837313696175,1.5612511283791264e-16,R98T
-4.181594308518817,1538.0,90.0,0.10866105472410693,1.1592254434014801e-287,R98V
-4.154030485212431,1427.0,84.0,0.24138322493463973,0.0,R98W
-4.249388701087425,1332.0,74.0,0.11960840236608641,8.405971908434196e-17,R98Y
-4.111839369589644,1551.0,95.0,0.10593874495945685,1.5144963850083444e-40,R98_
-0.02861191320118683,1145.0,1188.0,0.04200669607298459,5.195022769317015e-16,S104A
0.22958082495006352,1038.0,1285.0,0.08984701758411567,1.734723475976807e-18,S104C
-0.24267894043073626,1793.0,1618.0,0.14825693510662927,0.0,S104D
-0.2950238731617739,578.0,499.0,0.06149736772050783,2.1432161578305847e-72,S104E
-0.7122109904942681,855.0,553.0,0.05505985845036196,1.716474425871611e-08,S104F
-0.10702505938164518,1056.0,1041.0,0.04422260391825679,4.93673085915796e-198,S104G
-0.13752563463897732,701.0,676.0,0.05434533523028069,1.743671059838151e-79,S104H
-4.967008752575021,1030.0,35.0,0.1719645076257201,3.1279248709540683e-72,S104I
-2.5144573506403365,1526.0,288.0,0.14454920167136584,1.3877787807814457e-17,S104K
-4.0976903259544715,939.0,58.0,0.1356760671162961,2.222530027654626e-06,S104L
0.05971926261975804,1266.0,1402.0,0.03938377038937954,4.287990864168756e-89,S104M
-0.49546718119889077,1768.0,1324.0,0.08525019378473282,0.0,S104N
-4.533977797575861,1557.0,74.0,0.3389627303193914,0.0,S104P
-0.09198496882507082,882.0,874.0,0.0717325982580976,0.0,S104Q
-4.046561084675105,1732.0,110.0,0.1893197957648738,0.0,S104R
-0.17241456346421716,1251.0,1185.0,0.07428455966376438,1.734723475976807e-18,S104T
-3.8672820755195003,1843.0,136.0,0.157018489897437,0.0,S104V
-0.6732961197558468,516.0,345.0,0.08099463762067327,1.0907073855204175e-15,S104W
-0.3285493894010417,568.0,480.0,0.0676925403224695,4.023307251591057e-11,S104Y
-4.684262357447752,2298.0,95.0,0.14777455353474597,0.0,S104_
0.1861736689640394,520.0,623.0,0.16957292655208217,6.938893903907228e-18,S120A
0.10822306408681778,1199.0,1366.0,0.04018514449068377,9.935047849548348e-33,S120C
-0.2643825447584222,852.0,772.0,0.19708165481799877,2.7755575615628914e-17,S120D
0.11422121093573201,1297.0,1489.0,0.038587225775473494,6.877576812999818e-28,S120E
0.11837793710998414,2428.0,2779.0,0.08969491668513896,0.0,S120F
-0.028117670447538313,686.0,710.0,0.0760343835768593,0.0,S120G
0.5020995649541358,2438.0,3684.0,0.11810224693556465,0.0,S120H
0.1305032047718895,1766.0,2052.0,0.033168678991957135,3.8755734932869974e-126,S120I
-0.5028603920035775,1470.0,1111.0,0.116199360092654,0.0,S120K
-0.07249908797631033,1942.0,1965.0,0.032717424181272055,3.045699332449424e-102,S120L
-0.05314917460567442,1145.0,1168.0,0.07204843108800124,3.469446951953614e-18,S120M
-0.8191252258437596,715.0,432.0,0.07464213324911366,0.0,S120N
-0.17454846689562548,1422.0,1339.0,0.05377772877650668,8.673617379884035e-19,S120P
2.4340937928871735,4913.0,28279.0,0.03416993734984406,4.336808689942018e-19,S120Q
-0.4951293172191753,1592.0,1198.0,0.056354764087769196,0.0,S120R
0.13557193209124582,1708.0,1978.0,0.08972478869369731,0.0,S120T
-0.6377316464250884,886.0,601.0,0.09767303171919975,0.0,S120V
-0.5083734591580694,1330.0,982.0,0.15101659674445347,6.938893903907228e-18,S120W
0.056612441424246485,980.0,1080.0,0.044656870101286876,0.0,S120Y
-4.060128696640604,1760.0,117.0,0.2820131427483734,0.0,S120_
0.010501438073154764,1576.0,1682.0,0.044243137570849744,0.0,S122A
-0.28552677836177953,1153.0,1000.0,0.0736095238045942,8.673617379884035e-19,S122C
-0.18251447520378658,564.0,534.0,0.21437613691855711,0.0,S122D
-0.02940083497767424,961.0,989.0,0.14637110629491193,0.0,S122E
-0.1720759080167207,1350.0,1274.0,0.12019768457283331,0.0,S122F
0.08950423655310974,537.0,604.0,0.10253741241433456,0.0,S122G
0.009606999791919086,1711.0,1825.0,0.034336694222902545,5.61349098028789e-107,S122H
0.07212532807313453,1888.0,2114.0,0.06824774261010927,8.673617379884035e-19,S122I
0.013078812272185363,630.0,671.0,0.09485189877100648,3.469446951953614e-18,S122K
0.04129858433770784,1475.0,1594.0,0.13962074122334345,0.0,S122L
-0.2091479974008956,806.0,738.0,0.05143999709821818,3.9043401692654334e-70,S122M
0.013816994364286472,1077.0,1148.0,0.06804646342293784,8.673617379884035e-19,S122N
-0.08614603817848446,930.0,933.0,0.0471296827995512,4.611268395454191e-07,S122P
-0.035732509564219174,864.0,889.0,0.10205324308600915,3.469446951953614e-18,S122Q
0.0218877155341597,858.0,926.0,0.11450806854072453,3.469446951953614e-18,S122R
-0.1833027016877052,2429.0,2273.0,0.04538726057175323,0.0,S122T
-0.0035913408185750373,953.0,1009.0,0.049804808614928205,7.872154534141473e-12,S122V
0.11928882775066987,960.0,1106.0,0.04466067126834422,3.855146355597227e-85,S122W
0.039689642447284845,842.0,921.0,0.04820429984512037,2.7000815664759413e-44,S122Y
-4.247833849509409,1436.0,80.0,0.4291302698893929,0.0,S122_
0.03455222235769943,820.0,894.0,0.048879497283425395,1.6121252280055825e-21,S133A
-0.1791734837574161,711.0,675.0,0.1000525828609618,1.734723475976807e-18,S133C
-0.2851474840839537,1124.0,979.0,0.04426283073840968,1.8427990966325585e-189,S133D
0.1750187289569586,1351.0,1621.0,0.04160858653674057,2.477085377095012e-13,S133E
-4.016763012650645,1743.0,117.0,0.23008323163958389,6.938893903907228e-17,S133F
-0.1398313294883444,557.0,537.0,0.06095422004790552,1.1859469812394554e-07,S133G
-3.9977578208916356,1680.0,120.0,0.4621627026014352,5.551115123125783e-17,S133H
-3.6321145103339467,1747.0,156.0,0.292297631646128,0.0,S133I
-4.282727428973723,538.0,29.0,0.19069877786264336,1.7104533864986504e-22,S133K
-3.3321172868880082,1145.0,120.0,0.0961981181623481,1.4898612125356266e-200,S133L
0.18234356374957983,1613.0,1940.0,0.03438366957652768,2.791804583415622e-236,S133M
-0.21992660184311552,1383.0,1268.0,0.06569693382550253,0.0,S133N
-4.126014284639542,914.0,55.0,0.3382439204565164,0.0,S133P
0.07507193406742908,1038.0,1157.0,0.04331026071850081,9.173007638012206e-165,S133Q
-4.6767178527907385,1360.0,56.0,0.2595802589827449,2.7755575615628914e-17,S133R
0.015101761418832871,1114.0,1199.0,0.06312028683787752,8.673617379884035e-19,S133T
-0.5490643043315165,1315.0,948.0,0.08738403009388022,6.938893903907228e-18,S133V
-3.9450156452872034,1691.0,116.0,0.09621527110606828,3.518766813718417e-97,S133W
-4.232458829898882,1172.0,71.0,0.44151059905952345,5.551115123125783e-17,S133Y
-4.290664914850094,1360.0,73.0,0.1932255062715972,0.0,S133_
-0.19944228047256363,1973.0,1849.0,0.13016056172431556,1.3877787807814457e-17,S138A
-0.1560266577781744,1240.0,1177.0,0.06514094097964418,8.673617379884035e-19,S138C
-1.9129209055053453,738.0,203.0,0.288942320425204,5.551115123125783e-17,S138D
-0.9495430529722982,1329.0,731.0,0.046571360381723215,8.887836066190319e-128,S138E
-0.7454260418534207,895.0,569.0,0.0933755262108544,0.0,S138F
-0.33729237809637835,475.0,400.0,0.06830013600737725,2.61647111642076e-15,S138G
-0.9881225633959143,1062.0,579.0,0.18550845584386644,0.0,S138H
-0.10323866328287745,1235.0,1217.0,0.040995716951857795,1.8146967636841376e-14,S138I
0.2559670001801203,1477.0,1853.0,0.13044903845010522,6.938893903907228e-18,S138K
0.02620726447314129,470.0,508.0,0.06457494780988564,6.573196543323655e-07,S138L
-0.1460867699740046,1188.0,1138.0,0.042039018853441724,2.0782037952942552e-62,S138M
-0.30400483474889906,911.0,782.0,0.05871357769225664,8.673617379884035e-19,S138N
-3.852757299304825,2049.0,149.0,0.18274338394333683,0.0,S138P
0.23517503953962898,969.0,1200.0,0.12596581720937342,0.0,S138Q
-4.365394830819897,1655.0,85.0,0.11140819320170778,5.280870115362583e-32,S138R
-0.0019167323241529102,1324.0,1406.0,0.03891333145474348,2.1172660216564416e-119,S138T
-0.148195791792384,1706.0,1631.0,0.037831990932552705,6.951043771607698e-11,S138V
-0.33982009503916505,1393.0,1166.0,0.040296642731344125,1.1452401606966001e-58,S138W
0.12047767592779114,1577.0,1813.0,0.03978067264590015,4.173744683200198e-15,S138Y
-3.972858818627358,1182.0,79.0,0.3750819386246476,5.551115123125783e-17,S138_
-0.1256096962852588,879.0,853.0,0.06749743650735002,0.0,S154A
0.07595018517642946,1248.0,1398.0,0.03954591525589112,1.3679490437175519e-251,S154C
0.019233252988588995,1015.0,1088.0,0.04728732136302807,1.2110457948966147e-10,S154D
2.6566073603483114,1609.0,10761.0,0.027572014606601115,6.492249220766166e-67,S154E
-0.141412956172086,1405.0,1353.0,0.0689037645995442,3.469446951953614e-18,S154F
0.395549996909866,482.0,670.0,0.06014888655114339,1.7578309771197085e-166,S154G
0.22270154245720772,1056.0,1311.0,0.04194062335125226,3.789208692782743e-21,S154H
0.18736704396540377,1617.0,1947.0,0.06791485453441336,0.0,S154I
0.21364911543496024,1651.0,2030.0,0.03383141371716469,3.7654017179094187e-33,S154K
-0.026049427900836194,1513.0,1574.0,0.03665832525412774,2.989527618679596e-86,S154L
0.298930430236217,925.0,1210.0,0.04421327818780304,6.100094296347831e-113,S154M
-0.2879411978312855,1594.0,1382.0,0.037381118286730824,2.385961266223036e-33,S154N
-1.2880577821130008,1167.0,507.0,0.07407294176051495,8.673617379884035e-19,S154P
-0.11759099461129603,691.0,669.0,0.15313260982970772,0.0,S154Q
-0.5073568043373085,1773.0,1324.0,0.036959394495531525,5.616580524639551e-93,S154R
0.17592727304878955,1283.0,1534.0,0.038517361058255435,2.4683521125092657e-07,S154T
0.22208951326721735,1322.0,1631.0,0.04611717046741125,0.0,S154V
0.126896663627439,605.0,703.0,0.05588991332505823,6.302150795836498e-125,S154W
0.1291260888578735,496.0,575.0,0.06171447877208339,2.394161061785805e-59,S154Y
-4.375036113462655,1723.0,88.0,0.10950864112787353,5.05819171509597e-97,S154_
-0.7797509161099947,1707.0,1052.0,0.07234695410941,8.673617379884035e-19,S173A
-0.7702881203475526,1101.0,687.0,0.0490978667938793,1.0451884613496717e-31,S173C
-0.051779003064036294,1414.0,1442.0,0.03805043768334642,2.9094665621060465e-185,S173D
-0.6877277781530018,947.0,623.0,0.05221718953891508,4.86971788263946e-07,S173E
-0.6835845562060835,1606.0,1063.0,0.04014266436099073,4.916692111593925e-83,S173F
-0.9812351860467099,754.0,402.0,0.13427417288459145,0.0,S173G
-0.40689652242223817,1074.0,857.0,0.07360155205661408,4.336808689942018e-18,S173H
-0.1421854273480983,1604.0,1542.0,0.04542057857138569,0.0,S173I
-0.5891411659509841,1900.0,1346.0,0.08281677448095523,1.734723475976807e-18,S173K
-0.32654586441430483,1559.0,1319.0,0.05510964498575586,4.336808689942018e-19,S173L
-0.044792485799830806,782.0,809.0,0.09983716370194329,0.0,S173M
0.194726156358719,1727.0,2096.0,0.03321696490613099,2.6607825540615183e-64,S173N
-0.545182207982191,1800.0,1332.0,0.1395271925956618,6.938893903907228e-18,S173P
-0.2043343469231684,1206.0,1112.0,0.042198321563430265,1.6861962082450948e-07,S173Q
-1.1715608036375529,1299.0,612.0,0.07859893431720767,6.938893903907228e-18,S173R
0.22598773354035082,1326.0,1643.0,0.03756023362201695,1.2213217105501484e-47,S173T
0.04200986059420207,1237.0,1343.0,0.09687704322102787,0.0,S173V
-1.5887478298537125,1132.0,401.0,0.08333147162510275,0.0,S173W
-1.0721146397409307,820.0,416.0,0.10071255223837032,0.0,S173Y
-4.157252023510335,808.0,48.0,0.14870008941358331,8.213014387451237e-188,S173_
-0.013646984838039115,1042.0,1097.0,0.04380956028682308,2.718180449786162e-205,S183A
0.01706579302330467,1479.0,1579.0,0.05128025046494204,4.336808689942018e-19,S183C
-0.04675484647988917,1681.0,1735.0,0.07564520598490101,0.0,S183D
0.061578866291905184,855.0,949.0,0.06937526536643286,1.734723475976807e-18,S183E
-0.8117824252998918,2188.0,1311.0,0.13258935413153536,0.0,S183F
-0.1348594771154099,1804.0,1745.0,0.05089154367442101,4.336808689942018e-19,S183G
-0.009876748515063753,2315.0,2444.0,0.029799602079386298,1.9178286245408723e-65,S183H
-0.5086899351309442,2803.0,2131.0,0.4022016005266452,1.6653345369377348e-16,S183I
0.19290356335636052,1074.0,1304.0,0.041770932627957794,1.4775766628564627e-69,S183K
-0.21502090291136497,1690.0,1550.0,0.03583529992458945,4.6262325092340364e-173,S183L
-0.06955850872232322,852.0,865.0,0.04877328178255097,8.816770101976288e-145,S183M
-0.8372169778719052,3672.0,2197.0,0.16950132529416578,0.0,S183N
0.1262514828754853,884.0,1024.0,0.04642268489957861,6.047697073391455e-94,S183P
0.1987565698734332,868.0,1051.0,0.04637860463628343,3.0948963422765865e-82,S183Q
0.20220287599227896,1968.0,2401.0,0.04118636431234612,2.168404344971009e-19,S183R
-0.17761563455279272,1265.0,1189.0,0.0409660233156182,1.1728231225546104e-45,S183T
-0.09873473104955222,1483.0,1456.0,0.13888243878888415,0.0,S183V
-0.17358234829339927,952.0,889.0,0.1136790040303347,6.938893903907228e-18,S183W
-0.21276472619429704,1182.0,1092.0,0.07928967616816819,0.0,S183Y
-4.537411249601423,2069.0,94.0,0.13955896834364662,0.0,S183_
-0.005626911030302452,1853.0,1953.0,0.06469331983138424,1.734723475976807e-18,S186A
-0.34119480519926076,1677.0,1400.0,0.05017737120400689,4.336808689942018e-19,S186C
-0.014747921923426463,2212.0,2341.0,0.09170367588630345,1.734723475976807e-18,S186D
0.021545145135549656,1720.0,1850.0,0.03418733128692269,3.471080019000793e-296,S186E
-0.0019197205411698344,1172.0,1256.0,0.14418414272338134,0.0,S186F
-0.13271105485400927,1408.0,1360.0,0.03938502289922883,1.1201543539978613e-07,S186G
-0.3264716962963831,1495.0,1260.0,0.07614577098434884,1.734723475976807e-18,S186H
0.12392355144088522,1065.0,1226.0,0.08034984988420035,0.0,S186I
0.12129893761619755,2138.0,2454.0,0.07994081460556209,0.0,S186K
0.10780225166695027,1900.0,2175.0,0.032141137925061715,3.5215884696645556e-104,S186L
0.0663556384064792,1630.0,1800.0,0.0878847682791453,0.0,S186M
-0.05965931747026479,1889.0,1926.0,0.0331109010908049,6.83515312616736e-10,S186N
0.008715313419452453,1230.0,1315.0,0.040359032845241255,3.053324172458611e-07,S186P
0.09778488091543328,1706.0,1934.0,0.03391155417395123,3.183419594124507e-208,S186Q
0.0444778283471314,1260.0,1371.0,0.07619674301283522,0.0,S186R
0.24671979886104148,1916.0,2410.0,0.034183164033347965,3.3549089071063798e-12,S186T
0.28018777296240754,1483.0,1910.0,0.03528619768710648,2.2749341078271623e-110,S186V
-0.802077713806934,3220.0,1958.0,0.09140554212885946,1.734723475976807e-18,S186W
0.05184944519640629,1657.0,1815.0,0.03466344390108806,3.4569320362547945e-232,S186Y
-3.690692700414717,1344.0,114.0,0.3045771345661535,1.3877787807814457e-16,S186_
0.1128439437767785,1574.0,1801.0,0.03517068417072396,1.4015855940988078e-41,S219A
-0.062181779958627025,937.0,966.0,0.0949539028584917,0.0,S219C
-0.021208100437529815,1399.0,1456.0,0.07910641111850628,0.0,S219D
-0.358817026006617,1490.0,1223.0,0.11852596503506635,0.0,S219E
0.17997109480490256,2018.0,2423.0,0.033043740717059074,8.149925162905317e-11,S219F
-0.5625378470465212,1093.0,785.0,0.04729099479770726,1.362255342922219e-147,S219G
-0.18577642071679618,1134.0,1054.0,0.04571335769366166,1.241941848515761e-09,S219H
-0.14033033767702618,484.0,466.0,0.07584702399745495,2.5543803183758484e-16,S219I
-4.00662621915126,1706.0,112.0,0.4057582358932617,0.0,S219K
-2.6238589154353678,1652.0,286.0,0.14524807186600577,0.0,S219L
-0.6259501593719559,1716.0,1175.0,0.03847186127339929,1.2362989468043122e-09,S219M
-0.10933047008006572,1492.0,1469.0,0.05614038435671055,0.0,S219N
-0.15034885243717322,1590.0,1508.0,0.11707471538044215,0.0,S219P
0.10429408711903304,803.0,920.0,0.11870234532382404,0.0,S219Q
-4.196143195132398,1431.0,82.0,0.20039204380620743,0.0,S219R
-0.1805140292041945,2636.0,2471.0,0.030194775691859403,2.052141604379481e-09,S219T
-0.26529750350774345,3180.0,2835.0,0.1791604002860915,0.0,S219V
-0.42968582893255586,1725.0,1377.0,0.114376063509317,0.0,S219W
0.1492055541150394,1406.0,1653.0,0.03692776800271757,1.7784894105677777e-109,S219Y
-4.331522684965734,1437.0,76.0,0.1353890174861227,8.118679339919055e-14,S219_
0.03000418014372794,1688.0,1810.0,0.15000032393856205,0.0,S226A
0.040823425566622405,1820.0,1999.0,0.05939939765018866,8.673617379884035e-19,S226C
-3.458012088974077,1452.0,139.0,0.15567246645486826,6.938893903907228e-18,S226D
-2.717314788603684,4353.0,721.0,0.24397669221683196,0.0,S226E
-1.051486112869429,1322.0,690.0,0.11200920565809878,0.0,S226F
-0.5138485996787338,2199.0,1638.0,0.06940430736956787,0.0,S226G
-3.609168486244649,1364.0,118.0,0.1037226552620561,3.990735060119266e-10,S226H
-0.6624027103389106,4665.0,3117.0,0.02469834572719279,2.772710879385393e-08,S226I
-2.641962516434038,695.0,119.0,0.14892579246135138,6.938893903907228e-18,S226K
-0.03292670807912426,1577.0,1632.0,0.03596245048297177,2.9367314156294237e-45,S226L
-0.00294810303163448,1620.0,1707.0,0.0353571448297263,1.2741190157546194e-196,S226M
-0.258448842583114,2551.0,2269.0,0.029647325553378574,4.528240113334948e-36,S226N
0.04618007499446795,2146.0,2346.0,0.03064543896791175,2.098476936410648e-79,S226P
-3.7596245240744364,1666.0,139.0,0.33056875376625966,5.551115123125783e-17,S226Q
-3.969747876972585,1916.0,130.0,0.09089599019283573,1.2666895868286826e-148,S226R
-0.28117833250602886,2079.0,1815.0,0.032839913900781476,1.497980486616058e-100,S226T
0.062423955960664336,1827.0,2025.0,0.03298291131996247,3.9074811869134e-220,S226V
-4.4159077494594525,2722.0,135.0,0.08842691438955846,1.8363114279958584e-08,S226W
-2.632264908532819,792.0,135.0,0.09335883905713811,9.213492585074653e-58,S226Y
-4.290750897962807,1912.0,103.0,0.10139033057205621,6.742867529893464e-90,S226_
0.02218068431495857,1615.0,1741.0,0.03523068142243642,2.8759437985401448e-49,S230A
-0.0995943750268952,2282.0,2269.0,0.05874312094110373,1.734723475976807e-18,S230C
0.24443077080109404,2217.0,2781.0,0.02928203450425598,3.7278192885536566e-66,S230D
-0.14887825089702358,1305.0,1249.0,0.04038297148105498,3.3753748260073775e-07,S230E
0.048971300745200584,1214.0,1334.0,0.04027378499568996,3.5652173859554727e-35,S230F
0.4457754647919815,1643.0,2387.0,0.07343640074939055,0.0,S230G
-0.04539639241715548,1193.0,1218.0,0.10317471656762436,6.938893903907228e-18,S230H
-0.2395111359987769,1333.0,1195.0,0.0511876229311518,0.0,S230I
-0.13696167376325788,908.0,877.0,0.06105828254707093,4.336808689942018e-19,S230K
-0.02032433431130861,1992.0,2091.0,0.060907629542846606,1.734723475976807e-18,S230L
-0.44027833968611685,1765.0,1368.0,0.13654047852398574,0.0,S230M
0.14573149724158904,1179.0,1385.0,0.0412526655942363,6.918310630071325e-08,S230N
-3.544053888091625,2065.0,199.0,0.31149938040015773,0.0,S230P
-0.6974043602088731,2644.0,1719.0,0.04441690150629259,0.0,S230Q
-0.10919359313768917,2138.0,2101.0,0.031476000754243255,5.2250875498232e-62,S230R
-0.05795201556412382,1050.0,1070.0,0.043972121367551555,3.784826770855471e-33,S230T
-0.45974831887298373,1188.0,925.0,0.14708609093073768,0.0,S230V
0.13648521609311703,1747.0,2038.0,0.0333091714547195,1.1084584801211997e-68,S230W
-0.007871444068524929,1425.0,1501.0,0.037606207386545194,2.8356511427296457e-15,S230Y
-4.036871722340926,1465.0,95.0,0.10612944832544619,1.9630729204005553e-25,S230_
-0.00831469527747737,2294.0,2421.0,0.040079472084633964,2.168404344971009e-19,S236A
-0.08791000168927601,1368.0,1384.0,0.16634151137209913,0.0,S236C
-0.12161798520208562,1065.0,1043.0,0.04410179753843852,1.1587681004795629e-80,S236D
-0.24712463703953855,2138.0,1901.0,0.03227137208889999,4.644017190367932e-15,S236E
-0.03855052235720853,1276.0,1310.0,0.09197686469483166,0.0,S236F
-0.12215994460673629,1554.0,1531.0,0.08065605535069768,3.469446951953614e-18,S236G
0.08698451431739236,2858.0,3222.0,0.02657838704331785,6.72371755112288e-90,S236H
-0.11179683938856344,1617.0,1580.0,0.06125762648229814,0.0,S236I
-0.09068089817687487,2280.0,2270.0,0.030424091228869445,3.254582271296616e-200,S236K
-0.4746750958187281,1853.0,1414.0,0.047602664495274886,0.0,S236L
-0.31045600712641347,1766.0,1511.0,0.03570570024583187,2.813027929440906e-167,S236M
-0.1308397141354545,2315.0,2241.0,0.030411919767283732,5.5974765441804944e-151,S236N
-0.09194217947077753,2167.0,2154.0,0.034821898923855205,4.688420875489929e-14,S236P
-0.12179271820763685,2592.0,2555.0,0.0980386840205643,6.938893903907228e-18,S236Q
-0.04333206879344453,1106.0,1136.0,0.05130037936753779,0.0,S236R
0.06832563084065865,652.0,726.0,0.0544348012095673,3.224703362335502e-39,S236T
-0.16617862604692266,2029.0,1916.0,0.03257211700042053,2.3573539113427635e-22,S236V
0.0873630450158416,1566.0,1757.0,0.08096168135181263,0.0,S236W
-0.03009955308416313,1463.0,1527.0,0.03957656755967944,4.428064976323698e-10,S236Y
-4.59855213716653,1991.0,87.0,0.10972769263996554,1.2638554614294914e-07,S236_
0.07251175255082809,2212.0,2477.0,0.09230312162616382,0.0,S241A
0.043760812357263396,2488.0,2715.0,0.03032864989137606,2.3362884367448926e-10,S241C
-3.297673920167534,2089.0,225.0,0.07049664367692787,1.207767391420163e-135,S241D
-4.155471231361533,2049.0,121.0,0.2374043284650199,0.0,S241E
-1.858260928782442,2682.0,793.0,0.08197606953728019,3.469446951953614e-18,S241F
-2.336245099220813,1860.0,400.0,0.2302483427460113,1.3877787807814457e-17,S241G
-4.226308333224929,2471.0,140.0,0.08714478168190055,1.7784299673369317e-233,S241H
-3.878813249262002,2916.0,210.0,0.07176413328319699,3.8115932056440555e-14,S241I
-4.168945219300426,2640.0,154.0,0.20862151816445637,4.163336342344337e-17,S241K
-2.7747901284121013,1258.0,193.0,0.19725514355320833,0.0,S241L
-0.07151377661362195,1860.0,1880.0,0.033418972584948484,3.1788613749901785e-66,S241M
-4.130143675632198,2582.0,165.0,0.3408681606578415,0.0,S241N
-1.379006060928671,1662.0,686.0,0.09905574149606255,3.469446951953614e-18,S241P
-4.362085713555774,2680.0,138.0,0.08754486844197937,2.3707026008379924e-21,S241Q
-4.031075247592829,1756.0,114.0,0.12270742214049576,3.469446951953614e-18,S241R
-0.17853054973298255,3088.0,2895.0,0.026752924278316208,4.370409417010979e-100,S241T
-0.07770631549693266,1349.0,1363.0,0.10901423163058922,3.469446951953614e-18,S241V
-3.023282397797585,1986.0,259.0,0.0664141685263715,6.64535428346535e-75,S241W
-4.282505104743659,3067.0,170.0,0.18736252476921555,3.469446951953614e-17,S241Y
-4.208421180239211,2236.0,127.0,0.23604954957609992,4.163336342344337e-17,S241_
0.10027796974751547,2506.0,2843.0,0.048178513332822685,8.673617379884035e-19,S267A
0.006120944548624808,2217.0,2361.0,0.04075795664629748,0.0,S267C
0.01045996507280623,2174.0,2333.0,0.05470171741346901,8.673617379884035e-19,S267D
-0.5824260513041504,2940.0,2097.0,0.1783979391019892,6.938893903907228e-18,S267E
0.07465939918487637,1670.0,1869.0,0.034371424124469266,1.0416351248115435e-45,S267F
-0.8395780490188174,1531.0,916.0,0.11213479018635004,0.0,S267G
0.09249646651029483,4109.0,4686.0,0.05680034668104422,0.0,S267H
0.2575233622989495,1843.0,2327.0,0.06973354606859919,0.0,S267I
-0.13701538065563076,1247.0,1207.0,0.051946761277542094,4.336808689942018e-19,S267K
0.07885044279231346,1122.0,1254.0,0.056607590560380304,0.0,S267L
-0.13384089877848204,1205.0,1165.0,0.04164762925244438,1.1134860292880098e-12,S267M
0.10018738414808703,2026.0,2294.0,0.06944157103713505,0.0,S267N
0.08833185721103802,2946.0,3323.0,0.026197636107259645,2.1284950311530133e-12,S267P
0.02022219380959805,1834.0,1972.0,0.03314940900177675,2.8680794896607308e-105,S267Q
0.10653349601328511,1383.0,1577.0,0.037472674802341704,2.3994456051114162e-188,S267R
0.026501149109204026,2584.0,2788.0,0.02814124610507363,1.1821260154525743e-101,S267T
0.029656183125549178,1541.0,1658.0,0.09533805763639365,3.469446951953614e-18,S267V
0.1508536102974866,2269.0,2675.0,0.029335707537653934,9.626507121429186e-12,S267W
0.0361365297558516,1614.0,1752.0,0.050739385087530675,0.0,S267Y
-4.369496239676216,2316.0,119.0,0.09426573632589176,5.28836722902535e-22,S267_
-0.1263023613886063,2467.0,2413.0,0.10773409568319144,6.938893903907228e-18,S275A
-0.11854622967365877,2103.0,2058.0,0.03688607442231903,5.908901840045999e-17,S275C
0.18056180525210105,1694.0,2016.0,0.15194609384919433,2.0816681711721685e-17,S275D
0.248158174691836,1776.0,2229.0,0.03832379624406493,2.3852447794681098e-18,S275E
0.16096523442958155,2022.0,2393.0,0.030974346339286064,4.113608540053853e-73,S275F
0.15352809113889018,2964.0,3500.0,0.02586645504905875,1.6730902407843637e-24,S275G
-0.2656084325910098,3437.0,3033.0,0.028714392224327256,8.520620190313744e-14,S275H
0.17728739312398442,2981.0,3566.0,0.025728436807574476,5.4732975479954603e-45,S275I
0.37342134048696674,2746.0,3767.0,0.02600191430846903,1.7666725569527873e-65,S275K
0.18342049350549766,3389.0,4088.0,0.028213108801458636,1.6154612370034016e-17,S275L
0.12394288629529322,1672.0,1938.0,0.055802817243274294,0.0,S275M
0.016600382524027426,2369.0,2540.0,0.029373668406032897,2.778519871368754e-26,S275N
-0.043490830114469636,1878.0,1938.0,0.0359852103738943,7.675330585942691e-12,S275P
-0.002886114308979952,4199.0,4430.0,0.02258817392252412,1.271052594177121e-28,S275Q
-3.964793945959769,3239.0,221.0,0.10704997932988622,3.469446951953614e-18,S275R
-0.015144580040935543,5494.0,5765.0,0.03510801964544785,2.168404344971009e-19,S275T
0.22123238347663948,2832.0,3503.0,0.02616774187043444,2.3195900189679418e-132,S275V
-0.017912914065307928,1789.0,1873.0,0.03753939395979209,1.205860498260103e-13,S275W
0.4771749133094486,2987.0,4405.0,0.03365237476556419,0.0,S275Y
-3.6263905084840666,1972.0,183.0,0.4229981725400428,0.0,S275_
0.17860947863487378,4089.0,4914.0,0.0222248127363979,1.4386093046689948e-32,S279A
0.22508319316452974,2075.0,2561.0,0.03031200571300067,2.178157088510929e-63,S279C
0.0007125093038590019,2279.0,2411.0,0.0501445049291765,0.0,S279D
0.05542818320977976,2451.0,2701.0,0.028717007120468242,0.0,S279E
-4.293636195764123,3486.0,187.0,0.14873231091850814,0.0,S279F
0.2124649955951682,2643.0,3243.0,0.027070385626100802,7.793579367729595e-48,S279G
-3.496442840397869,2041.0,194.0,0.17302130154341167,0.0,S279H
-3.76060693021536,2598.0,203.0,0.07319850192914146,5.284854173797901e-220,S279I
-4.174488875468521,2670.0,156.0,0.08265481195294043,1.5300777587817002e-150,S279K
-3.075391762566987,2583.0,325.0,0.059251385679417526,5.901168713661476e-145,S279L
-4.401391505162978,2323.0,117.0,0.0949842879521474,8.943413924528411e-44,S279M
-0.04388534585683197,3430.0,3530.0,0.024923736955736103,2.780764394405177e-72,S279N
-4.018621027203029,2659.0,176.0,0.187266693704797,5.551115123125783e-17,S279P
0.06137279430666563,2233.0,2470.0,0.02999741362446658,2.549584647926086e-15,S279Q
-4.228575689645033,2142.0,121.0,0.09367915034003078,1.6051974989989862e-40,S279R
0.010975510877182107,2104.0,2240.0,0.048616473384059805,0.0,S279T
-4.021692168055334,1629.0,109.0,0.19933913142885074,6.938893903907228e-18,S279V
-4.2954890635823,1995.0,107.0,0.1443647973218249,0.0,S279W
-4.192909894495432,1582.0,91.0,0.16579484923129756,0.0,S279Y
-4.464410491530736,3023.0,145.0,0.08528058575018897,5.286230518165377e-111,S279_
-3.5750001941726857,2030.0,179.0,0.16345178379298844,1.3877787807814457e-17,S299A
-2.5341173645562045,2265.0,425.0,0.19292380961656982,1.3877787807814457e-17,S299C
-1.2851455454089613,325.0,141.0,0.14182861195473598,1.3877787807814457e-17,S299D
-0.6241276640539838,2660.0,1817.0,0.11146076318996162,0.0,S299E
-4.0304117205666214,1847.0,121.0,0.13093418320683975,3.469446951953614e-18,S299F
-2.538683177170955,3776.0,689.0,0.0419944835645322,2.4810306931788333e-37,S299G
-4.101728160044271,1085.0,74.0,0.5324001741887774,0.0,S299H
-3.561059694831623,2933.0,264.0,0.06463109499352747,2.0191959833947274e-52,S299I
-3.9681667778982095,2321.0,164.0,0.25139041051741523,0.0,S299K
-0.17075533973059687,2319.0,2169.0,0.11098450693725197,0.0,S299L
-0.1863189282783117,2213.0,2062.0,0.031357951816617734,9.475500599412866e-133,S299M
-1.6561185895972472,2618.0,883.0,0.05817135684568553,0.0,S299N
-3.9005721810149963,2905.0,211.0,0.14601866362820554,0.0,S299P
-3.185972613376919,2282.0,276.0,0.25096715450815865,1.3877787807814457e-17,S299Q
-4.110578535987419,1144.0,71.0,0.22646443205928363,0.0,S299R
-0.008477408542961445,2306.0,2427.0,0.02987397172722529,5.19795740872158e-97,S299T
-4.162940700710776,1273.0,75.0,0.11900072299037916,2.2942681943714878e-40,S299V
-4.252107187900501,2405.0,134.0,0.10060599159936576,2.68665298341908e-13,S299W
-3.9145088924241294,4449.0,321.0,0.18696335479764278,1.3877787807814457e-17,S299Y
-4.46872537192671,2785.0,132.0,0.2577705686002322,0.0,S299_
0.29750737199111715,1564.0,2020.0,0.15963458121740393,2.7755575615628914e-17,S318A
0.18988981070011557,2651.0,3209.0,0.027113116607487775,1.0432606425840045e-201,S318C
-3.4579299071515326,3035.0,293.0,0.061550517040321474,7.559834175459242e-66,S318D
-4.159862569798268,1436.0,85.0,0.11182399670293475,2.6780056198341564e-70,S318E
-2.6059667557955484,2842.0,501.0,0.11985226112143203,0.0,S318F
-0.39372408307960854,3464.0,2798.0,0.026309659970296568,8.066386027111673e-80,S318G
-0.24323164438322775,4515.0,4042.0,0.03319787368800418,0.0,S318H
-3.2118854402501076,2453.0,278.0,0.22748904285157184,4.163336342344337e-17,S318I
-4.376496963716272,2039.0,103.0,0.2306071169079151,4.163336342344337e-17,S318K
-4.216107555951184,2008.0,115.0,0.09613010776126672,1.931200871071645e-173,S318L
-1.0837761550555682,1948.0,983.0,0.09252905003136573,1.734723475976807e-18,S318M
-3.4848261045539615,2847.0,280.0,0.24536152283143287,0.0,S318N
-4.071905254704699,3134.0,197.0,0.10039659285887437,1.734723475976807e-18,S318P
-1.9864341848593754,2053.0,551.0,0.048464970018953335,9.068210678833553e-97,S318Q
-0.014406247603395917,2546.0,2692.0,0.0616748345427463,0.0,S318T
-0.8711795540548455,2338.0,1359.0,0.07361624501907162,0.0,S318V
-4.207488696177645,1437.0,85.0,0.24570825489170708,1.1102230246251565e-16,S318W
-2.9257869512872317,645.0,90.0,0.11276245839891193,1.2897606105714717e-126,S318Y
-4.503070991848769,2760.0,129.0,0.0903346731191942,0.0,S318_
-1.1359240979680985,7895.0,3799.0,0.15250368090582275,0.0,S333A
0.16973356085383132,3433.0,4073.0,0.08901280818429746,0.0,S333C
-0.019630032477874076,962.0,1003.0,0.045638981908152985,3.115059290325483e-11,S333D
0.12638192214997335,2509.0,2895.0,0.055168941459460545,8.673617379884035e-19,S333E
-0.010754313161239709,2043.0,2147.0,0.050614268011293435,0.0,S333F
0.1731814502084543,2255.0,2687.0,0.0401889487486071,8.673617379884035e-19,S333G
0.18226205737060508,2782.0,3337.0,0.05035283003787455,8.673617379884035e-19,S333H
-0.2707632609629438,3076.0,2702.0,0.030766548863640622,5.223252386166166e-15,S333I
-4.072815748112954,2463.0,156.0,0.12391730145594526,0.0,S333K
-0.0007415343942967052,1911.0,2023.0,0.03921062624140627,0.0,S333L
0.18960634803276039,1591.0,1917.0,0.05115445037994686,4.336808689942018e-19,S333M
0.24527897008903282,2595.0,3241.0,0.09663115878370643,1.0408340855860843e-17,S333N
-3.474094994564424,1632.0,156.0,0.08411135541306815,5.794399326455523e-38,S333P
0.2611554908503287,3254.0,4144.0,0.0449048151983735,0.0,S333Q
-3.5966482323567277,2294.0,201.0,0.0782952756645229,3.9958500713983824e-09,S333R
0.20039519509805323,3197.0,3883.0,0.04340448128737557,0.0,S333T
0.11724072202644915,2363.0,2720.0,0.02893328278045357,3.418809460337602e-108,S333V
-0.09716946837231245,4664.0,4612.0,0.021847513293753448,3.523770075117844e-223,S333W
0.19082338960807507,2602.0,3143.0,0.027366974194726147,9.525325116839343e-159,S333Y
-4.589302736226748,1825.0,80.0,0.11444303011360188,1.336200468348661e-54,S333_
-0.1620543827269776,1950.0,1856.0,0.09089707057467404,0.0,S337A
0.13076536979363546,2448.0,2828.0,0.07601608076826143,3.469446951953614e-18,S337C
-4.075780380560161,2214.0,143.0,0.22888434388750853,1.3877787807814457e-17,S337D
-3.754702318773558,3532.0,279.0,0.08556674096177452,0.0,S337E
-4.042613666013968,4193.0,275.0,0.19523045797780617,0.0,S337F
0.012045633923833872,1762.0,1886.0,0.03382663934550572,1.2956564262337527e-77,S337G
-4.004882931141989,5286.0,355.0,0.1916223319863352,0.0,S337H
-4.233118822088774,1183.0,67.0,0.18228592503806057,2.0816681711721685e-17,S337I
-4.259733084230293,1681.0,94.0,0.15692351400370977,6.938893903907228e-18,S337K
-3.8959349902087155,2901.0,205.0,0.14708801499867263,0.0,S337L
-3.611042996996289,3932.0,341.0,0.05686636105358513,7.275830520493883e-114,S337M
-2.0350382790946453,1791.0,468.0,0.1178308126984361,2.42861286636753e-17,S337N
-4.112919582290783,3901.0,249.0,0.25577407142149666,1.3877787807814457e-17,S337P
-3.750903691410328,2378.0,187.0,0.08774560401008707,2.4732819958739327e-15,S337Q
-4.536232533424442,2316.0,106.0,0.09956723080800313,2.03113543115725e-85,S337R
-1.2055087668272046,6105.0,2854.0,0.13459583135820133,6.938893903907228e-18,S337T
-3.6824187481907287,3197.0,263.0,0.32378498783162735,0.0,S337V
-3.918667837022585,1596.0,112.0,0.0979785916368283,1.7110174878275988e-62,S337W
-4.484497219684275,3490.0,165.0,0.08319355223426904,6.326825739374521e-08,S337Y
-3.9097360499679796,3031.0,212.0,0.16411680237846038,6.938893903907228e-18,S337_
0.14373711074594994,1976.0,2325.0,0.09086691499610192,0.0,S366A
0.053809671548758396,3221.0,3541.0,0.02528197467149616,4.781751139181711e-135,S366C
-2.810583763457341,4245.0,641.0,0.042917301666752894,6.031284328779359e-130,S366D
-2.1542654399797976,2685.0,647.0,0.12287474004050492,0.0,S366E
-1.132105220542003,1652.0,809.0,0.12822960683944065,0.0,S366F
0.08997631890983716,1994.0,2254.0,0.06654378362896203,0.0,S366G
-1.6305737622219174,3235.0,1118.0,0.11421355933236602,0.0,S366H
-0.07909226404191359,1739.0,1735.0,0.10040668871688208,0.0,S366I
-3.8139548810117985,2812.0,212.0,0.07154796696575821,3.4737502929587507e-214,S366K
-0.6325408530326557,2661.0,1818.0,0.04787989666726277,0.0,S366L
-0.38850344730214714,1792.0,1452.0,0.041600787528913434,1.5157146371347352e-16,S366M
-0.3063796541258601,3477.0,2978.0,0.025882440907137087,2.4974495717491184e-50,S366N
-3.8920248086693956,4016.0,287.0,0.061483972687600405,1.7746926846633334e-109,S366P
-0.548944628924996,1587.0,1152.0,0.0393117463985566,2.4713786361537963e-269,S366Q
-4.187354061206343,2620.0,158.0,0.29708631215124787,2.7755575615628914e-17,S366R
0.10865571618456682,3265.0,3721.0,0.04636351234051553,0.0,S366T
0.07455075258911409,1590.0,1776.0,0.03519039776224177,6.745969963595126e-43,S366V
-3.25757835560366,1306.0,146.0,0.1737175712455945,0.0,S366W
-3.5870793628735234,1609.0,142.0,0.09081700652363207,1.2863419137764537e-07,S366Y
-4.199167744104634,3100.0,179.0,0.07717587432139786,1.7094458650581818e-145,S366_
0.08000996942472507,1075.0,1206.0,0.04344692227850144,1.040724786258683e-07,S38A
-0.030104807277274125,860.0,889.0,0.04832017274157077,3.258720297966648e-55,S38C
-0.3478351520635098,1936.0,1623.0,0.07281106620337899,0.0,S38D
-0.13199069330852017,1648.0,1592.0,0.06311890382088857,0.0,S38E
-0.3939368044185543,2162.0,1738.0,0.032932942527696,2.0556621850203434e-126,S38F
0.04860093777914332,1425.0,1562.0,0.06463187452055584,0.0,S38G
-0.2804447907927203,1145.0,999.0,0.056249883680103335,0.0,S38H
0.22046795023415408,1595.0,1966.0,0.0559235291904389,0.0,S38I
-0.0925486902782363,1389.0,1372.0,0.11187247589532356,0.0,S38K
0.17185897891557939,1697.0,2027.0,0.03359831481719238,2.2315648103207795e-29,S38L
0.0972932095343223,2159.0,2450.0,0.030305247696875422,1.7936031622496817e-31,S38M
-0.10216425142564868,1605.0,1603.0,0.06851284861403012,2.6020852139652106e-18,S38N
-0.10182440646973696,3150.0,3111.0,0.042499080039349164,1.3010426069826053e-18,S38P
-0.14691743952080458,2625.0,2506.0,0.0488896176845165,4.336808689942018e-19,S38Q
0.032540628953475925,908.0,996.0,0.1076595232539294,6.938893903907228e-18,S38R
0.23965553818135965,1658.0,2083.0,0.03361124408962688,1.3385927521977868e-67,S38T
0.18519800902405856,1749.0,2106.0,0.03305966374197372,1.2435482894293995e-53,S38V
0.03133303594048702,1536.0,1652.0,0.12214751021383936,0.0,S38W
-0.3745655022813614,1492.0,1218.0,0.03922406716406344,1.0174404129020281e-281,S38Y
-3.9058271321370888,1144.0,81.0,0.1151715371733828,1.042749014165594e-130,S38_
0.006105862612129252,614.0,655.0,0.08923015539111111,0.0,S50A
0.1391143354127613,1075.0,1254.0,0.051716337870289,0.0,S50C
0.1872324900861673,1372.0,1660.0,0.037124685958857866,1.4047944142532534e-173,S50D
-0.8017368498127324,858.0,521.0,0.06739773718083908,0.0,S50E
0.07834384552767434,1964.0,2187.0,0.07501928357086032,0.0,S50F
0.17679029372859928,1556.0,1865.0,0.035006638703841915,9.560456481886578e-96,S50G
0.15742337748955434,731.0,859.0,0.1003057799086331,0.0,S50H
0.14240374368979217,1440.0,1669.0,0.1753933561341962,0.0,S50I
0.17295765470642485,1439.0,1712.0,0.08933395376030302,0.0,S50K
0.27210606993566305,1142.0,1456.0,0.0820971295508152,0.0,S50L
0.2678496231745289,1489.0,1907.0,0.038868585200953085,8.086615144869969e-13,S50M
0.013682724938013043,1652.0,1769.0,0.03488888365942832,7.531873478655996e-101,S50N
0.016364617948465703,2370.0,2535.0,0.05473055948425551,0.0,S50P
0.1306908373255721,1694.0,1956.0,0.09369664361336215,3.469446951953614e-18,S50Q
-3.165871717131124,1775.0,223.0,0.3662730684218252,0.0,S50R
0.22024111018028172,1624.0,2006.0,0.03407990575799904,3.9210154624111203e-97,S50T
0.21316845651165184,2065.0,2537.0,0.05545097619121343,1.734723475976807e-18,S50V
0.383365489351167,1062.0,1482.0,0.11774655874350365,0.0,S50W
0.1074283681853886,226.0,259.0,0.09145317436952145,4.2464363087353515e-14,S50Y
-4.2296880900897875,1301.0,75.0,0.23300190463632128,0.0,S50_
0.19648712921536202,780.0,948.0,0.06489476716814818,8.673617379884035e-19,S55A
-2.912340610003703,3333.0,473.0,0.09186954930053876,3.469446951953614e-18,S55C
-3.9497560234525158,2754.0,189.0,0.0840582457750211,1.7017927865514704e-12,S55D
-3.9432043094076166,612.0,42.0,0.1596219809172665,8.203101831656103e-10,S55E
-4.158281947667516,909.0,54.0,0.5175003274876369,0.0,S55F
0.43446843351380937,3100.0,4456.0,0.024358188201487527,8.499792048994696e-81,S55G
-4.22225794049655,1130.0,64.0,0.12882245890364807,2.442238167545271e-06,S55H
-4.211157428274611,1892.0,108.0,0.10827946093082898,3.499381383623157e-11,S55I
-4.102279135438654,1717.0,106.0,0.10030364936522321,1.9365953858572178e-66,S55K
-4.598409759512192,1329.0,58.0,0.13433215789561417,1.0989981304940397e-46,S55L
-4.225908539020384,935.0,54.0,0.2425185489600444,5.551115123125783e-17,S55M
-4.647675613109961,1845.0,77.0,0.2789790820592049,0.0,S55N
-4.191724518300602,1296.0,75.0,0.11894085648495864,1.0099486096602624e-24,S55P
-4.016539338506051,2638.0,171.0,0.3111615287198313,0.0,S55Q
-3.865590256564803,2635.0,191.0,0.0752494799013147,4.181253147112629e-128,S55R
-3.863470929739777,2798.0,213.0,0.33068954335711753,0.0,S55T
-4.251666192197049,2212.0,123.0,0.1041186468326427,8.814251412081475e-13,S55V
-3.8890450074594747,1431.0,102.0,0.43411496679545825,0.0,S55W
-4.453588261984151,1546.0,75.0,0.11843991472331965,2.31737133306841e-107,S55Y
-3.8444418228498427,1883.0,139.0,0.4870897236667216,0.0,S55_
-0.09143114054755912,875.0,870.0,0.04837952949930626,0.0,S79A
0.05256642018596469,775.0,848.0,0.0884134796536583,5.204170427930421e-18,S79C
0.0006684552960651768,1569.0,1670.0,0.05036494145161361,0.0,S79D
-0.6364423685705892,814.0,550.0,0.20373578479508062,0.0,S79E
0.033573105630925644,1291.0,1392.0,0.1094271699429069,0.0,S79F
-0.6174005355486396,900.0,622.0,0.052587818923181144,7.22834300404323e-29,S79G
-1.227097696988352,2462.0,1109.0,0.08394722292634199,0.0,S79H
0.09947523410058098,1623.0,1839.0,0.06402091890346324,0.0,S79I
-1.2725443217900534,1661.0,731.0,0.05213200359927579,2.5305278705811673e-16,S79K
0.08537686793703098,1448.0,1627.0,0.03679601575240815,3.088229055040732e-08,S79L
0.14570586287304915,1362.0,1598.0,0.03753026422409415,3.5473496365958087e-10,S79M
0.15321705048500214,720.0,849.0,0.05576895841442389,8.945478689389996e-12,S79N
-0.8976561862884734,281.0,160.0,0.09934152713699368,2.7072504051066875e-152,S79P
0.17156674298365,2250.0,2690.0,0.06888746023456334,3.469446951953614e-18,S79Q
-3.967420174443093,684.0,46.0,0.17052570162017636,2.9962855113696563e-12,S79R
-0.061435575084998896,747.0,756.0,0.05204930822564795,3.883260654307695e-84,S79T
0.14067997985708497,1163.0,1351.0,0.10627998817963144,6.938893903907228e-18,S79V
0.046692760512810634,792.0,867.0,0.049628704139391785,1.301217758156984e-50,S79W
0.21650112605221444,1198.0,1467.0,0.09525688716162291,3.469446951953614e-18,S79Y
-4.230226474679742,1026.0,58.0,0.13514330172400407,3.766252990509519e-126,S79_
-0.27372032903865906,682.0,599.0,0.05641034208747616,2.4518800091990794e-08,S81A
-0.475777552970607,1816.0,1389.0,0.0818453434872879,0.0,S81C
-0.184542419027108,653.0,610.0,0.07030589279952579,0.0,S81D
-0.4598858469369016,1242.0,953.0,0.08028465004281995,1.734723475976807e-18,S81E
-0.40685573704869454,901.0,718.0,0.08791454685931331,0.0,S81F
-0.7092160537820114,1164.0,752.0,0.06064324083294051,0.0,S81G
0.25767601133610457,594.0,760.0,0.13535035408300122,0.0,S81H
-0.06752545055744737,918.0,932.0,0.04703829142296164,1.073952697173392e-29,S81I
0.27583034023491665,1876.0,2426.0,0.09225683866300388,0.0,S81K
-1.0331777697146505,888.0,460.0,0.05784799785815249,2.0665896184808767e-17,S81L
-0.40030064711369046,1011.0,816.0,0.06282437883944761,0.0,S81M
-0.10968924137643311,1579.0,1555.0,0.036380462523747735,9.667787612960198e-273,S81N
-0.28205312325647647,831.0,727.0,0.05123779396512063,5.0721865402151275e-12,S81P
-0.380561628248804,834.0,679.0,0.05216134824643989,3.743936260673017e-214,S81Q
-3.858713351203003,1724.0,126.0,0.09255726249129102,1.9936873735418004e-58,S81R
0.124119576624402,1162.0,1318.0,0.25351368091026927,0.0,S81T
-0.05809526355232592,1623.0,1655.0,0.03600488655491787,1.9916013123919707e-07,S81V
0.128219065831596,2416.0,2797.0,0.029898067667296295,2.43079023836551e-09,S81W
0.12430602774636611,989.0,1140.0,0.04398683287428944,2.088147943343194e-23,S81Y
-4.391706818786137,1077.0,54.0,0.13959253092744067,4.196233947228342e-31,S81_
0.3705325191649651,3070.0,4194.0,0.03734240195278334,0.0,S92A
-0.2876333781965391,768.0,673.0,0.10055391769624852,1.734723475976807e-18,S92C
0.005707204937913517,1462.0,1602.0,0.20939447662557115,0.0,S92D
-0.24891218081535682,2259.0,2014.0,0.03139911710788017,1.022290002581469e-214,S92E
0.01577028208987709,1171.0,1244.0,0.14006514724531488,0.0,S92F
0.14408899475769915,1055.0,1236.0,0.04247225363287726,5.3816198569047126e-83,S92G
-0.646468332420547,813.0,566.0,0.19724859612360654,0.0,S92H
-1.562912500880266,4196.0,1521.0,0.18151630361347798,0.0,S92I
0.10914620842367682,1105.0,1260.0,0.041808927254311234,1.0510871112651649e-19,S92K
-0.3255715059706064,1104.0,936.0,0.044958180975706766,3.002757187616233e-75,S92L
-0.1403216412558605,1273.0,1223.0,0.043871786008295374,2.904280678797666e-11,S92M
-0.75409348469715,764.0,489.0,0.1357343167820239,6.938893903907228e-18,S92N
0.05995823878264483,905.0,987.0,0.18185487401360037,0.0,S92P
0.24110699514363626,664.0,843.0,0.15362109966165802,0.0,S92Q
-0.033047232480266635,888.0,919.0,0.047587734394372534,4.66480726205463e-33,S92R
-0.08265110635121153,679.0,678.0,0.05477969827133919,1.538049199285978e-20,S92T
-0.21870391146478668,1076.0,989.0,0.10183512076324841,0.0,S92V
-0.07391234167619594,1002.0,1008.0,0.0959841592385298,1.734723475976807e-18,S92W
0.04320776728089163,661.0,726.0,0.05423163318622535,1.0306042119833033e-84,S92Y
-4.361493800267787,1263.0,65.0,0.12740415504351085,3.1283718116081596e-26,S92_
-0.14283135681719705,1343.0,1296.0,0.03953648171023087,6.486888181902637e-72,S97A
-0.13694757724507065,730.0,703.0,0.05328468446371275,4.262537965591954e-39,S97C
-0.49119594068180844,962.0,727.0,0.05269341198901766,9.022313653562347e-10,S97D
-0.1457456091960877,1138.0,1087.0,0.04295773496068821,1.1119227841032774e-33,S97E
-1.1232077015408746,1382.0,673.0,0.047499348604821,2.745234960030431e-50,S97F
-0.2762768667450291,895.0,787.0,0.09582944016420435,0.0,S97G
-0.7588174097741214,2605.0,1635.0,0.07047091418626933,0.0,S97H
-0.3358998282874341,1397.0,1175.0,0.040179214110707476,2.7104647585858565e-260,S97I
-3.3625680396755486,1029.0,106.0,0.10222340703751227,3.65964013460353e-22,S97K
-2.006032808830336,1080.0,291.0,0.19238945056661363,2.7755575615628914e-17,S97L
-0.28614320641742047,957.0,829.0,0.08612491642897674,0.0,S97M
-0.16302742762921643,803.0,760.0,0.05107699356832822,2.534364928363253e-109,S97N
-0.10305894396103624,911.0,892.0,0.0476236320118754,7.860567218647656e-163,S97P
-0.22620094737789168,1388.0,1255.0,0.07608305878533167,0.0,S97Q
-4.085040845648113,738.0,46.0,0.1521788451558918,9.10842725288502e-30,S97R
-0.1205099231776452,891.0,863.0,0.11946766462331289,0.0,S97T
0.18237811214645352,1074.0,1288.0,0.041910994895053705,8.20757338165664e-36,S97V
-4.2266455124062405,1326.0,79.0,0.3369520704777665,0.0,S97W
-1.542312499934673,1039.0,375.0,0.16655765743857026,0.0,S97Y
-4.254823510160564,1154.0,64.0,0.1285816212846657,2.3118343829106607e-86,S97_
0.10667697857811279,1509.0,1725.0,0.03840120594030728,1.215100154825996e-10,T113A
0.10452381216885687,1607.0,1813.0,0.14576843719825366,6.938893903907228e-18,T113C
-0.030465682902778037,729.0,767.0,0.10350040089102475,0.0,T113D
0.03307034748753976,1201.0,1295.0,0.10198437119396317,0.0,T113E
-0.09021264382237237,1050.0,1045.0,0.05822750606972191,0.0,T113F
-0.0858026263331469,1972.0,1960.0,0.07821147670477034,0.0,T113G
-0.09264928552199253,762.0,760.0,0.051765662493398694,1.1653379849442921e-30,T113H
-0.3855389970859988,1521.0,1219.0,0.15882741220131655,0.0,T113I
-1.8572023020913695,979.0,287.0,0.06748063203372168,2.0674025527472408e-113,T113K
0.025798189173827066,1359.0,1459.0,0.09379979512172391,3.469446951953614e-18,T113L
0.06650194709480754,1720.0,1911.0,0.033934385825582926,0.0,T113M
0.05568670293016411,840.0,925.0,0.06508518035097194,4.336808689942018e-19,T113N
0.0633433910752363,680.0,761.0,0.10597366753326912,0.0,T113P
-0.023915442901148932,365.0,383.0,0.07499033759406376,4.209598310983358e-07,T113Q
-2.9242899969639233,1480.0,207.0,0.07453279320566795,1.8584336019160496e-194,T113R
-0.10347462958797848,1048.0,1029.0,0.06367664119649052,0.0,T113S
0.2700998867132483,397.0,507.0,0.06742961985818216,1.559687852976696e-56,T113V
-0.12243390194995286,1229.0,1183.0,0.171117438717307,0.0,T113W
-0.008798211721571778,942.0,992.0,0.04615511478813962,4.1778020976784483e-07,T113Y
-4.042673894443505,991.0,63.0,0.3040219275470822,0.0,T113_
0.012317549498681347,2548.0,2733.0,0.0709530763472213,0.0,T184A
0.07529360286597715,1606.0,1785.0,0.08105862852956826,3.469446951953614e-18,T184C
0.02418695540522992,1555.0,1672.0,0.06381276741375445,0.0,T184D
-0.15460407751746721,1097.0,1060.0,0.1456522078253366,0.0,T184E
-0.03669045724136967,1405.0,1467.0,0.0814467524279424,0.0,T184F
0.08289342447193106,1541.0,1730.0,0.035691787089841755,1.4983953910621925e-264,T184G
0.11891730048086084,871.0,1000.0,0.046893461865290344,2.695169381370261e-13,T184H
0.08084682197946823,1715.0,1920.0,0.03392923411594848,7.524527186976432e-82,T184I
0.06026022471279596,2043.0,2256.0,0.031291779385359285,7.718083997228511e-106,T184K
-0.888329628085633,2868.0,1637.0,0.0317207309257697,0.0,T184L
0.05213151109276423,508.0,556.0,0.10875287957716906,6.938893903907228e-18,T184M
0.007519797173403714,1852.0,1962.0,0.0978050823497456,3.469446951953614e-18,T184N
0.013725564483497375,1363.0,1466.0,0.03825278082623669,2.443191388988118e-247,T184P
0.004816736946442546,1332.0,1417.0,0.03877347092327062,6.031829520497786e-116,T184Q
0.058917551055689146,1004.0,1105.0,0.0646452146815031,0.0,T184R
-0.415531720208186,1716.0,1360.0,0.08939515042391283,3.469446951953614e-18,T184S
0.11679822614215975,1170.0,1340.0,0.051001279447386534,0.0,T184V
-0.1216063703325947,2286.0,2219.0,0.06344555786463255,0.0,T184W
0.009631492840139096,1520.0,1625.0,0.03634817404518708,1.4957843238024566e-37,T184Y
-3.0223574087512115,820.0,106.0,0.3385149887691324,0.0,T184_
0.03525931300630482,1712.0,1862.0,0.034186613543874665,1.3457441796328699e-38,T185A
0.03588156684867742,1100.0,1192.0,0.04236305388522511,6.4037763666267875e-31,T185C
0.17385476471331412,1193.0,1420.0,0.062518561377548,8.673617379884035e-19,T185D
-0.019341995711392165,1050.0,1096.0,0.06231432080288226,0.0,T185E
0.0641075471593555,1738.0,1931.0,0.03377974133857244,7.805438814126123e-11,T185F
0.06602132422109129,1337.0,1484.0,0.03831573155923435,2.3843997743680127e-20,T185G
0.00019602673625146796,574.0,609.0,0.05862634650315193,1.8310544468321313e-50,T185H
0.1258946363723933,1745.0,2014.0,0.07626460015828673,3.469446951953614e-18,T185I
0.046243749918810834,711.0,772.0,0.15375965733855929,0.0,T185K
0.008735573737802135,1334.0,1416.0,0.08727786894585546,5.204170427930421e-18,T185L
0.024717643582469282,1893.0,2063.0,0.13079553581192546,6.938893903907228e-18,T185M
0.03906832782924259,901.0,988.0,0.09800704833738563,0.0,T185N
0.18573483831230939,1910.0,2305.0,0.04648999064360068,0.0,T185P
-0.03721384692324301,2440.0,2521.0,0.029209749866090377,7.6087639495865e-89,T185Q
0.05338946049167735,2363.0,2600.0,0.029231223855282366,7.013441654457685e-108,T185R
0.2763010239768968,2306.0,2973.0,0.05557942881052219,1.734723475976807e-18,T185S
-1.7957808686574808,4190.0,1283.0,0.051172541989694835,0.0,T185V
0.05437060812277687,1861.0,2052.0,0.032743305856315054,1.611897068525504e-27,T185W
0.09130463470249467,786.0,888.0,0.04945812669455328,1.911803279468479e-122,T185Y
-4.150048241471091,807.0,48.0,0.14878830105626628,1.373443176173472e-19,T185_
-0.2661317113855513,2343.0,2108.0,0.2067151914738666,1.3877787807814457e-17,T197A
0.09387337252904131,1586.0,1768.0,0.23625201245658856,0.0,T197C
-0.1833099922052927,1362.0,1260.0,0.16636656840603906,0.0,T197D
-0.05587030846615562,2225.0,2265.0,0.030627327601844244,2.3064278016864046e-41,T197E
-0.01043472442286966,1425.0,1498.0,0.042038527525218285,6.151665548487228e-14,T197F
0.0005320568191668558,1556.0,1650.0,0.03599372703879271,2.037626830820832e-145,T197G
0.1484009831966262,927.0,1083.0,0.10555952979049146,3.469446951953614e-18,T197H
0.10056444225394374,1508.0,1726.0,0.08691022538387001,1.734723475976807e-18,T197I
0.10811331028402975,1207.0,1369.0,0.12817102622038515,3.469446951953614e-18,T197K
-0.01580840130534524,2417.0,2521.0,0.09175883580816557,5.204170427930421e-18,T197L
0.23124112334581548,1258.0,1559.0,0.06730813444118036,8.673617379884035e-19,T197M
0.09375988116716728,1173.0,1326.0,0.05301774530778088,4.336808689942018e-19,T197N
-0.20118780354971774,1398.0,1282.0,0.08666751096156743,5.204170427930421e-18,T197P
0.017828887893898363,1373.0,1482.0,0.06098714677684586,0.0,T197Q
-0.4521302109684784,3362.0,2618.0,0.11880850724461973,0.0,T197R
0.15218720957053714,858.0,1008.0,0.04698975846254106,1.1629901611031337e-25,T197S
0.17782487119752394,1192.0,1407.0,0.2112636862718442,1.3877787807814457e-17,T197V
0.20631713216032851,1701.0,2080.0,0.033393968658688634,3.120261125617959e-92,T197W
-0.03361972687373943,2881.0,2985.0,0.02699723401051356,3.976067385275881e-20,T197Y
-4.501762189887269,1501.0,70.0,0.12244880826831496,1.0258209210556473e-50,T197_
0.12209322079899249,1728.0,1974.0,0.14930882901525364,0.0,T206A
0.12922459785639198,1353.0,1572.0,0.037733280926305825,1.3359020666372195e-10,T206C
-1.0902031346753163,1234.0,622.0,0.09447162794375207,5.204170427930421e-18,T206D
0.1087939303451544,1222.0,1394.0,0.03978339395328095,5.4120260255493054e-114,T206E
-0.44326817077391734,680.0,541.0,0.1632615506567292,1.3877787807814457e-17,T206F
0.12729904772712708,1858.0,2132.0,0.14138720688827178,0.0,T206G
0.01938067219046283,1299.0,1395.0,0.04920084128328396,0.0,T206H
0.5625208939147276,1301.0,2099.0,0.21911354653935697,0.0,T206I
0.17591412174485743,994.0,1187.0,0.07911599051349483,0.0,T206K
0.13861772369184874,1691.0,1961.0,0.1066927825906807,0.0,T206L
-0.010190893560148889,1611.0,1682.0,0.13086644196032116,0.0,T206M
0.25059627632774395,1014.0,1274.0,0.0744626484868632,1.734723475976807e-18,T206N
2.904591152807122e-05,1258.0,1349.0,0.15033880933712473,0.0,T206P
0.10037665071147278,1613.0,1833.0,0.04662468360827756,0.0,T206Q
-0.17549928323992608,1957.0,1834.0,0.03320584735291093,8.69315914541006e-56,T206R
0.18089396663332946,1565.0,1881.0,0.03488489625849092,3.709942448465476e-41,T206S
0.1760181230855758,1548.0,1843.0,0.10256724133162005,0.0,T206V
0.18169328011397876,1840.0,2217.0,0.03226001629177372,7.237328356171144e-22,T206W
0.17141685054324052,1906.0,2281.0,0.04658759320731483,4.336808689942018e-19,T206Y
-4.021093627485337,1442.0,94.0,0.10668655011224272,1.428496718751085e-73,T206_
0.1090116860449273,1913.0,2185.0,0.03203998504710738,2.2430509835661313e-21,T211A
0.08931996626426895,2352.0,2663.0,0.055613667913922867,0.0,T211C
-1.9271860792049529,763.0,213.0,0.13977775635241393,0.0,T211D
-1.974712182645666,1529.0,413.0,0.05591723772423627,9.449414104153833e-10,T211E
-4.053978097048561,1815.0,121.0,0.2971191345652448,5.551115123125783e-17,T211F
0.07461298490395078,1063.0,1186.0,0.04281781534040083,1.5755510517795703e-21,T211G
-3.050360509703713,1485.0,191.0,0.14238755918022872,3.469446951953614e-18,T211H
0.13457994541772977,814.0,952.0,0.04825725182298468,4.7730990267289386e-65,T211I
-1.6658852609351922,1039.0,348.0,0.062370666622845954,2.5408749157751023e-13,T211K
0.24910239896556025,1290.0,1608.0,0.16407970091278393,1.3877787807814457e-17,T211L
0.3402611726322275,877.0,1180.0,0.1421933431203978,0.0,T211M
0.2037558698414849,2027.0,2469.0,0.05209627060640638,0.0,T211N
-3.6169797740874716,2352.0,209.0,0.200642638092398,0.0,T211P
0.292542132533234,867.0,1120.0,0.04578037230287387,2.742430333020724e-59,T211Q
-3.727089949928636,1855.0,148.0,0.08736588322084195,6.19411346006616e-07,T211R
-0.07216562057135091,2284.0,2309.0,0.030293649236191867,6.295882875668019e-113,T211S
0.11339674360066847,2235.0,2588.0,0.08382178870772014,1.734723475976807e-18,T211V
-3.638715205833714,1997.0,170.0,0.08017552845917258,1.352359026954817e-15,T211W
-3.6050132888783972,1326.0,115.0,0.12889463808723353,0.0,T211Y
-3.796108515068338,5610.0,433.0,0.2936399603500602,8.326672684688674e-17,T211_
0.05854106472687829,1492.0,1639.0,0.084921043267742,0.0,T223A
-0.0799759370877297,1913.0,1916.0,0.03653014878307123,2.7946628301453447e-13,T223C
-1.287530426007518,2286.0,1002.0,0.10921992874767708,0.0,T223D
-0.5451133562086186,816.0,595.0,0.054368261341004726,2.3637872487862646e-150,T223E
-0.12551732623805748,2593.0,2518.0,0.0344739001880697,1.0842021724855044e-19,T223F
0.11226678204557154,1630.0,1868.0,0.03457977730859917,1.926775821655236e-282,T223G
-0.12243344175642606,1093.0,1066.0,0.0436196880758134,1.4077095424518398e-20,T223H
0.15166989493640548,1696.0,1982.0,0.12775711468384743,0.0,T223I
-3.880219364688715,1878.0,135.0,0.08937416567699195,7.323307166236256e-140,T223K
0.1033338456618597,1856.0,2095.0,0.13865523847586508,0.0,T223L
-0.13982454844322315,2229.0,2153.0,0.037255187437841605,1.0842021724855044e-19,T223M
-0.7350161338249493,753.0,481.0,0.05877329798960292,5.089460350459252e-54,T223N
-0.5354804323571731,1234.0,899.0,0.09576001769681183,3.469446951953614e-18,T223P
-0.03244794514472884,2086.0,2168.0,0.03142790312677362,2.752596345472921e-64,T223Q
-4.197792502830612,3137.0,183.0,0.1954938844196554,0.0,T223R
0.02455440161952681,1304.0,1400.0,0.09337319969443035,0.0,T223S
0.10874113682649107,3295.0,3768.0,0.03362249518236271,0.0,T223V
0.11367778541939183,860.0,989.0,0.047140057379019426,4.926273678005764e-272,T223W
0.05119251011162218,1830.0,2004.0,0.03942588745802899,3.2526065174565133e-19,T223Y
-4.346333637817692,1688.0,88.0,0.10954274627023891,2.0222446997918306e-67,T223_
0.02318524573639162,1473.0,1581.0,0.08004038642503428,3.469446951953614e-18,T229A
-0.07143040827722401,3078.0,3128.0,0.061183792990288394,0.0,T229C
-2.7716668315466486,3414.0,545.0,0.2519366009482327,0.0,T229D
0.1058131465960906,2231.0,2539.0,0.05029380037221867,1.3010426069826053e-18,T229E
-0.19860005527160432,1882.0,1745.0,0.05023768504202781,4.336808689942018e-19,T229F
-0.002245321442907015,1383.0,1459.0,0.06631359833634937,1.734723475976807e-18,T229G
-2.588035016669388,499.0,89.0,0.17072007289996508,0.0,T229H
-1.7482395590062154,3594.0,1130.0,0.09046927477710988,0.0,T229I
-3.56624514776275,2923.0,262.0,0.06487066461738222,1.5927064148455202e-15,T229K
-0.08237877476272282,1172.0,1180.0,0.0707802659253245,8.673617379884035e-19,T229L
0.05187829358813488,776.0,856.0,0.05003634129939726,5.956985770591247e-29,T229M
-1.379172809636482,1871.0,762.0,0.04686693343939469,6.889977715966722e-11,T229N
0.14889153756060824,2183.0,2559.0,0.029916899546416544,1.4325617558595033e-21,T229P
-0.23676182415608185,1424.0,1284.0,0.0390855906708444,7.749631978311541e-53,T229Q
-4.312033703444721,1502.0,80.0,0.11492772061824882,1.062704666202388e-40,T229R
-0.0702739822805207,2281.0,2302.0,0.03032897453174478,7.633289100509313e-39,T229S
-0.2614543675875323,971.0,858.0,0.047371793887653876,1.8001746520548033e-140,T229V
-0.4723090524438815,1732.0,1326.0,0.037128073981190314,2.5371933053160964e-186,T229W
-0.23040494628700123,1191.0,1072.0,0.07170902073168216,0.0,T229Y
-4.041887359510415,947.0,61.0,0.13228585780893706,5.452189132083695e-102,T229_
-0.06395917377318981,1713.0,1740.0,0.03472142889326081,1.1231134462658928e-157,T245A
0.06638359939970598,2292.0,2541.0,0.029599861019510936,1.8016540917738514e-85,T245C
0.12395379373766524,3033.0,3502.0,0.025713972937440016,1.7287512799203323e-18,T245D
-0.0030582692723032413,1671.0,1773.0,0.03478042528346257,2.665205605890773e-126,T245E
0.12173776898477356,2619.0,3001.0,0.10475949303228702,1.0408340855860843e-17,T245F
0.08322336898958053,1812.0,2024.0,0.0914589590626854,0.0,T245G
-2.0387523800942695,2700.0,689.0,0.1599661293585147,1.3877787807814457e-17,T245H
0.05358935413601406,2452.0,2707.0,0.02870061239146795,1.6398203205922084e-242,T245I
-3.6085726182014954,2726.0,235.0,0.15427202119223754,6.938893903907228e-18,T245K
1.0995348804568792,6354.0,14600.0,0.10091210454721089,0.0,T245L
0.1725563853903981,2078.0,2484.0,0.056654588794623865,0.0,T245M
-0.8006673482698052,1470.0,905.0,0.12851285555002506,0.0,T245N
-0.06266356530797197,2560.0,2609.0,0.04327013376091769,0.0,T245P
-0.4397672330357127,1927.0,1509.0,0.03506467756428364,7.573169278241104e-20,T245Q
-4.454238697777018,4874.0,236.0,0.06699379393523781,3.027566468744978e-86,T245R
-0.10119566405668651,3484.0,3451.0,0.03997855859248401,6.505213034913027e-19,T245S
0.14701968746947094,2814.0,3302.0,0.02653852729167619,5.170907886785843e-57,T245V
-0.13503557229525529,1709.0,1633.0,0.20476203992376552,0.0,T245W
-0.4659111476844366,2899.0,2222.0,0.0290066310784336,3.800925568653916e-08,T245Y
-4.1585649073816064,2829.0,168.0,0.07970683832064873,3.12301537314252e-116,T245_
0.06700613199909994,2118.0,2344.0,0.06040206455974563,1.734723475976807e-18,T270A
-0.14367893165456433,2468.0,2367.0,0.029575010045669262,2.0070190510087709e-26,T270C
0.00690570618709353,2033.0,2176.0,0.06805568402578303,0.0,T270D
0.38966015714482843,12664.0,17899.0,0.255134182554421,0.0,T270E
0.03431351723975376,1897.0,2062.0,0.03253109101026304,1.647311211888295e-20,T270F
0.36595049849552047,1295.0,1778.0,0.06745282068969255,0.0,T270G
-0.03950023147840327,1462.0,1514.0,0.03732358220866178,5.281339636370797e-12,T270H
0.01676274076699985,3092.0,3316.0,0.02590733821528661,1.205442584625592e-187,T270I
-0.03973600233233418,2362.0,2438.0,0.029670933107184227,1.2102859815734893e-67,T270K
-0.07090584628114806,1984.0,2004.0,0.032406469148948264,1.0793724035203686e-64,T270L
-0.050420405922342065,1715.0,1756.0,0.0359945681965054,8.925112506284793e-09,T270M
0.05121784247556269,3458.0,3786.0,0.0601277102470626,3.469446951953614e-18,T270N
0.009518877109167082,1468.0,1565.0,0.036973817517223125,1.2830960658306015e-140,T270P
0.15773171567806288,1221.0,1445.0,0.061493654762466994,0.0,T270Q
-0.4106553732273445,1984.0,1583.0,0.20889724536895002,1.3877787807814457e-17,T270R
0.04627804882929638,1496.0,1644.0,0.09549604993211833,5.204170427930421e-18,T270S
0.02020733563568918,2778.0,2992.0,0.02720955138877228,8.086763346530724e-74,T270V
-0.05027061297480983,2157.0,2206.0,0.05486345893834767,1.734723475976807e-18,T270W
-0.011593229489997185,2620.0,2745.0,0.07242472655639162,5.204170427930421e-18,T270Y
-4.402480415045826,2735.0,137.0,0.0878315645098151,1.34694861380948e-25,T270_
-0.03295010001981132,1721.0,1785.0,0.03447485932957406,8.37850624036298e-98,T294A
-0.03200652147280399,1426.0,1462.0,0.17465226834662728,0.0,T294C
0.047947800570377425,2386.0,2627.0,0.0437578817132727,0.0,T294D
-0.028613545604867785,2481.0,2581.0,0.044225200963422695,0.0,T294E
0.2550381524786693,4154.0,5251.0,0.02993159186899885,4.336808689942018e-19,T294F
0.0231668379762152,2714.0,2934.0,0.03806151840741757,2.168404344971009e-19,T294G
0.13448874391814813,2251.0,2608.0,0.06056289284399479,8.673617379884035e-19,T294H
0.2296433859553492,2044.0,2535.0,0.03050178816043124,1.9084e-319,T294I
0.9221010774601481,5604.0,11340.0,0.07867862506910075,0.0,T294K
0.16050556508368258,2261.0,2674.0,0.029371124650362904,5.461679120175426e-139,T294L
0.044786469991582846,1598.0,1743.0,0.059919394080118836,1.734723475976807e-18,T294M
0.2100419627791998,556.0,681.0,0.05763224473536025,4.298680408489774e-15,T294N
-0.15188097188699698,1728.0,1659.0,0.08770938477138607,1.734723475976807e-18,T294P
-0.10650587483593354,2589.0,2545.0,0.0287263780498282,2.2881957078291569e-10,T294Q
0.2772995491736029,1867.0,2393.0,0.03161753054058482,4.618133016944313e-17,T294R
-0.03203867753135382,2011.0,2088.0,0.03198328261049195,5.163799043906082e-254,T294S
0.14232608233705984,1990.0,2329.0,0.03127674132706129,3.8409037000569117e-81,T294V
-0.6947189897626846,2970.0,1970.0,0.22737138026680992,0.0,T294W
0.05282816947557255,3058.0,3371.0,0.05726046022528717,8.673617379884035e-19,T294Y
-4.248856081312758,1723.0,102.0,0.41251876654361735,5.551115123125783e-17,T294_
-0.10519744224425423,1459.0,1427.0,0.13918070681964745,0.0,T314A
-0.024649059732515913,2036.0,2148.0,0.11500092591587575,3.469446951953614e-18,T314C
-0.45051359849803246,3884.0,3007.0,0.10022481510225957,0.0,T314D
0.2568699271617919,3877.0,4886.0,0.08258771451070508,0.0,T314E
0.05201726302603776,3785.0,4157.0,0.02346948546344951,6.132785098185278e-148,T314F
0.20606118719309652,3813.0,4661.0,0.03360071585391163,2.168404344971009e-19,T314G
0.2651183180047002,2505.0,3204.0,0.05177638626344354,4.336808689942018e-19,T314H
-0.11609117615557762,3224.0,3157.0,0.03846605555472549,0.0,T314I
0.0029171678646842214,1337.0,1419.0,0.03872632431604158,5.275672850494958e-160,T314K
-0.10838931821037362,3014.0,2963.0,0.05358483290718413,0.0,T314L
-0.2780400364559065,1627.0,1422.0,0.0369589429965572,3.3241823095709033e-28,T314M
0.21540655031526298,1829.0,2253.0,0.032197669301416196,4.6681281679801995e-09,T314N
-0.484329349476539,2841.0,2144.0,0.07591522364272947,0.0,T314P
-0.666437056362662,5121.0,3437.0,0.09718894881891833,0.0,T314Q
-0.06690484976953641,2074.0,2098.0,0.03170696910121625,4.305312226633553e-144,T314R
0.19858359895147165,2599.0,3147.0,0.07563984631345623,0.0,T314S
-0.008667451811551992,3362.0,3538.0,0.025024607782495947,5.102164646587115e-135,T314V
-0.1495173365598911,1226.0,1194.0,0.09746435546334203,5.204170427930421e-18,T314W
0.2598551711110781,1059.0,1348.0,0.042513194528040026,1.2517900231946689e-07,T314Y
-4.3341787079993255,3937.0,208.0,0.08987186789415051,0.0,T314_
0.1268891277235924,3776.0,4367.0,0.023236649495334192,6.557161551736272e-238,T334A
0.04375940529097816,3702.0,4043.0,0.023746283900195096,2.4850693716101283e-15,T334C
-4.42798414211286,2959.0,151.0,0.26364626177348194,1.3877787807814457e-17,T334D
-0.08963054451922323,2747.0,2722.0,0.08592321611294651,0.0,T334E
1.1892717907679962,5441.0,13215.0,0.06982598295689335,0.0,T334F
0.1671831509774636,2886.0,3429.0,0.04312495951181338,4.336808689942018e-19,T334G
0.18263630218182852,2795.0,3361.0,0.026490658812120243,1.1887909027088483e-97,T334H
1.1288026323728761,6214.0,14531.0,0.09034314758506519,0.0,T334I
-3.1007131907120127,3043.0,376.0,0.06242369103621077,3.019416314198331e-14,T334K
0.1930804322674122,2324.0,2820.0,0.028841300507453056,9.755742708137103e-26,T334L
-0.058316851555309544,2637.0,2688.0,0.034348540115076466,0.0,T334M
-3.141204172647935,3191.0,392.0,0.15857237452406292,2.0816681711721685e-17,T334N
-4.187863504958527,3120.0,180.0,0.2227462193270461,0.0,T334P
0.14007018426188353,1843.0,2156.0,0.0397178900189363,0.0,T334Q
-3.860772629202179,2463.0,180.0,0.07751419717648693,0.0,T334R
-0.33237684795271755,3479.0,2938.0,0.1154032486392496,0.0,T334S
0.18137549036929354,3523.0,4235.0,0.02379832979441794,1.9331455191305985e-23,T334V
0.010237906256905134,4859.0,5172.0,0.05137563909777679,0.0,T334W
0.19999229862407036,2981.0,3647.0,0.08205378406314606,3.469446951953614e-18,T334Y
-4.091637441884296,1658.0,103.0,0.10211007021193814,2.2107726391985187e-06,T334_
0.007968029756671463,3401.0,3627.0,0.024821800854144524,2.4616946449818575e-58,T336A
0.14132706411788915,2866.0,3339.0,0.06460154609193061,8.673617379884035e-19,T336C
0.21577682050797112,1530.0,1874.0,0.0667161427584103,0.0,T336D
-0.0026655942473702158,2454.0,2594.0,0.028975055134941894,6.093696768739008e-181,T336E
0.27520210274273527,1464.0,1868.0,0.08985770376903579,1.734723475976807e-18,T336F
0.05497912695906127,2380.0,2622.0,0.02912281917090603,2.555740337382058e-146,T336G
-0.2793929001962852,2787.0,2431.0,0.028585301992123866,4.643739727911666e-18,T336H
0.350019081216694,593.0,805.0,0.05455095583020829,3.81222362593311e-50,T336I
-1.5997222452223707,1591.0,558.0,0.04968215307831935,6.066390228851393e-233,T336K
0.26368143830134805,2671.0,3391.0,0.06315075503586762,8.673617379884035e-19,T336L
0.037734832049094086,2729.0,2958.0,0.039734881723691086,2.168404344971009e-19,T336M
0.11169687298869421,2424.0,2780.0,0.02861984193742674,2.53371190984233e-34,T336N
-3.8550077002927794,2611.0,191.0,0.07526001150868356,2.748317253953815e-46,T336P
-0.07058552385995352,1384.0,1396.0,0.03855397892981677,1.8053539618401434e-147,T336Q
-1.3259338318297709,5522.0,2342.0,0.10940805068232408,6.938893903907228e-18,T336R
-0.08300871312490768,3502.0,3505.0,0.024841619675192377,4.156311282398665e-156,T336S
0.24346797195578287,3212.0,4034.0,0.02461076332854833,3.1639362883533665e-21,T336V
0.045720604142356985,2764.0,3034.0,0.027169171796222653,1.7473999139137292e-28,T336W
0.03971830603996409,3284.0,3582.0,0.025096833220704457,1.9364770019763768e-208,T336Y
-3.713324162611132,2501.0,202.0,0.07737010339168379,6.748923188533429e-09,T336_
-0.8628471560455508,3039.0,1786.0,0.09877764762335609,0.0,T36A
0.0017195212091909017,1577.0,1677.0,0.03574846444695108,6.867728118882154e-73,T36C
-0.026139842614569062,707.0,738.0,0.053096757877315964,1.0866606772671624e-124,T36D
-0.36726727144508897,1702.0,1399.0,0.03672631670033143,3.954478703714393e-53,T36E
-0.1627729681009456,1637.0,1574.0,0.14464437547213507,0.0,T36F
-0.11032590684162238,1016.0,1015.0,0.15781913713394513,2.7755575615628914e-17,T36G
-0.02681125016222,1199.0,1250.0,0.04101740706187167,5.791463950282711e-64,T36H
-0.4883495910611803,3023.0,2282.0,0.03942451972514692,0.0,T36I
-0.03982622065184026,1356.0,1389.0,0.11357690765188408,0.0,T36K
-0.04970186757112339,985.0,1009.0,0.09327474788556323,1.734723475976807e-18,T36L
-0.4296721115397531,658.0,519.0,0.05912419693326422,2.3807983137933728e-201,T36M
-0.07142319315478331,1636.0,1651.0,0.035558876597335295,3.616675539412235e-73,T36N
-0.1629559582063359,1420.0,1349.0,0.03865464847098577,1.008860761501842e-18,T36P
-0.19289589198256704,1780.0,1661.0,0.0647888858734068,0.0,T36Q
1.1196707691655101,9.0,21.0,0.8954467968280075,2.220446049250313e-16,T36R
0.16996437210651266,2131.0,2549.0,0.042960065458099474,0.0,T36S
-0.12876637771512664,2443.0,2369.0,0.03913157887645908,0.0,T36V
0.018234935077248916,1531.0,1654.0,0.07455248420742831,0.0,T36W
-0.095958416544617,1077.0,1065.0,0.04374896417994373,4.368881546180887e-19,T36Y
-4.517925098245088,415.0,20.0,0.438653432950113,0.0,T36_
-0.05592002626408251,1207.0,1226.0,0.07692525013983949,0.0,T60A
0.01200132555065836,2486.0,2671.0,0.0342507861116618,3.2526065174565133e-19,T60C
0.2139333879483195,2350.0,2875.0,0.08394672773810387,3.469446951953614e-18,T60D
0.17334261790682173,1665.0,1986.0,0.033931775175779465,3.4707349136483876e-94,T60E
0.06969112815092526,1312.0,1451.0,0.10513639452530443,6.938893903907228e-18,T60F
-0.0720983039287957,2397.0,2425.0,0.02960051794643946,6.868504885823808e-214,T60G
-0.020759972781725505,1127.0,1186.0,0.12385835807891293,0.0,T60H
-0.0535683715397531,2147.0,2194.0,0.04155516001938532,0.0,T60I
-0.7204211746557844,4160.0,2665.0,0.038091045350198915,2.168404344971009e-19,T60K
0.04490286002494089,1700.0,1872.0,0.08648820847249868,0.0,T60L
0.07302626087496011,1114.0,1237.0,0.07926222740454383,0.0,T60M
-0.026059629552641243,1403.0,1472.0,0.07324096841188078,8.673617379884035e-19,T60N
0.13432406824668205,589.0,685.0,0.05663404237658402,1.5849279953196923e-201,T60P
-0.17527320547177672,780.0,730.0,0.06845637286235269,8.673617379884035e-19,T60Q
-0.5984396099636768,2524.0,1773.0,0.17428379564404523,0.0,T60R
0.06860965521334765,1588.0,1760.0,0.07284503144894083,0.0,T60S
0.21252255390770453,700.0,865.0,0.13824848675234128,0.0,T60V
-0.02016821282897251,712.0,742.0,0.09499614603169906,0.0,T60W
0.11822925180465274,1299.0,1492.0,0.04344907988801907,1.4572110879074174e-14,T60Y
-4.397304488951824,1362.0,68.0,0.17481605867911817,0.0,T60_
-0.01291495885892606,1025.0,1084.0,0.050880365614645824,7.418111264145821e-16,V108A
-0.32625222747570903,1154.0,970.0,0.1061297709123301,3.469446951953614e-18,V108C
-2.4631958760693102,1630.0,330.0,0.29406031315522063,5.551115123125783e-17,V108D
0.1553020911427393,1339.0,1581.0,0.03777073395017712,1.0709482112695622e-208,V108E
-0.6389729647393853,676.0,460.0,0.0608677301017009,8.490069063914217e-98,V108F
-0.23648535521327887,1915.0,1727.0,0.03388207955560515,7.68830637692103e-188,V108G
-0.31211980422031765,1101.0,942.0,0.04527746766397049,4.1040494880039454e-07,V108H
-0.07660909822257747,1594.0,1608.0,0.05499117334681687,0.0,V108I
-0.25204993600322295,1282.0,1140.0,0.041273454676405114,1.1446734933205468e-11,V108K
-0.45458676230048856,1266.0,985.0,0.05409505535509109,0.0,V108L
-0.5490590225131566,2116.0,1531.0,0.03423899189231456,6.170047761955308e-96,V108M
-0.2727201913699438,1129.0,990.0,0.04758621435224598,3.303745590901158e-11,V108N
-4.115400009267646,1238.0,75.0,0.24884255089807067,0.0,V108P
0.07644189658767174,1155.0,1296.0,0.09073140014192647,0.0,V108Q
-2.364263438976967,1275.0,261.0,0.11856864196810217,0.0,V108R
-0.13233462724076017,801.0,772.0,0.07768769331867366,0.0,V108S
-0.5933307798233686,1058.0,744.0,0.04834997116167673,2.708023470676931e-207,V108T
-4.475574701988797,1098.0,52.0,0.3352718239726127,0.0,V108W
-4.05654289932332,1251.0,79.0,0.18527618356705886,0.0,V108Y
-3.9983234492988977,1576.0,104.0,0.13812161119600044,0.0,V108_
0.6112256271791194,1550.0,2510.0,0.03301995023621202,2.626968269417248e-251,V112A
0.11526256986077967,1469.0,1678.0,0.09269625639766098,0.0,V112C
-0.03784932019452579,737.0,761.0,0.052171218137573354,1.5157080659472957e-53,V112D
-0.15214824009393224,703.0,673.0,0.054366440548363024,3.780373078654711e-59,V112E
-2.546361433636586,1012.0,184.0,0.08047233609125168,2.15462951593026e-68,V112F
-0.44068431982773865,1851.0,1444.0,0.058557282458170046,0.0,V112G
-0.24930131571608166,1443.0,1280.0,0.0894134089379357,1.734723475976807e-18,V112H
-0.2876675580458684,645.0,562.0,0.11779579770026886,0.0,V112I
-0.8171603460417384,831.0,502.0,0.0714949836697358,0.0,V112K
-0.6422536541212908,1121.0,766.0,0.06231789405571435,0.0,V112L
-0.9885808013666694,1220.0,651.0,0.049029535893468014,0.0,V112M
-0.3421145621478286,668.0,553.0,0.16543145964280034,0.0,V112N
-3.9690134356047895,922.0,62.0,0.26430147416211575,0.0,V112P
-2.0024616892362994,2836.0,762.0,0.1650255177664622,0.0,V112Q
-4.146501875051836,1282.0,85.0,0.569767077260236,2.220446049250313e-16,V112R
-0.09134710191291778,1513.0,1505.0,0.0389165506388949,2.1084703867840088e-09,V112S
0.018244062680434076,1836.0,1992.0,0.08531706183491682,0.0,V112T
-4.6456194298150315,1233.0,52.0,0.14203032313624436,3.4180438572521806e-06,V112W
-3.184619940229675,2291.0,268.0,0.0649133779621352,1.2907173776530668e-34,V112Y
-4.149479155108742,1432.0,86.0,0.11124395390844953,9.254451942375574e-113,V112_
-0.31714366440266234,1238.0,1055.0,0.04245279564112273,1.0979052632220437e-40,V119A
-0.18185092095585073,1130.0,1063.0,0.1026551098662816,3.469446951953614e-18,V119C
-0.0575890814633592,769.0,779.0,0.10813643348136408,6.938893903907228e-18,V119D
-0.469969415215771,813.0,630.0,0.2059861994251335,1.3877787807814457e-17,V119E
-0.22649530152998001,1475.0,1338.0,0.03839177529194085,5.674903649617478e-17,V119F
-0.020153858522248963,908.0,940.0,0.1501462330340525,0.0,V119G
-0.26390030202154185,613.0,528.0,0.2651658977862267,2.7755575615628914e-17,V119H
0.18070198099056728,491.0,594.0,0.18595545596087681,6.938893903907228e-18,V119I
-0.3666114935123554,1290.0,1066.0,0.0465550119107449,5.552544101589119e-13,V119K
-0.012704001827491576,708.0,747.0,0.14587310979555687,0.0,V119L
-0.38050114514959144,1557.0,1274.0,0.05776173080030867,1.734723475976807e-18,V119M
-0.5899143369383353,1563.0,1108.0,0.1160977077280644,0.0,V119N
-0.6206385258121667,957.0,659.0,0.05109006569457779,1.418441981143652e-07,V119P
-0.6544720114012261,880.0,591.0,0.08285964294219339,0.0,V119Q
-1.201734102865512,935.0,435.0,0.135213099173357,0.0,V119R
-0.11614381712501566,908.0,892.0,0.11313925720919345,0.0,V119S
0.06542970677676022,764.0,850.0,0.050344827948514775,3.7879481834419424e-137,V119T
-0.6611677380343027,771.0,518.0,0.057269850947636175,9.259454396264483e-48,V119W
-0.47590475733592763,535.0,407.0,0.0661273715966105,1.518811534609007e-24,V119Y
-3.9760824901664065,877.0,59.0,0.13468553911339937,1.0777452477927544e-98,V119_
-0.029834169852028903,366.0,379.0,0.11470396929058087,3.469446951953614e-18,V153A
0.06150420562045751,1085.0,1205.0,0.04240661935131375,1.85336116087228e-48,V153C
-0.20934949198013622,817.0,749.0,0.051049647829260726,1.1895980188715878e-46,V153D
-0.032503517578550065,853.0,881.0,0.04852453364392993,3.2302936069873332e-62,V153E
-1.5429256010613353,1532.0,556.0,0.11183773719588737,0.0,V153F
-0.3023971768208387,1207.0,1038.0,0.04524568809220991,1.5877257963773685e-09,V153G
-0.09283007583047628,991.0,974.0,0.20253412240188992,1.3877787807814457e-17,V153H
-0.2734263483402211,1577.0,1382.0,0.05611035263145652,4.336808689942018e-19,V153I
-0.30396532237893986,628.0,537.0,0.059220398072139226,2.0876765574539492e-68,V153K
0.0999216369721092,1260.0,1430.0,0.05970345560237221,0.0,V153L
-0.6225783405815879,2025.0,1397.0,0.07597648761761355,0.0,V153M
-0.18735420206890777,1274.0,1185.0,0.040940362783899384,1.291974123926732e-186,V153N
-0.08389038976410829,1601.0,1612.0,0.04265165919684018,2.8189256484623115e-18,V153P
-0.3712848466569849,1084.0,892.0,0.04940934758699155,5.1601125390828007e-11,V153Q
-0.10961919664994256,1358.0,1334.0,0.06130386349897493,2.6020852139652106e-18,V153R
-0.15275509256617864,1422.0,1349.0,0.08554259048495791,0.0,V153S
-0.3330175763257956,1172.0,998.0,0.1388938649801565,0.0,V153T
-0.057236354578482355,425.0,435.0,0.09774987542491718,1.734723475976807e-18,V153W
-0.2741253120342003,1205.0,1053.0,0.04275101892602658,3.0581298073879678e-152,V153Y
-4.570162117750398,1480.0,66.0,0.1259685337884943,5.581765934390882e-22,V153_
0.002992825097550614,1596.0,1704.0,0.065685823080679,0.0,V174A
0.0309814177434891,1568.0,1692.0,0.060532384596305,4.336808689942018e-18,V174C
0.05323986094218435,1605.0,1768.0,0.03515496665252337,1.1935486903058424e-126,V174D
0.03145588946113164,1708.0,1850.0,0.03425451439762994,4.671252637042007e-69,V174E
0.01549670493417731,2027.0,2160.0,0.0857222777339117,5.204170427930421e-18,V174F
-0.08743628832816058,1655.0,1652.0,0.05157879643096214,4.336808689942018e-19,V174G
-0.18942504014645295,610.0,570.0,0.07498352414800247,0.0,V174H
-0.25404476001308823,1217.0,1082.0,0.042337731357593965,1.0269955902751211e-37,V174I
-0.09516449996473005,940.0,943.0,0.10490512933056774,0.0,V174K
-0.03706591747343215,1740.0,1795.0,0.04306590826794476,0.0,V174L
-0.0388408649332624,1942.0,2005.0,0.032562388065318165,2.1236271543062058e-175,V174M
-0.11099889020931188,2711.0,2685.0,0.10326985717235361,0.0,V174N
-0.518253693333768,814.0,600.0,0.05433607083336804,4.7484161836382614e-07,V174P
-0.05085589485535674,814.0,835.0,0.04974378754397109,2.0975421719790554e-272,V174Q
-0.3422104869976839,713.0,593.0,0.1107162845891318,0.0,V174R
-0.03736801824357407,1278.0,1323.0,0.055049388215605774,0.0,V174S
-0.09859703423803277,1569.0,1560.0,0.07104318326959898,2.6020852139652106e-18,V174T
-0.16647197670645245,1628.0,1541.0,0.036206457315289244,1.2567728196471396e-56,V174W
-0.1181982957597278,1341.0,1315.0,0.06984894045675877,3.469446951953614e-18,V174Y
-4.3895400001109985,1357.0,68.0,0.35257836024529654,0.0,V174_
0.16979773423696526,803.0,959.0,0.06621228799330861,8.673617379884035e-19,V175A
0.02105086729893898,1505.0,1626.0,0.03642881284928534,4.9273069816089884e-95,V175C
0.0593983195840301,1343.0,1477.0,0.08590940130893121,0.0,V175D
0.11831652020843428,1223.0,1410.0,0.03969213672284273,9.900068206231963e-31,V175E
-0.2181711768697689,1855.0,1696.0,0.06987947039460787,1.734723475976807e-18,V175F
-0.02492410938901453,1588.0,1643.0,0.1158510636408091,0.0,V175G
0.07076227860014547,1127.0,1258.0,0.041587621416735006,1.3176744452413372e-160,V175H
-0.1054903456210852,1343.0,1319.0,0.06113035578666383,0.0,V175I
0.008318050835923586,1788.0,1905.0,0.03364492219085365,3.526248508560113e-13,V175K
-0.015499879071783133,1196.0,1261.0,0.10521921972320751,3.469446951953614e-18,V175L
-0.029780570861999676,1028.0,1066.0,0.04425817226767945,3.578493527687389e-288,V175M
-0.12972632507159254,1828.0,1770.0,0.03405656291611471,4.699734198449044e-13,V175N
-0.1848810868640279,2195.0,2059.0,0.06703146074892885,8.673617379884035e-19,V175P
0.05907867986617981,603.0,668.0,0.05665876954221986,2.5538794003720243e-08,V175Q
-0.10124639488990518,2087.0,2062.0,0.03180143476673492,3.5311720110381905e-41,V175R
0.0911361410809986,1582.0,1803.0,0.10435768117964359,0.0,V175S
-0.18638294687212037,1536.0,1428.0,0.05663646634210708,0.0,V175T
-0.1385670692953887,1224.0,1180.0,0.04136091805074937,3.1085839249923925e-12,V175W
-0.04116198372424937,711.0,731.0,0.0531658762413889,3.0715460558820267e-28,V175Y
-3.9214667374821266,1336.0,93.0,0.1409049788161045,0.0,V175_
-0.014270367206105784,1064.0,1117.0,0.04337925146616181,1.6232186422683129e-41,V203A
-0.06650300985017747,2517.0,2553.0,0.0290737327634714,1.7512917782705958e-07,V203C
0.006691518680719811,2045.0,2177.0,0.03153969601923082,5.608967373261287e-92,V203D
0.03431651932148716,789.0,859.0,0.0497991403140941,6.98556384085787e-295,V203E
-0.05633573717753085,1404.0,1427.0,0.06660783320508759,0.0,V203F
-0.0016901584536739088,1266.0,1343.0,0.039774023124437605,1.568666568402611e-239,V203G
-0.6738580685149331,2016.0,1345.0,0.09558531475171378,3.469446951953614e-18,V203H
1.045700287766309,3035.0,6680.0,0.12700411035000336,0.0,V203I
-0.21050489891340346,676.0,621.0,0.056008916830777855,7.94418359251046e-61,V203K
-1.2725138755290448,3284.0,1452.0,0.14580443519439748,0.0,V203L
-0.09104259255687676,1467.0,1457.0,0.037615805269224166,5.94458581900883e-132,V203M
0.0655465880587023,1565.0,1734.0,0.049869615339454824,0.0,V203N
0.03669540996083471,2282.0,2478.0,0.03426821583725017,2.1358782797964437e-16,V203P
-0.3794043311826226,1881.0,1533.0,0.04514453087498289,2.168404344971009e-19,V203Q
-0.0795416835286458,2035.0,2041.0,0.032056510441597796,1.2179620012098625e-44,V203R
0.0681487576144824,1529.0,1693.0,0.07358729937157917,0.0,V203S
0.01823763369584197,1542.0,1646.0,0.10451772227917717,6.938893903907228e-18,V203T
0.11431289751039493,1846.0,2127.0,0.08010866416736648,0.0,V203W
0.10438266400372732,1634.0,1865.0,0.03457115922061989,2.0891914097058815e-223,V203Y
-4.890541100552404,2328.0,83.0,0.11192646953261211,6.416813587951577e-27,V203_
0.27137425996461745,1451.0,1870.0,0.07177333610340839,1.734723475976807e-18,V213A
0.043746988522051215,2766.0,3016.0,0.06371479364896884,0.0,V213C
0.0412396270629624,1935.0,2113.0,0.03219245183795061,2.858687508353698e-51,V213D
0.18528902549245482,953.0,1146.0,0.07462239961932476,0.0,V213E
0.22796296100163796,1786.0,2214.0,0.05120763367487956,0.0,V213F
-0.4130627942497915,2458.0,1963.0,0.031036433957776395,4.920124268098993e-75,V213G
0.11418226599149757,1381.0,1595.0,0.08642224565111492,0.0,V213H
-0.04892423658385341,2822.0,2872.0,0.10963887397564431,6.938893903907228e-18,V213I
-0.3281047628933452,2531.0,2137.0,0.030160031718787107,9.856331236252043e-242,V213K
0.974108415139039,1668.0,3473.0,0.038074211613402915,0.0,V213L
0.12016027700724582,1831.0,2113.0,0.03264939809330786,1.3079493996507395e-135,V213M
0.4281813071666219,1132.0,1637.0,0.13151992090404852,0.0,V213N
-3.3270677020324513,2498.0,264.0,0.06506738657504288,2.5819001608121306e-17,V213P
0.1928864036760915,1731.0,2101.0,0.03400293337810688,4.9908058799024335e-08,V213Q
-3.1727856990560492,4027.0,478.0,0.10149465458020751,3.469446951953614e-18,V213R
0.21389523801413998,1194.0,1469.0,0.039579149513390886,1.365397470832792e-51,V213S
-0.2363160610529363,1175.0,1060.0,0.04604167332527114,1.2245063285825503e-10,V213T
0.1478552563023329,1606.0,1885.0,0.041189176561544555,6.505213034913027e-19,V213W
-2.4466656397122604,1748.0,346.0,0.12121259686288274,1.0408340855860843e-17,V213Y
-4.095848324312969,1496.0,94.0,0.15878276165384755,2.0816681711721685e-17,V213_
0.2825979502173006,1130.0,1473.0,0.14245166575383264,6.938893903907228e-18,V22A
-0.4615024678440029,1333.0,1031.0,0.042063897648755656,3.0798509869274584e-27,V22C
0.006925028795865975,1393.0,1488.0,0.05672867851045265,0.0,V22D
0.05076223049543255,1386.0,1519.0,0.06832861191897936,8.673617379884035e-19,V22E
0.34934812838323903,1574.0,2116.0,0.08334713284680678,0.0,V22F
-0.4664434910185506,2245.0,1723.0,0.04990115818509988,4.336808689942018e-19,V22G
-0.06439285493513774,1995.0,2034.0,0.06361340191998745,2.6020852139652106e-18,V22H
0.034139407235529405,660.0,718.0,0.054357992477662424,1.9290675063584905e-35,V22I
-3.444530797559403,2269.0,224.0,0.15125097515740019,0.0,V22K
0.09155995654071064,1544.0,1744.0,0.03561315395820096,3.0987234367423965e-132,V22L
0.1607490678665103,2210.0,2620.0,0.029683498981292984,2.911751020308982e-38,V22M
0.16763332515789306,1099.0,1315.0,0.0809380123573062,3.469446951953614e-18,V22N
-0.29859979260653524,1748.0,1510.0,0.03578497416050964,1.963311953380629e-15,V22P
-0.13318093114073296,1455.0,1400.0,0.07331093653008137,0.0,V22Q
-2.795936288023386,8678.0,1329.0,0.13370846092490563,1.3877787807814457e-17,V22R
-0.26098928174838365,1411.0,1248.0,0.046820125586809036,1.951563910473908e-18,V22S
-0.6878355732672956,2328.0,1532.0,0.0409038768016237,4.336808689942018e-19,V22T
0.1775721364181576,638.0,760.0,0.11847536350442375,0.0,V22W
-0.13953089045874517,1833.0,1765.0,0.03403400082723105,1.292122837213774e-19,V22Y
-4.820309757874078,496.0,23.0,0.7828220580564311,4.440892098500626e-16,V22_
0.7492468140945591,3346.0,6017.0,0.07049828935452303,1.734723475976807e-18,V233A
0.09151035038135315,2349.0,2658.0,0.04484955386951423,0.0,V233C
0.16456259041207155,2044.0,2428.0,0.032844779343564,1.071940641719088e-10,V233D
0.0891348078088974,2292.0,2574.0,0.03331657657738237,4.888017074433648e-15,V233E
0.11151982181114597,2828.0,3241.0,0.026611950009638462,3.9389450807328234e-41,V233F
0.07372832217360377,1330.0,1480.0,0.06408456729701448,0.0,V233G
0.15356808464309693,2322.0,2727.0,0.08102087517206161,0.0,V233H
0.07821854787606748,1533.0,1711.0,0.05992500040993373,8.673617379884035e-19,V233I
0.15101678814175906,1843.0,2163.0,0.03242587775996311,3.1825804263403854e-85,V233K
0.014490359756550117,2325.0,2491.0,0.035091367150204895,1.5178830414797062e-18,V233L
0.1355817057615884,2178.0,2563.0,0.07384569919317455,0.0,V233M
0.009690641359016868,1057.0,1131.0,0.043331933919342695,6.027861022043392e-148,V233N
-1.746104446031526,2331.0,765.0,0.2108142940927381,4.163336342344337e-17,V233P
0.16129365269557847,1552.0,1840.0,0.03512830038727726,6.842371561715575e-17,V233Q
0.14149151712883376,2661.0,3106.0,0.02728818619990762,1.0338070026344355e-09,V233R
0.2582896048411481,3268.0,4129.0,0.024377188155093526,6.164373126747597e-28,V233S
0.16812769332666036,2162.0,2575.0,0.029962563582391848,4.839081571422134e-61,V233T
0.1447816907947566,1777.0,2080.0,0.03301132624244941,2.750290803299634e-28,V233W
-0.05378672668403481,4745.0,4859.0,0.03245828705248834,0.0,V233Y
-3.6222070365247165,2134.0,196.0,0.3987630429554009,5.551115123125783e-17,V233_
-0.23910595389141884,1622.0,1458.0,0.03673507880612028,0.0,V25A
0.08256979918624546,983.0,1099.0,0.09739919785373007,0.0,V25C
-0.2877965108368462,2071.0,1800.0,0.03295414324518313,9.420924741627045e-19,V25D
1.464949202061246,2054.0,6001.0,0.026456011985554105,1.6846382106060688e-40,V25E
-0.5421931896719986,1169.0,857.0,0.058780533229045015,0.0,V25F
-0.057973500868747446,1080.0,1099.0,0.047221436461842146,8.043633359204605e-12,V25G
-1.474241156574413,3336.0,1271.0,0.04634874679937166,0.0,V25H
0.1618669016118957,589.0,700.0,0.06191875794890698,3.3830334367213055e-12,V25I
-3.87418899133782,1675.0,121.0,0.09444239348233878,3.577261657648444e-07,V25K
-0.8219476638279753,1965.0,1174.0,0.03753859142768222,2.4473762699490225e-09,V25L
-0.40386171307043195,1545.0,1230.0,0.10891400950225198,1.0408340855860843e-17,V25M
-0.6473247915933353,1907.0,1302.0,0.07055440353742606,0.0,V25N
0.1211724532999241,1832.0,2106.0,0.04797558651915462,0.0,V25P
-0.7808221189382034,1456.0,904.0,0.0640466793906034,0.0,V25Q
-3.3695764987547823,1026.0,105.0,0.10271031166881647,8.381823592227724e-113,V25R
-0.02787392377209235,1970.0,2047.0,0.03228443213866151,4.740719630337431e-20,V25S
0.056082450799497204,1116.0,1232.0,0.04245222147687474,2.5696373374607835e-07,V25T
-0.5431389214124295,1153.0,847.0,0.06684940664747287,0.0,V25W
-0.373734812552033,1706.0,1392.0,0.03676339028049293,5.966437400625816e-178,V25Y
-4.539746709770901,1830.0,82.0,0.26420566927572814,0.0,V25_
0.17729132201694348,1568.0,1877.0,0.034889380477473295,3.264664675687721e-141,V280A
0.16259808234112283,2445.0,2889.0,0.07778086105191076,0.0,V280C
0.02541021173420425,2607.0,2809.0,0.028034202178786164,8.878628554040257e-159,V280D
0.2552215088079287,1937.0,2436.0,0.09605658853206163,6.938893903907228e-18,V280E
0.06947688307736707,2827.0,3143.0,0.026802966053185103,2.331169577620344e-84,V280F
0.2568805215369397,1973.0,2488.0,0.06304043075685424,0.0,V280G
0.19779260900502968,1735.0,2111.0,0.0331097153475134,8.684186172476517e-23,V280H
0.12712718892236224,1338.0,1546.0,0.03797537072970903,3.758322538302714e-68,V280I
0.20210566969624896,1923.0,2330.0,0.10196649681162209,6.938893903907228e-18,V280K
-0.005620161218690462,3109.0,3284.0,0.025930131608617027,5.724574826268592e-211,V280L
0.02744447114883134,2162.0,2323.0,0.08048417436880263,1.734723475976807e-18,V280M
0.34010658072770356,1674.0,2245.0,0.033014940682662024,8.88134851230769e-68,V280N
-1.2182745542093933,2451.0,1122.0,0.03668279107387391,5.387532290781649e-21,V280P
0.035568975642268595,1556.0,1682.0,0.05842527056957205,8.673617379884035e-19,V280Q
-4.321555935904251,2513.0,132.0,0.19160930042726332,0.0,V280R
0.19600099858911776,1312.0,1591.0,0.03793299113085557,1.3476640368486232e-35,V280S
0.10166370565641226,2691.0,3063.0,0.02728798006439674,1.8866333391381858e-78,V280T
0.5546163566060694,3139.0,4911.0,0.10686717684036173,3.469446951953614e-18,V280W
0.23241069061984723,119.0,146.0,0.2606234740593921,0.0,V280Y
-4.39777630503614,2836.0,148.0,0.290857685938889,5.551115123125783e-17,V280_
0.31361448592113145,1435.0,1880.0,0.10079210914285382,0.0,V282A
0.12519147518167462,1555.0,1799.0,0.035299025852067706,7.45623712739512e-193,V282C
0.04232107186533493,2698.0,2952.0,0.027498694992006523,7.116728841007559e-28,V282D
0.19298313526721064,2050.0,2476.0,0.05045558754734137,0.0,V282E
0.20186739297580908,3196.0,3893.0,0.027744147673015338,2.267906999350866e-14,V282F
-0.6319424934623552,2002.0,1381.0,0.11223177686848536,0.0,V282G
0.15725448502602263,1317.0,1557.0,0.03806717698841282,3.150447160187684e-121,V282H
-0.620032257855443,3138.0,2158.0,0.02878113494684485,7.037153713039701e-85,V282I
-0.42466339390076835,2965.0,2335.0,0.05704091499188633,8.673617379884035e-19,V282K
0.15063601567959295,1897.0,2237.0,0.03555934100481929,1.135728880732878e-13,V282L
0.059744456209172445,1756.0,1952.0,0.06142708278660883,0.0,V282M
0.1574012691217162,2294.0,2727.0,0.06072938481532765,0.0,V282N
0.291409794162056,2664.0,3432.0,0.11085833227895935,6.938893903907228e-18,V282P
0.09933763852344817,2423.0,2746.0,0.028690970344961198,1.08003186582852e-87,V282Q
-4.176932335398397,1827.0,110.0,0.2415772483016176,4.163336342344337e-17,V282R
0.1835916136323048,2607.0,3143.0,0.032240366278264064,2.6020852139652106e-18,V282S
0.26965477103327795,603.0,766.0,0.11839225530924269,0.0,V282T
0.1489098074674235,2459.0,2892.0,0.028263958287885693,0.0,V282W
0.18053126341436473,3608.0,4331.0,0.029737525353621477,2.168404344971009e-19,V282Y
-4.309933835757405,3028.0,166.0,0.2958671356530381,5.551115123125783e-17,V282_
0.1250625122021241,2554.0,2956.0,0.02786347297369621,2.039149926760412e-108,V284A
0.19604575977499716,1647.0,2003.0,0.03397211937136874,5.7897906664882584e-21,V284C
0.1480916035704801,1825.0,2148.0,0.03257055342217815,4.088037343080429e-35,V284D
0.25933427134661335,1868.0,2396.0,0.08972605120709873,1.734723475976807e-18,V284E
0.07153931428035874,2141.0,2375.0,0.07385539049193415,1.734723475976807e-18,V284F
0.06865351322554465,1077.0,1189.0,0.13038562808946338,1.0408340855860843e-17,V284G
0.20365135275359314,2887.0,3528.0,0.02600760183653773,3.8294725239056595e-31,V284H
-0.09760560283047214,1238.0,1233.0,0.12304371888911185,1.3877787807814457e-17,V284I
0.18141185747506788,2811.0,3367.0,0.05849994697731285,2.6020852139652106e-18,V284K
0.3934389449616318,3033.0,4256.0,0.07444330075594273,0.0,V284L
0.05298306372358416,1907.0,2094.0,0.03238622823904728,1.9344918696991923e-135,V284M
0.0013591076967309579,2487.0,2637.0,0.031156188261290477,8.665380479139229e-12,V284N
-0.9777564545684274,2787.0,1506.0,0.03432094396422724,2.5878737078342384e-09,V284P
0.09192912782044996,1692.0,1911.0,0.03406830165634734,1.1835911884666831e-45,V284Q
0.21320079472036207,1369.0,1684.0,0.037033542708969254,9.816577100755408e-217,V284R
-0.006877279680912576,2251.0,2381.0,0.030225378726021022,1.1328251095089922e-07,V284S
-0.031225779161453696,1399.0,1450.0,0.03811009011798664,2.5205840961760422e-65,V284T
0.15278911345492596,1966.0,2330.0,0.07629878593766236,0.0,V284W
0.0773667554370725,1835.0,2052.0,0.03284066405035142,2.2376919835300954e-30,V284Y
-4.2447203441165495,1665.0,93.0,0.10677602915485758,1.4841819075945042e-118,V284_
-0.043526663673137705,2230.0,2284.0,0.07757144097740827,0.0,V287A
-0.025168533929916814,1942.0,2029.0,0.03246638980453867,4.042108241781194e-32,V287C
0.17577651658426074,2397.0,2869.0,0.02851313630260291,2.5619508786342192e-08,V287D
0.04923465028263372,3240.0,3552.0,0.025233998205378964,5.169792685735395e-14,V287E
0.014970427630322237,2194.0,2344.0,0.05211947977222612,4.336808689942018e-19,V287F
0.17654464161100056,2232.0,2671.0,0.02947228451783817,1.1209779982407754e-49,V287G
-0.05333244129654772,1719.0,1745.0,0.10611779666580114,6.938893903907228e-18,V287H
-0.03560991581111564,4331.0,4458.0,0.06535184180463137,1.734723475976807e-18,V287I
0.09160372748345988,2063.0,2324.0,0.06388168236598168,0.0,V287K
0.09340196699001908,2174.0,2443.0,0.10336297824386412,0.0,V287L
0.17428586867895238,1227.0,1464.0,0.0393081641673569,2.285758860213858e-129,V287M
-0.1260526911301955,926.0,899.0,0.047357899377207115,5.3425917936355745e-25,V287N
0.07473254347537008,3247.0,3629.0,0.025089053702714175,2.3467907773165213e-16,V287P
0.19052835597304435,1848.0,2233.0,0.03217512217324685,3.570981762157586e-45,V287Q
-0.042545708230026937,1873.0,1931.0,0.05271455805139134,4.336808689942018e-19,V287R
0.035887426051327345,1443.0,1559.0,0.1009222406045068,6.938893903907228e-18,V287S
0.06613965568036242,1468.0,1628.0,0.0490803347435478,0.0,V287T
0.041695995004164293,1378.0,1500.0,0.07422157540757654,1.734723475976807e-18,V287W
-0.04866673633966186,1927.0,1963.0,0.10450883455270421,1.734723475976807e-17,V287Y
-4.2127180105283095,2176.0,123.0,0.3666095440809994,0.0,V287_
0.026290967914889784,724.0,783.0,0.052010964713266494,5.482721447621315e-32,V28A
0.13630800692097209,1693.0,1967.0,0.05388293762882606,0.0,V28C
0.060382460032673745,1074.0,1187.0,0.042677605912982065,2.751281073837777e-217,V28D
-0.34556861321033033,1179.0,991.0,0.09475751109331265,1.734723475976807e-18,V28E
0.08780254515380095,3422.0,3850.0,0.0244638231320637,2.9811767092812198e-15,V28F
0.03179703224671486,1061.0,1141.0,0.050764382372620084,8.239936510889834e-18,V28G
-0.3414424023986673,2420.0,2023.0,0.0832738702340033,6.938893903907228e-18,V28H
0.1055739667400724,565.0,641.0,0.11802568983611954,0.0,V28I
-0.24054366455741466,1192.0,1070.0,0.04265878172894982,7.963807849365972e-11,V28K
-1.0704177782323552,13.0,9.0,2.17854271532565,0.0,V28L
-0.08154775130374022,1434.0,1435.0,0.046137031310074836,2.168404344971009e-19,V28M
-0.01910049757436784,1238.0,1295.0,0.06136271699757728,1.734723475976807e-18,V28N
-0.17037161099400847,1071.0,1010.0,0.04441193439668531,4.821732804730696e-96,V28P
-0.24201523263419708,2310.0,2072.0,0.03102549511750564,1.581126972028149e-49,V28Q
0.017218942941534744,1262.0,1358.0,0.03970087456045263,0.0,V28R
0.029104214958094173,1183.0,1283.0,0.04090494561081792,2.428022091615246e-56,V28S
-0.0966447490621033,1714.0,1701.0,0.0348949841085965,1.6383096369436888e-38,V28T
0.10358115648432858,944.0,1075.0,0.04512188786057487,2.4771379998401178e-08,V28W
0.1561452359394767,1436.0,1689.0,0.0831470818303149,0.0,V28Y
-4.092072469531392,2227.0,142.0,0.19332236156329227,0.0,V28_
0.056468943720653274,1888.0,2086.0,0.05871143278422198,0.0,V297A
-0.10373960599786244,1124.0,1103.0,0.09611745975122514,6.938893903907228e-18,V297C
0.13001796113338282,2012.0,2320.0,0.09812979373309633,0.0,V297D
0.22009613701882152,1253.0,1547.0,0.03860967039222428,2.0735709841017427e-11,V297E
1.637300144617895,2079.0,6815.0,0.09709957856464137,3.469446951953614e-18,V297F
0.013162245041413962,2559.0,2723.0,0.08570939118524416,8.673617379884035e-18,V297G
0.10408341057287247,3207.0,3659.0,0.025132737139043664,8.37135121316534e-20,V297H
-0.042667730048655664,2309.0,2375.0,0.03001878953824029,2.1028790487407615e-41,V297I
0.21475462618106847,2117.0,2605.0,0.03004690562116254,1.3602151923889203e-233,V297K
0.05860776140863476,2222.0,2457.0,0.030071059881146583,2.400389594407848e-10,V297L
0.01619781734468879,1238.0,1326.0,0.04012341563035382,2.1840949817556954e-95,V297M
0.0721979622227957,2255.0,2513.0,0.03363419774411771,6.888803763538398e-15,V297N
0.1640426918439985,3823.0,4529.0,0.05222329257342733,1.734723475976807e-18,V297P
0.1318358011145041,2640.0,3062.0,0.02997402916576651,1.3353239412643159e-12,V297Q
0.06727476191582231,3147.0,3490.0,0.04889793078946666,0.0,V297R
0.09944550985182686,2251.0,2573.0,0.06551552497648334,1.734723475976807e-18,V297S
-0.058707476634126655,1911.0,1920.0,0.1878674941354625,1.3877787807814457e-17,V297T
-0.31980683393273546,3316.0,2809.0,0.06680051037872169,8.673617379884035e-19,V297W
0.08733261226987216,2224.0,2497.0,0.040073478913851546,4.336808689942018e-19,V297Y
-4.3189951925422365,1495.0,80.0,0.18747614052084846,0.0,V297_
-0.014564676715565533,1316.0,1381.0,0.03914532287828655,3.342891677727396e-39,V301A
0.12565397807334078,2471.0,2850.0,0.06288587988292176,8.673617379884035e-19,V301C
0.07039631296586288,4005.0,4501.0,0.16349153868834312,0.0,V301D
0.07104932470850452,1729.0,1917.0,0.08390597446720599,0.0,V301E
0.05150241973877886,1509.0,1655.0,0.03623885635883326,1.592627095974518e-26,V301F
0.005752763280039211,2205.0,2346.0,0.030427635555128087,1.9313189148992666e-15,V301G
1.6849454766384153,3344.0,11373.0,0.030516349997156196,6.505213034913027e-19,V301H
0.061025217122707025,1572.0,1749.0,0.058092165200993244,0.0,V301I
0.14069800895862103,2168.0,2544.0,0.07752430193994579,1.734723475976807e-18,V301K
0.015122442996753097,1889.0,2024.0,0.032704134952462716,2.89946246245608e-13,V301L
-0.1673422682795861,2644.0,2497.0,0.054562626328676804,0.0,V301M
-0.33508362148862686,2110.0,1783.0,0.06580006372050701,3.469446951953614e-18,V301N
-0.15817012546463485,1529.0,1453.0,0.037270744145801095,4.406678463802961e-128,V301P
-0.7726367916488969,1650.0,1026.0,0.04035947702953547,1.0253753334186125e-64,V301Q
-4.178621066006239,3141.0,184.0,0.07615123031257882,1.535322760328932e-114,V301R
0.11331018701370439,3297.0,3770.0,0.05566769090714579,0.0,V301S
0.09244403180479523,1805.0,2041.0,0.03302830613302179,1.822150950486808e-166,V301T
0.27313420633137997,1642.0,2096.0,0.07486430198976654,0.0,V301W
0.006412978084907163,1432.0,1527.0,0.03741732983409142,4.4774986251747196e-122,V301Y
-4.318846366082878,2810.0,149.0,0.09231085687757079,1.8083276629582423e-11,V301_
0.15296874969227664,2629.0,3093.0,0.027386093031356452,1.1650883603674336e-160,V302A
0.06355807186873672,3411.0,3775.0,0.036328735674714174,0.0,V302C
-0.189321250159385,2082.0,1932.0,0.05789069343141157,0.0,V302D
-1.2470755695625901,1658.0,743.0,0.04533878348759489,2.851515032443048e-07,V302E
-4.5975903905150854,3754.0,166.0,0.19559456104338208,2.7755575615628914e-17,V302F
-0.98213946799435,1957.0,1053.0,0.03882842946502667,2.984288083492015e-164,V302G
-3.6657758939867344,3000.0,251.0,0.08244516391329801,0.0,V302H
0.17330374637160512,1740.0,2083.0,0.033181821032330486,3.3595101408496573e-32,V302I
-3.774139275288393,1835.0,143.0,0.08709620405138428,2.6344900819790007e-245,V302K
0.21924200209292075,2348.0,2894.0,0.03326269958718589,2.3635607360183997e-17,V302L
-0.7466226153319672,2723.0,1737.0,0.08657315266534428,3.469446951953614e-18,V302M
-0.5409075880349422,2515.0,1832.0,0.031460048519431114,8.55283116908892e-58,V302N
-2.9815701193518054,2166.0,295.0,0.13134752843933253,6.938893903907228e-18,V302P
-0.46153058863138285,2368.0,1831.0,0.07022592369812439,5.204170427930421e-18,V302Q
-4.222762632100233,2003.0,113.0,0.13116386068463742,0.0,V302R
-1.5792877823547928,5389.0,1908.0,0.029312070789173267,1.251147613789104e-10,V302S
0.179265656254215,2387.0,2867.0,0.028532857108862098,1.4505735716097788e-251,V302T
-4.4929600144361315,2624.0,125.0,0.14983043376807234,0.0,V302W
-4.177241175936235,2016.0,117.0,0.1783284478952914,0.0,V302Y
-4.4378937077246,2344.0,117.0,0.1843240753840607,1.3877787807814457e-17,V302_
-0.6258855620053808,3437.0,2362.0,0.13259133748086735,0.0,V353A
0.02840996907710862,1535.0,1658.0,0.0360713381398111,6.926103189223684e-64,V353C
-0.30000102964567754,872.0,756.0,0.1036117550546919,6.938893903907228e-18,V353D
-0.14746555223626323,1314.0,1259.0,0.040023944376583916,1.3574662396904117e-48,V353E
0.11786851923498869,2327.0,2672.0,0.051060902121122104,0.0,V353F
0.19227540926340433,3378.0,4089.0,0.027400942907891246,2.7317015836858527e-15,V353G
-0.27723916326555686,2810.0,2459.0,0.04324000641869678,0.0,V353H
-0.0460930884105635,2615.0,2683.0,0.028315723805098492,8.598116394983207e-80,V353I
-0.11586856758648736,2160.0,2101.0,0.08213244365198438,0.0,V353K
0.17602182504535913,2250.0,2683.0,0.06252056575413485,0.0,V353L
0.13498807198233204,3540.0,4140.0,0.045053286459326554,4.336808689942018e-19,V353M
-0.40682949202035035,2705.0,2162.0,0.11267949332503364,1.0408340855860843e-17,V353N
-0.2870168434335088,3112.0,2698.0,0.04960520592287594,0.0,V353P
-0.19068763019377163,2745.0,2539.0,0.07125600674980208,0.0,V353R
-0.16318185550035694,2318.0,2201.0,0.056738742441637076,8.673617379884035e-19,V353S
-0.31618580124424517,1624.0,1400.0,0.11255709766891067,0.0,V353T
0.02907402270009956,3077.0,3336.0,0.04548232633084614,0.0,V353W
0.2172296939276632,2621.0,3240.0,0.027146729528386322,3.335823059624482e-24,V353Y
-3.882788672609035,3364.0,242.0,0.06690988210971616,4.944691510528676e-88,V353_
-0.538888554698088,2983.0,2188.0,0.05483117578010555,0.0,V365A
0.0010572527753773188,1102.0,1160.0,0.13378764846130461,0.0,V365C
0.06096824769345392,3325.0,3680.0,0.024872444451008224,3.626647965832107e-188,V365D
0.10569841133051308,3294.0,3749.0,0.050387581432684424,4.336808689942018e-19,V365E
-0.17616743040845714,2447.0,2291.0,0.05807891379542638,2.6020852139652106e-18,V365F
-0.9757804135660975,1915.0,1036.0,0.059708981416850215,8.673617379884035e-19,V365G
0.16113121461252652,1405.0,1673.0,0.036826024455616224,4.352207712882788e-62,V365H
0.25673785746547567,1720.0,2169.0,0.07596187750263876,0.0,V365I
-3.7503535496522815,2007.0,158.0,0.08290180925179041,1.409869053001918e-52,V365K
0.16186588670051127,1708.0,2023.0,0.03356032713164276,2.0372953619757337e-82,V365L
0.06360357155512898,2924.0,3265.0,0.11299113220824655,0.0,V365M
0.1210064271949845,2023.0,2339.0,0.03111614564369324,2.64035397059226e-70,V365N
0.24448430469119406,1966.0,2469.0,0.03099907915327015,1.0704047327917663e-16,V365P
0.29708823778103266,2406.0,3120.0,0.08115357067285439,0.0,V365Q
-3.893220563472664,3396.0,258.0,0.37884763098872326,0.0,V365R
-0.6338721020466063,1873.0,1289.0,0.08022034844652441,1.734723475976807e-18,V365S
-0.2759668796254782,2415.0,2118.0,0.030538592560226122,1.3644041040898652e-99,V365T
0.05452183794683709,2495.0,2737.0,0.0702057795239736,0.0,V365W
0.1566426087599206,3515.0,4159.0,0.03169622444827365,1.0842021724855044e-19,V365Y
-4.214769240602215,2349.0,133.0,0.17460832195639828,0.0,V365_
0.13937077722111124,1637.0,1905.0,0.03911775620390555,1.6670692604137116e-15,V370A
0.10153020001595525,2529.0,2865.0,0.06147157373632576,0.0,V370C
-0.46188652785197365,4048.0,3144.0,0.08635518557378802,5.204170427930421e-18,V370D
0.07881483238332276,3191.0,3539.0,0.1481600429499477,0.0,V370E
0.236810422336502,2576.0,3222.0,0.027286905143098963,2.115900417837825e-23,V370F
0.16671080046450082,2747.0,3270.0,0.026759245495058898,8.107874732596855e-139,V370G
0.01941887659789429,2951.0,3165.0,0.026482101709728784,2.6775488620280065e-98,V370H
0.05596765509892319,2257.0,2506.0,0.06945283675381007,1.734723475976807e-18,V370I
0.0229465588372197,1672.0,1801.0,0.03465356026154053,2.5330045548194077e-49,V370K
0.11658848938481524,2490.0,2865.0,0.028227763580328108,1.6032985664993388e-60,V370L
0.015390845006385843,1649.0,1764.0,0.03493935302016121,5.259535198530433e-75,V370M
0.13223500316139486,2537.0,2951.0,0.027926246961122586,4.467393344148497e-21,V370N
0.17805416898582976,1294.0,1542.0,0.10701867191504341,1.0408340855860843e-17,V370P
0.04436200901800604,3269.0,3570.0,0.025144442010975866,0.0,V370Q
-1.9582852160434172,2440.0,667.0,0.0442465469719839,5.063687586329069e-14,V370R
0.18795831524953377,3571.0,4317.0,0.02361656122537862,2.037142670892617e-165,V370S
0.09945491093953888,3042.0,3454.0,0.034518010180441115,2.168404344971009e-19,V370T
0.14221426050597105,2029.0,2375.0,0.030994388929892147,1.6790705585193843e-142,V370W
0.24415320691499076,1271.0,1601.0,0.05324986576994639,0.0,V370Y
-4.117862191145434,2473.0,151.0,0.0841254976313113,4.435189129258917e-21,V370_
0.04925309275415,2607.0,2848.0,0.07874957371684985,1.734723475976807e-18,V371A
0.07484929699973304,1399.0,1566.0,0.03743413063757592,3.434884218598058e-52,V371C
-0.969718027286548,1945.0,1060.0,0.07418472988483737,1.734723475976807e-18,V371D
0.06194718804197683,1636.0,1815.0,0.051920961206921655,4.336808689942018e-19,V371E
0.06376500742626147,3566.0,3963.0,0.045420395626411675,4.336808689942018e-19,V371F
-0.14656116516886777,1566.0,1505.0,0.04529829629126226,2.168404344971009e-19,V371G
0.18438077283801577,2038.0,2435.0,0.1415919474521037,0.0,V371H
0.00684837526909907,1732.0,1849.0,0.03412554772755881,4.501197357331706e-41,V371I
0.2500343588797655,2734.0,3433.0,0.06057615818868025,0.0,V371K
0.037281949487116196,2320.0,2525.0,0.031947019540853584,1.2308212283575204e-11,V371L
-0.041867895871801536,1936.0,1990.0,0.04523357524634982,0.0,V371M
0.2533523407007622,1977.0,2480.0,0.11591290856779761,0.0,V371N
0.03258722380400824,3527.0,3807.0,0.08126570634024702,6.938893903907228e-18,V371P
0.1929799450630151,2086.0,2512.0,0.09484490097215567,0.0,V371Q
0.036196483522364396,2460.0,2656.0,0.10909491070361887,3.469446951953614e-18,V371R
0.12756544897858957,3175.0,3666.0,0.04664116464973311,0.0,V371S
-0.032398873163437834,2258.0,2347.0,0.030257701921738173,2.4218446482505763e-304,V371T
-0.1652575196376711,1701.0,1607.0,0.03545918875864113,2.984355955315523e-147,V371W
0.18774227992332543,2860.0,3444.0,0.056635058070773736,0.0,V371Y
-3.995793121689259,3305.0,221.0,0.10986568046822903,0.0,V371_
0.20336682793622915,1746.0,2116.0,0.11839501215412303,0.0,V373A
-0.1286847682447591,3936.0,3810.0,0.02371840678937482,4.1358282921603754e-80,V373C
-2.8450117989777435,4005.0,604.0,0.24141438411569777,4.163336342344337e-17,V373D
-4.36641480607426,2097.0,110.0,0.17906565604813846,2.7755575615628914e-17,V373E
-2.310606801011345,3110.0,667.0,0.07573919243352953,4.336808689942018e-18,V373F
0.30851891254674796,2122.0,2783.0,0.029607887714718072,8.17177343181858e-15,V373G
-3.790350914041296,2766.0,212.0,0.0715820070494742,8.438685263218818e-35,V373H
-0.016094610151472538,3578.0,3750.0,0.05784838595886685,0.0,V373I
-4.2817406017331825,1538.0,87.0,0.27473249646044723,8.326672684688674e-17,V373K
0.03476687206248045,1828.0,2001.0,0.09417154300561711,3.469446951953614e-18,V373L
0.2388332265420128,1950.0,2434.0,0.031156345591518825,7.526967135826101e-64,V373M
-1.4597347854194604,2751.0,1063.0,0.06643858182257945,0.0,V373N
-0.8615469665695137,2207.0,1285.0,0.054862659811995174,0.0,V373P
-1.8601106156242535,1365.0,402.0,0.08788678936283804,0.0,V373Q
-3.7648384751487014,3100.0,249.0,0.20436609354600258,1.3877787807814457e-17,V373R
0.13355635081970302,2694.0,3125.0,0.06602704825346555,8.673617379884035e-19,V373S
0.1755845856763287,3812.0,4552.0,0.030401054662931738,1.0842021724855044e-19,V373T
-2.287846929278111,3008.0,653.0,0.043701775602685455,3.3544347214227308e-21,V373W
-2.048260112605267,3842.0,982.0,0.05020125538958646,2.168404344971009e-18,V373Y
-4.313949799675497,1880.0,100.0,0.10286952395849588,3.864074071668503e-45,V373_
-0.5723438972315161,1460.0,1038.0,0.0634645795260036,0.0,V44A
-0.589963517818257,1708.0,1203.0,0.04896110771013137,4.336808689942018e-19,V44C
-1.2614292631560395,664.0,291.0,0.17422348881659558,2.0816681711721685e-17,V44D
-0.2794461331457235,1062.0,929.0,0.045464647355374636,3.986724930140447e-78,V44E
-0.20482979952896924,1260.0,1174.0,0.1485741497359993,1.3877787807814457e-17,V44F
-0.41304351302778247,1546.0,1241.0,0.052859559515980065,0.0,V44G
-0.13131682158618857,638.0,615.0,0.07832903017739469,1.734723475976807e-18,V44H
0.061648363582936475,1423.0,1578.0,0.037189928388880654,8.302441172645282e-70,V44I
-4.165696810088266,1943.0,115.0,0.12295600353503293,0.0,V44K
0.057496557271567744,283.0,312.0,0.08241208243159172,8.50603559364794e-310,V44L
-0.0946951855129316,893.0,886.0,0.0479290953557385,1.8405897946919655e-157,V44M
-1.0543813679771044,593.0,307.0,0.18097698543852697,6.938893903907228e-18,V44N
-0.9810542446825432,932.0,500.0,0.05644626656641635,5.305962079293772e-07,V44P
-0.20145702417575945,1976.0,1826.0,0.03316951298578273,2.025291544146221e-83,V44Q
-4.525983244607847,2939.0,135.0,0.08828634363320986,6.503209671800728e-122,V44R
-0.4949329624691685,1322.0,995.0,0.04254725808392585,6.370234148600882e-48,V44T
-2.0182572018187974,1502.0,394.0,0.05701056357899116,2.728761908646423e-33,V44W
-0.05336496910203491,794.0,806.0,0.11070531538990702,3.469446951953614e-18,V44Y
-3.8508528929227452,985.0,72.0,0.12225373425832013,4.080967869844393e-11,V44_
0.3039574036597968,43.0,68.0,0.6304674421455392,1.1102230246251565e-16,V7A
-0.29438414742096797,3148.0,2714.0,0.0543507945607195,2.6020852139652106e-18,V7C
-0.9330617537948472,109.0,62.0,0.2001492941043642,0.0,V7D
-1.1331166035826956,1017.0,493.0,0.05531011667523189,6.387908447870264e-87,V7E
-0.2555069314459126,24.0,21.0,0.2992863152927279,1.484300926522796e-126,V7F
-1.0192146866105491,1345.0,714.0,0.141607204890712,0.0,V7G
-0.9314864082572833,456.0,255.0,0.07854339774827698,7.216078776477085e-147,V7H
-0.0836355465143634,1676.0,1680.0,0.03521261394469387,2.857238447982218e-14,V7I
-1.5209860169608864,1184.0,442.0,0.13200034647908856,3.469446951953614e-18,V7K
-1.4537791316967739,1696.0,665.0,0.11037115065285094,3.469446951953614e-18,V7L
0.05956244556017053,649.0,714.0,0.09893268977172519,0.0,V7M
-0.9639285598725243,752.0,410.0,0.06181649568868182,9.256237550028814e-70,V7N
-0.30534459202249115,736.0,632.0,0.05759094160079214,3.5138626737051676e-09,V7P
-0.27707377252131365,698.0,604.0,0.16072277253681866,6.938893903907228e-18,V7Q
-1.2794483466181967,1107.0,485.0,0.06707906521027669,1.3010426069826053e-18,V7R
-0.9501946889290818,4680.0,2596.0,0.18426082597119656,0.0,V7S
0.1271500911136804,1733.0,2018.0,0.06720175542147434,2.6020852139652106e-18,V7T
-0.5092107152011405,838.0,633.0,0.17768679988015848,0.0,V7W
-0.64399182584613,1428.0,969.0,0.042180379651283406,2.0175919430848213e-85,V7Y
-4.004541115334425,1500.0,99.0,0.10397693011619363,1.598934809087733e-21,V7_
-0.10886571344881825,1443.0,1416.0,0.05766405997007271,1.3010426069826053e-18,V80A
0.014021334289256412,1428.0,1535.0,0.04928549939604298,0.0,V80C
-0.23413998991634338,1374.0,1234.0,0.04557078313246658,7.827939685345342e-16,V80D
0.18390174820905905,948.0,1139.0,0.0444965036105571,2.0670875720003077e-80,V80E
-0.08603174289238316,1220.0,1213.0,0.048661609224728154,2.168404344971009e-18,V80F
0.21733161938409248,850.0,1053.0,0.07086843004266287,0.0,V80G
0.01607713596917116,685.0,739.0,0.12055694168280023,1.3877787807814457e-17,V80H
-0.21236999839579307,608.0,550.0,0.18254068913980054,1.3877787807814457e-17,V80I
-1.166496525001231,854.0,399.0,0.16808223471553,0.0,V80K
-0.03464637453868211,861.0,902.0,0.11033212068130849,0.0,V80L
-0.48385903990735896,1737.0,1310.0,0.08895433178904734,0.0,V80M
-0.12338671945012664,2062.0,2007.0,0.03208958826756454,4.974835743820445e-129,V80N
-2.0487635596175715,1953.0,508.0,0.1477369248996209,6.938893903907228e-18,V80P
-0.07239687210729849,807.0,812.0,0.05018351835543039,1.955183331176134e-106,V80Q
-3.771565198606649,1236.0,98.0,0.20386332474448982,1.3877787807814457e-17,V80R
-0.0050743426978589815,1213.0,1266.0,0.17488598110009337,0.0,V80S
-0.016413410743024864,1364.0,1424.0,0.07952748919565214,0.0,V80T
-0.423892534265007,847.0,669.0,0.0657368736461971,4.336808689942018e-19,V80W
0.10812506141364958,560.0,633.0,0.18426600406284066,6.938893903907228e-18,V80Y
-4.220786451682581,1346.0,78.0,0.18451820961218973,3.469446951953614e-17,V80_
0.013057619572559354,453.0,488.0,0.06563208095785478,0.0,V87A
0.08044399102607604,749.0,840.0,0.05792930798805648,2.7677513059209957e-15,V87C
-0.05253338581444635,779.0,796.0,0.05090776671418319,5.345539399743795e-23,V87D
0.11461062913086933,1730.0,1973.0,0.07682510781188626,0.0,V87E
0.046327412825980144,767.0,838.0,0.081576790704809,0.0,V87F
-0.2714818292419111,1164.0,1025.0,0.06854284240632416,4.336808689942018e-18,V87G
-0.037086764922872384,679.0,702.0,0.05431685164949363,3.397326592769752e-17,V87H
0.31416596617604364,2333.0,3066.0,0.028313052323033806,5.169646762013128e-48,V87I
0.20980030849323855,652.0,803.0,0.05321437670880445,1.4528796606214383e-16,V87K
0.08270668287827716,1124.0,1258.0,0.07273536236150262,0.0,V87L
-0.4005589480154491,1169.0,941.0,0.06418801259828144,0.0,V87M
-0.18892798717980924,1231.0,1139.0,0.09064009361685181,0.0,V87N
-0.12921884667722341,1696.0,1649.0,0.04832229736929959,0.0,V87P
-0.2677564803270851,1365.0,1202.0,0.04014728308586944,7.893404121106922e-209,V87Q
-0.1037499291388315,1253.0,1238.0,0.04068038638688,4.640128378137804e-18,V87R
-0.41624871892950216,1648.0,1301.0,0.10733296908534325,0.0,V87S
-0.8304060098446238,1076.0,640.0,0.050413787591986094,3.3245244508837035e-79,V87T
-0.06474943243811311,696.0,701.0,0.11786314792315776,1.3877787807814457e-17,V87W
-0.08300044548170635,1309.0,1316.0,0.0671439906382496,1.734723475976807e-18,V87Y
-4.128324083354186,1846.0,111.0,0.22845776345969293,2.7755575615628914e-17,V87_
0.12030320992386145,1535.0,1773.0,0.03554558346240696,2.627230101500827e-19,V93A
-0.13922915161351182,832.0,800.0,0.04999034695504564,4.089416419014205e-58,V93C
0.07988831418053598,591.0,654.0,0.26176068243426315,2.7755575615628914e-17,V93D
0.009255162510222226,1030.0,1112.0,0.12759987461523292,0.0,V93E
-0.5460576140901271,1809.0,1329.0,0.10351448743663196,1.0408340855860843e-17,V93F
-0.002817873298062429,1876.0,1979.0,0.07380615925041396,1.734723475976807e-18,V93G
-0.20122407553670543,1493.0,1378.0,0.05285364853021371,0.0,V93H
-0.12246466919215329,710.0,710.0,0.2516880586299386,0.0,V93I
-0.17597159313710273,709.0,664.0,0.059212707912537715,1.3204646143877286e-11,V93K
-0.055932500158537374,649.0,658.0,0.11581943433357063,3.469446951953614e-18,V93L
-0.10424183120858548,1251.0,1236.0,0.04069480909309175,1.1412772709011604e-07,V93M
-0.010588843204315008,670.0,700.0,0.13230384009454751,1.0408340855860843e-17,V93N
-0.010799764947254856,1394.0,1455.0,0.13991993983335338,2.0816681711721685e-17,V93P
-0.0744817937743991,1438.0,1453.0,0.07260589089018549,3.469446951953614e-18,V93Q
-0.4122635001988732,1070.0,852.0,0.046417788924551305,2.5497554985296053e-12,V93R
0.06782403289093888,1056.0,1185.0,0.12836381912800365,3.469446951953614e-18,V93S
0.1493865710606202,966.0,1142.0,0.08144066975865895,1.734723475976807e-18,V93T
-0.40623985376363086,1127.0,901.0,0.0545461995271025,4.336808689942018e-19,V93W
-0.3531455425618921,1211.0,1018.0,0.15004033003904002,0.0,V93Y
-4.470666291778902,1360.0,65.0,0.12714167343619961,7.07854263720425e-213,V93_
0.05866066791433297,580.0,640.0,0.05774948197842946,2.3637563884271755e-120,V99A
-0.389976414213966,285.0,230.0,0.1500191222798513,1.3877787807814457e-17,V99C
0.15110074136027185,1049.0,1231.0,0.061873811031529266,0.0,V99D
0.19387842667322966,1248.0,1505.0,0.09630483601481876,0.0,V99E
-0.15550251943873777,892.0,852.0,0.04842773031684357,6.364668862794182e-38,V99F
-0.31940412794794687,1527.0,1299.0,0.03837577021252034,8.741321816180003e-60,V99G
-0.5092197229942242,981.0,726.0,0.11763625969146647,0.0,V99H
0.18164429054138803,936.0,1130.0,0.044755297920088255,3.1856625913691077e-31,V99I
-0.9044943258764058,1496.0,844.0,0.04359717135856515,5.978948448338096e-171,V99K
0.23824033635602418,1228.0,1532.0,0.038930508461969784,5.1483528848449414e-30,V99L
-0.04239206642541197,1433.0,1471.0,0.07493477516873409,1.734723475976807e-18,V99M
0.05644772283257917,1504.0,1642.0,0.16237026871129734,0.0,V99N
-0.016020776567180397,1381.0,1448.0,0.04974408261565632,0.0,V99P
0.153447680085297,723.0,846.0,0.16493265065538523,0.0,V99Q
-3.5735076953541474,1465.0,131.0,0.10455324550514199,5.655198531684391e-14,V99R
-0.1609064209141943,541.0,511.0,0.09496310277222275,1.734723475976807e-18,V99S
-0.47487906779396294,1137.0,865.0,0.07271479307178598,1.734723475976807e-18,V99T
0.08199561568469614,1212.0,1365.0,0.04007819384628923,3.5302891931315107e-40,V99W
-0.0008669466190608197,2028.0,2147.0,0.0317218225328429,1.504086125359815e-16,V99Y
-3.424954949558313,506.0,50.0,0.14852762256408214,2.1467091438695542e-14,V99_
-0.08533807073290436,1711.0,1700.0,0.09884305060279869,6.938893903907228e-18,W201A
0.17011301486938582,1372.0,1639.0,0.03724197676312391,7.1073822632428025e-43,W201C
0.15178052275002596,1249.0,1474.0,0.05055750865141352,0.0,W201D
0.16587790063322272,1190.0,1439.0,0.1721397059780809,0.0,W201E
0.15560809054227837,1786.0,2111.0,0.032863785469744194,1.1058599166973399e-73,W201F
0.2559231871259298,949.0,1198.0,0.04398707352420551,3.2269324390875866e-13,W201G
0.2597058684225492,908.0,1142.0,0.15669991683230586,0.0,W201H
0.018005074184661067,1293.0,1400.0,0.06979780756248583,8.673617379884035e-19,W201I
0.11237863411726709,2016.0,2307.0,0.03812950100464919,0.0,W201K
0.10963833769584476,769.0,873.0,0.1532825297478206,6.938893903907228e-18,W201L
0.20507167989311792,1138.0,1396.0,0.11115413921907777,0.0,W201M
0.23531870321190065,867.0,1076.0,0.09276773088709778,1.734723475976807e-18,W201N
-0.4396828980445248,3184.0,2504.0,0.1582962396527983,2.0816681711721685e-17,W201P
0.22623520337674252,1935.0,2387.0,0.09031985972885935,0.0,W201Q
0.31942569088088085,929.0,1232.0,0.05371948174285639,0.0,W201R
0.5437777709897761,2013.0,3087.0,0.13102997684293416,0.0,W201S
0.12470027077646847,1815.0,2093.0,0.04702070183597399,0.0,W201T
0.23465256065401408,1382.0,1722.0,0.03677072492255809,1.2903316189169484e-57,W201V
0.12277238379301818,1028.0,1186.0,0.07524527307775632,0.0,W201Y
-4.6013529130237005,1448.0,63.0,0.1289184918784989,2.6133383754510664e-09,W201_
0.05310034220226785,2552.0,2810.0,0.028175296579492328,5.160630624544432e-48,W274A
0.13435632221620325,1519.0,1767.0,0.045295962992716654,0.0,W274C
0.22408564350583315,2003.0,2467.0,0.07492496020705672,0.0,W274D
0.05049913034431518,2266.0,2486.0,0.036213612698158176,1.0842021724855044e-19,W274E
0.17461410472809394,2808.0,3343.0,0.0820322952012278,1.734723475976807e-18,W274F
-0.15852970816496223,1266.0,1205.0,0.04084519804823948,6.152980489721265e-49,W274G
-0.02930360422956516,3322.0,3450.0,0.025237636036167233,5.643107187743255e-74,W274H
0.15581607853155915,990.0,1170.0,0.04372565147987965,4.1638525558470675e-97,W274I
-4.636163500539462,820.0,36.0,0.3395391380982896,8.326672684688674e-17,W274K
0.8549385194179298,1881.0,3634.0,0.0376235253214047,2.168404344971009e-19,W274L
0.06633277450009921,2474.0,2760.0,0.04869359810659005,0.0,W274M
-0.07506256520039443,1807.0,1823.0,0.03912890690015574,2.364644938190885e-16,W274N
-3.618991642752784,2019.0,176.0,0.15584753115810368,2.7755575615628914e-17,W274P
0.1325248630861365,2273.0,2635.0,0.039234617946589966,2.168404344971009e-19,W274Q
-4.308190896218721,2817.0,155.0,0.22233961558855334,1.3877787807814457e-17,W274R
-0.25998271369744225,2644.0,2331.0,0.054621300648140955,0.0,W274S
0.1412541264542687,1685.0,1974.0,0.04493997607747602,0.0,W274T
0.08250931436881066,1891.0,2127.0,0.054122524578025334,0.0,W274V
0.016749020626871666,1664.0,1786.0,0.03474983071474797,7.115685947519758e-125,W274Y
-4.216147108307828,1790.0,102.0,0.10202984704160495,6.079521820837234e-135,W274_
0.03449871991093681,2984.0,3241.0,0.02626169834051863,1.583974310687769e-32,W293A
0.08288383937114797,1043.0,1176.0,0.04307999372319995,1.3619978090843494e-42,W293C
-0.015928548812405147,1558.0,1627.0,0.07226090475416054,0.0,W293D
0.3808300363257512,3547.0,4902.0,0.023071029952152704,7.799582204514454e-11,W293E
-0.9166683167971907,3333.0,1858.0,0.03342529075115641,1.4064162161264715e-14,W293F
-0.15091092658520097,2380.0,2274.0,0.05032233025705367,4.336808689942018e-19,W293G
0.09646051984737483,1799.0,2028.0,0.033100494372893155,2.194915089110901e-65,W293H
0.20825493553918442,1128.0,1369.0,0.14585508870046715,6.938893903907228e-18,W293I
0.0738796044837605,2501.0,2807.0,0.05639801295679463,0.0,W293K
0.08566762421856135,818.0,925.0,0.04905978440156079,4.0347916450928856e-07,W293L
0.08887421157869761,1411.0,1599.0,0.09974373830259416,1.0408340855860843e-17,W293M
0.1174423065226699,2372.0,2735.0,0.02886820646092421,1.2781131790410787e-37,W293N
0.11678924383096118,2871.0,3295.0,0.026415471106978596,5.897850456743543e-13,W293P
0.12490240987051389,1786.0,2054.0,0.09248224057144747,0.0,W293Q
0.16851450055595685,1669.0,1975.0,0.11189270210193834,0.0,W293R
0.13857723799284644,1392.0,1624.0,0.037183639822160656,6.093794719085751e-10,W293S
0.002595394063583619,2597.0,2751.0,0.04527265126566215,4.336808689942018e-19,W293T
0.19058482229499857,1216.0,1471.0,0.04758020800721159,0.0,W293V
0.05201678984593118,2364.0,2599.0,0.029225810542426785,5.104831854924005e-150,W293Y
-4.547924142380293,2204.0,100.0,0.10245693821118314,1.3610152640770935e-36,W293_
0.0,42781.0,45361.0,0.009536969311007419,0.0,WT
0.23027266460746396,860.0,1073.0,0.04631130260182318,7.366686313637863e-33,Y131A
0.1625504673798932,1335.0,1591.0,0.06760318608817031,0.0,Y131C
-0.43260713056864686,1340.0,1054.0,0.04173733000387836,6.915041396298075e-91,Y131D
0.18533204051901653,1713.0,2060.0,0.05795625043979656,1.734723475976807e-18,Y131E
0.02723543701324954,800.0,865.0,0.09408211323248783,6.938893903907228e-18,Y131F
-0.060373179959249554,683.0,699.0,0.14766836539816144,1.3877787807814457e-17,Y131G
-0.003789234114757449,1067.0,1120.0,0.12501449242699259,0.0,Y131H
-0.2393167026057691,1019.0,909.0,0.10374012580459623,6.938893903907228e-18,Y131I
-0.07002342415756506,799.0,814.0,0.060672428412441644,0.0,Y131K
-0.9497835277595645,3117.0,1721.0,0.12365887360524627,0.0,Y131L
-0.130619660026817,1352.0,1307.0,0.07522875483832489,0.0,Y131M
0.12465264104179766,1691.0,1968.0,0.08790789618188567,0.0,Y131N
-4.232054208842901,908.0,53.0,0.3638507209127544,0.0,Y131P
-0.1245117020888163,1721.0,1669.0,0.036538861220742236,4.5218617469671395e-09,Y131Q
0.08317814484898407,1874.0,2105.0,0.03249896956744831,2.0444156237107556e-17,Y131R
-0.02202411528105523,1253.0,1310.0,0.04802283217050244,0.0,Y131S
-0.011727222526674352,1172.0,1232.0,0.11593691973239659,0.0,Y131T
-0.09601488295114698,1489.0,1484.0,0.03732186737112045,2.3402071472042054e-176,Y131V
-0.011540446020173008,1474.0,1551.0,0.037007338803954966,9.091180568722229e-32,Y131W
-4.2307955527527445,1371.0,77.0,0.11736043931487418,1.9707412104191423e-09,Y131_
-0.29153462132275243,1152.0,997.0,0.043817582223621594,4.601358741010237e-61,Y160A
-0.09150105748299968,1308.0,1301.0,0.03976142740691345,2.6098813538904177e-115,Y160C
0.08774425817942101,1583.0,1781.0,0.035205089002283065,4.300971286744827e-15,Y160D
0.17025472859499138,1727.0,2037.0,0.17733566500607853,0.0,Y160E
0.004815033155287132,277.0,295.0,0.08402111498908227,7.826201351022425e-92,Y160F
-0.22461535988200554,769.0,698.0,0.05275837283744745,4.1661672662771675e-81,Y160G
-0.5937095882129921,3892.0,2746.0,0.12447279508342463,0.0,Y160H
0.1008482621189362,1787.0,2031.0,0.03937512153203938,8.673617379884035e-19,Y160I
-0.009773274363578513,1755.0,1846.0,0.0340345520956009,3.631884173723868e-298,Y160L
-0.025267876200553294,1896.0,1968.0,0.07538818029028962,0.0,Y160M
-0.0839234561805913,1718.0,1724.0,0.05322697490922524,0.0,Y160N
-0.2721660364816316,2442.0,2156.0,0.053242175624132713,0.0,Y160P
0.17026246978204262,1532.0,1844.0,0.11979015345712123,2.0816681711721685e-17,Y160Q
-0.18847791483063012,2165.0,2017.0,0.03169129870656668,0.0,Y160R
-0.24107461630436508,2891.0,2589.0,0.027899303204038484,2.3348894333822248e-83,Y160S
-0.044012362128511694,1562.0,1604.0,0.04140359281186244,8.477376786664159e-16,Y160T
-0.014055139333628168,2582.0,2716.0,0.028320094141973954,4.056021358282217e-144,Y160V
-0.04880375897563552,1849.0,1893.0,0.04674687939349932,0.0,Y160W
-4.057733935584971,2617.0,167.0,0.08009870533818918,1.4986722499382965e-79,Y160_
-0.0013490776701315529,2960.0,3151.0,0.05896077873888392,8.673617379884035e-19,Y225A
-0.5923696111369118,1488.0,1051.0,0.04089428789620603,1.7324376214775185e-36,Y225C
-1.2405995402802443,1121.0,508.0,0.08224490181815736,0.0,Y225E
0.002611845985096628,1196.0,1273.0,0.06744558238266683,0.0,Y225F
-0.6970133252012983,1534.0,1003.0,0.04118435991985314,1.9584509602631306e-198,Y225G
0.23229028800208065,990.0,1246.0,0.10927803705938928,0.0,Y225H
-1.1148300475920228,2120.0,1057.0,0.10384297036784187,3.469446951953614e-18,Y225I
-4.425155815834136,1424.0,71.0,0.1737759870274089,0.0,Y225K
-0.7942914437727532,1300.0,827.0,0.24493005234181173,2.7755575615628914e-17,Y225L
0.20522063366524249,2267.0,2763.0,0.0432593120654825,2.168404344971009e-18,Y225M
-0.3340481489023495,1674.0,1412.0,0.036771063644511194,1.9676436790716648e-48,Y225N
-3.5531813554007314,1478.0,133.0,0.09077508533753943,2.166298437893004e-24,Y225P
-0.019899410642835097,958.0,997.0,0.09532129205372797,0.0,Y225Q
-3.8259263219012674,1205.0,90.0,0.10949478539273001,1.9833309937444744e-173,Y225R
-0.12968592953113056,1013.0,982.0,0.057388429398019886,4.336808689942018e-19,Y225S
-2.888583180138164,1616.0,247.0,0.3553217829397929,0.0,Y225T
-0.13345602011510319,1598.0,1541.0,0.03635154684825669,3.221239562588706e-92,Y225V
-0.10650222193779371,1017.0,998.0,0.06992141722802993,0.0,Y225W
-3.838691792372227,656.0,48.0,0.29931930977358673,2.7755575615628914e-17,Y225_
-2.4382994652118297,1534.0,300.0,0.06352996620832484,8.108546700365895e-37,Y228A
-0.46667141552904734,1432.0,1090.0,0.12876590545059757,0.0,Y228C
-4.825282214109024,621.0,23.0,0.2669438351897191,3.469446951953614e-17,Y228D
-3.653311339647986,1910.0,161.0,0.08234227290940734,1.6991609591072e-59,Y228E
-0.21714725105676017,834.0,758.0,0.08175724161408095,0.0,Y228F
-3.3688965661515966,1927.0,198.0,0.0749616176292684,4.05098314506999e-55,Y228G
0.018402474258682303,1591.0,1711.0,0.04382753844162533,4.336808689942018e-19,Y228H
0.11122005108503047,1565.0,1784.0,0.05781957675413288,0.0,Y228I
-3.7881677512428524,1772.0,136.0,0.08924113653213982,7.449457874415358e-230,Y228K
0.08246040830926603,1787.0,2006.0,0.03323700452231839,1.1549667520390951e-132,Y228L
0.18755309707408885,2167.0,2617.0,0.03336759694895204,3.403950298713765e-14,Y228M
-3.427688737519694,1045.0,108.0,0.3182185397750568,0.0,Y228N
-4.177628197884161,1588.0,96.0,0.2542560875165925,4.163336342344337e-17,Y228P
-3.785223082820413,2299.0,176.0,0.11502392541282369,0.0,Y228Q
-3.9796986711778524,1457.0,97.0,0.32480858701828197,5.551115123125783e-17,Y228R
-3.4584627673072723,2061.0,205.0,0.2001953437331325,1.3877787807814457e-17,Y228S
-0.6669602202876731,759.0,530.0,0.29000736947009254,0.0,Y228T
0.2839577984250613,2066.0,2664.0,0.03982823441496,0.0,Y228V
0.2668594636602669,867.0,1097.0,0.12783790540046133,0.0,Y228W
-4.25173229539287,1650.0,91.0,0.22703015205481897,0.0,Y228_
0.07768682856554276,818.0,924.0,0.08027982924948765,0.0,Y231A
-0.1457652096275716,2387.0,2354.0,0.22615287555737343,5.551115123125783e-17,Y231C
0.08505991585640453,1198.0,1344.0,0.045791664166851945,3.3502931331974573e-15,Y231D
-0.3320535816260578,1306.0,1103.0,0.04148721406935439,2.2387124208370205e-37,Y231E
-0.12435459225131408,1290.0,1254.0,0.04023626581247338,3.1425595955533956e-17,Y231F
0.3245741308235435,1079.0,1416.0,0.2112878234893832,0.0,Y231G
0.04082204683990851,1931.0,2115.0,0.04916278201166079,0.0,Y231H
-0.1341547645579594,1990.0,1923.0,0.032700479314072495,5.560212736752608e-256,Y231I
-0.3102152837001219,954.0,827.0,0.14153012946024812,0.0,Y231K
-0.10773110182978221,1509.0,1481.0,0.06967836987229595,2.6020852139652106e-18,Y231L
-0.02245740636311319,1875.0,1964.0,0.060094786677587844,0.0,Y231M
0.013900065630993238,1479.0,1575.0,0.08985221175865059,0.0,Y231N
-4.001596767467261,619.0,41.0,0.16137120232778096,7.326923940743319e-91,Y231P
0.030119404268158043,1665.0,1801.0,0.04551235543765013,4.336808689942018e-19,Y231Q
-0.2250919905708774,1592.0,1449.0,0.04105543486666401,2.647954555276555e-13,Y231R
0.05264526881971307,2315.0,2535.0,0.07163063092971639,1.734723475976807e-18,Y231S
0.01992128980511837,1379.0,1479.0,0.03804971364434556,7.625063749917097e-36,Y231T
-0.04023748490807624,1145.0,1170.0,0.14019843686675623,0.0,Y231V
0.12355481475663081,1802.0,2077.0,0.05910111728079211,8.673617379884035e-19,Y231W
-4.378480011796812,1305.0,66.0,0.321341997942668,0.0,Y231_
-0.005460318120432572,1997.0,2112.0,0.03195295819120354,1.2440198098924639e-219,Y235A
-0.09050846977003264,1569.0,1566.0,0.03636331734548399,2.3625931370935915e-08,Y235C
-1.035383413460056,1420.0,754.0,0.16342096820353458,0.0,Y235D
-0.7542959279050913,2018.0,1268.0,0.0364949246338744,9.091597904306949e-49,Y235E
-0.2604208916507807,2857.0,2521.0,0.06313171043699205,1.734723475976807e-18,Y235F
-0.13555461086424592,2329.0,2248.0,0.030336717382286965,4.285635590707146e-24,Y235G
0.21709350814236283,1184.0,1452.0,0.08525035248760583,1.734723475976807e-18,Y235H
-1.308010438146679,1607.0,689.0,0.04606413217384996,3.9104148549000234e-111,Y235I
-4.279373145015566,1404.0,77.0,0.16687252755700804,0.0,Y235K
0.08895359235688102,2446.0,2750.0,0.05902416600992963,0.0,Y235L
0.14715681831853958,1427.0,1664.0,0.11183865440775995,0.0,Y235M
-0.6344938419893905,3420.0,2332.0,0.027709779423126656,2.4267685497546483e-59,Y235N
-3.1519117397567378,3210.0,384.0,0.05443358570107321,2.439856923648971e-130,Y235P
-0.4351653790463255,2340.0,1834.0,0.03193023898539045,2.7646653064076637e-97,Y235Q
-3.738260321466348,2481.0,199.0,0.13774224714950514,0.0,Y235R
0.2181203547997174,2497.0,3075.0,0.027784788130469758,3.79553068110924e-152,Y235S
0.19659087773382466,2286.0,2770.0,0.04625553365549331,0.0,Y235T
-0.8776102044543749,2216.0,1286.0,0.1209330127721204,0.0,Y235V
-0.1460325555075857,1703.0,1644.0,0.09001295173046939,0.0,Y235W
-3.2416668683445398,2050.0,234.0,0.1571945155099708,6.938893903907228e-18,Y235_
-0.03993364438371368,2110.0,2176.0,0.03131193397056039,2.883699948401312e-81,Y257A
-0.055565665812069585,2507.0,2559.0,0.028924892799770282,1.2496190539635986e-18,Y257C
-1.1676714989004877,4216.0,1991.0,0.05773725865122229,0.0,Y257D
0.12905519351456174,1964.0,2276.0,0.035645061346253164,5.885808333772058e-15,Y257E
-0.022616978991660455,1832.0,1917.0,0.0838858328023153,0.0,Y257F
0.07985396858043836,3472.0,3896.0,0.024311920500163176,1.9400157370847256e-44,Y257G
0.17616264176902469,2918.0,3475.0,0.08491368351764775,0.0,Y257H
-0.03377723976905154,2415.0,2497.0,0.0520501506674883,0.0,Y257I
-0.34019649079114067,3806.0,3190.0,0.06732111146306934,1.734723475976807e-18,Y257K
-0.3331603153222812,3665.0,3093.0,0.08694168309669711,0.0,Y257L
-0.18516484126571134,2013.0,1874.0,0.03281497160078385,1.1309549042785696e-72,Y257M
0.08248352587017639,2225.0,2493.0,0.029952662119049282,4.641904725478001e-269,Y257N
-0.02971642949283901,3025.0,3143.0,0.03199716797735922,0.0,Y257P
0.15936403019053827,1843.0,2178.0,0.03237458655529332,8.603289832844966e-62,Y257Q
0.09928516280397569,2058.0,2339.0,0.031101033710196565,1.8883231228041545e-07,Y257R
0.0220816531742709,1766.0,1901.0,0.033745315883653614,1.5235061660048098e-73,Y257S
-0.06910310046346138,2803.0,2808.0,0.13238701534489422,0.0,Y257T
0.073113417649847,1723.0,1920.0,0.03388058865533751,6.619742755375858e-146,Y257V
0.12419598223350667,2425.0,2804.0,0.028560620329233503,4.578831891442001e-66,Y257W
-4.27001122451709,736.0,40.0,0.38074938264809893,0.0,Y257_
-0.23250580369768206,2442.0,2196.0,0.062974730686181,0.0,Y265A
-0.06631407708590209,2145.0,2174.0,0.031198689366338666,6.862730339377881e-34,Y265C
0.1375591426838844,1279.0,1498.0,0.061783175026244606,0.0,Y265D
-0.25514722742746215,3028.0,2690.0,0.02744845855914688,1.5079601290001807e-07,Y265E
0.006744107624514823,1528.0,1626.0,0.036297569344262606,1.6156803199360663e-25,Y265F
0.1413643299716128,1505.0,1752.0,0.08339198428254307,1.734723475976807e-18,Y265G
-0.19235266054284877,2914.0,2704.0,0.027565499875690166,1.3754043663760748e-11,Y265H
-0.09347501745932794,1076.0,1066.0,0.04378485225092256,2.573405725242477e-26,Y265I
-0.30372497183272495,1810.0,1562.0,0.06452186326681925,0.0,Y265K
-0.025597353884504383,1374.0,1444.0,0.08826378848867893,0.0,Y265L
-0.2948409443525136,2254.0,1948.0,0.05765412570207615,0.0,Y265M
-0.18974326665680138,2270.0,2114.0,0.09277682351619163,8.673617379884035e-18,Y265N
0.24913675184090972,2413.0,3037.0,0.0634425055200877,0.0,Y265P
-1.310173681986218,5852.0,2512.0,0.09528550026999685,1.0408340855860843e-17,Y265Q
-0.12448929633742747,1888.0,1841.0,0.0334675671122131,1.3847636352853674e-81,Y265R
-0.17594397866532407,2308.0,2165.0,0.030696441846169025,3.6354648622296834e-35,Y265S
-0.3126418496074868,1916.0,1651.0,0.10959761893170461,6.938893903907228e-18,Y265T
0.09662816587502941,2609.0,2954.0,0.027719807593789635,1.5183051210916748e-92,Y265V
-0.09635212447868492,1875.0,1851.0,0.07885048891191583,0.0,Y265W
-4.124770970768111,2335.0,142.0,0.0866899093587418,3.200160051728165e-15,Y265_
-1.615113877817932,3372.0,1184.0,0.12186812835681539,0.0,Y278A
-1.8125007221319795,1706.0,515.0,0.05075208534906263,2.2751698213246683e-213,Y278C
-3.1889521734240285,2319.0,270.0,0.07022097077060843,7.243379572356712e-11,Y278D
0.1425694279634678,1949.0,2280.0,0.04404815640262999,4.336808689942018e-19,Y278E
0.049184643916098336,2026.0,2237.0,0.09866204362531665,0.0,Y278F
-2.5504493757716835,1776.0,335.0,0.3052878649619998,0.0,Y278G
-0.0475479161352278,2328.0,2386.0,0.02993036059054692,2.5190621504408107e-15,Y278H
-2.638163706002724,1808.0,311.0,0.11720459156747104,3.469446951953614e-18,Y278I
-0.9180995535272924,2892.0,1632.0,0.05642413519969771,0.0,Y278K
-3.048235765771299,7663.0,1000.0,0.24002189982072522,0.0,Y278L
-2.799991236229085,2791.0,434.0,0.16079960293918005,0.0,Y278M
-3.6924575934109183,1875.0,157.0,0.20830214722810853,0.0,Y278N
-3.2647749233419483,1971.0,219.0,0.1012637656335622,2.949029909160572e-17,Y278P
-2.213538031785318,11290.0,2585.0,0.022832856517023596,0.0,Y278Q
-3.2751462217380127,2071.0,227.0,0.07025685474293614,1.687565899582174e-156,Y278R
-2.763740764059257,3208.0,505.0,0.09314302150725126,1.734723475976807e-18,Y278S
-2.7229011977950703,2479.0,400.0,0.05434327799277001,8.749485436125743e-11,Y278T
-1.8502531420867718,1322.0,392.0,0.09317567248259188,8.673617379884035e-18,Y278V
0.20339704927448138,3001.0,3667.0,0.025533010141834074,8.329034264902953e-44,Y278W
-4.190610208946975,3562.0,207.0,0.07182975082928746,3.0235969305129557e-51,Y278_
0.24692847783288427,2399.0,3021.0,0.02819039775153764,4.131271403271046e-24,Y292A
-0.7943948293562988,3216.0,1965.0,0.060728693932661656,0.0,Y292C
-0.4340731902068365,1777.0,1409.0,0.11696503836474186,0.0,Y292D
0.1560071879949009,1482.0,1750.0,0.04353027852304821,2.168404344971009e-19,Y292E
0.19255686813492856,2703.0,3272.0,0.026867377844194726,2.6524032894660076e-193,Y292F
0.19357519398802836,2789.0,3377.0,0.04590834770957327,0.0,Y292G
0.13382472780215268,1607.0,1870.0,0.03470673304211225,7.872647179232424e-51,Y292H
-2.2939991144100724,3239.0,711.0,0.12758863655476305,3.469446951953614e-18,Y292I
0.13557787703154953,1366.0,1595.0,0.037487424529013796,1.9868286599076077e-16,Y292K
-3.7667465798570072,2784.0,215.0,0.2003868079570145,0.0,Y292L
-0.38798921772922595,2094.0,1699.0,0.03336224022990058,2.5526646715893294e-190,Y292M
-0.0007261315999084259,2757.0,2962.0,0.08178561293822001,0.0,Y292N
0.22535096305572286,3387.0,4196.0,0.035472464740731485,4.336808689942018e-19,Y292P
-0.072676329816168,1598.0,1610.0,0.035975178232092016,1.9253722212279705e-123,Y292Q
0.38228410797401496,5912.0,8137.0,0.061870520095642624,0.0,Y292R
0.217241861015901,3136.0,3862.0,0.034713042305187895,0.0,Y292S
0.19487157400127433,2187.0,2636.0,0.10814620811604943,3.469446951953614e-18,Y292T
-0.5614321816129233,2866.0,2059.0,0.029686567872988432,3.927283003192287e-95,Y292V
0.13080900957147396,1227.0,1417.0,0.08426016995370314,0.0,Y292W
-3.573451663128786,2088.0,186.0,0.08091261244339852,1.1323316233876474e-08,Y292_
-0.08375371756839424,1714.0,1721.0,0.04123856594284275,2.4936649967166602e-18,Y29A
-0.018984826702235138,1997.0,2108.0,0.06328466550036263,0.0,Y29C
-0.3893495093750979,1753.0,1410.0,0.10130656933605904,0.0,Y29D
-0.011788120645083723,1813.0,1902.0,0.042917064790246755,0.0,Y29E
0.05090443369703719,3074.0,3410.0,0.10537160698292446,3.469446951953614e-18,Y29F
-0.22466129931898654,613.0,553.0,0.05904582642350159,3.321682695145146e-17,Y29G
-0.6438169682515303,1704.0,1173.0,0.1779689195480626,0.0,Y29H
0.04316804620140955,725.0,790.0,0.05189554987790241,2.1187106092289283e-125,Y29I
0.06395748172026199,541.0,599.0,0.08063068220507526,0.0,Y29K
0.27345596919665355,1497.0,1882.0,0.24377938965694715,0.0,Y29L
0.28605715644561036,1921.0,2481.0,0.031140320172810494,1.43449119367448e-16,Y29M
-0.35894023840927236,1306.0,1104.0,0.18583274914049655,1.3877787807814457e-17,Y29N
-0.5984545836476701,2194.0,1536.0,0.03716030595784162,2.526688331217636e-12,Y29P
-0.046132216293880854,1357.0,1387.0,0.09677228356899924,6.938893903907228e-18,Y29Q
-0.19405013699968393,1810.0,1682.0,0.03456511891131802,2.9826362628814114e-31,Y29R
-0.16873334523001557,612.0,578.0,0.08070838921336786,0.0,Y29S
-0.25877764244967594,1512.0,1340.0,0.03824972074331978,2.5543572509210215e-07,Y29T
0.008501898296283311,1955.0,2109.0,0.10569412376529284,0.0,Y29W
-3.2051387167908167,102.0,4.0,0.5289705002494332,0.0003020720833577951,Y29_
0.1136380459618865,2689.0,3088.0,0.027247191136941722,2.3213864457155186e-34,Y316A
0.1075089541796935,2685.0,3059.0,0.049013561529622295,4.336808689942018e-19,Y316C
-0.04131768868082667,2803.0,2887.0,0.027384703046008197,2.1053125385942867e-21,Y316D
0.1258125845286503,3050.0,3529.0,0.025645775487928905,1.16971848920765e-50,Y316E
0.15762559187017744,3576.0,4231.0,0.023709430459800757,1.4316511443801156e-203,Y316F
-0.7122089207018808,2352.0,1529.0,0.059183640525122296,0.0,Y316G
0.17962252088537067,629.0,756.0,0.06508497904324367,4.336808689942018e-19,Y316H
-0.10603727160089772,2447.0,2412.0,0.029488209932709872,2.269512247335924e-92,Y316I
-0.36210513939746924,3580.0,2941.0,0.07202353384638098,0.0,Y316K
0.12211195373553259,2082.0,2399.0,0.03883346159820998,2.168404344971009e-19,Y316L
-0.029070121731498973,3000.0,3126.0,0.02645702024812039,3.965894849474099e-18,Y316M
0.36725658527108224,3007.0,4081.0,0.11831178300193873,6.938893903907228e-18,Y316N
-4.1601623654314634,2461.0,149.0,0.18062890077303725,0.0,Y316P
0.08008509423482224,3396.0,3801.0,0.028878966744602646,2.6020852139652106e-18,Y316Q
-0.09360232112248669,1930.0,1916.0,0.032961633402505554,4.281438544372577e-70,Y316R
-0.08718838925156334,3244.0,3233.0,0.025763663618666704,1.8005622102219473e-150,Y316S
0.15546774646917402,1419.0,1678.0,0.03671252559816353,3.4540539263816576e-260,Y316T
-0.24943291125748607,4779.0,4306.0,0.16945692907251056,0.0,Y316V
-0.6446669820910582,1138.0,776.0,0.08954351474006902,1.734723475976807e-18,Y316W
-4.231212585788043,4653.0,262.0,0.06385861904689238,0.0,Y316_
0.009900189950563944,1847.0,1970.0,0.03310254967344947,2.0100249916041146e-268,Y360A
-0.010443381738482985,2892.0,3039.0,0.02685149354961003,5.421329334843298e-78,Y360C
-0.8852814869713497,3357.0,1923.0,0.04678282553133945,0.0,Y360D
0.16959425524626953,1349.0,1602.0,0.07335205592645046,0.0,Y360E
0.05714527831810473,2449.0,2700.0,0.028719130559597187,1.2459205954594368e-30,Y360F
0.2189334064434635,2030.0,2500.0,0.06065275651495554,0.0,Y360G
0.30721780430177537,1314.0,1723.0,0.04036440288618142,1.2290437981579694e-11,Y360H
0.0401664892210175,3642.0,3968.0,0.040746399396949795,8.673617379884035e-19,Y360I
0.2130454015499504,2975.0,3630.0,0.1105252264704564,0.0,Y360K
0.14853694961836494,2050.0,2391.0,0.1167336908938281,0.0,Y360L
0.05289061339822833,1588.0,1744.0,0.04314186169700478,0.0,Y360M
-0.20631513950551894,2086.0,1919.0,0.032365219946481324,3.479632639483887e-94,Y360N
-3.9767181352410024,2946.0,202.0,0.1836149569452397,0.0,Y360P
0.22463478749210558,2190.0,2713.0,0.029516558324050274,1.5112678585795992e-10,Y360Q
-0.23725789823206936,2881.0,2586.0,0.05711833247394711,8.673617379884035e-19,Y360R
0.2538441994256549,2431.0,3074.0,0.027985385197518517,8.765705322694745e-117,Y360S
0.2621792290420434,2739.0,3468.0,0.06164820887069621,0.0,Y360T
0.07966611947729846,2968.0,3311.0,0.06858623923207434,1.734723475976807e-18,Y360V
0.0014148332293330388,1114.0,1169.0,0.19533226076805468,0.0,Y360W
-4.044965395504925,2716.0,180.0,0.2299876114090183,6.938893903907228e-17,Y360_
-0.3527772945430175,1225.0,1015.0,0.04299129950309309,4.099072372479917e-45,Y9A
0.07479697888192637,1512.0,1686.0,0.03608515802365088,5.592099657518225e-65,Y9C
-0.011743033299158882,679.0,713.0,0.0724423848410499,8.673617379884035e-19,Y9D
-0.1102421988854576,2892.0,2842.0,0.027279877105593285,2.97901007717593e-81,Y9E
0.05379645068790014,1881.0,2073.0,0.03257900756136996,7.65424124110777e-33,Y9F
-0.2848683305958943,1293.0,1119.0,0.09637465186968594,1.734723475976807e-18,Y9G
0.13421466782360317,1715.0,1995.0,0.0336427223146923,5.690330063903429e-35,Y9H
-0.5025946986389994,1457.0,1089.0,0.06502481336430739,0.0,Y9I
0.13602686196544803,1800.0,2097.0,0.032860050234063146,1.7273755300555962e-38,Y9K
0.17480580194430684,719.0,858.0,0.0712584280336684,8.673617379884035e-19,Y9L
0.01495345538692708,709.0,754.0,0.1290101313535687,0.0,Y9M
0.10380635229151751,1354.0,1541.0,0.0452602387716536,4.336808689942018e-19,Y9N
-0.5311840412859763,1212.0,891.0,0.044693752346707596,6.274917752584737e-13,Y9P
-1.0068819859802163,2402.0,1276.0,0.19092418460044,2.7755575615628914e-17,Y9Q
0.10145366579468051,1283.0,1459.0,0.03887981689520204,2.8239260411023334e-92,Y9R
-0.33940482812095973,1417.0,1182.0,0.09042002875327507,8.673617379884035e-18,Y9S
-0.21776808952099375,1821.0,1665.0,0.0685253306581612,1.734723475976807e-18,Y9T
-0.0065002612702926245,1842.0,1933.0,0.08235213396269421,0.0,Y9V
-0.07813282941483134,1512.0,1526.0,0.10919316591382716,6.938893903907228e-18,Y9W
-3.847236391586098,1760.0,129.0,0.11761144578716784,1.734723475976807e-18,Y9_
