mut,counts_input,counts_selected,f_score,SE
A105C,486.0,14.0,-7.400105145667696,0.271173328642446
A105D,351.0,2.0,-9.73182082867794,0.7074328062732825
A105E,221.0,0.0,-16.715472035948125,10.000231222228749
A105F,384.0,1.0,-10.854292785378517,0.9963949641834738
A105G,234.0,220.0,-2.3726490907589133,0.09443720397067905
A105H,467.0,3.0,-9.561194153161619,0.578331229737885
A105I,314.0,4.0,-8.574712465122026,0.5026539430424555
A105K,306.0,2.0,-9.533887495355112,0.7077288469263612
A105L,410.0,2.0,-9.955967793296315,0.7071429972868598
A105M,378.0,3.0,-9.25616511120699,0.5787669325206629
A105N,315.0,2265.0,0.5623998789909255,0.06095750527114726
A105P,288.0,0.0,-17.097479291865447,10.000178594283241
A105Q,290.0,0.0,-17.107463034977073,10.0001773970694
A105R,852.0,0.0,-18.662230750881836,10.000063675349374
A105S,451.0,424.0,-2.3727091396561777,0.0683776028939352
A105T,459.0,22.0,-6.66594254215936,0.21843147977266036
A105V,331.0,4.0,-8.650776763361794,0.5024912250644298
A105W,415.0,1.0,-10.96629500451457,0.9962973483306226
A105Y,654.0,3.0,-10.047053405841917,0.5778016598513639
A105_,274.0,1.0,-10.3673774500666,0.9969194188306255
A117C,426.0,71.0,-4.8684411921683415,0.12856788955176338
A117D,589.0,2.0,-10.47860082413212,0.7066187216266647
A117E,719.0,9.0,-8.601988927500805,0.33537800834454023
A117F,359.0,6.0,-8.18416323675855,0.4114299511589717
A117G,185.0,2493.0,1.4685655045989021,0.0768508338961912
A117H,508.0,12.0,-7.6861968480106775,0.2921168050564205
A117I,331.0,1.0,-10.64002370706492,0.9966041754700058
A117K,483.0,1.0,-11.185201962952306,0.9961270884324624
A117L,295.0,3.0,-8.89850456929225,0.5794095659563508
A117M,220.0,0.0,-16.708929486796613,10.00023225049503
A117N,944.0,7.0,-9.356891895771707,0.379226158200841
A117P,314.0,6.0,-7.990949710865762,0.4119147714444914
A117Q,568.0,4.0,-9.42981829010174,0.5012353807205633
A117R,209.0,0.0,-16.634932356615376,10.000244210816618
A117S,375.0,104.0,-4.133854832529046,0.11126936507016656
A117T,685.0,11.0,-8.242886683086248,0.3039509334498057
A117V,225.0,151.0,-2.8589930386325593,0.10566996180581055
A117W,373.0,8.0,-7.824916263194279,0.3572459296337839
A117Y,1145.0,343.0,-4.022685664186637,0.06235813992086037
A117_,1207.0,3.0,-10.931106434395181,0.5771951343081849
A126C,281.0,977.0,-0.4858961502335841,0.06842469653338586
A126D,225.0,0.0,-16.741349507286774,10.000227200559994
A126E,320.0,0.0,-17.249477376117948,10.00016123461239
A126F,218.0,19.0,-5.803211882997146,0.23935466182762916
A126G,180.0,73.0,-3.5855590769654846,0.13911080726407477
A126H,422.0,63.0,-5.02727247878853,0.135424978267127
A126I,226.0,950.0,-0.2120919156049732,0.07467944415559717
A126L,241.0,921.0,-0.3495241953454906,0.07303961846741693
A126M,215.0,339.0,-1.6267239381796763,0.08775265157733372
A126N,199.0,4.0,-7.9167428872204715,0.5044811667674508
A126P,347.0,531.0,-1.6698862161989556,0.06974798159283786
A126Q,315.0,300.0,-2.354035045914043,0.08128677949260033
A126R,425.0,888.0,-1.2205688715072327,0.059823199151527805
A126S,339.0,466.0,-1.8246149243816099,0.07207952614419513
A126T,243.0,1630.0,0.4621452194903535,0.06948644515224853
A126V,73.0,157.0,-1.1789575453737546,0.14200560146837962
A126W,202.0,3.0,-8.352167422485879,0.5807546637836758
A126Y,278.0,17.0,-6.314329739346825,0.24997151135552234
A126_,331.0,3.0,-9.064615513057014,0.5790913453718011
A134C,269.0,1.0,-10.340808708308874,0.9969534390966813
A134D,303.0,1.0,-10.512514311348173,0.9967442234161221
A134E,484.0,0.0,-17.84639724243043,10.000108293859254
A134F,249.0,2.0,-9.236512377000597,0.708257126109108
A134G,220.0,51.0,-4.3923651013996725,0.15572110665134273
A134H,475.0,0.0,-17.819318273140766,10.00011025112899
A134I,335.0,6.0,-8.084343367229788,0.41167238491542585
A134K,228.0,0.0,-16.76045748659042,10.000224276907566
A134L,318.0,2.0,-9.58938082887568,0.7076417235516963
A134M,403.0,1.0,-10.9239645419314,0.9963333547590097
A134N,638.0,2.0,-10.593887732898647,0.7065264519186012
A134P,599.0,2.0,-10.502888784182915,0.7065986660900335
A134Q,372.0,0.0,-17.466701790426516,10.000139394812448
A134R,271.0,0.0,-17.009706474066036,10.000189484036754
A134S,1232.0,17.0,-8.462135022885997,0.24433674569905098
A134T,222.0,3.0,-8.48836537210488,0.5803705980896187
A134V,448.0,1.0,-11.076679839675698,0.9962082708109943
A134W,500.0,25.0,-6.605027993808386,0.2051433213532542
A134Y,200.0,1.0,-9.91322103768665,0.9975963992572813
A134_,537.0,1.0,-11.338097858527899,0.9960225843395177
A151C,222.0,1368.0,0.33973420177387403,0.07304181209554246
A151D,363.0,95.0,-4.217506026079004,0.11567095062635555
A151E,762.0,29.0,-6.9988357378918655,0.18942810442656752
A151F,408.0,80.0,-4.634000289153641,0.12267507454031558
A151H,378.0,67.0,-4.7796240961837775,0.13292251260508733
A151I,339.0,27.0,-5.933410293090521,0.20018218223859072
A151K,435.0,2.0,-10.04135726229418,0.7070438822572024
A151L,110.0,0.0,-15.708995059373082,10.000459484374574
A151M,236.0,1.0,-10.151996894175717,0.9972140865409428
A151N,378.0,465.0,-1.9848106668303744,0.06996956442194804
A151P,428.0,4.0,-9.021546465095494,0.5018094942411717
A151Q,160.0,307.0,-1.3435244305213923,0.09801351023597991
A151R,207.0,3.0,-8.387441172183802,0.5806517149090845
A151S,278.0,1630.0,0.26802412474562587,0.065652890113696
A151T,347.0,788.0,-1.1004113084925047,0.06519660005565789
A151V,326.0,830.0,-0.9354355079441694,0.06612118593789224
A151W,229.0,32.0,-5.122464022674293,0.18896209902601807
A151Y,219.0,16.0,-6.057599539781803,0.25908836204827357
A151_,157.0,0.0,-16.222216835084136,10.000323436618391
A162C,71.0,159.0,-1.120624621652989,0.14307778350545503
A162D,296.0,16.0,-6.492248709701718,0.25678598490619814
A162E,334.0,1019.0,-0.6744430001842892,0.06383637578749005
A162F,307.0,2.0,-9.538594344464697,0.7077213269361828
A162G,314.0,292.0,-2.3884407364037887,0.0819082908386416
A162H,476.0,30.0,-6.2711246658256234,0.18847503289310166
A162I,518.0,12.0,-7.71431990068269,0.2920517544400683
A162K,413.0,4.0,-8.970078674339925,0.5018940360088643
A162L,552.0,1.0,-11.377843307284351,0.9959971823169738
A162M,374.0,5.0,-8.505770438625431,0.4498603556685782
A162N,827.0,14.0,-8.167023921271868,0.26960448541656257
A162P,238.0,26.0,-5.477531893245191,0.20675606710712147
A162Q,211.0,355.0,-1.5330997160832123,0.08749714194981248
A162R,542.0,33.0,-6.3209924335904555,0.17955124799305777
A162S,359.0,1237.0,-0.4988867799117749,0.060775443489278096
A162T,522.0,74.0,-5.101933330834895,0.12460808810405134
A162V,332.0,21.0,-6.265726636404347,0.2251847153864594
A162W,340.0,3.0,-9.103317888676079,0.5790222961914404
A162Y,493.0,35.0,-6.0994259509586986,0.17518972560687426
A162_,430.0,0.0,-17.675730597961785,10.00012126642527
A164C,553.0,1417.0,-0.9261755422408218,0.051125461208546476
A164D,535.0,613.0,-2.0873032567478704,0.06000195495033496
A164E,438.0,240.0,-3.151517298758791,0.08092812773522085
A164F,399.0,1395.0,-0.4778693529005409,0.05764424940230612
A164G,432.0,1949.0,-0.11004312796472604,0.054107837972699316
A164H,495.0,626.0,-1.944919974971996,0.06097044921973511
A164I,651.0,2443.0,-0.37573984847083786,0.04522412767878968
A164K,700.0,367.0,-3.2152041667552975,0.06521570604954265
A164L,364.0,2172.0,0.29333274795774944,0.057509966177798494
A164M,850.0,3808.0,-0.12016245985543161,0.039228522755461105
A164N,661.0,696.0,-2.2092120711521686,0.05522149292331584
A164P,476.0,173.0,-3.7437844616456344,0.08933434286651445
A164Q,461.0,1114.0,-1.0107557750676968,0.05627276651867314
A164R,330.0,2.0,-9.642818438151032,0.7075609266446741
A164S,469.0,810.0,-1.4953269725040599,0.05887715395515248
A164T,530.0,754.0,-1.7750839307669093,0.057557059591124025
A164V,546.0,1117.0,-1.2510051853771245,0.05316513254663403
A164W,407.0,448.0,-2.1451813141111433,0.06920152470224988
A164Y,436.0,285.0,-2.8969966926308617,0.07682441080022348
A164_,401.0,2.0,-9.923946909974829,0.707181700206861
A169C,431.0,255.0,-3.0408155278181885,0.07963267248790178
A169D,174.0,521.0,-0.7015071620181388,0.0881246901587604
A169E,639.0,622.0,-2.3225487416995882,0.05720513813499209
A169F,449.0,35.0,-5.964556616962494,0.17575609641148254
A169G,344.0,1234.0,-0.4408163305322894,0.061782476023512785
A169H,991.0,136.0,-5.148834895157234,0.09198525974116616
A169I,346.0,172.0,-3.291969301480366,0.09382708173480885
A169K,250.0,7.0,-7.44007555501396,0.3830835525806134
A169L,420.0,8.0,-7.996125632445404,0.35682580716538337
A169M,310.0,16.0,-6.558917548272066,0.256488752566489
A169N,376.0,5406.0,1.5620732365678625,0.05426139460307333
A169P,395.0,2974.0,0.6288004086024639,0.0544760839642266
A169Q,900.0,88.0,-5.637849677071778,0.11213054825166781
A169R,464.0,9.0,-7.970132989259511,0.3365155764710879
A169S,472.0,3618.0,0.6546590576129931,0.04994807418373432
A169T,392.0,283.0,-2.7536854344763917,0.07863978177925687
A169V,531.0,261.0,-3.308281956703664,0.07625149464950548
A169W,448.0,0.0,-17.73489132242749,10.000116594766846
A169Y,684.0,6.0,-9.11415662376828,0.4098184157763562
A169_,617.0,4.0,-9.549195832635574,0.5010958927952903
A208C,590.0,3448.0,0.2633046387928184,0.04565878651119106
A208D,554.0,1.0,-11.38306092220408,0.9959938992627422
A208E,332.0,7.0,-7.8493164490667695,0.3817919927428342
A208F,693.0,77.0,-5.453406476515681,0.12053266403484696
A208G,489.0,1788.0,-0.41322907563193834,0.05200043117166815
A208H,285.0,2.0,-9.431321235578723,0.7078989352498621
A208I,273.0,1465.0,0.14023680315926423,0.06667289244443263
A208K,404.0,1.0,-10.927539907546322,0.9963302725785057
A208L,915.0,227.0,-4.294679667445738,0.0748183962342174
A208M,409.0,703.0,-1.5022389132637803,0.06298570287845627
A208N,307.0,5.0,-8.220979242448417,0.4505084207787459
A208P,609.0,6.0,-8.94660512428938,0.4100380179221744
A208Q,521.0,0.0,-17.95267145061145,10.0001009577331
A208R,419.0,2.0,-9.987293371687084,0.7071059549986255
A208S,472.0,1734.0,-0.4064251193127699,0.05286882846009234
A208T,372.0,1677.0,-0.1111700242804119,0.05817400661808681
A208V,551.0,2970.0,0.1466693737521032,0.047448542611277636
A208W,746.0,7.0,-9.017284722905599,0.3795966712925917
A208Y,224.0,5.0,-7.7662567311684,0.4518458816073356
A208_,383.0,0.0,-17.508742447426027,10.000135534770786
A215C,385.0,174.0,-3.4293737086599956,0.09189095272602217
A215D,419.0,5.0,-8.669678269670804,0.4495410906544211
A215E,314.0,5.0,-8.25350409838174,0.450427825801016
A215F,520.0,17.0,-7.217732328948689,0.2466004937484507
A215G,301.0,941.0,-0.6392493698150625,0.066967549054439
A215H,316.0,3916.0,1.3476943234014245,0.059326509095044395
A215I,695.0,29.0,-6.866059543180548,0.18976173541830554
A215K,474.0,0.0,-17.816277882896426,10.000110473191352
A215L,385.0,6.0,-8.285035124697881,0.41120129147813567
A215M,393.0,439.0,-2.1239602271554636,0.07015791370732678
A215N,489.0,662.0,-1.8466589659378352,0.060459201564451406
A215P,679.0,4.0,-9.687334782697983,0.5009482077634803
A215Q,491.0,1903.0,-0.32918917733115904,0.05159377491220737
A215R,420.0,23.0,-6.473738796630023,0.21433636435245187
A215S,508.0,5830.0,1.236921548749709,0.04732660327663928
A215T,488.0,1150.0,-1.0469842176717536,0.054940985529502946
A215V,1511.0,1573.0,-2.2256333740206022,0.03738112830392281
A215W,782.0,12.0,-8.308527007984434,0.29093387330253484
A215Y,551.0,26.0,-6.6885882053186405,0.20090150881071217
A215_,340.0,5.0,-8.368270772240573,0.4501574216524029
A220C,460.0,2.0,-10.121973920075206,0.7069555286537302
A220D,404.0,0.0,-17.585751390298118,10.00012874927895
A220E,108.0,1.0,-9.024313793816805,0.9997285770639991
A220F,540.0,2.0,-10.353294819914346,0.7067277207436277
A220G,413.0,32.0,-5.9732301392492655,0.18374248883581704
A220H,531.0,1.0,-11.321887934909649,0.9960331467901751
A220I,257.0,3.0,-8.699565205050858,0.5798418997499819
A220K,296.0,0.0,-17.137006302217976,10.000173902495169
A220L,456.0,1.0,-11.102214366830172,0.9961886167609365
A220M,294.0,0.0,-17.127225612976716,10.00017505150551
A220N,294.0,1.0,-10.469014130224924,0.996794898990866
A220P,310.0,0.0,-17.203675140788324,10.000166274532354
A220Q,583.0,54.0,-5.715870183806854,0.1425838074296413
A220R,688.0,9.0,-8.538406625855817,0.33547142126665785
A220S,502.0,328.0,-2.8976243119973244,0.07169724980086858
A220T,688.0,22.0,-7.249846491777798,0.2167652574293397
A220V,546.0,5.0,-9.051620968183759,0.44892324799337774
A220W,575.0,52.0,-5.750374111080886,0.14514126843921044
A220Y,398.0,3.0,-9.330545389662673,0.578652079582199
A220_,135.0,3.0,-7.770806980347623,0.5828658407129976
A243C,910.0,7112.0,0.6826550406338083,0.03659661387572429
A243D,1660.0,20.0,-8.657974962951334,0.22511604652036468
A243E,1732.0,11.0,-9.581136988501338,0.3024957869357342
A243F,598.0,5.0,-9.182863203851298,0.44874583801974954
A243G,544.0,5.0,-9.046326765655795,0.4489307472255002
A243H,799.0,4.0,-9.922115520333383,0.5007273941904161
A243I,570.0,49.0,-5.823487185574628,0.1491917231893065
A243K,697.0,10.0,-8.405313483236535,0.318488014599188
A243L,615.0,3.0,-9.958350579447117,0.5778855590341133
A243M,510.0,3.0,-9.688266245674868,0.5781751251883759
A243N,532.0,8.0,-8.337155318880434,0.35612276658809594
A243P,500.0,5.0,-8.924650542794147,0.4491108708343599
A243Q,392.0,5.0,-8.573584051610482,0.44972388154685455
A243R,820.0,3.0,-10.373382214195413,0.5775337451976892
A243S,561.0,816.0,-1.7430876628595486,0.05574756045148052
A243T,644.0,797.0,-1.976133272532052,0.0539191637448909
A243V,511.0,1566.0,-0.667978011507663,0.05191618524852422
A243W,615.0,24.0,-6.962550567976404,0.20826694050003774
A243Y,437.0,12.0,-7.469006244748722,0.29266369738115244
A243_,753.0,2.0,-10.832977720377457,0.7063570324706329
A252C,631.0,2182.0,-0.49372506826170603,0.0462911425453363
A252D,613.0,1.0,-11.52905951345452,0.995906682655179
A252E,593.0,4.0,-9.491958394353736,0.5011613379989883
A252F,908.0,2307.0,-0.9384038416315814,0.040430024090965536
A252G,901.0,1122.0,-1.9671774970224956,0.0458360027331685
A252H,664.0,1.0,-11.64435387348146,0.9958437765102691
A252I,865.0,94.0,-5.485478687213005,0.10905520691771095
A252K,589.0,2.0,-10.47860082413212,0.7066187216266647
A252L,670.0,170.0,-4.262211027830552,0.08645425307907476
A252M,295.0,205.0,-2.808717583120349,0.09147317824892781
A252N,380.0,1.0,-10.83918628845357,0.9964087190985971
A252P,397.0,5.0,-8.591868941130524,0.4496881614429041
A252Q,710.0,1.0,-11.740988248860603,0.995794786422265
A252R,393.0,7.0,-8.092655775293409,0.38117926592198864
A252S,1024.0,509.0,-3.2921119071789873,0.055144961746147164
A252T,394.0,20.0,-6.583087181426353,0.22937487883579155
A252V,459.0,195.0,-3.518625486062481,0.08606021047962775
A252W,951.0,5.0,-9.852154105595439,0.4480537110154339
A252Y,794.0,4.0,-9.913059138251334,0.5007352638701262
A252_,579.0,2.0,-10.453896961322918,0.7066394693169424
A273C,687.0,6762.0,1.0154011378914993,0.04127085906694825
A273D,648.0,4.0,-9.619918037785261,0.5010185231735832
A273E,244.0,28.0,-5.406574392837721,0.19974870152428092
A273F,806.0,7460.0,0.9266599132494808,0.0383997834801751
A273G,576.0,1504.0,-0.8989996119210728,0.05000786002855397
A273H,893.0,365.0,-3.5743883494531197,0.06292277135418535
A273I,476.0,2707.0,0.22398842205368297,0.050695397903795604
A273K,703.0,4679.0,0.4509381878529011,0.0416652276363341
A273L,808.0,11665.0,1.5680225779252517,0.037724670998101416
A273M,751.0,6960.0,0.9285373479255501,0.03968669858567132
A273N,498.0,1785.0,-0.4419624682784402,0.0516529636723787
A273P,631.0,2.0,-10.577971564967246,0.7065387566491743
A273Q,1342.0,6057.0,-0.1094376365213261,0.031781516464755716
A273R,739.0,1248.0,-1.5276843053423397,0.047478976301427805
A273S,517.0,2002.0,-0.33046291802490835,0.05033400904888914
A273T,436.0,2882.0,0.44099420437400916,0.05234807861342982
A273V,706.0,3083.0,-0.1570689622242476,0.0429020368764684
A273W,687.0,837.0,-1.9987342475860697,0.052441659413648894
A273Y,378.0,2211.0,0.264561236688837,0.056546711194281715
A273_,436.0,0.0,-17.695721611448253,10.000119666347771
A289C,954.0,965.0,-2.2671085041703827,0.04673629885943259
A289D,410.0,15.0,-7.055311222854556,0.2629848524782568
A289E,457.0,61.0,-5.188756105909312,0.13667006782189398
A289F,1001.0,958.0,-2.3469917741373614,0.046288630967631264
A289G,481.0,380.0,-2.6236775115680375,0.06935621422858201
A289H,599.0,120.0,-4.603073470400939,0.1005080895053919
A289I,535.0,14.0,-7.538685004583105,0.2708256399914098
A289K,680.0,11.0,-8.232317596235863,0.3039685902377918
A289L,548.0,72.0,-5.2115810553724735,0.12574402674200463
A289M,1016.0,1699.0,-1.5418682658012752,0.04089787565341378
A289N,821.0,894.0,-2.1607568334017544,0.049359736418808066
A289P,655.0,3.0,-10.049257643090447,0.5777996398128064
A289Q,716.0,232.0,-3.9094407555174033,0.07620107270360327
A289R,604.0,2.0,-10.514881131342893,0.7065888871451327
A289S,395.0,1215.0,-0.6626409019899535,0.05877444912599146
A289T,422.0,197.0,-3.382656332480134,0.08686375806383836
A289V,759.0,652.0,-2.502872809784367,0.05432347930507953
A289W,608.0,57.0,-5.698456153367233,0.13887155218925265
A289Y,490.0,323.0,-2.8848803699146703,0.07236345735390542
A289_,468.0,4.0,-9.150441317331241,0.5016104873123424
A312C,404.0,1946.0,-0.01559179211774886,0.05557764055180669
A312D,708.0,3.0,-10.161510447942977,0.5777007347650783
A312E,700.0,5.0,-9.410069126134047,0.44847426383405414
A312F,1292.0,9.0,-9.447522422922443,0.33445716475804127
A312G,1319.0,2142.0,-1.5841382949389367,0.03639795999740466
A312H,776.0,7.0,-9.07416499720264,0.3795284066298221
A312I,772.0,74.0,-5.6664754216003494,0.12209350316947316
A312K,766.0,16.0,-7.863966021139662,0.25271771560874096
A312L,1076.0,4439.0,-0.23910153501447784,0.03541822617999817
A312M,748.0,1490.0,-1.2894554572317443,0.04591114086926086
A312N,650.0,56.0,-5.820353587821034,0.1396144993141662
A312P,939.0,8.0,-9.156842477042678,0.3549770589083708
A312Q,863.0,247.0,-4.0884558351217954,0.07284895410838643
A312R,535.0,5.0,-9.022259451818714,0.4489651860026629
A312S,825.0,2430.0,-0.7251692686825173,0.041514375314673016
A312T,665.0,5203.0,0.6842505319599024,0.04237628020076852
A312V,602.0,533.0,-2.459272859580386,0.060308003456900725
A312W,777.0,12.0,-8.299273117801324,0.2909480148276818
A312Y,559.0,5.0,-9.085567685630172,0.4488758080639642
A312_,678.0,3.0,-10.099047262622625,0.5777548217183476
A321C,630.0,976.0,-1.6521268068684343,0.05207371655867936
A321D,818.0,3.0,-10.369859190647919,0.5775363265299129
A321E,707.0,2.0,-10.742039317071594,0.70641819120107
A321F,498.0,2.0,-10.236483408093218,0.7068382032091519
A321G,1064.0,1588.0,-1.7059397204459321,0.04085799364877419
A321H,595.0,2.0,-10.493222611503086,0.7066066074778373
A321I,318.0,10.0,-7.273206261218614,0.32116112934221974
A321K,715.0,0.0,-18.409323806792656,10.000074919606135
A321L,386.0,6.0,-8.288777429306943,0.411193109670027
A321M,845.0,22.0,-7.546385372206044,0.21614145259530596
A321N,571.0,5.0,-9.116209605774177,0.4488339304413815
A321P,295.0,0.0,-17.13212424605195,10.000174475052946
A321Q,1310.0,29.0,-7.780531726839011,0.1879735113311771
A321R,835.0,4.0,-9.98569543630294,0.5006735113315995
A321S,987.0,1350.0,-1.8318145207650973,0.043054757139000414
A321T,819.0,61.0,-6.030411439234887,0.13308477683108896
A321V,670.0,183.0,-4.155908153961788,0.08400305482429521
A321W,518.0,61.0,-5.369510321050693,0.13572411787991723
A321Y,719.0,7.0,-8.96410158930372,0.37966296829158697
A321_,850.0,7.0,-9.205569567512422,0.3793805806824481
A328C,713.0,11.0,-8.300683944604657,0.3038566144014977
A328D,1411.0,3.0,-11.156397018144528,0.5770913634061153
A328E,825.0,4.0,-9.968313567499877,0.5006880076664666
A328F,414.0,5.0,-8.652359209304544,0.4495731474354153
A328G,848.0,516.0,-3.0003302609578126,0.056718552640249956
A328I,7.0,0.0,-11.736918641950883,10.00713511292075
A328K,434.0,4.0,-9.041630245142798,0.5017773100458015
A328L,698.0,9.0,-8.559224796946435,0.3354403843785268
A328M,1152.0,11.0,-8.992842968933026,0.302975882311204
A328N,637.0,2.0,-10.591624716888383,0.7065281931933699
A328P,703.0,1.0,-11.72669411586759,0.9958018280115842
A328Q,564.0,4.0,-9.419622703131397,0.5012478356162666
A328R,780.0,3.0,-10.301233330676597,0.5775878845375594
A328S,1006.0,734.0,-2.7384210306243797,0.04956027704782069
A328T,1040.0,122.0,-5.3751741065611585,0.09621535541589894
A328V,812.0,380.0,-3.3791081187059615,0.06295107244447679
A328W,1002.0,16.0,-8.25142779647619,0.25210865084009404
A328Y,625.0,0.0,-18.215239660200425,10.000084989153743
A328_,725.0,3.0,-10.195741604962288,0.577672070329686
A347C,622.0,2933.0,-0.04627569775237017,0.04525984715848909
A347D,680.0,1.0,-11.678704867048435,0.995825985003358
A347E,748.0,29.0,-6.9720833646425575,0.1894929247588301
A347F,635.0,1.0,-11.579928216050769,0.9958783079013925
A347G,1369.0,11720.0,0.8141209028049428,0.0302587989041366
A347H,773.0,4.0,-9.874389038648161,0.5007694268089097
A347I,506.0,126.0,-4.289275675549598,0.10005967984788036
A347K,738.0,5.0,-9.486333959161021,0.44839224958797425
A347L,606.0,3.0,-9.937082311080669,0.5779064520364616
A347M,567.0,10.0,-8.107508307953829,0.31900400173559545
A347N,615.0,4.0,-9.5445118297519,0.5011011517871402
A347P,1000.0,0.0,-18.893302909255347,10.00005499014369
A347Q,945.0,12.0,-8.5816695476512,0.29055456022768317
A347R,791.0,9.0,-8.739673025134309,0.3351892208310599
A347S,1129.0,213.0,-4.689713206380372,0.07536685558761652
A347T,367.0,47.0,-5.248427795320483,0.1552308186773152
A347V,278.0,47.0,-4.847745199816473,0.15801543780250185
A347W,842.0,8.0,-8.999539322416304,0.3551498209451944
A347Y,909.0,8.0,-9.109998120645656,0.35502656080212025
A347_,600.0,1.0,-11.498135450176047,0.995924427197137
A349C,985.0,2274.0,-1.0766196856761452,0.03943077251713808
A349D,582.0,3614.0,0.3508366436108332,0.04576789686978453
A349E,559.0,4139.0,0.604691729787989,0.04615513330490259
A349F,866.0,1358.0,-1.6346094939864457,0.044619598578347346
A349G,770.0,6844.0,0.8682447727583251,0.0393015712251851
A349H,552.0,6773.0,1.3333828102245828,0.04537644901976597
A349I,513.0,649.0,-1.9443942486481225,0.05991580715285044
A349K,428.0,3329.0,0.6757287870770226,0.052312517741047164
A349L,686.0,1077.0,-1.6329178745205963,0.04985997474354115
A349M,676.0,1327.0,-1.3105852585238669,0.048297596002575445
A349N,510.0,4788.0,0.947180717428048,0.04763839629059522
A349P,267.0,975.0,-0.4151247667047997,0.06978985948671307
A349Q,1020.0,9783.0,0.9780471123659966,0.03438628319379985
A349R,757.0,8951.0,1.2800182089209824,0.039147434736958954
A349S,525.0,3327.0,0.3801613870629108,0.048011578848355954
A349T,453.0,1774.0,-0.31424866848844424,0.05358140878187295
A349V,842.0,1561.0,-1.3930775009812861,0.043909692953616686
A349W,677.0,1828.0,-0.8506230942353437,0.04608624429553106
A349Y,745.0,3424.0,-0.0832927883204233,0.041642946361117296
A349_,829.0,4.0,-9.975291465486087,0.5006821672158352
A357C,970.0,1899.0,-1.314472030823059,0.04071023551037864
A357D,827.0,30.0,-7.068037558104399,0.18609464539281254
A357E,623.0,5.0,-9.241948914581698,0.4486710654512702
A357F,969.0,388.0,-3.604065727202378,0.06090197168637589
A357G,751.0,177.0,-4.368649259671761,0.08414721878482448
A357H,1093.0,13.0,-8.676189836014395,0.2790675033344964
A357I,966.0,2475.0,-0.9263236825165735,0.03923060846231874
A357K,482.0,2.0,-10.189371773887913,0.7068853510031073
A357L,1183.0,104.0,-5.791316129303593,0.10275980458271412
A357M,254.0,399.0,-1.6321083990720266,0.08088801907248219
A357N,595.0,13.0,-7.79886905596422,0.28043610810212105
A357P,888.0,10.0,-8.754710051703395,0.3180031906166538
A357Q,1260.0,14.0,-8.774482425586651,0.26883275066485685
A357R,761.0,4.0,-9.851817372523952,0.5007897939061395
A357S,711.0,3145.0,-0.13852515946148625,0.04271100432023368
A357T,619.0,2412.0,-0.32144674062242906,0.0461507384982948
A357V,434.0,626.0,-1.7551905888277899,0.06325605777233875
A357W,861.0,199.0,-4.396837075319357,0.0792850283225732
A357Y,815.0,30.0,-7.046950544906181,0.1861424740148557
A357_,691.0,3.0,-10.12644729955775,0.5777308080575431
A362C,977.0,100.0,-5.571877074349047,0.10546253825296706
A362D,1039.0,1.0,-12.290286539219647,0.9955708314544568
A362E,832.0,0.0,-18.627961255836496,10.000065086014617
A362F,365.0,5.0,-8.470629583637248,0.44993362318153524
A362G,635.0,210.0,-3.879969293233522,0.08022638133982714
A362H,813.0,11.0,-8.490034731442968,0.3035726180221835
A362I,761.0,3.0,-10.26565612221917,0.5776155924993065
A362K,895.0,3.0,-10.499644512514513,0.5774452662120928
A362L,784.0,14.0,-8.089991203004478,0.2697274499752935
A362M,568.0,7.0,-8.624006082546039,0.38014957666210425
A362N,443.0,4.0,-9.071241225927,0.5017306646894193
A362P,802.0,38.0,-6.682817302912012,0.16629957676289933
A362Q,1034.0,8.0,-9.295880188117,0.3548392165496659
A362R,1104.0,0.0,-19.036041722323834,10.000050280113317
A362S,643.0,39.0,-6.326573278780774,0.1651952008049209
A362T,1081.0,196.0,-4.747028712415868,0.07827296622560423
A362V,663.0,9.0,-8.48500772195613,0.3355530958243191
A362W,394.0,4.0,-8.902134206877175,0.5020103396850231
A362Y,432.0,3.0,-9.448805418450771,0.578481193083444
A362_,496.0,2.0,-10.23067790322329,0.70684393050649
A368C,996.0,2662.0,-0.865364149333196,0.038463981472937066
A368D,488.0,2.0,-10.20721940721901,0.7068673086555057
A368E,557.0,14.0,-7.5968223755593955,0.27068931127770307
A368F,1281.0,283.0,-4.462004809939744,0.06643714304872662
A368G,406.0,648.0,-1.6091471925232446,0.06407804211954389
A368H,765.0,72.0,-5.692857442315768,0.12366870459938491
A368I,660.0,1994.0,-0.6885351514754499,0.04600485251304674
A368K,214.0,50.0,-4.381037708489592,0.1573800989459163
A368L,1330.0,3685.0,-0.813416566594447,0.03351208181940387
A368M,870.0,1665.0,-1.3472210545149843,0.04300959156674515
A368N,705.0,413.0,-3.0551150157608697,0.0627653118741639
A368P,873.0,40.0,-6.731213653620567,0.16198465887547656
A368Q,1043.0,1764.0,-1.5255422584832816,0.040317114064199265
A368R,683.0,10.0,-8.376040829928666,0.3185341790210633
A368S,825.0,795.0,-2.3370866070150553,0.0506928814606617
A368T,933.0,2355.0,-0.9478792710977784,0.03995300261747218
A368V,627.0,2729.0,-0.16183068425096447,0.04539955992619095
A368W,696.0,316.0,-3.422785829656017,0.06856408450980928
A368Y,553.0,21.0,-7.001805509558687,0.2224960317330998
A368_,742.0,7.0,-9.00952838352354,0.3796061893374694
A381C,997.0,1704.0,-1.5103940859061926,0.041105545619138976
A381D,353.0,1541.0,-0.15755274162570565,0.05984581768426821
A381E,750.0,2607.0,-0.48623362767615763,0.04262291219647994
A381F,427.0,3046.0,0.5509309089045757,0.052630597174498805
A381G,737.0,1823.0,-0.9770816322720837,0.04477938067515045
A381H,426.0,936.0,-1.1480113609397629,0.05929201708317228
A381I,360.0,1200.0,-0.5467104656711355,0.0609166882387537
A381K,262.0,1220.0,-0.06444881535213032,0.06881954322513124
A381L,754.0,1858.0,-0.9825453038325991,0.04432006871400578
A381M,611.0,1573.0,-0.9193880625943551,0.04870497089161588
A381N,829.0,3397.0,-0.24884395232530032,0.0400056307248456
A381P,1234.0,5305.0,-0.1796466229499818,0.03314638985658571
A381Q,559.0,2337.0,-0.21993009700315724,0.04813096557048951
A381R,765.0,3017.0,-0.30407904113082784,0.0416946320535393
A381S,636.0,2252.0,-0.4595561285810854,0.0460018041132226
A381T,1192.0,3442.0,-0.7537930580198089,0.035060846431143794
A381V,653.0,1764.0,-0.8499662585789354,0.046883645600785076
A381W,510.0,438.0,-2.5032097351917306,0.06590610490438086
A381Y,471.0,914.0,-1.3271957483144838,0.05759334167454705
A381_,1109.0,2010.0,-1.42571770338003,0.03871732150641029
A45C,265.0,597.0,-1.1119397108774587,0.07448672518020145
A45D,484.0,4.0,-9.198938815975511,0.5015400756830057
A45E,311.0,0.0,-17.20832135600787,10.000165755955967
A45F,375.0,2.0,-9.827237763274107,0.7073039299099084
A45G,512.0,21.0,-6.890671928404289,0.22282119608846152
A45H,179.0,66.0,-3.722931687483616,0.14434443463073682
A45I,581.0,1.0,-11.451711899393974,0.9959517892803332
A45K,643.0,2.0,-10.605149870626407,0.7065178267216538
A45L,192.0,1.0,-9.854330354094348,0.997700800780822
A45M,333.0,291.0,-2.4781447793307914,0.0808643107538552
A45N,458.0,2.0,-10.115687794180843,0.7069622423796792
A45P,925.0,13.0,-8.435424103019704,0.279365058836139
A45Q,1046.0,0.0,-18.95818512639161,10.000052791345777
A45R,523.0,0.0,-17.958198918689433,10.000100590755485
A45S,509.0,1411.0,-0.8126857002622554,0.05266047893531874
A45T,381.0,3.0,-9.267569573963257,0.5787489374052085
A45V,608.0,5.0,-9.206788646305085,0.4487151926241795
A45W,704.0,5.0,-9.418289515838815,0.4484652145591976
A45Y,527.0,3.0,-9.735571047950245,0.5781204257938458
A45_,342.0,1.0,-10.687187413297899,0.9965554259111173
A46C,560.0,5699.0,1.0635388217607695,0.04539787846178174
A46D,208.0,436.0,-1.2159396710193269,0.08485754212333042
A46E,333.0,766.0,-1.0818502825954903,0.06639423701743945
A46F,252.0,1813.0,0.5631859871163085,0.06796676643444348
A46G,449.0,1417.0,-0.6256175494000882,0.05506949345791472
A46H,537.0,2230.0,-0.22961868722731804,0.049095896934113634
A46I,396.0,1747.0,-0.1423689082312558,0.056545656105495425
A46K,592.0,3.0,-9.903362256227073,0.5779402133222225
A46L,216.0,554.0,-0.9248340927538656,0.080834725041026
A46M,377.0,1130.0,-0.6999871640155622,0.06030931400344339
A46N,244.0,980.0,-0.2777918108320723,0.07223853781512668
A46P,393.0,9.0,-7.730543113490493,0.3370935652871441
A46Q,440.0,3184.0,0.5715886419979377,0.05183204495263682
A46R,879.0,8.0,-9.061581533269184,0.3550794340025233
A46S,665.0,1659.0,-0.9647733657256721,0.046971499921334876
A46T,61.0,989.0,1.7352194645941363,0.13229392893727418
A46V,623.0,527.0,-2.525072991007221,0.06002019469458597
A46W,703.0,9994.0,1.5457985374516836,0.04027816661821002
A46Y,461.0,522.0,-2.104368608792263,0.06468878075041211
A46_,258.0,2.0,-9.287735679288087,0.7081582255931673
A48C,257.0,3.0,-8.699565205050858,0.5798418997499819
A48D,214.0,1.0,-10.01082711544537,0.9974324561820597
A48E,385.0,4.0,-8.868797878954144,0.5020694271066972
A48F,243.0,2.0,-9.201324379086554,0.7083271212526654
A48G,263.0,959.0,-0.41721980283085536,0.07031852311328751
A48H,1755.0,244.0,-5.130115080396085,0.06904930063162339
A48I,620.0,4.0,-9.556193445621503,0.5010880678211692
A48K,402.0,1.0,-10.9203802936321,0.9963364522637577
A48L,197.0,0.0,-16.54962924856352,10.000258781670126
A48M,427.0,0.0,-17.66563024370896,10.000122083326167
A48N,235.0,4.0,-8.156624107797239,0.5037176913513416
A48P,691.0,1.0,-11.701855493565658,0.9958142310986268
A48Q,345.0,3.0,-9.124378889262342,0.5789854887905014
A48R,324.0,1.0,-10.609187244785392,0.9966369199938115
A48S,598.0,122.0,-4.576818220863218,0.09984026362641829
A48T,412.0,7.0,-8.160769107332552,0.38102531911487036
A48V,245.0,1.0,-10.205989538275922,0.9971360448109392
A48W,367.0,4.0,-8.7997213340593,0.5021962722863761
A48Y,659.0,3.0,-10.058041067982984,0.5777916208941615
A48_,491.0,0.0,-17.867112794521525,10.000106821144284
A62C,631.0,409.0,-2.9091747601435314,0.064261223403281
A62D,509.0,1.0,-11.26084290447443,0.9960740051540469
A62E,343.0,0.0,-17.349611024354584,10.000150758003429
A62F,248.0,1.0,-10.223547197364383,0.9971112883116983
A62G,695.0,7040.0,1.0568238292021133,0.040996211638139976
A62H,377.0,0.0,-17.485963178249094,10.00013761232488
A62I,280.0,2.0,-9.405787047383846,0.7079431860915905
A62K,264.0,0.0,-16.9719529635779,10.000194375671438
A62L,39.0,0.0,-14.213276290964822,10.00128663065918
A62M,45.0,0.0,-14.41967785732581,10.00111579279759
A62N,590.0,7.0,-8.678829160204664,0.38006322471232445
A62P,493.0,4.0,-9.225518870932282,0.5015024734972754
A62Q,442.0,0.0,-17.715439396896485,10.000118109710064
A62R,321.0,2.0,-9.602926936729059,0.70762095888995
A62S,393.0,3373.0,0.8177506606690805,0.05422869645759177
A62T,55.0,1.0,-8.050914712833794,1.0041799334761825
A62V,477.0,7.0,-8.372109264571897,0.3805910671055798
A62W,223.0,0.0,-16.72846879102966,10.000229193360992
A62Y,260.0,0.0,-16.949927497947186,10.000197289144872
A62_,322.0,1.0,-10.60025439657592,0.9966465368508558
A86C,484.0,243.0,-3.2776691801052094,0.0792524189294133
A86D,309.0,0.0,-17.199013914023787,10.000166796465088
A86E,360.0,5.0,-8.450730575155113,0.4499759048218297
A86F,395.0,808.0,-1.2511640366895405,0.06220133295994105
A86G,315.0,2877.0,0.9074526948687343,0.06018223471589248
A86H,265.0,0.0,-16.977407187460674,10.00019366104523
A86I,364.0,128.0,-3.791369575926139,0.1032418658736396
A86K,222.0,1.0,-10.06377356611279,0.9973480472766912
A86L,418.0,0.0,-17.634897843618454,10.00012460438186
A86M,181.0,10.0,-6.460203530668766,0.3248453054178741
A86N,360.0,7.0,-7.966126734339699,0.3814850834184884
A86P,347.0,5.0,-8.39767083272493,0.4500915191750713
A86Q,151.0,45.0,-4.029974627208926,0.17011519318817359
A86R,464.0,1.0,-11.127304802321255,0.996169640054196
A86S,181.0,586.0,-0.5887921261485491,0.08562025504031652
A86T,401.0,188.0,-3.376476822644337,0.0889515897232099
A86V,186.0,256.0,-1.822828027038442,0.09686056146067316
A86W,152.0,160.0,-2.209652171899463,0.11370109880043301
A86Y,551.0,603.0,-2.1535445824943116,0.0597746792880643
A86_,372.0,2.0,-9.815650099247588,0.7073191312913943
C72A,433.0,2239.0,0.08674071544320405,0.053440222199178516
C72D,359.0,599.0,-1.545091950048155,0.0674883311455317
C72E,267.0,880.0,-0.5630218644447673,0.07057864198260412
C72F,176.0,299.0,-1.519111671496538,0.09552843043149374
C72G,539.0,2094.0,-0.325763620010747,0.04932161478637219
C72H,952.0,22153.0,2.2567341896883306,0.034574059995813824
C72I,504.0,755.0,-1.7006046134283253,0.05838141213873741
C72K,38.0,35.0,-2.402259971373722,0.23446097676008454
C72L,574.0,388.0,-2.8486300438871046,0.06647705611135175
C72M,528.0,1090.0,-1.2379437954717893,0.0539550016040757
C72N,456.0,2990.0,0.42936493433718326,0.051256192845948824
C72P,336.0,94.0,-4.121266045722171,0.11710287809546466
C72Q,350.0,1489.0,-0.19476261147274165,0.06023673535613812
C72R,507.0,1178.0,-1.067382329421224,0.05404676504193464
C72S,313.0,1780.0,0.22395668422940052,0.062099892136243555
C72T,170.0,983.0,0.24793847671977165,0.0836606627249128
C72V,431.0,1560.0,-0.42788597807874673,0.05532602654268672
C72W,316.0,1793.0,0.22069340880806276,0.06182227828336961
C72Y,533.0,708.0,-1.8740408709070024,0.05820964469186057
C72_,898.0,4.0,-10.090633471558094,0.5005896002181859
D118A,497.0,448.0,-2.433391952567245,0.0659085797321452
D118C,396.0,941.0,-1.0349748150962936,0.06072637498152356
D118E,318.0,1733.0,0.16248793369782,0.061817487943259856
D118F,277.0,290.0,-2.2174834186407235,0.08460467384750484
D118G,509.0,479.0,-2.3712862331353275,0.06443642550288127
D118H,438.0,509.0,-2.0669178158971357,0.06593532240741468
D118I,347.0,542.0,-1.6403057770474083,0.06947345996862178
D118K,257.0,472.0,-1.4066550774248778,0.0781621024961989
D118L,555.0,845.0,-1.6771933590661732,0.05554280495986431
D118M,243.0,493.0,-1.2630467808185406,0.07901410832208063
D118N,727.0,397.0,-3.156447869611127,0.0631992170597093
D118P,349.0,1.0,-10.716417278547407,0.9965260022762616
D118Q,284.0,599.0,-1.207009648024914,0.07273403529889999
D118R,425.0,243.0,-3.090129111781139,0.08104170966603741
D118S,189.0,359.0,-1.3580865434582066,0.09042112025179555
D118T,274.0,381.0,-1.8080476900356972,0.07983683842308538
D118V,276.0,230.0,-2.546671959878805,0.0898360177905991
D118W,397.0,171.0,-3.498742664000873,0.09201225673522959
D118Y,199.0,233.0,-2.0560970623329684,0.09703788085921511
D118_,336.0,4.0,-8.672406130752297,0.5024464910841988
D179A,164.0,816.0,0.03115504286317261,0.08615381750906068
D179C,175.0,1060.0,0.3149206025830553,0.08220196120816989
D179E,330.0,1163.0,-0.46636615319088826,0.0631653776835772
D179F,248.0,3044.0,1.3338548926255323,0.06678641635917726
D179G,332.0,1070.0,-0.5953223289459393,0.06361088015198899
D179H,400.0,2199.0,0.175098184886739,0.05526756274029886
D179I,285.0,3005.0,1.114637339589465,0.06277931436144624
D179K,544.0,1809.0,-0.5501527013801182,0.04990797474403717
D179L,569.0,4809.0,0.7955660059165974,0.04544444149105325
D179M,252.0,1773.0,0.5309997777961009,0.06805824720805323
D179N,555.0,3627.0,0.42454704416982914,0.04666148763235644
D179P,579.0,1016.0,-1.4723935762704983,0.053020223185730145
D179Q,666.0,2600.0,-0.31874658020437074,0.044563536211874734
D179R,382.0,1401.0,-0.4088630643643638,0.05857746322047786
D179S,684.0,2892.0,-0.20366478919018238,0.04367565796162527
D179T,535.0,3182.0,0.28865259901005746,0.04778291125183966
D179V,480.0,3267.0,0.4831864960117027,0.049891844096304455
D179W,463.0,3570.0,0.6631648494892719,0.05039551293607924
D179Y,494.0,2121.0,-0.181508736111069,0.0509464416320261
D179_,225.0,0.0,-16.741349507286774,10.000227200559994
D239A,553.0,771.0,-1.8042040046653849,0.056613615861997875
D239C,833.0,15.0,-8.077985940624085,0.26061951866742133
D239E,549.0,844.0,-1.663220343155266,0.05573236429275177
D239F,829.0,7.0,-9.169479257930385,0.3794198549341279
D239G,440.0,8.0,-8.063238266982001,0.35667413220932676
D239H,869.0,74.0,-5.837228665196714,0.1214999516523365
D239I,721.0,25.0,-7.133090314276033,0.20364372224714228
D239K,1165.0,21.0,-8.076770374178853,0.22035099342485573
D239L,486.0,11.0,-7.7477476325341454,0.3049326287456164
D239M,1185.0,150.0,-5.265416659356782,0.08723481463663287
D239N,621.0,28.0,-6.754250619478112,0.19342086519120028
D239P,712.0,23.0,-7.2352126228858,0.21204635353413212
D239Q,722.0,315.0,-3.480269199111947,0.06825936318531012
D239R,738.0,3.0,-10.221381075596527,0.5776510406020516
D239S,450.0,986.0,-1.1520027905916184,0.05775965058136281
D239T,875.0,55.0,-6.275181704638458,0.1393598686029168
D239V,843.0,43.0,-6.576453716431091,0.15664114506939047
D239W,211.0,0.0,-16.648671758974533,10.00024194346257
D239Y,356.0,0.0,-17.40327815325382,10.000145435230415
D239_,931.0,4.0,-10.142698624922971,0.50055017412851
D260A,666.0,4870.0,0.5866609824428806,0.04250450848758807
D260C,791.0,2807.0,-0.4563816430365466,0.041476178413701506
D260E,632.0,4830.0,0.6503588772763504,0.043463872949640936
D260F,481.0,603.0,-1.9575329680658209,0.061944507796070414
D260G,451.0,3142.0,0.5168084372878976,0.05133545792838386
D260H,535.0,3770.0,0.5332825796890499,0.047267230985299884
D260I,532.0,1269.0,-1.029469838962859,0.05260699258249154
D260K,549.0,64.0,-5.384111221813376,0.13245314386510437
D260L,368.0,464.0,-1.9492370797761502,0.07051424911970372
D260M,750.0,2964.0,-0.30107942943934507,0.04207745514481189
D260N,594.0,1258.0,-1.2010637413341012,0.050775934069321065
D260P,652.0,6035.0,0.9267421569610748,0.0424173845714535
D260Q,713.0,1944.0,-0.8366065835368222,0.04490792154392323
D260R,910.0,34.0,-7.025499495797751,0.17493376361118654
D260S,806.0,4046.0,0.04398223448617955,0.03984535568139817
D260T,322.0,2121.0,0.4359260179183462,0.0606364825161515
D260V,439.0,1784.0,-0.26085001356085513,0.05420519636439062
D260W,1073.0,1628.0,-1.6822019680656943,0.0405711782243662
D260Y,646.0,2103.0,-0.5808207003103023,0.04607915434154046
D260_,547.0,8.0,-8.377269162538571,0.35605039125146815
D290A,417.0,945.0,-1.1034003923316291,0.05963245581249389
D290C,523.0,967.0,-1.3969557302281324,0.05519004165193532
D290E,203.0,664.0,-0.5739938335779895,0.08081882846308337
D290F,618.0,129.0,-4.543795292322122,0.09731007038228105
D290G,562.0,1581.0,-0.7914692211277305,0.05011637193411461
D290H,719.0,2957.0,-0.24359262651296554,0.042764431283196215
D290I,533.0,115.0,-4.496051300661742,0.10329980349399971
D290K,746.0,2810.0,-0.3703396178962901,0.04238102313905519
D290L,316.0,31.0,-5.6328127894634505,0.18844610572546192
D290M,1267.0,2778.0,-1.151024126478596,0.03534183862501685
D290N,564.0,2306.0,-0.2520418859069471,0.048025863555931615
D290P,952.0,138.0,-5.069851929418823,0.09163010848970193
D290Q,730.0,4526.0,0.34860363231722413,0.04111697101580408
D290R,488.0,1269.0,-0.9049271860716566,0.05419381966434614
D290S,618.0,1699.0,-0.8246557516401039,0.04802593826707017
D290T,834.0,2504.0,-0.6975442713001279,0.04120924308517081
D290V,809.0,2619.0,-0.5888558804138313,0.04144536437099057
D290W,679.0,325.0,-3.3465967215286376,0.06818633780480887
D290Y,733.0,582.0,-2.6164369467304898,0.056411322467068835
D290_,343.0,3.0,-9.115991347594882,0.5790000832623344
D307A,354.0,3.0,-9.161530824559868,0.5789218500626075
D307C,391.0,3.0,-9.304946215362186,0.578690944172466
D307E,321.0,8.0,-7.608320195499279,0.35785322231056005
D307F,664.0,5.0,-9.333898563038048,0.44856060428490424
D307G,553.0,1.0,-11.380454473479936,0.9959955378228609
D307H,788.0,4.0,-9.902115898912975,0.5007448391444311
D307I,774.0,34.0,-6.791969302501957,0.1754847731283326
D307K,749.0,1.0,-11.818133884909393,0.9957579632913802
D307L,756.0,4.0,-9.842307278622663,0.5007984707717935
D307M,492.0,3.0,-9.636428349066465,0.5782371559607011
D307N,954.0,1.0,-12.167153293478972,0.9956138974725335
D307P,774.0,1.0,-11.865501110458005,0.995736309858448
D307Q,438.0,6.0,-8.471103014471915,0.4108189624122406
D307R,674.0,5.0,-9.355463590513779,0.4485356973678873
D307S,447.0,4.0,-9.084209067139213,0.5017105349897919
D307T,739.0,3.0,-10.223334597229712,0.5776494535452187
D307V,877.0,15.0,-8.152245418787786,0.2605039454275726
D307W,884.0,6.0,-9.484201896382572,0.4094146747517855
D307Y,472.0,1.0,-11.15196632957415,0.9961513062686884
D307_,589.0,4.0,-9.48219408885613,0.5011727631723893
D323A,613.0,1327.0,-1.1694512792482454,0.049846609514721384
D323C,715.0,1419.0,-1.294798576009125,0.046937345518074755
D323E,149.0,570.0,-0.348069931054531,0.09254798798674752
D323F,1009.0,227.0,-4.435760724503094,0.07413486790630697
D323G,515.0,1208.0,-1.0536879611194196,0.05356615987858679
D323H,1034.0,2318.0,-1.119011355879418,0.0387082556649658
D323I,599.0,181.0,-4.010158693797343,0.08540371047909992
D323K,1174.0,10640.0,0.8963348965921831,0.032335464627669175
D323L,626.0,1401.0,-1.1214383629322553,0.0491019882371748
D323M,641.0,573.0,-2.445434554865229,0.05835258523741125
D323N,961.0,3550.0,-0.398448267867916,0.037710438120933866
D323P,525.0,1869.0,-0.4517905273384786,0.050394286759728193
D323Q,939.0,15450.0,1.756675431785331,0.035064114986314995
D323R,520.0,520.0,-2.2836480079402612,0.0628163655481809
D323S,561.0,1558.0,-0.8100419068602225,0.05024101633497046
D323T,556.0,701.0,-1.9493238137907305,0.05766158057919904
D323V,915.0,3765.0,-0.24285372677088324,0.038187742439042466
D323W,688.0,439.0,-2.9318237395207865,0.061896167768594655
D323Y,471.0,144.0,-3.993236702576475,0.09574380030376209
D323_,853.0,3.0,-10.43030336536366,0.5774928992792357
D32A,321.0,683.0,-1.1943595470835904,0.06840388188038982
D32C,263.0,392.0,-1.7078752044237557,0.08032999459266592
D32E,199.0,4.0,-7.9167428872204715,0.5044811667674508
D32F,320.0,78.0,-4.320034018433752,0.12666328442025432
D32G,654.0,1378.0,-1.208446250675534,0.04852348549363035
D32H,398.0,555.0,-1.8039389211391228,0.06643858006482732
D32I,396.0,4.0,-8.909438822572639,0.501997572961219
D32K,616.0,137.0,-4.45232058349432,0.09498370116149006
D32L,514.0,11.0,-7.828558061068368,0.3047487894704663
D32M,160.0,0.0,-16.249522458224757,10.00031746622561
D32N,414.0,291.0,-2.7922448935193946,0.07714612448103877
D32P,196.0,1.0,-9.884076164090576,0.997647536116837
D32Q,300.0,109.0,-3.744198111420298,0.1122787087891236
D32R,568.0,55.0,-5.651798528911334,0.14155868493396487
D32S,264.0,255.0,-2.333686761777515,0.08836835438739622
D32T,353.0,21.0,-6.3542089932821435,0.22478651986622786
D32V,347.0,28.0,-5.914611357845632,0.19668022878810695
D32W,744.0,5.0,-9.498015606559871,0.4483800645176734
D32Y,646.0,120.0,-4.7120498800157256,0.09990204451447109
D32_,455.0,5.0,-8.78859184684072,0.4493310229622654
D352A,709.0,3.0,-10.163546686359354,0.5776990106113715
D352C,1203.0,0.0,-19.159937117318698,10.000046553100798
D352E,628.0,379.0,-3.0121996259988286,0.06580729474137811
D352F,910.0,8.0,-9.111584354096884,0.35502485826976293
D352G,621.0,1.0,-11.547765404800824,0.9958961320470576
D352H,639.0,2.0,-10.596147204693573,0.7065247160894752
D352I,804.0,4.0,-9.931115406295573,0.5007196222696894
D352K,804.0,6.0,-9.347352652039309,0.4095521121956765
D352L,486.0,6.0,-8.62112520538733,0.41054444072598306
D352M,702.0,2.0,-10.731800277905652,0.706425321489325
D352N,589.0,7.0,-8.676381881300426,0.3800670102707375
D352P,594.0,8.0,-8.496189173697902,0.35584720640812584
D352Q,787.0,13.0,-8.202337107964336,0.2797041268732221
D352R,1147.0,2.0,-11.440114760483459,0.7060340541992925
D352S,1045.0,4.0,-10.309346803856425,0.5004331155538431
D352T,794.0,74.0,-5.707013063684975,0.12194643696876153
D352V,685.0,11.0,-8.242886683086248,0.3039509334498057
D352W,723.0,5.0,-9.456709195621155,0.44842359553790634
D352Y,781.0,3.0,-10.303081731386696,0.5775864635322568
D352_,939.0,10.0,-8.835274650615395,0.3179070102760754
D39A,401.0,11.0,-7.470399847589389,0.30564692152998
D39C,210.0,1.0,-9.983606930757508,0.9974770693173484
D39E,319.0,4.0,-8.597503609865957,0.5026042901457818
D39F,247.0,2.0,-9.224878145644512,0.7082800807596479
D39G,490.0,17.0,-7.132004153509675,0.2468390938516585
D39H,661.0,12.0,-8.066012049298102,0.29133588695125745
D39I,761.0,6.0,-9.268054618267687,0.4096379012720786
D39K,362.0,3.0,-9.193770260942205,0.5788679332541694
D39L,551.0,3.0,-9.79981921250193,0.578048941365836
D39M,457.0,1.0,-11.10537463849515,0.9961862083594599
D39N,369.0,42.0,-5.418503230185681,0.1631368314701016
D39P,202.0,1.0,-9.927575616493787,0.9975715893038545
D39Q,519.0,0.0,-17.947122723397378,10.000101327538989
D39R,893.0,3.0,-10.496417041585612,0.5774474329388667
D39S,702.0,45.0,-6.246822119699028,0.15408303630873219
D39T,231.0,0.0,-16.779315692110032,10.000221429190052
D39V,346.0,6.0,-8.130952940426452,0.41155711251408306
D39W,905.0,4.0,-10.101835694524226,0.5005809971096394
D39Y,303.0,3.0,-8.937106117340265,0.579332331769668
D39_,377.0,0.0,-17.485963178249094,10.00013761232488
D63A,801.0,1.0,-11.914969158433516,0.9957144418273063
D63C,642.0,1.0,-11.595744673795853,0.9958696872259636
D63E,516.0,2.0,-10.287707720894609,0.7067886534513423
D63F,514.0,15.0,-7.381448553012048,0.2620449487618374
D63G,811.0,6.0,-9.359858910199451,0.4095390059542494
D63H,344.0,14.0,-6.90156965018603,0.2727348448157161
D63I,1485.0,25.0,-8.175471786307554,0.20188417083513774
D63K,600.0,4.0,-9.508888506472921,0.5011417098889761
D63L,689.0,8.0,-8.710226876828731,0.35552091177796885
D63M,656.0,2.0,-10.63402650328897,0.7064960160645984
D63N,343.0,4.0,-8.702152597899662,0.5023860481741298
D63P,468.0,2.0,-10.146848052607233,0.7069292469470899
D63Q,377.0,1.0,-10.827751695497302,0.9964192266991545
D63R,819.0,1.0,-11.947029971820722,0.9957006639102622
D63S,535.0,4.0,-9.343467818559002,0.5013436929320079
D63T,496.0,9.0,-8.06634629858868,0.33630892885243263
D63V,165.0,0.0,-16.293913845374412,10.000307997990413
D63W,446.0,3.0,-9.494816767935395,0.5784183881187424
D63Y,401.0,2.0,-9.923946909974829,0.707181700206861
D63_,996.0,7.0,-9.434249980589698,0.3791532331858183
E152A,420.0,1031.0,-0.9880852646167666,0.05874209978988021
E152C,208.0,135.0,-2.907234625360254,0.110969076001191
E152D,455.0,4550.0,1.0382515504670624,0.05017319533246939
E152F,586.0,529.0,-2.4312782975475136,0.06079962872567539
E152G,291.0,1237.0,-0.19593147936265787,0.06591300956890674
E152H,293.0,608.0,-1.2305028584755648,0.07181489046304729
E152I,375.0,18.0,-6.66370698854676,0.24143553994873188
E152K,264.0,36.0,-5.15777107938762,0.17792586962498386
E152L,336.0,62.0,-4.7215793830606145,0.13857254064245006
E152M,294.0,20.0,-6.160720161070976,0.23124894215319947
E152N,181.0,1074.0,0.2852181111075609,0.08096581117377091
E152P,216.0,85.0,-3.6290416450119807,0.1284233357477239
E152Q,244.0,729.0,-0.7046496768908677,0.07463063640758309
E152R,677.0,42.0,-6.294020460764853,0.1593133866901717
E152S,280.0,1351.0,-0.013159910782118978,0.06641764745755335
E152T,461.0,1822.0,-0.30098708095861504,0.05308305425945831
E152V,285.0,148.0,-3.228965895252397,0.10180748973885123
E152W,598.0,45.0,-6.015500147660956,0.15488484039640826
E152Y,234.0,197.0,-2.5319493289920088,0.09720608017708424
E152_,553.0,7.0,-8.58539532222111,0.38021237988240225
E192A,281.0,431.0,-1.6665481368046002,0.07732101850083342
E192C,502.0,131.0,-4.221687173823144,0.09861446751419162
E192D,856.0,1623.0,-1.3606756745726902,0.043406977529121045
E192F,531.0,39.0,-6.050471134636881,0.16618505440677622
E192G,246.0,402.0,-1.5751335795585026,0.08156096872959327
E192H,340.0,384.0,-2.1080813052457312,0.07513324641686955
E192I,547.0,7.0,-8.569656960936658,0.3802384625408636
E192K,43.0,42.0,-2.317587353398393,0.21714989984900376
E192L,527.0,21.0,-6.932330278036901,0.2226964206576115
E192M,406.0,58.0,-5.090789744837263,0.1407167956965619
E192N,774.0,716.0,-2.3960204769394453,0.05280546759793444
E192P,636.0,2017.0,-0.6185511256579002,0.046560730045779646
E192Q,609.0,1122.0,-1.4021002964297784,0.05131357241207967
E192R,993.0,536.0,-3.173196337887496,0.05452056434753223
E192S,222.0,163.0,-2.729312198675454,0.103627749543236
E192T,542.0,2240.0,-0.23653420950481419,0.04890017265754824
E192V,250.0,56.0,-4.4418774760772255,0.14816750843203935
E192W,640.0,14.0,-7.797213594105435,0.270258910901134
E192Y,545.0,170.0,-3.9643111007743776,0.088411829282686
E192_,455.0,0.0,-17.75725864003593,10.00011487782981
E222A,419.0,2.0,-9.987293371687084,0.7071059549986255
E222C,547.0,5.0,-9.054260801752072,0.4489195188949273
E222D,406.0,1.0,-10.934664166071371,0.9963241537375879
E222F,811.0,2.0,-10.940028399731707,0.7062898018005139
E222G,698.0,1.0,-11.716396610008179,0.9958069441563719
E222H,727.0,1.0,-11.775124113244804,0.9957782497608832
E222I,554.0,0.0,-18.041272404955876,10.000095241419835
E222K,488.0,2.0,-10.20721940721901,0.7068673086555057
E222L,542.0,1.0,-11.351468374061195,0.9960139608501858
E222M,581.0,0.0,-18.10992338214577,10.000091047419005
E222N,550.0,1.0,-11.37260675395568,0.9960004892365892
E222P,640.0,1.0,-11.59124335178446,0.9958721310413865
E222Q,571.0,6.0,-8.8536552182582,0.4101712444745439
E222R,696.0,6.0,-9.139247241080643,0.40978766202170164
E222S,584.0,3.0,-9.883733783306006,0.5779602313012491
E222T,591.0,1.0,-11.476331446017804,0.9959371689751122
E222V,377.0,19.0,-6.593420361600543,0.23527889434203397
E222W,651.0,1.0,-11.615828609172764,0.9958588758018215
E222Y,773.0,41.0,-6.520087436775865,0.16055452885570773
E222_,378.0,4.0,-8.842326361511772,0.5021173241002609
E268A,657.0,409.0,-2.9674272206961883,0.06377139439494803
E268C,393.0,974.0,-0.9742774454589274,0.060588480087570756
E268D,448.0,1902.0,-0.19772601666471523,0.05345716530466707
E268F,494.0,1614.0,-0.5756106417013322,0.05237977917658213
E268G,206.0,281.0,-1.835740906395606,0.09226343486463741
E268H,717.0,638.0,-2.4520622114090083,0.05533416790373479
E268I,674.0,4938.0,0.5894398488237074,0.04226090555240324
E268K,337.0,68.0,-4.592620611741618,0.13330719012729372
E268L,424.0,1062.0,-0.9590208524893917,0.0583083318186351
E268M,549.0,1446.0,-0.8864748112435787,0.051115892775700646
E268N,621.0,943.0,-1.6809914381909055,0.05263582493927459
E268P,756.0,801.0,-2.200233071832534,0.05168146271871818
E268Q,509.0,861.0,-1.5253120141119982,0.05679648351076071
E268R,801.0,39.0,-6.643552358160749,0.16426409366294534
E268S,526.0,836.0,-1.6152180355388364,0.05654271288182728
E268T,504.0,2140.0,-0.19755473321943917,0.05050931647678721
E268V,710.0,1837.0,-0.9121997772091,0.04530573490493264
E268W,604.0,275.0,-3.4187363636510497,0.07342784918420693
E268Y,670.0,260.0,-3.6492635256543062,0.07374508022601668
E268_,698.0,2.0,-10.723556401581046,0.7064310992163403
E356A,578.0,224.0,-3.651179323698215,0.07933458386146061
E356C,971.0,27.0,-7.451568616376106,0.19532791941612662
E356D,767.0,348.0,-3.4237646328967553,0.06539923937847328
E356F,834.0,14.0,-8.179183829126814,0.269585663056697
E356G,753.0,642.0,-2.513721262949,0.05463906703740694
E356H,773.0,61.0,-5.94701744976545,0.1333574738695454
E356I,580.0,11.0,-8.002839408003553,0.30438535682070345
E356K,758.0,111.0,-5.055175245879868,0.10211394207815237
E356L,1189.0,25.0,-7.854759988912759,0.2022989325596161
E356M,1027.0,41.0,-6.9299786833010675,0.15955504618814895
E356N,553.0,149.0,-4.175544424073338,0.0928388951792318
E356P,1457.0,24.0,-8.206879573334188,0.20599870332489897
E356Q,508.0,379.0,-2.706268990440461,0.06860564041365799
E356R,1021.0,93.0,-5.7401153576973325,0.10876934461341865
E356S,755.0,404.0,-3.185752757986612,0.06244587995832737
E356T,898.0,90.0,-5.6022223213644935,0.11101020639328965
E356V,496.0,50.0,-5.593728704694646,0.14870072320859223
E356W,702.0,9.0,-8.56746867327104,0.3354282164238769
E356Y,593.0,15.0,-7.587708559187968,0.26154995686017013
E356_,503.0,1.0,-11.243735986293572,0.9960857683180049
E376A,681.0,1548.0,-1.098981104896282,0.04705543300479208
E376C,662.0,284.0,-3.504559289827818,0.07163358066806826
E376D,1066.0,2935.0,-0.8225035608858442,0.03712960736737838
E376F,354.0,8.0,-7.749492068910861,0.35744725474860484
E376G,411.0,431.0,-2.215100161360451,0.06966332254199041
E376H,436.0,541.0,-1.9723539709020281,0.0651286107996447
E376I,689.0,48.0,-6.126766088578847,0.1496000254089747
E376K,878.0,222.0,-4.267260717838836,0.07578295783139985
E376L,868.0,219.0,-4.270362926616533,0.07627501497985427
E376M,1049.0,677.0,-2.915427389966506,0.05030088183118318
E376N,743.0,317.0,-3.512501285202747,0.06782453410052551
E376P,970.0,42.0,-6.812842937371045,0.15790690082878273
E376Q,687.0,436.0,-2.9396178828000714,0.06203969828770438
E376R,1431.0,27.0,-8.011044311623811,0.19447865622833668
E376S,395.0,430.0,-2.1611669742206905,0.07040543082654711
E376T,589.0,338.0,-3.084874206600304,0.06896428274588119
E376V,464.0,48.0,-5.5563970644144565,0.15193398508664233
E376W,699.0,5.0,-9.408006689161612,0.4484765423062985
E376Y,936.0,64.0,-6.153802737358936,0.12957908599379542
E376_,868.0,6.0,-9.457850870263147,0.4094401390182297
E385A,704.0,2937.0,-0.22296765680443453,0.043136209774368314
E385C,400.0,1331.0,-0.5492345695876253,0.057888362866561224
E385D,735.0,4201.0,0.23125242861854378,0.04121140133945478
E385F,972.0,1778.0,-1.4124276310589758,0.04112223766624077
E385G,663.0,3240.0,0.005247722532643273,0.04378047278234062
E385H,1157.0,4809.0,-0.22830941540592953,0.03423529858963366
E385I,1240.0,13053.0,1.1123108597156097,0.03135078450455433
E385K,462.0,3138.0,0.4802059582755547,0.050822677140660466
E385L,605.0,1588.0,-0.8914589040084477,0.048809836057193336
E385M,254.0,858.0,-0.5275388405826478,0.07212597562003037
E385N,795.0,4357.0,0.17064550401802592,0.039839388874795954
E385P,1056.0,2644.0,-0.9595438711349722,0.03774904002360996
E385Q,797.0,8965.0,1.2079874536214672,0.038289033307732
E385R,688.0,4319.0,0.3665512096536063,0.04224710268408588
E385S,602.0,1876.0,-0.6438398467678681,0.04789534499059217
E385T,585.0,2017.0,-0.49796296238126203,0.04801012132316054
E385V,701.0,1597.0,-1.0957815911671958,0.04639503450726949
E385W,554.0,806.0,-1.7427622873220274,0.05608490762806469
E385Y,656.0,1179.0,-1.4378617651661463,0.0497227526483414
E385_,754.0,3153.0,-0.21957382466593156,0.04175183242941817
E82A,694.0,60.0,-5.8153296237349394,0.1349244480341185
E82C,383.0,7.0,-8.055471813415405,0.3812663978626591
E82D,312.0,1213.0,-0.3247207376044612,0.06425913856835395
E82F,394.0,16.0,-6.904835040815837,0.25514463436645923
E82G,324.0,4.0,-8.619940301082266,0.5025561650176549
E82H,342.0,1.0,-10.687187413297899,0.9965554259111173
E82I,269.0,1.0,-10.340808708308874,0.9969534390966813
E82K,229.0,1.0,-10.10855950146808,0.9972790218105986
E82L,470.0,6.0,-8.572830658881422,0.4106297374584711
E82M,444.0,1.0,-11.06374107407894,0.9962183632746318
E82N,422.0,6.0,-8.417416392392209,0.41092429847069695
E82P,261.0,0.0,-16.95546546889804,10.000196552404866
E82Q,546.0,3.0,-9.786668084619265,0.5780633164342749
E82R,594.0,3.0,-9.908227929346909,0.5779352929706453
E82S,330.0,0.0,-17.29387012932996,10.00015650013055
E82T,218.0,1.0,-10.037543216893905,0.9973894782639077
E82V,238.0,0.0,-16.82238257718818,10.000215063689184
E82W,307.0,5.0,-8.220979242448417,0.4505084207787459
E82Y,467.0,0.0,-17.79481382992132,10.000112054255636
E82_,615.0,3.0,-9.958350579447117,0.5778855590341133
F10A,340.0,7316.0,2.1437599560587572,0.056370137420133255
F10C,248.0,5520.0,2.1925526748996833,0.06567397102146007
F10D,278.0,1433.0,0.08219198664708571,0.0662920858625788
F10E,7.0,70.0,1.0364266493403864,0.39627874282160924
F10H,367.0,5.0,-8.478512967319011,0.4499170320159421
F10I,296.0,3942.0,1.4515656084003643,0.061088115356243804
F10K,292.0,1141.0,-0.31742625297710436,0.06633831970479481
F10L,238.0,323.0,-1.8430913679297918,0.08600697309302469
F10M,77.0,2591.0,2.788676968808516,0.1160650350412024
F10N,958.0,5811.0,0.31702830897391987,0.03627304043027119
F10P,366.0,3042.0,0.7714219167208407,0.05622020724568341
F10Q,374.0,1.0,-10.816225749068845,0.996429902752851
F10R,532.0,0.0,-17.982813751289143,10.000098973500897
F10S,495.0,5549.0,1.2030528196005665,0.04796029016416257
F10T,180.0,2306.0,1.3956018021365155,0.07803020115392517
F10V,529.0,10118.0,1.973838757761849,0.04570528411327373
F10W,579.0,9059.0,1.6840452181081655,0.04401464669533874
F10Y,753.0,989.0,-1.890331923684359,0.049385540717871816
F10_,902.0,11.0,-8.639905061719121,0.30337266258035095
F129A,514.0,1.0,-11.274945331880943,0.9960644121945489
F129C,316.0,0.0,-17.23133060007607,10.000163212304017
F129D,420.0,0.0,-17.641784064854114,10.000124034810296
F129E,337.0,2.0,-9.67310009702463,0.7075164483666859
F129G,282.0,3.0,-8.833487031845628,0.5795443926619456
F129H,338.0,3.0,-9.094806639891303,0.5790373233835304
F129I,204.0,21.0,-5.563139811625292,0.22934236214972822
F129K,377.0,4.0,-8.838504751794176,0.5021243113395749
F129L,499.0,2.0,-10.23937742330789,0.7068353567591992
F129M,391.0,8.0,-7.892907459713178,0.3570731582107817
F129N,443.0,2.0,-10.06764796120299,0.7070145253791753
F129P,567.0,0.0,-18.07473456678982,10.000093172227109
F129Q,141.0,0.0,-16.06715786528285,10.000359569111605
F129R,472.0,7.0,-8.356907178315321,0.38062024044131515
F129S,151.0,0.0,-16.166004476594477,10.000336089047492
F129T,314.0,8.0,-7.576512459168238,0.3579502380517451
F129V,300.0,2.0,-9.505319286065154,0.7077750178796046
F129W,368.0,38.0,-5.558942047046973,0.17066340981497607
F129Y,307.0,143.0,-3.3858176248527947,0.10173277149031115
F129_,217.0,0.0,-16.689121912270068,10.000235392153249
F13A,445.0,149.0,-3.862076611159364,0.0951730813168323
F13C,524.0,8.0,-8.315296298929123,0.35616305464455256
F13D,283.0,1.0,-10.414001935517764,0.996861208918527
F13E,445.0,1.0,-11.066986660565963,0.9962158231589628
F13G,383.0,91.0,-4.356933088246262,0.11704066525554212
F13H,477.0,359.0,-2.693643489053045,0.0705807745659052
F13I,576.0,6.0,-8.8662330650176,0.4101527129618318
F13K,337.0,3.0,-9.090532111443856,0.57904490371622
F13L,240.0,6.0,-7.603233723653385,0.41310490198244243
F13M,308.0,60.0,-4.643350363876063,0.14145795518629356
F13N,354.0,4.0,-8.74769207486465,0.5022958823862098
F13P,200.0,1.0,-9.91322103768665,0.9975963992572813
F13Q,873.0,110.0,-5.272011515533346,0.10166297688267728
F13R,773.0,1.0,-11.863635982351287,0.9957371491131697
F13S,711.0,64.0,-5.757148644995526,0.13087713647681218
F13T,111.0,4.0,-7.07459160428211,0.5084137802624779
F13V,373.0,9.0,-7.65519139978945,0.33729586495270675
F13W,377.0,25.0,-6.197673836068127,0.2067275304167108
F13Y,297.0,37.0,-5.2881724729883794,0.17460363770585716
F13_,256.0,4.0,-8.28010212543444,0.5033711075530303
F140A,522.0,5.0,-8.986771038660965,0.44901702241046293
F140C,283.0,1.0,-10.414001935517764,0.996861208918527
F140D,372.0,0.0,-17.466701790426516,10.000139394812448
F140E,719.0,2.0,-10.766320532135413,0.7064014828333414
F140G,401.0,0.0,-17.57499860115376,10.000129675124045
F140H,321.0,2.0,-9.602926936729059,0.70762095888995
F140I,456.0,0.0,-17.760425849581964,10.000114636856074
F140K,259.0,1.0,-10.286156704085666,0.997025416221595
F140L,411.0,12.0,-7.38051344733313,0.29291089675049337
F140M,461.0,9.0,-7.960775136894639,0.33653641345977126
F140N,368.0,2.0,-9.80005366573001,0.7073397848083679
F140P,246.0,4.0,-8.222618921547216,0.5035287975008613
F140Q,378.0,3.0,-9.25616511120699,0.5787669325206629
F140R,186.0,1.0,-9.808529088235748,0.9977849872840328
F140S,560.0,5.0,-9.088146183646169,0.448872249865511
F140T,372.0,3.0,-9.233082113666814,0.5788037917128134
F140V,426.0,9.0,-7.846864387810574,0.33680108369558387
F140W,589.0,5.0,-9.16098572211584,0.4487743066905125
F140Y,337.0,8.0,-7.67849335579485,0.35764651818118987
F140_,640.0,8.0,-8.603796402127543,0.35567715213742174
F149A,383.0,3382.0,0.8587789525567526,0.05483061133071002
F149C,270.0,3017.0,1.1983867258736174,0.06430269373355052
F149D,303.0,5.0,-8.20205900090476,0.4505561401375103
F149E,161.0,34.0,-4.526767390726639,0.18898075824955213
F149G,243.0,2295.0,0.955764844049618,0.06819531391555217
F149H,212.0,493.0,-1.066163412879173,0.08273409795153594
F149I,162.0,821.0,0.05766892075716168,0.08654644041610045
F149K,426.0,5.0,-8.693580890428905,0.4494974716711553
F149L,314.0,1996.0,0.3845885314479984,0.06152582666350211
F149M,342.0,2698.0,0.6961372739393017,0.05826105526242634
F149N,221.0,329.0,-1.7096282221914745,0.0875438137898315
F149P,420.0,22.0,-6.537840634962556,0.2188940503422877
F149Q,281.0,1542.0,0.17247073717547678,0.06562707020373489
F149R,394.0,31.0,-5.951074822719472,0.18677656328266326
F149S,425.0,3204.0,0.6306619508635576,0.052581466322307695
F149T,127.0,957.0,0.6299439013155403,0.09496385024791586
F149V,331.0,1547.0,-0.05911219286329761,0.061378179314112886
F149W,460.0,5039.0,1.1697551825457282,0.04972055272342229
F149Y,262.0,1826.0,0.5173528776885599,0.0668139674316687
F149_,319.0,1.0,-10.586750553569082,0.9966611880526121
F159A,293.0,7.0,-7.669039656024975,0.382316650245634
F159C,245.0,80.0,-3.8982364107556338,0.12914998898761584
F159D,525.0,1.0,-11.305493807160506,0.9960439505477996
F159E,208.0,1.0,-9.969801791775524,0.9975000185355108
F159G,515.0,151.0,-4.053604364355317,0.09307848180645041
F159H,399.0,11.0,-7.463186537690314,0.3056673683825195
F159I,216.0,54.0,-4.283447656817492,0.1524608835099549
F159K,424.0,5.0,-8.686791884508171,0.44950978770586214
F159L,520.0,202.0,-3.6477606633067543,0.08350512455393068
F159M,608.0,2418.0,-0.2919947540080514,0.04645523552735931
F159N,458.0,117.0,-4.2523952740024304,0.10406465507293133
F159P,358.0,54.0,-5.01234944020859,0.1463151521966317
F159Q,196.0,4.0,-7.894829220387451,0.5045573852620698
F159R,483.0,2.0,-10.19236175452517,0.7068823128490982
F159S,610.0,254.0,-3.547595606263566,0.07533914099358271
F159T,304.0,6.0,-7.944257986740572,0.4120419061946648
F159V,807.0,141.0,-4.800437080801382,0.09181859038394136
F159W,248.0,197.0,-2.615777439492919,0.09595726054079431
F159Y,390.0,2936.0,0.6286258532501359,0.05481287268641538
F159_,595.0,4.0,-9.496815876227094,0.5011556829208708
F161A,532.0,3245.0,0.325049647266745,0.047829334867779724
F161C,723.0,4715.0,0.4215253163161772,0.04117051444354207
F161D,319.0,1014.0,-0.615249681851223,0.06496689493629286
F161E,583.0,1939.0,-0.5499202984888756,0.04827814661724712
F161G,289.0,2489.0,0.8227327014322885,0.0629417980986643
F161H,434.0,2891.0,0.4521254019430412,0.05243863222025428
F161I,471.0,2017.0,-0.18525936642316765,0.05214112037790423
F161K,448.0,115.0,-4.245419635419814,0.10500859501599291
F161L,409.0,2059.0,0.04809480722239279,0.055049197926360406
F161M,356.0,2266.0,0.3865165490309961,0.05787944435403136
F161N,676.0,6268.0,0.9292429804467512,0.0416968131219866
F161P,377.0,9.0,-7.6705798824355576,0.3372536979451869
F161Q,318.0,991.0,-0.6438205251946867,0.06521842265444588
F161R,241.0,0.0,-16.840453395567778,10.000212448809513
F161S,441.0,6698.0,1.641201247324108,0.050166086663300934
F161T,654.0,5627.0,0.8213359191079666,0.04250363255384708
F161V,581.0,2846.0,0.008657823349064842,0.046608215793391555
F161W,380.0,2333.0,0.33443519440246217,0.05621348965572114
F161Y,423.0,2196.0,0.09247294171697806,0.05402959871442306
F161_,358.0,8.0,-7.76570184075187,0.3574031043972648
F16A,410.0,108.0,-4.208142215846905,0.10861483692715922
F16C,151.0,2.0,-8.514952785415549,0.7100945934990829
F16D,728.0,8.0,-8.789660222608438,0.3554115480279996
F16E,305.0,0.0,-17.180216930866568,10.000168918419716
F16G,460.0,5.0,-8.804358818058926,0.4493044403144971
F16H,183.0,722.0,-0.30355167119041493,0.08336078544996918
F16I,396.0,2.0,-9.905845557848629,0.7072039610087096
F16K,603.0,18.0,-7.348959848801305,0.2393384041142867
F16L,518.0,2.0,-10.293288645209394,0.7067833602819136
F16M,132.0,3.0,-7.738387931252835,0.5830102170777719
F16N,289.0,81.0,-4.118595507430987,0.12611129539586516
F16Q,228.0,5.0,-7.7917906933952095,0.45175921335887825
F16R,671.0,3.0,-10.084074977666504,0.5777681371230092
F16S,564.0,31.0,-6.468563318973695,0.18471734122978897
F16T,85.0,0.0,-15.337064852697761,10.000593139302275
F16V,601.0,3.0,-9.925129706375929,0.5779183293033071
F16W,233.0,1985.0,0.807034490489146,0.06996608463614135
F16Y,493.0,3003.0,0.32307245611596347,0.049610195973266796
F16_,201.0,1.0,-9.92041618022939,0.9975839326444623
F170A,535.0,4334.0,0.7344167116347626,0.04690067206452975
F170C,559.0,2241.0,-0.28044491782575154,0.04832101026031729
F170D,605.0,35.0,-6.394768029450387,0.17411475749435518
F170E,209.0,254.0,-2.0023346821691916,0.09392086483360385
F170G,309.0,2213.0,0.5566365307195102,0.06154535208547559
F170H,445.0,2853.0,0.39692713479477604,0.0519371102362027
F170I,347.0,32.0,-5.722030664374558,0.18499139076166327
F170K,470.0,22.0,-6.700108409701051,0.2183147358479745
F170L,507.0,360.0,-2.7776252295511306,0.06964096640972715
F170M,548.0,1624.0,-0.7163616164644466,0.050401982818570834
F170N,495.0,616.0,-1.968151907088357,0.061182737571604334
F170P,495.0,510.0,-2.240580143247617,0.06388053674004365
F170Q,521.0,460.0,-2.463293847297577,0.06475361487950893
F170R,452.0,10.0,-7.780488818972987,0.3197065157807228
F170S,231.0,1351.0,0.2643631356706262,0.07189450467987311
F170T,420.0,1131.0,-0.8545319052216378,0.05800756046391299
F170V,644.0,600.0,-2.3857445527650016,0.05761272174321898
F170W,404.0,1383.0,-0.5082993277761885,0.05742876218545397
F170Y,475.0,1533.0,-0.5933106908114034,0.05345415045420053
F170_,532.0,0.0,-17.982813751289143,10.000098973500897
F188A,403.0,3537.0,0.8499947476530698,0.05351512476471697
F188C,473.0,19316.0,3.0681346131541827,0.04759943941462138
F188D,419.0,3654.0,0.8407759937930877,0.05253632764167351
F188E,185.0,1964.0,1.1244791101290463,0.07755057389664807
F188G,385.0,2972.0,0.6648231391862671,0.05507834106671074
F188H,508.0,3780.0,0.611813241815347,0.048299385606655115
F188I,382.0,2090.0,0.16817952743124298,0.05653330901249475
F188K,277.0,1492.0,0.14559923385783158,0.06618180015228807
F188L,984.0,15475.0,1.691475546523381,0.03436111241093625
F188M,374.0,16801.0,3.2056793013523706,0.05322651059660251
F188N,236.0,1610.0,0.48650174666012713,0.07041334141529805
F188P,566.0,3264.0,0.24409802212764475,0.046614812512332605
F188Q,338.0,2604.0,0.6619491465822529,0.058671384445320975
F188R,310.0,1531.0,0.020449039675798808,0.06307679361054079
F188S,565.0,4322.0,0.6517060954397693,0.04583742908471381
F188T,494.0,7267.0,1.5951017326695904,0.047557066731205674
F188V,469.0,2950.0,0.3693812484039505,0.050704521492380604
F188W,494.0,919.0,-1.3881076938473251,0.056676219531069404
F188Y,385.0,1774.0,-0.07960168891515629,0.05710381521552809
F188_,636.0,42.0,-6.203892766218784,0.15961194956707486
F204A,592.0,36.0,-6.322800048796494,0.17192742778515713
F204C,573.0,74.0,-5.236416203154835,0.1239220470648505
F204D,243.0,0.0,-16.852376070265482,10.00021074142396
F204E,329.0,0.0,-17.28949182169691,10.000156960627757
F204G,687.0,32.0,-6.7073845247624835,0.1810956548666354
F204H,203.0,2.0,-8.941859490692055,0.7088992308004356
F204I,444.0,80.0,-4.755987946558652,0.12186244343473604
F204K,118.0,12.0,-5.58024906848248,0.3030472252905349
F204L,738.0,346.0,-3.376474639158853,0.0659158628037737
F204M,317.0,144.0,-3.4220073631270473,0.10098639881043722
F204N,236.0,0.0,-16.810208376927513,10.000216843873671
F204P,389.0,10.0,-7.563941370664607,0.320266363831928
F204Q,640.0,17.0,-7.5172874088728685,0.24586833704598696
F204R,246.0,0.0,-16.870077348002134,10.000208232397423
F204S,440.0,0.0,-17.70889669939071,10.00011862387235
F204T,246.0,54.0,-4.471066515050147,0.15059807803341207
F204V,338.0,71.0,-4.534619825195235,0.13092299965295554
F204W,698.0,1284.0,-1.4043111799640142,0.04807567225675561
F204Y,226.0,592.0,-0.8944130697351547,0.07882613485848056
F204_,488.0,0.0,-17.85827109839794,10.000107447134504
F216A,317.0,2886.0,0.9028280351794367,0.06000658018696605
F216C,554.0,8111.0,1.588249642525899,0.04503472744157584
F216D,824.0,5.0,-9.645355440031718,0.44823452768157485
F216E,206.0,3.0,-8.380455080178557,0.5806719063407203
F216G,284.0,989.0,-0.48360462757446765,0.06805828973327899
F216H,172.0,35.0,-4.580301481169027,0.18567902149379434
F216I,566.0,8539.0,1.6315213604474552,0.04453850839274714
F216K,465.0,55.0,-5.36314394143125,0.1429294241313604
F216L,350.0,3005.0,0.8182537375303358,0.05735551167216371
F216M,361.0,4238.0,1.2696282784310724,0.05572954396463621
F216N,367.0,715.0,-1.3215039616618247,0.06498553018062483
F216P,528.0,14.0,-7.51968440015359,0.2708713843500317
F216Q,365.0,1305.0,-0.4455950405084277,0.060047851910913004
F216R,382.0,19.0,-6.612427975493746,0.23520510433609543
F216S,249.0,2893.0,1.2546477163638832,0.0667935597283906
F216T,670.0,2080.0,-0.6493120768408778,0.045531284344748346
F216V,515.0,8495.0,1.7602952871230508,0.046467643930499965
F216W,415.0,1.0,-10.96629500451457,0.9962973483306226
F216Y,455.0,18.0,-6.942676174129654,0.24046263387146596
F216_,720.0,2.0,-10.768325640157707,0.7064001155914276
F221A,583.0,9.0,-8.299497720945304,0.3358613459240283
F221C,532.0,7.0,-8.529543117278521,0.38030623472075187
F221D,480.0,3.0,-9.600805172397406,0.578281090344761
F221E,433.0,0.0,-17.685760730649143,10.000120460843686
F221G,671.0,21.0,-7.280834207753162,0.2217802726309233
F221H,249.0,2.0,-9.236512377000597,0.708257126109108
F221I,639.0,70.0,-5.4738536045812305,0.12628701594090938
F221K,787.0,8.0,-8.902083922273421,0.3552666503508375
F221L,208.0,200.0,-2.3402287620291338,0.09953404990179926
F221M,1149.0,539.0,-3.375655417978371,0.053154336525861885
F221N,301.0,3.0,-8.927552126986626,0.5793512563934661
F221P,751.0,14.0,-8.02795126499066,0.26983132421512673
F221Q,708.0,12.0,-8.165109688997045,0.2911634799179371
F221R,1137.0,3.0,-10.84491374840247,0.5772393171462019
F221S,456.0,12.0,-7.530405413876332,0.2925007640573817
F221T,446.0,12.0,-7.498416008989464,0.29258479933806486
F221V,464.0,18.0,-6.970933819166774,0.2403739802058382
F221W,406.0,22.0,-6.488932218931609,0.21908149877298932
F221Y,568.0,10.0,-8.110050457720668,0.3189991350814241
F221_,530.0,2.0,-10.32632827639097,0.7067524393747737
F250A,732.0,846.0,-2.0748366488862917,0.05145810508231558
F250C,331.0,723.0,-1.1565072089406128,0.06711169344910642
F250D,567.0,0.0,-18.07473456678982,10.000093172227109
F250E,848.0,20.0,-7.688936213185349,0.2263935948041488
F250G,401.0,111.0,-4.136596578356988,0.10771126568845789
F250H,810.0,21.0,-7.552439659753871,0.22120296388693333
F250I,594.0,546.0,-2.4052078526679033,0.060122853624306076
F250K,625.0,2.0,-10.564187969021496,0.706549522757576
F250L,456.0,1748.0,-0.3450719369261277,0.05352410083482849
F250M,324.0,1414.0,-0.15796593005391735,0.06239670640976706
F250N,332.0,9.0,-7.487203787263853,0.33778627075669654
F250P,658.0,4.0,-9.64201147028525,0.5009951179839411
F250Q,421.0,1.0,-10.987003405913363,0.9962801143713015
F250R,607.0,4.0,-9.52562224494832,0.5011225337367436
F250S,644.0,254.0,-3.6258458033063965,0.07476255544801565
F250T,234.0,38.0,-4.9057672597533015,0.17516279182062594
F250V,1218.0,301.0,-4.300290664553498,0.06513813004048687
F250W,520.0,465.0,-2.4449256334757568,0.06460144910468414
F250Y,603.0,212.0,-3.7916976203217265,0.08046689898432417
F250_,1725.0,6.0,-10.448672026981964,0.4087405947094597
F254A,478.0,1790.0,-0.3787930656319869,0.052445003936282396
F254C,455.0,1884.0,-0.23381154305175578,0.0531822577410626
F254D,468.0,2.0,-10.146848052607233,0.7069292469470899
F254E,784.0,11.0,-8.437633689870928,0.30364754432872065
F254G,387.0,492.0,-1.9373312144334829,0.06867464941779206
F254H,597.0,158.0,-4.201387239648366,0.09001968167594727
F254I,474.0,611.0,-1.917369511466065,0.06201701747362948
F254K,455.0,4.0,-9.10980021358101,0.5016713350358116
F254L,629.0,2070.0,-0.5651651290542681,0.046612285885560996
F254M,608.0,2462.0,-0.2659783434031304,0.046375617313414275
F254N,559.0,1103.0,-1.3031481337811144,0.052870622807756056
F254P,623.0,244.0,-3.6359630548049404,0.07617820729713316
F254Q,2621.0,16.0,-9.638653747885362,0.2508830606208407
F254R,706.0,3.0,-10.157429328855692,0.5777041977096018
F254S,260.0,837.0,-0.596970259225194,0.07169763368995313
F254T,512.0,1668.0,-0.5797639626330282,0.05150164600130362
F254V,367.0,820.0,-1.1238258774993657,0.06359272456849152
F254W,576.0,546.0,-2.3608144922900767,0.06055877439765923
F254Y,735.0,149.0,-4.58600273365075,0.09039524656074173
F254_,771.0,10.0,-8.550883700670614,0.31827176412087427
F258A,506.0,6734.0,1.4505800541177942,0.0471652557962484
F258C,892.0,3899.0,-0.15567194192142209,0.03843637501772823
F258D,595.0,1.0,-11.48606281993022,0.995931458395297
F258E,501.0,8.0,-8.250541354522301,0.35628602149202554
F258G,425.0,4013.0,0.9554680514975571,0.05197971934485641
F258H,463.0,242.0,-3.2196246990436492,0.07994784001177549
F258I,405.0,762.0,-1.3717956069973738,0.0622993536983847
F258K,623.0,117.0,-4.696271496419566,0.10124823290247399
F258L,681.0,5156.0,0.6368591657026248,0.04197822694743345
F258M,645.0,3289.0,0.06661195381084006,0.044206586791332846
F258N,336.0,30.0,-5.7686369536089295,0.19078297545647094
F258P,1091.0,40.0,-7.052807894234963,0.1612766236704982
F258Q,5133.0,1053.0,-4.568933942007218,0.035274522833244296
F258R,517.0,28.0,-6.489826304812058,0.19425640176951778
F258S,854.0,1655.0,-1.3291329419875746,0.043301135435213814
F258T,474.0,897.0,-1.3634414347353365,0.05765666314383228
F258V,1197.0,2842.0,-1.0361715818524875,0.035876098620362264
F258W,578.0,1659.0,-0.7624917832445455,0.04932199198229321
F258Y,549.0,807.0,-1.7278938848753391,0.056217598335900135
F258_,658.0,2.0,-10.63841820556124,0.7064927370123468
F259A,1008.0,119.0,-5.366003250728275,0.09743985214952075
F259C,661.0,21.0,-7.259172038330691,0.22183109563250697
F259D,982.0,7.0,-9.41382746933978,0.3791721084421044
F259E,780.0,6.0,-9.303631826725114,0.4095988303509196
F259G,793.0,34.0,-6.826956155472086,0.17539655291375617
F259H,507.0,11.0,-7.808775836396824,0.30479285576812004
F259I,525.0,18.0,-7.149122824006025,0.23985255891309087
F259K,802.0,12.0,-8.344960177068344,0.2908790639676942
F259L,515.0,42.0,-5.899443762523016,0.1607649899450225
F259M,363.0,274.0,-2.6894287539502173,0.08064776989444732
F259N,468.0,22.0,-6.6939563138946045,0.21833555840248067
F259P,612.0,99.0,-4.911557084396727,0.10878311462272826
F259Q,562.0,12.0,-7.831935752732158,0.29179288952722293
F259R,686.0,0.0,-18.349589994274467,10.000077875726559
F259S,1048.0,26.0,-7.61609028141782,0.1987479723558079
F259T,472.0,10.0,-7.84295155348995,0.3195598769869649
F259V,1695.0,168.0,-5.618322782486146,0.0814972980136551
F259W,761.0,4033.0,0.12222165842278487,0.040765338691649965
F259Y,1021.0,795.0,-2.644600091799722,0.048343397145520696
F259_,796.0,3.0,-10.330527265694645,0.577565576487787
F262A,418.0,3842.0,0.9166039048794858,0.05246316412102414
F262C,689.0,4001.0,0.254119399714523,0.042439492618422794
F262D,394.0,8.0,-7.903934200923385,0.35704589006995324
F262E,467.0,2.0,-10.143762138742392,0.7069324829711937
F262G,1994.0,18615.0,0.939073833255087,0.025593709879865898
F262H,690.0,344.0,-3.2878147751762006,0.06675299617051363
F262I,696.0,471.0,-2.8469983522615214,0.06049523979487355
F262K,655.0,65.0,-5.616431381035321,0.1304176331303909
F262L,486.0,1860.0,-0.34739553392429556,0.05191356515969137
F262M,507.0,2818.0,0.1909426156848486,0.04926483459593513
F262N,548.0,80.0,-5.059597996715068,0.12009595252196335
F262P,528.0,58.0,-5.469839736598505,0.13867994301028308
F262Q,991.0,744.0,-2.697225610985363,0.04952731980375294
F262R,425.0,104.0,-4.314422552182371,0.10985063431823061
F262S,536.0,2008.0,-0.37821337543006894,0.049633237057013196
F262T,566.0,631.0,-2.126812681427462,0.058748021873006116
F262V,667.0,558.0,-2.5410654222261604,0.05823337852470423
F262W,470.0,3099.0,0.43739604511752006,0.05049865245175375
F262Y,526.0,1438.0,-0.8327364315800097,0.05192615810449947
F262_,982.0,11.0,-8.762499349786035,0.3032237734922563
F266A,608.0,2677.0,-0.14519243687169325,0.04602256812994632
F266C,865.0,2051.0,-1.0381021983551086,0.041754479522796005
F266D,1057.0,4345.0,-0.2442775361633176,0.03572155943458976
F266E,775.0,1960.0,-0.9450738237288672,0.04359269787136108
F266G,483.0,2058.0,-0.19252297887245273,0.051537100190621826
F266H,643.0,2646.0,-0.2427425734000277,0.04508801598655001
F266I,571.0,614.0,-2.178901867353918,0.058989292946524545
F266K,521.0,1604.0,-0.6613478400517341,0.05140624829900126
F266L,534.0,2915.0,0.16491416115457014,0.04811955945514649
F266M,480.0,962.0,-1.2806605788603402,0.056767914027666455
F266N,418.0,1605.0,-0.34267508310791595,0.055813548901984734
F266P,543.0,113.0,-4.548176335575596,0.10387577702935952
F266Q,755.0,1763.0,-1.0601750080904635,0.044626375868641155
F266R,413.0,331.0,-2.602949918918392,0.07444542661193189
F266S,471.0,1927.0,-0.2511135446782884,0.05236269414764836
F266T,271.0,997.0,-0.40438611960419113,0.06922944175843562
F266V,1048.0,2085.0,-1.2912461878699788,0.03916145136065598
F266W,773.0,3135.0,-0.26373694574823814,0.04138161997681933
F266Y,386.0,418.0,-2.168748774339938,0.07129312466452087
F271A,983.0,562.0,-3.0902582999334443,0.053818466317537596
F271C,828.0,94.0,-5.4224100674772,0.10929179767568398
F271D,817.0,32.0,-6.957407162653054,0.1804550596413117
F271E,446.0,18.0,-6.913853978788822,0.2405548307307545
F271G,664.0,612.0,-2.40129775051009,0.05691904376087904
F271H,485.0,33.0,-6.160687457549785,0.18015404354183776
F271I,463.0,8.0,-8.136745307950125,0.3565158362998229
F271K,533.0,5.0,-9.016856194474212,0.44897299663688117
F271L,788.0,225.0,-4.09187282602138,0.07624357185133693
F271M,512.0,29.0,-6.425197794879337,0.19111194328047726
F271N,639.0,65.0,-5.580752957057672,0.13056410501801463
F271P,653.0,18.0,-7.463883006525038,0.2390729899209182
F271Q,637.0,11.0,-8.138077654502943,0.30413183212280653
F271R,702.0,5.0,-9.414185175889372,0.44846972632892906
F271S,704.0,159.0,-4.430126431290981,0.08836946821972416
F271T,644.0,111.0,-4.820041454955813,0.10325107397503451
F271V,1079.0,307.0,-4.096998690105343,0.06545085377191696
F271W,662.0,7.0,-8.84494276332343,0.3798206411604256
F271Y,1025.0,931.0,-2.4224174236750744,0.046362899549498425
F271_,762.0,0.0,-18.501170318089862,10.000070606482415
F300A,1041.0,1443.0,-1.8125506375719147,0.041873826597130265
F300C,796.0,3465.0,-0.1616469520390038,0.0405546665392363
F300D,384.0,8.0,-7.866845835721602,0.35713843228902165
F300E,310.0,28.0,-5.751948872713817,0.19755265996769705
F300G,677.0,295.0,-3.4820612931396795,0.07047421199874956
F300H,576.0,666.0,-2.074198026957724,0.05777002531756773
F300I,430.0,100.0,-4.387873956121242,0.11146453835598033
F300K,530.0,11.0,-7.872781214005532,0.3046524152136009
F300L,475.0,67.0,-5.109157581357851,0.1308746749154936
F300M,650.0,4045.0,0.353961442932468,0.04342202143208307
F300N,380.0,962.0,-0.9436335009085965,0.06140696889365247
F300P,769.0,21.0,-7.477502299545518,0.22135169251584833
F300Q,475.0,73.0,-4.985439908563396,0.12610229420765762
F300R,1043.0,1.0,-12.295829989583865,0.9955689777092709
F300S,339.0,2141.0,0.3752437909618278,0.05930135472004946
F300T,524.0,1642.0,-0.6358513436059638,0.0511584412821435
F300V,437.0,427.0,-2.3170444446856573,0.06877469435638321
F300W,718.0,9573.0,1.4532487661764986,0.03996266398649222
F300Y,650.0,748.0,-2.081052363868099,0.054544791600828306
F300_,803.0,2.0,-10.925726650255834,0.7062984979544604
F303A,540.0,1447.0,-0.861631144572204,0.05140733103401908
F303C,578.0,14282.0,2.3433127626990053,0.04358793327821037
F303D,608.0,10.0,-8.2082291806643,0.3188175427868749
F303E,219.0,7.0,-7.249086498287438,0.38382179433146363
F303G,564.0,129.0,-4.411885851898001,0.09810286036681728
F303H,275.0,5.0,-8.062177673615825,0.45092886990141146
F303I,513.0,5.0,-8.961680542563084,0.4490544444072821
F303K,217.0,10.0,-6.721895653434074,0.3234315976749074
F303L,438.0,2191.0,0.03891234820872391,0.05328488819366865
F303M,525.0,7658.0,1.5829047286171267,0.04620739928683236
F303N,503.0,478.0,-2.3571942897009786,0.06465179338626238
F303P,777.0,8.0,-8.883635121098248,0.35528966448485244
F303Q,587.0,26.0,-6.779894784100995,0.20062431467454472
F303R,489.0,3.0,-9.627604678571926,0.5782479377178448
F303S,352.0,164.0,-3.3854806405039417,0.09506752063108352
F303T,456.0,75.0,-4.887558622795392,0.12499722419173535
F303V,686.0,8.0,-8.70393156186576,0.3555298379383226
F303W,1065.0,1924.0,-1.430398687256643,0.0394781209735499
F303Y,933.0,6560.0,0.5300855570555063,0.03638756055501891
F303_,581.0,12.0,-7.879902946440136,0.2916931664965454
F306A,555.0,0.0,-18.043874153223513,10.000095078809757
F306C,885.0,7.0,-9.263783510221504,0.37931925733691635
F306D,782.0,5.0,-9.56988065049486,0.4483072276095211
F306E,530.0,0.0,-17.9773799675699,10.000099328144259
F306G,895.0,1.0,-12.07505270652242,0.9956485985278553
F306H,814.0,82.0,-5.594822783313319,0.11628386369874319
F306I,465.0,25.0,-6.5003327868956085,0.20550988706708623
F306K,547.0,1.0,-11.364716112195486,0.9960054949359715
F306L,586.0,1.0,-11.464074188544677,0.9959444167822974
F306M,461.0,0.0,-17.776158432708176,10.000113447668552
F306N,571.0,1.0,-11.426664916217593,0.9959669214453135
F306P,575.0,7.0,-8.641676799666463,0.3801213864556239
F306Q,542.0,6.0,-8.778458676101806,0.41028545110571013
F306R,405.0,0.0,-17.589317917146975,10.000128443711874
F306S,591.0,11.0,-8.02994417520523,0.3043326403615027
F306T,620.0,8.0,-8.557993439667712,0.3557479981362166
F306V,527.0,28.0,-6.51746445663544,0.19416191249781015
F306W,391.0,4.0,-8.891107465666966,0.5020297340292197
F306Y,482.0,111.0,-4.4020214422700725,0.10574809270870703
F306_,948.0,7.0,-9.362992030824476,0.37922026507696305
F317A,886.0,16.0,-8.073925776901595,0.25236765487914586
F317C,883.0,21.0,-7.676929717160074,0.22097214434922768
F317D,152.0,0.0,-16.17552662218396,10.000333910948624
F317E,602.0,10.0,-8.193921580473553,0.31884324953298554
F317G,899.0,8.0,-9.094039118507231,0.3550437939825536
F317H,1161.0,6.0,-9.877447700129727,0.40908493739453133
F317I,686.0,28.0,-6.897863726199963,0.19302604943840584
F317K,925.0,1.0,-12.122617866985705,0.9956304008980632
F317L,794.0,13.0,-8.21511231798846,0.27968410159797275
F317M,935.0,72.0,-5.982360630686281,0.1227040476920991
F317N,404.0,3.0,-9.352131713538416,0.5786198370058115
F317P,624.0,1.0,-11.554718053753017,0.9958922452853282
F317Q,546.0,2.0,-10.369236070200039,0.706713323771864
F317R,888.0,3.0,-10.488316633779686,0.5774528924194028
F317S,728.0,6.0,-9.204097474305962,0.4097105984527685
F317T,641.0,18.0,-7.437124785194807,0.23913293888089254
F317V,869.0,6.0,-9.459511985506808,0.4094385200775184
F317W,575.0,213.0,-3.7163138931048856,0.08083026267088055
F317Y,875.0,239.0,-4.1558765319818765,0.07366536050381509
F317_,379.0,10.0,-7.526370042380118,0.32037223445388474
F327A,48.0,3.0,-6.279147551839152,0.5942682251967185
F327C,1145.0,63.0,-6.467283586286095,0.12978315554036102
F327D,645.0,6.0,-9.029460734506003,0.40992625012237166
F327E,841.0,23.0,-7.475438074162968,0.21153776942776925
F327G,933.0,8.0,-9.147594499044523,0.3549867051592148
F327H,942.0,33.0,-7.118415339257923,0.17735621247093455
F327I,575.0,111.0,-4.656545410880316,0.10414947693989515
F327K,400.0,18.0,-6.756813988508622,0.24109015304330944
F327L,1025.0,4524.0,-0.14168387437060392,0.03600637404045487
F327M,1024.0,2222.0,-1.1660125025387833,0.0390693209572164
F327N,575.0,29.0,-6.592612853479089,0.19055127446498463
F327P,776.0,7.0,-9.07416499720264,0.3795284066298221
F327Q,914.0,20.0,-7.797064885190603,0.22620545600147796
F327R,524.0,14.0,-7.508713490907016,0.2708980691378567
F327S,1091.0,18.0,-8.204370341674288,0.23778373845939593
F327T,531.0,172.0,-3.909894598004172,0.08829855656362717
F327V,863.0,108.0,-5.281860395376636,0.10255219657401875
F327W,645.0,1689.0,-0.8948635709550503,0.047352320575457116
F327Y,813.0,604.0,-2.712348670425774,0.054638949450536
F327_,879.0,8.0,-9.061581533269184,0.3550794340025233
F335A,647.0,134.0,-4.55509535773396,0.09543331051180133
F335C,684.0,28.0,-6.893651536404958,0.19303708968466057
F335D,1248.0,6.0,-9.981696795876152,0.40901154337003565
F335E,373.0,12.0,-7.240554259897355,0.2933336937385755
F335G,917.0,16.0,-8.123540261478347,0.2522920499049953
F335H,554.0,2.0,-10.390220713776948,0.7066946124589861
F335I,542.0,873.0,-1.595969297787084,0.05559013004820876
F335K,915.0,8.0,-9.119489465550439,0.3550164013070961
F335L,747.0,7.0,-9.019217309550955,0.3795943076712846
F335M,554.0,32.0,-6.396965443410296,0.18205788885246285
F335N,634.0,6.0,-9.004644802406036,0.4099590579160654
F335P,1013.0,12.0,-8.681916462547115,0.29043229795424746
F335Q,893.0,11.0,-8.625437964780946,0.3033910768804135
F335R,772.0,2.0,-10.8689282314427,0.7063338967636744
F335S,132.0,3.0,-7.738387931252835,0.5830102170777719
F335T,772.0,15.0,-7.968271661000941,0.2608014335438431
F335V,476.0,60.0,-5.271365054902392,0.13734810319454246
F335W,517.0,5.0,-8.972885779691357,0.44903765194649525
F335Y,685.0,35.0,-6.573934090222113,0.17355954666509563
F335_,607.0,0.0,-18.17308067140324,10.000087361379162
F341A,1223.0,4455.0,-0.4186555380028043,0.03379255964528044
F341C,1170.0,14236.0,1.3213040778374583,0.03201177671696621
F341D,889.0,6.0,-9.492338854032973,0.4094069048254634
F341E,820.0,4.0,-9.959543464500195,0.5006953882594668
F341G,887.0,340.0,-3.667021199310929,0.06456228675762814
F341H,561.0,104.0,-4.714952252659731,0.10722301742794729
F341I,1183.0,102.0,-5.819327785723993,0.10367293660297329
F341K,545.0,3.0,-9.784023411845357,0.5780662230554602
F341L,879.0,1157.0,-1.8871981575752281,0.04584491408897291
F341M,641.0,4476.0,0.5201464828257047,0.04339662689292892
F341N,614.0,28.0,-6.737896271481223,0.19346831532238368
F341P,653.0,1.0,-11.620253989679519,0.9958565137184358
F341Q,1003.0,17.0,-8.16545704639109,0.2447156770792403
F341R,1061.0,4.0,-10.331268309613492,0.5004186973792903
F341S,987.0,2096.0,-1.197139014685586,0.03987572969740663
F341T,600.0,539.0,-2.438322514507144,0.06018062758269958
F341V,1020.0,32.0,-7.277564817027958,0.17977885267371443
F341W,573.0,50.0,-5.801919814468542,0.1477869647120496
F341Y,811.0,75.0,-5.718212864124062,0.1210966643183244
F341_,453.0,4.0,-9.103444858527432,0.5016810055106015
F351A,502.0,2.0,-10.248024799145625,0.7068268853827926
F351C,539.0,8.0,-8.35601399395225,0.3560884919729363
F351D,790.0,1.0,-11.895019819874618,0.9957231706456033
F351E,997.0,27.0,-7.489690437893138,0.19525915998762297
F351G,560.0,1.0,-11.398601494089583,0.9959841907365409
F351H,567.0,3.0,-9.84111489003012,0.5780046425803917
F351I,665.0,755.0,-2.100528290198482,0.05411135233864452
F351K,946.0,2.0,-11.162164130270966,0.706165224991195
F351L,1036.0,1044.0,-2.272550405765696,0.04497669148812161
F351M,689.0,220.0,-3.930603830381086,0.07807958495054536
F351N,481.0,1.0,-11.179215792081347,0.9961314093311172
F351P,566.0,2.0,-10.421136238454448,0.7066675363607162
F351Q,783.0,3.0,-10.306771443352687,0.5775836324000209
F351R,757.0,1.0,-11.833461262881709,0.9957508786394925
F351S,659.0,9.0,-8.476277448929148,0.33556673687538263
F351T,975.0,13.0,-8.511372156430497,0.27926581819304125
F351V,347.0,27.0,-5.967059701411171,0.20001225443629078
F351W,919.0,12.0,-8.541420511744432,0.29060607366358254
F351Y,541.0,2.0,-10.355963957307557,0.7067252990927795
F351_,690.0,16.0,-7.71322006533653,0.25300203982389
F47A,549.0,6950.0,1.378462713012616,0.045444042840045794
F47C,444.0,544.0,-1.9906070059199905,0.06473190039111305
F47D,377.0,3.0,-9.252343501489394,0.5787729944080093
F47E,244.0,147.0,-3.0146739871193784,0.10488215741677065
F47G,269.0,673.0,-0.9606798700586481,0.07282178141574701
F47H,372.0,9418.0,2.3783609384955544,0.0537967956583315
F47I,393.0,3496.0,0.8694233766674513,0.054132437473144404
F47K,1295.0,15.0,-8.714543459127446,0.25979657915188553
F47L,497.0,7522.0,1.6361234317266309,0.0473792258068637
F47M,232.0,8014.0,2.826617407789346,0.06734060007834543
F47N,281.0,4509.0,1.7204693255155843,0.06229114135699143
F47P,656.0,7.0,-8.831807560457277,0.37983882800206764
F47Q,322.0,5113.0,1.7053474427526303,0.058317141799704014
F47R,668.0,11.0,-8.206631333694165,0.3040120405838002
F47S,380.0,9098.0,2.29779372358782,0.05330328076936037
F47T,661.0,8004.0,1.314330959143171,0.04168440583410609
F47V,755.0,9060.0,1.3012969767416065,0.039174951437305504
F47W,762.0,161.0,-4.526307644595641,0.08730938663269162
F47Y,884.0,2034.0,-1.0814558305829953,0.041504993531314156
F47_,383.0,67.0,-4.798581755643113,0.13279254340708135
F57A,374.0,1037.0,-0.8123669511007243,0.06113797554968059
F57C,281.0,1300.0,-0.07381866318089436,0.06654046115437917
F57D,549.0,2.0,-10.37714112390012,0.7067062431842068
F57E,210.0,5.0,-7.673151620314094,0.4521750682159839
F57G,408.0,1314.0,-0.5963481699561335,0.05754794031149589
F57H,644.0,33.0,-6.569756054530048,0.1787356628255509
F57I,414.0,1887.0,-0.09528345970212282,0.05518292661536826
F57K,596.0,37.0,-6.292997503966488,0.16969786237308715
F57L,279.0,886.0,-0.6166418566395837,0.06937270542993536
F57M,339.0,1338.0,-0.30295884474944934,0.06161947712301416
F57N,457.0,58.0,-5.26150021726104,0.1397367489094572
F57P,158.0,112.0,-2.7800363346760184,0.12392055348504712
F57Q,510.0,122.0,-4.347174146251279,0.10127492912597177
F57R,284.0,19.0,-6.1847592987979425,0.23711750540028592
F57S,204.0,376.0,-1.4015168478072395,0.08752736793770925
F57T,427.0,1074.0,-0.9529823430966395,0.058075566762447524
F57V,971.0,4212.0,-0.16669720488679696,0.036974149744008054
F57W,123.0,231.0,-1.3744683063964818,0.11206271995745426
F57Y,305.0,326.0,-2.1875883330903934,0.08028566184926833
F57_,684.0,5.0,-9.376711011284256,0.44851151738958184
F6A,213.0,259.0,-2.0015613696152617,0.0930337893839268
F6C,389.0,470.0,-2.010763797848254,0.06926801720926903
F6D,576.0,9.0,-8.282070949915246,0.3358923759351681
F6E,320.0,2024.0,0.37737951627340305,0.060981857544677366
F6G,359.0,829.0,-1.0762825334689898,0.0639649255138615
F6H,359.0,1042.0,-0.7463748200410887,0.06200755855054591
F6I,395.0,1960.0,0.027251925205286298,0.05604996748542591
F6K,385.0,3094.0,0.7228620286870591,0.054957767355451104
F6L,797.0,776.0,-2.3221705898877896,0.05141155985602781
F6M,204.0,977.0,-0.023914550049007666,0.07762130750422469
F6N,514.0,2132.0,-0.23130213525241228,0.050143237743963
F6P,272.0,2.0,-9.36396838707027,0.7080173649970694
F6Q,555.0,4273.0,0.6610190145331725,0.046212685516680015
F6R,156.0,1366.0,0.8466096254186821,0.08509829894217383
F6S,229.0,499.0,-1.159989877673314,0.08043882954686625
F6T,642.0,16.0,-7.60919856403139,0.2532160854554103
F6V,257.0,137.0,-3.191191306711051,0.10625183482109614
F6W,272.0,1018.0,-0.3796278706114027,0.06898159137169001
F6Y,523.0,1618.0,-0.6543379199792749,0.051282242345493306
F6_,553.0,1.0,-11.380454473479936,0.9959955378228609
F78A,276.0,3424.0,1.3492464645425448,0.06336346151384001
F78C,393.0,4771.0,1.3180087753357959,0.053421715063886564
F78D,301.0,22.0,-6.0572283738547705,0.221033613615925
F78E,566.0,41.0,-6.07042790130616,0.1620211888865911
F78G,327.0,3666.0,1.2031560539947206,0.05857134521633137
F78H,176.0,35.0,-4.613466438904278,0.1853229044263082
F78I,190.0,2057.0,1.1527535465048055,0.07647770463621059
F78K,213.0,1.0,-10.004070065760665,0.9974434525700551
F78L,328.0,13260.0,3.053550246512083,0.05677955760694887
F78M,307.0,7707.0,2.366165701680028,0.059049054136022
F78N,1008.0,34.0,-7.173055142886868,0.174628137132131
F78P,414.0,2.0,-9.969974311320824,0.707126335461166
F78Q,343.0,37.0,-5.4959116040543625,0.1733058198542071
F78R,726.0,5.0,-9.462683014211189,0.44841722290382874
F78S,909.0,4840.0,0.12899394965411437,0.0375036658165945
F78T,455.0,6039.0,1.4466938963427847,0.0496302311947661
F78V,292.0,6034.0,2.085379398749084,0.060746056845990305
F78W,305.0,1389.0,-0.09651947057447074,0.06401823294349793
F78Y,326.0,3781.0,1.252135533684596,0.0585805946126054
F78_,388.0,0.0,-17.527454222284838,10.000133852557234
F83A,228.0,1409.0,0.3438648385991332,0.07207847544415187
F83C,294.0,3226.0,1.1721657720330203,0.06173363097578899
F83D,384.0,12085.0,2.69228296808672,0.05278884245753766
F83E,217.0,2559.0,1.2761043472628293,0.07140500399058966
F83G,317.0,1849.0,0.26050476370585685,0.061604549162445746
F83H,180.0,815.0,-0.10490730097864631,0.08295807156874813
F83I,261.0,1266.0,-0.005536194044555742,0.06870931455353704
F83K,362.0,6.0,-8.196168756990723,0.4114018979176225
F83L,356.0,1882.0,0.11863661498381095,0.058652131797847146
F83M,367.0,2709.0,0.6002264330157789,0.05651261661104197
F83N,267.0,1963.0,0.5944538347491859,0.0659879969099446
F83P,176.0,282.0,-1.6035590846677108,0.096577869174165
F83Q,236.0,1032.0,-0.15511095219415338,0.072841659463456
F83R,329.0,7.0,-7.836221187686288,0.38182795804598885
F83S,380.0,6495.0,1.8115744501423712,0.05371489500884181
F83T,199.0,3925.0,2.018135490417157,0.0733448392220542
F83V,135.0,1063.0,0.6933689860541481,0.09190973599914488
F83W,360.0,3966.0,1.1779314213063574,0.05594335616154782
F83Y,307.0,761.0,-0.9740182446050136,0.06834531416874808
F83_,385.0,2.0,-9.865204614230137,0.7072549673510262
F85A,764.0,28995.0,2.962421296091133,0.03798931405325169
F85C,300.0,195.0,-2.9051104912556465,0.09252556554996998
F85D,187.0,13.0,-6.1290705582895075,0.28689906645941354
F85E,188.0,1.0,-9.823958303697886,0.9977563288781277
F85G,328.0,179.0,-3.157347623991434,0.09346006384387698
F85H,215.0,54.0,-4.276753314886915,0.15253147925394023
F85I,702.0,488.0,-2.8082288786269,0.05977821817083599
F85K,373.0,7.0,-8.017304061592366,0.3813581800945439
F85L,281.0,232.0,-2.5600824897897025,0.08926683126105507
F85M,311.0,3345.0,1.1433296422788919,0.060117379873193
F85N,320.0,1394.0,-0.16059599119312118,0.06278593165004696
F85P,260.0,3.0,-8.716307821187485,0.5798031868157635
F85Q,125.0,437.0,-0.4780252208498714,0.10191885549263478
F85R,280.0,0.0,-17.056838738562774,10.000183554161522
F85S,599.0,2698.0,-0.11240430537284851,0.046258844102101244
F85T,432.0,1217.0,-0.7894435982510792,0.05688816278615653
F85V,97.0,192.0,-1.2986719347777038,0.12496436942414771
F85W,383.0,1245.0,-0.5829446428304221,0.05927832812534207
F85Y,187.0,1778.0,0.9654281077197107,0.07752128779403518
F85_,323.0,0.0,-17.26293921719865,10.00015978348757
F91A,349.0,58.0,-4.872542857313299,0.14213891262738404
F91C,231.0,107.0,-3.3938576909220632,0.11736078504914925
F91D,497.0,641.0,-1.9165760238936542,0.060596088269785894
F91E,463.0,310.0,-2.8623766075107717,0.0740628034886262
F91G,384.0,153.0,-3.611165944950775,0.09612198137475146
F91H,472.0,322.0,-2.8353599409384884,0.07296511973563016
F91I,231.0,240.0,-2.2285087956857224,0.09270990181595715
F91K,422.0,11.0,-7.544038819539025,0.30544385627531645
F91L,361.0,440.0,-1.9981504964497487,0.07171121174284244
F91M,337.0,883.0,-0.8940096323107012,0.06480414264720832
F91N,301.0,503.0,-1.542872342641222,0.07355267983222535
F91P,559.0,242.0,-3.4914554375101963,0.0775935133921238
F91Q,234.0,257.0,-2.148393695744968,0.09090674747963653
F91R,112.0,1.0,-9.076776443327821,0.9995632046571439
F91S,352.0,265.0,-2.6932176219042674,0.08193953133112296
F91T,333.0,613.0,-1.4033029000450972,0.06880424028861983
F91V,594.0,469.0,-2.6245165430561572,0.0625734763315468
F91W,94.0,82.0,-2.480662397339959,0.15142858739050089
F91Y,413.0,20.0,-6.651031648889104,0.22912022449257732
F91_,372.0,2.0,-9.815650099247588,0.7073191312913943
G101A,334.0,467.0,-1.8000858620236677,0.07235343811130442
G101C,377.0,6.0,-8.254741997537911,0.4112683023480923
G101D,304.0,9.0,-7.360095871638219,0.3381966480052019
G101E,358.0,6.0,-8.180139092449394,0.41143940628684167
G101F,298.0,2.0,-9.495669438771209,0.7077908206545023
G101H,347.0,3.0,-9.132717949160437,0.5789710621882518
G101I,544.0,3.0,-9.781373882091302,0.5780691403478608
G101K,395.0,1.0,-10.895038081490421,0.9963585736458253
G101L,110.0,1.0,-9.050783576621289,0.9996443910303036
G101M,349.0,0.0,-17.3746287612992,10.000148252066651
G101N,451.0,2.0,-10.093468118240366,0.706986208808838
G101P,282.0,2.0,-9.416055017426402,0.7079252977931967
G101Q,344.0,5.0,-8.38514409742164,0.45011943586375136
G101R,784.0,1.0,-11.884020960683502,0.9957280350244337
G101S,315.0,50.0,-4.938757125510293,0.15254612120336872
G101T,395.0,4.0,-8.905791137787295,0.5020039402037046
G101V,204.0,0.0,-16.600000258298337,10.000250073693232
G101W,246.0,0.0,-16.870077348002134,10.000208232397423
G101Y,713.0,2.0,-10.754231006990096,0.7064097667659001
G101_,320.0,0.0,-17.249477376117948,10.00016123461239
G102A,340.0,5.0,-8.368270772240573,0.4501574216524029
G102C,352.0,0.0,-17.38697680142468,10.00014703113325
G102D,372.0,3.0,-9.233082113666814,0.5788037917128134
G102E,313.0,0.0,-17.217569136404634,10.000164728743556
G102F,331.0,3.0,-9.064615513057014,0.5790913453718011
G102H,156.0,5.0,-7.244332100869373,0.45399389844305177
G102I,468.0,5.0,-8.829232950590953,0.4492630863774898
G102K,473.0,5.0,-8.844564278488996,0.44923794865268474
G102L,479.0,6.0,-8.600194981319973,0.41058105907127357
G102M,538.0,1.0,-11.340781893163552,0.9960208468248634
G102N,473.0,1.0,-11.155019588932408,0.99614905812708
G102P,369.0,0.0,-17.455020300672196,10.000140487491032
G102Q,504.0,7.0,-8.451542111821912,0.3804434989176356
G102R,451.0,2.0,-10.093468118240366,0.706986208808838
G102S,170.0,2.0,-8.685928304592014,0.7095732947689879
G102T,223.0,5.0,-7.75980199783445,0.45186803178875395
G102V,359.0,0.0,-17.415384417469735,10.000144261640886
G102W,438.0,6.0,-8.471103014471915,0.4108189624122406
G102Y,441.0,0.0,-17.712171757074863,10.000118366208273
G102_,417.0,1.0,-10.973230884996408,0.9962915486075321
G106A,213.0,777.0,-0.4166360029457632,0.07798343348027809
G106C,300.0,1.0,-10.498159494492288,0.9967607777318084
G106D,446.0,2.0,-10.077384753516169,0.7070037877575812
G106E,437.0,2.0,-10.047974989275428,0.7070364423879988
G106F,383.0,5.0,-8.540075654230819,0.44979052034094796
G106H,381.0,6.0,-8.269968070011775,0.4112344465240311
G106I,467.0,1.0,-11.136602347169527,0.9961626913159627
G106K,296.0,1.0,-10.47879481946618,0.9967833716743187
G106L,584.0,2.0,-10.46630176888678,0.7066290067322994
G106M,358.0,3.0,-9.177740596400877,0.5788945910832131
G106N,176.0,0.0,-16.38701778533278,10.000289061385535
G106P,172.0,2.0,-8.702801136418602,0.7095251011740321
G106Q,271.0,1.0,-10.35149499131424,0.9969396804923875
G106R,421.0,1.0,-10.987003405913363,0.9962801143713015
G106S,286.0,12.0,-6.857405541788424,0.2947204503492905
G106T,392.0,2.0,-9.891199153626761,0.707222177990284
G106V,230.0,1.0,-10.114845490415343,0.9972695036236954
G106W,403.0,4.0,-8.934717598228275,0.5019538848418688
G106Y,311.0,1.0,-10.550109873256073,0.9967016386538932
G106_,746.0,3.0,-10.236935680156519,0.5776384631617757
G111A,257.0,1162.0,-0.1069219230647569,0.06965122307852956
G111C,236.0,0.0,-16.810208376927513,10.000216843873671
G111D,321.0,0.0,-17.253978627907987,10.000160747890476
G111E,310.0,0.0,-17.203675140788324,10.000166274532354
G111F,255.0,0.0,-16.921914209740645,10.000201059515957
G111H,389.0,0.0,-17.5311676295006,10.000133521303704
G111I,238.0,0.0,-16.82238257718818,10.000215063689184
G111K,255.0,0.0,-16.921914209740645,10.000201059515957
G111L,212.0,0.0,-16.655492702326114,10.0002408258272
G111M,374.0,0.0,-17.474437231820637,10.0001386760984
G111N,182.0,0.0,-16.435378104694333,10.000279697064117
G111P,246.0,1.0,-10.211865865250342,0.9971277256250386
G111Q,133.0,0.0,-15.98289510244978,10.00038089512642
G111R,390.0,5.0,-8.566204709975672,0.4497384252211121
G111S,354.0,886.0,-0.9601151398419798,0.06366514188653584
G111T,272.0,4.0,-8.36756165179428,0.503142832533605
G111V,307.0,2.0,-9.538594344464697,0.7077213269361828
G111W,476.0,5.0,-8.853685476228701,0.44922311884247185
G111Y,428.0,3.0,-9.43538521479071,0.5784998906900084
G111_,305.0,0.0,-17.180216930866568,10.000168918419716
G114A,208.0,891.0,-0.1848592714580013,0.07765049218657501
G114C,477.0,22.0,-6.721436468690963,0.21824321682808928
G114D,515.0,1.0,-11.27774935025774,0.996062515943806
G114E,295.0,9.0,-7.316740950238413,0.33834497608715386
G114F,563.0,5.0,-9.095854141506372,0.44886165094248315
G114H,466.0,1.0,-11.133509818406345,0.9961649976266574
G114I,417.0,7.0,-8.17817173373758,0.3809871287584196
G114K,356.0,1.0,-10.745066670502023,0.9964977348999224
G114L,198.0,1.0,-9.898722196588782,0.9976217097607529
G114M,292.0,0.0,-17.11737816311342,10.000176216255046
G114N,377.0,13.0,-7.140557931531301,0.2821634566024143
G114P,222.0,3.0,-8.48836537210488,0.5803705980896187
G114Q,454.0,0.0,-17.754084462079742,10.000115119865077
G114R,1195.0,76.0,-6.258337654268875,0.1187130685364571
G114S,231.0,520.0,-1.1130639454382178,0.07969738247568077
G114T,298.0,2.0,-9.495669438771209,0.7077908206545023
G114V,336.0,2.0,-9.668812866028288,0.7075226891134149
G114W,461.0,1.0,-11.117946949956384,0.9961766791801562
G114Y,404.0,6.0,-8.354530209586933,0.4110527377805678
G114_,439.0,0.0,-17.70561419008883,10.000118882710261
G130A,289.0,1330.0,-0.08140223214200937,0.06566412894340129
G130C,425.0,119.0,-4.1200619912399254,0.10418904429502404
G130D,534.0,0.0,-17.988227145910642,10.00009862151398
G130E,151.0,1.0,-9.507792993842683,0.9984091865596353
G130F,501.0,10.0,-7.928973528095017,0.3193679444497394
G130H,329.0,13.0,-6.944086574979115,0.2828483480575069
G130I,85.0,1.0,-8.678853369945966,1.000980593098945
G130K,338.0,3.0,-9.094806639891303,0.5790373233835304
G130L,250.0,4.0,-8.245887762569662,0.5034642137307224
G130M,343.0,3883.0,1.21720487273728,0.05720764781682917
G130N,313.0,1.0,-10.559357653652842,0.9966913323129
G130P,217.0,1.0,-10.030910429518272,0.9974000743811048
G130Q,159.0,1.0,-9.58226640293151,0.9982423245112365
G130R,808.0,4.0,-9.938275109038015,0.5007134739015267
G130S,143.0,23.0,-4.919431150507002,0.22483705076477314
G130T,299.0,11.0,-7.046955368212136,0.3070353513772575
G130V,219.0,101.0,-3.400146625749258,0.12068896946305385
G130W,212.0,3.0,-8.421873025566413,0.5805536048999491
G130Y,566.0,4.0,-9.424729503178455,0.5012415862023722
G130_,262.0,0.0,-16.960982262897826,10.000195821288559
G139A,286.0,301.0,-2.2099021816879905,0.08317659471772242
G139C,548.0,5.0,-9.056895813791941,0.44891580337526904
G139D,363.0,6.0,-8.200148498117166,0.41139264945727955
G139E,513.0,1.0,-11.272135853006496,0.9960663158343069
G139F,181.0,0.0,-16.427429789504757,10.000281214673512
G139H,478.0,0.0,-17.828401187284648,10.000109590516546
G139I,214.0,1.0,-10.01082711544537,0.9974324561820597
G139K,330.0,0.0,-17.29387012932996,10.00015650013055
G139L,446.0,6.0,-8.497215263983913,0.4107691190610029
G139M,736.0,2.0,-10.8000340642947,0.7063787446550432
G139N,101.0,3.0,-7.35223883772936,0.5850006319816039
G139P,484.0,3.0,-9.61277756567073,0.5782662038662525
G139Q,456.0,0.0,-17.760425849581964,10.000114636856074
G139R,461.0,4.0,-9.128700006253258,0.5016428259677449
G139S,649.0,330.0,-3.259378973660728,0.06834351038220784
G139T,351.0,8.0,-7.73721408744816,0.3574810241808796
G139V,436.0,1.0,-11.037510128696457,0.9962391034166708
G139W,383.0,3.0,-9.275122770666325,0.578737096967742
G139Y,454.0,1.0,-11.095872979327947,0.9961934653746224
G139_,466.0,0.0,-17.79172130115814,10.000112283999393
G143A,174.0,4.0,-7.72307217823441,0.5051961704746335
G143C,346.0,11.0,-7.257575367573269,0.306294673678194
G143D,431.0,5.0,-8.710414936423366,0.4494671802081687
G143E,453.0,0.0,-17.750903284982353,10.0001153629689
G143F,357.0,4.0,-8.759866446348981,0.5022722533534121
G143H,559.0,5.0,-9.085567685630172,0.4488758080639642
G143I,184.0,0.0,-16.45114455898062,10.00027671132923
G143K,738.0,1.0,-11.796789269604435,0.9957679553934042
G143L,474.0,3.0,-9.582658206136724,0.578303890400729
G143M,353.0,7.0,-7.937798805944566,0.3815572685619207
G143N,271.0,1.0,-10.35149499131424,0.9969396804923875
G143P,198.0,0.0,-16.556933679340574,10.000257499978938
G143Q,376.0,2.0,-9.83107972725243,0.707298916615282
G143R,489.0,1.0,-11.203012872579833,0.9961143376915463
G143S,243.0,12.0,-6.622355634559849,0.29576818558157497
G143T,347.0,7.0,-7.913066991909516,0.38162144801348663
G143V,397.0,1.0,-10.902324251573937,0.9963521737014959
G143W,660.0,9.0,-8.478464974997436,0.3355633111638011
G143Y,470.0,0.0,-17.804051839592606,10.00011137089001
G143_,217.0,2.0,-9.03807022109114,0.7086750569092922
G145A,403.0,203.0,-3.272912850752472,0.086643001017123
G145C,342.0,29.0,-5.843064315851696,0.19363517016534698
G145D,430.0,2.0,-10.024678906782857,0.7070627843564298
G145E,385.0,2.0,-9.865204614230137,0.7072549673510262
G145F,413.0,2.0,-9.966485409615917,0.7071304706973963
G145H,542.0,2.0,-10.358628165634062,0.7067228863694953
G145I,291.0,2.0,-9.461377425741691,0.707847837984408
G145K,222.0,0.0,-16.721985048864582,10.000230203225605
G145L,466.0,3.0,-9.558101624398438,0.5783352022977599
G145M,314.0,2.0,-9.57111920039802,0.7076700259750883
G145N,70.0,0.0,-15.05699329923153,10.000719148624189
G145P,282.0,1.0,-10.408895225853538,0.9968674933739343
G145Q,367.0,1.0,-10.788968277762425,0.9964554918288276
G145S,201.0,291.0,-1.7498465540008263,0.09225508549696763
G145T,283.0,11.0,-6.967614664705191,0.3073431002800446
G145V,217.0,5.0,-7.720455119074859,0.45200519563124153
G145W,325.0,3.0,-9.038224818804824,0.5791394978104548
G145Y,385.0,1.0,-10.85804482265727,0.9963915700831405
G145_,81.0,0.0,-15.267532300104914,10.000622179191662
G147A,373.0,6.0,-8.239353514891803,0.41130288140587234
G147C,345.0,5.0,-8.389331772826836,0.45011007655006674
G147D,349.0,6.0,-8.143407580588017,0.4115269303377952
G147E,530.0,6.0,-8.746158786858715,0.41033635451027073
G147F,504.0,4.0,-9.257354319377612,0.5014583353763341
G147H,199.0,1.0,-9.905989830923598,0.9976089909982504
G147I,286.0,2.0,-9.436374286315129,0.707890270419053
G147K,138.0,2.0,-8.38508150264552,0.7105336765125366
G147L,489.0,0.0,-17.86122435533163,10.000107237617689
G147M,354.0,2.0,-9.744098810140642,0.7074157424524812
G147N,321.0,0.0,-17.253978627907987,10.000160747890476
G147P,435.0,5.0,-8.7237421602779,0.44944344697590705
G147Q,625.0,7.0,-8.761969026189803,0.37993834059198794
G147R,164.0,3.0,-8.051524492101297,0.5817412815974526
G147S,244.0,1.0,-10.200089178160432,0.9971444321138309
G147T,455.0,10.0,-7.790032381199937,0.3196837025768161
G147V,526.0,2.0,-10.315398923230017,0.7067625897359647
G147W,194.0,0.0,-16.52749140370929,10.000262706018452
G147Y,433.0,1.0,-11.027549247897348,0.9962470784326215
G147_,446.0,1.0,-11.070224961943303,0.9962132944272585
G148A,65.0,0.0,-14.95009394675509,10.000774073279647
G148C,268.0,4.0,-8.346188792618047,0.5031973554785883
G148D,487.0,1.0,-11.197100300869538,0.996118553047669
G148E,478.0,0.0,-17.828401187284648,10.000109590516546
G148F,723.0,7.0,-8.972105354805741,0.3796528348185096
G148H,289.0,2.0,-9.451428108416712,0.7078646350784741
G148I,225.0,0.0,-16.741349507286774,10.000227200559994
G148K,310.0,4.0,-8.556216714333402,0.5026948148706049
G148L,268.0,0.0,-16.993647219072965,10.000191549163304
G148M,541.0,1.0,-11.348804165734691,0.9960156728023025
G148N,135.0,0.0,-16.004426657107324,10.000375326688934
G148P,741.0,3.0,-10.227233722698447,0.5776462922690491
G148Q,390.0,15.0,-6.9831632415501925,0.2632225380724154
G148R,620.0,3.0,-9.970032195316719,0.577874213588497
G148S,343.0,2.0,-9.698559333175655,0.7074797669244494
G148T,230.0,7.0,-7.319786339156515,0.3835372280635116
G148V,676.0,3.0,-10.094785298722233,0.5777585980122069
G148W,467.0,4.0,-9.1473554034664,0.5016150478926675
G148Y,588.0,4.0,-9.479742651517743,0.5011756437124231
G148_,492.0,1.0,-11.211836543074373,0.996108078881628
G163A,650.0,8041.0,1.345194897768613,0.0419835236085796
G163C,455.0,2039.0,-0.11974931475906114,0.0528015518363745
G163D,378.0,682.0,-1.432279515436651,0.0648960917052123
G163E,388.0,18.0,-6.712871756378563,0.24125044571246324
G163F,495.0,177.0,-3.7672748119922073,0.0881440607502563
G163H,350.0,1539.0,-0.14711344850751917,0.06005535348331679
G163I,416.0,232.0,-3.126079226915296,0.08254552267048852
G163K,215.0,1.0,-10.01755266508711,0.9974215619617413
G163L,419.0,10.0,-7.671118804030019,0.31997889568481347
G163M,405.0,287.0,-2.780504533452403,0.07780160597369215
G163N,1297.0,10168.0,0.6871278383900363,0.031131457356884187
G163P,514.0,91.0,-4.781347455452971,0.11416263345576265
G163Q,337.0,285.0,-2.525426869386169,0.08109091020455805
G163R,680.0,1.0,-11.678704867048435,0.995825985003358
G163S,446.0,8735.0,2.008013384508494,0.04956208158108749
G163T,512.0,1784.0,-0.48276819854935926,0.05112179306279899
G163V,204.0,2340.0,1.2361549112974037,0.0736809677092717
G163W,325.0,203.0,-2.9625813216338033,0.0900139434964595
G163Y,532.0,263.0,-3.2999837179402176,0.07603694243311875
G163_,483.0,5.0,-8.87474665250889,0.4491892305155351
G166A,359.0,518.0,-1.754692089021673,0.06939537658941966
G166C,253.0,1088.0,-0.1792225037729409,0.0705077162094498
G166D,318.0,2121.0,0.4539593771914543,0.06095772794640164
G166E,337.0,983.0,-0.7392333157128457,0.06390908032247007
G166F,529.0,198.0,-3.701369710288904,0.0839070278303165
G166H,326.0,3.0,-9.042656928956731,0.579131349600164
G166I,600.0,4340.0,0.5709919083570161,0.04468634022372842
G166K,364.0,4.0,-8.787880045393486,0.5022186294597647
G166L,352.0,1837.0,0.10002315297861664,0.059033948992612516
G166M,298.0,1764.0,0.2817780839022408,0.06342159097816373
G166N,357.0,2048.0,0.23653836136300388,0.05821629283154984
G166P,628.0,8680.0,1.5051892599219907,0.042512991784298085
G166Q,433.0,1232.0,-0.7751062900400223,0.05675308897237583
G166R,184.0,0.0,-16.45114455898062,10.00027671132923
G166S,472.0,162.0,-3.8263825671656626,0.0916017116108694
G166T,406.0,176.0,-3.4895058714306444,0.09079815410850503
G166V,441.0,1176.0,-0.8686309547009614,0.05672451922530802
G166W,719.0,4.0,-9.769913796859424,0.5008664250493234
G166Y,684.0,85.0,-5.291960959721964,0.11543441770128031
G166_,396.0,10.0,-7.589670990191565,0.3201954162001122
G187A,417.0,1734.0,-0.22768967473502855,0.05544851547807855
G187C,1154.0,27573.0,2.294881128677294,0.0316642837424649
G187D,258.0,1511.0,0.26636631238959296,0.06809877864549164
G187E,332.0,1706.0,0.07767949458545065,0.060810660283791416
G187F,153.0,174.0,-2.098103734370727,0.11127503139948254
G187H,352.0,994.0,-0.7860040561260622,0.06282253082674785
G187I,192.0,247.0,-1.9202600079629617,0.09672795392257583
G187K,1068.0,1811.0,-1.5217786507273638,0.039853667145602296
G187L,227.0,250.0,-2.144418057369349,0.0922211916572686
G187M,307.0,687.0,-1.1216025572758221,0.0693730616128016
G187N,456.0,1798.0,-0.30438433042722757,0.05337528169429559
G187P,392.0,1027.0,-0.8941601411176672,0.06020358447658136
G187Q,445.0,1687.0,-0.3610891434429906,0.054219195172945434
G187R,293.0,580.0,-1.298520136407939,0.07236557818668377
G187S,424.0,1346.0,-0.6171290749700331,0.056579036498581245
G187T,425.0,1811.0,-0.1924221871138947,0.05481678372941802
G187V,729.0,1421.0,-1.3207418103053774,0.0466397256534429
G187W,527.0,269.0,-3.2538185415895393,0.07559528442238912
G187Y,734.0,1117.0,-1.6778775296682529,0.04855349925301711
G187_,398.0,4.0,-8.916706639967455,0.501984934223162
G18A,213.0,494.0,-1.0700289230955908,0.0825753092342144
G18C,537.0,7.0,-8.54303870726907,0.38028322467229864
G18D,240.0,6.0,-7.603233723653385,0.41310490198244243
G18E,259.0,0.0,-16.94436818683746,10.000198031573717
G18H,354.0,2.0,-9.744098810140642,0.7074157424524812
G18I,303.0,0.0,-17.170725794099965,10.000170000405614
G18K,204.0,0.0,-16.600000258298337,10.000250073693232
G18L,497.0,1.0,-11.226423784302682,0.9960978153523182
G18M,316.0,1.0,-10.573119117324278,0.9966761172113939
G18N,53.0,4.0,-6.008238406758113,0.5180161577742584
G18P,498.0,4.0,-9.240076672817226,0.5014821694821145
G18Q,266.0,3.0,-8.749221192092683,0.5797283731970077
G18R,268.0,2.0,-9.342595527894037,0.7080561120194493
G18S,818.0,3611.0,-0.14143597741135894,0.03999031972102838
G18T,650.0,3.0,-10.03820262400869,0.5778098020880683
G18V,233.0,2.0,-9.140700568103755,0.7084517732426385
G18W,353.0,4.0,-8.743611013500267,0.5023038477277918
G18Y,311.0,9.0,-7.3929380601943295,0.3380871750559579
G18_,21.0,0.0,-13.320508454613305,10.002384525630502
G20A,304.0,2162.0,0.546534503007222,0.06206217793254127
G20C,285.0,0.0,-17.08237292675765,10.000180421608249
G20D,333.0,1.0,-10.648714405559355,0.9965950725465355
G20E,418.0,1.0,-10.976686360866658,0.9962886695453524
G20F,355.0,1.0,-10.741008568079788,0.9965017048956535
G20H,255.0,8.0,-7.2762557773319365,0.3589779600654395
G20I,279.0,3.0,-8.818057541357472,0.5795772860000192
G20K,603.0,1.0,-11.505330831955785,0.9959202644236552
G20L,183.0,0.0,-16.443282869639706,10.000278196039485
G20M,613.0,9.0,-8.371887700392776,0.3357363578750531
G20N,267.0,1.0,-10.330042679161036,0.9969674036205053
G20P,751.0,17.0,-7.748025079758094,0.24539825542978252
G20Q,439.0,1.0,-11.047402707337035,0.9962312373336386
G20R,485.0,4.0,-9.201916454317399,0.5015358288892094
G20S,1285.0,2091.0,-1.5812276330576287,0.036827404845657365
G20T,236.0,1.0,-10.151996894175717,0.9972140865409428
G20V,403.0,0.0,-17.582176024683193,10.000129056362441
G20W,210.0,2.0,-8.990766722330374,0.7087834166541155
G20Y,513.0,6.0,-8.699126155047107,0.4104125323625851
G20_,820.0,32.0,-6.962694929409535,0.18044265196070283
G217A,707.0,23.0,-7.225045740026434,0.21206977281571712
G217C,398.0,0.0,-17.564165066422376,10.000130614926164
G217D,579.0,1.0,-11.446737169750053,0.9959547739162531
G217E,234.0,1.0,-10.139719086863472,0.9972322434877016
G217F,326.0,5.0,-8.307609812521225,0.45029768472826787
G217H,220.0,1.0,-10.050718004044821,0.9973685746713042
G217I,492.0,0.0,-17.870048025826165,10.000106614177284
G217K,264.0,10.0,-7.004726704741907,0.3221609087253755
G217L,652.0,13.0,-7.930849232283136,0.2801740271914382
G217M,618.0,2.0,-10.54793887883151,0.7065623472157989
G217N,715.0,10.0,-8.442097547956664,0.3184313075621172
G217P,188.0,2.0,-8.831118095270753,0.7091763671515809
G217Q,611.0,1.0,-11.524344896618828,0.9959093634581222
G217R,454.0,0.0,-17.754084462079742,10.000115119865077
G217S,411.0,0.0,-17.610533883038762,10.000126641534301
G217T,221.0,0.0,-16.715472035948125,10.000231222228749
G217V,147.0,1.0,-9.469063198981313,0.99849941619831
G217W,491.0,6.0,-8.63589161381034,0.410518922070524
G217Y,627.0,4.0,-9.572390413368902,0.501070100281683
G217_,317.0,1.0,-10.577677255269347,0.9966711094542899
G246A,683.0,49.0,-6.084406657354902,0.14821579702704743
G246C,514.0,59.0,-5.406413071633051,0.13780995476001762
G246D,357.0,3.0,-9.1737051960442,0.5789013486825587
G246E,478.0,1.0,-11.170189704532854,0.9961379584384753
G246F,474.0,666.0,-1.793021664125365,0.060917608194416085
G246H,676.0,59.0,-5.80166123248225,0.13610791397727157
G246I,515.0,944.0,-1.4094463111674633,0.0556851558290021
G246K,616.0,8.0,-8.54865572618512,0.35576271760339856
G246L,626.0,25.0,-6.9292567485292205,0.2041598414640667
G246M,938.0,453.0,-3.3337084136504296,0.058080628458465476
G246N,1244.0,82.0,-6.206702442940644,0.11444344838932888
G246P,439.0,4.0,-9.05815576363391,0.5017511603791402
G246Q,391.0,5.0,-8.56989909892668,0.44973113484519994
G246R,518.0,3.0,-9.71072065962862,0.578148937715629
G246S,1822.0,12.0,-9.528798923984189,0.2896767284694723
G246T,568.0,40.0,-6.111131803211061,0.1638722058334061
G246V,765.0,2369.0,-0.6529142310379208,0.04276804424563784
G246W,709.0,974.0,-1.8255173992739504,0.050367814568147554
G246Y,744.0,26.0,-7.121831715812088,0.19972640061644026
G246_,433.0,3.0,-9.452141053889441,0.5784765725643574
G247A,657.0,443.0,-2.8522240722571723,0.06228280769841062
G247C,674.0,178.0,-4.204459714961278,0.08485950352911828
G247D,572.0,2.0,-10.436349065035252,0.7066544239538115
G247E,462.0,2.0,-10.12823277477955,0.7069488729910876
G247F,520.0,4.0,-9.302441328157155,0.5013974615438678
G247H,419.0,0.0,-17.638345062866012,10.00012431891642
G247I,867.0,2.0,-11.036357329743138,0.7062334195878964
G247K,680.0,9.0,-8.52153305398669,0.3354969058722753
G247L,582.0,0.0,-18.112404328984894,10.000090899558561
G247M,715.0,147.0,-4.565697132999808,0.09110793645666602
G247N,626.0,7.0,-8.764275456699568,0.3799349770986769
G247P,1215.0,2.0,-11.523204979013594,0.7059994987264928
G247Q,550.0,1.0,-11.37260675395568,0.9960004892365892
G247R,788.0,7.0,-9.096303691357273,0.37950255292958346
G247S,634.0,295.0,-3.387389745005531,0.07118141392778031
G247T,338.0,11.0,-7.223827563086638,0.3064063145467686
G247V,804.0,39.0,-6.648945549725932,0.1642499139325313
G247W,416.0,0.0,-17.627978595608507,10.00012517942991
G247Y,799.0,4.0,-9.922115520333383,0.5007273941904161
G247_,809.0,10.0,-8.620291664264773,0.3181760431926791
G248A,461.0,4333.0,0.9488516078869416,0.049997526862864745
G248C,444.0,527.0,-2.036409840061048,0.06518830129546083
G248D,752.0,7.0,-9.028841600028922,0.3795825836393454
G248E,573.0,5.0,-9.121253910980906,0.4488271209966641
G248F,444.0,1.0,-11.06374107407894,0.9962183632746318
G248H,460.0,5.0,-8.804358818058926,0.4493044403144971
G248I,659.0,9.0,-8.476277448929148,0.33556673687538263
G248K,670.0,1.0,-11.657331532909438,0.9958370051548007
G248L,740.0,6.0,-9.227683973267315,0.4096834144424542
G248M,542.0,15.0,-7.457971595192302,0.2618531117622954
G248N,583.0,7.0,-8.661610382748222,0.3800899955230706
G248P,790.0,13.0,-8.207826055908617,0.27969550133424514
G248Q,406.0,1.0,-10.934664166071371,0.9963241537375879
G248R,785.0,27.0,-7.144793495148725,0.19595154940660056
G248S,650.0,4063.0,0.36036708904535963,0.043409408151317865
G248T,432.0,0.0,-17.682425095210473,10.000120728127735
G248V,1015.0,3.0,-10.681162746702048,0.5773308769563784
G248W,401.0,1.0,-10.916787118401963,0.9963395652073199
G248Y,765.0,4.0,-9.859380567475524,0.5007829339707542
G248_,367.0,11.0,-7.342581006949851,0.3060246046302048
G251A,614.0,0.0,-18.189622539555728,10.000086422319942
G251C,537.0,1.0,-11.338097858527899,0.9960225843395177
G251D,873.0,7.0,-9.244087932955544,0.3793397296654746
G251E,1001.0,3.0,-10.661125192257156,0.5773428102418325
G251F,342.0,1.0,-10.687187413297899,0.9965554259111173
G251H,576.0,2.0,-10.446402554549856,0.7066458339786383
G251I,719.0,2.0,-10.766320532135413,0.7064014828333414
G251K,647.0,5.0,-9.296481604563162,0.44860470959032683
G251L,389.0,1.0,-10.872956146748805,0.9963781680682365
G251M,651.0,8.0,-8.62838165951585,0.35564003666761396
G251N,485.0,0.0,-17.84937488077232,10.000108080868731
G251P,626.0,1.0,-11.559334607958395,0.9958896747984597
G251Q,696.0,61.0,-5.795638406454198,0.13389298890350979
G251R,550.0,1.0,-11.37260675395568,0.9960004892365892
G251S,782.0,1.0,-11.880335960938273,0.9957296730663053
G251T,604.0,8.0,-8.520274390113112,0.3558080419196788
G251V,363.0,3.0,-9.197750002068648,0.5788613604026543
G251W,624.0,3.0,-9.979309859745111,0.5778652679818408
G251Y,926.0,34.0,-7.050644870043309,0.17487948585491764
G251_,451.0,0.0,-17.744519809419295,10.000115852410659
G291A,620.0,2685.0,-0.16908393627304097,0.0456632368622685
G291C,461.0,1543.0,-0.5407705464575594,0.05400972302507886
G291D,598.0,3397.0,0.2223759425692,0.045457730498695906
G291E,582.0,2235.0,-0.3424825681425636,0.047596478074862635
G291F,957.0,44.0,-6.726278730910993,0.1544889823579051
G291H,699.0,3544.0,0.05834966677711417,0.04257436837498357
G291I,630.0,4.0,-9.579276689386884,0.5010625219406586
G291K,871.0,2669.0,-0.6681044845984294,0.04028124998157934
G291L,1650.0,641.0,-3.647704007267155,0.047601585010591675
G291M,763.0,1186.0,-1.6473057039716519,0.047471864523144294
G291N,620.0,2675.0,-0.1744671128834172,0.04567847947847637
G291P,545.0,3.0,-9.784023411845357,0.5780662230554602
G291Q,480.0,2543.0,0.1217527604976727,0.050757665605882275
G291R,914.0,4679.0,0.07227344937594005,0.03751821230880162
G291S,740.0,10659.0,1.5647368633473957,0.03930605972313435
G291T,617.0,4386.0,0.5458953166724525,0.04414218876541977
G291V,559.0,244.0,-3.4795818258534146,0.07737496597029196
G291W,1099.0,224.0,-4.578217479524556,0.07398521575458675
G291Y,1147.0,1374.0,-2.023133473143865,0.041224320722971546
G291_,745.0,4.0,-9.821161751513728,0.5008179692895662
G305A,1318.0,15.0,-8.739941537153697,0.25977064367349917
G305C,736.0,1.0,-11.792874272721836,0.9957698042170589
G305D,474.0,15.0,-7.264569621275737,0.26235801467359043
G305E,764.0,9.0,-8.689568613256558,0.33525585846057104
G305F,1807.0,14.0,-9.294651732050532,0.2683855504748957
G305H,481.0,1.0,-11.179215792081347,0.9961314093311172
G305I,703.0,3.0,-10.151285921859682,0.5777094290311394
G305K,705.0,8.0,-8.743345676206744,0.3554745849750061
G305L,763.0,6.0,-9.27184117190631,0.40963369709013414
G305M,389.0,2.0,-9.880115938321673,0.7072360862632578
G305N,868.0,8.0,-9.043413618565623,0.3550997344780768
G305P,523.0,18.0,-7.1436164527831565,0.23986774214864626
G305Q,588.0,1.0,-11.468989595220869,0.9959415028745717
G305R,643.0,1.0,-11.597990079053542,0.9958684710168976
G305S,557.0,5.0,-9.080396822795006,0.4488829627036943
G305T,683.0,0.0,-18.34326708876466,10.000078195859498
G305V,588.0,0.0,-18.12720107797266,10.000090022957147
G305W,439.0,3.0,-9.471994513329127,0.5784492907417079
G305Y,842.0,2.0,-10.994146063646085,0.7062576640714668
G305_,607.0,45.0,-6.037050822017689,0.15480478113743645
G322A,560.0,914.0,-1.5768906476852926,0.054585513001272186
G322C,494.0,207.0,-3.5384877923538873,0.08339514930044079
G322D,361.0,298.0,-2.5603260658903215,0.07890129506442335
G322E,399.0,561.0,-1.7920464246112218,0.0662458917243179
G322F,424.0,111.0,-4.217056654906609,0.10708150307062347
G322H,1246.0,1737.0,-1.804357595172268,0.038445800802790545
G322I,649.0,509.0,-2.6341947157644654,0.06004350215196032
G322K,621.0,649.0,-2.2200238004424495,0.05701670135441659
G322L,547.0,480.0,-2.4721507537304337,0.0633342401321682
G322M,690.0,727.0,-2.2082900697964503,0.05407926732575521
G322N,1710.0,2083.0,-1.9989830044335712,0.03412744213926432
G322P,361.0,476.0,-1.8846949264165485,0.07050261321666479
G322Q,431.0,729.0,-1.5254307455972151,0.06157654567337757
G322R,765.0,477.0,-2.965107103288186,0.05918936105454797
G322S,687.0,459.0,-2.8654535221974076,0.061106469045044055
G322T,561.0,360.0,-2.9236375141736595,0.06826430939897102
G322V,938.0,884.0,-2.3691886215390263,0.04792819145422597
G322W,1067.0,37.0,-7.133162759216512,0.1675014586076766
G322Y,881.0,532.0,-3.011353038846712,0.05580807029196038
G322_,586.0,2.0,-10.471233980117542,0.7066248716467498
G326A,417.0,1053.0,-0.9472827562052109,0.05871540277932524
G326C,869.0,286.0,-3.8869551966641973,0.06889798173494378
G326D,841.0,9.0,-8.82810004657352,0.3350770862714497
G326E,814.0,2.0,-10.945355214219738,0.7062865847834594
G326F,642.0,0.0,-18.253956156547645,10.000082870858348
G326H,1029.0,5.0,-9.965878691705589,0.44796475548300474
G326I,748.0,5.0,-9.505751151645345,0.44837204955682153
G326L,916.0,3.0,-10.533104058912118,0.5774230863566238
G326M,907.0,4.0,-10.10502041793068,0.5005785634421343
G326N,959.0,4.0,-10.18544781994367,0.5005188472929297
G326P,1193.0,7.0,-9.69462398435009,0.3789345381363048
G326Q,1019.0,13.0,-8.575051445042906,0.2791865171226909
G326R,907.0,50.0,-6.464477954678028,0.1455964984954635
G326S,695.0,1959.0,-0.7886288869086746,0.045267052398971344
G326T,557.0,1.0,-11.390852133238418,0.9959890188668963
G326V,502.0,0.0,-17.899076490324553,10.000104589857498
G326W,341.0,1.0,-10.682962951139487,0.9965597278247758
G326Y,1031.0,1.0,-12.279135325425813,0.9955745820860207
G326_,734.0,2.0,-10.796108414491169,0.7063813651050592
G329A,698.0,2011.0,-0.7570473626796295,0.045052443869518566
G329C,585.0,62.0,-5.52153649928206,0.13392393216947268
G329D,775.0,2.0,-10.87452362199744,0.7063303473871735
G329E,795.0,3.0,-10.328713718120301,0.5775669444593641
G329F,1206.0,687.0,-3.0954868738431176,0.048832154433961716
G329H,615.0,598.0,-2.3240882671005725,0.05829252574865336
G329I,804.0,0.0,-18.578573832750493,10.000067178850472
G329K,528.0,1.0,-11.313714157832614,0.996038517991723
G329L,665.0,2.0,-10.65368473142376,0.7064814155336727
G329M,962.0,503.0,-3.219112817131923,0.05592260883282688
G329N,666.0,4.0,-9.659445800256401,0.5009768991259649
G329P,625.0,0.0,-18.215239660200425,10.000084989153743
G329Q,427.0,2300.0,0.14565036447100077,0.05363265932274366
G329R,1140.0,10.0,-9.115108703095247,0.3176115569143412
G329S,925.0,3326.0,-0.4373963690541216,0.03849085401337521
G329T,811.0,23.0,-7.423034822686546,0.2116417062153104
G329V,979.0,63.0,-6.241318889343681,0.13035241720160218
G329W,1166.0,12.0,-8.884848208184586,0.29020921450998566
G329Y,617.0,6.0,-8.96543307837931,0.41001205623048287
G329_,1037.0,0.0,-18.945718288660174,10.000053206196098
G330A,937.0,38.0,-6.907261522388859,0.1657585788271538
G330C,502.0,2.0,-10.248024799145625,0.7068268853827926
G330D,863.0,6.0,-9.44951648329379,0.40944828990224413
G330E,602.0,4.0,-9.513689412854625,0.5011361855585217
G330F,920.0,8.0,-9.127351497633262,0.35500803606874937
G330H,990.0,5.0,-9.91013669209033,0.44800748331692036
G330I,574.0,0.0,-18.092436258231682,10.000092096867192
G330K,307.0,1.0,-10.531434552891831,0.9967226538462723
G330L,685.0,14.0,-7.895244196219799,0.27006894682343685
G330M,535.0,3.0,-9.75730656825422,0.5780958860435478
G330N,711.0,6.0,-9.170009057550015,0.40975067658118736
G330P,780.0,2.0,-10.88380131625737,0.706324492393019
G330Q,683.0,1.0,-11.685055606012863,0.9958227418599723
G330R,844.0,7.0,-9.195349845853421,0.3793916028807885
G330S,774.0,6.0,-9.292491412498613,0.4096109617076425
G330T,694.0,3.0,-10.132697161496756,0.5777253940643421
G330V,747.0,4.0,-9.825029517106657,0.5008143814490084
G330W,792.0,2.0,-10.905827342347143,0.7063107418333134
G330Y,356.0,0.0,-17.40327815325382,10.000145435230415
G330_,539.0,4.0,-9.35421399990604,0.5013298591250944
G339A,1265.0,6.0,-10.001216091244276,0.4089983796594488
G339C,772.0,7.0,-9.066709288611007,0.3795372027353735
G339D,5.0,0.0,-11.252314801135467,10.009980050644497
G339E,575.0,1.0,-11.436735950925291,0.9959608054477623
G339F,1238.0,11.0,-9.096712696751103,0.30287635292288134
G339H,446.0,2.0,-10.077384753516169,0.7070037877575812
G339I,914.0,4.0,-10.116111910641425,0.5005701293870568
G339K,905.0,3.0,-10.515674444219444,0.5774345761080228
G339L,864.0,6.0,-9.451187216929908,0.4094466521914396
G339M,683.0,15.0,-7.79155882714397,0.2611248267335659
G339N,538.0,2.0,-10.34794168473642,0.706732591026955
G339P,705.0,4.0,-9.741545682160535,0.5008939948711503
G339Q,934.0,2.0,-11.143746692576743,0.7061748409969197
G339R,886.0,25.0,-7.430394027236883,0.20300856565137212
G339S,734.0,1.0,-11.788948622918301,0.9957716631124486
G339T,912.0,3.0,-10.52679035405787,0.5774272324060737
G339V,602.0,8.0,-8.515489406900837,0.3558157710688467
G339W,980.0,2.0,-11.213105166841487,0.7061392578377103
G339Y,582.0,7.0,-8.659133694974274,0.3800938723364916
G339_,773.0,5.0,-9.553180671907873,0.4483238323201504
G343A,576.0,8.0,-8.451795813320075,0.3559211175767521
G343C,727.0,7.0,-8.980064961985976,0.37964281258788285
G343D,689.0,14.0,-7.9036440688066225,0.270053256007623
G343E,481.0,1.0,-11.179215792081347,0.9961314093311172
G343F,774.0,3.0,-10.290092916450096,0.5775964876025402
G343H,645.0,3.0,-10.027062238457486,0.5778201217326382
G343I,801.0,2.0,-10.922128950006382,0.7063006991171815
G343K,991.0,3.0,-10.64664032604048,0.5773515402873104
G343L,1048.0,6.0,-9.729719784649626,0.4091984315067158
G343M,850.0,3.0,-10.425220524763342,0.577496481605242
G343N,732.0,2.0,-10.792172053634122,0.7063839998644778
G343P,893.0,6.0,-9.49881553763413,0.40940075142573357
G343Q,757.0,10.0,-8.52444648679751,0.31830944426835833
G343R,1027.0,1.0,-12.273527228876489,0.9955764793083688
G343S,480.0,312.0,-2.905120201035479,0.07340389164762208
G343T,1075.0,12.0,-8.767618126842738,0.29033426686075403
G343V,971.0,2.0,-11.199794849706144,0.7061459546154892
G343W,786.0,9.0,-8.730524758942032,0.3352012167120401
G343Y,2185.0,13.0,-9.675523118093341,0.27824706739513705
G343_,758.0,2.0,-10.842525577497709,0.7063508317528884
G348A,836.0,10.0,-8.667654327974377,0.31811330330308085
G348C,765.0,31.0,-6.908321183317822,0.18345203841158952
G348D,655.0,0.0,-18.28287731985015,10.00008132517664
G348E,728.0,4.0,-9.787860228562227,0.5008492607626432
G348F,840.0,4.0,-9.99430846376492,0.5006663924405192
G348H,843.0,7.0,-9.193639498365117,0.3793934551363659
G348I,545.0,29.0,-6.515308508407063,0.19080229749509592
G348K,739.0,2.0,-10.805902582810486,0.7063748405561828
G348L,506.0,0.0,-17.910526283887265,10.00010380253257
G348M,628.0,2.0,-10.571096228095751,0.7065441140090635
G348N,1095.0,8.0,-9.378574095031828,0.3547632938106289
G348P,760.0,1.0,-11.839167305998739,0.9957482603346521
G348Q,512.0,2.0,-10.276480683898406,0.7067993637251814
G348R,1098.0,3.0,-10.794559999199747,0.5772663752867736
G348S,831.0,1.0,-11.968014742580232,0.9956918101261074
G348T,585.0,10.0,-8.15259541459267,0.31891893685866723
G348V,1078.0,24.0,-7.7722393552458815,0.20658355177404394
G348W,683.0,5.0,-9.37460029556945,0.44851390358350823
G348Y,527.0,0.0,-17.969190724709946,10.000099865156287
G348_,1013.0,4.0,-10.264478471797826,0.500463316924829
G34A,420.0,482.0,-2.0850086077275316,0.0674933874153659
G34C,762.0,208.0,-4.156805051502803,0.07886441411263437
G34D,530.0,2829.0,0.13255778325640044,0.0483740973812011
G34E,534.0,366.0,-2.8286317004930694,0.06859012898067979
G34F,708.0,116.0,-4.8931685748987155,0.10065869005297166
G34H,650.0,577.0,-2.4555135991845916,0.05806312069557937
G34I,581.0,4.0,-9.462464955690848,0.5011960846546973
G34K,840.0,215.0,-4.249650750321196,0.07707933824001721
G34L,547.0,87.0,-4.935962091837192,0.11584846951329798
G34M,24.0,16.0,-2.8683101036544194,0.3228158772160313
G34N,1673.0,3326.0,-1.2923015704455092,0.031594327137354834
G34P,609.0,6.0,-8.94660512428938,0.4100380179221744
G34Q,583.0,381.0,-2.897339773976146,0.06663073894036747
G34R,515.0,85.0,-4.882543988252032,0.11749403273969657
G34S,230.0,508.0,-1.1404876973910874,0.08009942661814107
G34T,334.0,46.0,-5.1435199429014835,0.1575694887954705
G34V,584.0,14.0,-7.6651122196348895,0.2705359546937808
G34W,433.0,97.0,-4.441842974905819,0.11277165881734261
G34Y,270.0,127.0,-3.371718756816522,0.10805914226840298
G34_,705.0,5.0,-9.420337315420245,0.4484629682567807
G364A,859.0,2273.0,-0.8797908081334138,0.04127822634451136
G364C,836.0,1673.0,-1.2827940436217449,0.04351665079858089
G364D,609.0,132.0,-4.489466704928289,0.09652465362910828
G364E,783.0,98.0,-5.281677879953171,0.10761031224381219
G364F,885.0,1811.0,-1.2506191572396594,0.04221284993023207
G364H,797.0,56.0,-6.114489500213434,0.1385945884592805
G364I,1072.0,1903.0,-1.4556832288957486,0.03947310894812963
G364K,720.0,2.0,-10.768325640157707,0.7064001155914276
G364L,1340.0,2726.0,-1.2591009204790415,0.03482693637350442
G364M,587.0,789.0,-1.8569895032634278,0.05541457794245331
G364N,1287.0,99.0,-5.983953216377116,0.10477022734230955
G364P,1196.0,5.0,-10.182851141335018,0.4478132732637791
G364Q,1153.0,60.0,-6.547706293323857,0.13278177742424696
G364R,152.0,7.0,-6.722255988173337,0.3864345776749198
G364S,584.0,1514.0,-0.9093382513073891,0.04972537544792276
G364T,783.0,1385.0,-1.4608542528680282,0.04581435629444794
G364V,751.0,1428.0,-1.3565459487465796,0.04616959278898867
G364W,781.0,762.0,-2.3191790979967966,0.05188957477577924
G364Y,491.0,498.0,-2.26322570318964,0.06437721727294181
G364_,817.0,1.0,-11.94350264144684,0.9957021648190462
G369A,996.0,1378.0,-1.8152937826742352,0.04277272519025367
G369C,725.0,2037.0,-0.7932677445488814,0.044384939162077176
G369D,570.0,2.0,-10.431295925805456,0.7066587641112929
G369E,693.0,6.0,-9.13301537710107,0.40979525082643964
G369F,707.0,4.0,-9.745632581795604,0.500889989570901
G369H,1503.0,4.0,-10.833684663913898,0.5001416859941608
G369I,572.0,5.0,-9.118733963018972,0.4488305197797287
G369K,598.0,6.0,-8.920308816335321,0.4100748466053295
G369L,432.0,2.0,-10.031373404031545,0.7070551710728998
G369M,530.0,146.0,-4.143600407570243,0.0939969080379878
G369N,558.0,86.0,-4.98136267410066,0.11626888461022981
G369P,997.0,12.0,-8.658947926696472,0.29045956960580366
G369Q,573.0,6.0,-8.85869952346493,0.4101637931613313
G369R,1268.0,6.0,-10.004633424819485,0.40899609324872555
G369S,677.0,1908.0,-0.7888283241961842,0.045836723506056075
G369T,964.0,49.0,-6.58154806817376,0.14676903188023493
G369V,1029.0,10.0,-8.967319226064804,0.3177604815766972
G369W,905.0,7.0,-9.296023486968524,0.37928634093197955
G369Y,785.0,2.0,-10.893019728478762,0.706318711936216
G369_,1261.0,6.0,-9.996647018167234,0.4090014451098342
G37A,348.0,602.0,-1.492989318352845,0.06807641676646625
G37C,326.0,2.0,-9.625224914537505,0.7075871990641085
G37D,322.0,4.0,-8.611007452872794,0.5025752362774208
G37E,265.0,0.0,-16.977407187460674,10.00019366104523
G37F,556.0,4.0,-9.399012791502766,0.5012732820573361
G37H,486.0,6.0,-8.62112520538733,0.41054444072598306
G37I,175.0,0.0,-16.378797746908603,10.000290684530123
G37K,338.0,10.0,-7.3612000578150125,0.32087132646903915
G37L,306.0,2.0,-9.533887495355112,0.7077288469263612
G37M,482.0,3.0,-9.60680378830714,0.5782736162692393
G37N,196.0,0.0,-16.54228764684237,10.000260076438963
G37P,357.0,8.0,-7.761666440395192,0.35741404974327334
G37Q,328.0,9.0,-7.469716890453952,0.33784063518258106
G37R,453.0,1.0,-11.092691802230558,0.9961959057271953
G37S,223.0,6.0,-7.497247610318474,0.41348914233747364
G37T,359.0,3.0,-9.181764740710033,0.5788878710513855
G37V,555.0,1.0,-11.385662670471717,0.9959922666045571
G37W,337.0,14.0,-6.871910547772742,0.272845513681293
G37Y,470.0,1.0,-11.145840356840814,0.9961558312355915
G37_,432.0,0.0,-17.682425095210473,10.000120728127735
G41A,352.0,3.0,-9.153357124664979,0.5789357113742624
G41C,438.0,4.0,-9.05486576872818,0.5017563426598916
G41D,372.0,6.0,-8.235480609715331,0.41131164189869246
G41E,321.0,0.0,-17.253978627907987,10.000160747890476
G41F,741.0,13.0,-8.115448152740354,0.2798450931461703
G41H,297.0,14.0,-6.689630652857782,0.27357685088262074
G41I,460.0,5.0,-8.804358818058926,0.4493044403144971
G41K,380.0,1.0,-10.83918628845357,0.9964087190985971
G41L,598.0,188.0,-3.9530082185370867,0.08420745070727832
G41M,321.0,4.0,-8.606520201453069,0.5025848607477927
G41N,213.0,0.0,-16.66228154851246,10.000239718685442
G41P,452.0,0.0,-17.74771507780898,10.000115607148377
G41Q,432.0,1.0,-11.02421361245868,0.9962497613705975
G41R,224.0,2.0,-9.08387183318468,0.7085734542962092
G41S,467.0,1.0,-11.136602347169527,0.9961626913159627
G41T,618.0,5.0,-9.23032377681523,0.44868553698035263
G41V,232.0,10.0,-6.8183211177974785,0.32297070276198764
G41W,197.0,1.0,-9.891417765811724,0.9976345574765656
G41Y,1385.0,2.0,-11.712133184005694,0.7059279496918106
G41_,250.0,0.0,-16.893346189024584,10.000204980694347
G58A,140.0,1953.0,1.5184495500884259,0.08805789584787219
G58C,463.0,4848.0,1.1046294087418795,0.04965749354816299
G58D,508.0,1.0,-11.258005800964517,0.9960759463947951
G58E,247.0,2.0,-9.224878145644512,0.7082800807596479
G58F,186.0,0.0,-16.46674057098754,10.000273789799378
G58H,731.0,5.0,-9.472584736247494,0.4484067178836643
G58I,4680.0,1278.0,-4.156260495493026,0.03310524347563789
G58K,298.0,3.0,-8.913101453190436,0.5793801184137155
G58L,392.0,473.0,-2.012667781061748,0.06902819307537114
G58M,101.0,682.0,0.4716467580409782,0.10707978314373633
G58N,83.0,0.0,-15.30271743727137,10.000607309421467
G58P,137.0,3.0,-7.792021906280068,0.5827730834873123
G58Q,670.0,3.0,-10.081923338901532,0.5777700620107925
G58R,1072.0,0.0,-18.993606846086113,10.000051632017545
G58S,844.0,3346.0,-0.29653824835675024,0.03979320802697609
G58T,181.0,1571.0,0.8339030488260919,0.07912588538265869
G58V,576.0,569.0,-2.301287858948646,0.05994443448953034
G58W,814.0,3.0,-10.362787228638965,0.5775415272128922
G58Y,333.0,7.0,-7.853655254300527,0.3817801475677128
G58_,262.0,2.0,-9.309930571718898,0.7081164465877645
G59A,432.0,5.0,-8.713758302015265,0.4494612058155587
G59C,596.0,4.0,-9.499238497811788,0.501152869590383
G59D,169.0,1.0,-9.670257515290302,0.9980559280194807
G59E,682.0,1.0,-11.682941797718508,0.9958238197387577
G59F,344.0,1.0,-10.695599407865053,0.9965468970600923
G59H,468.0,8.0,-8.152241311377452,0.3564834742970541
G59I,547.0,0.0,-18.02292759494728,10.00009639633747
G59K,562.0,4.0,-9.414497761982872,0.501254129430435
G59L,314.0,3.0,-8.988551214817246,0.5792325452475018
G59M,732.0,5.0,-9.474556951617842,0.44840463407148995
G59N,684.0,2.0,-10.694326113300535,0.7064518530224525
G59P,220.0,0.0,-16.708929486796613,10.00023225049503
G59Q,637.0,3.0,-10.00905673130761,0.5778369697305676
G59R,592.0,2.0,-10.485930241807846,0.7066126338840956
G59S,318.0,0.0,-17.240432520054608,10.000162217239293
G59T,660.0,1.0,-11.63563678805918,0.9958483591176178
G59V,139.0,0.0,-16.046549057715318,10.00036467049915
G59W,456.0,2.0,-10.109374158403037,0.7069690149320713
G59Y,481.0,7.0,-8.384156640822518,0.38056816355127243
G59_,488.0,2.0,-10.20721940721901,0.7068673086555057
G66A,738.0,2874.0,-0.32229519631717185,0.04245888586317177
G66C,319.0,4.0,-8.597503609865957,0.5026042901457818
G66D,418.0,2.0,-9.983846152439524,0.7071099921330511
G66E,457.0,5.0,-8.794919328051733,0.4493203202925513
G66F,842.0,22.0,-7.5412543249334565,0.21615120618083133
G66H,352.0,33.0,-5.698289378202147,0.182303303951245
G66I,150.0,1.0,-9.498207581922617,0.9984312936053454
G66K,523.0,13.0,-7.612793671971637,0.28084831499455454
G66L,330.0,5.0,-8.325203336134752,0.4502563997396574
G66M,226.0,1.0,-10.089535512029874,0.9973080811773498
G66N,593.0,3.0,-9.905797144048954,0.5779377490030457
G66P,190.0,12.0,-6.267415299660119,0.2977022732692561
G66Q,373.0,1652.0,-0.13671180141442196,0.058189624363553995
G66R,371.0,24.0,-6.233398772240087,0.21081858035497625
G66S,799.0,207.0,-4.23216110578506,0.07862600840197817
G66T,351.0,1889.0,0.1443982936340289,0.058975549196187756
G66V,289.0,5.0,-8.133813006400432,0.45073351571303133
G66W,410.0,8.0,-7.961361052066534,0.3569071670190481
G66Y,127.0,1.0,-9.258090995297945,0.999035645807596
G66_,390.0,4.0,-8.88741307671596,0.5020362649457343
G74A,330.0,14.0,-6.841628888899144,0.27296082968233587
G74C,293.0,0.0,-17.122310290035596,10.000175631892734
G74D,382.0,3.0,-9.271351115382597,0.5787430017192062
G74E,407.0,1.0,-10.938213145846579,0.996321116853632
G74F,398.0,1.0,-10.90595358367058,0.996348997833857
G74H,332.0,4.0,-8.655128656622471,0.502482170800373
G74I,225.0,0.0,-16.741349507286774,10.000227200559994
G74K,656.0,2.0,-10.63402650328897,0.7064960160645984
G74L,391.0,0.0,-17.538565892121888,10.000132863879658
G74M,438.0,1.0,-11.044112712431305,0.9962338473957454
G74N,526.0,2.0,-10.315398923230017,0.7067625897359647
G74P,128.0,0.0,-15.927616903862528,10.00039557745561
G74Q,357.0,4.0,-8.759866446348981,0.5022722533534121
G74R,492.0,3.0,-9.636428349066465,0.5782371559607011
G74S,322.0,4.0,-8.611007452872794,0.5025752362774208
G74T,462.0,1.0,-11.121072983206684,0.9961743226531257
G74V,307.0,3.0,-8.956026358883923,0.5792952204279166
G74W,327.0,0.0,-17.280695141652878,10.000157890071337
G74Y,414.0,5.0,-8.652359209304544,0.4495731474354153
G74_,630.0,11.0,-8.122136362277436,0.3041605063683881
G88A,239.0,576.0,-1.0146251304536467,0.07758751334584449
G88C,308.0,1420.0,-0.0787960144423554,0.06364498508544776
G88D,321.0,281.0,-2.4756447773653356,0.08230173673929582
G88E,220.0,741.0,-0.5317240952787268,0.07742462976464623
G88F,351.0,1550.0,-0.14095452224062832,0.05994910098379271
G88H,210.0,491.0,-1.0583536269280387,0.08305487530390215
G88I,380.0,216.0,-3.0985872893761446,0.08579476032697887
G88K,276.0,154.0,-3.125344516181369,0.10107402187423693
G88L,331.0,505.0,-1.6742108544670522,0.07142150566878722
G88M,197.0,355.0,-1.4340572056721976,0.08940090845077191
G88N,166.0,430.0,-0.9105479457625512,0.09191885944109256
G88P,352.0,792.0,-1.1137457758388702,0.06483251193450325
G88Q,552.0,768.0,-1.8072173145708854,0.05668724425922518
G88R,638.0,1762.0,-0.818076837579107,0.04727285816065185
G88S,137.0,689.0,0.046595718257409935,0.0940739653741567
G88T,301.0,1056.0,-0.47290783279297965,0.06609784711292642
G88V,214.0,443.0,-1.2339869537555064,0.08384378410459571
G88W,443.0,1264.0,-0.7710513007486517,0.056109128203333046
G88Y,281.0,1269.0,-0.10863794615662936,0.06668151148106889
G88_,362.0,6.0,-8.196168756990723,0.4114018979176225
H123A,555.0,3364.0,0.31594831542971136,0.04689189175063199
H123C,414.0,1519.0,-0.40825416059100217,0.05633418149874008
H123D,439.0,1781.0,-0.26327809875773767,0.054213905033887365
H123E,189.0,790.0,-0.22023965830153003,0.0815864450628282
H123F,251.0,312.0,-1.969800580289256,0.08537415534727308
H123G,310.0,960.0,-0.6529133274100083,0.06608459813289058
H123I,307.0,642.0,-1.2193378870362386,0.07010454283647322
H123K,346.0,1105.0,-0.6084742210794767,0.06240893337654525
H123L,372.0,550.0,-1.719531561659303,0.06786799275652002
H123M,329.0,569.0,-1.4933254349167715,0.0699762498969379
H123N,404.0,1862.0,-0.07925009489173718,0.05578580643064897
H123P,167.0,383.0,-1.0862004370414828,0.09326510169749486
H123Q,454.0,1832.0,-0.27101660925663573,0.053369083774883315
H123R,110.0,268.0,-0.9989958482403773,0.11367102830935544
H123S,230.0,955.0,-0.2298287537940391,0.07412531558929832
H123T,282.0,825.0,-0.7349827225907948,0.06969860805325905
H123V,223.0,419.0,-1.3737717361039063,0.08348950613950255
H123W,463.0,457.0,-2.3024656270521513,0.06669132170606432
H123Y,499.0,827.0,-1.5548119607243933,0.057558309352694334
H123_,428.0,1.0,-11.01079340879862,0.996260618416727
H155A,531.0,458.0,-2.4970079402419323,0.06454748674970874
H155C,420.0,812.0,-1.3325741908233093,0.06092801915175171
H155D,180.0,21.0,-5.38257699486981,0.23076274721723672
H155E,242.0,8.0,-7.200768616846736,0.3592712368460884
H155F,683.0,727.0,-2.1935795007083216,0.05421642004759612
H155G,535.0,24.0,-6.761506556783507,0.2088498327161195
H155I,498.0,883.0,-1.457392943379288,0.056923612945531145
H155K,427.0,11.0,-7.561031490144591,0.3053984328249202
H155L,570.0,192.0,-3.853453788078504,0.08403709397911509
H155M,668.0,95.0,-5.097366434509188,0.1100999879588965
H155N,348.0,522.0,-1.6986993258062162,0.06992116030410538
H155P,198.0,38.0,-4.664770369478609,0.1773666596991935
H155Q,437.0,40.0,-5.732881767108755,0.16547460414166926
H155R,414.0,34.0,-5.88928271179191,0.1786570267920226
H155S,255.0,105.0,-3.5636751093145147,0.11637926501222941
H155T,214.0,35.0,-4.895487251768661,0.1825808379381696
H155V,399.0,663.0,-1.551042281425274,0.06414274414453454
H155W,465.0,426.0,-2.4100224533927266,0.06780612083617088
H155Y,634.0,257.0,-3.586329109246921,0.07461888013565432
H155_,643.0,0.0,-18.256201561805334,10.000082749740852
H178A,1023.0,40595.0,3.026762239395403,0.03319573795451329
H178C,255.0,1512.0,0.28419394585746627,0.06842954063346518
H178D,372.0,3574.0,0.9804823550237858,0.05538694288408535
H178E,403.0,2595.0,0.4032045478445232,0.05446557512854423
H178F,512.0,2052.0,-0.2808541390350996,0.05040069256652684
H178G,607.0,2877.0,-0.038869961316641444,0.045769185007910974
H178I,309.0,2236.0,0.5715532007042121,0.06150757932244741
H178K,252.0,1331.0,0.11732051494503981,0.06942061335017995
H178L,503.0,3433.0,0.4871670651128879,0.048776403236881004
H178M,497.0,3150.0,0.3803616159718768,0.0492880021741994
H178N,368.0,1719.0,-0.05988694503925629,0.058299773101701584
H178P,532.0,4002.0,0.6275514953219536,0.04721603807807446
H178Q,278.0,2257.0,0.7375561200336422,0.0643418438133205
H178R,477.0,2242.0,-0.05094671115926719,0.05140268813422487
H178S,395.0,1908.0,-0.011540357187030281,0.056173869764689285
H178T,303.0,1846.0,0.32332504854877175,0.0627833249138233
H178V,564.0,3769.0,0.45674496764031236,0.04624019646604367
H178W,348.0,1471.0,-0.2040416211457563,0.060440893248099876
H178Y,265.0,896.0,-0.526179974211046,0.07063510021061033
H178_,524.0,0.0,-17.960954731337832,10.000100408317163
H354A,1489.0,2467.0,-1.5552378872478925,0.034303819681664384
H354C,1132.0,6489.0,0.2354636786030615,0.033723983049706814
H354D,852.0,5753.0,0.4717267015014204,0.038043831214006174
H354E,685.0,7969.0,1.2565555453388848,0.0410503922339669
H354F,708.0,1799.0,-0.938286444271073,0.04547622022670765
H354G,342.0,21.0,-6.308538449376647,0.22498908792831515
H354I,712.0,529.0,-2.712250517360932,0.05826331597324306
H354K,971.0,1454.0,-1.7011688749756257,0.042631263035645045
H354L,464.0,148.0,-3.932109253567795,0.09492756246053832
H354M,938.0,7590.0,0.7327785701677589,0.03602297524047441
H354N,592.0,4595.0,0.6727265426672218,0.044795132954611516
H354P,857.0,4.0,-10.0232139995222,0.5006428088259416
H354Q,1018.0,12940.0,1.3843670859872654,0.034050025144036614
H354R,1323.0,1403.0,-2.198946682389165,0.039603300087899446
H354S,1488.0,2751.0,-1.397070845983441,0.0336950627083325
H354T,491.0,5114.0,1.0969826615617828,0.048290532865366456
H354V,1322.0,19338.0,1.5869863374422462,0.03013223285615012
H354W,567.0,2703.0,-0.030527243105735735,0.047258979665314164
H354Y,151.0,886.0,0.26903088488311333,0.08860332577542097
H354_,1410.0,13.0,-9.043588630126786,0.2786987289761807
H379A,503.0,1005.0,-1.285097138101233,0.05552353482673351
H379C,580.0,2182.0,-0.37213997368345186,0.04777255639351124
H379D,933.0,609.0,-2.899074634392928,0.053043613503816436
H379E,936.0,837.0,-2.444927091902616,0.04860976659184204
H379F,762.0,2784.0,-0.4143654503814602,0.04208715654054364
H379G,457.0,691.0,-1.687167152869752,0.06111553717806152
H379I,451.0,1760.0,-0.31929570901228477,0.053714432183938815
H379K,460.0,1466.0,-0.6114901923488709,0.05436731803465607
H379L,616.0,2267.0,-0.4038829291971586,0.04652177794689907
H379M,1027.0,3378.0,-0.565924638202838,0.03700741183082771
H379N,498.0,1004.0,-1.2721209861456924,0.05571188132591897
H379P,610.0,148.0,-4.326786249204497,0.0921706761167898
H379Q,941.0,2476.0,-0.8879128261776597,0.039577511931653396
H379R,522.0,2799.0,0.13911928380537564,0.04871095552830826
H379S,636.0,1210.0,-1.3557503917183773,0.049985574627162944
H379T,804.0,1394.0,-1.4896924478256657,0.04539753838225559
H379V,501.0,2411.0,-0.01692167776259801,0.050105368764805334
H379W,681.0,1991.0,-0.7358954289611148,0.04550253580210383
H379Y,342.0,1207.0,-0.46432079283507033,0.06206609833134456
H379_,259.0,129.0,-3.2891729091491433,0.10822203008863523
H89A,341.0,414.0,-2.003796439331789,0.07380841290387981
H89C,512.0,883.0,-1.4973902191844752,0.0564392838114695
H89D,456.0,49.0,-5.501565418172209,0.15065440400770896
H89E,486.0,600.0,-1.9796474611109325,0.061838706477668565
H89F,303.0,889.0,-0.7308137672960715,0.06726725616561102
H89G,340.0,388.0,-2.093131351091203,0.07495437965271873
H89I,369.0,1511.0,-0.24986661781558972,0.058920103072598394
H89K,249.0,49.0,-4.62870363676977,0.15658773278014998
H89L,305.0,409.0,-1.8603684348639247,0.07631071303954752
H89M,296.0,478.0,-1.5922531228735872,0.07463301272769864
H89N,585.0,486.0,-2.5511232952704095,0.062183271213715995
H89P,215.0,280.0,-1.9025734172163888,0.09122534401235805
H89Q,435.0,533.0,-1.9905339737439487,0.0653815802401192
H89R,307.0,15.0,-6.637937774022937,0.26453599116467674
H89S,86.0,273.0,-0.6172705222030217,0.12405337738772648
H89T,339.0,820.0,-1.0093343345846346,0.06533818726020907
H89V,212.0,6287.0,2.606521829952523,0.07053816458125262
H89W,406.0,368.0,-2.4254182998544884,0.07266448158577817
H89Y,308.0,1222.0,-0.2954410128373697,0.0645351659382881
H89_,233.0,3.0,-8.558132582522981,0.5801873756132203
I100A,275.0,666.0,-1.0075882480399718,0.0723707555863752
I100C,451.0,1385.0,-0.6649829421749329,0.05512783400863181
I100D,538.0,5.0,-9.03032658272014,0.4489535786826089
I100E,394.0,4.0,-8.902134206877175,0.5020103396850231
I100F,402.0,1300.0,-0.5904285810818752,0.05793566311571464
I100G,342.0,28.0,-5.893672627975186,0.19678730187161608
I100H,534.0,3.0,-9.75460746915094,0.5780989133591489
I100K,623.0,3.0,-9.976996031017205,0.5778674936274292
I100L,148.0,64.0,-3.4929734461798416,0.14992890022522928
I100M,548.0,111.0,-4.58716058419038,0.10456001901567302
I100N,249.0,2.0,-9.236512377000597,0.708257126109108
I100P,162.0,0.0,-16.26744325310054,10.000313608801868
I100Q,215.0,2.0,-9.024712456659977,0.7087052985382253
I100R,211.0,0.0,-16.648671758974533,10.00024194346257
I100S,443.0,361.0,-2.578948472421982,0.07160382431972366
I100T,321.0,267.0,-2.549372473935418,0.08342758376343407
I100V,160.0,497.0,-0.6485351991105412,0.09144100419441728
I100W,365.0,389.0,-2.191776755272116,0.0735533471059721
I100Y,213.0,274.0,-1.9203406236343268,0.09189087559099683
I100_,485.0,6.0,-8.618153700061136,0.41054960740162194
I116A,302.0,186.0,-2.982864144560854,0.09373910382476235
I116C,448.0,458.0,-2.251799845007981,0.06719573924882867
I116D,476.0,0.0,-17.82235226942391,10.000110029999638
I116E,350.0,0.0,-17.37875652881678,10.000147842763347
I116F,383.0,75.0,-4.635875220639454,0.12665808137638956
I116G,195.0,1.0,-9.876697011176903,0.9976606476930951
I116H,283.0,2.0,-9.421161727090631,0.7079164482878345
I116K,230.0,0.0,-16.773056973167137,10.000222370175418
I116L,470.0,316.0,-2.8563692474567963,0.07342946972890917
I116M,415.0,111.0,-4.186104464469595,0.10732005334199275
I116N,250.0,6.0,-7.662125008313398,0.41290314479976303
I116P,366.0,3.0,-9.209623776598132,0.578841856906259
I116Q,261.0,4.0,-8.30800704244312,0.5032967765976948
I116R,767.0,0.0,-18.510605774678623,10.000070178746956
I116S,251.0,190.0,-2.685317500985394,0.09667782487371633
I116T,275.0,379.0,-1.820896173535182,0.07984046667349774
I116V,415.0,977.0,-1.048420779017035,0.05943843341479381
I116W,336.0,1.0,-10.661653074455423,0.9965816211933284
I116Y,327.0,7.0,-7.827424507642255,0.38185229959996264
I116_,273.0,0.0,-17.02031418363918,10.000188132499787
I12A,269.0,8.0,-7.353361758651958,0.358693594721699
I12C,369.0,46.0,-5.287288559568952,0.15666580712268954
I12D,234.0,0.0,-16.797930569615268,10.000218654487037
I12E,257.0,4.0,-8.28572645535564,0.5033560108788777
I12F,305.0,836.0,-0.8289843519964579,0.06763545570503805
I12G,714.0,2.0,-10.756252976236556,0.7064083764489375
I12H,189.0,237.0,-1.957162642390431,0.0980294471682632
I12K,332.0,5.0,-8.333920289882183,0.45023612890566395
I12L,939.0,44.0,-6.698885253056842,0.1545537961172483
I12M,603.0,1202.0,-1.288452941817014,0.05089305476000054
I12N,470.0,896.0,-1.3528246263429784,0.05782291220820879
I12P,772.0,1002.0,-1.9074425415694423,0.04891962733307953
I12Q,463.0,210.0,-3.4242333347897924,0.08379304553022633
I12R,534.0,0.0,-17.988227145910642,10.00009862151398
I12S,796.0,12.0,-8.334126506748714,0.290895218650086
I12T,726.0,32.0,-6.787042845860817,0.1808796418046897
I12V,301.0,42.0,-5.124654733259811,0.16500248752104815
I12W,632.0,3.0,-9.99768809640497,0.5778477160673241
I12Y,209.0,75.0,-3.7620651298288044,0.13496603929820714
I12_,700.0,3.0,-10.145116242569554,0.577714705143954
I135A,378.0,3.0,-9.25616511120699,0.5787669325206629
I135C,595.0,12.0,-7.914253866976381,0.29162374154287773
I135D,318.0,0.0,-17.240432520054608,10.000162217239293
I135E,490.0,5.0,-8.895504785977852,0.44915630795844885
I135F,402.0,11.0,-7.473993022819526,0.3056367738881785
I135G,292.0,2.0,-9.46632647193449,0.7078395255734308
I135H,313.0,4.0,-8.570110709949716,0.5026640633764908
I135K,227.0,0.0,-16.75411623845367,10.000225242872498
I135L,515.0,46.0,-5.768229091906288,0.15419445947025012
I135M,436.0,184.0,-3.5282250604078937,0.08847501642604656
I135N,366.0,6.0,-8.21202227264665,0.41136520607235894
I135P,405.0,3.0,-9.355698240387273,0.5786145559494026
I135Q,337.0,10.0,-7.356925529367566,0.32088500556829375
I135R,387.0,2.0,-9.87267954114046,0.7072454780830683
I135S,286.0,5.0,-8.118759184298849,0.4507737742440304
I135T,181.0,452.0,-0.9633627196360397,0.08852521102419433
I135V,246.0,627.0,-0.9338765161185751,0.07589177955729583
I135W,518.0,2460.0,-0.036035681784929,0.04936378199692242
I135Y,299.0,21.0,-6.114693675103459,0.22592159774142925
I135_,486.0,0.0,-17.852346386098514,10.000107868754691
I136A,179.0,26.0,-5.066549886273325,0.21007819316437143
I136C,415.0,242.0,-3.0617274459511794,0.08149513512038815
I136D,461.0,1.0,-11.117946949956384,0.9961766791801562
I136E,244.0,12.0,-6.628280225206593,0.2957396748927986
I136F,196.0,227.0,-2.071819416328961,0.0980137169261981
I136G,764.0,9997.0,1.4261852299348048,0.03884236344669226
I136H,355.0,744.0,-1.2161856590167641,0.06527408302710777
I136K,248.0,0.0,-16.881758680116178,10.00020659343484
I136L,312.0,44.0,-5.1093369996673434,0.16132870169078795
I136M,390.0,2347.0,0.30559296008895487,0.055587109506373335
I136N,302.0,204.0,-2.8496044572500585,0.09117392740779966
I136P,255.0,46.0,-4.754182468637401,0.16048562648439252
I136Q,210.0,2410.0,1.2368611936568028,0.07263903875015089
I136R,428.0,0.0,-17.66900489155041,10.000121809753473
I136S,412.0,448.0,-2.1627964268559428,0.06898575567786534
I136T,410.0,286.0,-2.8032415149214476,0.07768630539747375
I136V,508.0,1091.0,-1.180912484076008,0.054633899441090386
I136W,432.0,12.0,-7.4524046595048405,0.29270894048705876
I136Y,209.0,72.0,-3.8209508050007015,0.13700816076317712
I136_,509.0,4.0,-9.271595960771304,0.5014389020071391
I141A,198.0,90.0,-3.4210641026920543,0.12751447982620145
I141C,367.0,305.0,-2.5506108375879135,0.07812245723843311
I141D,407.0,0.0,-17.596424628598374,10.000127837082259
I141E,329.0,5.0,-8.320825028501702,0.4502666272276713
I141F,545.0,23.0,-6.8495978203809695,0.21305870108870564
I141G,313.0,4.0,-8.570110709949716,0.5026640633764908
I141H,190.0,0.0,-16.49743573536575,10.000268131245212
I141K,364.0,4.0,-8.787880045393486,0.5022186294597647
I141L,270.0,1.0,-10.346161744174205,0.9969465343403158
I141M,454.0,124.0,-4.155915620235011,0.10181491232320382
I141N,439.0,0.0,-17.70561419008883,10.000118882710261
I141P,485.0,3.0,-9.615755204012618,0.5782625205539068
I141Q,358.0,1.0,-10.753148790408785,0.9964898613960546
I141R,302.0,4.0,-8.518498281153214,0.502779795873459
I141S,231.0,4.0,-8.13185726565511,0.503790821110733
I141T,461.0,13.0,-7.430753185990382,0.28130573589688024
I141V,309.0,739.0,-1.0257076479746319,0.06847714060203135
I141W,422.0,4.0,-9.001179146648472,0.5018425914523347
I141Y,380.0,0.0,-17.497397771205364,10.000136565347232
I141_,541.0,6.0,-8.7757944677753,0.4102896070440538
I146A,180.0,1243.0,0.5040409357947135,0.08037139780655185
I146C,298.0,1636.0,0.1731009111687296,0.06377030029244334
I146D,362.0,4.0,-8.779931511246986,0.5022337395398504
I146E,370.0,18.0,-6.6443421835559775,0.241510153102394
I146F,211.0,153.0,-2.7473334357949977,0.10665105879571658
I146G,520.0,1048.0,-1.2726067971915231,0.05456230573908291
I146H,136.0,1.0,-9.356861632831414,0.9987748626979837
I146K,313.0,1.0,-10.559357653652842,0.9966913323129
I146L,174.0,985.0,0.21732014600494676,0.08283616467676833
I146M,201.0,1213.0,0.30960425547624393,0.07680552246675867
I146N,190.0,0.0,-16.49743573536575,10.000268131245212
I146P,163.0,717.0,-0.1466152385233288,0.08734465956895412
I146Q,141.0,92.0,-2.899582913294674,0.13438711022023522
I146R,388.0,0.0,-17.527454222284838,10.000133852557234
I146S,267.0,1269.0,-0.03491024958654698,0.06806621655197513
I146T,245.0,844.0,-0.49922854910393166,0.07325368281037677
I146V,193.0,143.0,-2.7162075732941346,0.11078543498097052
I146W,417.0,1073.0,-0.920138371845864,0.05856447463674911
I146Y,296.0,6.0,-7.90578512150679,0.41214976795694525
I146_,270.0,4.0,-8.35691480047108,0.5031698928152077
I15A,299.0,110.0,-3.7262070703436825,0.11195654679774746
I15C,622.0,7.0,-8.75502752810255,0.379948495780756
I15D,562.0,77.0,-5.151126107141217,0.12191993376202077
I15E,411.0,97.0,-4.36661612729544,0.11331841144304593
I15F,289.0,5.0,-8.133813006400432,0.45073351571303133
I15G,70.0,19.0,-4.1644504825829785,0.25881920783928253
I15H,557.0,1405.0,-0.9488427428516362,0.05105736488439936
I15K,177.0,22.0,-5.291247823798422,0.22623684032749658
I15L,408.0,1369.0,-0.5371914401186526,0.057281681822565475
I15M,538.0,929.0,-1.4955868702932102,0.05509021770440188
I15N,357.0,1741.0,0.002240091186528126,0.058951141845257536
I15P,765.0,7.0,-9.053568359919822,0.3795528167549885
I15Q,198.0,955.0,-0.013705459967477296,0.07872214008351879
I15R,574.0,4.0,-9.444977831776763,0.5012170232834723
I15S,366.0,212.0,-3.07139875897198,0.08688348708980168
I15T,468.0,497.0,-2.1969124846719463,0.06518093532085631
I15V,848.0,644.0,-2.6806461952787686,0.05321483058601438
I15W,328.0,0.0,-17.285100186267492,10.000157423932766
I15Y,145.0,3.0,-7.873893103749188,0.5824275110703018
I15_,221.0,0.0,-16.715472035948125,10.000231222228749
I167A,503.0,5224.0,1.0928506639405282,0.047741719431404706
I167C,565.0,2438.0,-0.1742922712992394,0.047747949345115864
I167D,332.0,2780.0,0.7821434638493754,0.05891930333138385
I167E,386.0,916.0,-1.0369228822865706,0.06149889021209291
I167F,329.0,3337.0,1.058704662583116,0.058642191776652336
I167G,168.0,1565.0,0.9359048574210505,0.08179740897832659
I167H,340.0,1841.0,0.15320037214253013,0.059867236179500814
I167K,454.0,192.0,-3.525190633173861,0.08666298306779473
I167L,731.0,6131.0,0.7845137027542521,0.04038429773129939
I167M,454.0,4067.0,0.8795245504727465,0.05048060453934253
I167N,393.0,2130.0,0.15457426878414804,0.05580109119885631
I167P,505.0,6416.0,1.3836445215274966,0.04728461496663639
I167Q,444.0,2675.0,0.3072322023622709,0.052209652391108155
I167R,563.0,0.0,-18.06452093470158,10.00009379872427
I167S,157.0,1113.0,0.5418901941939112,0.08583298610203166
I167T,298.0,1475.0,0.023644079911324667,0.06429128632384228
I167V,181.0,717.0,-0.29772416989869743,0.08377979016319223
I167W,631.0,3720.0,0.27592371783120706,0.0441972093925852
I167Y,372.0,1817.0,0.004505043544189569,0.05777776720741213
I167_,734.0,1.0,-11.788948622918301,0.9957716631124486
I171A,220.0,1309.0,0.289187106233741,0.07354590366065979
I171C,60.0,403.0,0.46389279428115326,0.1387264691979416
I171D,417.0,37.0,-5.777742947447981,0.1718067644902709
I171E,500.0,267.0,-3.1887111820167844,0.0764522987334021
I171F,433.0,1701.0,-0.3097286337836369,0.05474593505642302
I171G,703.0,2726.0,-0.3284742696975762,0.043463861795684844
I171H,449.0,646.0,-1.7588390863546302,0.06224870634638109
I171K,539.0,1767.0,-0.5707217473998787,0.05020952898164556
I171L,573.0,2955.0,0.08288278287196427,0.046726806751799535
I171M,355.0,1653.0,-0.06448412405324877,0.05934302803832803
I171N,584.0,1640.0,-0.7940083738913764,0.04921247528919325
I171P,445.0,266.0,-3.026005282405632,0.07814226501761316
I171Q,371.0,780.0,-1.2116134609744638,0.06385292383482268
I171R,725.0,185.0,-4.254045650022817,0.08297120256357357
I171S,317.0,1877.0,0.28218807273894786,0.06153903421485416
I171T,415.0,2211.0,0.12983953738916476,0.05442130445344189
I171V,685.0,4154.0,0.3166597269906726,0.04243088316316602
I171W,429.0,1064.0,-0.9732194797015046,0.05805690902143967
I171Y,204.0,277.0,-1.842349820561064,0.09279824556873213
I171_,530.0,0.0,-17.9773799675699,10.000099328144259
I177A,1038.0,5525.0,0.12850872534918967,0.035273118671160085
I177C,380.0,1154.0,-0.6811015711491955,0.05998224080667324
I177D,421.0,2896.0,0.49849216986594147,0.05310705288154547
I177E,321.0,2007.0,0.360709651527543,0.06093633784898089
I177F,166.0,94.0,-3.1040320242990305,0.12946318266805298
I177G,333.0,1434.0,-0.17723032923472548,0.06164473967697419
I177H,250.0,1084.0,-0.16732764896253283,0.0708671758922374
I177K,366.0,2537.0,0.5095262270878367,0.056799176666157254
I177L,196.0,1557.0,0.7061310378457382,0.07644509828570346
I177M,140.0,621.0,-0.13456138101320292,0.09408742158501522
I177N,314.0,2365.0,0.6293158666020853,0.0608872650538647
I177P,1086.0,8509.0,0.6863058925538144,0.03373633377873493
I177Q,287.0,1490.0,0.09250109597397582,0.06523152220938323
I177R,647.0,1677.0,-0.909616631612268,0.047346451076734575
I177S,913.0,6747.0,0.6018977252376261,0.036651165798881044
I177T,260.0,543.0,-1.2212363516433031,0.07607501910327023
I177V,214.0,434.0,-1.2635979345397068,0.08412246501435872
I177W,152.0,0.0,-16.17552662218396,10.000333910948624
I177Y,184.0,29.0,-4.948809978782624,0.20001293774852505
I177_,531.0,10.0,-8.01287315882545,0.319191352489143
I199A,507.0,1582.0,-0.6419753963048187,0.052002604156067986
I199C,365.0,1543.0,-0.20390849058183758,0.05905548921058923
I199D,434.0,3341.0,0.6608361036588839,0.05199250869881029
I199E,610.0,1428.0,-1.0565467240348534,0.04939036843353023
I199F,564.0,1798.0,-0.611039610431579,0.04928493217371786
I199G,640.0,1907.0,-0.7085019512088238,0.04676187103966373
I199H,434.0,1694.0,-0.3190058060162819,0.054719517182666585
I199K,216.0,464.0,-1.1805902126366927,0.08297202642796722
I199L,360.0,1567.0,-0.16174250739952267,0.05929312386541831
I199M,586.0,1429.0,-0.9976291846247198,0.05006052921009134
I199N,220.0,899.0,-0.25287994382093615,0.07587752315499707
I199P,310.0,1362.0,-0.14829737056581038,0.06371598931378464
I199Q,806.0,2451.0,-0.6791412807958754,0.041814953845010085
I199R,527.0,1584.0,-0.6959688069611243,0.0512700911308995
I199S,1039.0,4088.0,-0.307458822165954,0.036150910622716
I199T,783.0,3128.0,-0.285505520841264,0.04119017926321301
I199V,259.0,1192.0,-0.08133137350502562,0.06927907207403378
I199W,381.0,1395.0,-0.4112733123688175,0.05866225077414196
I199Y,315.0,1173.0,-0.3869022282765986,0.06424037628788452
I199_,349.0,14.0,-6.922387520868384,0.27265848739634413
I19A,145.0,12.0,-5.877492344803256,0.3004327524444666
I19C,236.0,8.0,-7.164549944518802,0.35941740297787617
I19D,244.0,1.0,-10.200089178160432,0.9971444321138309
I19E,349.0,4.0,-8.727170334844281,0.5023361642517976
I19F,276.0,0.0,-17.03608092510568,10.00018614191922
I19G,571.0,31.0,-6.486358588356764,0.18465849765653092
I19H,666.0,314.0,-3.3683813430746348,0.06918024869432905
I19K,216.0,7.0,-7.229187855758859,0.3839043937704163
I19L,380.0,926.0,-0.9986576183944749,0.061735140233258996
I19M,1121.0,462.0,-3.5624511721596974,0.05618117046571035
I19N,608.0,56.0,-5.723986726552936,0.139994572535924
I19P,466.0,1.0,-11.133509818406345,0.9961649976266574
I19Q,536.0,83.0,-4.974550874542825,0.11837311387811113
I19R,372.0,6.0,-8.235480609715331,0.41131164189869246
I19S,422.0,5.0,-8.679970779908185,0.4495222201352201
I19T,186.0,1570.0,0.7936736516772953,0.07818445860036763
I19V,140.0,1075.0,0.6571002939825519,0.09040125429281101
I19W,250.0,0.0,-16.893346189024584,10.000204980694347
I19Y,266.0,4.0,-8.335382442397467,0.5032252295661237
I19_,391.0,0.0,-17.538565892121888,10.000132863879658
I205A,902.0,1427.0,-1.6218678960821546,0.04369458769719979
I205C,656.0,1375.0,-1.2159956091043735,0.04849175540500696
I205D,237.0,1.0,-10.158096835785717,0.9972051228582105
I205E,655.0,10.0,-8.315651061014156,0.3186324058325615
I205F,259.0,290.0,-2.1205531598006493,0.08607454705637181
I205G,446.0,31.0,-6.129918634082475,0.18598274150340763
I205H,453.0,7.0,-8.297632650971732,0.3807369499279223
I205K,629.0,134.0,-4.514390300715695,0.09566475544116117
I205L,439.0,1175.0,-0.8633006806583232,0.05682187013003761
I205M,494.0,1206.0,-0.9960182890864706,0.05434378473882022
I205N,685.0,10.0,-8.380259177814622,0.31852746898952944
I205P,674.0,2.0,-10.673078692530058,0.7064672046323515
I205Q,554.0,190.0,-3.827484677530385,0.08466237870870678
I205R,496.0,464.0,-2.3798613172694303,0.06535311966563728
I205S,689.0,116.0,-4.853923759433478,0.1008519717164988
I205T,383.0,1037.0,-0.8466721667061119,0.06062198149709743
I205V,283.0,1453.0,0.07647168818189076,0.06573801377152869
I205W,370.0,349.0,-2.367943896103312,0.07528408178609605
I205Y,778.0,700.0,-2.4360611748310643,0.05304429697005272
I205_,472.0,0.0,-17.810177812325943,10.000110920138827
I209A,339.0,641.0,-1.3646289744386673,0.06789417836733541
I209C,560.0,1217.0,-1.1638314798819822,0.052030608600457114
I209D,213.0,0.0,-16.66228154851246,10.000239718685442
I209E,652.0,0.0,-18.27625447900093,10.000081676401729
I209F,835.0,963.0,-2.0778907039605468,0.0483302923817885
I209G,576.0,441.0,-2.6689304965941805,0.06405793586142454
I209H,233.0,2.0,-9.140700568103755,0.7084517732426385
I209K,562.0,3.0,-9.828336511678089,0.578018215360757
I209L,279.0,329.0,-2.0458334043605255,0.08199596404745324
I209M,558.0,997.0,-1.4463310096004944,0.053804251167355065
I209N,376.0,8.0,-7.836472986022648,0.35721599166732504
I209P,486.0,0.0,-17.852346386098514,10.000107868754691
I209Q,1125.0,18.0,-8.248643841812033,0.23772548323772205
I209R,656.0,10.0,-8.317851935631905,0.3186287538881322
I209S,854.0,647.0,-2.684112960803011,0.053069139238020695
I209T,495.0,1966.0,-0.29390692342025204,0.051270084047582314
I209V,409.0,2849.0,0.5166046560114435,0.053812108427994346
I209W,444.0,37.0,-5.868253136530513,0.17138185966842373
I209Y,356.0,0.0,-17.40327815325382,10.000145435230415
I209_,295.0,2.0,-9.481072554873023,0.7078149258891124
I23A,368.0,15.0,-6.899397095288251,0.2635135389195682
I23C,308.0,11.0,-7.089738824833214,0.3068761722225192
I23D,489.0,2.0,-10.210172664152699,0.7068643445984691
I23E,202.0,0.0,-16.58578709924558,10.000252500106447
I23F,524.0,20.0,-6.994449279432092,0.2279982213062801
I23G,519.0,0.0,-17.947122723397378,10.000101327538989
I23H,527.0,7.0,-8.515920090699325,0.3803296799522428
I23K,395.0,0.0,-17.553249564242215,10.000131569003308
I23L,714.0,16197.0,2.2199914152468185,0.039523363932283166
I23M,346.0,1293.0,-0.3818002138615366,0.06134570077025284
I23N,373.0,8.0,-7.824916263194279,0.3572459296337839
I23P,523.0,5.0,-8.989532125494224,0.44901294372367784
I23Q,505.0,96.0,-4.678703379887194,0.11178352479940187
I23R,758.0,1.0,-11.835365785924843,0.9957500035691901
I23S,368.0,0.0,-17.45110535690894,10.000140855676074
I23T,191.0,23.0,-5.336963289321163,0.22089479256914613
I23V,881.0,3423.0,-0.325612800707749,0.039077069191445275
I23W,260.0,1.0,-10.291716015195394,0.9970179696080923
I23Y,362.0,99.0,-4.154031408435208,0.11385148408651138
I23_,260.0,5.0,-7.981260704751979,0.45116141260489717
I240A,979.0,20.0,-7.896178531752803,0.22604483718392132
I240C,1053.0,1508.0,-1.7655211495283418,0.04138357248266485
I240D,574.0,3.0,-9.85881658147198,0.5779860374151923
I240E,447.0,25.0,-6.443378151413164,0.20572046255463478
I240F,488.0,0.0,-17.85827109839794,10.000107447134504
I240G,489.0,2.0,-10.210172664152699,0.7068643445984691
I240H,464.0,4.0,-9.13805785861813,0.5016288473246008
I240K,541.0,2.0,-10.355963957307557,0.7067252990927795
I240L,2406.0,2240.0,-2.386785473809165,0.031014002422663174
I240M,1382.0,298.0,-4.496983415238239,0.06464512168372162
I240N,1605.0,983.0,-2.990952295960083,0.041715088689576865
I240P,679.0,5.0,-9.366126415957694,0.4485235185150777
I240Q,760.0,6.0,-9.266157608039347,0.4096400116444034
I240R,685.0,14.0,-7.895244196219799,0.27006894682343685
I240S,756.0,6.0,-9.258544524366398,0.4096485088529024
I240T,502.0,275.0,-3.151880031453782,0.07568381266004669
I240V,516.0,130.0,-4.272424436996864,0.09863812071638835
I240W,722.0,4.0,-9.775920779934632,0.5008606561402144
I240Y,747.0,21.0,-7.435627496888532,0.22143818265506574
I240_,751.0,4.0,-9.832734078966558,0.500807263020052
I242A,737.0,5321.0,0.5682960073630143,0.04055346885364974
I242C,778.0,11348.0,1.5828588101494359,0.03838316815403103
I242D,465.0,59.0,-5.2618783860768925,0.1385517505351756
I242E,262.0,527.0,-1.2754395461281405,0.07624933651074448
I242F,556.0,3710.0,0.4545923319858418,0.04656056006420345
I242G,556.0,2821.0,0.0593810365198868,0.04746396180164551
I242H,503.0,409.0,-2.582098973042724,0.06732589354439054
I242K,725.0,2238.0,-0.6575043246267356,0.043885450274086364
I242L,726.0,5310.0,0.5870052449970982,0.040810917118677785
I242M,458.0,5865.0,1.3950345571668188,0.04953460439580566
I242N,583.0,301.0,-3.2373572209527763,0.07167427089806523
I242P,648.0,20.0,-7.300871012334441,0.22719598247614353
I242Q,577.0,1543.0,-0.8645688232734434,0.04980935709838756
I242R,580.0,563.0,-2.3265652348065986,0.0600007624005639
I242S,664.0,836.0,-1.9513327773631461,0.052933687326119055
I242T,818.0,1313.0,-1.600960489005455,0.04564979367839822
I242V,842.0,2353.0,-0.8010498285383796,0.04138161207412167
I242W,711.0,3354.0,-0.04570277351220042,0.04247842333717042
I242Y,821.0,12087.0,1.5962657924383445,0.03742407387470999
I242_,441.0,1.0,-11.053960274323071,0.996226052699386
I244A,544.0,8.0,-8.369335126442294,0.35606454817900157
I244C,567.0,1646.0,-0.7461209917656557,0.04970898255462078
I244D,515.0,1.0,-11.27774935025774,0.996062515943806
I244E,363.0,0.0,-17.43136967882835,10.000142727028747
I244F,577.0,8.0,-8.454298277115353,0.3559168908374355
I244G,719.0,3.0,-10.18375254655464,0.5776820325745476
I244H,701.0,8.0,-8.735136979698506,0.35548596897784424
I244K,564.0,1.0,-11.408869646834523,0.9959778330904211
I244L,821.0,790.0,-2.339176887111812,0.05082946606468235
I244M,1211.0,2394.0,-1.3004296076132582,0.03665081321818987
I244N,791.0,3.0,-10.321436644188145,0.5775724509008746
I244P,507.0,1.0,-11.255163107209398,0.9960778952893411
I244Q,832.0,3.0,-10.394341579076794,0.5775185175817066
I244R,332.0,3.0,-9.06896740631769,0.5790834887907153
I244S,680.0,19.0,-7.444373533151677,0.23275367922973206
I244T,604.0,21.0,-7.129072375848777,0.22215265089790945
I244V,899.0,15024.0,1.7791409467725166,0.035759064626375715
I244W,949.0,6.0,-9.586562496210787,0.40932004184418236
I244Y,721.0,5.0,-9.452712863261794,0.44842787337143064
I244_,555.0,1.0,-11.385662670471717,0.9959922666045571
I249A,449.0,1469.0,-0.5736232721605354,0.05484221319404979
I249C,262.0,1347.0,0.07841877273033493,0.06825576241712611
I249D,210.0,2.0,-8.990766722330374,0.7087834166541155
I249E,938.0,8.0,-9.155305258283812,0.35497865806518725
I249F,762.0,5908.0,0.6711424243823192,0.03976677463266966
I249G,246.0,72.0,-4.05609579638746,0.13435643435874792
I249H,533.0,27.0,-6.586245063160453,0.19748234857947397
I249K,772.0,8.0,-8.87432149021292,0.35530139455830434
I249L,512.0,2850.0,0.1930750807158388,0.049028346017529846
I249M,356.0,1890.0,0.1247561889162414,0.05863295565914858
I249N,488.0,3.0,-9.624651421638237,0.5782515610495099
I249P,701.0,4.0,-9.733336985652297,0.5009020739375551
I249Q,383.0,2.0,-9.857690756247099,0.7072645555917053
I249R,447.0,4.0,-9.084209067139213,0.5017105349897919
I249S,735.0,1022.0,-1.8080744787760272,0.04938426482127934
I249T,1105.0,4880.0,-0.14082332943417963,0.034780780558758086
I249V,604.0,2207.0,-0.414199181576806,0.046994886251506746
I249W,247.0,235.0,-2.3554953105115413,0.09166991365316446
I249Y,431.0,36.0,-5.864899845428294,0.17375273106410652
I249_,247.0,0.0,-16.87592983682344,10.000207409598561
I256A,604.0,312.0,-3.2366281744001926,0.07043041321761705
I256C,853.0,979.0,-2.0848870664050776,0.04789128441401321
I256D,555.0,12.0,-7.813853717517879,0.29183134161047036
I256E,1080.0,18.0,-8.189750687085112,0.23780336781782763
I256F,904.0,335.0,-3.7157825790571324,0.0647378086913486
I256G,589.0,198.0,-3.8563668439107337,0.08275161587383628
I256H,758.0,3.0,-10.259957591916935,0.5776200942906283
I256K,539.0,3.0,-9.768052749601257,0.5780838889539807
I256L,388.0,1193.0,-0.6632076118643884,0.05928983894709569
I256M,576.0,98.0,-4.838741005569565,0.10972209155175089
I256N,399.0,1.0,-10.909573808502888,0.996345837874908
I256P,491.0,5.0,-8.898446001326317,0.44915168117197085
I256Q,538.0,2.0,-10.34794168473642,0.706732591026955
I256R,483.0,2.0,-10.19236175452517,0.7068823128490982
I256S,554.0,27.0,-6.641994480446908,0.1973022102313323
I256T,531.0,194.0,-3.7362560218924106,0.08448309351373919
I256V,477.0,3458.0,0.5742026168788898,0.049853702673122516
I256W,488.0,43.0,-5.787814682453292,0.15937177013841913
I256Y,680.0,7.0,-8.883645715789608,0.3797680013649101
I256_,721.0,8.0,-8.775721224048294,0.3554303086146346
I272A,576.0,20.0,-7.130948793823043,0.22762009876584519
I272C,575.0,189.0,-3.888772488629664,0.08443720415558582
I272D,630.0,6.0,-8.995513935130619,0.4099712713978536
I272E,639.0,12.0,-8.017178460166868,0.29142526202346
I272F,762.0,752.0,-2.3027060919905775,0.052363194941818944
I272G,1033.0,7.0,-9.48687206857192,0.379105807250721
I272H,3999.0,11.0,-10.788332617595747,0.3019542997411262
I272K,897.0,6.0,-9.505263275390165,0.40939465281395615
I272L,888.0,769.0,-2.491221572261087,0.05026233728531109
I272M,483.0,3884.0,0.7237739439418869,0.04927100845738467
I272N,288.0,0.0,-17.097479291865447,10.000178594283241
I272P,750.0,2.0,-10.82721852772494,0.7063607925588321
I272Q,956.0,3.0,-10.594766419809414,0.5773835325690349
I272R,649.0,2.0,-10.618549403871501,0.7065076517749735
I272S,393.0,0.0,-17.54592640930403,10.000132213146737
I272T,650.0,99.0,-4.998463771501693,0.10834317545558755
I272V,795.0,1070.0,-1.8550686407485508,0.04787726408025431
I272W,748.0,45.0,-6.338388095455002,0.153798509317738
I272Y,625.0,6.0,-8.98401847948924,0.40998675756607544
I272_,756.0,1.0,-11.831554222325789,0.995751756023993
I277A,888.0,4625.0,0.09716064886362918,0.03797558545953753
I277C,407.0,2502.0,0.33630340149787674,0.05437312429718508
I277D,1097.0,54.0,-6.627854326382828,0.13973716189474042
I277E,805.0,11.0,-8.475768338718808,0.30359274997168334
I277F,700.0,4571.0,0.4234175302373453,0.04179876731955377
I277G,656.0,2664.0,-0.26183822211015073,0.044716404937315414
I277H,379.0,50.0,-5.205595411508539,0.15077887620192368
I277K,573.0,1320.0,-1.079731370689088,0.051015254163529485
I277L,868.0,2836.0,-0.5755689568920475,0.040056016068667585
I277M,440.0,923.0,-1.2148380415560647,0.05878693221547467
I277N,867.0,4827.0,0.1933612690968176,0.03821482324886757
I277P,736.0,4.0,-9.80362732901871,0.5008343555438073
I277Q,554.0,381.0,-2.8237311621731784,0.06730111809177597
I277R,913.0,57.0,-6.284991763177758,0.13687905782820003
I277S,600.0,2170.0,-0.4290047674723514,0.04719409027001673
I277T,352.0,1841.0,0.10316113615362976,0.05902393061621058
I277V,946.0,4289.0,-0.10293066733395095,0.03728325648059754
I277W,549.0,540.0,-2.3074943119260363,0.06142551508554083
I277Y,566.0,342.0,-3.0104370415239448,0.06921315084197316
I277_,747.0,9.0,-8.657104647748039,0.3353002794594926
I281A,589.0,1591.0,-0.850069137383108,0.0492555733300197
I281C,472.0,1127.0,-1.0280370212375578,0.055728974986049416
I281D,367.0,2.0,-9.79612806933529,0.7073450184356895
I281E,374.0,14.0,-7.022195991389822,0.27230704845194637
I281F,543.0,1578.0,-0.7445923319308063,0.050745562902392696
I281G,745.0,1324.0,-1.454065684939632,0.046876018008736864
I281H,827.0,884.0,-2.1874900925491905,0.04939838096699992
I281K,788.0,178.0,-4.429903656620185,0.08358526936844839
I281L,718.0,1832.0,-0.9322964718207016,0.04514867339317337
I281M,703.0,1586.0,-1.1098632567315212,0.04639810145566542
I281N,85.0,53.0,-2.965016027424988,0.17529262127607131
I281P,971.0,77.0,-5.940016459588499,0.11880655701533815
I281Q,662.0,426.0,-2.919613721650202,0.06291049066491489
I281R,772.0,12.0,-8.289959486915995,0.29096233883010664
I281S,1023.0,878.0,-2.504158979159309,0.047077198736605895
I281T,546.0,1026.0,-1.37360249471054,0.05390671160086924
I281V,634.0,3018.0,-0.032627922522072694,0.04481542423950315
I281W,818.0,329.0,-3.5976350536509716,0.06604328985286327
I281Y,633.0,134.0,-4.523535638329742,0.09561223490622912
I281_,378.0,3.0,-9.25616511120699,0.5787669325206629
I288A,510.0,2029.0,-0.2914694725459377,0.05053130671940678
I288C,588.0,2271.0,-0.3342265448188151,0.047337088656465964
I288D,444.0,27.0,-6.322674632321767,0.19843221038720937
I288E,836.0,2741.0,-0.5705325208300489,0.04075294911017403
I288F,764.0,1649.0,-1.1737112869757547,0.04489012976055214
I288G,683.0,928.0,-1.8414143576633553,0.051395504663581566
I288H,339.0,352.0,-2.229359424115068,0.0767490050541634
I288K,435.0,1021.0,-1.0527714826739043,0.058120873729643564
I288L,598.0,3871.0,0.41082051194684555,0.04505950787657281
I288M,667.0,3040.0,-0.09535223454300112,0.0439088838573373
I288N,474.0,1183.0,-0.9641751396091038,0.05527004092243249
I288P,702.0,21.0,-7.345991522411535,0.22163185625100834
I288Q,563.0,1498.0,-0.8718332056922353,0.05043347667621952
I288R,393.0,1183.0,-0.6938236660167103,0.05907268241122299
I288S,560.0,1522.0,-0.8411946646517974,0.05042344893661688
I288T,664.0,1436.0,-1.1708590860476136,0.04798115561267187
I288V,520.0,1614.0,-0.6496097629562758,0.051404578462259404
I288W,491.0,2032.0,-0.23456481811493557,0.051269463219329445
I288Y,636.0,1385.0,-1.1608729694609385,0.0489298954365194
I288_,565.0,2.0,-10.418585098038143,0.7066697488131644
I295A,660.0,157.0,-4.355279443667099,0.08935303877161369
I295C,723.0,170.0,-4.372044000985682,0.08581916786312016
I295D,808.0,58.0,-6.0836476315070325,0.136293182200068
I295E,577.0,1102.0,-1.3501789196310368,0.052348074431057
I295F,488.0,783.0,-1.6015279862258103,0.058532701393913984
I295G,542.0,18.0,-7.195097390906715,0.23972798919351418
I295H,653.0,349.0,-3.1874847190723727,0.06705545040159872
I295K,756.0,42.0,-6.453248634591066,0.15882822780785555
I295L,972.0,150.0,-4.979560487051838,0.0882883579499276
I295M,546.0,179.0,-3.8925351991029116,0.08670388850457704
I295N,738.0,2173.0,-0.725665464229853,0.04376073869097588
I295P,668.0,3.0,-10.077610410498831,0.5777739290561285
I295Q,644.0,7.0,-8.80517284374196,0.3798762155901446
I295R,575.0,2.0,-10.443895742498157,0.7066479702780663
I295S,194.0,210.0,-2.169320998140252,0.10007930554734534
I295T,871.0,3144.0,-0.43180338913097494,0.03957238289653992
I295V,741.0,6260.0,0.7949520367593812,0.040113208606150794
I295W,460.0,5.0,-8.804358818058926,0.4493044403144971
I295Y,610.0,109.0,-4.768020414885967,0.10446340799373988
I295_,395.0,3.0,-9.319629887482513,0.5786685674873104
I298A,675.0,1920.0,-0.7755149633543779,0.04584873010466264
I298C,644.0,1622.0,-0.9510202892439787,0.04763513228357215
I298D,367.0,1207.0,-0.5661016572995976,0.060440308114852966
I298E,685.0,232.0,-3.845586067957406,0.0766146699114764
I298F,517.0,287.0,-3.132739189191992,0.07428467957292395
I298G,541.0,542.0,-2.2809837996137556,0.061588919268932035
I298H,515.0,12.0,-7.705940397303899,0.292071005884509
I298K,487.0,0.0,-17.85531178362133,10.000107657511732
I298L,428.0,423.0,-2.3006007427931374,0.06928362154343705
I298M,607.0,1357.0,-1.1230088447452173,0.04984124256608889
I298N,545.0,423.0,-2.649238939847784,0.06556412832813047
I298P,882.0,220.0,-4.286873921410056,0.07601866767032266
I298Q,698.0,93.0,-5.191437971717842,0.11083317293294827
I298R,727.0,31.0,-6.834817785383976,0.18363816281034775
I298S,369.0,705.0,-1.3496641999970036,0.0650245273283942
I298T,1310.0,21279.0,1.7381332937035785,0.03016891639788842
I298V,506.0,3223.0,0.3875228551890251,0.04885008084455934
I298W,621.0,41.0,-6.204216859225403,0.1615375883141318
I298Y,817.0,163.0,-4.609041274009504,0.08636193660462567
I298_,550.0,3.0,-9.79719855994777,0.5780517954991555
I304A,653.0,9.0,-8.463082176617775,0.3355875107291678
I304C,634.0,102.0,-4.919443017613631,0.10714494192432178
I304D,1157.0,28.0,-7.651963547968421,0.19148276117852714
I304E,305.0,2.0,-9.52916523968764,0.7077364161456432
I304F,968.0,5.0,-9.877715545591778,0.4480331031074175
I304G,744.0,54.0,-6.06767156680309,0.14127623173012827
I304H,364.0,4.0,-8.787880045393486,0.5022186294597647
I304K,576.0,4.0,-9.449995819273864,0.5012109889776074
I304L,742.0,3524.0,-0.035940524931549866,0.04160858408117556
I304M,1484.0,34.0,-7.731046005259888,0.1737146583758801
I304N,736.0,319.0,-3.4897717270930135,0.06777308508058275
I304P,350.0,6.0,-8.147535348105595,0.4115169841038841
I304Q,1012.0,21.0,-7.873651581545667,0.2206452607713452
I304R,374.0,0.0,-17.474437231820637,10.0001386760984
I304S,624.0,1.0,-11.554718053753017,0.9958922452853282
I304T,911.0,154.0,-4.84809086889484,0.08769597227837532
I304V,805.0,1287.0,-1.606703354579623,0.046032936370409054
I304W,1007.0,603.0,-3.0234721855470776,0.05245190165016952
I304Y,529.0,25.0,-6.68636603950825,0.2048759276474036
I304_,577.0,3.0,-9.86633703276436,0.5779782017827189
I309A,622.0,222.0,-3.7699611211888495,0.07881502839125618
I309C,495.0,292.0,-3.045087902568766,0.07446151597932107
I309D,1359.0,17.0,-8.603677128637482,0.24418147623001046
I309E,638.0,9.0,-8.429556128264037,0.33564114883710916
I309F,905.0,863.0,-2.3522044649144322,0.04861595611038995
I309G,655.0,19.0,-7.390334503201597,0.23287422106065153
I309H,901.0,3.0,-10.509283828833581,0.5774388236983572
I309K,696.0,3.0,-10.136848745032125,0.5777218106363512
I309L,662.0,82.0,-5.296629275248705,0.11749043373954692
I309N,552.0,62.0,-5.437769615889544,0.13430490870825193
I309P,555.0,5.0,-9.075207360028305,0.44889016879219634
I309Q,803.0,9.0,-8.761395045621224,0.3351610385243694
I309R,673.0,13.0,-7.976583082224485,0.2800886087071867
I309S,494.0,15.0,-7.3241923717364426,0.262195191128594
I309T,1080.0,1602.0,-1.7148095252490387,0.04061956522521641
I309V,1046.0,12356.0,1.2785963866171453,0.033715900959425116
I309Y,863.0,1038.0,-2.017276847143165,0.04713738302035321
I309_,1230.0,2.0,-11.540906835942954,0.7059923903477018
I313A,642.0,11.0,-8.149357402983279,0.304111731734869
I313C,953.0,50.0,-6.535850850295861,0.14541362945134975
I313D,537.0,2.0,-10.345257650100763,0.7067350397598289
I313E,899.0,11.0,-8.635098797351572,0.3033787598384144
I313F,671.0,31.0,-6.719176843813584,0.18395045174674546
I313G,1606.0,10.0,-9.609543099525505,0.31721061918989585
I313H,718.0,0.0,-18.415364324643807,10.000074627429553
I313K,1265.0,8.0,-9.586778839546751,0.3545902826519474
I313L,601.0,1724.0,-0.7633407659953768,0.048412031176731554
I313M,525.0,1237.0,-1.0472076523543397,0.05303717963893581
I313N,431.0,71.0,-4.885275238162803,0.12846194482925996
I313P,526.0,5.0,-8.997783821213737,0.44900080049208807
I313Q,544.0,9.0,-8.199610263037467,0.3360443553226339
I313R,473.0,2.0,-10.162179380505275,0.7069132718498246
I313S,868.0,3.0,-10.45545237421463,0.5774753587634704
I313T,527.0,93.0,-4.786020603667814,0.11291078421531951
I313V,440.0,502.0,-2.093468217006417,0.06606423926757002
I313W,646.0,15.0,-7.711208623355941,0.26128534475459747
I313Y,491.0,3.0,-9.633493117761823,0.5782407352631571
I313_,1238.0,3.0,-10.967691773555769,0.577177162955098
I320A,444.0,560.0,-1.9487875879296173,0.06432495490184777
I320C,833.0,4149.0,0.032713406608885,0.03925943237501044
I320D,767.0,2.0,-10.859554083499695,0.7063398740515223
I320E,914.0,209.0,-4.412285988421227,0.0773198286648654
I320F,862.0,78.0,-5.74962163562421,0.11865397010952511
I320G,765.0,13.0,-8.16143374721265,0.2797694392887419
I320H,994.0,1238.0,-1.9669573108636698,0.04374459866029401
I320K,869.0,597.0,-2.8252656896347768,0.05408848732033141
I320L,399.0,1308.0,-0.570771246245438,0.05805634244930426
I320M,659.0,1431.0,-1.1649865165501687,0.04812536431507258
I320N,620.0,192.0,-3.9747580431705414,0.08319107638059137
I320P,617.0,3.0,-9.963034582330792,0.5778809988173
I320Q,675.0,520.0,-2.6600175160829114,0.05919725815505253
I320R,726.0,350.0,-3.3362412865298774,0.06583516249247442
I320S,787.0,262.0,-3.8704080997245653,0.07202149680736752
I320T,840.0,235.0,-4.121332363907941,0.07446754994723201
I320V,814.0,2315.0,-0.7757480055457826,0.04195551943390366
I320W,567.0,2.0,-10.423682875610893,0.7066653317053053
I320Y,250.0,34.0,-5.16160289831674,0.18303762628043635
I320_,948.0,5.0,-9.84759587163989,0.44805742432689966
I342A,386.0,2883.0,0.6172177053879526,0.055111542023707556
I342C,592.0,2976.0,0.046037915653431405,0.046097688987075405
I342D,1127.0,28.0,-7.61406253095414,0.19154282716089147
I342E,738.0,129.0,-4.799805474667913,0.0959486747851231
I342F,511.0,3447.0,0.47027404734410183,0.04844410451698992
I342G,974.0,10384.0,1.1306352753320512,0.0349685760679592
I342H,610.0,2765.0,-0.10326810811880982,0.04583443716949844
I342K,776.0,19.0,-7.63489281456471,0.2323625438259149
I342L,839.0,878.0,-2.2180986426411273,0.04930148067654561
I342M,560.0,1518.0,-0.8449912077625896,0.05044061344611043
I342N,658.0,2774.0,-0.2078564338760156,0.044497624739832604
I342P,338.0,11.0,-7.223827563086638,0.3064063145467686
I342Q,434.0,1920.0,-0.138334372197372,0.05408087364293403
I342R,753.0,3.0,-10.250409734796683,0.5776276769087816
I342S,653.0,1844.0,-0.7859785185226471,0.04662062229119152
I342T,680.0,1555.0,-1.0903520172557588,0.047047478020170216
I342V,783.0,5518.0,0.5333974255385021,0.03947358038316928
I342W,408.0,2143.0,0.10931415713789061,0.05493058891306474
I342Y,833.0,15819.0,1.9635336816320672,0.03692555699541856
I342_,1006.0,3.0,-10.668313451594512,0.577338510254756
I346A,546.0,9.0,-8.20490446556543,0.3360343368298579
I346C,670.0,97.0,-5.0716252599179095,0.10908962637466438
I346D,606.0,3.0,-9.937082311080669,0.5779064520364616
I346E,832.0,152.0,-4.736082641592798,0.0887707108224282
I346F,981.0,991.0,-2.2690162353708145,0.04613290638695236
I346G,665.0,15.0,-7.7530281609820015,0.2612006977701791
I346H,585.0,1757.0,-0.6970587965417758,0.048768197744183735
I346K,634.0,545.0,-2.5018709024524224,0.059261343257102965
I346L,721.0,438.0,-3.002703469214164,0.06139879568497954
I346M,1176.0,562.0,-3.348880629816634,0.05224439274127378
I346N,570.0,372.0,-2.8992938344981294,0.06739637131640355
I346P,1258.0,2746.0,-1.1574545189948275,0.035480795819306056
I346Q,417.0,484.0,-2.068693133258032,0.06755673867812619
I346R,748.0,33.0,-6.785730521618019,0.17813070136551548
I346S,601.0,6.0,-8.927528202424446,0.4100646690523266
I346T,258.0,86.0,-3.8684986805053354,0.1249087255401165
I346V,656.0,1595.0,-1.0018722509593232,0.04744616128938769
I346W,483.0,825.0,-1.5112894596895625,0.05815731190371412
I346Y,507.0,653.0,-1.918557125470139,0.06002944027639311
I346_,761.0,7.0,-9.04600516496825,0.3795618677249372
I355A,1396.0,26.0,-8.02974707443633,0.19814866740420542
I355C,796.0,204.0,-4.247794692096271,0.07910627046134898
I355D,1171.0,51.0,-6.804477492963414,0.14337984093249975
I355E,726.0,12.0,-8.201329371700764,0.29110333921936127
I355F,690.0,115.0,-4.868505970845109,0.10121248120774262
I355G,711.0,85.0,-5.347813393503699,0.11519369704689618
I355H,122.0,38.0,-3.966196474261584,0.18602347026548594
I355K,385.0,40.0,-5.550111392063465,0.16640583701861347
I355L,239.0,1352.0,0.2163149285965842,0.07087581220757162
I355M,733.0,1063.0,-1.7473976246136527,0.049038542889686745
I355N,764.0,999.0,-1.896740410183431,0.04908859613243611
I355P,502.0,2.0,-10.248024799145625,0.7068268853827926
I355Q,877.0,222.0,-4.26561663948415,0.07579152564274884
I355R,628.0,261.0,-3.5503304583168998,0.0743197017112037
I355S,1042.0,73.0,-6.118779240791538,0.1214753203543536
I355T,663.0,398.0,-3.0198739592875548,0.06419180991582893
I355V,645.0,195.0,-4.009421429228752,0.08232934844070411
I355W,912.0,223.0,-4.315589247728173,0.07536842146894544
I355Y,242.0,6.0,-7.615205868544261,0.4130632247462666
I355_,564.0,2.0,-10.416029438407389,0.7066719691040857
I359A,742.0,242.0,-3.900019976218977,0.07469650117766442
I359C,479.0,944.0,-1.3049016401890885,0.056980398374733045
I359D,865.0,4.0,-10.03661877224313,0.5006320310372154
I359E,606.0,0.0,-18.17070198784037,10.000087497301417
I359F,990.0,173.0,-4.8002356775072625,0.08300553849469959
I359G,863.0,6.0,-9.44951648329379,0.40944828990224413
I359H,1523.0,26.0,-8.155363212946774,0.19799788295346313
I359K,786.0,4.0,-9.89844962830065,0.500748063347
I359L,664.0,1144.0,-1.4988252187646225,0.04979895125880739
I359M,770.0,5033.0,0.42482436926533174,0.039964841928625185
I359N,1564.0,889.0,-3.098626192581796,0.04317458440301079
I359P,703.0,22.0,-7.280962168727827,0.21669371115681105
I359Q,962.0,136.0,-5.105987170594081,0.09215045681045327
I359R,304.0,0.0,-17.175479167451755,10.000169457633156
I359S,923.0,90.0,-5.641837089126384,0.11087427320468463
I359T,472.0,2980.0,0.3747798340487085,0.050536960964736165
I359V,951.0,6659.0,0.524127282333684,0.03607633607496265
I359W,1011.0,1.0,-12.250874266776254,0.995584218285221
I359Y,517.0,9.0,-8.126169277073025,0.3361871588942392
I359_,860.0,6.0,-9.44449264201946,0.4094532258465476
I363A,817.0,180.0,-4.46592469059604,0.08293996657264216
I363C,774.0,70.0,-5.750367301918529,0.12520168780979052
I363D,783.0,12.0,-8.310370684406756,0.2909310665883141
I363E,421.0,19.0,-6.752672072016606,0.23468904763273968
I363F,664.0,73.0,-5.468686991655885,0.12370356172147112
I363G,1084.0,329.0,-4.003822734245662,0.0637317652880191
I363H,617.0,6.0,-8.96543307837931,0.41001205623048287
I363K,664.0,2.0,-10.651513665054328,0.7064830182843677
I363L,424.0,1747.0,-0.2409303369070761,0.05505140696760993
I363M,1089.0,2398.0,-1.144827534840136,0.03788262861053215
I363N,490.0,2.0,-10.213119887994132,0.7068613926270246
I363P,896.0,2.0,-11.083823530010962,0.706206989969021
I363Q,922.0,27.0,-7.376864861002137,0.19546797059167229
I363R,699.0,4.0,-9.7292150559019,0.5009061480949408
I363S,563.0,12.0,-7.834500498995948,0.29178747401952004
I363T,1079.0,1306.0,-2.008190299860312,0.04233535507011984
I363V,717.0,685.0,-2.3495161988359667,0.05435374217689384
I363W,1456.0,25.0,-8.147019404318472,0.2019173859893362
I363Y,853.0,17.0,-7.931755616459977,0.24507362725212112
I363_,832.0,5.0,-9.659294462641288,0.448221511009571
I372A,834.0,8.0,-8.98576663714892,0.35516585894035274
I372C,731.0,13.0,-8.095846282724908,0.2798780753240203
I372D,776.0,6.0,-9.296214450502077,0.40960689711810533
I372E,567.0,4.0,-9.4272761403349,0.5012384779989613
I372F,1055.0,194.0,-4.726701760310202,0.07875308055971847
I372G,667.0,16.0,-7.6643111858319815,0.25310078169387284
I372H,599.0,14.0,-7.7016992349310245,0.2704566962506457
I372K,636.0,1.0,-11.582198353953506,0.9958770647629576
I372L,1113.0,1615.0,-1.7465714647937247,0.040217802453268066
I372M,492.0,11.0,-7.765449272261799,0.3048914827549143
I372N,327.0,2.0,-9.62964345047395,0.707580570795259
I372P,661.0,0.0,-18.296032485003735,10.000080632290652
I372Q,1206.0,36.0,-7.34934846802064,0.16940796997084176
I372R,1211.0,15.0,-8.617790998993286,0.2598996435981721
I372S,796.0,2.0,-10.913095251275418,0.7063062503853074
I372T,964.0,5.0,-9.871741706388308,0.4480378867221108
I372V,369.0,17.0,-6.722852875008813,0.2481908887030958
I372W,716.0,16.0,-7.766582531694357,0.25289801568048
I372Y,618.0,14.0,-7.746749329579621,0.27036179487808254
I372_,590.0,4.0,-9.484641367760368,0.5011698923802604
I375A,369.0,1307.0,-0.45910964692666223,0.05979025543163082
I375C,611.0,2657.0,-0.16311224732621898,0.045965348108534164
I375D,540.0,15.0,-7.452638249472587,0.26186615911310407
I375E,644.0,213.0,-3.879809937180383,0.0796693296920957
I375F,537.0,1574.0,-0.7322241602385366,0.05096369876970272
I375G,678.0,1368.0,-1.2709476887438695,0.04801780092943123
I375H,469.0,986.0,-1.21166441311673,0.05697503922849977
I375K,339.0,490.0,-1.7521646463666896,0.07134673131485819
I375L,990.0,3950.0,-0.287306705171102,0.03691978630501265
I375M,924.0,2689.0,-0.7425532578185479,0.039420037336398414
I375N,415.0,425.0,-2.249297321100263,0.06973006671509269
I375P,967.0,4.0,-10.19743276994664,0.5005102296361466
I375Q,1254.0,1468.0,-2.0563350650089363,0.0397297366475223
I375S,251.0,445.0,-1.4575550930333883,0.07956671059560068
I375T,481.0,1328.0,-0.818520790084917,0.054145924435471136
I375V,1027.0,8246.0,0.7215979736029827,0.03456569141828546
I375W,685.0,1524.0,-1.1299725929107352,0.04707241521573376
I375Y,1218.0,2440.0,-1.2812869254621146,0.03647823467869973
I375_,910.0,1.0,-12.099031303753799,0.9956393497757062
I53A,224.0,684.0,-0.6731937278244047,0.07762647262773657
I53C,639.0,2767.0,-0.16923056356503885,0.045012637880388846
I53D,367.0,1.0,-10.788968277762425,0.9964554918288276
I53E,459.0,0.0,-17.769885972050915,10.000113920234659
I53F,113.0,747.0,0.4410291090125069,0.10142613325667578
I53G,700.0,1388.0,-1.296077482957223,0.047421754741885994
I53H,650.0,443.0,-2.836770656326733,0.06241425443263589
I53K,213.0,13.0,-6.316876301794665,0.2857593077765851
I53L,1651.0,1871.0,-2.103179597093932,0.03521329912140961
I53M,268.0,1171.0,-0.15625334865286966,0.06844694024964819
I53N,504.0,497.0,-2.303825486718318,0.06399949582598351
I53P,343.0,5.0,-8.380944231159376,0.4501288495527934
I53Q,445.0,164.0,-3.723701982397018,0.0918920323373065
I53R,801.0,2.0,-10.922128950006382,0.7063006991171815
I53S,216.0,820.0,-0.3591046067546273,0.07712800091830392
I53T,239.0,1259.0,0.11349884826119272,0.07126020013398437
I53V,423.0,2557.0,0.3120461204471905,0.05343133889372429
I53W,422.0,210.0,-3.2904671675343513,0.08503591010529757
I53Y,668.0,82.0,-5.309645965173186,0.1174326802822114
I53_,440.0,22.0,-6.604953269499153,0.2186467132231832
I54A,607.0,494.0,-2.5808280459863715,0.06141242330739722
I54C,408.0,77.0,-4.689134818129149,0.1246437435218768
I54D,73.0,0.0,-15.11752637251763,10.00068980469682
I54E,862.0,562.0,-2.900756812810876,0.05512914852416572
I54F,591.0,40.0,-6.168398015423998,0.16366302639044872
I54G,696.0,25.0,-7.082179079610859,0.20376600123946734
I54H,275.0,30.0,-5.479616863212745,0.19250525507648408
I54K,288.0,4.0,-8.450020865410526,0.5029398335429711
I54L,597.0,442.0,-2.7173240955672533,0.06353913730950748
I54M,448.0,271.0,-3.0088328563017166,0.07760032005675754
I54N,304.0,36.0,-5.361297283261477,0.1765198154603303
I54P,962.0,1.0,-12.179200795485233,0.9956095198583543
I54Q,615.0,418.0,-2.840720420528628,0.06417236932482795
I54R,699.0,14.0,-7.924432241926002,0.2700148107666766
I54S,447.0,197.0,-3.4656862529708743,0.08609754229431446
I54T,443.0,853.0,-1.338424618198819,0.05940892597301116
I54V,300.0,1133.0,-0.36656990829779,0.06569355270227976
I54Y,1562.0,25626.0,1.752485264087639,0.02791127938193619
I54_,665.0,6.0,-9.073515241891505,0.40986937402671025
I5C,607.0,3.0,-9.93946099464354,0.5779041000343439
I5D,206.0,1.0,-9.955863274186465,0.9975234128044784
I5E,210.0,2.0,-8.990766722330374,0.7087834166541155
I5F,327.0,182.0,-3.1289650448988047,0.09301628874119448
I5G,537.0,41.0,-5.9945493129524765,0.16231535702584404
I5H,277.0,1512.0,0.1648097099205783,0.0661147877858258
I5K,238.0,2226.0,0.941717971023742,0.06892426507591172
I5L,907.0,1.0,-12.094267361633806,0.995641175060217
I5M,386.0,155.0,-3.5999249408721132,0.09561181441413673
I5N,272.0,647.0,-1.0335196884310882,0.07295013702709799
I5P,160.0,188.0,-2.0510006797153357,0.10801986537105601
I5Q,553.0,2426.0,-0.15043998454314345,0.04816950193983924
I5R,518.0,2632.0,0.06146510847536657,0.04909397444332411
I5S,563.0,369.0,-2.8931486419696446,0.06771954624338819
I5T,289.0,86.0,-4.0321911096339615,0.12323335114965428
I5V,95.0,6.0,-6.266290479978422,0.42073076290187034
I5W,558.0,775.0,-1.8097240588262302,0.05641103090978867
I5Y,863.0,1179.0,-1.8335212347032228,0.045899022310562004
I5_,316.0,1.0,-10.573119117324278,0.9966761172113939
I70A,397.0,208.0,-3.2161704677386735,0.08617485316759599
I70C,320.0,203.0,-2.940214202187226,0.0902805846531004
I70D,515.0,11.0,-7.831362079445165,0.304742591561382
I70E,569.0,13.0,-7.734409148002605,0.28057299417892057
I70F,476.0,1022.0,-1.1813024823907945,0.05638329634355798
I70G,244.0,355.0,-1.7427286180209052,0.08375458588026398
I70H,416.0,2.0,-9.976926904429579,0.7071181245584225
I70K,577.0,4.0,-9.45249828306914,0.5012079874844515
I70L,599.0,906.0,-1.6867011218424386,0.053600164981875364
I70M,422.0,726.0,-1.5009357736372557,0.062022733639275775
I70N,208.0,39.0,-4.698384991502757,0.17476192314628852
I70P,261.0,1408.0,0.14783258589123793,0.06812715287368155
I70Q,353.0,4.0,-8.743611013500267,0.5023038477277918
I70R,446.0,2.0,-10.077384753516169,0.7070037877575812
I70S,829.0,180.0,-4.486960458338414,0.08283309058088083
I70T,397.0,734.0,-1.3970236365958968,0.06309535163420452
I70V,329.0,2174.0,0.4405072292216037,0.059993471950738744
I70W,572.0,601.0,-2.212299381018809,0.05926131038382157
I70Y,138.0,1.0,-9.377921711072654,0.9987215215206223
I70_,241.0,6.0,-7.609232214856595,0.4130839774262553
I71A,112.0,0.0,-15.734987926079615,10.00045136932346
I71C,483.0,7.0,-8.390142811693476,0.38055685352089674
I71D,793.0,3.0,-10.325079769420226,0.5775696907429588
I71E,356.0,6.0,-8.172056972542634,0.4114584752331842
I71F,531.0,280.0,-3.2069086870389274,0.07452731464846835
I71G,357.0,4.0,-8.759866446348981,0.5022722533534121
I71H,398.0,24.0,-6.334745378191959,0.21038447749270878
I71K,392.0,3.0,-9.308631168045988,0.5786853072712648
I71L,566.0,569.0,-2.276021542853237,0.06019973000793628
I71M,290.0,9.0,-7.292079739163533,0.33843132863353625
I71N,651.0,13.0,-7.928634845206764,0.2801782315229881
I71P,492.0,325.0,-2.881851538201902,0.07217425661229583
I71Q,528.0,45.0,-5.8358957911988565,0.15559885754697925
I71R,653.0,7.0,-8.825194838420693,0.3798480464188639
I71S,243.0,3.0,-8.61875639350578,0.5800351597208615
I71T,330.0,4.0,-8.646411702875042,0.5025003340365216
I71V,575.0,341.0,-3.0374210077260653,0.06907518665022183
I71W,474.0,7.0,-8.363007248885804,0.3806084975209254
I71Y,541.0,9.0,-8.191632352672947,0.33605952137945083
I71_,58.0,1.0,-8.12752242917437,1.0037117280224293
I73A,262.0,935.0,-0.4482880885371294,0.07061141122463245
I73C,447.0,1772.0,-0.296640273667494,0.05386309698967391
I73D,332.0,35.0,-5.529035736648888,0.1779748325089303
I73E,563.0,646.0,-2.0852520576652136,0.058514501941240034
I73F,298.0,943.0,-0.6217356805884249,0.0672000158747464
I73G,214.0,720.0,-0.5333092748007902,0.07849435867258056
I73H,148.0,106.0,-2.76514229822141,0.12762910521997545
I73K,747.0,14.0,-8.02024670313076,0.2698445357983114
I73L,503.0,1843.0,-0.41024309569024453,0.05128780164925693
I73M,411.0,1390.0,-0.5257981465894908,0.05702864200432477
I73N,227.0,214.0,-2.368725648196766,0.09579972354380666
I73P,178.0,6.0,-7.172097495976786,0.4148576007598745
I73Q,402.0,316.0,-2.6309091842480825,0.07584044454990842
I73R,396.0,2.0,-9.905845557848629,0.7072039610087096
I73S,125.0,608.0,-0.0015964618039330247,0.0987111226749894
I73T,348.0,1115.0,-0.6037920262287848,0.06221052553816188
I73V,380.0,1990.0,0.10501838370597927,0.0568668236527657
I73W,471.0,311.0,-2.8824447294029607,0.07374444906922378
I73Y,471.0,313.0,-2.873196949006193,0.07360502143761101
I73_,191.0,0.0,-16.505008557545253,10.00026675363667
I76A,254.0,863.0,-0.519156026321733,0.07207915025962247
I76C,312.0,1251.0,-0.2802188598329778,0.0640639953439185
I76D,276.0,79.0,-4.088261379085654,0.1279824158890248
I76E,355.0,325.0,-2.4110235632073165,0.07741748099902075
I76F,875.0,1398.0,-1.607644737463516,0.04424886942095852
I76G,413.0,1069.0,-0.9116212776186856,0.05879208894199719
I76H,434.0,560.0,-1.9159237026966016,0.06472706290136872
I76K,411.0,1.0,-10.95232240028697,0.9963091170039017
I76L,315.0,1499.0,-0.03310753314418946,0.06278077135247132
I76M,210.0,983.0,-0.05689994101858886,0.0766731867221914
I76N,526.0,809.0,-1.6625806992484415,0.05689463158671868
I76P,282.0,662.0,-1.0525413192115387,0.07180766424814126
I76Q,424.0,826.0,-1.3215870505732772,0.06057136234685996
I76R,231.0,4.0,-8.13185726565511,0.503790821110733
I76S,524.0,2229.0,-0.19491116793097163,0.049566178849854405
I76T,356.0,997.0,-0.7979577987919741,0.06254378247753414
I76V,236.0,756.0,-0.6040906797901888,0.07523070065451337
I76W,404.0,1087.0,-0.855745703293648,0.059118160438196087
I76Y,319.0,573.0,-1.4386893400850225,0.07056687686734459
I76_,398.0,4.0,-8.916706639967455,0.501984934223162
K125A,588.0,13.0,-7.781795831254867,0.28047177764285275
K125C,311.0,7.0,-7.755050721997246,0.3820582402568305
K125D,494.0,0.0,-17.87590063335713,10.000106202756992
K125E,512.0,3.0,-9.693912698317632,0.5781685017126394
K125F,465.0,6.0,-8.557400948365393,0.4106575926077787
K125G,472.0,1.0,-11.15196632957415,0.9961513062686884
K125H,293.0,2.0,-9.471258598856668,0.7078312698039042
K125I,806.0,27.0,-7.182880201065142,0.1958668424930528
K125L,561.0,32.0,-6.415079913038141,0.18199602397881018
K125M,202.0,19.0,-5.693244282597028,0.24011238737992424
K125N,461.0,5.0,-8.807491639512968,0.4492991927931848
K125P,296.0,4.0,-8.489547875763055,0.5028465359818284
K125Q,495.0,14.0,-7.426576817311107,0.27110434253993904
K125R,432.0,1298.0,-0.6964831227256445,0.05643569100554122
K125S,408.0,13.0,-7.254559652707928,0.2818061160181861
K125T,363.0,40.0,-5.46522476548275,0.16687813669878618
K125V,355.0,2.0,-9.748168359652652,0.7074101185096939
K125W,346.0,3.0,-9.128554444377935,0.5789782546872216
K125Y,504.0,1.0,-11.246601263080738,0.996083788351112
K125_,224.0,0.0,-16.73492352436361,10.000228192512525
K127A,485.0,447.0,-2.401355395118448,0.06632281262690422
K127C,369.0,54.0,-5.056009467720208,0.1460303371069911
K127D,301.0,3.0,-8.927552126986626,0.5793512563934661
K127E,421.0,11.0,-7.54061613510079,0.30545306961125135
K127F,554.0,3.0,-9.807652728196175,0.5780404407036533
K127G,340.0,0.0,-17.336937565435782,10.000152044137407
K127H,369.0,8.0,-7.809361868263488,0.3572866001210514
K127I,498.0,20.0,-6.921029647366405,0.22821660806950503
K127L,387.0,79.0,-4.575911686299362,0.1238561835419582
K127M,198.0,36.0,-4.742751795150295,0.18143905245598257
K127N,308.0,10.0,-7.227111319561589,0.3213200330415342
K127P,499.0,4.0,-9.2429706880319,0.5014781574081272
K127Q,262.0,324.0,-1.9772315433008991,0.08368266614595073
K127R,235.0,1152.0,0.009711180304973865,0.07227033967853394
K127S,199.0,40.0,-4.598056400329791,0.17354665246459428
K127T,451.0,136.0,-4.013094701776348,0.09833342358390168
K127V,521.0,88.0,-4.8492197088953635,0.11567847700624422
K127W,353.0,1.0,-10.732857957203393,0.9965097123157624
K127Y,536.0,5.0,-9.024953510678726,0.4489613024926879
K127_,222.0,0.0,-16.721985048864582,10.000230203225605
K181A,326.0,2180.0,0.4576986215745604,0.0602156122661295
K181C,382.0,1402.0,-0.4078336781294487,0.05857311748579777
K181D,423.0,2118.0,0.04029771864476128,0.054184568902386335
K181E,342.0,1712.0,0.03993270705858176,0.06006509593416985
K181F,616.0,2892.0,-0.052601143304547016,0.04548567289114963
K181G,879.0,6375.0,0.5748281137796822,0.03734061973143075
K181H,355.0,1456.0,-0.24755931227240158,0.060028713368486836
K181I,543.0,2772.0,0.06823378218596954,0.04798074267933582
K181L,450.0,2484.0,0.18099400746896155,0.05219735249098651
K181M,575.0,3093.0,0.14370453856682186,0.04649973917620336
K181N,376.0,2962.0,0.694085567302726,0.05565005137074799
K181P,569.0,24.0,-6.850394706489984,0.2085822788297034
K181Q,474.0,2768.0,0.2622117465541667,0.05070252856109862
K181R,788.0,3798.0,-0.01469014688353143,0.040399642385419106
K181S,477.0,2970.0,0.3547283644312147,0.05032799628255236
K181T,1449.0,22038.0,1.6432064921420482,0.028901875502928942
K181V,584.0,3249.0,0.19228719845961617,0.046042387086177305
K181W,658.0,5724.0,0.8371967701906078,0.042358615887828806
K181Y,432.0,1878.0,-0.16357987572020782,0.05428679082231481
K181_,428.0,4.0,-9.021546465095494,0.5018094942411717
K182A,904.0,6097.0,0.47004326760896964,0.0370136889774122
K182C,636.0,839.0,-1.8840094511815373,0.05351634448608942
K182D,224.0,1273.0,0.22296070230048937,0.07313988040719675
K182E,458.0,2427.0,0.12208104190918068,0.0519153537621365
K182F,225.0,851.0,-0.36446104298749304,0.07562497698124265
K182G,881.0,2593.0,-0.7262505377717434,0.04025579448143291
K182H,341.0,1808.0,0.1228686977845328,0.05987800520378077
K182I,318.0,744.0,-1.0573981282397895,0.06773801780644277
K182L,635.0,1875.0,-0.7216009344042007,0.04698855963375363
K182M,275.0,1073.0,-0.3195404709086942,0.06832280052108948
K182N,411.0,1523.0,-0.39396799408925887,0.056475138167466604
K182P,1012.0,4768.0,-0.047484292198419986,0.036023319248649155
K182Q,935.0,4528.0,-0.007824563533909146,0.037284993555049495
K182R,471.0,1819.0,-0.33432412881249807,0.05265607904908379
K182S,718.0,2529.0,-0.46715110861039744,0.043450728458715816
K182T,534.0,1681.0,-0.6292583645633449,0.050668732612313236
K182V,241.0,669.0,-0.8107132403644721,0.07578764604265636
K182W,371.0,996.0,-0.858945853810444,0.06163738330286436
K182Y,337.0,895.0,-0.8745356068696051,0.06468688313988262
K182_,430.0,0.0,-17.675730597961785,10.00012126642527
K190A,691.0,1927.0,-0.8040624435251722,0.04545230053801704
K190C,520.0,921.0,-1.4589705543897846,0.055755003185765484
K190D,758.0,4166.0,0.17472950815675903,0.040732021027858945
K190E,212.0,1019.0,-0.01868401850567558,0.07614406857718661
K190F,486.0,316.0,-2.904663793962702,0.07295096675484213
K190G,364.0,836.0,-1.0841058929782976,0.06358577760511847
K190H,463.0,1647.0,-0.45291395135161583,0.05354210790605213
K190I,1317.0,1442.0,-2.1528331385333352,0.039402893825318495
K190L,613.0,634.0,-2.235053021029354,0.05751845655567452
K190M,581.0,1486.0,-0.9288390832847595,0.049938959252756175
K190N,523.0,1749.0,-0.5420199063314399,0.050828901698965125
K190P,780.0,2340.0,-0.6986978378405593,0.04253468401651736
K190Q,512.0,1958.0,-0.34850376751016654,0.050632256248492186
K190R,648.0,1333.0,-1.243048386498545,0.04892017864503758
K190S,424.0,1359.0,-0.6032621313427722,0.056516197665826
K190T,396.0,1477.0,-0.3845771807821743,0.05746345048782143
K190V,1061.0,7019.0,0.44218129755761293,0.03442069606647701
K190W,479.0,54.0,-5.4324053290791685,0.14388378916592148
K190_,380.0,0.0,-17.497397771205364,10.000136565347232
K198A,405.0,1536.0,-0.36048983413583,0.05674441085607983
K198C,467.0,1083.0,-1.0701267913159214,0.056253445913640586
K198D,214.0,856.0,-0.2836985682057094,0.07707597158733129
K198E,510.0,2237.0,-0.15067374237490405,0.05007581288077242
K198F,416.0,683.0,-1.5683595147841087,0.06298977436850169
K198G,264.0,1193.0,-0.10770635315745025,0.0687442154064661
K198H,734.0,2258.0,-0.6624677558759311,0.04364702729503685
K198I,696.0,1915.0,-0.8234760215688892,0.04537364155902168
K198L,751.0,1297.0,-1.495362428114567,0.04692931033752579
K198M,344.0,846.0,-0.9854237946900888,0.06472037750336108
K198N,319.0,1501.0,-0.04938797339824763,0.062455839993391965
K198P,454.0,3807.0,0.7842143718373498,0.05064665720137457
K198Q,499.0,1432.0,-0.7627470727969756,0.05293489302695455
K198R,695.0,2723.0,-0.3135513683874498,0.0436564403006791
K198S,1008.0,3920.0,-0.32430062447761765,0.03670110267978875
K198T,528.0,2309.0,-0.15501074491119926,0.04926261730117252
K198V,447.0,2365.0,0.11981926458489944,0.05253316580365824
K198W,590.0,509.0,-2.4966934149293234,0.06131313374784444
K198Y,363.0,458.0,-1.94827820140884,0.07097830223318044
K198_,496.0,2.0,-10.23067790322329,0.70684393050649
K202A,773.0,969.0,-1.957623531496386,0.04924876970178077
K202C,717.0,582.0,-2.5845973065016867,0.05668050918812733
K202D,296.0,163.0,-3.144333452028846,0.09804424060182954
K202E,324.0,572.0,-1.4636459792632683,0.07024501105918741
K202F,871.0,10769.0,1.3444045278075043,0.03661649066301597
K202G,562.0,673.0,-2.0236158674357725,0.05800866909716668
K202H,431.0,1256.0,-0.7405933045724638,0.05671084275593847
K202I,463.0,426.0,-2.4038040646749828,0.06787458435866756
K202L,258.0,248.0,-2.340676698291098,0.08948592148678446
K202M,413.0,784.0,-1.3589526652998094,0.061616221182430916
K202N,551.0,633.0,-2.0834982188477396,0.05911360983096549
K202P,299.0,286.0,-2.347776152222708,0.08331006479732485
K202Q,667.0,2039.0,-0.67155945307137,0.045710807020258155
K202R,576.0,1908.0,-0.5557450386735994,0.04857986348485195
K202S,326.0,695.0,-1.1915304902781516,0.06786777355080921
K202T,536.0,1283.0,-1.0244474143531086,0.05239150584389642
K202V,555.0,968.0,-1.4811398223767869,0.05417224763989038
K202W,571.0,635.0,-2.1303847081070835,0.058530992322123686
K202Y,243.0,623.0,-0.925408370428837,0.07628881676578644
K202_,340.0,2.0,-9.685885874256853,0.707497946058143
K232A,246.0,61.0,-4.2952473326645055,0.14337170893522178
K232C,595.0,4.0,-9.496815876227094,0.5011556829208708
K232D,357.0,1.0,-10.749113390052107,0.9964937871287572
K232E,619.0,8.0,-8.555664671198853,0.3557516602256391
K232F,17.0,0.0,-13.015815433603645,10.002944004820552
K232G,425.0,0.0,-17.65885717410636,10.000122634333644
K232H,478.0,29.0,-6.326066607086652,0.1914750491684173
K232I,297.0,9.0,-7.326488597475062,0.3383112431537849
K232L,666.0,9.0,-8.491520930897783,0.33554297220673274
K232M,583.0,61.0,-5.5400510014212125,0.1349288996352572
K232N,709.0,3.0,-10.163546686359354,0.5776990106113715
K232P,750.0,8.0,-8.832611786495159,0.3553548599949919
K232Q,441.0,12.0,-7.482151321369232,0.29262823665375154
K232R,568.0,362.0,-2.9335347867950157,0.06799046193168773
K232S,428.0,47.0,-5.470252926356676,0.1539749319840023
K232T,443.0,9.0,-7.903316356568381,0.33666733228685475
K232V,627.0,11.0,-8.115250086259454,0.30417299047916313
K232W,743.0,4.0,-9.817283588828706,0.5008215764193801
K232Y,847.0,3.0,-10.420119713186235,0.5775000892850618
K232_,705.0,7.0,-8.935733474604831,0.3796993387514245
K238A,600.0,1007.0,-1.5366284485537056,0.052530882202578705
K238C,562.0,701.0,-1.9648087842708364,0.057494841867955275
K238D,1109.0,396.0,-3.769311615703162,0.05938610763346415
K238E,632.0,1544.0,-0.9949852022723276,0.04826731339142942
K238F,516.0,3721.0,0.5665753299919736,0.04802610826843778
K238G,395.0,456.0,-2.0764717226005107,0.06945740955454542
K238H,773.0,833.0,-2.175801270798568,0.0509305998762591
K238I,643.0,1012.0,-1.6293375415268843,0.05141142084088007
K238L,300.0,256.0,-2.5124584332949835,0.08566875475690612
K238M,660.0,773.0,-2.055648813648154,0.05393133395059764
K238N,689.0,53.0,-5.983836483964668,0.14288295509571697
K238P,829.0,182.0,-4.471019795186935,0.08246379556896662
K238Q,457.0,1397.0,-0.6716032990056524,0.054806626553038265
K238R,483.0,1219.0,-0.9480630102876422,0.05468550286005589
K238S,582.0,844.0,-1.7474318570611125,0.054797988275473705
K238T,700.0,1624.0,-1.0695349288065534,0.04630471545617295
K238V,382.0,641.0,-1.536911548981477,0.06540326048924013
K238W,525.0,292.0,-3.1299751347391425,0.07368230301332908
K238Y,520.0,687.0,-1.881856276244271,0.05897829030508319
K238_,976.0,1.0,-12.200044834161837,0.9956020316696755
K261A,581.0,920.0,-1.6205614600440583,0.053924960610370554
K261C,450.0,336.0,-2.705100899198648,0.07278798417277521
K261D,500.0,170.0,-3.839985348158673,0.0893408240345459
K261E,785.0,74.0,-5.690566918636413,0.12200562540338995
K261F,472.0,444.0,-2.37187326343547,0.06686266975537895
K261G,1322.0,8504.0,0.40176219564028637,0.031206271983301847
K261H,763.0,557.0,-2.7376467445675425,0.05661903050256246
K261I,689.0,426.0,-2.9772856335535893,0.06243826055182849
K261L,404.0,378.0,-2.3796146102716866,0.07225257653455024
K261M,688.0,871.0,-1.9433882597279233,0.05197475914444192
K261N,912.0,1062.0,-2.063972205603584,0.04623749368393379
K261P,922.0,1687.0,-1.412033785636337,0.04215646506256671
K261Q,881.0,1205.0,-1.8318331887802697,0.045439469906857134
K261R,360.0,1673.0,-0.06731082516169629,0.05895117959344308
K261S,2422.0,14145.0,0.26236846196690555,0.02415351771120862
K261T,591.0,480.0,-2.5837660875527515,0.06225049860548107
K261V,48.0,17.0,-3.7805998029354697,0.28234333272636675
K261W,826.0,363.0,-3.4697979641822725,0.06375892127638508
K261Y,1897.0,422.0,-4.452026201083193,0.054740965847260535
K261_,2215.0,2.0,-12.38955000325963,0.7057362956083201
K264A,543.0,1759.0,-0.5879349952297508,0.05009894419092896
K264C,1222.0,4148.0,-0.5204847268669544,0.03404730920280665
K264D,654.0,3448.0,0.11473135040648685,0.043804872633678396
K264E,847.0,767.0,-2.426781623207574,0.05083506141988396
K264F,533.0,911.0,-1.510343717790529,0.055440383273694785
K264G,879.0,4029.0,-0.08717410498204581,0.03854425135990733
K264H,521.0,77.0,-5.041841369314877,0.12249282197500745
K264I,819.0,71.0,-5.811434963116747,0.12411013576083929
K264L,374.0,241.0,-2.917631844193121,0.0832030445730608
K264M,681.0,942.0,-1.8155816159805234,0.05128140961738364
K264N,686.0,3350.0,0.004215882278685079,0.04308163375973494
K264P,763.0,17.0,-7.770894926954111,0.2453555835680891
K264Q,635.0,1413.0,-1.1297275485740421,0.04880884471593473
K264R,707.0,4114.0,0.2570947668388466,0.04192010130702483
K264S,714.0,3623.0,0.059524594852409685,0.04214700579148751
K264T,853.0,3404.0,-0.28704729243434945,0.03957153353813787
K264V,356.0,74.0,-4.549773652232539,0.12814216078039461
K264W,571.0,9.0,-8.269493103155849,0.33591500421269893
K264Y,491.0,363.0,-2.719391123633436,0.06993696693995177
K264_,757.0,1.0,-11.833461262881709,0.9957508786394925
K31A,328.0,4433.0,1.4728269051128628,0.05808686425943096
K31C,542.0,272.0,-3.278307786504051,0.07497423381622369
K31D,219.0,1261.0,0.2418630586400976,0.07388391281491821
K31E,214.0,832.0,-0.32472535030092864,0.07729426482794345
K31F,610.0,2127.0,-0.48172599022094875,0.04700294480842913
K31G,665.0,7382.0,1.188917743758017,0.0417015244773863
K31H,340.0,1485.0,-0.15682444488751912,0.06094507366713225
K31I,276.0,213.0,-2.657447384533481,0.0917468708430574
K31L,336.0,1053.0,-0.6357049456642256,0.06344743018489202
K31M,635.0,3207.0,0.05272962798815062,0.044569172906810166
K31N,457.0,2358.0,0.08362418979415054,0.05207723337942004
K31P,1409.0,7.0,-9.93469969911919,0.3787649487773363
K31Q,396.0,4422.0,1.1974455130993702,0.05339612496472939
K31R,361.0,1125.0,-0.6438208881221508,0.061308264176558804
K31S,302.0,2016.0,0.4551865618741582,0.06250595028183215
K31T,363.0,1137.0,-0.636484261606439,0.061106961031431345
K31V,143.0,65.0,-3.421030479916263,0.14991525201968056
K31W,367.0,2267.0,0.3432514688824506,0.05714583930864869
K31Y,463.0,561.0,-2.0066648737153736,0.06357747938213397
K31_,386.0,1.0,-10.861787127266336,0.9963881935568919
K377A,580.0,2383.0,-0.24501268150299182,0.04736624802575259
K377C,837.0,1162.0,-1.810342287916452,0.046423297446638624
K377D,534.0,480.0,-2.4374503046937948,0.06368461303349535
K377E,571.0,781.0,-1.8318229987632497,0.055959735963443676
K377F,509.0,984.0,-1.3326690306517914,0.05550372669914578
K377G,763.0,2395.0,-0.6333901984529282,0.042754526091250966
K377H,813.0,2288.0,-0.7908996529826826,0.0420342014964148
K377I,666.0,1341.0,-1.2739437567199552,0.04844586100648177
K377L,457.0,841.0,-1.4037507868001455,0.05896607777541303
K377M,690.0,2078.0,-0.6931345864810234,0.04505884923305236
K377N,687.0,1290.0,-1.3746687625835827,0.04827614913197849
K377P,1605.0,366.0,-4.416275323033225,0.05877950972064468
K377Q,781.0,3369.0,-0.1747362229913838,0.04095158527788995
K377R,793.0,3022.0,-0.3535505372739487,0.041130762611225044
K377S,540.0,1320.0,-0.9941571776062483,0.05205000936548006
K377T,479.0,788.0,-1.5654898446035244,0.05879178867193336
K377V,671.0,1002.0,-1.7051572733740201,0.050873378945433215
K377W,704.0,1840.0,-0.8976022276023121,0.0454282464292088
K377_,913.0,31.0,-7.163473238698196,0.1828736071650201
K382A,1079.0,2901.0,-0.8568009747489316,0.037031053193287526
K382C,1073.0,2215.0,-1.2379983173443012,0.038512840607814784
K382D,677.0,970.0,-1.7648255313340684,0.05106678138499508
K382E,1038.0,1992.0,-1.3432434605324608,0.039562649877001026
K382F,576.0,1377.0,-1.02627473476897,0.0506172698497898
K382G,689.0,1641.0,-1.0316608044155169,0.046481764714078486
K382H,510.0,1905.0,-0.3824468770967231,0.050847747177108035
K382I,234.0,436.0,-1.3858569661072755,0.08164963520054844
K382L,621.0,1149.0,-1.39594505909381,0.050797739811030675
K382M,572.0,1367.0,-1.0267364851409004,0.0507893751352889
K382N,759.0,2365.0,-0.6439925226660042,0.042897002097098104
K382P,809.0,1047.0,-1.9116022271387738,0.04786434243797916
K382Q,1137.0,2889.0,-0.9383177530791706,0.036406798445880614
K382R,984.0,3976.0,-0.269071504673593,0.036980726794134555
K382S,719.0,1880.0,-0.8969914130852361,0.04497253831501791
K382T,1309.0,3311.0,-0.9448527585265825,0.03414344223486726
K382V,678.0,1249.0,-1.4022414372449177,0.04873760867898728
K382W,984.0,3932.0,-0.2851258992915402,0.03701875990834232
K382Y,771.0,1814.0,-1.0492870761103927,0.04413706847735125
K382_,651.0,1516.0,-1.064120347552076,0.0479115525530234
K384A,525.0,1704.0,-0.5851310134163885,0.050905722055677345
K384C,476.0,891.0,-1.3791982663545932,0.05764489534058363
K384D,361.0,1421.0,-0.3068420062439561,0.059779152587389
K384E,585.0,2564.0,-0.15177931031044078,0.046895655091606765
K384F,773.0,1746.0,-1.1081451688643846,0.044341793253167464
K384G,1643.0,4896.0,-0.7083827643513585,0.030210972654414244
K384H,120.0,423.0,-0.46611086414388936,0.10390604001424986
K384I,857.0,1060.0,-1.9769540764854603,0.04701117688562672
K384L,822.0,1605.0,-1.3182935718139346,0.0440385647780123
K384M,587.0,1220.0,-1.2282120204982903,0.051215523053952244
K384N,583.0,10350.0,1.8663197141975094,0.04372265553559676
K384P,500.0,1653.0,-0.5585814092110217,0.05200704679375081
K384Q,544.0,2086.0,-0.34460701048948295,0.04916707728324871
K384R,652.0,2299.0,-0.4656012632061417,0.04548081508107801
K384S,783.0,2263.0,-0.7525076859410635,0.042647721360125505
K384T,1385.0,9064.0,0.4266050520856446,0.030531275604796782
K384V,969.0,1587.0,-1.5719202482597,0.04197514435917479
K384W,897.0,1580.0,-1.4669102923097843,0.042982997310459924
K384Y,764.0,1667.0,-1.158048675895555,0.044817136394893826
K384_,952.0,4379.0,-0.08209189650291604,0.03712933005508858
K3A,979.0,12.0,-8.63266354795291,0.29049131249458476
K3C,453.0,23.0,-6.582858016758263,0.21393138661706623
K3D,106.0,1570.0,1.6048534735004711,0.10084555948327034
K3E,423.0,1922.0,-0.09979583995089403,0.05462705246336183
K3F,392.0,798.0,-1.2581316400366713,0.06248110401740413
K3G,843.0,55.0,-6.221431944730412,0.1395154272622429
K3H,98.0,618.0,0.37298131397069856,0.1091831177344949
K3I,298.0,91.0,-3.994911770770372,0.12017991317146673
K3L,594.0,5.0,-9.173180812911403,0.4487583844821139
K3M,355.0,609.0,-1.5050417537712768,0.06751775411967602
K3N,350.0,1636.0,-0.05893448769791387,0.059733745336999114
K3P,284.0,19.0,-6.1847592987979425,0.23711750540028592
K3Q,1144.0,2895.0,-0.9441793393636182,0.03632294152486814
K3R,641.0,4980.0,0.6740818626041705,0.043135330903624855
K3S,1028.0,2176.0,-1.2018171197968703,0.03914237847313706
K3T,456.0,83.0,-4.741356420250856,0.1197476163417921
K3V,487.0,0.0,-17.85531178362133,10.000107657511732
K3W,188.0,92.0,-3.314594834461505,0.12762078900667737
K3Y,411.0,601.0,-1.7354325078433934,0.06478203879134933
K3_,409.0,9.0,-7.7881132081293645,0.33694589363490735
K64A,219.0,574.0,-0.8935688820066376,0.08004965570253303
K64C,411.0,825.0,-1.2784098970242272,0.061196023106285746
K64D,700.0,948.0,-1.8461212624344192,0.050825270407165724
K64E,397.0,853.0,-1.1802607001426315,0.061570799392059866
K64F,303.0,295.0,-2.322249555988278,0.08239995518978836
K64G,257.0,583.0,-1.101951872991977,0.07553774903814368
K64H,259.0,1257.0,-0.004731585400364224,0.06896527611977656
K64I,608.0,2085.0,-0.5057606620094601,0.04716078556606487
K64L,643.0,2059.0,-0.6046102506400404,0.046267396321869804
K64M,416.0,1337.0,-0.5993278652419587,0.05702229239733957
K64N,175.0,616.0,-0.46813159625503786,0.08623876953100984
K64P,646.0,1276.0,-1.301636775093871,0.04930996318376265
K64Q,503.0,2017.0,-0.28008875799796584,0.050829433472959706
K64R,316.0,1151.0,-0.4187897579486686,0.06428899517818953
K64S,869.0,11909.0,1.4928888895697487,0.03653109193372069
K64T,351.0,1106.0,-0.6278676156474488,0.0620716403665171
K64V,290.0,365.0,-1.9518146660848776,0.07929453843850129
K64W,439.0,647.0,-1.7241138002707181,0.0626357685683407
K64Y,537.0,3557.0,0.443996163483261,0.04736152036829492
K64_,439.0,6.0,-8.474393009377645,0.4108126329847382
K67A,600.0,2120.0,-0.462635388553319,0.04730909717149867
K67C,549.0,733.0,-1.8666475552441844,0.05731940520543339
K67D,425.0,532.0,-1.9596914307574798,0.06582070820149798
K67E,1204.0,932.0,-2.653078043035392,0.044758503598627555
K67F,244.0,1624.0,0.45090032961047655,0.06938132565610182
K67G,416.0,5175.0,1.3532235292540782,0.05193111408055548
K67H,133.0,614.0,-0.0769205708343117,0.09615968791323375
K67I,313.0,2.0,-9.566517445225708,0.7076772144259125
K67L,393.0,11.0,-7.441327655739664,0.30572994907152673
K67M,197.0,858.0,-0.16092240675971947,0.07963157635136159
K67N,439.0,542.0,-1.9795823412160996,0.06498194170847885
K67P,269.0,933.0,-0.4894152675476944,0.06992102472960399
K67Q,739.0,1075.0,-1.7429637193813035,0.04881804445818381
K67R,368.0,716.0,-1.323413240638585,0.06491349551911697
K67S,135.0,568.0,-0.21079794849092526,0.09626633385457428
K67T,380.0,677.0,-1.4505082478942564,0.06487224869770594
K67V,444.0,2.0,-10.070900865651804,0.7070109300679457
K67W,394.0,19.0,-6.657049816683542,0.235035561639595
K67Y,51.0,424.0,0.7715982764259142,0.14853366640602278
K67_,818.0,0.0,-18.60347886740762,10.000066114523463
K68A,2997.0,4328.0,-1.7534680730212138,0.025778573567674552
K68C,365.0,1043.0,-0.7689029124370563,0.06162978536843459
K68D,340.0,1053.0,-0.65277795389279,0.06317091469402474
K68E,232.0,602.0,-0.9080475452641865,0.07791711569047279
K68F,371.0,989.0,-0.8691209725984752,0.06169500108413802
K68G,179.0,899.0,0.0446489727593633,0.08245259652033907
K68H,100.0,469.0,-0.05417358673035011,0.11059370098701382
K68I,630.0,3685.0,0.2645738929576411,0.044254513603121104
K68L,786.0,4857.0,0.3438008763816778,0.03972344807368692
K68M,378.0,1406.0,-0.38853745816701135,0.058791845122477364
K68N,619.0,3066.0,0.024679773281543582,0.04518246873791678
K68P,442.0,2217.0,0.04281635515099058,0.05304023102899594
K68Q,571.0,1571.0,-0.8235435606385355,0.04987616562971627
K68R,408.0,2049.0,0.04460260031447216,0.05512510121637633
K68S,465.0,1842.0,-0.29770076101114373,0.05285066227270871
K68T,649.0,14225.0,2.170397141002111,0.041363304099096186
K68V,325.0,1328.0,-0.25293801081630196,0.06268692591639324
K68W,355.0,180.0,-3.2634306172289884,0.09204284268578396
K68Y,204.0,762.0,-0.38247794814873526,0.07945977056017074
K68_,572.0,2.0,-10.436349065035252,0.7066544239538115
L115A,159.0,1077.0,0.4761942340705696,0.08554077992541131
L115C,461.0,2040.0,-0.1379417340574136,0.05252770618383259
L115D,107.0,9.0,-5.85372271331469,0.3470339007589504
L115E,257.0,115.0,-3.443713194802882,0.11263041853956346
L115F,217.0,2113.0,0.9998181571330527,0.07198025424641678
L115G,181.0,331.0,-1.4128426076283054,0.09298080080096448
L115H,313.0,792.0,-0.9443381108188253,0.06750712797364641
L115I,281.0,455.0,-1.5883712263872436,0.07652556444770402
L115K,178.0,1100.0,0.3438384368486229,0.08140368831577506
L115M,189.0,1508.0,0.7124635169672286,0.07780531364977912
L115N,187.0,338.0,-1.4296974962965576,0.09168214592006874
L115P,475.0,3.0,-9.585698596381064,0.5783000504550939
L115Q,265.0,210.0,-2.619236781891634,0.09292435861785357
L115R,168.0,1202.0,0.5551818802476998,0.08296856270174971
L115S,158.0,775.0,0.01055105242073573,0.08785690184448368
L115T,122.0,265.0,-1.1646006046031356,0.10986040193511881
L115V,434.0,827.0,-1.3534715178352927,0.06010894687890069
L115W,148.0,523.0,-0.4625041286963434,0.09363826930369953
L115Y,269.0,1532.0,0.22604599767773692,0.066857214116231
L115_,390.0,4.0,-8.88741307671596,0.5020362649457343
L142A,143.0,6.0,-6.856255238019907,0.4165113263584415
L142C,272.0,279.0,-2.2469908680722854,0.08579191252519194
L142D,472.0,1.0,-11.15196632957415,0.9961513062686884
L142E,505.0,4.0,-9.260213916835003,0.501454417978176
L142F,351.0,1588.0,-0.10601204798642616,0.05982020174803987
L142G,545.0,31.0,-6.419125277992437,0.18488457658994814
L142H,415.0,0.0,-17.624506487266363,10.000125469032358
L142I,321.0,1858.0,0.24942011300266387,0.06126331598166404
L142K,339.0,1.0,-10.674476734847694,0.9965684077333763
L142M,557.0,432.0,-2.6502865287199997,0.06488356521363096
L142N,281.0,0.0,-17.061981858482913,10.000182918732962
L142P,305.0,4.0,-8.532758504411646,0.5027474072844383
L142Q,136.0,1.0,-9.356861632831414,0.9987748626979837
L142R,343.0,0.0,-17.349611024354584,10.000150758003429
L142S,614.0,5.0,-9.22095574636052,0.44869728355636695
L142T,703.0,419.0,-3.0302085436936315,0.06252078579314237
L142V,349.0,2103.0,0.3074674233671253,0.05865639117037722
L142W,356.0,3.0,-9.169658476494117,0.5789081441653318
L142Y,495.0,3.0,-9.645198380982222,0.5782265046914837
L142_,465.0,1.0,-11.130410646324783,0.9961673138513809
L14A,433.0,1280.0,-0.7199651749760765,0.05648429233933829
L14C,285.0,2425.0,0.805258244224559,0.06341004770910756
L14D,444.0,512.0,-2.078068189693661,0.06561329345771738
L14E,470.0,139.0,-4.041150789817551,0.09706264612958518
L14F,393.0,4215.0,1.139250119060112,0.05367986378766293
L14G,345.0,552.0,-1.6055917839261582,0.06935303881929661
L14H,425.0,1306.0,-0.664050756157966,0.056730879010091925
L14I,266.0,18.0,-6.168258402946111,0.2436878773424459
L14K,38.0,0.0,-14.175811317802225,10.001320346933474
L14M,220.0,2404.0,1.1661538849041042,0.07114095506985647
L14N,405.0,756.0,-1.3832002200096527,0.06238288676819938
L14P,226.0,1.0,-10.089535512029874,0.9973080811773498
L14Q,635.0,244.0,-3.663487045830597,0.07597885853690732
L14R,369.0,3.0,-9.221400623912494,0.5788226698900609
L14S,339.0,788.0,-1.066761900171855,0.06571606211524109
L14T,305.0,22.0,-6.07627350097501,0.2209350370865211
L14V,121.0,5.0,-6.877819867862857,0.45603113287768177
L14W,239.0,494.0,-1.2361787428253006,0.07942286684336965
L14Y,181.0,0.0,-16.427429789504757,10.000281214673512
L14_,173.0,1.0,-9.704004332966743,0.9979873939657863
L165A,341.0,286.0,-2.537396464337485,0.08080013902594516
L165C,857.0,4320.0,0.05000270041642274,0.038705869984835474
L165D,269.0,3856.0,1.5577290763682154,0.06384735901151244
L165E,580.0,1984.0,-0.5093783897762547,0.048248873771587805
L165F,221.0,2893.0,1.4267397485952866,0.07049935309267431
L165G,431.0,658.0,-1.6732598408186652,0.06276688158365927
L165H,575.0,1935.0,-0.5329659371015287,0.04853564959936817
L165I,316.0,1853.0,0.26818054143097925,0.061676050567994176
L165K,425.0,57.0,-5.181857887973301,0.14139831693109492
L165M,600.0,348.0,-3.069505791145973,0.06811707153176216
L165N,334.0,4491.0,1.4654287249597995,0.05758823922284538
L165P,333.0,0.0,-17.30692588831115,10.000155135232806
L165Q,437.0,2870.0,0.43166955768665094,0.052311794993452974
L165R,614.0,3.0,-9.956002862796026,0.5778878502693509
L165S,713.0,4383.0,0.3362797466963925,0.04159897213906387
L165T,267.0,810.0,-0.6826020634261756,0.07127093826143359
L165V,488.0,1492.0,-0.6713734188625748,0.05309605474601878
L165W,669.0,16.0,-7.668630570627312,0.25309192749738085
L165Y,524.0,265.0,-3.2671955518174194,0.0760369577026705
L165_,277.0,0.0,-17.041298445677533,10.000185487973548
L168A,277.0,1057.0,-0.3516689456249855,0.06823385318170301
L168C,417.0,1662.0,-0.28887283075367076,0.05567334211980861
L168D,343.0,123.0,-3.7631230417285932,0.10556800258058878
L168E,322.0,425.0,-1.8832567131616145,0.07455330529403478
L168F,305.0,1202.0,-0.3051275579760011,0.0648871078246278
L168G,281.0,783.0,-0.8052387463107831,0.07025333455471955
L168H,374.0,765.0,-1.2512462458304556,0.06388046379236821
L168I,318.0,2063.0,0.41395876877938065,0.06106635509795531
L168K,306.0,1158.0,-0.3636510003174749,0.0650479312652643
L168M,342.0,1533.0,-0.11939131372032996,0.06063017794446139
L168N,593.0,1708.0,-0.7574599247458913,0.0486991249127992
L168P,577.0,4186.0,0.575259522978703,0.04551680005527456
L168Q,641.0,1686.0,-0.8884536834995638,0.047465463811530745
L168R,335.0,0.0,-17.315564547940973,10.00015423888154
L168S,373.0,1107.0,-0.7142659666300482,0.06069632095768814
L168T,536.0,3274.0,0.32707889888941377,0.04765384112966621
L168V,332.0,2182.0,0.4327111048070762,0.059750032723846866
L168W,562.0,1572.0,-0.7997053189842811,0.05015248684239062
L168Y,409.0,509.0,-1.968090124656939,0.06715163318568328
L168_,504.0,0.0,-17.904812745832533,10.00010419463292
L176A,485.0,1749.0,-0.43319586841432756,0.052281747061561586
L176C,461.0,1041.0,-1.1085340309586122,0.056829321720063615
L176D,291.0,192.0,-2.8835352880147385,0.09351035241274294
L176E,272.0,185.0,-2.8397044465500265,0.09581891547899278
L176F,495.0,1561.0,-0.626697803898197,0.05254129797606251
L176G,469.0,4233.0,0.8903453003078083,0.04968103374397688
L176H,53.0,150.0,-0.7829257764788826,0.16009498231850972
L176I,223.0,41.0,-4.726708762702443,0.17020051780912512
L176K,232.0,2535.0,1.1660845361254282,0.06931414504925462
L176M,510.0,3684.0,0.5690315295364936,0.04829083878991648
L176N,896.0,2509.0,-0.798116525937576,0.040180075249165365
L176P,338.0,703.0,-1.2271687259718833,0.06693850254166096
L176Q,170.0,371.0,-1.1578095432406998,0.09315131763596664
L176R,129.0,829.0,0.4002585983721687,0.0951704317007392
L176S,612.0,1790.0,-0.7353074920107643,0.04787935070471243
L176T,479.0,802.0,-1.5400835571974412,0.05860309064035899
L176V,310.0,138.0,-3.4511899549041365,0.1028171680419841
L176W,566.0,199.0,-3.7916346238982443,0.08301471108865281
L176Y,413.0,849.0,-1.244043174692707,0.06081864192840761
L176_,439.0,3.0,-9.471994513329127,0.5784492907417079
L17A,302.0,108.0,-3.7670794389797964,0.11255828061444739
L17C,530.0,2231.0,-0.21004251298085297,0.04934369499399773
L17D,246.0,0.0,-16.870077348002134,10.000208232397423
L17E,1168.0,581.0,-3.2910657341777223,0.05174083226192977
L17F,395.0,144.0,-3.739368189348122,0.09785376641396545
L17G,75.0,224.0,-0.7052397183034866,0.13377390670410164
L17H,310.0,2.0,-9.552623449609396,0.7076990575839746
L17I,239.0,134.0,-3.1183783282177586,0.1083783693741014
L17K,267.0,4.0,-8.34079573545791,0.5032112405186441
L17M,741.0,132.0,-4.772493799385872,0.09499741601286806
L17N,355.0,575.0,-1.5879206250947568,0.06823296965921842
L17P,644.0,7.0,-8.80517284374196,0.3798762155901446
L17Q,484.0,45.0,-5.71036739304488,0.15615112538944775
L17R,583.0,2.0,-10.463829325579916,0.7066310849049119
L17S,353.0,55.0,-4.965591252309861,0.1452966270643959
L17T,176.0,1591.0,0.892565592595159,0.08006149404612159
L17V,738.0,2426.0,-0.5667747806676413,0.04320891739494191
L17W,358.0,100.0,-4.123503631320036,0.11354309342328124
L17Y,339.0,11.0,-7.22808946403512,0.3063920735519757
L17_,1286.0,6.0,-10.024969162756566,0.40898259854076696
L191A,294.0,2149.0,0.5860870575421435,0.06297929263476311
L191C,358.0,2405.0,0.464323093991057,0.057522453451202146
L191D,492.0,4839.0,1.0143043692131428,0.048362679336543514
L191E,434.0,3743.0,0.8247507054534404,0.051682443197908386
L191F,657.0,1062.0,-1.5908378914848438,0.050630756122162994
L191G,630.0,3810.0,0.3127001429097924,0.044153808360710214
L191H,464.0,3500.0,0.6314832334013083,0.0504049137892962
L191I,326.0,1323.0,-0.26281216497982385,0.06263432488653084
L191K,163.0,801.0,0.013211775115658853,0.08650336832881465
L191M,408.0,5770.0,1.5382493942177056,0.052192395453009875
L191N,219.0,1619.0,0.6023952387772864,0.07268754267694093
L191P,356.0,2200.0,0.34387240262275576,0.0579936992105624
L191Q,562.0,4237.0,0.6307308196886408,0.045990859522615155
L191R,460.0,4236.0,0.9193208583045633,0.05009743398268275
L191S,491.0,3155.0,0.40017225784182564,0.04953171209008554
L191T,603.0,16762.0,2.513221413388994,0.04263592270656847
L191V,466.0,2748.0,0.27630642740708655,0.05108416868479519
L191W,443.0,180.0,-3.5829102187793263,0.08895138119737808
L191Y,492.0,1590.0,-0.5913717123545421,0.05254732889836455
L191_,289.0,2.0,-9.451428108416712,0.7078646350784741
L195A,930.0,37395.0,3.0458077221967272,0.03466719903219437
L195C,663.0,1780.0,-0.8588651971356311,0.04658200694465562
L195D,403.0,1779.0,-0.14146093007983662,0.056064733046636145
L195E,278.0,1583.0,0.22581367854973156,0.06579146419033852
L195F,445.0,1142.0,-0.9239823851791016,0.05676799702452598
L195G,512.0,3554.0,0.5115558400761282,0.04831433597185709
L195H,310.0,1528.0,0.017619318712726262,0.06308695802665619
L195I,459.0,1880.0,-0.24950516182181026,0.05301254318822
L195K,493.0,5071.0,1.0789362964425586,0.048222107947265364
L195M,402.0,1584.0,-0.30536985863507216,0.05673293006990429
L195N,615.0,3507.0,0.22791176257316703,0.04484360493490022
L195P,673.0,5346.0,0.7061146817169215,0.042103839648772165
L195Q,304.0,2009.0,0.44064605219837105,0.06234532044191554
L195R,520.0,2420.0,-0.065246271137954,0.049356633516806914
L195S,637.0,3578.0,0.20612148588068724,0.0441490082702746
L195T,980.0,5122.0,0.10219368601252032,0.0362691260347022
L195V,376.0,1966.0,0.10277971589031498,0.057166109243015975
L195W,607.0,400.0,-2.8853322249286046,0.06517033617225629
L195Y,404.0,1944.0,-0.01707527566591338,0.05558239650695736
L195_,647.0,8.0,-8.619489965349661,0.3556533876291522
L196A,423.0,2493.0,0.2754769875408005,0.05352520659000385
L196C,292.0,1662.0,0.22519137388111243,0.06423423736652592
L196D,575.0,4293.0,0.6166825741169992,0.045517610706453354
L196E,299.0,6500.0,2.158528290330524,0.05998359415943324
L196F,378.0,1292.0,-0.5105270771709707,0.05932315210393744
L196G,429.0,2993.0,0.5188659094178281,0.05258208542853107
L196H,483.0,3988.0,0.7618960560546588,0.04920282548746426
L196I,335.0,3511.0,1.105962031780261,0.05804842589642561
L196K,421.0,3030.0,0.5637481408317946,0.052963084358726084
L196M,700.0,4309.0,0.33826100164906636,0.04195758318015122
L196N,232.0,2041.0,0.8533763487261847,0.06999948889731122
L196P,425.0,3312.0,0.6784903291243998,0.05248459933709991
L196Q,213.0,1858.0,0.8411171923981922,0.07302493690215615
L196R,551.0,3582.0,0.4169709501177783,0.04683842289757405
L196S,306.0,2828.0,0.9244885095086763,0.06100236470538292
L196T,953.0,3822.0,-0.2798797125438912,0.03756015527911157
L196V,308.0,2178.0,0.538313474023016,0.06168953272986739
L196W,921.0,1503.0,-1.5770821257339929,0.04302222689136442
L196Y,445.0,2704.0,0.3195428181399391,0.05212271605380222
L196_,581.0,6.0,-8.878702201434585,0.4101344995867064
L210A,510.0,1.0,-11.263674439682774,0.9960720715220971
L210C,491.0,2.0,-10.216061103342597,0.706858452667406
L210D,621.0,5.0,-9.23731009435741,0.4486768261549664
L210E,564.0,32.0,-6.422774168040737,0.18196997426032943
L210F,293.0,630.0,-1.179223182134054,0.07141389986340411
L210G,613.0,4.0,-9.539812569751394,0.5011064450391202
L210H,532.0,3.0,-9.749194074529441,0.5781050020843599
L210I,581.0,48.0,-5.880804161487176,0.15049900540966715
L210K,354.0,1.0,-10.736939018567776,0.9965056973041548
L210M,916.0,222.0,-4.328386694747497,0.07547058131737305
L210N,637.0,2.0,-10.591624716888383,0.7065281931933699
L210P,188.0,0.0,-16.48216978644968,10.000270930425604
L210Q,349.0,11.0,-7.270030007734833,0.30625411777794964
L210R,175.0,0.0,-16.378797746908603,10.000290684530123
L210S,576.0,32.0,-6.4531472841832045,0.18186845326835668
L210T,510.0,22.0,-6.817942492543012,0.21793222673579135
L210V,507.0,5.0,-8.944707796765982,0.4490801286922492
L210W,305.0,0.0,-17.180216930866568,10.000168918419716
L210Y,479.0,4.0,-9.183957735576238,0.5015615750733394
L210_,382.0,1.0,-10.846759309390503,0.9964018056580812
L212A,546.0,2244.0,-0.24456818188749008,0.04875361523443181
L212C,393.0,2237.0,0.22528577075563305,0.05559951155706634
L212D,279.0,2.0,-9.400625526938246,0.7079522262390527
L212E,341.0,9.0,-7.525791138077743,0.3376685839164688
L212F,314.0,600.0,-1.3494719665893662,0.0703638169941671
L212G,599.0,2726.0,-0.09750914644003483,0.04621767650197424
L212H,1550.0,39.0,-7.595937722531939,0.16241744281343926
L212I,194.0,300.0,-1.6547684344054714,0.09266828804630044
L212K,193.0,8.0,-6.874377551676256,0.3607282074732348
L212M,509.0,2589.0,0.06298662484047846,0.04950416010741963
L212N,630.0,6.0,-8.995513935130619,0.4099712713978536
L212P,694.0,7.0,-8.913046204245836,0.37972894237774024
L212Q,684.0,56.0,-5.893909091532107,0.13934036557604815
L212R,430.0,0.0,-17.675730597961785,10.00012126642527
L212S,215.0,784.0,-0.4171797123438683,0.0776289656007087
L212T,604.0,2014.0,-0.5462215014262153,0.04745460452255416
L212V,399.0,841.0,-1.2079499568078846,0.06160410094523836
L212W,1215.0,311.0,-4.249583322124915,0.06432872677020757
L212Y,223.0,98.0,-3.469755550870439,0.12160164577636083
L212_,918.0,4.0,-10.12241183022053,0.5005653676131412
L214A,285.0,27.0,-5.683095002248685,0.2015732854608982
L214C,276.0,1.0,-10.377869442353887,0.9969061555303009
L214D,494.0,1.0,-11.217689150605336,0.9961039485514742
L214E,169.0,0.0,-16.328468998042098,10.000300826752856
L214F,743.0,6.0,-9.233520834572442,0.40967675536358233
L214G,337.0,0.0,-17.324151788203558,10.000153353169063
L214H,407.0,1.0,-10.938213145846579,0.996321116853632
L214I,499.0,1815.0,-0.42081114311787093,0.051524216691651824
L214K,487.0,0.0,-17.85531178362133,10.000107657511732
L214M,558.0,81.0,-5.067767071897685,0.11931493418409993
L214N,570.0,2.0,-10.431295925805456,0.7066587641112929
L214P,763.0,1.0,-11.844850869865702,0.9957456626122914
L214Q,439.0,7.0,-8.252343556078207,0.38082938527915977
L214R,562.0,6.0,-8.830735007726606,0.4102054299361514
L214S,453.0,4.0,-9.103444858527432,0.5016810055106015
L214T,611.0,17.0,-7.450388953707237,0.24601910088529422
L214V,425.0,197.0,-3.3928759334831025,0.08676742582861577
L214W,520.0,6.0,-8.718678573900888,0.4103805635269218
L214Y,736.0,0.0,-18.451085755473628,10.000072924388578
L214_,249.0,0.0,-16.887564068179525,10.00020578382632
L218A,581.0,4.0,-9.462464955690848,0.5011960846546973
L218C,404.0,46.0,-5.418019649194872,0.1559147450351545
L218D,427.0,3.0,-9.432010566949257,0.578504619729996
L218E,482.0,1.0,-11.182211982315048,0.9961292444019657
L218F,929.0,9.0,-8.97167121774886,0.3349089755717908
L218G,834.0,9.0,-8.816041773744093,0.33509197786746053
L218H,496.0,7.0,-8.428458960391596,0.3804855537818731
L218I,791.0,1248.0,-1.625786352300771,0.04653276318020445
L218K,371.0,0.0,-17.4628184604705,10.000139757075226
L218M,668.0,22.0,-7.207286657366978,0.21686561082933928
L218N,606.0,2.0,-10.519650296661442,0.7065850207123372
L218P,436.0,0.0,-17.695721611448253,10.000119666347771
L218Q,349.0,16.0,-6.729871168782944,0.25578511530292564
L218R,572.0,6.0,-8.856179575502996,0.41016751232158627
L218S,849.0,11.0,-8.55254318047803,0.3034867042723222
L218T,305.0,157.0,-3.2416481037226914,0.0987290130062762
L218V,433.0,486.0,-2.1170623524908896,0.06683413960259876
L218W,379.0,19.0,-6.601053484567559,0.2352491474945954
L218Y,519.0,17.0,-7.214955297733995,0.24660800620592016
L218_,473.0,19.0,-6.9206882550356505,0.23413207553544968
L21A,228.0,661.0,-0.7480730095269426,0.07744949882624874
L21C,288.0,1462.0,0.060114361783103476,0.06523731608773344
L21D,365.0,7.0,-7.986025742821833,0.381435209727485
L21E,194.0,31.0,-4.928973593096671,0.19365394761793026
L21F,226.0,532.0,-1.048581251432787,0.08002538845109823
L21G,261.0,228.0,-2.4786559902478826,0.09119681619428403
L21H,313.0,1.0,-10.559357653652842,0.9966913323129
L21I,377.0,5712.0,1.6376758012791295,0.0541048533522425
L21K,259.0,2.0,-9.29331649565853,0.7081476600976664
L21M,362.0,6807.0,1.9492717658933438,0.054855062738052046
L21N,421.0,341.0,-2.587688462714138,0.07353585325744845
L21P,1359.0,14.0,-8.88360331387005,0.26872519996006183
L21Q,1060.0,15.0,-8.425658095811233,0.2601258446526413
L21R,540.0,0.0,-18.004346511093274,10.000097581196723
L21S,504.0,551.0,-2.155021864511162,0.062439992074074
L21T,248.0,1305.0,0.11194265620784982,0.06998706330936659
L21V,208.0,6079.0,2.5854635919361164,0.07121641346630235
L21W,621.0,8.0,-8.560318455143909,0.35574434780325676
L21Y,203.0,1.0,-9.93469969911919,0.9975593674160421
L21_,493.0,5.0,-8.904310504191994,0.44914248376610705
L224A,571.0,7.0,-8.631605764958763,0.38013741076885027
L224C,361.0,15.0,-6.87169092627951,0.26361349377588794
L224D,475.0,13.0,-7.473913026422971,0.2811920794442353
L224E,393.0,3.0,-9.312306732544329,0.5786796990013632
L224F,202.0,1766.0,0.844346887435572,0.07494207159178301
L224G,541.0,4.0,-9.359557222031565,0.5013230187916017
L224H,511.0,70.0,-5.1513666198647545,0.127829568274515
L224I,487.0,0.0,-17.85531178362133,10.000107657511732
L224K,337.0,4.0,-8.67669336174864,0.5024377031055246
L224M,147.0,54.0,-3.7282638487811184,0.15942761381128792
L224N,238.0,4.0,-8.174924150733261,0.5036644504425306
L224P,807.0,1.0,-11.925735455392177,0.9957097809184463
L224Q,403.0,4.0,-8.934717598228275,0.5019538848418688
L224R,395.0,3.0,-9.319629887482513,0.5786685674873104
L224S,605.0,27.0,-6.769041451369923,0.1969162406559142
L224T,368.0,2.0,-9.80005366573001,0.7073397848083679
L224V,412.0,0.0,-17.614039741343174,10.000126346274472
L224W,435.0,0.0,-17.69240895347311,10.00011992996216
L224Y,160.0,1.0,-9.591310975472961,0.9982226380913259
L224_,617.0,7.0,-8.743383625079872,0.3799656399289259
L227A,309.0,1.0,-10.540802431271992,0.9967120782973369
L227C,508.0,19.0,-7.023674467067758,0.2338208155262392
L227D,437.0,5.0,-8.730359887259148,0.44943174282300785
L227E,357.0,1.0,-10.749113390052107,0.9964937871287572
L227F,330.0,245.0,-2.7133171162425063,0.08492051086712941
L227G,649.0,1.0,-11.611389612298634,0.9958612524376235
L227H,277.0,0.0,-17.041298445677533,10.000185487973548
L227I,140.0,119.0,-2.5180950777591242,0.12507924732694514
L227K,424.0,0.0,-17.65545867770338,10.000122911786644
L227M,499.0,2504.0,0.04345168377068376,0.0500314219409905
L227N,334.0,0.0,-17.311251684004727,10.00015468571538
L227P,977.0,32.0,-7.21542675464401,0.1798988168403922
L227Q,647.0,2.0,-10.614096706579442,0.7065110224719592
L227R,612.0,5.0,-9.216248820468216,0.4487032143078598
L227S,589.0,1.0,-11.471441032559255,0.9959400533382251
L227T,532.0,16.0,-7.338056158772885,0.25385121963959234
L227V,558.0,40.0,-6.085506450716738,0.1639684422042188
L227W,264.0,3.0,-8.738333286818198,0.5797529343021235
L227Y,934.0,34.0,-7.063055093047829,0.17485303822482715
L227_,1086.0,4.0,-10.364867443487988,0.5003970187114748
L253A,569.0,2978.0,0.10417467813816561,0.0468300006833237
L253C,649.0,3841.0,0.28152509929067104,0.04360014214782765
L253D,768.0,0.0,-18.51248548340552,10.00007009386819
L253E,620.0,3.0,-9.970032195316719,0.577874213588497
L253F,795.0,6701.0,0.7916856396308725,0.03881871901744213
L253G,827.0,1825.0,-1.141720318116572,0.04309214919496703
L253H,792.0,116.0,-5.054917483722109,0.0999118249984036
L253I,789.0,7851.0,1.0311147644159155,0.0386600453188501
L253K,330.0,2.0,-9.642818438151032,0.7075609266446741
L253M,427.0,1826.0,-0.18729510312257336,0.05467470671624808
L253N,544.0,11.0,-7.910394805286637,0.3045727150377802
L253P,570.0,49.0,-5.823487185574628,0.1491917231893065
L253Q,699.0,58.0,-5.874587578370917,0.1369993349144329
L253R,768.0,3.0,-10.27886580664582,0.577605224957505
L253S,494.0,1772.0,-0.44087341343049147,0.051849757182798606
L253T,1290.0,4973.0,-0.33691092503438913,0.03280379773981684
L253V,195.0,2054.0,1.1131751859788714,0.07559504349747467
L253W,405.0,1231.0,-0.679834961235632,0.05814836043292142
L253Y,743.0,3417.0,-0.08236707097565432,0.04169348057456067
L253_,451.0,2.0,-10.093468118240366,0.706986208808838
L269A,531.0,240.0,-3.4292925212371346,0.07841882852056298
L269C,395.0,927.0,-1.052952282872603,0.06091087252089402
L269D,665.0,148.0,-4.451329391097435,0.09143223137110688
L269E,676.0,586.0,-2.489767312125725,0.057319625583260536
L269F,734.0,124.0,-4.848991263825366,0.09760154186289516
L269G,577.0,219.0,-3.681247585166262,0.07999306011875863
L269H,570.0,309.0,-3.166981710900858,0.07134642464453067
L269I,292.0,733.0,-0.9558329032785533,0.06991848125917048
L269K,874.0,17.0,-7.966842748266015,0.24501615302707141
L269M,547.0,2661.0,-0.0013131885331620907,0.047997220767294964
L269N,608.0,165.0,-4.16518960206614,0.08834457799983299
L269P,924.0,2074.0,-1.1172055279585456,0.040794767062464384
L269Q,767.0,553.0,-2.755587826387154,0.05667332201866543
L269R,568.0,13.0,-7.731871469838866,0.28057850788980293
L269S,835.0,551.0,-2.8833629814364903,0.05578759217711255
L269T,771.0,3468.0,-0.11436142649574377,0.04105077026593323
L269V,464.0,760.0,-1.5717855042627784,0.05975545184842061
L269W,499.0,41.0,-5.888669086159603,0.16275159067426867
L269Y,723.0,26.0,-7.0805253048733725,0.19982410735812037
L269_,454.0,0.0,-17.754084462079742,10.000115119865077
L26A,306.0,20.0,-6.218433734628299,0.23096037637336087
L26C,303.0,11.0,-7.0661270405356,0.30696344791627994
L26D,308.0,3.0,-8.96071790163788,0.5792860928375333
L26E,444.0,289.0,-2.9031207651753537,0.07623716489238344
L26F,389.0,225.0,-3.0734661301540855,0.08434862668937772
L26G,487.0,366.0,-2.69571633820376,0.06989511866083263
L26H,405.0,51.0,-5.272753531750032,0.1489056410989922
L26I,274.0,2629.0,0.9785711711829608,0.06426265680068828
L26K,520.0,6.0,-8.718678573900888,0.4103805635269218
L26M,487.0,13775.0,2.5383101518274174,0.04717792972776439
L26N,580.0,34.0,-6.375694870860078,0.17671174503413145
L26P,406.0,6.0,-8.36165446811198,0.4110379064045813
L26Q,232.0,59.0,-4.258803633633787,0.14613779536433516
L26R,341.0,1.0,-10.682962951139487,0.9965597278247758
L26S,170.0,23.0,-5.168934727546852,0.2223537459356948
L26T,258.0,1134.0,-0.14771353362766426,0.06969548839945293
L26V,366.0,3594.0,1.0119914440977675,0.05576936815919749
L26W,221.0,2.0,-9.064420344769195,0.7086162119579459
L26Y,235.0,9.0,-6.988699238438621,0.33962147358461664
L26_,449.0,8.0,-8.09244953098229,0.3566102674582558
L276A,706.0,1041.0,-1.7234246038658299,0.04976778069977487
L276C,727.0,3570.0,0.012232993851507779,0.04189778103969898
L276D,1045.0,3.0,-10.723185553551644,0.5773063815347075
L276E,746.0,3.0,-10.236935680156519,0.5776384631617757
L276F,287.0,22.0,-5.988517961743277,0.22139988423464926
L276G,406.0,129.0,-3.9376803711348494,0.10155858666593032
L276H,923.0,9.0,-8.962323369961368,0.3349194218334471
L276I,648.0,2.0,-10.616324773061255,0.7065093345246702
L276K,536.0,12.0,-7.763599868168301,0.2919407464603242
L276M,814.0,281.0,-3.818073054856014,0.06990632485730366
L276N,522.0,25.0,-6.667148489675205,0.20493778179878297
L276P,718.0,7.0,-8.962093690633186,0.37966551925883674
L276Q,615.0,12.0,-7.961949820501186,0.29153001977494764
L276R,759.0,4.0,-9.848020854390116,0.5007932509522337
L276S,590.0,925.0,-1.6349184524180496,0.053626223238215295
L276T,504.0,58.0,-5.40272684184663,0.1390047146182103
L276V,817.0,20.0,-7.635208672292892,0.22649239196515641
L276W,756.0,7.0,-9.03649507106696,0.3795733158135013
L276Y,720.0,13.0,-8.073972084618841,0.27991540919304236
L276_,644.0,4.0,-9.610985051297662,0.5010280884549299
L283A,378.0,41.0,-5.488024759639476,0.16471048864951116
L283C,1470.0,3226.0,-1.1497230666475713,0.033016114535349785
L283D,616.0,3.0,-9.960694481834127,0.5778832752287902
L283E,497.0,5.0,-8.915968473859266,0.44912431046633905
L283F,578.0,16.0,-7.457697247605306,0.25355640727572076
L283G,706.0,57.0,-5.9140497194823345,0.13804712510198705
L283H,952.0,1.0,-12.164125632551215,0.9956150033687476
L283I,909.0,44.0,-6.65204089665982,0.15466745752742092
L283K,551.0,0.0,-18.03343888926163,10.000095732791408
L283M,590.0,46.0,-5.964368053112042,0.1533920075784861
L283N,852.0,96.0,-5.433261787479109,0.10811610773730813
L283P,817.0,20.0,-7.635208672292892,0.22649239196515641
L283Q,885.0,6.0,-9.485832963520942,0.4094131137547749
L283R,920.0,2.0,-11.121958238863042,0.7061863765435238
L283S,593.0,76.0,-5.2474433017831,0.12223866722163204
L283T,402.0,9.0,-7.763208480570356,0.33700906152727306
L283V,584.0,7.0,-8.664082826055086,0.3800861319468406
L283W,1018.0,51.0,-6.602475830181115,0.14382671426117724
L283Y,596.0,7.0,-8.693426290256086,0.3800407773502265
L283_,847.0,10.0,-8.686513131109944,0.31808888601001417
L285A,540.0,2721.0,0.04943622199797826,0.04815749214847538
L285C,491.0,2119.0,-0.17408192401390998,0.05107203527031694
L285D,698.0,272.0,-3.6432360224510347,0.07217198596343354
L285E,873.0,408.0,-3.381041675480705,0.060796368883967104
L285F,659.0,5246.0,0.7092002873802588,0.042518991247719705
L285G,707.0,2199.0,-0.6465963689488872,0.044373112815453544
L285H,1156.0,124.0,-5.504273518377861,0.09501960921255825
L285I,689.0,917.0,-1.8712354631830976,0.051397220660479394
L285K,825.0,3.0,-10.382152317195096,0.5775273465722528
L285M,756.0,2906.0,-0.3410855631395333,0.04203170425492392
L285N,339.0,239.0,-2.7879048572975798,0.0850500249854071
L285P,558.0,311.0,-3.126978015994731,0.07146488070045962
L285Q,560.0,858.0,-1.6681061350375774,0.05523573008354222
L285R,683.0,7.0,-8.889996454754037,0.3797594971271992
L285S,343.0,930.0,-0.8446524158179649,0.06395654815439993
L285T,459.0,720.0,-1.6341566486545425,0.060558131328655666
L285V,330.0,649.0,-1.3079170422197928,0.06834351038220784
L285W,817.0,210.0,-4.243543718629592,0.0780094169935754
L285Y,517.0,99.0,-4.668194043619866,0.11015445684328111
L285_,917.0,3.0,-10.534678177234902,0.5774220554912272
L286A,1140.0,485.0,-3.5166080890991824,0.0551254418934075
L286C,641.0,195.0,-4.000446765112646,0.08238808238662175
L286D,1120.0,50.0,-6.768799206100596,0.1448746557146318
L286E,615.0,38.0,-6.299806946344853,0.16743557509316487
L286F,563.0,2086.0,-0.3941343863400597,0.04853212720397263
L286G,768.0,2.0,-10.861433792226594,0.7063386723717546
L286H,371.0,0.0,-17.4628184604705,10.000139757075226
L286I,633.0,240.0,-3.6827817819298447,0.07645955031739948
L286K,403.0,3.0,-9.348556347923491,0.5786251442217277
L286M,730.0,5815.0,0.7101455328292952,0.040517019833043226
L286N,512.0,0.0,-17.927532375077334,10.000102644610774
L286P,613.0,4.0,-9.539812569751394,0.5011064450391202
L286Q,649.0,43.0,-6.199144679105781,0.15776891673508553
L286R,963.0,8.0,-9.193252734328865,0.354939673440931
L286S,704.0,5.0,-9.418289515838815,0.4484652145591976
L286T,650.0,175.0,-4.176672561800047,0.08574504632992756
L286V,792.0,103.0,-5.226382255887383,0.10521512048110811
L286W,911.0,4.0,-10.111368851364231,0.500573728128756
L286Y,799.0,7.0,-9.116303312777681,0.3794795344192009
L286_,873.0,0.0,-18.697358566966166,10.000062263713607
L30A,213.0,1.0,-10.004070065760665,0.9974434525700551
L30C,358.0,3.0,-9.177740596400877,0.5788945910832131
L30D,349.0,0.0,-17.3746287612992,10.000148252066651
L30E,854.0,2.0,-11.014561659442194,0.7062458496760072
L30F,94.0,6.0,-6.251025338714122,0.4208637941639111
L30G,337.0,2.0,-9.67310009702463,0.7075164483666859
L30H,583.0,3.0,-9.881261339999142,0.5779627721265531
L30I,462.0,38.0,-5.887121156096512,0.16903590535828522
L30K,403.0,2.0,-9.931124333504265,0.7071729503560625
L30M,834.0,25.0,-7.343135727376661,0.20318181189667395
L30N,627.0,0.0,-18.219848839823822,10.000084733980648
L30P,702.0,3.0,-10.149232292324879,0.5777111827302751
L30Q,307.0,5.0,-8.220979242448417,0.4505084207787459
L30R,205.0,1.0,-9.948843188120069,0.9975352808984198
L30S,590.0,3.0,-9.898480117455584,0.5779451669892335
L30T,354.0,1.0,-10.736939018567776,0.9965056973041548
L30V,923.0,8.0,-9.132048233366195,0.3550030603346433
L30W,667.0,5.0,-9.34040198515303,0.4485530539394753
L30Y,402.0,4.0,-8.931133349928974,0.5019600330823485
L30_,368.0,2.0,-9.80005366573001,0.7073397848083679
L331A,672.0,467.0,-2.808677267029153,0.06106693674176054
L331C,788.0,1123.0,-1.7725630764551021,0.047532087552433565
L331D,289.0,0.0,-17.102479799595642,10.000177993605107
L331E,614.0,4.0,-9.54216411310081,0.5011037941097238
L331F,618.0,41.0,-6.197230541683223,0.16156178138780028
L331G,670.0,1.0,-11.657331532909438,0.9958370051548007
L331H,929.0,3.0,-10.553434836802696,0.5774098580703801
L331I,852.0,4146.0,-0.0008666802743486635,0.03891923424332908
L331K,408.0,2.0,-9.948913208246793,0.7071514505600122
L331M,520.0,1619.0,-0.6451473835367274,0.051385963545613964
L331N,966.0,5.0,-9.87473171800952,0.44803548996921755
L331P,1384.0,2.0,-11.711091158232238,0.7059283191943065
L331Q,960.0,11.0,-8.729811067754207,0.30326225129072903
L331R,415.0,20.0,-6.6580010353606225,0.2290947596157384
L331S,807.0,1.0,-11.925735455392177,0.9957097809184463
L331T,636.0,14.0,-7.788168596274483,0.27027709051534254
L331V,935.0,2083.0,-1.1280319424578478,0.04061277733871592
L331W,602.0,7.0,-8.707877205298924,0.38001877614985563
L331Y,946.0,5.0,-9.844549028254686,0.4480599129347697
L331_,735.0,9.0,-8.633740969995605,0.3353328688746289
L33A,970.0,1105.0,-2.095660107799401,0.04511875763406882
L33C,362.0,16.0,-6.782632345185649,0.2555839048678619
L33D,408.0,2.0,-9.948913208246793,0.7071514505600122
L33E,156.0,135.0,-2.492220244897517,0.11796830155397693
L33F,224.0,1.0,-10.076712041611813,0.9973278860150792
L33G,271.0,31.0,-5.411188663453413,0.18983513553548337
L33H,518.0,528.0,-2.2560627037441767,0.0626433083816805
L33I,424.0,98.0,-4.396745437544159,0.11252240375252581
L33K,536.0,35.0,-6.220068957445431,0.1747246987994398
L33M,155.0,679.0,-0.15257647587363454,0.08957535908350556
L33N,597.0,1463.0,-0.9905353794338465,0.04958177128466008
L33P,387.0,1.0,-10.865519749567595,0.9963848344685865
L33Q,857.0,1479.0,-1.4964001446059414,0.04407710716562933
L33R,490.0,29.0,-6.361836998975064,0.19134122056874148
L33S,219.0,52.0,-4.357783809701861,0.15457324854909904
L33T,196.0,0.0,-16.54228764684237,10.000260076438963
L33V,514.0,142.0,-4.139451910688249,0.09532607703133864
L33W,370.0,8.0,-7.813266217053544,0.35727635049765827
L33Y,273.0,2.0,-9.369262492460251,0.7080078553240132
L33_,400.0,3.0,-9.337776777655195,0.5786412247847784
L345A,1239.0,623.0,-3.2755086139997234,0.050120081383715064
L345C,866.0,140.0,-4.9125018189563106,0.09163451287557213
L345D,788.0,8.0,-8.903915892959185,0.3552643809826073
L345E,619.0,8.0,-8.555664671198853,0.3557516602256391
L345F,611.0,565.0,-2.39656759809381,0.059214276164484915
L345G,488.0,1221.0,-0.9605556079999973,0.054478879819293356
L345H,926.0,6.0,-9.551166980039966,0.40935201101745883
L345I,418.0,148.0,-3.781490812113198,0.09616861969188031
L345K,754.0,7.0,-9.03267341073263,0.3795779374633255
L345M,483.0,749.0,-1.6507160859831718,0.05920525371577195
L345N,451.0,5.0,-8.775853016224087,0.44935271228528506
L345P,896.0,748.0,-2.5441052842895977,0.05052479978334686
L345Q,690.0,298.0,-3.4949045358429105,0.07003329458522586
L345R,664.0,66.0,-5.614096473500555,0.12944124971748522
L345S,453.0,138.0,-3.998418099098166,0.09774008612902932
L345T,489.0,14.0,-7.40898311490081,0.2711500530909457
L345V,937.0,778.0,-2.551923753971026,0.04952141849412305
L345W,661.0,37.0,-6.442333064703515,0.16921104193702277
L345Y,766.0,1308.0,-1.5117095686466757,0.046581133870009804
L345_,918.0,2.0,-11.118818565496522,0.7061880531849383
L350A,317.0,899.0,-0.7798391950454615,0.06608044490704852
L350D,525.0,11.0,-7.859106536347933,0.3046819043955677
L350E,534.0,5104.0,0.9730444842230499,0.0465656996811192
L350F,851.0,5647.0,0.44659118831328914,0.038104790846218164
L350G,1534.0,1986.0,-1.911083008368633,0.03542914432736041
L350H,610.0,14.0,-7.727952040278934,0.27040103683859584
L350I,815.0,2445.0,-0.6986973083090007,0.04166282503507487
L350K,727.0,15.0,-7.88162733437591,0.2609551007893311
L350M,554.0,2376.0,-0.18309102244433806,0.04822562718237012
L350N,739.0,96.0,-5.2279853105866865,0.1089429174846434
L350P,720.0,3.0,-10.185757654576934,0.577680360682185
L350Q,338.0,1383.0,-0.25097425412907715,0.061492835523211976
L350R,467.0,109.0,-4.382640964097536,0.10683898161577216
L350S,695.0,2906.0,-0.2197139814404938,0.04339076577568397
L350T,499.0,1671.0,-0.5400682729541737,0.05198292236984686
L350V,1602.0,2993.0,-1.3819340621871623,0.032529118345386056
L350W,772.0,6210.0,0.7242561434394887,0.03944827300296918
L350Y,599.0,407.0,-2.84116385470373,0.06500907012982399
L350_,514.0,0.0,-17.933156814632735,10.000102264644072
L35A,876.0,29.0,-7.199973146145632,0.18897679087869731
L35C,543.0,25.0,-6.724049812063176,0.20475695105699057
L35D,600.0,0.0,-18.156346932927843,10.000088322349306
L35E,429.0,2.0,-10.021319972898691,0.7070666175864189
L35F,138.0,27.0,-4.636855269315481,0.2106394842901831
L35G,267.0,8.0,-7.342595729504121,0.35873240590931504
L35H,331.0,11.0,-7.193636436252347,0.30650839141448094
L35I,523.0,4.0,-9.310740492234512,0.5013864615560539
L35K,644.0,7.0,-8.80517284374196,0.3798762155901446
L35M,781.0,1898.0,-1.0025733402376016,0.04367009100530051
L35N,305.0,3.0,-8.946597254106866,0.5793136547234116
L35P,39.0,0.0,-14.213276290964822,10.00128663065918
L35Q,444.0,3.0,-9.488332880071031,0.5784271181798608
L35R,50.0,1.0,-7.913437414896039,1.0050844872936968
L35S,295.0,1.0,-10.473912763300156,0.9967891158120932
L35T,206.0,0.0,-16.61407475693826,10.00024769439198
L35V,817.0,3.0,-10.368094447438931,0.5775376219309071
L35W,598.0,6.0,-8.920308816335321,0.4100748466053295
L35Y,175.0,154.0,-2.4680613379842935,0.11093628786179026
L35_,293.0,0.0,-17.122310290035596,10.000175631892734
L367A,770.0,3457.0,-0.11707231818645258,0.04108244935603912
L367C,688.0,4479.0,0.4190304399778797,0.04214910161210131
L367D,869.0,6.0,-9.459511985506808,0.4094385200775184
L367E,371.0,15.0,-6.911110198849815,0.26347184454635847
L367F,1140.0,3461.0,-0.6815013775629946,0.0355799688698382
L367G,721.0,1874.0,-0.9056105305642239,0.04494857389647516
L367H,528.0,462.0,-2.476289182566191,0.06448391068303784
L367I,548.0,5311.0,0.9930641133060871,0.04596616386280621
L367K,881.0,10.0,-8.7432925233596,0.3180172584840648
L367M,1064.0,4680.0,-0.1466481053924662,0.03540242146631705
L367N,847.0,725.0,-2.5080261161642086,0.05157257820888544
L367P,714.0,7.0,-8.954034033404863,0.37967579440893884
L367Q,914.0,487.0,-3.1919065614152737,0.05698457473976453
L367R,877.0,9.0,-8.888570384594935,0.335004246382299
L367S,1086.0,4220.0,-0.3254389778690583,0.03546243075360023
L367T,870.0,1700.0,-1.3172086638411478,0.042865601678469104
L367V,1038.0,13315.0,1.3975132565813313,0.033738716096745544
L367W,609.0,373.0,-2.9908996173378384,0.06650352121243971
L367Y,597.0,56.0,-5.697646771576121,0.14010276359666396
L367_,1000.0,5.0,-9.924636116060139,0.4479962101412211
L374A,1088.0,4995.0,-0.08485225823912712,0.03491596907386783
L374C,905.0,4067.0,-0.11568510842665836,0.038087490654257275
L374D,888.0,162.0,-4.738141065379108,0.08601388162668039
L374E,990.0,1725.0,-1.48255828553265,0.041104908333136785
L374F,727.0,2487.0,-0.5092828130715512,0.04332899781475459
L374G,639.0,2600.0,-0.2590412493655494,0.04526975303333709
L374H,1098.0,9222.0,0.786542028632168,0.033451317548747896
L374I,413.0,1321.0,-0.606255238580407,0.05725435632597505
L374K,773.0,2233.0,-0.753217278727512,0.042910211507019104
L374M,632.0,4388.0,0.5118995148286443,0.04370312438108259
L374N,306.0,723.0,-1.0432112056579381,0.06892597257288487
L374P,762.0,3.0,-10.26755064133016,0.5776140997715001
L374Q,1142.0,2408.0,-1.2073819082984554,0.03729270223407467
L374R,803.0,1565.0,-1.320965991370846,0.044543281812931046
L374S,601.0,2498.0,-0.2283296563640249,0.046518817451775614
L374T,636.0,3401.0,0.13519388574409863,0.04434127335403269
L374V,1166.0,4400.0,-0.36772136685483314,0.03441967004742674
L374W,1020.0,7271.0,0.5499244755217338,0.03489600145759262
L374Y,623.0,2807.0,-0.11194102986560672,0.04540019303272648
L374_,1321.0,28.0,-7.843203602080193,0.19120237342706148
L383A,512.0,3128.0,0.32735322419379287,0.04870928888796859
L383C,990.0,5276.0,0.1302842881866617,0.036047799849001104
L383D,627.0,2959.0,-0.0450937932465143,0.0450847830371541
L383E,787.0,3183.0,-0.2677101907776911,0.041044071663953303
L383F,617.0,2125.0,-0.49954415426618404,0.046809413514693
L383G,1171.0,6151.0,0.10942191748028929,0.03341189154639775
L383H,839.0,8292.0,1.0213139372828386,0.03758051125692841
L383I,248.0,1203.0,-0.005469570737740348,0.07044969597645467
L383K,9.0,18.0,-1.284448837847524,0.40818171901229994
L383M,364.0,1787.0,0.011849710224686838,0.05836597580420221
L383N,753.0,10076.0,1.4584636167651284,0.039077680889604886
L383P,967.0,3182.0,-0.5653123523775805,0.03805519853352393
L383Q,1037.0,5939.0,0.23414464758953724,0.0351070503494604
L383R,493.0,3269.0,0.4455169674090991,0.04933634898110778
L383S,1059.0,6159.0,0.25633425019461287,0.03473410140894949
L383T,559.0,4173.0,0.6164943734217307,0.04613380367242769
L383V,679.0,4004.0,0.27629284258778286,0.042688381135287924
L383W,855.0,2440.0,-0.7707741461183288,0.04097837536482238
L383Y,393.0,1596.0,-0.26181624389266833,0.057191283472709215
L383_,745.0,1967.0,-0.8829754114396771,0.04416407571775088
L40A,949.0,29.0,-7.315449096723976,0.18874431829026497
L40C,418.0,2.0,-9.983846152439524,0.7071099921330511
L40D,674.0,0.0,-18.324130383708987,10.000079173357085
L40E,333.0,0.0,-17.30692588831115,10.000155135232806
L40F,783.0,116.0,-5.038429570308428,0.09998442554453817
L40G,616.0,3.0,-9.960694481834127,0.5778832752287902
L40H,353.0,7.0,-7.937798805944566,0.3815572685619207
L40I,628.0,28.0,-6.770421651200173,0.1933744615918019
L40K,390.0,9.0,-7.719488207357342,0.33712259500087577
L40M,8.0,0.0,-11.92930644034897,10.006245237898494
L40N,660.0,3.0,-10.060228594051273,0.5777896313343847
L40P,508.0,4.0,-9.26875885726139,0.501442758137744
L40Q,383.0,2.0,-9.857690756247099,0.7072645555917053
L40R,546.0,2.0,-10.369236070200039,0.706713323771864
L40S,880.0,0.0,-18.708880305408325,10.000061808140032
L40T,558.0,3.0,-9.818031687302636,0.5780292484797211
L40V,1005.0,9.0,-9.085115043070855,0.3347874284012636
L40W,51.0,0.0,-14.600212393337202,10.000985142230412
L40Y,566.0,227.0,-3.6017196991199656,0.07919382186674812
L40_,572.0,2.0,-10.436349065035252,0.7066544239538115
L42A,427.0,704.0,-1.5623219426151973,0.062145923410266965
L42C,506.0,2287.0,-0.10742313547224036,0.05013295881000128
L42D,225.0,256.0,-2.0974369633376764,0.09192475313011252
L42E,336.0,2663.0,0.7028337633234925,0.05874889551449729
L42F,131.0,338.0,-0.9162590157309269,0.10339880736262974
L42G,683.0,1261.0,-1.3990468978265005,0.04854831024166835
L42H,516.0,572.0,-2.1350066637996195,0.06153035040986396
L42I,415.0,2057.0,0.02568279460419376,0.05473151649145668
L42K,356.0,2062.0,0.25041365045323705,0.05825538138363753
L42M,454.0,1052.0,-1.0712955692467077,0.05703483024047972
L42N,414.0,1101.0,-0.8725579557229741,0.058510455953208355
L42P,437.0,3.0,-9.465407003694654,0.5784583015870678
L42Q,635.0,7914.0,1.3559096639093924,0.04243763000184762
L42R,374.0,2242.0,0.29999595560261305,0.05674125077672159
L42S,425.0,1368.0,-0.597137923467904,0.05642420155054285
L42T,1008.0,14284.0,1.541171184773456,0.034086330102569215
L42V,354.0,2073.0,0.26621704900287657,0.05836938580510878
L42W,287.0,54.0,-4.693450558682844,0.14865767673622793
L42Y,342.0,1936.0,0.21732798291757582,0.05949985940748706
L42_,237.0,3.0,-8.58268864177781,0.5801249527256443
L43A,30.0,4.0,-5.187417185083628,0.5317881161005636
L43C,455.0,23.0,-6.58921337181184,0.2139087078320705
L43D,396.0,2.0,-9.905845557848629,0.7072039610087096
L43E,524.0,80.0,-4.994990121065752,0.1204434062967436
L43F,537.0,14.0,-7.544068100848874,0.27081278782754376
L43G,469.0,0.0,-17.800979070990714,10.000111597707198
L43H,308.0,3.0,-8.96071790163788,0.5792860928375333
L43I,579.0,2.0,-10.453896961322918,0.7066394693169424
L43K,708.0,271.0,-3.669071658576903,0.0721257656355821
L43M,241.0,345.0,-1.766102837485998,0.08454281776634866
L43N,436.0,0.0,-17.695721611448253,10.000119666347771
L43P,178.0,0.0,-16.40331867668797,10.000285869805259
L43Q,289.0,8.0,-7.456821367186931,0.3583348278530849
L43R,841.0,2.0,-10.992431651208129,0.7062586638138733
L43S,925.0,17.0,-8.048661924074114,0.24488738834265122
L43T,403.0,3.0,-9.348556347923491,0.5786251442217277
L43V,91.0,0.0,-15.435457367120026,10.000554365605723
L43W,117.0,1.0,-9.139780736545806,0.9993723549781047
L43Y,534.0,1.0,-11.330015663158846,0.9960278359095976
L43_,544.0,0.0,-18.014993558851003,10.000096900400578
L49A,316.0,1158.0,-0.41004241385950735,0.06424813709135352
L49C,250.0,1443.0,0.2453755830933284,0.06922898088616955
L49D,176.0,1.0,-9.728806302580988,0.9979380347337078
L49E,862.0,13.0,-8.333659746590612,0.27950643293867583
L49F,385.0,1892.0,0.013303882922962806,0.05679515352939904
L49G,464.0,34.0,-6.053772994365207,0.17792711596350264
L49H,332.0,260.0,-2.6363075930704643,0.08341330404445771
L49I,475.0,1189.0,-0.9599169499872984,0.05519121809506687
L49K,555.0,11.0,-7.939275399659144,0.3045129005137967
L49M,380.0,362.0,-2.353655841443719,0.07411936471533125
L49N,615.0,449.0,-2.7375103007560826,0.06287231194483224
L49P,618.0,2.0,-10.54793887883151,0.7065623472157989
L49Q,1112.0,3363.0,-0.6870647010565261,0.036006125247609044
L49R,305.0,1.0,-10.522005448114772,0.9967333679719586
L49S,485.0,3361.0,0.5091604287617439,0.04958990489736487
L49T,179.0,707.0,-0.3019575699060537,0.08426448329474341
L49V,382.0,1332.0,-0.48172540429311805,0.058892219623824515
L49W,382.0,215.0,-3.112854652243654,0.08583993758910109
L49Y,359.0,153.0,-3.5140460942902,0.09706067269164774
L49_,37.0,0.0,-14.13734742824048,10.001355885093602
L61A,735.0,1909.0,-0.9066591313163785,0.04454406053598662
L61C,349.0,1149.0,-0.5645969328403933,0.06193042674103387
L61D,304.0,0.0,-17.175479167451755,10.000169457633156
L61E,307.0,234.0,-2.675363473968618,0.08735193439350279
L61G,180.0,1170.0,0.41672389337678695,0.08068306128275853
L61H,252.0,1138.0,-0.10868766039581068,0.07033234890274247
L61I,545.0,1601.0,-0.7290202951302227,0.05058903373245393
L61K,242.0,799.0,-0.5605011104074027,0.07405015427319261
L61M,374.0,1754.0,-0.05413978445335843,0.057824418511979996
L61N,267.0,805.0,-0.6915350775699141,0.071324712227631
L61P,601.0,1.0,-11.500537900383836,0.9959230349903819
L61Q,193.0,768.0,-0.2911985086197042,0.08113544834123367
L61R,102.0,338.0,-0.5552926647331056,0.11340753389422589
L61S,375.0,1266.0,-0.5283601795995514,0.05963467641677572
L61T,940.0,3193.0,-0.5194789463743925,0.03842939602912654
L61V,270.0,1020.0,-0.3661494562927219,0.06916476687913778
L61W,382.0,1760.0,-0.07974669173528781,0.05732126139216573
L61Y,364.0,640.0,-1.469531645252415,0.06640383090810394
L61_,554.0,0.0,-18.041272404955876,10.000095241419835
L65A,606.0,2711.0,-0.1222310786035159,0.04603064088214329
L65C,701.0,2979.0,-0.19632197120743466,0.04315102617278332
L65D,372.0,1.0,-10.80849030767472,0.9964371157182261
L65E,502.0,65.0,-5.232630551509725,0.13218947376315968
L65F,572.0,3977.0,0.513923907957476,0.0458201076354766
L65G,534.0,218.0,-3.5761204542052036,0.08099003369997182
L65H,601.0,6401.0,1.1291906537618437,0.043816744164199985
L65I,731.0,2403.0,-0.5667684028259234,0.04340427388860406
L65K,127.0,140.0,-2.1430602253644393,0.12294534829925945
L65M,524.0,1607.0,-0.6669353503487985,0.05128791366965618
L65N,653.0,665.0,-2.2573770577688848,0.05599038132000934
L65P,456.0,2.0,-10.109374158403037,0.7069690149320713
L65Q,360.0,562.0,-1.6410891878527911,0.06824107477904535
L65R,776.0,951.0,-1.9902627403628776,0.04939608019970919
L65S,455.0,830.0,-1.4164175422636651,0.05918086307676421
L65T,53.0,310.0,0.26433029963502896,0.1489626916661046
L65V,91.0,304.0,-0.5436262076085301,0.11990406547350634
L65W,441.0,3327.0,0.6316949199003465,0.05165179917141767
L65Y,570.0,3596.0,0.37368989024314914,0.04617636921742957
L65_,472.0,0.0,-17.810177812325943,10.000110920138827
L69A,476.0,1190.0,-0.9617380980170811,0.055144729324106016
L69C,681.0,2944.0,-0.1716133242386073,0.043679467436738846
L69D,288.0,302.0,-2.2151705921975724,0.08296424650536247
L69E,308.0,147.0,-3.3507109046047336,0.10074086600523573
L69F,359.0,1645.0,-0.08764758891644586,0.05910289899210058
L69G,655.0,1325.0,-1.2672335975141298,0.048797760519762874
L69H,337.0,941.0,-0.8022293542722947,0.0642633243880012
L69I,398.0,1776.0,-0.1258848870375262,0.05635047006211963
L69K,712.0,1904.0,-0.8645763608672832,0.04504994871750824
L69M,369.0,1087.0,-0.725014613667728,0.061071468752788426
L69N,322.0,130.0,-3.5921309042510403,0.10438881902607484
L69P,357.0,2177.0,0.3246636361306754,0.05796726232502293
L69Q,480.0,1188.0,-0.9762373947350778,0.054998632577810194
L69R,552.0,465.0,-2.531080668899829,0.0637327911646982
L69S,445.0,2318.0,0.09732912132853322,0.05271015969438599
L69T,712.0,3803.0,0.13352431586141078,0.04203855569384366
L69V,593.0,2941.0,0.026535343302259484,0.04611016532755232
L69W,1194.0,55178.0,3.246558594222162,0.03091040250494238
L69Y,354.0,2350.0,0.4471568690222876,0.05788026401785872
L69_,658.0,7.0,-8.836199262729547,0.3798327289663598
L75A,197.0,1473.0,0.6187784504774942,0.0765152428445938
L75C,526.0,1579.0,-0.6977898320388825,0.051324737227284985
L75D,419.0,1.0,-10.980133580114218,0.9962858042171248
L75E,409.0,18.0,-6.788914038036627,0.24097604111146487
L75F,323.0,848.0,-0.8911455600478195,0.06614322836943456
L75G,293.0,508.0,-1.4897410142595477,0.07403468031237286
L75H,283.0,0.0,-17.07221341826956,10.000181661347234
L75I,327.0,1148.0,-0.4719194582272266,0.06347360796135752
L75K,240.0,2.0,-9.183403213185642,0.7083634284541643
L75M,353.0,19.0,-6.498526623306636,0.23566181176998588
L75N,454.0,5.0,-8.785417668884534,0.4493364095611466
L75P,275.0,62.0,-4.43255929266443,0.14093430571773954
L75Q,363.0,7.0,-7.9780990448177285,0.3814549951170251
L75R,260.0,3.0,-8.716307821187485,0.5798031868157635
L75S,182.0,208.0,-2.0910128381072743,0.10198764970593484
L75T,233.0,1397.0,0.30023056295860684,0.07146531808654077
L75V,379.0,1273.0,-0.5357120745520136,0.05936167528412023
L75W,289.0,3.0,-8.868860122835938,0.5794702903558545
L75Y,280.0,60.0,-4.505851524041257,0.1426008635119073
L75_,639.0,3.0,-10.013579219112799,0.577832718228754
L77A,194.0,320.0,-1.5616620355316053,0.09153737886955235
L77C,277.0,936.0,-0.5270621229931844,0.06912422535523724
L77D,418.0,200.0,-3.3471133311202674,0.0865554918879084
L77E,258.0,62.0,-4.340502196320412,0.14178175441532959
L77F,272.0,752.0,-0.8165558521499152,0.07145572669412065
L77G,389.0,877.0,-1.1108619570323883,0.06173071970778619
L77H,821.0,104.0,-5.264325559873974,0.10455758225276471
L77I,155.0,7.0,-6.750451043075654,0.38626980848672493
L77K,360.0,6.0,-8.188176187639137,0.41142054834264363
L77M,276.0,276.0,-2.2836480079402603,0.08570840197335133
L77N,422.0,175.0,-3.5534878341350487,0.090462076001134
L77P,283.0,4.0,-8.424754991814638,0.5030008136663482
L77Q,512.0,53.0,-5.555483549804561,0.14462803312458636
L77R,481.0,2.0,-10.186375583654211,0.7068884017763717
L77S,626.0,14099.0,2.20961634207251,0.042049511709244404
L77T,441.0,213.0,-3.3335382165026655,0.08403542974417404
L77V,569.0,13.0,-7.734409148002605,0.28057299417892057
L77W,285.0,42.0,-5.045855856271135,0.16556666615491053
L77Y,622.0,757.0,-2.0002734244199303,0.05503175088080106
L77_,337.0,10.0,-7.356925529367566,0.32088500556829375
L8A,405.0,4081.0,1.049248803032317,0.05304647128428275
L8C,554.0,44.0,-5.93765674856133,0.15692974886646077
L8D,138.0,9.0,-6.22074989801091,0.3439963066523084
L8E,125.0,108.0,-2.4945266247356273,0.13174816108247678
L8F,40.0,0.0,-14.249792921285861,10.001254599671968
L8G,400.0,2369.0,0.28252830847762667,0.05497154404687279
L8H,406.0,1563.0,-0.33890816578373695,0.05659152403047615
L8I,340.0,2530.0,0.6118459962612866,0.05861877873401624
L8K,619.0,1371.0,-1.1364435351522308,0.04944378592895477
L8M,481.0,1629.0,-0.523791340236933,0.0528454778450715
L8N,316.0,4691.0,1.6082084506444372,0.05896987728875085
L8P,354.0,4960.0,1.5248330023858157,0.055912497309624914
L8Q,244.0,1635.0,0.46063927304383867,0.06935146464894648
L8R,161.0,5.0,-7.289843888239273,0.4537746232012053
L8S,247.0,1687.0,0.4881791630513268,0.06885491778987225
L8T,330.0,469.0,-1.7765390662795078,0.0725408698854381
L8V,267.0,1990.0,0.6141619929985129,0.06593560508905166
L8W,380.0,1.0,-10.83918628845357,0.9964087190985971
L8Y,432.0,180.0,-3.5466356616078807,0.08927387109736235
L8_,635.0,5.0,-9.269472905607355,0.4486372617725197
L94A,316.0,278.0,-2.468481443006123,0.08283275700176926
L94C,376.0,357.0,-2.358454553567717,0.07456783235300367
L94D,393.0,1026.0,-0.8992411426356037,0.06015754138040387
L94E,352.0,566.0,-1.5984368797315662,0.06861047675636756
L94F,351.0,26.0,-6.038021835913878,0.20345881359691909
L94G,247.0,180.0,-2.740140403220847,0.0985062532059464
L94H,276.0,975.0,-0.46295152989764965,0.06890938644022544
L94I,215.0,549.0,-0.9312193407001157,0.08106924701880527
L94K,441.0,2.0,-10.061120065895937,0.707021764860853
L94M,204.0,57.0,-4.1230009721652765,0.15014099613493914
L94N,247.0,634.0,-0.9237118616464812,0.07566701512707842
L94P,297.0,88.0,-4.038420151572512,0.12177459131261295
L94Q,454.0,670.0,-1.7221894543587695,0.06160296738954934
L94R,473.0,1.0,-11.155019588932408,0.99614905812708
L94S,528.0,520.0,-2.305673893912595,0.06258401843679871
L94T,337.0,609.0,-1.4299734911432544,0.0686228537797369
L94V,291.0,232.0,-2.6105297482274086,0.08857924685344835
L94W,199.0,3.0,-8.330581636915689,0.5808189069243698
L94Y,151.0,0.0,-16.166004476594477,10.000336089047492
L94_,404.0,8.0,-7.940092957889408,0.35695790679579237
L96A,193.0,430.0,-1.1279533940634403,0.08721480328193874
L96C,367.0,433.0,-2.045067037805337,0.0716516069727742
L96D,474.0,245.0,-3.23572486980897,0.07931545936301232
L96E,263.0,195.0,-2.7152175553007494,0.09502575890408918
L96F,442.0,1570.0,-0.45502517423164957,0.05476446630250131
L96G,355.0,348.0,-2.3123789090497127,0.0760928288740913
L96H,465.0,76.0,-4.896648610051022,0.12412280591237645
L96I,289.0,932.0,-0.5944219856891557,0.0680650691977083
L96K,117.0,0.0,-15.7979922192976,10.000432295355711
L96M,394.0,1007.0,-0.9298741489579578,0.06025662905611944
L96N,161.0,8.0,-6.612852249025772,0.3621526685347858
L96P,532.0,1189.0,-1.1234124281356754,0.053108526936932465
L96Q,305.0,58.0,-4.678131026880664,0.143585528863152
L96R,391.0,3.0,-9.304946215362186,0.578690944172466
L96S,462.0,90.0,-4.643414889309957,0.11564665102281341
L96T,318.0,343.0,-2.1744695036402852,0.07848399836396161
L96V,298.0,1415.0,-0.036268406767525185,0.06451446952691221
L96W,737.0,683.0,-2.3934255010908583,0.05404402832336937
L96Y,214.0,413.0,-1.3351495053425806,0.08481593968446478
L96_,418.0,3.0,-9.40127816685875,0.5785481974604371
M103A,218.0,592.0,-0.8424207745991845,0.07984937136026685
M103C,202.0,649.0,-0.5998340121354122,0.08118419916009696
M103D,293.0,4.0,-8.474851863580678,0.5028809275611409
M103E,166.0,0.0,-16.302630535784076,10.000306172783294
M103F,271.0,1106.0,-0.2547015698566151,0.0685118062549613
M103G,289.0,167.0,-3.074832931008652,0.09771166354684971
M103H,513.0,82.0,-4.928763213672943,0.11934291165087932
M103I,260.0,530.0,-1.2561955383175487,0.07637132101840918
M103K,280.0,0.0,-17.056838738562774,10.000183554161522
M103L,477.0,1417.0,-0.7128894845916101,0.053869465641589134
M103N,508.0,9.0,-8.100833987902773,0.3362381186425016
M103P,325.0,0.0,-17.271844495564526,10.000158830953781
M103Q,312.0,80.0,-4.2469880457898075,0.1257110936745209
M103R,203.0,0.0,-16.59291118187098,10.00025128092382
M103S,285.0,456.0,-1.6055950851159473,0.07616691593085301
M103T,270.0,444.0,-1.566068678035526,0.07781763270087921
M103V,373.0,533.0,-1.7686997158738285,0.06824109157645471
M103W,243.0,641.0,-0.8843168271046613,0.07599283489955919
M103Y,329.0,269.0,-2.5741196385765033,0.08280441485751751
M103_,384.0,4.0,-8.865045841675391,0.5020761629002987
M107A,348.0,507.0,-1.740762567701199,0.07032527447626032
M107C,257.0,1095.0,-0.19260036231028366,0.07002819970200932
M107D,405.0,4.0,-8.941859490692055,0.5019416792205575
M107E,526.0,4.0,-9.318992187954025,0.5013755868037788
M107F,553.0,385.0,-2.806057658762928,0.06712254908905214
M107G,541.0,360.0,-2.8712662880764244,0.06874526300961055
M107H,508.0,64.0,-5.272135690450638,0.13300691734062858
M107I,114.0,87.0,-2.673555255415997,0.14270216595778015
M107K,376.0,19.0,-6.589588601782805,0.23529388500822793
M107L,138.0,814.0,0.27662570363395833,0.0925967266376661
M107N,229.0,207.0,-2.4293581432166294,0.0964215844637963
M107P,166.0,1.0,-9.644419053032282,0.9981094926452825
M107Q,436.0,487.0,-2.1240578357671813,0.06668348523172866
M107R,393.0,4.0,-8.898467982849112,0.5020167716506463
M107S,261.0,1685.0,0.40693215890887124,0.0672648126300869
M107T,304.0,2833.0,0.9364970011560416,0.061173219932305116
M107V,397.0,240.0,-3.0097288379014238,0.08237194426195613
M107W,420.0,406.0,-2.3325564239712078,0.07031148635102408
M107Y,320.0,236.0,-2.7229170071306976,0.0863818663927709
M107_,303.0,0.0,-17.170725794099965,10.000170000405614
M109A,191.0,3.0,-8.271388880785551,0.5810000494941155
M109C,223.0,1.0,-10.070257308277863,0.997337921494234
M109D,168.0,2.0,-8.668855801463938,0.7096226323713388
M109E,97.0,0.0,-15.527565763683583,10.000520388037089
M109F,161.0,56.0,-3.807041968487124,0.15544955744278408
M109G,448.0,14.0,-7.282650081996674,0.27149492880859816
M109H,368.0,186.0,-3.268012793861658,0.090516232867959
M109I,151.0,1.0,-9.507792993842683,0.9984091865596353
M109K,497.0,5.0,-8.915968473859266,0.44912431046633905
M109L,301.0,134.0,-3.451118763721916,0.10432686305664182
M109N,240.0,414.0,-1.4970769098050773,0.08174172468562865
M109P,408.0,4.0,-8.952506472970803,0.501923594605469
M109Q,303.0,78.0,-4.241282436415771,0.1273534702634336
M109R,387.0,3.0,-9.290111555559687,0.5787137825205695
M109S,507.0,56.0,-5.461905877013835,0.14115990306743872
M109T,338.0,33.0,-5.639738893428471,0.18262573366938206
M109V,582.0,7.0,-8.659133694974274,0.3800938723364916
M109W,254.0,31.0,-5.317727871773825,0.19048446346595613
M109Y,404.0,121.0,-4.022912737180312,0.10410947127074527
M109_,272.0,2.0,-9.36396838707027,0.7080173649970694
M132A,400.0,236.0,-3.0448360854276464,0.08268531910961777
M132C,415.0,176.0,-3.5211367098738426,0.09050354556160288
M132D,319.0,2.0,-9.593910345141946,0.7076347586717312
M132E,295.0,5.0,-8.163457452856743,0.45065544477311936
M132F,285.0,965.0,-0.5241166546972691,0.06815220765729431
M132G,412.0,9.0,-7.798656445529635,0.3369194752396495
M132H,677.0,3657.0,0.1497675148826847,0.04301565282331926
M132I,451.0,151.0,-3.862163340765079,0.09454702344879781
M132K,554.0,7.0,-8.588001770945255,0.38020808752759533
M132L,219.0,314.0,-1.7638342486613734,0.08860264897325207
M132N,434.0,2.0,-10.03803698041879,0.7070476278754172
M132P,335.0,2.0,-9.664512856762045,0.7075289670616809
M132Q,285.0,632.0,-1.1347131615332415,0.07204663879946147
M132R,385.0,13.0,-7.17085105869127,0.28206577573117114
M132S,268.0,103.0,-3.6631504414342784,0.11635641502223826
M132T,481.0,27.0,-6.438149350324173,0.19799520057204745
M132V,387.0,51.0,-5.207166846922446,0.14929074878853849
M132W,150.0,2.0,-8.505367373495483,0.7101256761731678
M132Y,836.0,352.0,-3.5315517933259497,0.06431797745463731
M132_,497.0,0.0,-17.884635267054474,10.000105591834952
M150A,350.0,1029.0,-0.7278590518562442,0.06267922286193954
M150C,498.0,703.0,-1.7862775085930238,0.05941601280476593
M150D,222.0,0.0,-16.721985048864582,10.000230203225605
M150E,398.0,381.0,-2.3466238236396775,0.07236655727843457
M150F,459.0,138.0,-4.01740078616673,0.09759236353761783
M150G,359.0,42.0,-5.3788673469832196,0.16336801967904072
M150H,229.0,26.0,-5.421920300276882,0.20715498712807673
M150I,296.0,587.0,-1.2959088421142502,0.07198353031729406
M150K,81.0,0.0,-15.267532300104914,10.000622179191662
M150L,312.0,359.0,-2.0812162465324144,0.07804024031930959
M150N,374.0,23.0,-6.30639196359655,0.21501838687035546
M150P,502.0,16.0,-7.254318897808297,0.25407237155544354
M150Q,547.0,1219.0,-1.1275771595308237,0.05242398169513307
M150R,329.0,2.0,-9.638440130517981,0.7075674349507151
M150S,329.0,1276.0,-0.3282117118141521,0.06263329872804246
M150T,312.0,992.0,-0.614885612676809,0.06567264066448726
M150V,161.0,847.0,0.11158070057119573,0.08655191426878207
M150W,377.0,14.0,-7.033721937818278,0.2722679798880061
M150Y,582.0,576.0,-2.2985980911963733,0.059616108601495875
M150_,419.0,2.0,-9.987293371687084,0.7071059549986255
M157A,527.0,492.0,-2.38279070682404,0.06348064361243763
M157C,491.0,328.0,-2.8656606161942957,0.07200779010932189
M157D,247.0,206.0,-2.545503087825441,0.09488081093903142
M157E,393.0,1274.0,-0.5869093331805519,0.05855940240739453
M157F,451.0,15.0,-7.192811547798607,0.26256297047957944
M157G,378.0,1695.0,-0.11885052871820179,0.05775132534374149
M157H,457.0,278.0,-3.000736964176993,0.07671339347552852
M157I,613.0,1734.0,-0.7835183031931399,0.04803965652637303
M157K,520.0,1130.0,-1.1639237403785403,0.05392405548507978
M157L,526.0,1348.0,-0.9259789410065942,0.05237131561009361
M157N,375.0,354.0,-2.3667869610737258,0.07477426305956893
M157P,308.0,5.0,-8.225670785202373,0.45049668382453867
M157Q,460.0,1338.0,-0.7432962384040964,0.0549641724471206
M157R,323.0,132.0,-3.574579617126373,0.10378284530859316
M157S,576.0,425.0,-2.7222450795626836,0.0647208056413965
M157T,746.0,586.0,-2.631917693560011,0.05609577545477431
M157V,312.0,491.0,-1.6294878694806254,0.07308529110817509
M157W,308.0,629.0,-1.2535422455977363,0.07025854807717243
M157Y,219.0,478.0,-1.1576039529536724,0.08220598453533594
M157_,416.0,4.0,-8.980520169153586,0.5018766410897868
M172A,560.0,1279.0,-1.0921449583617084,0.05164642303092086
M172C,278.0,2170.0,0.6808450004452808,0.06447973465350647
M172D,98.0,1342.0,1.4916746481710002,0.10510950163517693
M172E,881.0,2226.0,-0.9464182339836698,0.04103792238637379
M172F,469.0,2539.0,0.1529274805591232,0.05124276432391396
M172G,402.0,595.0,-1.7179654816421408,0.06532962751562715
M172H,352.0,2177.0,0.3450117075098955,0.0583094323364227
M172I,285.0,4437.0,1.6768553523437535,0.06191802416355754
M172K,237.0,392.0,-1.5577054816720821,0.08288547813966439
M172L,463.0,2125.0,-0.08529363553452374,0.05225114816604175
M172N,368.0,4861.0,1.4397912195489506,0.054980468590794036
M172P,653.0,6302.0,0.9869870456245113,0.042306802607266485
M172Q,234.0,5710.0,2.3252031770187296,0.06744085254744604
M172R,303.0,1034.0,-0.5128351815145189,0.06608438278240339
M172S,363.0,3315.0,0.9072840179609996,0.05618023817285128
M172T,190.0,3090.0,1.739816246109144,0.07540769421453347
M172V,350.0,4550.0,1.416753661686211,0.05636183869581828
M172W,244.0,2131.0,0.8428771766670495,0.0683174183443829
M172Y,391.0,1316.0,-0.5327549659252986,0.05845654703540416
M172_,296.0,0.0,-17.137006302217976,10.000173902495169
M1A,442.0,1.0,-11.057227914144692,0.9962234779667475
M1C,481.0,4.0,-9.189968848378221,0.5015529217924056
M1D,844.0,4.0,-10.001162053409125,0.50066075798505
M1E,602.0,1.0,-11.50293635655775,0.995921647406885
M1F,707.0,6.0,-9.161869827539338,0.40976038623856365
M1G,230.0,2.0,-9.122005281988208,0.7084912778346725
M1H,852.0,26.0,-7.317380066938847,0.19929942872859951
M1I,391.0,3.0,-9.304946215362186,0.578690944172466
M1K,330.0,2.0,-9.642818438151032,0.7075609266446741
M1L,535.0,3.0,-9.75730656825422,0.5780958860435478
M1N,695.0,0.0,-18.368394123378543,10.00007693190987
M1P,336.0,1.0,-10.661653074455423,0.9965816211933284
M1Q,127.0,1.0,-9.258090995297945,0.999035645807596
M1R,514.0,0.0,-17.933156814632735,10.000102264644072
M1S,356.0,2.0,-9.75222646207489,0.7074045261168685
M1T,573.0,1.0,-11.43170922142432,0.9959638527777755
M1V,419.0,2.0,-9.987293371687084,0.7071059549986255
M1W,298.0,4.0,-8.499262703495218,0.502823991666388
M1Y,702.0,10.0,-8.415625710248587,0.31847197196998484
M1_,443.0,8.0,-8.07304121997321,0.3566525569161945
M263A,570.0,285.0,-3.283622698166994,0.07323127681321895
M263C,514.0,1756.0,-0.5112152795428528,0.05113488220847902
M263D,1046.0,2212.0,-1.2031867442674398,0.03883178111671386
M263E,586.0,542.0,-2.3962538224237413,0.060425622286593726
M263F,496.0,416.0,-2.5373990067339722,0.06722865946447387
M263G,909.0,247.0,-4.1633747241711845,0.07244537872536681
M263H,362.0,786.0,-1.1651298908865977,0.06429944769099756
M263I,766.0,588.0,-2.665170543623518,0.05573090016457742
M263K,350.0,0.0,-17.37875652881678,10.000147842763347
M263L,620.0,7320.0,1.2778342217632255,0.04300354571998833
M263N,750.0,1883.0,-0.9555890828515592,0.04431925178351225
M263P,531.0,243.0,-3.411371355336221,0.07809018246417261
M263Q,702.0,714.0,-2.259195309609354,0.054081768083392594
M263R,1024.0,373.0,-3.740591598802223,0.061296509970733735
M263S,698.0,646.0,-2.395339215723606,0.05550156558940412
M263T,540.0,1316.0,-0.9985355848966861,0.052072124038512684
M263V,631.0,482.0,-2.6722477990195923,0.061312499465063085
M263W,825.0,1011.0,-1.9903342523670098,0.04796907667993493
M263Y,832.0,1740.0,-1.2192251839986983,0.04331782392111024
M263_,639.0,0.0,-18.2471988958725,10.000083236485303
M296A,636.0,33.0,-6.551722413482766,0.17879029215333064
M296C,741.0,67.0,-5.750692707675235,0.12795495750478642
M296D,663.0,3.0,-10.066771341009966,0.5777836986239703
M296E,626.0,56.0,-5.766077377762833,0.13982556676140104
M296F,678.0,2.0,-10.681615248203398,0.7064610096873588
M296G,627.0,9.0,-8.404465544010284,0.33568210875135546
M296H,682.0,4.0,-9.693694854015382,0.5009417417840033
M296I,597.0,118.0,-4.622493988275625,0.10123580327177797
M296K,627.0,4.0,-9.572390413368902,0.501070100281683
M296L,625.0,2258.0,-0.4305473104062605,0.046288855386206355
M296N,1131.0,10.0,-9.103673908736743,0.3176225452925449
M296P,558.0,4.0,-9.40419293760742,0.5012668521658499
M296Q,866.0,774.0,-2.4456794863720717,0.05046295618226072
M296R,814.0,47.0,-6.39765494020493,0.15033420038875492
M296S,548.0,4.0,-9.37810418053223,0.5012994700978257
M296T,433.0,91.0,-4.533951371469377,0.11574556113569329
M296V,629.0,9.0,-8.409060044926568,0.33567455531326085
M296W,494.0,3.0,-9.642280956597428,0.5782300407624206
M296Y,858.0,6.0,-9.441133669032876,0.4094565356186956
M296_,396.0,6.0,-8.325676068316373,0.41111355576895536
M308A,390.0,120.0,-3.984004498209977,0.10486415814722723
M308C,636.0,207.0,-3.9029969957020576,0.08063995739017246
M308D,649.0,0.0,-18.26960109505043,10.000082030873829
M308E,448.0,1.0,-11.076679839675698,0.9962082708109943
M308F,553.0,437.0,-2.6232872837176373,0.06477946139162478
M308G,2509.0,185.0,-6.0450910714934025,0.07683418973084052
M308H,771.0,11.0,-8.413511205942239,0.3036829552028662
M308I,329.0,56.0,-4.838023108749553,0.14489027518347908
M308K,1402.0,34.0,-7.649041831245269,0.1738280595942076
M308L,551.0,1770.0,-0.6000409037201324,0.0497959190336006
M308N,356.0,0.0,-17.40327815325382,10.000145435230415
M308P,787.0,3.0,-10.314122677922429,0.5775780132623666
M308Q,1319.0,39.0,-7.363115701694599,0.1627649009089135
M308R,556.0,49.0,-5.787610786547929,0.14933969293152552
M308S,676.0,12.0,-8.098384539776301,0.29127827015903957
M308T,328.0,6.0,-8.053879005556306,0.41174974744272563
M308V,483.0,310.0,-2.923386312856037,0.07345657768125192
M308W,1040.0,6.0,-9.718664702033262,0.4092073999760996
M308Y,4479.0,42.0,-9.019951299100978,0.155328476929699
M308_,631.0,15.0,-7.677314994525486,0.26135575116788196
M338A,501.0,2775.0,0.1859336578602262,0.04955949055146834
M338C,762.0,4842.0,0.3840762152243835,0.040232579284445846
M338D,762.0,31.0,-6.90265250747724,0.18346606410472724
M338E,769.0,3.0,-10.280743069458861,0.5776037592727185
M338F,642.0,1141.0,-1.4540042464113325,0.05033726793072676
M338G,470.0,1971.0,-0.21547626918342377,0.052295165181185536
M338H,727.0,7.0,-8.980064961985976,0.37964281258788285
M338I,521.0,303.0,-3.065593664451744,0.07293412074778205
M338K,862.0,9.0,-8.863681697494869,0.3350338588709853
M338L,432.0,587.0,-1.8413276351067491,0.06417262361389167
M338N,1669.0,20.0,-8.665775629214496,0.2251088314033746
M338P,847.0,3.0,-10.420119713186235,0.5775000892850618
M338Q,587.0,23.0,-6.956700199819896,0.21275039337772123
M338R,1346.0,14.0,-8.869736370242787,0.26873842275729815
M338S,941.0,462.0,-3.309933983853309,0.05767979867646025
M338T,1171.0,669.0,-3.0913017231570494,0.04948257812515073
M338V,94.0,93.0,-2.299076398383175,0.14658961167093473
M338W,370.0,5.0,-8.490257856267045,0.44989248044333324
M338Y,1050.0,13.0,-8.618286303438017,0.279134624485834
M338_,467.0,3.0,-9.561194153161619,0.578331229737885
M361A,739.0,9.0,-8.641570978175878,0.3353218884933991
M361C,1148.0,103.0,-5.761926913727223,0.10333771726194729
M361D,631.0,6.0,-8.99780207543499,0.4099682035450392
M361E,761.0,88.0,-5.395824057262784,0.11303187278422493
M361F,453.0,66.0,-5.062434402249653,0.13212302033262935
M361G,1420.0,10.0,-9.431963313059494,0.317339150106818
M361H,563.0,11.0,-7.959922181137213,0.30447086006357077
M361I,321.0,139.0,-3.4910775781329315,0.10202308914839776
M361K,828.0,15.0,-8.069300317341558,0.2606334257388832
M361L,554.0,16.0,-7.3965148124396185,0.25370415717213723
M361N,529.0,5.0,-9.00598858849401,0.4489887946654535
M361P,895.0,10.0,-8.766037930438221,0.31798934219497393
M361Q,316.0,669.0,-1.2015904448727648,0.06898564116186023
M361R,864.0,4.0,-10.034949971186172,0.5006333673585274
M361S,481.0,1.0,-11.179215792081347,0.9961314093311172
M361T,503.0,5.0,-8.933280675850158,0.4490975911178702
M361V,532.0,5.0,-9.014146958093935,0.4489769239247034
M361W,653.0,8.0,-8.632807040022605,0.3556334223369778
M361Y,537.0,0.0,-17.99630934127969,10.000098098449504
M361_,793.0,12.0,-8.328679010474294,0.290903387320823
M388A,664.0,1790.0,-0.852957234580594,0.046523901493083754
M388C,546.0,1411.0,-0.9139190744149985,0.05138089513421492
M388D,1058.0,4985.0,-0.04740487269387783,0.03529288811036422
M388E,381.0,1552.0,-0.2574109230755841,0.05804088793014126
M388F,690.0,2828.0,-0.24854996181007039,0.04361967211148155
M388G,759.0,3596.0,-0.039441773617503006,0.04117532738868523
M388H,727.0,538.0,-2.7179902280215114,0.05774092402258852
M388I,358.0,1422.0,-0.2937881882673672,0.05996885774491497
M388K,527.0,3308.0,0.366413345459935,0.047954245335128466
M388L,624.0,2421.0,-0.3276800236561357,0.0459935329150523
M388N,651.0,2778.0,-0.1903478248911048,0.04467505477101796
M388P,797.0,3058.0,-0.3437246142597883,0.04100628425328181
M388Q,1125.0,6477.0,0.24174213821080315,0.033809600893914445
M388R,828.0,2460.0,-0.7127039243588511,0.04140088396237253
M388S,608.0,2749.0,-0.10690281014998604,0.045916151934068034
M388T,822.0,2552.0,-0.64924187560222,0.041330304916095
M388V,800.0,2396.0,-0.7011040172492882,0.04203761174643726
M388W,702.0,2276.0,-0.5867045982867909,0.044313230654005706
M388Y,713.0,1575.0,-1.1402812351802263,0.04623026470843593
M388_,892.0,4575.0,0.07499510000597676,0.03794019399019945
M52A,236.0,874.0,-0.3948462109383728,0.07403429045680163
M52C,562.0,3203.0,0.2271125883039007,0.04681185745611897
M52D,206.0,0.0,-16.61407475693826,10.00024769439198
M52E,1025.0,5.0,-9.960259673917497,0.4479689883673239
M52F,575.0,114.0,-4.61807468309126,0.10300522565234058
M52G,577.0,62.0,-5.501671535377459,0.13401238500785534
M52H,546.0,0.0,-18.020287761378967,10.000096563743059
M52I,345.0,42.0,-5.321481495535527,0.16371358780938663
M52K,556.0,7.0,-8.593200583947063,0.38019954899344977
M52L,642.0,473.0,-2.724373092803705,0.06141289965002061
M52N,670.0,2.0,-10.664491324482306,0.7064734734904332
M52P,384.0,2.0,-9.861452576951383,0.7072597490032508
M52Q,412.0,2.0,-9.962988050164245,0.707134625982743
M52R,672.0,27.0,-6.920565164501246,0.19649736305180146
M52S,726.0,123.0,-4.844861824780407,0.09801340605200838
M52T,337.0,737.0,-1.1547552142285635,0.06651255965122893
M52V,1142.0,798.0,-2.8007445613098985,0.047207860588447594
M52W,500.0,0.0,-17.893317335989355,10.000104988243795
M52Y,347.0,6.0,-8.135116445208954,0.41154699405008505
M52_,555.0,9.0,-8.228490857409973,0.33599014357276197
M84A,208.0,265.0,-1.9342540950069047,0.09317037935394396
M84C,476.0,2049.0,-0.17778476968371582,0.051852219482832404
M84D,398.0,84.0,-4.527819714681629,0.12048095460877237
M84E,206.0,108.0,-3.2151974883099204,0.11921556606382665
M84F,40.0,29.0,-2.7474583410878655,0.24405827085509202
M84G,392.0,571.0,-1.7410224537765648,0.06634797694758582
M84H,428.0,109.0,-4.256832025726628,0.10774822611492395
M84I,302.0,1555.0,0.08060762493633611,0.06367140030034023
M84K,439.0,18.0,-6.891031724182554,0.24062912715131307
M84L,269.0,961.0,-0.4467563681549116,0.0696973580849776
M84N,175.0,104.0,-3.0343631249846155,0.12421044741887656
M84P,165.0,8.0,-6.648255412965705,0.36194474680491684
M84Q,368.0,259.0,-2.79038517801174,0.08171895835761787
M84R,376.0,6.0,-8.250910237720174,0.4112768784112925
M84S,404.0,1196.0,-0.7178814637081512,0.05840475636275186
M84T,453.0,3397.0,0.6230026546333542,0.051006364425189556
M84V,239.0,997.0,-0.2231110137803256,0.07270997334125615
M84W,1119.0,4842.0,-0.1702648780366025,0.034640853957914414
M84Y,360.0,58.0,-4.917311464364419,0.1418306161877898
M84_,370.0,2.0,-9.807872958283324,0.7073294023064549
M95A,201.0,554.0,-0.8210032659655688,0.08294404342331461
M95C,705.0,971.0,-1.8218055756706413,0.05047861929332493
M95D,349.0,319.0,-2.413314732918586,0.0781009685187587
M95E,213.0,981.0,-0.08030132622198582,0.07624820505901483
M95F,465.0,38.0,-5.896458819214612,0.16899459569097802
M95G,200.0,291.0,-1.7426514114580876,0.09238979348799714
M95H,291.0,82.0,-4.110844994835271,0.12541833538532474
M95I,428.0,2199.0,0.07748974775122353,0.0537676482578155
M95K,428.0,49.0,-5.410144460140656,0.1511297756596274
M95L,394.0,336.0,-2.513376084065139,0.0749261266108829
M95N,434.0,66.0,-5.000619788865018,0.13248822622591286
M95P,450.0,90.0,-4.605447871817082,0.11589592494378699
M95Q,436.0,3049.0,0.5222597450275126,0.052166239901688186
M95R,382.0,20.0,-6.538465340236557,0.22954860250380035
M95S,369.0,2096.0,0.22226577371058465,0.05733120021254744
M95T,325.0,628.0,-1.3333445842301082,0.06905777027378585
M95V,335.0,1307.0,-0.31965389419543744,0.06204761484221175
M95W,385.0,216.0,-3.1174458235798452,0.08559536399013018
M95Y,609.0,271.0,-3.451767838874791,0.07370024288755561
M95_,238.0,1.0,-10.164171094436387,0.9971962344178177
N11A,272.0,1035.0,-0.35573489707260464,0.06886454505992515
N11C,274.0,1544.0,0.21073363807394951,0.0663097424189539
N11D,446.0,196.0,-3.4697968057929867,0.08627687183726317
N11E,829.0,2704.0,-0.5780089304833105,0.040937697565688665
N11F,167.0,274.0,-1.5693539516491164,0.09867615289348729
N11G,398.0,593.0,-1.70839625355398,0.06556392138503062
N11H,615.0,4.0,-9.5445118297519,0.5011011517871402
N11I,543.0,333.0,-2.989061273873257,0.07031582634197288
N11K,201.0,166.0,-2.5596451351373695,0.10534906871648395
N11L,355.0,135.0,-3.678441401664517,0.10160460968950925
N11M,671.0,376.0,-3.1192112439351094,0.06518903581073054
N11P,198.0,906.0,-0.08969432582117154,0.07908101201801047
N11Q,246.0,1295.0,0.11252636480573663,0.07026297829211799
N11R,330.0,0.0,-17.29387012932996,10.00015650013055
N11S,294.0,2250.0,0.6523462748661171,0.06281324082042937
N11T,174.0,863.0,0.026559051375384612,0.08369795208654461
N11V,375.0,866.0,-1.076193390751687,0.06261894707018906
N11W,120.0,0.0,-15.834515012901164,10.000421613854305
N11Y,596.0,449.0,-2.6922369688159717,0.06328318880686366
N11_,472.0,0.0,-17.810177812325943,10.000110920138827
N128A,190.0,593.0,-0.6416669224973575,0.08395837660680527
N128C,165.0,376.0,-1.0954304348833173,0.09391250400034035
N128D,454.0,3.0,-9.52046478532004,0.5783842357597339
N128E,192.0,3.0,-8.27892216008644,0.5809765843809593
N128F,344.0,1020.0,-0.7155871199835699,0.06314341362626262
N128G,304.0,7.0,-7.722208533441135,0.3821551173709211
N128H,439.0,585.0,-1.869440524600427,0.06392996815016853
N128I,257.0,95.0,-3.7193212290612134,0.1204820441279989
N128K,406.0,151.0,-3.7105191801689497,0.0958378183600268
N128L,361.0,241.0,-2.866593800272679,0.0837796377157294
N128M,247.0,644.0,-0.9011343670111183,0.07550500585824871
N128P,526.0,1.0,-11.308239131657151,0.9960421328138346
N128Q,513.0,374.0,-2.739558111877913,0.06872278326873624
N128R,328.0,947.0,-0.7540081467326836,0.06484179590488105
N128S,399.0,1400.0,-0.4727076847198548,0.05762203885618508
N128T,398.0,938.0,-1.0468493836701134,0.060649833462545426
N128V,439.0,387.0,-2.4655309657097018,0.07043849017917236
N128Y,509.0,1168.0,-1.0853612867832556,0.05404230653926562
N128_,418.0,0.0,-17.634897843618454,10.00012460438186
N137A,725.0,1.0,-11.771149798970196,0.9957801550135016
N137C,223.0,0.0,-16.72846879102966,10.000229193360992
N137D,190.0,0.0,-16.49743573536575,10.000268131245212
N137E,444.0,10.0,-7.754726297994741,0.3197688498348394
N137F,307.0,0.0,-17.189646035643626,10.00016785053078
N137G,313.0,0.0,-17.217569136404634,10.000164728743556
N137H,500.0,2.0,-10.242265644810427,0.7068325216834246
N137I,420.0,0.0,-17.641784064854114,10.000124034810296
N137K,582.0,1.0,-11.454192846233102,0.9959503046512708
N137L,256.0,0.0,-16.927560551889357,10.000200293659907
N137M,270.0,3.0,-8.770753550166297,0.5796803395436478
N137P,500.0,1.0,-11.23510585323756,0.9960917557129934
N137Q,535.0,4.0,-9.343467818559002,0.5013436929320079
N137R,376.0,2.0,-9.83107972725243,0.707298916615282
N137S,328.0,92.0,-4.117525234279315,0.1183929360601209
N137T,229.0,0.0,-16.76677098421987,10.000223319378549
N137V,467.0,0.0,-17.79481382992132,10.000112054255636
N137W,519.0,1.0,-11.288911240645586,0.9960550039771964
N137Y,434.0,4.0,-9.041630245142798,0.5017773100458015
N137_,330.0,1.0,-10.635658646578168,0.9966087682758539
N200A,609.0,1679.0,-0.8205750077292846,0.04834681093290149
N200C,447.0,1884.0,-0.20822039660995895,0.05355077087742421
N200D,624.0,2606.0,-0.22144644212099873,0.045673654333373115
N200E,404.0,939.0,-1.0668984887869897,0.06033202748407093
N200F,741.0,59.0,-5.934109656458464,0.13563040087824432
N200G,497.0,2651.0,0.13154731965585853,0.04989050581630805
N200H,231.0,969.0,-0.21509175850333495,0.07389596691323363
N200I,525.0,494.0,-2.3714526644954317,0.06347276615306638
N200K,322.0,524.0,-1.5811591559301421,0.07150992968312149
N200L,874.0,359.0,-3.567273764399925,0.0634775968187851
N200M,722.0,910.0,-1.949784427824219,0.05083037761921811
N200P,1800.0,12962.0,0.5645646176294239,0.027065049333380158
N200Q,579.0,1448.0,-0.9612366123147789,0.05017474216210642
N200R,443.0,962.0,-1.1649353820851518,0.05828028414639421
N200S,238.0,1109.0,-0.06346972833798326,0.07213199817331636
N200T,329.0,1402.0,-0.1923547076840606,0.06206850140046526
N200V,487.0,639.0,-1.8917608956890923,0.06097608188098472
N200W,636.0,1114.0,-1.4750071790648205,0.050692960360836106
N200Y,270.0,318.0,-2.0475887148116536,0.08335428984067282
N200_,654.0,1.0,-11.622461599849824,0.9958553380921944
N234A,695.0,2754.0,-0.2972198509342814,0.04360907019963953
N234C,507.0,2597.0,0.07311745371821399,0.04957037204420269
N234D,568.0,2234.0,-0.30800059841226535,0.048041376466123546
N234E,664.0,2316.0,-0.481283399229544,0.04513972062508491
N234F,699.0,2132.0,-0.6748188029764961,0.044715227247382756
N234G,482.0,2987.0,0.34791907692368085,0.05009236064830222
N234H,452.0,1330.0,-0.7266375103553493,0.05535368441765598
N234I,500.0,715.0,-1.76764153713696,0.05914691654194454
N234K,368.0,775.0,-1.20917805167283,0.06408930716850687
N234L,601.0,2112.0,-0.47049224307619575,0.047298671546669946
N234M,473.0,1910.0,-0.2700104056289634,0.05232106243917548
N234P,1063.0,176.0,-4.878073873709212,0.08198802467318118
N234Q,782.0,3392.0,-0.16676654613010955,0.04090699665535739
N234R,466.0,1245.0,-0.8659234965625346,0.0552168361596085
N234S,464.0,1853.0,-0.2860051435659976,0.05286401762817384
N234T,284.0,580.0,-1.2535119618188366,0.0731090068611704
N234V,335.0,311.0,-2.390891199873365,0.0793733715876168
N234W,889.0,1623.0,-1.4152476713851305,0.042904566028578145
N234Y,559.0,1428.0,-0.9305879221504822,0.050881901203080365
N234_,654.0,5.0,-9.31200628940641,0.44858627142270235
N2A,534.0,1952.0,-0.41362622773621993,0.04984709082067311
N2C,49.0,0.0,-14.542508439350016,10.001025138208655
N2D,544.0,1275.0,-1.054844522119211,0.05217590416380525
N2E,264.0,1799.0,0.48489071685370444,0.06665892655840618
N2F,312.0,1842.0,0.27796871200354456,0.06203004590788635
N2G,417.0,0.0,-17.6314423677482,10.0001248912164
N2H,468.0,3537.0,0.6342710285501028,0.0501921014948046
N2I,421.0,1823.0,-0.16925193902198554,0.05498726883430111
N2K,1194.0,4717.0,-0.3015902679998992,0.03390174809416822
N2L,529.0,1.0,-11.316443898937425,0.9960367208255594
N2M,380.0,8.0,-7.851739338796655,0.3571768058866378
N2P,461.0,1821.0,-0.3017791134355843,0.05308589308955994
N2Q,550.0,3353.0,0.3242790235538173,0.04707657751804208
N2R,405.0,3398.0,0.7850126555239116,0.05350869675542513
N2S,451.0,28.0,-6.292793541344789,0.19498358084967238
N2T,517.0,1176.0,-1.0980117705126604,0.05370612039386777
N2V,303.0,1.0,-10.512514311348173,0.9967442234161221
N2W,286.0,3.0,-8.853806300734355,0.5795016054889555
N2Y,419.0,822.0,-1.3114767384818018,0.060851655656199315
N2_,373.0,0.0,-17.470574695602988,10.000139034492033
N315A,740.0,5595.0,0.6348760302010912,0.04037176832986056
N315C,546.0,1972.0,-0.43098041934710896,0.04937996563107299
N315D,686.0,159.0,-4.392760116531427,0.08858009507100956
N315E,886.0,329.0,-3.7128395556612026,0.06532911008556622
N315F,527.0,509.0,-2.3337843454239824,0.0629437132986742
N315G,623.0,152.0,-4.318737093533208,0.09101341187646002
N315H,735.0,3584.0,0.0020908713943574853,0.04170561932608286
N315I,256.0,705.0,-0.8222044512141657,0.07365007068943161
N315K,709.0,2.0,-10.746114671940127,0.7064153672245816
N315L,369.0,260.0,-2.78874081066527,0.08158293620754928
N315M,335.0,1845.0,0.17770456224563524,0.060222951628055396
N315P,893.0,0.0,-18.730036718345314,10.000060981023388
N315Q,465.0,35.0,-6.015070782648074,0.17553795863773533
N315R,424.0,2.0,-10.004406986524451,0.7070860546292234
N315S,961.0,2468.0,-0.9229231163298235,0.03931377035979696
N315T,467.0,3227.0,0.505024693033886,0.05050724750972698
N315V,648.0,2375.0,-0.4098024018671387,0.0454318480614671
N315W,1236.0,1536.0,-1.9701508148509714,0.039495674050032806
N315Y,375.0,90.0,-4.342419877804515,0.11779765759735703
N315_,510.0,4.0,-9.274427495979648,0.5014350609688386
N319A,404.0,175.0,-3.490601651329773,0.09104373321487158
N319C,502.0,741.0,-1.7218710988066652,0.05866274407413829
N319D,877.0,1758.0,-1.2803699290572519,0.042530914985010916
N319E,1009.0,2580.0,-0.9292118231007565,0.03845103054170646
N319F,502.0,53.0,-5.527027665051781,0.1447624720122749
N319G,1117.0,725.0,-2.9072173101603758,0.048727347051674134
N319H,867.0,479.0,-3.1396408668311695,0.05780003651229561
N319I,715.0,332.0,-3.3903847316555256,0.06715917812764145
N319K,1208.0,155.0,-5.245847210684358,0.08590006001985298
N319L,500.0,6.0,-8.66209615527817,0.4104742707892107
N319M,609.0,362.0,-3.034084375238921,0.06711318567243088
N319P,1392.0,17.0,-8.638290632051614,0.24414575404708838
N319Q,569.0,1781.0,-0.6374783033893081,0.04918062033112297
N319R,591.0,1366.0,-1.0749344092863344,0.050238368879735776
N319S,916.0,10140.0,1.1849039087690807,0.03591832775168519
N319T,1181.0,1562.0,-1.8802654988461613,0.03983402497541531
N319V,775.0,1415.0,-1.4151225899937563,0.04579116307378779
N319W,907.0,195.0,-4.501218358397164,0.07956306763261423
N319Y,547.0,112.0,-4.571587676807926,0.10419074021968042
N319_,990.0,2.0,-11.22775179410661,0.706131959704213
N332A,1241.0,396.0,-3.9315539819734213,0.0585730307830696
N332C,797.0,574.0,-2.757169962869369,0.05564741887358456
N332D,639.0,28.0,-6.795472627797994,0.19330357420487687
N332E,962.0,233.0,-4.329308026894605,0.07369509775882523
N332F,597.0,0.0,-18.149115484523477,10.000088741092075
N332G,823.0,17.0,-7.880102922075609,0.24516079548007072
N332H,608.0,1053.0,-1.4912958279573019,0.05190553232840424
N332I,856.0,28.0,-7.21726176985721,0.19227470378435219
N332K,1023.0,6.0,-9.694887549271021,0.40922692302728586
N332L,458.0,17.0,-7.034572059696386,0.24712774432951776
N332M,1092.0,67.0,-6.310113858284479,0.12624858108734643
N332P,548.0,4.0,-9.37810418053223,0.5012994700978257
N332Q,748.0,1184.0,-1.6210962045640045,0.04776278762641192
N332R,428.0,5.0,-8.700338098355203,0.44948527040414005
N332S,986.0,474.0,-3.340332790858081,0.056777324068945305
N332T,842.0,26.0,-7.300347070882022,0.199334396174516
N332V,1003.0,38.0,-7.005461162192509,0.16554661282667812
N332W,586.0,2.0,-10.471233980117542,0.7066248716467498
N332Y,795.0,23.0,-7.394288126655914,0.21170032405295822
N332_,984.0,22.0,-7.766089934623137,0.2157543960552176
N340A,295.0,765.0,-0.908933260061767,0.06925824106722939
N340C,432.0,102.0,-4.366002129706884,0.1105329707555696
N340D,310.0,6.0,-7.9724539600771385,0.4119646457838721
N340E,648.0,24.0,-7.037956776009767,0.20806805316022456
N340F,833.0,10.0,-8.662467943408782,0.3181200741519251
N340G,784.0,3473.0,-0.13640540425324588,0.04078289477233267
N340H,696.0,42.0,-6.333951351305312,0.1591867867895762
N340I,556.0,5.0,-9.077804424762476,0.4488865592822266
N340K,505.0,5.0,-8.939005550094715,0.44908882541155887
N340L,1009.0,12.0,-8.67620851931087,0.2904390350209081
N340M,984.0,66.0,-6.181564481781994,0.12753542859787015
N340P,912.0,6.0,-9.529188850106387,0.409372258689333
N340Q,1047.0,4703.0,-0.11633882966693765,0.035602617837433015
N340R,300.0,2.0,-9.505319286065154,0.7077750178796046
N340T,765.0,3096.0,-0.26678838815113304,0.04159308506971169
N340V,798.0,21.0,-7.530906766036235,0.22124492243072666
N340W,818.0,5.0,-9.634812074212412,0.44824445701380106
N340Y,879.0,243.0,-4.138511903352672,0.07316089376454786
N340_,890.0,5.0,-9.756515140339108,0.4481341285618496
N387A,678.0,2028.0,-0.7029616987409293,0.045473229630727835
N387C,1016.0,3215.0,-0.6217393848011801,0.03735102678486868
N387D,974.0,4329.0,-0.1316193641732588,0.03684425463040405
N387E,1108.0,2815.0,-0.9384788626587803,0.03684526228493468
N387F,595.0,483.0,-2.5845088649181758,0.06205489852327897
N387G,787.0,2777.0,-0.4645695079411225,0.04159984752797243
N387H,647.0,1748.0,-0.8497944851025334,0.047089979512915235
N387I,290.0,620.0,-1.18745917084091,0.07183905671267
N387K,156.0,862.0,0.182418091303564,0.0875770561834201
N387L,886.0,1879.0,-1.1990701502496717,0.04196029642057271
N387M,628.0,2880.0,-0.08643362382119602,0.04515936499222321
N387P,1119.0,1510.0,-1.8513128331235253,0.04069041939471839
N387Q,807.0,4766.0,0.27847551487416533,0.03935450457839886
N387R,808.0,2666.0,-0.5614108691801185,0.04138256528465578
N387S,591.0,2008.0,-0.5191360003257328,0.04785227406499839
N387T,605.0,1679.0,-0.811068078607609,0.04845895383587459
N387V,937.0,2041.0,-1.1605011068911693,0.0407061895826504
N387W,697.0,595.0,-2.511913447330775,0.05670237707558862
N387Y,509.0,428.0,-2.5336975036160725,0.06633858494209705
N387_,467.0,2134.0,-0.09160641881766995,0.052054769564144426
N90A,237.0,890.0,-0.37477439294345505,0.07377418271156845
N90C,166.0,275.0,-1.5554340769133042,0.09879160297009029
N90D,226.0,1015.0,-0.11661257926017843,0.07422675291976846
N90E,416.0,1901.0,-0.09157200006768029,0.055042169541189054
N90F,338.0,559.0,-1.5578398457658862,0.06962172803213444
N90G,150.0,466.0,-0.6483457714565333,0.09440293876452327
N90H,260.0,1955.0,0.6268889635176533,0.06676322457355244
N90I,444.0,1320.0,-0.7117632233437075,0.05576367494171366
N90K,257.0,180.0,-2.7973954482079666,0.09770343911619313
N90L,302.0,1219.0,-0.270606272191678,0.06504846155120131
N90M,123.0,769.0,0.3605787477120508,0.09761971868962444
N90P,336.0,817.0,-1.0017984409488445,0.0655735695694084
N90Q,287.0,2196.0,0.6520637067796802,0.06355616718289776
N90R,355.0,20.0,-6.43271459892584,0.22998184809394637
N90S,353.0,779.0,-1.1417152124040184,0.06493286846875451
N90T,265.0,457.0,-1.4974690741539929,0.07785495704327784
N90V,252.0,842.0,-0.5432916229974794,0.07249514985739713
N90W,211.0,557.0,-0.8832561509245807,0.08145076852236788
N90Y,187.0,508.0,-0.8419065292312524,0.08611381257327225
N90_,674.0,2.0,-10.673078692530058,0.7064672046323515
P110A,420.0,2.0,-9.990732373675185,0.7071019370653064
P110C,261.0,1.0,-10.297253986146245,0.997010579999595
P110D,395.0,7.0,-8.099978930231593,0.3811623666239018
P110E,440.0,8.0,-8.063238266982001,0.35667413220932676
P110F,482.0,3.0,-9.60680378830714,0.5782736162692393
P110G,291.0,0.0,-17.11242911692062,10.00017680463342
P110H,609.0,3.0,-9.944206628240863,0.5778994191736804
P110I,410.0,18.0,-6.792437018568968,0.2409636680003418
P110K,429.0,4.0,-9.024913237622698,0.5018040678368849
P110L,774.0,44.0,-6.420096936815253,0.1552865012845872
P110M,308.0,0.0,-17.19433757839758,10.000167321786858
P110N,281.0,2.0,-9.410930167303984,0.707934210170314
P110Q,1132.0,1.0,-12.413963702394618,0.995531119664771
P110R,559.0,0.0,-18.05423447882538,10.000094434187204
P110S,217.0,0.0,-16.689121912270068,10.000235392153249
P110T,594.0,5.0,-9.173180812911403,0.4487583844821139
P110V,395.0,3.0,-9.319629887482513,0.5786685674873104
P110W,287.0,7.0,-7.6391907576242115,0.3824099467955922
P110Y,558.0,2.0,-10.40059967288341,0.7066854578153664
P110_,148.0,0.0,-16.137055039445514,10.00034279993179
P121A,419.0,2060.0,0.013946752336279289,0.05451447807966591
P121C,195.0,610.0,-0.6383632211592056,0.08286781910160014
P121D,138.0,335.0,-1.004216653823737,0.10163982079036213
P121E,28.0,244.0,0.839278376957199,0.19974870152428092
P121F,147.0,428.0,-0.7419177981229552,0.09611695093406471
P121G,319.0,835.0,-0.8954561815032749,0.06657405138244567
P121H,140.0,444.0,-0.6185857117350864,0.09743902914034093
P121I,261.0,916.0,-0.4723897411664817,0.07087155895619691
P121K,200.0,690.0,-0.49710287052591884,0.08092478154888881
P121L,208.0,814.0,-0.31525437706891246,0.07833111268128673
P121M,250.0,936.0,-0.379109866340233,0.07188894600859745
P121N,376.0,715.0,-1.3564556195789628,0.06448179178824451
P121Q,236.0,1041.0,-0.14258397517794652,0.07278413330146556
P121R,539.0,6903.0,1.3951936223111994,0.04582503015474045
P121S,318.0,739.0,-1.0671262540054522,0.06780510867548172
P121T,277.0,1237.0,-0.12480080811957261,0.06721751839299968
P121V,247.0,885.0,-0.4425237005315754,0.07265098571384895
P121W,210.0,144.0,-2.827937038615209,0.10865291591936968
P121Y,319.0,565.0,-1.4589732550440644,0.07074174191074038
P121_,233.0,2.0,-9.140700568103755,0.7084517732426385
P144A,389.0,2.0,-9.880115938321673,0.7072360862632578
P144C,330.0,2.0,-9.642818438151032,0.7075609266446741
P144D,403.0,5.0,-8.613509231487985,0.4496464636884698
P144E,291.0,0.0,-17.11242911692062,10.00017680463342
P144F,520.0,5.0,-8.981232961416865,0.44902522673268225
P144G,203.0,1.0,-9.93469969911919,0.9975593674160421
P144H,422.0,4.0,-9.001179146648472,0.5018425914523347
P144I,552.0,13.0,-7.690649543318352,0.2806694284909429
P144K,544.0,0.0,-18.014993558851003,10.000096900400578
P144L,368.0,1.0,-10.792893874157144,0.9964517766870572
P144M,372.0,10.0,-7.499475531590522,0.32044970834745246
P144N,286.0,3.0,-8.853806300734355,0.5795016054889555
P144Q,1058.0,7.0,-9.521371111812934,0.37907563744184986
P144R,347.0,0.0,-17.36633762592014,10.000149077750297
P144S,366.0,0.0,-17.443243453357834,10.00014159808177
P144T,223.0,0.0,-16.72846879102966,10.000229193360992
P144V,498.0,21.0,-6.850674652599102,0.22294436610938087
P144W,486.0,0.0,-17.852346386098514,10.000107868754691
P144Y,370.0,1.0,-10.800713166710459,0.9964444066064355
P144_,407.0,0.0,-17.596424628598374,10.000127837082259
P158A,504.0,1940.0,-0.33910818243010876,0.050983965865962835
P158C,448.0,1161.0,-0.9098704495268413,0.056508653808018124
P158D,665.0,64.0,-5.660654829337016,0.13124828249800696
P158E,747.0,6.0,-9.241266762850392,0.40966795962607616
P158F,500.0,2.0,-10.242265644810427,0.7068325216834246
P158G,945.0,1042.0,-2.1426803859281867,0.04601835988260148
P158H,523.0,9.0,-8.142815622875894,0.33615415596294707
P158I,641.0,296.0,-3.3983489568233685,0.07097970280553284
P158K,432.0,2.0,-10.031373404031545,0.7070551710728998
P158L,584.0,2.0,-10.46630176888678,0.7066290067322994
P158M,630.0,1.0,-11.56852363309001,0.995884582766011
P158N,514.0,866.0,-1.5310607509313874,0.0565687583088572
P158Q,441.0,23.0,-6.544126488850775,0.21407172552505319
P158R,414.0,2.0,-9.969974311320824,0.707126335461166
P158S,605.0,15513.0,2.396727834091081,0.042627962208180756
P158T,432.0,189.0,-3.476250150163053,0.08777985240605637
P158V,477.0,1693.0,-0.4561489294072505,0.05279083227367307
P158W,505.0,1.0,-11.249460860538129,0.9960818162216044
P158Y,635.0,4.0,-9.590681272347643,0.501050050245524
P158_,438.0,0.0,-17.7023241951831,10.000119142730048
P180A,293.0,1134.0,-0.3312364531962473,0.06629098837837905
P180C,250.0,831.0,-0.5507679716328173,0.0728217746118146
P180D,323.0,1485.0,-0.08282609665038798,0.062202021035407166
P180E,461.0,2153.0,-0.060162937922324744,0.052282236639668814
P180F,440.0,3576.0,0.7390945459437965,0.051498862072700775
P180G,426.0,2682.0,0.37070740722119844,0.053103985941830356
P180H,424.0,2567.0,0.31427071279569585,0.05336486784432325
P180I,437.0,1694.0,-0.3289438148729191,0.05457479584137411
P180K,567.0,1476.0,-0.9033915966311659,0.050407890336418786
P180L,463.0,2304.0,0.03138371254184058,0.0519001190546112
P180M,559.0,4287.0,0.6553777780412364,0.04606468790834912
P180N,337.0,1765.0,0.10516504361613244,0.06027981358963832
P180Q,201.0,1059.0,0.11372902390418904,0.07758202701638953
P180R,358.0,1600.0,-0.12363887679530272,0.05931298388980599
P180S,389.0,1866.0,-0.02157043741015663,0.05662461223435987
P180T,209.0,976.0,-0.06032404764200816,0.07686908115410349
P180V,473.0,1652.0,-0.47936817749563687,0.05309669781453284
P180W,221.0,1300.0,0.27269115935389543,0.07344196954602748
P180Y,547.0,2907.0,0.12624891378638292,0.047664788957304784
P180_,474.0,0.0,-17.816277882896426,10.000110473191352
P193A,340.0,873.0,-0.9232270064098751,0.0647021492443423
P193C,250.0,486.0,-1.3246478108663293,0.07846799816408692
P193D,651.0,2901.0,-0.1278443488647829,0.04450391157158385
P193E,461.0,1537.0,-0.5463914068383371,0.0540331388648231
P193F,309.0,26.0,-5.854163230080796,0.2044081905705493
P193G,435.0,2522.0,0.2518055170587834,0.05286892054864798
P193H,491.0,1414.0,-0.7576799970382551,0.05332581807567282
P193I,339.0,8.0,-7.687029785190779,0.3576220441470449
P193K,114.0,365.0,-0.6048723896338917,0.10775262080615162
P193L,483.0,36.0,-6.029231561513819,0.17303245440983556
P193M,382.0,175.0,-3.409821053173954,0.09182324117578246
P193N,473.0,2258.0,-0.0285387218900377,0.051544194061316044
P193Q,269.0,768.0,-0.7701827155954062,0.07154869813668378
P193R,373.0,586.0,-1.6319370322467783,0.0669863022750109
P193S,421.0,1301.0,-0.6559423630911905,0.0569534019243156
P193T,612.0,3502.0,0.23290806417073018,0.04493691606317482
P193V,408.0,152.0,-3.7080862851820244,0.09554711293175566
P193W,360.0,6.0,-8.188176187639137,0.41142054834264363
P193Y,614.0,2152.0,-0.4742972832667185,0.04683092699527457
P193_,630.0,3.0,-9.993115439082102,0.5778520623060059
P207A,243.0,21.0,-5.815515623592438,0.2276208592507716
P207C,205.0,0.0,-16.60705467087186,10.000248878239786
P207D,271.0,1.0,-10.35149499131424,0.9969396804923875
P207E,358.0,4.0,-8.763901846705659,0.5022644647669485
P207F,626.0,14.0,-7.765304850279372,0.2703235504108668
P207G,304.0,14.0,-6.723237927020939,0.27343512725424796
P207H,621.0,7.0,-8.752706253541996,0.379951902586473
P207I,751.0,104.0,-5.135757883497488,0.10509907819865459
P207K,548.0,2.0,-10.374510915808221,0.7067085947742641
P207L,452.0,16.0,-7.102957485292723,0.25450563496976425
P207M,409.0,37.0,-5.749797083642682,0.17194321240829818
P207N,379.0,5.0,-8.524929508020904,0.44982115013866186
P207Q,532.0,2.0,-10.331762060110215,0.7067474213781333
P207R,407.0,5.0,-8.627757835403166,0.44961934610364807
P207S,308.0,2.0,-9.543285887218653,0.7077138556963952
P207T,624.0,22.0,-7.108986106613256,0.21710883907190634
P207V,477.0,24.0,-6.5959602103521044,0.20939322050420506
P207W,510.0,1.0,-11.263674439682774,0.9960720715220971
P207Y,442.0,1.0,-11.057227914144692,0.9962234779667475
P207_,323.0,3.0,-9.029319540438948,0.5791559452370365
P237A,711.0,2934.0,-0.23871597566045288,0.04297785877317697
P237C,580.0,108.0,-4.708560892939581,0.1052726275080531
P237D,652.0,3.0,-10.042634802241228,0.5778057184961566
P237E,672.0,41.0,-6.318083060682998,0.16115888279831025
P237F,397.0,10.0,-7.593309475489739,0.3201854838040064
P237G,776.0,89.0,-5.4076839190118395,0.11235280066088744
P237H,1995.0,63.0,-7.268319366045796,0.12834158821071728
P237I,577.0,9.0,-8.284573413710522,0.3358878971586727
P237K,800.0,7.0,-9.118107787054388,0.3794774731477208
P237L,601.0,12.0,-7.928728947429997,0.2915949732669228
P237M,713.0,27.0,-7.006004773660059,0.19627950852257992
P237N,951.0,7.0,-9.367550264780025,0.3792158777072614
P237Q,581.0,3.0,-9.876303705386068,0.5779678799820711
P237R,769.0,3.0,-10.280743069458861,0.5776037592727185
P237S,643.0,540.0,-2.5355030586523224,0.059218402743382664
P237T,496.0,77.0,-4.970899513105644,0.12288706548649389
P237V,802.0,133.0,-4.875733518264459,0.09415367680313495
P237W,891.0,2.0,-11.07575031983065,0.7062114241273726
P237Y,438.0,21.0,-6.665463748510055,0.22356039781422798
P237_,696.0,4.0,-9.72300999533691,0.5009123031700987
P24A,677.0,113.0,-4.866374712582821,0.10210618687779492
P24C,295.0,69.0,-4.37953452841096,0.1340902122786692
P24D,321.0,0.0,-17.253978627907987,10.000160747890476
P24E,450.0,4.0,-9.093859022010683,0.5016956720380378
P24F,640.0,0.0,-18.24945483453625,10.000083114228797
P24G,296.0,5.0,-8.168339509022767,0.45064273937191823
P24H,503.0,1.0,-11.243735986293572,0.9960857683180049
P24I,191.0,1.0,-9.846797074793459,0.9977144650609674
P24K,305.0,8.0,-7.534558498457858,0.35808147396423323
P24L,391.0,1.0,-10.880354409370092,0.9963715698206909
P24M,390.0,18.0,-6.720289037264605,0.2412230528213517
P24N,698.0,2.0,-10.723556401581046,0.7064310992163403
P24Q,228.0,1.0,-10.102246003838623,0.9972886233946665
P24R,130.0,2.0,-8.298931291838008,0.7108473603597283
P24S,325.0,51.0,-4.955280110167583,0.15093257938140256
P24T,381.0,47.0,-5.302437285529222,0.1549080007578184
P24V,509.0,118.0,-4.392432890978372,0.10265608598738156
P24W,368.0,9.0,-7.6357220610954,0.3373498550537041
P24Y,297.0,1.0,-10.483660410536807,0.9967776661835362
P24_,315.0,4.0,-8.579299588762945,0.502643886760641
P27A,640.0,10.0,-8.282228575700259,0.3186885491887375
P27C,255.0,7.0,-7.468643575730024,0.382981178516465
P27D,212.0,0.0,-16.655492702326114,10.0002408258272
P27E,478.0,0.0,-17.828401187284648,10.000109590516546
P27F,358.0,4.0,-8.763901846705659,0.5022644647669485
P27G,547.0,2.0,-10.371875903768352,0.7067109549544316
P27H,210.0,3.0,-8.4081987367496,0.5805922902813976
P27I,583.0,0.0,-18.114881016758844,10.000090752205349
P27K,375.0,2.0,-9.827237763274107,0.7073039299099084
P27L,298.0,4.0,-8.499262703495218,0.502823991666388
P27M,437.0,0.0,-17.699026680454356,10.000119403939822
P27N,414.0,21.0,-6.584165555826708,0.22385620198401646
P27Q,556.0,3.0,-9.812851541197983,0.5780348244892385
P27R,772.0,4.0,-9.872521496166708,0.5007710999148244
P27S,663.0,5.0,-9.33172422457446,0.4485631362222335
P27T,484.0,6.0,-8.615176061719247,0.4105547953612948
P27V,437.0,1.0,-11.04081519770256,0.9962364693960579
P27W,455.0,2.0,-10.106206948857,0.7069724235103287
P27Y,992.0,31.0,-7.283197240712719,0.18263497008074897
P27_,23.0,0.0,-13.451693276164349,10.0021777219459
P311A,722.0,15.0,-7.871670944768864,0.2609733513173839
P311C,647.0,5.0,-9.296481604563162,0.44860470959032683
P311D,569.0,0.0,-18.0798143947204,10.000092862281603
P311E,459.0,11.0,-7.665287218486549,0.3051310194248003
P311F,472.0,2.0,-10.159126121147015,0.7069164398221119
P311G,776.0,11.0,-8.422836877648894,0.30366919572031636
P311H,1331.0,9.0,-9.490426596953995,0.33442325935371253
P311I,682.0,41.0,-6.339393252143086,0.16109117471526893
P311K,574.0,1.0,-11.434224775479889,0.995962326459512
P311L,842.0,50.0,-6.357196865117441,0.14588848840323052
P311M,829.0,9.0,-8.80736659612747,0.3351027682777428
P311N,916.0,20.0,-7.800218283766078,0.22620017579590795
P311Q,911.0,15.0,-8.207119016198464,0.26042225427436555
P311R,869.0,3.0,-10.45711348945829,0.5774742109072925
P311S,742.0,2.0,-10.811747326355233,0.7063709680051126
P311T,901.0,213.0,-4.364269965021084,0.07683942197308642
P311V,370.0,1.0,-10.800713166710459,0.9964444066064355
P311W,1252.0,3.0,-10.983914890965213,0.5771693383956534
P311Y,1016.0,12.0,-8.686182648465977,0.2904272798649561
P311_,655.0,3.0,-10.049257643090447,0.5777996398128064
P344A,333.0,4.0,-8.659467461856229,0.5024731707529622
P344C,598.0,4.0,-9.504071570591588,0.5011472711093466
P344D,380.0,2.0,-9.846346080026436,0.707279126940462
P344E,610.0,6.0,-8.948972099998567,0.410034735561969
P344F,994.0,8.0,-9.23896232083017,0.3548940504750462
P344G,418.0,2.0,-9.983846152439524,0.7071099921330511
P344H,687.0,1.0,-11.69348000355627,0.9958184617121542
P344I,782.0,6.0,-9.307326262978883,0.4095948278546399
P344K,487.0,4.0,-9.207853357166412,0.5015273875156602
P344L,579.0,5.0,-9.136281859306639,0.4488069743094222
P344M,419.0,1.0,-10.980133580114218,0.9962858042171248
P344N,542.0,3.0,-9.776060180053289,0.5780750071822408
P344R,1040.0,8.0,-9.304227450335738,0.35483135456485937
P344S,232.0,11.0,-6.680948623069104,0.30860410931597265
P344T,748.0,3.0,-10.240798268080852,0.5776353607959381
P344V,763.0,3.0,-10.269442675857793,0.577612610952586
P344W,788.0,3.0,-10.315954648608193,0.5775766173829697
P344Y,822.0,1.0,-11.952304849572677,0.995698426237142
P344_,608.0,3.0,-9.941835762740592,0.5779017557594227
P358A,1053.0,28.0,-7.5160813514087454,0.19170552851013392
P358C,341.0,10.0,-7.373948175055288,0.32083076710518427
P358D,710.0,6.0,-9.167978550901214,0.409753093760505
P358E,479.0,35.0,-6.057864815602654,0.1753588395957717
P358F,700.0,72.0,-5.56475436771458,0.1241584755976313
P358G,685.0,1.0,-11.689273953898823,0.9958205955400631
P358H,639.0,5.0,-9.278532102677293,0.4486262754649596
P358I,874.0,51.0,-6.382445788532457,0.14438825015280418
P358K,615.0,8.0,-8.54631182379811,0.35576642729123753
P358L,550.0,0.0,-18.03081823670747,10.000095897773107
P358M,1180.0,29.0,-7.629752987943547,0.18819707345228084
P358N,700.0,9.0,-8.56335262351572,0.3354342830738318
P358Q,695.0,4.0,-9.720935696923624,0.5009143666530177
P358R,597.0,5.0,-9.18044869132827,0.4487489589064928
P358S,648.0,11.0,-8.162777710675815,0.30408801900729254
P358T,714.0,17.0,-7.675137241752101,0.2455388038256174
P358V,888.0,6.0,-9.490715129828203,0.40940845182262997
P358W,853.0,17.0,-7.931755616459977,0.24507362725212112
P358Y,758.0,6.0,-9.262356087965452,0.4096442490607951
P358_,1276.0,3.0,-11.011308441063317,0.5771563240896119
P56A,201.0,55.0,-4.153149475335857,0.1524900185816689
P56C,408.0,109.0,-4.187792033601938,0.1082783752279623
P56D,447.0,4.0,-9.084209067139213,0.5017105349897919
P56E,186.0,1.0,-9.808529088235748,0.9977849872840328
P56F,245.0,7.0,-7.4109303870170935,0.3831900759596907
P56I,207.0,683.0,-0.5614417681191055,0.07996629172668739
P56K,183.0,4.0,-7.795824443184786,0.5049163859355486
P56L,225.0,26.0,-5.3964988233437845,0.2073422631049491
P56M,750.0,3812.0,0.06192215939031698,0.041175966911106386
P56N,851.0,5.0,-9.691869679044334,0.44819157580687313
P56Q,149.0,2.0,-8.495717848919725,0.7101571746483939
P56R,512.0,5.0,-8.958865581882126,0.4490586834196278
P56S,406.0,46.0,-5.425143907719921,0.15587563948205113
P56T,101.0,7.0,-6.13258788047844,0.390708559096667
P56V,454.0,1161.0,-0.9290635891790915,0.056247040616037414
P56W,377.0,3.0,-9.252343501489394,0.5787729944080093
P56Y,494.0,24.0,-6.646480945126715,0.20922088615907125
P56_,15.0,0.0,-12.835356269560949,10.003335547092766
Q124A,166.0,452.0,-0.8385634659153567,0.0913010944215849
Q124C,562.0,989.0,-1.4682587005657641,0.053761099224209095
Q124D,165.0,1148.0,0.5148618380512362,0.08385181705034193
Q124E,348.0,1220.0,-0.47395570217643446,0.06158702750815259
Q124F,395.0,38.0,-5.661086254380249,0.17011838073654778
Q124G,433.0,492.0,-2.0993607127632368,0.06664615817283054
Q124H,360.0,472.0,-1.8928675639646393,0.07068320662824708
Q124I,238.0,141.0,-3.0388727198455925,0.10673807034282048
Q124K,258.0,595.0,-1.0781610757252613,0.07520823550055883
Q124L,303.0,1131.0,-0.3834736344674923,0.06545381954347296
Q124M,340.0,624.0,-1.407656036871229,0.06814282270646173
Q124N,381.0,13329.0,2.8449489481555714,0.0529097651954091
Q124P,260.0,0.0,-16.949927497947186,10.000197289144872
Q124R,254.0,555.0,-1.1560195371031954,0.07640967291449959
Q124S,535.0,1792.0,-0.539707082450481,0.050269000780566474
Q124T,264.0,701.0,-0.8748055594109454,0.07289762948483991
Q124V,411.0,856.0,-1.2251938530473083,0.06083631625804451
Q124W,287.0,4.0,-8.445002965179913,0.5029518601793999
Q124Y,416.0,173.0,-3.5494107878302303,0.0910143778976891
Q124_,307.0,2.0,-9.538594344464697,0.7077213269361828
Q189A,342.0,1465.0,-0.18484790925124805,0.06087935782547138
Q189C,470.0,673.0,-1.7657115185905887,0.06093678877767247
Q189D,45.0,221.0,0.01214617068205115,0.16383462114721134
Q189E,375.0,2434.0,0.41468611528306365,0.05636715453686319
Q189F,797.0,233.0,-4.057853961818369,0.07514097817657274
Q189G,672.0,2233.0,-0.551212902634644,0.045118898704404706
Q189H,249.0,938.0,-0.37024838542726535,0.07198475942087366
Q189I,189.0,38.0,-4.5976596431257155,0.17804327379578755
Q189K,1002.0,1506.0,-1.6958135649292534,0.0419739936710504
Q189L,1029.0,4665.0,-0.10302483679639574,0.03586064088222389
Q189M,670.0,727.0,-2.165855427604897,0.05447777375175136
Q189N,89.0,286.0,-0.5996217505878869,0.1217821410313036
Q189P,513.0,684.0,-1.8686175392190876,0.059254219841688945
Q189R,608.0,1190.0,-1.3148412680934634,0.05084146694801239
Q189S,255.0,693.0,-0.8413256598686516,0.07392030414473677
Q189T,561.0,1212.0,-1.1723447979607222,0.05203259573562272
Q189V,599.0,1232.0,-1.243286034752722,0.0508027443415419
Q189W,548.0,34.0,-6.293819316279308,0.17699637523758222
Q189Y,491.0,1192.0,-1.0040759811890911,0.05454680039194376
Q189_,819.0,8.0,-8.959583022163809,0.355196772619081
Q194A,528.0,1687.0,-0.6078166407096406,0.050857488495403384
Q194C,562.0,705.0,-1.956600087762598,0.057424413488142596
Q194D,485.0,1678.0,-0.4929830928775454,0.05251259907104556
Q194E,354.0,1435.0,-0.26444923639284745,0.060178518708805175
Q194F,497.0,410.0,-2.561263790519492,0.0674597120655428
Q194G,294.0,972.0,-0.5585420771309897,0.06730421051659267
Q194H,345.0,809.0,-1.0541286508615393,0.06507196994681749
Q194I,464.0,17.0,-7.053348859409665,0.24707061650984088
Q194K,248.0,666.0,-0.8585024613451173,0.0750559147196069
Q194L,482.0,569.0,-2.0442570782867033,0.0627048643223999
Q194M,471.0,967.0,-1.2458748890092686,0.05707038234578846
Q194N,276.0,682.0,-0.9785756525756399,0.07203559671239439
Q194P,561.0,44.0,-5.955771218189175,0.15685797375323438
Q194R,640.0,1335.0,-1.2229638115226606,0.04910549402472876
Q194S,732.0,1817.0,-0.9720169108423455,0.04490291925030781
Q194T,100.0,300.0,-0.6987816804769817,0.11589667045916081
Q194V,585.0,73.0,-5.285943308851293,0.12452285836863705
Q194W,428.0,156.0,-3.7396540054260923,0.09405347112048647
Q194Y,492.0,510.0,-2.2318101113318596,0.06397687691647486
Q194_,634.0,0.0,-18.235865983117222,10.000083853552724
Q255A,821.0,79.0,-5.660940635777937,0.1182135931357208
Q255C,410.0,206.0,-3.2765927354772444,0.08598205682233256
Q255D,507.0,19.0,-7.020831773312639,0.23382911767167155
Q255E,511.0,6.0,-8.69349073044484,0.4104218267172061
Q255F,357.0,13.0,-7.061919626086107,0.28242664302840553
Q255G,680.0,215.0,-3.9448002099015858,0.07887540158074786
Q255H,1057.0,11.0,-8.86867875442844,0.3031046058461012
Q255I,400.0,90.0,-4.435526877766376,0.11708812954153305
Q255K,889.0,3.0,-10.489940357984455,0.5774517956145757
Q255L,316.0,229.0,-2.7482076237964606,0.08735498991758225
Q255M,662.0,180.0,-4.1624239637314595,0.08464994996137042
Q255N,584.0,1714.0,-0.7303374590791112,0.048944279669847976
Q255P,562.0,34.0,-6.330212897729949,0.1768679179442825
Q255R,677.0,13.0,-7.985132284533575,0.2800729365023605
Q255S,607.0,63.0,-5.551715577088378,0.13273180463547765
Q255T,634.0,131.0,-4.55847666661581,0.09648877240389425
Q255V,508.0,105.0,-4.55797818329018,0.10766235955989109
Q255W,315.0,2.0,-9.575706324038936,0.7076628830914464
Q255Y,443.0,8.0,-8.07304121997321,0.3566525569161945
Q255_,945.0,2.0,-11.160638292177905,0.7061660170023574
Q325A,632.0,6.0,-9.000086592453487,0.4099651453776177
Q325C,572.0,5.0,-9.118733963018972,0.4488305197797287
Q325D,338.0,3.0,-9.094806639891303,0.5790373233835304
Q325E,567.0,7.0,-8.6214639327792,0.3801536604808695
Q325F,767.0,1.0,-11.85239429192683,0.9957422305823758
Q325G,858.0,4.0,-10.024896423289139,0.5006414506239217
Q325H,661.0,3.0,-10.062412808244034,0.577787647787545
Q325I,499.0,0.0,-17.890429114486817,10.000105188634466
Q325K,784.0,9.0,-8.726849147621758,0.33520605778473356
Q325L,886.0,6.0,-9.487462188706667,0.4094115562754882
Q325M,950.0,10.0,-8.852076828280962,0.31788761582741
Q325N,466.0,31.0,-6.1932034905455176,0.18572386664085536
Q325P,733.0,5.0,-9.476526474579916,0.44840255593530226
Q325R,1263.0,5.0,-10.261487751025694,0.4477637476050175
Q325S,718.0,883.0,-1.9852221687509495,0.051235184844767634
Q325T,521.0,378.0,-2.746534670585021,0.06829785878743919
Q325V,746.0,9.0,-8.655172061102682,0.3353029553188995
Q325W,841.0,3.0,-10.409863665627356,0.5775073817904622
Q325Y,336.0,2.0,-9.668812866028288,0.7075226891134149
Q325_,675.0,5.0,-9.357602469559517,0.44853324718991566
Q378A,531.0,2458.0,-0.07296815814015023,0.048886120460417196
Q378C,1307.0,4690.0,-0.4403271884027826,0.03283504448553183
Q378D,1543.0,23808.0,1.6639797126624492,0.028105204286131707
Q378E,742.0,1895.0,-0.9309530815546285,0.044443315923960204
Q378F,562.0,2078.0,-0.39711311706602803,0.04858367324053386
Q378G,620.0,2072.0,-0.5429804318180418,0.0468542021874725
Q378H,1453.0,3281.0,-1.1085526489853623,0.03305792800919501
Q378I,411.0,1675.0,-0.2567236999525315,0.055945134598374954
Q378K,451.0,2267.0,0.04591141997737491,0.052518294816167016
Q378L,461.0,2266.0,0.013636269576637439,0.052060258935768045
Q378M,1138.0,6794.0,0.29410209870969606,0.0335519191304085
Q378N,874.0,2720.0,-0.6457577440008384,0.04014490345652391
Q378P,1371.0,598.0,-3.480645587289346,0.05001417818186741
Q378R,535.0,3445.0,0.40322240014040034,0.047531197739886864
Q378S,750.0,2500.0,-0.5466958788110725,0.042815065729279296
Q378T,421.0,1004.0,-1.0298007755387042,0.05891572291485338
Q378V,370.0,1876.0,0.0583833430794245,0.057753716377177564
Q378W,529.0,2998.0,0.21899028821693722,0.048204708516443734
Q378Y,481.0,1779.0,-0.39671218022978305,0.05235346351718838
Q378_,613.0,123.0,-4.600783013580323,0.09930020658881285
Q386A,708.0,1743.0,-0.9839088037460302,0.045672152353171784
Q386C,598.0,1239.0,-1.2327016911503996,0.05078508368388834
Q386D,783.0,3782.0,-0.011597467757725965,0.040513558975973564
Q386E,764.0,4013.0,0.10937331653382243,0.04071718065260977
Q386F,948.0,2420.0,-0.9316091813609781,0.039596445853524495
Q386G,381.0,2023.0,0.1249546750557986,0.05673386868651489
Q386H,585.0,2493.0,-0.19229252919032636,0.04701393328340875
Q386I,755.0,1858.0,-0.9844573994338166,0.04430024719667146
Q386K,978.0,7335.0,0.623229803123702,0.03547721516808272
Q386L,1020.0,2873.0,-0.7896682897120604,0.03779239940429053
Q386M,741.0,3315.0,-0.12219970266879887,0.04184475553909046
Q386N,1030.0,4818.0,-0.05786896406973252,0.03575241012056895
Q386P,860.0,3638.0,-0.20292383968305394,0.0392105677682405
Q386R,595.0,3103.0,0.09903451796953178,0.04585550843661817
Q386S,687.0,2943.0,-0.18475856747745034,0.043533745092998066
Q386T,931.0,3798.0,-0.25527287289352785,0.03791060531261939
Q386V,671.0,1526.0,-1.0982897637519855,0.047385761087376826
Q386W,764.0,2379.0,-0.644950098591091,0.04276730298876503
Q386Y,525.0,1160.0,-1.1399275731500351,0.05354066730840804
Q386_,429.0,2838.0,0.4421484832407403,0.052755316983729025
Q4A,300.0,421.0,-1.7948040965191847,0.07621206345867591
Q4C,451.0,995.0,-1.1420964048387736,0.057637458826037866
Q4D,653.0,977.0,-1.702379764181985,0.051523945807867635
Q4E,508.0,1524.0,-0.6987044399764297,0.05219621402710528
Q4F,269.0,694.0,-0.9163513607444695,0.07251242137484855
Q4G,343.0,0.0,-17.349611024354584,10.000150758003429
Q4H,396.0,4116.0,1.0939897127268692,0.05355332286407203
Q4I,612.0,2319.0,-0.3617660980614543,0.046529502695712405
Q4K,378.0,2067.0,0.16740105487330137,0.05682463509951944
Q4L,426.0,361.0,-2.5224965036641747,0.07223008380572507
Q4M,441.0,320.0,-2.746342388897177,0.07410965202193008
Q4N,250.0,2173.0,0.835989099101794,0.06752663968696014
Q4P,589.0,19.0,-7.237109698662496,0.23324123269785618
Q4R,224.0,1825.0,0.742621319222506,0.07149716445687283
Q4S,255.0,467.0,-1.4107483877595852,0.07850167205447542
Q4T,350.0,441.0,-1.9502327796821772,0.07228000693713298
Q4V,534.0,2057.0,-0.33803786404008385,0.04958409536919098
Q4W,391.0,0.0,-17.538565892121888,10.000132863879658
Q4Y,420.0,933.0,-1.1321791413411404,0.059602948451320956
Q4_,556.0,1.0,-11.388259735205892,0.9959906398164756
Q51A,270.0,33.0,-5.315685803703465,0.1846543603074555
Q51C,311.0,102.0,-3.891898390504278,0.11453430529075072
Q51D,308.0,0.0,-17.19433757839758,10.000167321786858
Q51E,480.0,0.0,-17.83442484915711,10.000109154695716
Q51F,866.0,1.0,-12.027532588889816,0.995667387673071
Q51G,841.0,27.0,-7.24420541787809,0.19573499200646224
Q51H,1247.0,2.0,-11.560709825646049,0.7059845408341852
Q51I,243.0,3.0,-8.61875639350578,0.5800351597208615
Q51K,248.0,1.0,-10.223547197364383,0.9971112883116983
Q51L,198.0,3.0,-8.323314002580872,0.5808407522774555
Q51M,620.0,6.0,-8.972430691365236,0.4100024929080215
Q51N,843.0,71.0,-5.853103640919969,0.12397001667643834
Q51P,191.0,1.0,-9.846797074793459,0.9977144650609674
Q51R,243.0,0.0,-16.852376070265482,10.00021074142396
Q51S,480.0,905.0,-1.3687787361182222,0.05734166020660098
Q51T,643.0,161.0,-4.281338888311115,0.08868932306169722
Q51V,219.0,2.0,-9.051305441119132,0.7086453663582295
Q51W,285.0,55.0,-4.6568947391123245,0.1476041249917494
Q51Y,383.0,20.0,-6.542236995520286,0.2295337149072882
Q51_,644.0,0.0,-18.258443477752582,10.000082628999488
R156A,381.0,15.0,-6.949480989102271,0.26333756047800577
R156C,481.0,11.0,-7.732828521268773,0.30496769681269564
R156D,242.0,54.0,-4.4474162163034565,0.15082097451760318
R156E,344.0,1.0,-10.695599407865053,0.9965468970600923
R156F,357.0,47.0,-5.208572907610165,0.15547645370798682
R156G,396.0,1.0,-10.898685766275765,0.9963553655982654
R156H,410.0,17.0,-6.874852058811859,0.24764435886717695
R156I,429.0,296.0,-2.8190133697999054,0.07621698066692999
R156K,224.0,84.0,-3.698578172622862,0.1283247722079284
R156L,275.0,68.0,-4.299313290349091,0.13579310493740412
R156M,400.0,45.0,-5.435366605029346,0.15753424531489382
R156N,169.0,11.0,-6.223870244477729,0.31119631568845635
R156P,315.0,12.0,-6.9967375795122315,0.2941738686651602
R156Q,172.0,1.0,-9.695641344845736,0.9980042290922746
R156S,338.0,13.0,-6.983021069933211,0.28270525120162215
R156T,218.0,21.0,-5.658894252972654,0.2286550767542162
R156V,514.0,143.0,-4.129328403841906,0.09506745681470577
R156W,347.0,15.0,-6.81462936429945,0.2638253760771353
R156Y,230.0,22.0,-5.66911354327558,0.2233413231839343
R156_,654.0,1.0,-11.622461599849824,0.9958553380921944
R310A,595.0,3.0,-9.910654625922312,0.5779328451832925
R310C,780.0,2.0,-10.88380131625737,0.706324492393019
R310D,645.0,5.0,-9.29201512202198,0.44861005100315354
R310E,293.0,0.0,-17.122310290035596,10.000175631892734
R310F,496.0,0.0,-17.881729594402216,10.00010579465452
R310G,899.0,19.0,-7.847154734267388,0.23198285123025952
R310H,605.0,39.0,-6.238691092854329,0.16549058536344327
R310I,735.0,5.0,-9.480457472613935,0.4483984165983756
R310K,1086.0,5406.0,0.0318787850563127,0.03472170851074209
R310L,595.0,2.0,-10.493222611503086,0.7066066074778373
R310M,974.0,4.0,-10.207838545330445,0.5005028051923095
R310N,564.0,3.0,-9.833461452826615,0.5780127574091795
R310P,367.0,3.0,-9.213560083754517,0.5788354264522025
R310Q,622.0,2.0,-10.557246470934244,0.7065549836376672
R310S,933.0,8.0,-9.147594499044523,0.3549867051592148
R310T,728.0,4.0,-9.787860228562227,0.5008492607626432
R310V,1346.0,27.0,-7.922699686164639,0.19459207877787124
R310W,777.0,2.0,-10.878241862328029,0.7063279963529976
R310Y,477.0,1.0,-11.167168415830727,0.9961401597705886
R310_,425.0,0.0,-17.65885717410636,10.000122634333644
R324A,687.0,495.0,-2.7565214365063992,0.05979598644253267
R324C,1033.0,286.0,-4.136364733028745,0.06755917393553224
R324D,708.0,89.0,-5.275378412501255,0.11290225001302086
R324E,435.0,29.0,-6.190074373275112,0.19201428524840494
R324F,694.0,801.0,-2.0767842050114087,0.05281232044142193
R324G,845.0,42.0,-6.613811731611084,0.15838904655950334
R324H,825.0,568.0,-2.822143285338398,0.05542972850842506
R324I,523.0,8.0,-8.312540486280723,0.35616817698507713
R324K,547.0,3528.0,0.40556752965082676,0.04702533306909603
R324L,852.0,910.0,-2.1886359723165048,0.04870728965179906
R324M,604.0,461.0,-2.6734223977539058,0.06264637235995434
R324N,812.0,2084.0,-0.9238552072135158,0.04255786615207239
R324P,1695.0,4.0,-11.007123840733831,0.5000663371213246
R324Q,2498.0,1030.0,-3.5617689161865855,0.03835360363501727
R324S,516.0,310.0,-3.0187322792254765,0.07254974316503958
R324T,1061.0,10.0,-9.01150047723242,0.3177143591079799
R324V,1035.0,113.0,-5.478770370448307,0.09957291088546792
R324W,821.0,37.0,-6.755060761497743,0.16833761391112834
R324Y,631.0,145.0,-4.405158483577545,0.09263181402248584
R324_,390.0,2.0,-9.883819811991952,0.707231426428519
R380A,731.0,686.0,-2.375309543108494,0.05408780766668895
R380C,799.0,618.0,-2.6542313847181256,0.05449276542609495
R380D,2053.0,516.0,-4.275917732926194,0.05024791064751395
R380E,1329.0,926.0,-2.8049002896325885,0.04395631500152219
R380F,984.0,383.0,-3.6449389250289275,0.061048862563085705
R380G,918.0,952.0,-2.2311811493127007,0.04732375497089959
R380H,923.0,595.0,-2.917080371033152,0.05351515487306127
R380I,950.0,837.0,-2.4663458483949623,0.04844755156477131
R380K,651.0,871.0,-1.8636384299831272,0.05276346327413755
R380L,726.0,1003.0,-1.817373343292184,0.0497413955021304
R380M,1127.0,1423.0,-1.9472025243579973,0.04110784865510271
R380N,578.0,437.0,-2.6870761676074686,0.06417294545123431
R380P,550.0,176.0,-3.9274484593149515,0.08717488186465416
R380Q,662.0,933.0,-1.7886084738210801,0.05178964154407771
R380S,735.0,1425.0,-1.3285117479547504,0.04649829100240182
R380T,947.0,901.0,-2.3554845498220445,0.047598703253687875
R380V,611.0,732.0,-2.0229806424978314,0.055700555460082124
R380W,999.0,137.0,-5.149865931727416,0.09164902725680556
R380Y,689.0,51.0,-6.0393209238404975,0.1454481792894437
R380_,559.0,520.0,-2.387982732153568,0.0617392306675651
R98A,400.0,0.0,-17.571396454414895,10.00012998682513
R98C,317.0,2.0,-9.584837046842212,0.7076487323035352
R98D,270.0,0.0,-17.004373226926,10.000190167313429
R98E,270.0,0.0,-17.004373226926,10.000190167313429
R98F,203.0,10.0,-6.62568492303499,0.32392249307296317
R98G,475.0,1.0,-11.16110679038897,0.9961445902257823
R98H,196.0,2.0,-8.891235955663443,0.7090232959712613
R98I,383.0,1.0,-10.850530964674233,0.9963983759954536
R98K,447.0,7.0,-8.278396859583511,0.3807758588330308
R98L,459.0,4.0,-9.122427545595997,0.5016522463564542
R98M,449.0,2.0,-10.08705627221207,0.7069931934601138
R98N,300.0,2.0,-9.505319286065154,0.7077750178796046
R98P,484.0,7.0,-8.39312660841981,0.380551233431721
R98Q,547.0,1.0,-11.364716112195486,0.9960054949359715
R98T,204.0,0.0,-16.600000258298337,10.000250073693232
R98V,476.0,0.0,-17.82235226942391,10.000110029999638
R98W,435.0,2.0,-10.04135726229418,0.7070438822572024
R98Y,426.0,0.0,-17.662247683624113,10.000122358183203
R98_,417.0,2.0,-9.980390676569273,0.7071140486065522
S104A,335.0,775.0,-1.073637242704864,0.06614459427617723
S104C,302.0,12.0,-6.935936271902501,0.2944060312665825
S104D,533.0,6.0,-8.754301806958235,0.4103234143787533
S104E,203.0,1.0,-9.93469969911919,0.9975593674160421
S104F,235.0,177.0,-2.6925392885024424,0.1000217592122388
S104G,232.0,1700.0,0.5896363305827732,0.07069799697588794
S104H,185.0,7.0,-7.005693005628812,0.3849133428299234
S104I,295.0,2.0,-9.481072554873023,0.7078149258891124
S104K,459.0,1.0,-11.111674489299123,0.9961814230209152
S104L,270.0,0.0,-17.004373226926,10.000190167313429
S104M,389.0,68.0,-4.7996364530386595,0.13181109188226692
S104N,562.0,364.0,-2.910265724529645,0.06801706361584275
S104P,487.0,5.0,-8.886644990426124,0.4491703020325203
S104Q,323.0,345.0,-2.188588659116868,0.0780651138041348
S104R,451.0,1.0,-11.0863083266675,0.9962008188793757
S104T,345.0,2.0,-9.706946874843116,0.7074678228864255
S104V,531.0,8.0,-8.334440985252733,0.3561277364547903
S104W,116.0,0.0,-15.785609557744223,10.000435978618828
S104Y,141.0,57.0,-3.59015857914979,0.15726504328972393
S104_,695.0,0.0,-18.368394123378543,10.00007693190987
S120A,146.0,109.0,-2.705254702116134,0.12697295850251408
S120C,348.0,359.0,-2.2387527401926555,0.07588632469853096
S120D,270.0,0.0,-17.004373226926,10.000190167313429
S120E,387.0,5.0,-8.55506443912418,0.4497605216792555
S120F,722.0,99.0,-5.150020677122853,0.10763283962492518
S120G,199.0,182.0,-2.412471216921319,0.10304801130901638
S120H,550.0,256.0,-3.386905692758374,0.07631554282454356
S120I,469.0,249.0,-3.1970630107514486,0.07904346635743606
S120K,452.0,8.0,-8.102056645400271,0.35658954191228576
S120L,543.0,77.0,-5.101509072947571,0.12217499412595574
S120M,349.0,18.0,-6.560046295392926,0.2418465873379199
S120N,216.0,1.0,-10.024247007017687,0.9974107684918189
S120P,413.0,3.0,-9.383917424035143,0.5785732264796206
S120Q,1146.0,418.0,-3.7386582797007355,0.05800599881263395
S120R,382.0,8.0,-7.859312359733589,0.35715751915136656
S120T,547.0,1632.0,-0.7066372231850018,0.05040513252790884
S120V,270.0,222.0,-2.5660361860016767,0.09114649768483694
S120W,410.0,10.0,-7.6397932256392505,0.3200607453296928
S120Y,284.0,5.0,-8.108635322251287,0.4508010837191824
S120_,466.0,1.0,-11.133509818406345,0.9961649976266574
S122A,463.0,1853.0,-0.28289259885178186,0.05290802357840974
S122C,336.0,904.0,-0.8558134460896341,0.06466915998423477
S122D,149.0,310.0,-1.2267424072505921,0.1001822204302786
S122E,283.0,1048.0,-0.3949204608490078,0.06773071174835736
S122F,429.0,99.0,-4.399013134810921,0.1119408495329735
S122G,137.0,427.0,-0.6436593472710719,0.09869355980067133
S122H,561.0,2032.0,-0.42683889817713094,0.04872821442116722
S122I,475.0,877.0,-1.3990126006725534,0.057838331482831865
S122K,152.0,885.0,0.25787951410790644,0.08836436614529197
S122L,461.0,1943.0,-0.20822463227693788,0.052760132976617344
S122M,242.0,527.0,-1.16088433248576,0.07829031713721445
S122N,284.0,1009.0,-0.4547211683702521,0.06791089113238298
S122P,243.0,1042.0,-0.18336647283683494,0.07193439079744283
S122Q,238.0,1152.0,-0.008588862631047967,0.07189831748032482
S122R,261.0,897.0,-0.5026290207369515,0.07103450924490186
S122T,678.0,1587.0,-1.0567152460950702,0.04695568282754322
S122V,238.0,790.0,-0.55279928250203,0.07461318112790002
S122W,306.0,195.0,-2.933678700545604,0.0921717153880943
S122Y,261.0,399.0,-1.6713281855836195,0.08023272139344093
S122_,429.0,1.0,-11.014160181325824,0.9962578851859311
S133A,216.0,906.0,-0.21521913625007727,0.07637389461894253
S133C,232.0,7.0,-7.33227674262285,0.38348836657225027
S133D,361.0,1.0,-10.765187705148403,0.9964782145985974
S133E,333.0,1.0,-10.648714405559355,0.9965950725465355
S133F,513.0,1.0,-11.272135853006496,0.9960663158343069
S133G,162.0,995.0,0.3349801514799804,0.08530703026594463
S133H,520.0,3.0,-9.716280077852371,0.5781425165652545
S133I,537.0,1.0,-11.338097858527899,0.9960225843395177
S133K,115.0,0.0,-15.773119694947939,10.000439725931736
S133L,272.0,4.0,-8.36756165179428,0.503142832533605
S133M,489.0,11.0,-7.75662560176726,0.30491193023217467
S133N,345.0,15.0,-6.806290304401355,0.26385703409389194
S133P,257.0,6.0,-7.701963701099375,0.412771203169427
S133Q,302.0,1.0,-10.50774522485634,0.9967497050092645
S133R,359.0,2.0,-9.764332726290807,0.7073879356054134
S133T,301.0,4.0,-8.513713377291406,0.5027907350647152
S133V,337.0,0.0,-17.324151788203558,10.000153353169063
S133W,473.0,2.0,-10.162179380505275,0.7069132718498246
S133Y,315.0,1.0,-10.56854653246607,0.9966811567373706
S133_,425.0,1.0,-11.000645691354567,0.9962688952351393
S138A,594.0,6054.0,1.0656839265379943,0.04414146591595628
S138C,314.0,2811.0,0.8785581688885955,0.06033383688668545
S138D,267.0,4.0,-8.34079573545791,0.5032112405186441
S138E,352.0,1.0,-10.728765318672888,0.9965137501229729
S138F,261.0,1545.0,0.28179118147018123,0.06766337068007434
S138G,98.0,544.0,0.18898430281126366,0.11018646880322082
S138H,289.0,0.0,-17.102479799595642,10.000177993605107
S138I,422.0,1230.0,-0.7403270539217708,0.05729249089031206
S138K,413.0,3.0,-9.383917424035143,0.5785732264796206
S138L,115.0,638.0,0.18817172118937542,0.10179432963448333
S138M,358.0,1871.0,0.10209747065763075,0.058544894321308195
S138N,275.0,3.0,-8.797224790051331,0.5796222571025313
S138P,552.0,5.0,-9.067387996840939,0.44890107561193776
S138Q,320.0,3.0,-9.015857699358246,0.5791810009536463
S138R,434.0,0.0,-17.689088671597716,10.000120194791327
S138T,362.0,388.0,-2.1835837233573283,0.07375244872049547
S138V,485.0,2133.0,-0.1468436769830479,0.05128791389583268
S138W,447.0,3.0,-9.498047816834431,0.5784140523340648
S138Y,425.0,28.0,-6.207130906031855,0.19533109552262046
S138_,354.0,0.0,-17.39515050131957,10.000146228673792
S154A,246.0,345.0,-1.7957267899203542,0.08404259646323389
S154C,307.0,661.0,-1.1772615585801498,0.06978449115931297
S154D,305.0,291.0,-2.3514358218862093,0.08255122626821206
S154E,455.0,564.0,-1.973825518389873,0.06380115987989013
S154F,344.0,251.0,-2.738353670146224,0.08360988675277797
S154G,117.0,88.0,-2.694540477581512,0.1414511901029453
S154H,284.0,211.0,-2.7122783644122226,0.09143265592570002
S154I,487.0,1285.0,-0.8838917226102909,0.05414208977736876
S154K,530.0,7.0,-8.524109333559277,0.38031555990391464
S154L,420.0,329.0,-2.6359402510974643,0.07429759676294244
S154M,280.0,546.0,-1.320198985124068,0.07417941231024618
S154N,457.0,800.0,-1.4758557081221921,0.05948055312287044
S154P,347.0,0.0,-17.36633762592014,10.000149077750297
S154Q,226.0,145.0,-2.92388222221304,0.10686662254108095
S154R,454.0,8.0,-8.108426029671033,0.3565758763892659
S154T,366.0,339.0,-2.3942032436986054,0.07603780098784273
S154V,413.0,419.0,-2.262840045869093,0.07005456918535163
S154W,183.0,67.0,-3.7331221778567922,0.143133308429097
S154Y,124.0,121.0,-2.318978196667187,0.12816965931054444
S154_,472.0,3.0,-9.576558135566241,0.5783116190265303
S173A,504.0,3464.0,0.4972708234869261,0.048709201228353566
S173C,320.0,2000.0,0.36017031177603354,0.06103044932177445
S173D,407.0,1775.0,-0.15895700170775307,0.05585816945812907
S173E,307.0,1168.0,-0.35595293520065585,0.06490913528014285
S173F,458.0,40.0,-5.8005945720141705,0.16515727626014062
S173G,256.0,1501.0,0.26801351103326887,0.0683529911232813
S173H,333.0,633.0,-1.3569852178972575,0.06842866794984812
S173I,480.0,52.0,-5.4898515265609085,0.14632217038453463
S173K,487.0,67.0,-5.145151091838418,0.13067634684183027
S173L,439.0,643.0,-1.7330606362237546,0.06271247168835133
S173M,224.0,545.0,-1.0009284436988102,0.0799920686134307
S173N,418.0,43.0,-5.564441427673804,0.16044472582661867
S173P,523.0,31.0,-6.35968110807681,0.18509318537620673
S173Q,408.0,932.0,-1.0919070855192379,0.06019706038700634
S173R,435.0,10.0,-7.725182694637115,0.3198417007309886
S173T,411.0,91.0,-4.458724523858998,0.1162783310087345
S173V,322.0,498.0,-1.6545787879958302,0.0722031946883762
S173W,332.0,0.0,-17.30258708307739,10.000155587458066
S173Y,251.0,20.0,-5.9325997765051435,0.23250534061621222
S173_,230.0,0.0,-16.773056973167137,10.000222370175418
S183A,316.0,1011.0,-0.6058928584882848,0.0652179623922059
S183C,420.0,1742.0,-0.23139068467283241,0.05526989332425555
S183D,515.0,3020.0,0.2682329681056208,0.048709860384626914
S183E,234.0,1515.0,0.4110372212278861,0.07094504352160494
S183F,708.0,2443.0,-0.49682988124895733,0.04383556135010362
S183G,484.0,1438.0,-0.7126830596014955,0.05349106812146376
S183H,666.0,1996.0,-0.700144803686376,0.04585078350875205
S183I,695.0,6868.0,1.0211384910010963,0.0410395747964666
S183K,285.0,742.0,-0.9032219171637506,0.0703999676766547
S183L,510.0,1780.0,-0.4803601018005317,0.05120894806565714
S183M,241.0,925.0,-0.3432720537705425,0.07300747029317346
S183N,1099.0,10233.0,0.9353061440063293,0.03327835156539282
S183P,241.0,745.0,-0.6554812255393916,0.07477489677020124
S183Q,300.0,603.0,-1.2764766704767627,0.071353944632508
S183R,512.0,1439.0,-0.7928152829193085,0.052419700064338666
S183T,326.0,1372.0,-0.21034513453724113,0.06241845984828694
S183V,400.0,4836.0,1.312061247846232,0.05297674429807824
S183W,284.0,1284.0,-0.10700520265053548,0.06632969782136186
S183Y,387.0,1249.0,-0.5933057301819797,0.05902848939462556
S183_,660.0,3.0,-10.060228594051273,0.5777896313343847
S186A,505.0,1813.0,-0.43964498629138227,0.05129857351022223
S186C,488.0,1182.0,-1.0073883829555133,0.0547263260789146
S186D,699.0,4259.0,0.3234851093675073,0.04201436593840165
S186E,508.0,2862.0,0.21045190363945032,0.04916996923162256
S186F,357.0,778.0,-1.159823794524102,0.06470076048986467
S186G,373.0,2375.0,0.38699936677005553,0.056584096970575745
S186H,406.0,1301.0,-0.6036031232491981,0.057718654003534646
S186I,342.0,1173.0,-0.5055431091084257,0.06225925363473763
S186K,636.0,2531.0,-0.2910561547322157,0.04546666261719249
S186L,514.0,1545.0,-0.6959001642645148,0.051889771064561024
S186M,463.0,1377.0,-0.7112242293990194,0.05464254388774763
S186N,526.0,2551.0,-0.00574158563303051,0.0489175023760289
S186P,340.0,1576.0,-0.07102040207737215,0.06062523901759633
S186Q,494.0,2179.0,-0.14258734157741948,0.050823128845258476
S186R,392.0,1056.0,-0.8539868738523424,0.05998109668815823
S186T,531.0,7550.0,1.546019612066178,0.0459942361545832
S186V,431.0,2371.0,0.17606049237876764,0.05330768116761038
S186W,1073.0,588.0,-3.1513989338101975,0.052272602869423986
S186Y,427.0,1429.0,-0.5409737570372082,0.05604878761970531
S186_,339.0,14.0,-6.8804469771686705,0.27281343227339705
S219A,487.0,117.0,-4.340967572263992,0.1034380970468865
S219C,258.0,406.0,-1.629559729584109,0.0802410629705578
S219D,376.0,2.0,-9.83107972725243,0.707298916615282
S219E,444.0,0.0,-17.721952556830733,10.00011760017974
S219F,564.0,6.0,-8.835859948875132,0.410197739130814
S219G,372.0,1229.0,-0.5595646615551955,0.060013154470168945
S219H,294.0,53.0,-4.755176787703944,0.1495507471306353
S219I,151.0,5.0,-7.197337683399269,0.4542275776622067
S219K,476.0,8.0,-8.1766938370152,0.35643310335605494
S219L,449.0,13.0,-7.392702716673203,0.28140875713995833
S219M,513.0,52.0,-5.585774013162092,0.14586352304711644
S219N,471.0,683.0,-1.7474989966461703,0.06072084056302704
S219P,449.0,5.0,-8.76944117019579,0.44936370146149784
S219Q,248.0,34.0,-5.150015389408336,0.183125716675725
S219R,379.0,5.0,-8.524929508020904,0.44982115013866186
S219T,699.0,1365.0,-1.3181214876191572,0.04757106222717002
S219V,982.0,62.0,-6.268812929203801,0.13131856946914064
S219W,544.0,1.0,-11.356782076099211,0.9960105558186833
S219Y,393.0,9.0,-7.730543113490493,0.3370935652871441
S219_,412.0,2.0,-9.962988050164245,0.707134625982743
S226A,552.0,3512.0,0.38588263716968463,0.046862719859266655
S226C,512.0,141.0,-4.1440225177347445,0.09562739343828056
S226D,461.0,3.0,-9.542538755948474,0.5783553231904037
S226E,1238.0,5.0,-10.232644657120263,0.4477816010275845
S226F,386.0,2.0,-9.8689469188392,0.7072502104414826
S226G,605.0,195.0,-3.9170588898904546,0.08294952258037906
S226H,353.0,1.0,-10.732857957203393,0.9965097123157624
S226I,1338.0,6.0,-10.082156200079115,0.40894565109412917
S226K,207.0,4.0,-7.973602422488583,0.5042886663500277
S226L,507.0,5.0,-8.944707796765982,0.4490801286922492
S226M,455.0,12.0,-7.527238204330296,0.29250900243273953
S226N,763.0,4.0,-9.855603926162576,0.5007863549595698
S226P,568.0,105.0,-4.71903761613053,0.10669231867057412
S226Q,472.0,0.0,-17.810177812325943,10.000110920138827
S226R,524.0,13.0,-7.615549484620039,0.28084181888056814
S226T,590.0,1084.0,-1.4060812541532375,0.052126798672933725
S226V,461.0,3.0,-9.542538755948474,0.5783553231904037
S226W,716.0,5.0,-9.442673331015406,0.448438672328229
S226Y,201.0,0.0,-16.578627662981184,10.00025373141949
S226_,492.0,1.0,-11.211836543074373,0.996108078881628
S230A,439.0,1810.0,-0.23997604767472236,0.05413087357298695
S230C,648.0,4590.0,0.5407613069587391,0.04313776082093351
S230D,640.0,1587.0,-0.9735031412489965,0.047879089759373786
S230E,339.0,692.0,-1.2541829521444425,0.06704213014213524
S230F,316.0,1345.0,-0.19407322654005554,0.06330688441696948
S230G,479.0,20.0,-6.864910710125416,0.22839104071813093
S230H,366.0,1725.0,-0.04699825360494447,0.058409660756864684
S230I,366.0,16.0,-6.798485860841576,0.25552483946621857
S230K,266.0,12.0,-6.752820433146753,0.2951660884645468
S230L,663.0,2434.0,-0.4074154480335688,0.04493254310474395
S230M,512.0,11246.0,2.1734494290893416,0.04627983553747659
S230N,336.0,728.0,-1.1681939101303298,0.06670476223422164
S230P,618.0,0.0,-18.198990570010437,10.000085895265707
S230Q,828.0,979.0,-2.041972603243962,0.04825941158388569
S230R,541.0,6.0,-8.7757944677753,0.4102896070440538
S230T,358.0,3338.0,0.9372684780045448,0.0565032180838696
S230V,388.0,1789.0,-0.07865229622674264,0.056886179597173084
S230W,499.0,120.0,-4.339562109525915,0.1021588111751186
S230Y,425.0,2309.0,0.1580577215668475,0.05371952860235044
S230_,359.0,3.0,-9.181764740710033,0.5788878710513855
S236A,705.0,3507.0,0.03087791016453245,0.04246620631912909
S236C,355.0,2174.0,0.33077900008693195,0.05810866926603012
S236D,321.0,2332.0,0.5772358215678652,0.06036388222365698
S236E,584.0,4791.0,0.7526168390990455,0.044953749576679504
S236F,364.0,1681.0,-0.0763696905011102,0.058667483598028175
S236G,437.0,2434.0,0.19394888928174403,0.05290498756506768
S236H,814.0,1627.0,-1.2845433127688253,0.044078638890650036
S236I,476.0,1913.0,-0.27686737979094644,0.05218571183742363
S236K,635.0,5808.0,0.9095447129448382,0.04297406496533002
S236L,620.0,3726.0,0.3036201486021106,0.044509287966863736
S236M,429.0,2795.0,0.42012225511803347,0.052806669722782695
S236N,680.0,5104.0,0.6243552803334618,0.0420274539788456
S236P,588.0,9.0,-8.311817782159125,0.3358396322503088
S236Q,765.0,3893.0,0.06368753105641733,0.04079042780498267
S236R,282.0,546.0,-1.3304669551666235,0.07400849770646238
S236T,197.0,1239.0,0.3691990573325885,0.07734853817880954
S236V,539.0,2937.0,0.16231622586862926,0.04791191265395842
S236W,448.0,951.0,-1.1977184315771066,0.058167195094365305
S236Y,454.0,2035.0,-0.1194081037583068,0.05285649090487192
S236_,589.0,5.0,-9.16098572211584,0.4487743066905125
S241A,606.0,788.0,-1.9047756704127377,0.05494518279882362
S241C,642.0,108.0,-4.8550788879193085,0.10447883055606651
S241D,502.0,5.0,-8.930409697129345,0.4491020000981823
S241E,564.0,1.0,-11.408869646834523,0.9959778330904211
S241F,762.0,4.0,-9.85371189163494,0.5007880721793095
S241G,514.0,36.0,-6.118974930442456,0.17267126921010625
S241H,699.0,3.0,-10.143053805597118,0.577716473901413
S241I,780.0,5.0,-9.56618621424109,0.4483108844836407
S241K,784.0,7.0,-9.088961809424674,0.37951108308771453
S241L,394.0,3.0,-9.315972956572391,0.5786741191451743
S241M,534.0,1.0,-11.330015663158846,0.9960278359095976
S241N,742.0,1.0,-11.804587534782367,0.9957642876356454
S241P,461.0,1.0,-11.117946949956384,0.9961766791801562
S241Q,740.0,3.0,-10.225285477218797,0.5776478707733279
S241R,502.0,1.0,-11.24086500757276,0.9960877561690958
S241T,785.0,17.0,-7.811903993994307,0.24528072223092953
S241V,418.0,5.0,-8.666231050423244,0.4495474408409551
S241W,619.0,5.0,-9.232656310412354,0.44868262400925224
S241Y,953.0,1.0,-12.165640257251638,0.9956144498405819
S241_,652.0,9.0,-8.460871183187393,0.33559101008303177
S267A,754.0,4893.0,0.4144186609492193,0.04037860116916703
S267C,649.0,4897.0,0.6319405215093687,0.04295148944770367
S267D,631.0,3195.0,0.056437664933277176,0.04469412603666112
S267E,848.0,3855.0,-0.09906658811923652,0.03922307960801249
S267F,478.0,1308.0,-0.8313871422754042,0.054372258458812314
S267G,429.0,6103.0,1.5467897646798172,0.0509373877230266
S267H,1137.0,10782.0,0.9616612969018692,0.03274236893296015
S267I,641.0,643.0,-2.2791536972360076,0.05670132035034248
S267K,359.0,3953.0,1.1772076617406304,0.05601986625474689
S267L,326.0,1103.0,-0.5251902606721677,0.06382645660415194
S267M,327.0,1814.0,0.18812774174333757,0.060902308932093537
S267N,564.0,770.0,-1.8344915680517602,0.05631623690526763
S267P,795.0,1962.0,-0.9803605257190458,0.04321276557941806
S267Q,516.0,4614.0,0.8769021931580685,0.047481512750370804
S267R,430.0,2399.0,0.19634904782889961,0.05331211704215256
S267T,726.0,3136.0,-0.17277917309318447,0.04238023038850952
S267V,440.0,599.0,-1.8386042319691285,0.06357603896341801
S267W,693.0,453.0,-2.896981280770163,0.06123931178097232
S267Y,464.0,1794.0,-0.33268787862309956,0.05303161659355908
S267_,583.0,2.0,-10.463829325579916,0.7066310849049119
S275A,649.0,2640.0,-0.2594172262862964,0.04493785319341208
S275C,585.0,3014.0,0.08150300458173465,0.04627064176636511
S275D,490.0,32.0,-6.21986461762748,0.182704209041488
S275E,487.0,4.0,-9.207853357166412,0.5015273875156602
S275F,535.0,453.0,-2.52367096797183,0.06462504644675654
S275G,880.0,173.0,-4.630312497630047,0.08376263687897324
S275H,988.0,1471.0,-1.7094385028259187,0.04232914402892802
S275I,858.0,7.0,-9.219084215733439,0.3793661237289298
S275K,884.0,187.0,-4.524595280026716,0.08110691987239739
S275L,936.0,591.0,-2.9469894097952727,0.053480831139717896
S275M,481.0,634.0,-1.8852092996561813,0.06128651518320559
S275N,673.0,1881.0,-0.8008403358346525,0.04601420655323277
S275P,473.0,75.0,-4.94036384489763,0.12468156198508096
S275Q,1198.0,97.0,-5.910010677239742,0.10603183068675152
S275R,895.0,7.0,-9.279993555263593,0.37930261560299405
S275T,1414.0,56.0,-6.941612092476174,0.13660519435799037
S275V,782.0,1.0,-11.880335960938273,0.9957296730663053
S275W,541.0,187.0,-3.8161878514194445,0.08541380566068509
S275Y,816.0,25.0,-7.311657877483464,0.2032468879787457
S275_,542.0,4.0,-9.362221430358069,0.5013196175205759
S279A,1078.0,43.0,-6.931202627531649,0.1558135358669474
S279C,622.0,1.0,-11.550086679361378,0.9958948322956942
S279D,627.0,8.0,-8.574190407415113,0.35572268955110065
S279E,710.0,1257.0,-1.4595631301753027,0.047997764366652346
S279F,1061.0,6.0,-9.747505555357229,0.4091841457886966
S279G,696.0,94.0,-5.171869910306783,0.11033468685137153
S279H,576.0,3.0,-9.863834568969082,0.5779808046031308
S279I,712.0,17.0,-7.671090465446505,0.24554681474556925
S279K,782.0,4.0,-9.891089017235148,0.5007545611646813
S279L,692.0,35.0,-6.588601926966803,0.17351700019931623
S279M,665.0,3.0,-10.071116745842987,0.5777797731876558
S279N,951.0,11.0,-8.71622214522628,0.30327850384710886
S279P,763.0,8.0,-8.857403920208785,0.3553228950952431
S279Q,693.0,20.0,-7.397731105906514,0.22697534890848148
S279R,579.0,1.0,-11.446737169750053,0.9959547739162531
S279T,603.0,6.0,-8.932321133996396,0.4100579401380054
S279V,447.0,6.0,-8.500446312882948,0.41076301366820095
S279W,559.0,9.0,-8.238851183011842,0.33597095708533425
S279Y,473.0,1.0,-11.155019588932408,0.99614905812708
S279_,874.0,21.0,-7.662149727256355,0.22099852995272487
S299A,667.0,9.0,-8.493685482534701,0.3355396178369829
S299C,596.0,3.0,-9.913077247507006,0.577930405599538
S299D,99.0,0.0,-15.55700653720696,10.00050997728604
S299E,778.0,4.0,-9.88369065976514,0.50076112571149
S299F,513.0,2.0,-10.279295644579364,0.7067966705140061
S299G,982.0,4.0,-10.219639676895483,0.5004944495897452
S299H,311.0,0.0,-17.20832135600787,10.000165755955967
S299I,863.0,39.0,-6.751109380980413,0.16399086476623057
S299K,645.0,1.0,-11.602470432465394,0.9958660499077416
S299L,691.0,12.0,-8.130046540611819,0.2912231441156993
S299M,632.0,87.0,-5.144342270054583,0.11478240801566476
S299N,773.0,7.0,-9.068576831092459,0.37953499519387274
S299P,704.0,7.0,-8.933685675023401,0.3797019918570534
S299Q,716.0,19.0,-7.518797307562061,0.2325947916965683
S299R,317.0,0.0,-17.23588873802114,10.000162713202213
S299T,627.0,3.0,-9.98622916306412,0.5778586335896237
S299V,352.0,0.0,-17.38697680142468,10.00014703113325
S299W,766.0,1.0,-11.850512130904125,0.995743085230662
S299Y,1319.0,0.0,-19.29274398471916,10.000042897921162
S299_,724.0,0.0,-18.42737001138766,10.000074050340324
S318A,492.0,21.0,-6.8331875791531225,0.2229992771001162
S318C,763.0,49.0,-6.244201921207739,0.14769703414097735
S318D,859.0,2.0,-11.022983622629624,0.7062410243750258
S318E,379.0,0.0,-17.49359630121611,10.000136912498192
S318F,815.0,27.0,-7.198900223995501,0.19583186513495968
S318G,1084.0,4.0,-10.36220812154739,0.5003987162413918
S318H,1212.0,20.0,-8.204184632657519,0.22561007090121704
S318I,699.0,4.0,-9.7292150559019,0.5009061480949408
S318K,534.0,2.0,-10.337175454731714,0.7067424409335494
S318L,576.0,1.0,-11.43924276297699,0.995959289714901
S318M,555.0,3.0,-9.810254476463811,0.5780376275437054
S318N,764.0,1.0,-11.846740426318302,0.9957448012368291
S318P,900.0,4.0,-10.093842992332945,0.5005871285467337
S318Q,509.0,59.0,-5.39231064422654,0.13787927376553044
S318T,660.0,4.0,-9.646389844356055,0.500990521926067
S318V,665.0,4.0,-9.65727799614777,0.500979152547297
S318W,435.0,4.0,-9.044950527018187,0.5017720321320058
S318Y,146.0,1.0,-9.459216085188125,0.9985227447424759
S318_,824.0,3.0,-10.380402556467224,0.5775286200908084
S333A,2380.0,206.0,-5.813829368643426,0.07330835896353188
S333C,954.0,30.0,-7.274137172632479,0.18566165157121217
S333D,359.0,1.0,-10.757172934717943,0.9964859575177831
S333E,751.0,3.0,-10.246572828661776,0.577630738198208
S333F,576.0,5.0,-9.128787452533576,0.4488169953016637
S333G,638.0,773.0,-2.006739966914755,0.05441354404163879
S333H,781.0,15.0,-7.98499314652571,0.26077281504510497
S333I,892.0,5.0,-9.759753478060643,0.4481313177696942
S333K,646.0,3.0,-10.029297208216928,0.5778180450389893
S333L,537.0,8.0,-8.350650908870982,0.35609819387641634
S333M,425.0,9.0,-7.843473878292823,0.336809282910978
S333N,740.0,27.0,-7.059627229469533,0.1961491108372772
S333P,479.0,7.0,-8.378145528020536,0.3805795676863619
S333Q,978.0,9.0,-9.0458263082613,0.3348284511107596
S333R,585.0,5.0,-9.151154880233454,0.44878724000371967
S333T,893.0,21.0,-7.693176271672269,0.22094344720163386
S333V,596.0,4.0,-9.499238497811788,0.501152869590383
S333W,1240.0,164.0,-5.202144076658996,0.08368661901820323
S333Y,728.0,15.0,-7.883610393396459,0.2609514806148968
S333_,482.0,1.0,-11.182211982315048,0.9961292444019657
S337A,554.0,3210.0,0.25094586119858775,0.04707826437834773
S337C,753.0,5.0,-9.515362618361177,0.4483621504018453
S337D,643.0,0.0,-18.256201561805334,10.000082749740852
S337E,999.0,7.0,-9.438588872816304,0.3791492571962328
S337F,1194.0,11.0,-9.044504648237863,0.3029254878109549
S337G,495.0,1466.0,-0.71728263883666,0.052934872188563034
S337H,1481.0,9.0,-9.644486568514875,0.33430947059228466
S337I,292.0,9.0,-7.3019948672998805,0.338396435406797
S337K,474.0,2.0,-10.165226191717498,0.7069101172301195
S337L,804.0,1.0,-11.9203623499987,0.9957121026799861
S337M,1040.0,2.0,-11.298834191565518,0.7060975732323501
S337N,553.0,4.0,-9.39120752977681,0.5012830139407789
S337P,1149.0,6.0,-9.862458655687885,0.40909593181030673
S337Q,692.0,4.0,-9.714694846940386,0.5009205928326794
S337R,678.0,0.0,-18.332666939382328,10.000078735709911
S337T,1438.0,23.0,-8.249316922545106,0.21036774193544627
S337V,934.0,29.0,-7.292463803557675,0.18878914258808396
S337W,484.0,0.0,-17.84639724243043,10.000108293859254
S337Y,1134.0,1.0,-12.416510362027816,0.9955303371758762
S337_,827.0,1.0,-11.961053678950892,0.9956947328474601
S366A,586.0,299.0,-3.2543795574602274,0.07176796759251515
S366C,933.0,275.0,-4.046056472582461,0.06933864132572867
S366D,1267.0,4.0,-10.58725796705713,0.5002655637302774
S366E,784.0,7.0,-9.088961809424674,0.37951108308771453
S366F,507.0,1.0,-11.255163107209398,0.9960778952893411
S366G,580.0,272.0,-3.3760660912589806,0.0741637346111898
S366H,849.0,0.0,-18.6571419340424,10.000063882712242
S366I,490.0,7.0,-8.410900945162439,0.3805179929115726
S366K,821.0,9.0,-8.793376885984426,0.3351203055641858
S366L,736.0,9.0,-8.635702459660092,0.33533011262402573
S366M,465.0,1.0,-11.130410646324783,0.9961673138513809
S366N,920.0,2.0,-11.121958238863042,0.7061863765435238
S366P,1266.0,3.0,-10.999957606034043,0.5771616867872851
S366Q,437.0,11.0,-7.5944279268899875,0.3053106850373324
S366R,728.0,10.0,-8.468092396181154,0.3183920905159153
S366T,905.0,69.0,-5.996704403338155,0.12528140162156415
S366V,470.0,5.0,-8.835385046397398,0.4492529672766511
S366W,353.0,1.0,-10.732857957203393,0.9965097123157624
S366Y,415.0,0.0,-17.624506487266363,10.000125469032358
S366_,844.0,14.0,-8.196379239433227,0.2695593133620469
S38A,289.0,1351.0,-0.05880097181498378,0.06557507724025004
S38C,268.0,180.0,-2.8578577854703733,0.09688274814372064
S38D,530.0,1.0,-11.319168484818107,0.9960349304378024
S38E,513.0,1910.0,-0.38712666970305154,0.05072132793041477
S38F,619.0,71.0,-5.407516612151792,0.12568938806781355
S38G,434.0,1551.0,-0.4462402091080504,0.055214594465295024
S38H,351.0,1332.0,-0.3596271320076889,0.06082337293567839
S38I,452.0,89.0,-4.627963365607558,0.11639093205101267
S38K,413.0,4135.0,1.0399941920186766,0.052563315739043305
S38L,486.0,29.0,-6.350011805900517,0.1913851061147232
S38M,546.0,829.0,-1.6811858773782218,0.056013768419745966
S38N,484.0,737.0,-1.6770006684554355,0.05935252821504851
S38P,872.0,8.0,-9.050046634656237,0.35509229336328085
S38Q,764.0,6774.0,0.8646986819507432,0.03945025141469734
S38R,265.0,1794.0,0.4754212189892746,0.06656326992431193
S38T,484.0,599.0,-1.9761047750088503,0.061929880706245374
S38V,470.0,109.0,-4.391878973768823,0.10677499954345875
S38W,400.0,846.0,-1.2030093584881385,0.06149611796069262
S38Y,464.0,1554.0,-0.5398800231686138,0.053837146723361956
S38_,306.0,0.0,-17.184939186534038,10.0001683827304
S50A,195.0,795.0,-0.2562231069889549,0.08053324697090139
S50C,326.0,571.0,-1.475048214687309,0.07013194196018417
S50D,396.0,47.0,-5.358145283833822,0.15458678607129403
S50E,234.0,2.0,-9.14687887843634,0.708438829653958
S50F,501.0,432.0,-2.497422699660796,0.06641193623386396
S50G,434.0,4.0,-9.041630245142798,0.5017773100458015
S50H,215.0,531.0,-0.9793127381177218,0.08144916249633613
S50I,438.0,36.0,-5.888142310992819,0.1736459981315034
S50K,362.0,72.0,-4.61340838608723,0.12941843250911148
S50L,338.0,122.0,-3.7537145404677164,0.10608655783858666
S50M,442.0,316.0,-2.7677568047606744,0.0743415427076888
S50N,477.0,1519.0,-0.6126080566737695,0.05342781597749007
S50P,653.0,5.0,-9.309798679236106,0.4485888812906988
S50Q,423.0,370.0,-2.476775515175544,0.07187806246238368
S50R,501.0,2.0,-10.245148095752082,0.7068296979137884
S50T,467.0,873.0,-1.381103270895415,0.05819415709642427
S50V,603.0,116.0,-4.661580764903618,0.10187300793156433
S50W,299.0,1125.0,-0.3719758219984568,0.0658260331392377
S50Y,75.0,0.0,-15.156515234726834,10.000671546035806
S50_,341.0,0.0,-17.341174433891283,10.000151612911736
S55A,266.0,1.0,-10.324629386100593,0.9969744645523158
S55C,883.0,4.0,-10.0663317373782,0.5006084942416283
S55D,701.0,1.0,-11.722583929355423,0.9958038657147514
S55E,167.0,0.0,-16.31129487652725,10.000304369433305
S55F,275.0,5.0,-8.062177673615825,0.45092886990141146
S55G,963.0,377.0,-3.6365959964287407,0.06156846799164434
S55H,300.0,0.0,-17.15637097724408,10.000171650432984
S55I,483.0,3.0,-9.609793768944396,0.5782699024064865
S55K,482.0,5.0,-8.871756671871633,0.44919401159747735
S55L,375.0,2.0,-9.827237763274107,0.7073039299099084
S55M,287.0,0.0,-17.092461391634835,10.000179199147105
S55N,497.0,6.0,-8.65341408634329,0.4104889754064069
S55P,391.0,3.0,-9.304946215362186,0.578690944172466
S55Q,757.0,0.0,-18.4916727456335,10.000071039868184
S55R,810.0,2.0,-10.938248415247987,0.7062908794316918
S55T,811.0,5.0,-9.622413297715427,0.44825622663791026
S55V,644.0,24.0,-7.029023789522167,0.20809108487306407
S55W,365.0,0.0,-17.439296376832456,10.000141972335497
S55Y,413.0,2.0,-9.966485409615917,0.7071304706973963
S55_,530.0,3.0,-9.743760290810197,0.5781111366964922
S79A,268.0,1564.0,0.2612429923724644,0.0668610653391867
S79C,199.0,99.0,-3.290842784408693,0.1233883257020991
S79D,427.0,3.0,-9.432010566949257,0.578504619729996
S79E,294.0,7.0,-7.673954978966095,0.38230146887894767
S79F,332.0,375.0,-2.107945636564616,0.07601558344323764
S79G,250.0,2471.0,1.0213951345739556,0.06711444495725061
S79H,682.0,419.0,-2.9864562255445497,0.0628700878325218
S79I,437.0,4.0,-9.051568253999434,0.5017615486037406
S79K,507.0,2.0,-10.262322898782262,0.7068129889822334
S79L,408.0,27.0,-6.2006869749167555,0.1989323023360999
S79M,390.0,67.0,-4.824710811387966,0.13261598137595146
S79N,170.0,2.0,-8.685928304592014,0.7095732947689879
S79P,90.0,420.0,-0.061381527674930325,0.1165786784576496
S79Q,614.0,935.0,-1.6769283651950326,0.05289575735034122
S79R,150.0,0.0,-16.15641906467441,10.000338296185257
S79T,200.0,27.0,-5.172154595929478,0.20523861869701923
S79V,296.0,18.0,-6.3224238363117,0.2429048962880604
S79W,235.0,217.0,-2.398608629922353,0.09467331489746181
S79Y,371.0,206.0,-3.1323917114725033,0.0874602442887557
S79_,296.0,0.0,-17.137006302217976,10.000173902495169
S81A,172.0,2764.0,1.722550482147331,0.07921631509260509
S81C,462.0,413.0,-2.445395373103894,0.06845085896171015
S81D,191.0,8.0,-6.859350125136544,0.36080339377501214
S81E,389.0,730.0,-1.375539023148093,0.06356326101400021
S81F,225.0,22.0,-5.637406077395219,0.22355750156201715
S81G,316.0,4314.0,1.487339395071829,0.05912762139604391
S81H,156.0,2.0,-8.561947202885653,0.7099451381841217
S81I,222.0,0.0,-16.721985048864582,10.000230203225605
S81K,564.0,4.0,-9.419622703131397,0.5012478356162666
S81L,248.0,1.0,-10.223547197364383,0.9971112883116983
S81M,277.0,0.0,-17.041298445677533,10.000185487973548
S81N,470.0,133.0,-4.104804745083089,0.0987201191023566
S81P,217.0,14.0,-6.236880671839249,0.27583597646425295
S81Q,228.0,10.0,-6.793231227754425,0.3230877409490165
S81R,472.0,3.0,-9.576558135566241,0.5783116190265303
S81T,357.0,20.0,-6.44081942089816,0.2299475383190175
S81V,423.0,4.0,-9.004593730242615,0.5018370102016986
S81W,668.0,0.0,-18.311230087258533,10.000079839655067
S81Y,261.0,2.0,-9.304413777719112,0.7081267715184083
S81_,336.0,7.0,-7.866593923196595,0.38174503291216894
S92A,916.0,10240.0,1.199061957871455,0.03590491875745168
S92C,234.0,768.0,-0.5690930941500065,0.07533394938451289
S92D,439.0,3305.0,0.6286809212635767,0.051771027454019215
S92E,629.0,1549.0,-0.9834564084870845,0.04832379710088117
S92F,405.0,815.0,-1.2747877765827669,0.061610628509517706
S92G,338.0,1223.0,-0.4283496420353812,0.06225723293237717
S92H,221.0,287.0,-1.906658652253551,0.09004830478974554
S92I,1205.0,1820.0,-1.6887467496207496,0.03845948595479635
S92K,364.0,51.0,-5.118774086451464,0.1498365522454155
S92L,343.0,728.0,-1.1979403772776962,0.0662479456430096
S92M,386.0,1062.0,-0.8235607848041422,0.060266351124590736
S92N,196.0,500.0,-0.9326183187932777,0.08486198453845792
S92P,272.0,463.0,-1.5162643458306269,0.07704499914168672
S92Q,183.0,395.0,-1.1736813133377515,0.08997543921356788
S92R,254.0,6.0,-7.6850245016752625,0.41282686426508414
S92T,163.0,376.0,-1.0778374476382933,0.09430754266739604
S92V,329.0,1240.0,-0.3694995920574353,0.06281466628983026
S92W,277.0,475.0,-1.5056281804770295,0.07625623065845834
S92Y,165.0,791.0,-0.022505532366828618,0.08616415259136727
S92_,394.0,0.0,-17.549592633332093,10.000131890257608
S97A,398.0,1002.0,-0.9516276853701884,0.06008585204136449
S97C,220.0,3.0,-8.475309810036913,0.5804058730424265
S97D,320.0,0.0,-17.249477376117948,10.00016123461239
S97E,340.0,0.0,-17.336937565435782,10.000152044137407
S97F,384.0,4.0,-8.865045841675391,0.5020761629002987
S97G,237.0,235.0,-2.2958737922256125,0.0925968964539273
S97H,714.0,3.0,-10.173684990655783,0.5776904622092535
S97I,371.0,4.0,-8.815360034015583,0.5021670236485465
S97K,295.0,3.0,-8.89850456929225,0.5794095659563508
S97L,248.0,3.0,-8.648139003356476,0.5799636411007909
S97M,264.0,0.0,-16.9719529635779,10.000194375671438
S97N,226.0,2.0,-9.09669530360274,0.7085455784151099
S97P,284.0,1.0,-10.4190906326947,0.9968549686790882
S97Q,376.0,1.0,-10.823919935679562,0.996422766467726
S97R,217.0,2.0,-9.03807022109114,0.7086750569092922
S97T,242.0,180.0,-2.7106376156528524,0.09892989177685406
S97V,343.0,11.0,-7.245012270790215,0.3063359334795059
S97W,354.0,4.0,-8.74769207486465,0.5022958823862098
S97Y,278.0,1.0,-10.388285682258417,0.9968930828892923
S97_,307.0,0.0,-17.189646035643626,10.00016785053078
T113A,417.0,63.0,-5.010077273433339,0.1355298368343755
T113C,440.0,18.0,-6.894314233484434,0.24061837006740056
T113D,166.0,0.0,-16.302630535784076,10.000306172783294
T113E,335.0,2.0,-9.664512856762045,0.7075289670616809
T113F,311.0,24.0,-5.9789016677774525,0.21204824776617395
T113G,505.0,7.0,-8.454401709279301,0.38043833542391636
T113H,213.0,404.0,-1.3601781661546033,0.08526205153318517
T113I,452.0,58.0,-5.245629173823078,0.13982332961178914
T113K,273.0,0.0,-17.02031418363918,10.000188132499787
T113L,396.0,72.0,-4.742915697412882,0.12849889026714414
T113M,469.0,86.0,-4.730690381029036,0.11772222241256403
T113N,259.0,65.0,-4.277922248022631,0.1390788250440796
T113P,194.0,42.0,-4.490974333222777,0.17046420623759906
T113Q,139.0,163.0,-2.053876207526189,0.1158798340409363
T113R,478.0,2.0,-10.17734949610572,0.7068976306028538
T113S,332.0,116.0,-3.800625533273429,0.10831306442482078
T113V,107.0,35.0,-3.895554662699725,0.19495641710607664
T113W,329.0,27.0,-5.890213897187943,0.2004059926408057
T113Y,286.0,309.0,-2.172060071410531,0.08265796010196226
T113_,284.0,2.0,-9.426250424267566,0.7079076609912772
T184A,760.0,3367.0,-0.13627030834596887,0.04138342027197956
T184C,482.0,2039.0,-0.2029141397899732,0.051622628129997676
T184D,432.0,2510.0,0.2549084911799424,0.053037551953444464
T184E,352.0,2753.0,0.6836735233830202,0.057479414275365154
T184F,309.0,1221.0,-0.3012984236258438,0.06445891120891604
T184G,484.0,1781.0,-0.4040611510993397,0.052224209647679855
T184H,264.0,1240.0,-0.05196073393842582,0.06851274567533748
T184I,508.0,2533.0,0.034275963357938366,0.04962930902923569
T184K,603.0,2976.0,0.019477533932625413,0.04576225043601805
T184L,950.0,2235.0,-1.0493813262746232,0.039998271056348386
T184M,132.0,755.0,0.23220052439167027,0.09486561739749876
T184N,561.0,2636.0,-0.051390556764888906,0.047557087272555996
T184P,312.0,1925.0,0.34155375868268756,0.06184108018502361
T184Q,330.0,1559.0,-0.043599472909961356,0.061412212200932854
T184R,293.0,1180.0,-0.27387072983431526,0.0660311982823067
T184S,464.0,1810.0,-0.31987814265894254,0.05298513942766014
T184V,336.0,1737.0,0.08638197692492433,0.06042863331156982
T184W,653.0,1936.0,-0.7157385934640459,0.04634341670679194
T184Y,394.0,1617.0,-0.24662355806404346,0.05706354276169438
T184_,213.0,7.0,-7.209010914501838,0.38398930131927106
T185A,450.0,2433.0,0.15106527593138086,0.05227812407156241
T185C,320.0,1050.0,-0.569433833902397,0.06463041177787536
T185D,421.0,2168.0,0.08079699694551135,0.05418771886415968
T185E,308.0,1612.0,0.10416358959844718,0.06298259505584579
T185F,488.0,1007.0,-1.2385526140238037,0.0560534836826268
T185G,403.0,1642.0,-0.25707263695132454,0.0564814446849307
T185H,124.0,760.0,0.3319139310252792,0.09736248700484668
T185I,518.0,1697.0,-0.5717047956520194,0.05118156190983478
T185K,188.0,952.0,0.05651932091306833,0.08043065988617998
T185L,356.0,1571.0,-0.14194531492296747,0.05954207709967529
T185M,521.0,1801.0,-0.4942247844305312,0.050738632780298956
T185N,271.0,1290.0,-0.032683750341554685,0.06756407646460884
T185P,531.0,2099.0,-0.3007499033615755,0.04959268772324831
T185Q,733.0,3056.0,-0.2239035291116407,0.04232349024181447
T185R,708.0,1800.0,-0.9374847287607313,0.04547282480781038
T185S,642.0,6679.0,1.095318592154634,0.042510549547211986
T185V,1272.0,4141.0,-0.5807753338274053,0.033577674418626906
T185W,555.0,693.0,-1.963285603351518,0.05783222160580721
T185Y,250.0,442.0,-1.4615548000683578,0.07976244829223952
T185_,240.0,0.0,-16.83445490436457,10.000213313172894
T197A,675.0,1773.0,-0.8904281150763911,0.04631725426726348
T197C,398.0,877.0,-1.1438593939541626,0.061258088748811945
T197D,435.0,5264.0,1.3133937507163225,0.050878117795087115
T197E,553.0,3175.0,0.23773565400411645,0.04714934888184837
T197F,469.0,152.0,-3.9091004567470167,0.09386416339277093
T197G,460.0,1954.0,-0.19694728623902336,0.052777360589224116
T197H,262.0,1261.0,-0.01676207195966839,0.06862564564312319
T197I,437.0,1028.0,-1.0495319075555596,0.057972806013401317
T197K,337.0,725.0,-1.1784385144218303,0.0666811683954604
T197L,723.0,421.0,-3.0638091080914656,0.06211411373472323
T197M,353.0,570.0,-1.592369830911065,0.06846131773055829
T197N,285.0,1818.0,0.3896276828056404,0.06448656214169965
T197P,390.0,2276.0,0.26127586762690846,0.0557065355036233
T197Q,370.0,1605.0,-0.16670188895171645,0.05852772534309899
T197R,880.0,3848.0,-0.1551272826609429,0.03867869187829728
T197S,219.0,1000.0,-0.09270223098297414,0.07527155804249068
T197V,382.0,1406.0,-0.4037234623426178,0.05855579315904478
T197W,449.0,201.0,-3.443128308350075,0.08545065628643234
T197Y,824.0,11380.0,1.5040481614872667,0.03743349820318571
T197_,452.0,2.0,-10.096663386630052,0.7069827396361915
T206A,479.0,1663.0,-0.4879788437394392,0.0528088466176835
T206C,357.0,1112.0,-0.6445146364877381,0.06164519749161056
T206D,317.0,33.0,-5.547201314798606,0.18316151579476095
T206E,415.0,8.0,-7.978848054857655,0.3568659993026851
T206F,188.0,2009.0,1.1339554332004473,0.07691839518198171
T206G,515.0,116.0,-4.43399928320557,0.10325440583164544
T206H,378.0,176.0,-3.3864150105741704,0.09179729804137167
T206I,383.0,105.0,-4.150503346999896,0.11060567962855128
T206K,297.0,31.0,-5.543354082675978,0.18898245406864858
T206L,537.0,15.0,-7.444601079659004,0.2618859111244695
T206M,490.0,608.0,-1.9723641476130274,0.0615247947304881
T206N,339.0,43.0,-5.26223180165484,0.16217271124750676
T206P,405.0,712.0,-1.469708033977346,0.06303463644312286
T206Q,470.0,50.0,-5.516050949885035,0.14907525282058773
T206R,519.0,8.0,-8.301464290988669,0.3561888629865998
T206S,493.0,752.0,-1.674513071287918,0.05880426745850128
T206V,434.0,314.0,-2.7505657879610315,0.07475641931193885
T206W,530.0,149.0,-4.114258435411506,0.09326055836894996
T206Y,570.0,383.0,-2.8572531774986176,0.06682117158609414
T206_,484.0,0.0,-17.84639724243043,10.000108293859254
T211A,574.0,1988.0,-0.4914707698956162,0.04842480153852996
T211C,670.0,908.0,-1.845122449971183,0.0519002927895096
T211D,220.0,0.0,-16.708929486796613,10.00023225049503
T211E,415.0,0.0,-17.624506487266363,10.000125469032358
T211F,513.0,0.0,-17.93034733575829,10.000102454257092
T211G,304.0,80.0,-4.209514557179675,0.12604609900465086
T211H,438.0,6.0,-8.471103014471915,0.4108189624122406
T211I,225.0,47.0,-4.542597542093039,0.16067399476066865
T211K,283.0,2.0,-9.421161727090631,0.7079164482878345
T211L,394.0,1.0,-10.891381150580301,0.9963617979670693
T211M,264.0,1.0,-10.313741480826106,0.9969887467327051
T211N,577.0,2.0,-10.448905018345133,0.7066437050775081
T211P,610.0,18.0,-7.3656108148034765,0.23929864558982245
T211Q,266.0,40.0,-5.016695955506786,0.16986119224383198
T211R,576.0,0.0,-18.097454245728784,10.000091794422111
T211S,586.0,1605.0,-0.8300629107859345,0.04928813748171254
T211V,568.0,4498.0,0.7016506264068121,0.045636266498268824
T211W,597.0,6.0,-8.917894303812293,0.4100782617964507
T211Y,352.0,18.0,-6.572394335518406,0.2417960975252519
T211_,1587.0,0.0,-19.55959970122752,10.000036496515893
T223A,358.0,618.0,-1.496017711090401,0.0671649518624723
T223C,514.0,1426.0,-0.8115322413735742,0.05240763965223567
T223D,587.0,20.0,-7.158240016138245,0.2275486253152597
T223E,258.0,7.0,-7.485516736456392,0.3829216460558195
T223F,674.0,2.0,-10.673078692530058,0.7064672046323515
T223G,470.0,89.0,-4.684300127391185,0.11602638895887397
T223H,298.0,8.0,-7.501062697541428,0.3581889907025238
T223I,569.0,27.0,-6.6805364702114325,0.19718158877037856
T223K,560.0,2.0,-10.405761285662448,0.7066809294915758
T223L,512.0,6.0,-8.69631119436615,0.41041717048986476
T223M,627.0,2111.0,-0.5322749525398205,0.046566014338765505
T223N,205.0,595.0,-0.7464283761301092,0.08159822767002194
T223P,371.0,2.0,-9.811766769291573,0.7073242529756023
T223Q,605.0,184.0,-4.000822824838532,0.08477716907061553
T223R,886.0,6.0,-9.487462188706667,0.4094115562754882
T223S,336.0,186.0,-3.136771994159936,0.09193461181805443
T223V,998.0,320.0,-3.924585290664267,0.06501316953049968
T223W,214.0,274.0,-1.9270976733190315,0.09177143666405582
T223Y,497.0,51.0,-5.568070881657532,0.14736297725178782
T223_,443.0,0.0,-17.71869965238192,10.000117854369828
T229A,383.0,522.0,-1.836952623510113,0.06801754111218787
T229C,843.0,14.0,-8.194668891944922,0.26956192031530346
T229D,1070.0,1.0,-12.332701279319918,0.9955568273602167
T229E,635.0,8.0,-8.592481266393854,0.3556944465636411
T229F,586.0,98.0,-4.863572431137252,0.10958700618645974
T229G,383.0,10.0,-7.541516188590034,0.3203292270235219
T229H,125.0,0.0,-15.893403893363965,10.00040495059819
T229I,1009.0,56.0,-6.454760242069147,0.13764025938568034
T229K,904.0,5.0,-9.779032325862635,0.44811471383400375
T229L,311.0,2.0,-9.55726966482894,0.7076917297844528
T229M,203.0,2.0,-8.941859490692055,0.7088992308004356
T229N,574.0,10.0,-8.12520999939569,0.3189702897226534
T229P,618.0,2.0,-10.54793887883151,0.7065623472157989
T229Q,375.0,2.0,-9.827237763274107,0.7073039299099084
T229R,438.0,2.0,-10.05127250400417,0.7070327479027294
T229S,629.0,2.0,-10.573391649561177,0.706542322548868
T229V,253.0,557.0,-1.1451391867518277,0.07646913593442416
T229W,528.0,11.0,-7.86732688702004,0.3046641442086523
T229Y,338.0,8.0,-7.682767884242296,0.35763424517034853
T229_,277.0,2.0,-9.390246754498605,0.7079705019897956
T245A,530.0,2715.0,0.07321801868065148,0.04852726573645351
T245C,639.0,1384.0,-1.1687040544015943,0.048859745868333304
T245D,794.0,18.0,-7.745935098799979,0.23850357308617845
T245E,542.0,428.0,-2.6243229732028377,0.06543083613229327
T245F,747.0,64.0,-5.828406350295904,0.13061793536043081
T245G,551.0,266.0,-3.3342460283495052,0.07532544167599879
T245H,790.0,11.0,-8.448632549062044,0.3036315925653583
T245I,710.0,661.0,-2.3868152545489227,0.0549643810278314
T245K,808.0,19.0,-7.693190718844383,0.23225270080475374
T245L,1644.0,126.0,-5.989256948549594,0.09297291438191362
T245M,608.0,1123.0,-1.398444190587501,0.05133215083514563
T245N,432.0,1.0,-11.02421361245868,0.9962497613705975
T245P,826.0,11.0,-8.512920881505995,0.30354073258496134
T245Q,498.0,215.0,-3.4954189593735023,0.08221164256115493
T245R,1386.0,6.0,-10.133004968158593,0.40891400378935383
T245S,977.0,6366.0,0.4202961814697326,0.035783112490121095
T245V,883.0,1292.0,-1.7345324530373976,0.04479167021680448
T245W,387.0,20.0,-6.557225780413647,0.22947492445092033
T245Y,883.0,6.0,-9.482568983121933,0.4094162392784512
T245_,773.0,1.0,-11.863635982351287,0.9957371491131697
T270A,588.0,2383.0,-0.2647755979077342,0.04711798591273834
T270C,697.0,1167.0,-1.5400823442180505,0.048902006397364035
T270D,616.0,3112.0,0.05317301206915381,0.04521616852683303
T270E,3588.0,12995.0,-0.4269460801915588,0.02134184940826677
T270F,552.0,734.0,-1.872542692306311,0.05721675053250751
T270G,349.0,1193.0,-0.5103821508787512,0.0616707325472018
T270H,415.0,1516.0,-0.4145867428938814,0.05629407291539082
T270I,942.0,55.0,-6.38162457483513,0.1390679285503771
T270K,664.0,2222.0,-0.5410595723070877,0.04534159560877133
T270L,522.0,222.0,-3.5171007909318517,0.08074521421855436
T270M,520.0,3315.0,0.3887539421772761,0.04821321452000589
T270N,1029.0,6952.0,0.4725251469098506,0.03486354891744743
T270P,482.0,2665.0,0.18335795583409809,0.050494502328597986
T270Q,377.0,1784.0,-0.041199001721121675,0.057556931896434606
T270R,602.0,2001.0,-0.5507789877768268,0.04754645623074241
T270S,441.0,1342.0,-0.6781358608043853,0.05578968637957054
T270V,856.0,1919.0,-1.1189853340289289,0.04229809187084
T270W,575.0,1321.0,-1.0836655714626469,0.05095009938843346
T270Y,722.0,3728.0,0.08466699792439325,0.04186977298165723
T270_,774.0,0.0,-18.523712593209797,10.000069589201344
T294A,468.0,1821.0,-0.32352042451356855,0.052779429534020296
T294C,379.0,756.0,-1.287478604078789,0.06372599575641895
T294D,766.0,3854.0,0.04727717578029944,0.04080137118102578
T294E,723.0,4646.0,0.4002567450049823,0.04120875008865429
T294F,1158.0,16536.0,1.5522435415001692,0.03199750582825797
T294G,826.0,3997.0,-0.00895797843502022,0.0395049618247639
T294H,679.0,2065.0,-0.6790039666716243,0.04535203869818495
T294I,560.0,385.0,-2.8242046793725732,0.06695396500794015
T294K,1598.0,3231.0,-1.2679392285449924,0.03217289159724499
T294L,631.0,654.0,-2.2319981814848164,0.05668867121869373
T294M,400.0,1068.0,-0.8668308246353273,0.05946489905929441
T294N,176.0,477.0,-0.8452858946905231,0.08875642723974919
T294P,508.0,1205.0,-1.0375316903009875,0.053834465884712364
T294Q,717.0,2624.0,-0.41193993508837856,0.043308113490288014
T294R,557.0,89.0,-4.929311903788791,0.11458537661327654
T294S,601.0,4351.0,0.5722414239538889,0.044648778457127135
T294V,572.0,388.0,-2.843594541869601,0.0665228550659553
T294W,877.0,1048.0,-2.0266607229879217,0.04684274884805372
T294Y,879.0,1784.0,-1.2624757891499199,0.04240276355932284
T294_,519.0,5.0,-8.97845593020217,0.44902935254860143
T314A,472.0,3423.0,0.5747281691619008,0.050105445041398904
T314C,639.0,1306.0,-1.2523924779241051,0.049299366685292695
T314D,1092.0,10.0,-9.0530482912314,0.31767224985436443
T314E,1130.0,12.0,-8.839603586468161,0.29025628422050137
T314F,990.0,512.0,-3.2349191181484658,0.05534431821370165
T314G,1073.0,426.0,-3.616352328158748,0.05813033974820347
T314H,738.0,944.0,-1.9284862305141601,0.050141020130787674
T314I,897.0,1676.0,-1.3818132246873156,0.04255920373257873
T314K,410.0,0.0,-17.607019484475245,10.000126938234379
T314L,841.0,1737.0,-1.2372368082549166,0.04318060126704823
T314M,521.0,1488.0,-0.7696467542300862,0.05187680935449207
T314N,561.0,230.0,-3.5699779093568447,0.07893004736822029
T314P,833.0,19.0,-7.7371513855962215,0.23217272528526117
T314Q,1283.0,2926.0,-1.0942457229512397,0.03494274432692275
T314R,571.0,6.0,-8.8536552182582,0.4101712444745439
T314S,733.0,1115.0,-1.6784961442817803,0.04858916246593682
T314V,1006.0,2995.0,-0.709731833899562,0.03778532126975781
T314W,327.0,2.0,-9.62964345047395,0.707580570795259
T314Y,331.0,204.0,-2.9818829394586386,0.08956892969750734
T314_,1031.0,8.0,-9.291688375768898,0.3548431817908141
T334A,1109.0,1895.0,-1.5107149208109258,0.03910527742870929
T334C,1044.0,2227.0,-1.1906755023891789,0.038816152415224146
T334D,856.0,7.0,-9.215717403921094,0.3793697126855656
T334E,768.0,6.0,-9.281264302694337,0.4096232822466008
T334F,1569.0,48056.0,2.653142408861529,0.02753124619351879
T334G,888.0,366.0,-3.5623408651218167,0.06291339388470421
T334H,813.0,3.0,-10.361013808247634,0.5775428353722973
T334I,1709.0,350.0,-4.571340800239707,0.059514798226162506
T334K,781.0,4.0,-9.889242981691478,0.5007561960055291
T334L,661.0,997.0,-1.6907121305418915,0.05114343830358701
T334M,757.0,2895.0,-0.3484639395882274,0.04202647213976529
T334N,931.0,3.0,-10.556537374618188,0.5774078557119334
T334P,811.0,9.0,-8.775696795097097,0.3351427123770055
T334Q,506.0,8.0,-8.264867851478554,0.3562583423514629
T334R,760.0,6.0,-9.266157608039347,0.4096400116444034
T334S,907.0,1205.0,-1.8737932509702766,0.04508002003210581
T334V,1000.0,117.0,-5.378958697898006,0.09821447955160562
T334W,1369.0,10.0,-9.379195208411339,0.31738048246850525
T334Y,908.0,13.0,-8.408663326912517,0.2794012816033944
T334_,458.0,11.0,-7.662140731795403,0.3051388137942983
T336A,883.0,1736.0,-1.3083744311825463,0.04252457467833232
T336C,879.0,109.0,-5.295067099854109,0.10203396349604185
T336D,383.0,2.0,-9.857690756247099,0.7072645555917053
T336E,669.0,10.0,-8.346161904307575,0.31858226844196175
T336F,460.0,27.0,-6.373747686745168,0.19823472545870335
T336G,702.0,433.0,-2.9807392463756974,0.06191698084767352
T336H,823.0,3664.0,-0.12920643238623253,0.03984712012045471
T336I,202.0,24.0,-5.356367411015166,0.21610039026241232
T336K,470.0,2.0,-10.153000148413678,0.706922816164981
T336L,857.0,62.0,-6.072387251830518,0.1318828823100552
T336M,776.0,520.0,-2.86118388454145,0.05754562560899735
T336N,622.0,588.0,-2.3647450920807707,0.05837943509272498
T336P,745.0,4.0,-9.821161751513728,0.5008179692895662
T336Q,469.0,1954.0,-0.22490074597560294,0.05238067110729005
T336R,1370.0,32.0,-7.703167944599597,0.17908091747255414
T336S,1060.0,7488.0,0.5368564786009897,0.03430379067009044
T336V,893.0,199.0,-4.449483412610182,0.07902213176305826
T336W,821.0,54.0,-6.209749348845975,0.14082939201979996
T336Y,935.0,73.0,-5.962463817723587,0.12192652313969062
T336_,715.0,9.0,-8.593940510979117,0.33538960788696487
T36A,953.0,1502.0,-1.6273168475863526,0.04260161216635468
T36C,421.0,869.0,-1.238129730387425,0.06021454255275525
T36D,153.0,55.0,-3.759508143474469,0.15752412338893512
T36E,554.0,90.0,-4.905402828307355,0.11408205006915034
T36F,512.0,1661.0,-0.5858311416647481,0.05152616894797403
T36G,290.0,1584.0,0.16575888277175022,0.06464736656263684
T36H,378.0,1537.0,-0.2600177620968518,0.05827402862585145
T36I,862.0,1152.0,-1.8652712787512726,0.046129635457561415
T36K,442.0,1718.0,-0.32506048848130664,0.054261191841517
T36L,306.0,1870.0,0.3277472729417976,0.062469508237217114
T36M,179.0,486.0,-0.8427021920580628,0.0879981069430668
T36N,470.0,2235.0,-0.03413007875027496,0.051719005161005555
T36P,345.0,8.0,-7.712340133613334,0.357550314889216
T36Q,551.0,7244.0,1.432990123034278,0.045306843646274665
T36R,5.0,20.0,-0.28580934922972645,0.4996755215082586
T36S,620.0,1600.0,-0.9159304757111455,0.048349655666155546
T36V,689.0,2327.0,-0.527767424263895,0.0445074112473556
T36W,451.0,1138.0,-0.9483660999328736,0.05653130579966458
T36Y,298.0,730.0,-0.9910925235976302,0.0694640355906383
T36_,125.0,3.0,-7.659784216604264,0.5833738848886381
T60A,355.0,924.0,-0.9035992061425953,0.06323667708424986
T60C,753.0,1474.0,-1.3146426251007917,0.04589380087490981
T60D,739.0,944.0,-1.930439752147346,0.050122733088018706
T60E,464.0,511.0,-2.1444523818572856,0.06489877295812586
T60F,369.0,972.0,-0.8863367648264697,0.06195615834957076
T60G,702.0,1946.0,-0.8126923709042115,0.04514608514907275
T60H,297.0,699.0,-1.0488464188720403,0.0699807159117649
T60I,619.0,2103.0,-0.5192269189412357,0.04680606368889615
T60K,1207.0,1183.0,-2.312623367867561,0.04211425934280005
T60L,421.0,1489.0,-0.4612209713211186,0.056094951222398395
T60M,342.0,1100.0,-0.5982417825130986,0.06271195784379284
T60N,384.0,639.0,-1.5489533801980713,0.06533632592945983
T60P,175.0,12.0,-6.148777311202972,0.2984589114283722
T60Q,220.0,663.0,-0.6921864769672075,0.07844320695641963
T60R,738.0,509.0,-2.8195943730702657,0.05847571318420275
T60S,441.0,1286.0,-0.7396294215473747,0.05607973881923644
T60V,199.0,230.0,-2.074792348448516,0.0973258756899494
T60W,197.0,496.0,-0.9515476621015608,0.08480441471873812
T60Y,372.0,700.0,-1.3716138790375192,0.0649343260576957
T60_,354.0,2.0,-9.744098810140642,0.7074157424524812
V108A,269.0,575.0,-1.1877207653238422,0.07454025768182049
V108C,298.0,1115.0,-0.38002400645679213,0.0659716676676547
V108D,450.0,1.0,-11.08310596571381,0.9962032918231084
V108E,388.0,3.0,-9.293834545525137,0.5787080288733207
V108F,180.0,2.0,-8.768385750363926,0.7093430063370435
V108G,571.0,6.0,-8.8536552182582,0.4101712444745439
V108H,262.0,21.0,-5.9241218162247815,0.22696441745801
V108I,458.0,1354.0,-0.7198606169900099,0.05497018575760168
V108K,373.0,8.0,-7.824916263194279,0.3572459296337839
V108L,366.0,1205.0,-0.5645578599425098,0.06051322431683102
V108M,530.0,2598.0,0.009667490740712381,0.048697872027912134
V108N,312.0,867.0,-0.8091916430800836,0.06676998286521399
V108P,252.0,1.0,-10.246629887130439,0.9970791956021852
V108Q,337.0,163.0,-3.3314789380144303,0.09592538698499205
V108R,370.0,1.0,-10.800713166710459,0.9964444066064355
V108S,219.0,307.0,-1.7963591045946963,0.08901146185636168
V108T,276.0,2180.0,0.6978943021853139,0.06466518789390849
V108W,350.0,1.0,-10.720545046064988,0.9965218949051825
V108Y,357.0,4.0,-8.759866446348981,0.5022722533534121
V108_,434.0,5.0,-8.72042187840251,0.44944933938821485
V112A,408.0,25.0,-6.311675557244754,0.20623952728714473
V112C,425.0,2.0,-10.007805482927433,0.7070821306771938
V112D,200.0,0.0,-16.571432520438446,10.000254975044893
V112E,188.0,657.0,-0.47854207769111134,0.08331103626753499
V112F,301.0,1.0,-10.502960320994532,0.9967552229932961
V112G,521.0,15.0,-7.400963188990763,0.2619950699661146
V112H,439.0,16.0,-7.060856597572572,0.2546343068738689
V112I,195.0,4652.0,2.2925861785520274,0.0737747849830692
V112K,224.0,1.0,-10.076712041611813,0.9973278860150792
V112L,337.0,2096.0,0.3531342861792224,0.05953304845948417
V112M,381.0,428.0,-2.115832367112806,0.07113939088775761
V112N,220.0,350.0,-1.6138209659200955,0.08661480859357083
V112P,229.0,1.0,-10.10855950146808,0.9972790218105986
V112Q,1019.0,2419.0,-1.0363994840041544,0.03865944634286128
V112R,342.0,1.0,-10.687187413297899,0.9965554259111173
V112S,465.0,14.0,-7.33638088864576,0.2713446051102364
V112T,490.0,1185.0,-1.0096318710223882,0.05463026002963571
V112W,391.0,1.0,-10.880354409370092,0.9963715698206909
V112Y,656.0,0.0,-18.2850781944679,10.000081208815466
V112_,378.0,2.0,-9.838733096787763,0.7072889694948314
V119A,376.0,5271.0,1.5255884851126873,0.0543050328742351
V119C,303.0,1696.0,0.2010593566694867,0.06316372517038199
V119D,235.0,1012.0,-0.17721851397370791,0.07309641923629971
V119E,231.0,2579.0,1.1971421494525272,0.06940013340977991
V119F,387.0,3963.0,1.0725058498301339,0.054185440033414446
V119G,290.0,1734.0,0.29628965803610186,0.06422360002854696
V119H,156.0,1415.0,0.8974538291180307,0.08494922134332228
V119I,184.0,438.0,-1.0324683717377816,0.08841581335975232
V119K,348.0,1176.0,-0.5269483473482266,0.06183550315186088
V119L,238.0,1492.0,0.364515102347184,0.07050926769400351
V119M,452.0,2272.0,0.0458945813465963,0.05246232210252383
V119N,443.0,4375.0,1.0202271365847544,0.05084950533012921
V119P,262.0,0.0,-16.960982262897826,10.000195821288559
V119Q,273.0,2212.0,0.7346841984849881,0.06492120540945796
V119R,292.0,1619.0,0.18737420796192783,0.06435850808900315
V119S,276.0,1829.0,0.44462251228597705,0.06534230559228238
V119T,229.0,651.0,-0.7763789002355743,0.07747588113205517
V119W,253.0,2542.0,1.04505538539963,0.06667547021831861
V119Y,171.0,1983.0,1.2518913490354926,0.08032254378483795
V119_,207.0,4.0,-7.973602422488583,0.5042886663500277
V153A,76.0,494.0,0.4166310984510533,0.1236132277773054
V153C,328.0,1276.0,-0.32382007638473276,0.06270722729785333
V153D,232.0,745.0,-0.6005752066050833,0.07584351524489295
V153E,255.0,1278.0,0.04162538963049833,0.06930870966157611
V153F,432.0,725.0,-1.536711821428745,0.06159438651453653
V153G,319.0,996.0,-0.6410894296608172,0.06510391580642129
V153H,302.0,2697.0,0.8750446376508627,0.06149589832692533
V153I,449.0,1579.0,-0.46944718102093486,0.05440814277378124
V153K,193.0,389.0,-1.2725163625246259,0.08860881786036004
V153L,412.0,1259.0,-0.6721095248398106,0.05762999496415802
V153M,544.0,1712.0,-0.6296619557427308,0.05022077397785655
V153N,362.0,2354.0,0.41737098579425513,0.05733216863242694
V153P,494.0,123.0,-4.2894126507311405,0.10125950222658354
V153Q,312.0,1867.0,0.29741747326189305,0.061971422028438514
V153R,380.0,624.0,-1.5681162426408122,0.06583208955802171
V153S,408.0,3084.0,0.6344830182559358,0.053618927461150705
V153T,347.0,2265.0,0.4228202682886524,0.05850706269040581
V153W,139.0,412.0,-0.7161573243124062,0.09859345070948401
V153Y,296.0,2523.0,0.8077800966946898,0.062244936515688666
V153_,371.0,3.0,-9.2291987837108,0.5788100505846551
V174A,487.0,4068.0,0.7786519164545194,0.048979406517379594
V174C,465.0,2463.0,0.12144083065594735,0.05153944672438948
V174D,470.0,659.0,-1.796039102790182,0.0611952437720333
V174E,541.0,1592.0,-0.726525776041794,0.050757731674772745
V174F,637.0,4454.0,0.5220688635913437,0.04352202603159281
V174G,543.0,2571.0,-0.04036345823072729,0.0482737486671353
V174H,167.0,709.0,-0.19777652134845614,0.0865904073749055
V174I,334.0,1185.0,-0.45671197585405654,0.06275040215402909
V174K,309.0,1042.0,-0.5300043165951394,0.0655411383107048
V174L,552.0,1906.0,-0.49585862714237106,0.04935619010188622
V174M,537.0,2479.0,-0.07690477576463106,0.048635022866815016
V174N,787.0,2655.0,-0.5293845853464965,0.04179825592634734
V174P,243.0,604.0,-0.9700912556839212,0.07661902257005816
V174Q,237.0,1126.0,-0.03544820417248129,0.07216050674484202
V174R,200.0,666.0,-0.5481763016673851,0.08124681450294105
V174S,346.0,2363.0,0.48809208795155357,0.058421698431137994
V174T,495.0,2736.0,0.18289591991725196,0.04985451681257309
V174W,469.0,2273.0,-0.0067345653155763685,0.051690539451850696
V174Y,383.0,2213.0,0.24690799731726987,0.05623688314536729
V174_,331.0,0.0,-17.298235189816715,10.000156042415702
V175A,248.0,1111.0,-0.12024640345687843,0.07093654407340451
V175C,475.0,2134.0,-0.11611086203711452,0.05170721516970386
V175D,381.0,245.0,-2.9206362376355033,0.08249778778249209
V175E,342.0,657.0,-1.3417711872911227,0.06742220598957305
V175F,533.0,1810.0,-0.5198848452553131,0.05028356034888134
V175G,442.0,1662.0,-0.37286985990195465,0.05444161320311345
V175H,326.0,764.0,-1.054972704586599,0.06690358630165909
V175I,393.0,1400.0,-0.4508488027692046,0.057953093337001105
V175K,487.0,1144.0,-1.0515716461526994,0.0550207238958567
V175L,315.0,1539.0,0.004885065091396967,0.06264253069547357
V175M,291.0,1548.0,0.12762614870381928,0.06466927081103091
V175N,550.0,3150.0,0.2341786463188793,0.047280270390387166
V175P,649.0,4963.0,0.651254740919637,0.04291986525264691
V175Q,175.0,419.0,-1.024100691982853,0.09055580039900328
V175R,601.0,1098.0,-1.4142177151164432,0.05171479712159234
V175S,466.0,4409.0,0.958373922387934,0.04972424842356845
V175T,431.0,1759.0,-0.25467757060417995,0.05466671090728638
V175W,363.0,1828.0,0.04854475818767501,0.05832327070074932
V175Y,201.0,551.0,-0.8288367816598132,0.08300326418098668
V175_,371.0,1.0,-10.80460697771871,0.996440751343269
V203A,309.0,835.0,-0.8495080592061859,0.06733162385406408
V203C,651.0,2218.0,-0.5151337475165789,0.04568090637413232
V203D,583.0,2156.0,-0.39687667271169147,0.047737533284024296
V203E,195.0,675.0,-0.49228723911423344,0.08190981374871278
V203F,421.0,436.0,-2.233141285157166,0.06905491849652527
V203G,300.0,725.0,-1.0106577034623534,0.06937095533181767
V203H,577.0,1050.0,-1.4199131673085095,0.052775562497195186
V203I,642.0,23884.0,2.9336574906453174,0.04122248234496528
V203K,183.0,516.0,-0.7881714655064282,0.08661376981599032
V203L,1058.0,1099.0,-2.228796757815913,0.044214210115080955
V203M,428.0,1257.0,-0.7293682901133174,0.0568484698695713
V203N,452.0,1668.0,-0.39994666536467527,0.053959921441912195
V203P,640.0,3550.0,0.18800872844184724,0.0440905979918217
V203Q,525.0,1537.0,-0.733938264042461,0.051528199813779166
V203R,618.0,2108.0,-0.5134683847103645,0.046821936562652475
V203S,457.0,2084.0,-0.09458344648939399,0.05260984671359992
V203T,444.0,1435.0,-0.5912512919040109,0.05521663408731423
V203W,534.0,541.0,-2.2648595053644174,0.06181290055478758
V203Y,447.0,608.0,-1.8398600620341004,0.06310001669737698
V203_,706.0,17.0,-7.65888157995201,0.24557111822824115
V213A,412.0,334.0,-2.586436065278706,0.07430251537103605
V213C,794.0,8975.0,1.2150364561250053,0.038349268158097194
V213D,575.0,187.0,-3.9041196366100444,0.0847715973529662
V213E,257.0,3.0,-8.699565205050858,0.5798418997499819
V213F,533.0,774.0,-1.7454584023998825,0.057165778905152065
V213G,717.0,3.0,-10.17973395078662,0.5776853903351914
V213H,446.0,8.0,-8.082778012286388,0.3566312705881044
V213I,774.0,635.0,-2.569220902347496,0.0544662025431936
V213K,719.0,12.0,-8.187351787608709,0.29112637092725274
V213L,447.0,1855.0,-0.23060005500044944,0.053628191915336784
V213M,580.0,141.0,-4.323928304225331,0.09442255941806632
V213N,341.0,495.0,-1.7460043840896171,0.07108053481837015
V213P,693.0,5.0,-9.395569764617047,0.4484903509793353
V213Q,542.0,5.0,-9.041013063617783,0.448938301674828
V213R,1155.0,13.0,-8.755788578112693,0.2789794975879578
V213S,342.0,167.0,-3.3177520274627037,0.0949282488048492
V213T,302.0,1430.0,-0.040290997426424724,0.06411131213901387
V213W,475.0,22.0,-6.715374843249209,0.21826343811960455
V213Y,603.0,3.0,-9.929922637947879,0.5779135547899492
V213_,410.0,2.0,-9.955967793296315,0.7071429972868598
V22A,343.0,262.0,-2.672276769397018,0.08265489105952141
V22C,411.0,1170.0,-0.7743725481191222,0.05820257961406753
V22D,368.0,0.0,-17.45110535690894,10.000140855676074
V22E,385.0,1.0,-10.85804482265727,0.9963915700831405
V22F,473.0,3.0,-9.579611394924502,0.5783077465569185
V22G,669.0,5275.0,0.6954261400773749,0.04223902183836201
V22H,465.0,17.0,-7.056454703413193,0.2470612372727095
V22I,194.0,38.0,-4.635328093847328,0.1776599433507112
V22K,695.0,7.0,-8.915123489367922,0.37972621251328287
V22L,420.0,16.0,-6.997026472337856,0.25483656230881874
V22M,539.0,79.0,-5.053852880340933,0.12087884343619648
V22N,284.0,1.0,-10.4190906326947,0.9968549686790882
V22P,496.0,4.0,-9.234271167947298,0.5014902420649973
V22Q,437.0,1.0,-11.04081519770256,0.9962364693960579
V22R,2032.0,9.0,-10.100812688533312,0.33403552326502617
V22S,424.0,23.0,-6.487413409479289,0.21428396191371724
V22T,637.0,106.0,-4.870763666843207,0.10536945628505165
V22W,197.0,0.0,-16.54962924856352,10.000258781670126
V22Y,532.0,2.0,-10.331762060110215,0.7067474213781333
V22_,186.0,0.0,-16.46674057098754,10.000273789799378
V233A,1069.0,43136.0,3.0508974742927943,0.03253372602698066
V233C,777.0,3499.0,-0.11270629133439813,0.040897380674092175
V233D,594.0,10.0,-8.174621347270618,0.31887832968062135
V233E,646.0,197.0,-3.9969356443533703,0.08199795134200807
V233F,844.0,198.0,-4.375334808463729,0.07959199689697434
V233G,384.0,1805.0,-0.05085696383288418,0.05707826469302816
V233H,713.0,32.0,-6.760975736623446,0.1809490486217388
V233I,434.0,1633.0,-0.371914571658583,0.05492063723925499
V233K,528.0,57.0,-5.494926354451348,0.13976588189200323
V233L,638.0,83.0,-5.225869994746466,0.11710649344167588
V233M,679.0,1122.0,-1.5590672005821151,0.04963673953461057
V233N,289.0,75.0,-4.229612572809067,0.12996714806595094
V233P,647.0,11.0,-8.160549644194003,0.3040919407147456
V233Q,435.0,388.0,-2.44860273912853,0.07053982414189604
V233R,780.0,549.0,-2.790308200297511,0.05659780199174714
V233S,944.0,10615.0,1.2075117698942832,0.03540244247313542
V233T,618.0,716.0,-2.071298453740085,0.05580807496107823
V233W,493.0,28.0,-6.421251029312696,0.19449860535851218
V233Y,1419.0,644.0,-3.4233777689114695,0.048552069842315644
V233_,564.0,14.0,-7.614839889155499,0.27064815082325083
V25A,455.0,505.0,-2.133234304686267,0.0654043469645463
V25C,302.0,815.0,-0.8514265670439265,0.06810244742402288
V25D,567.0,291.0,-3.2459534578094633,0.07279945915922552
V25E,633.0,3.0,-9.999969001594451,0.5778455532347829
V25F,374.0,3.0,-9.240817555060937,0.5787913741758152
V25G,317.0,480.0,-1.685111896804294,0.07305874657640207
V25H,908.0,111.0,-5.315666550833543,0.1010411936500957
V25I,171.0,62.0,-3.747155904118518,0.1485727376377591
V25K,563.0,3.0,-9.830901257941878,0.5780154815442926
V25L,632.0,7.0,-8.77803713915405,0.3799150190460239
V25M,461.0,0.0,-17.776158432708176,10.000113447668552
V25N,513.0,56.0,-5.478878622810934,0.14107817084756363
V25P,487.0,3.0,-9.62169210686163,0.578255199238238
V25Q,424.0,5.0,-8.686791884508171,0.44950978770586214
V25R,296.0,2.0,-9.485954611039046,0.7078068366131951
V25S,564.0,205.0,-3.7436744666547153,0.08216230854227628
V25T,309.0,502.0,-1.5835854316394942,0.0729928031671424
V25W,312.0,0.0,-17.212952656061887,10.000165240703653
V25Y,496.0,10.0,-7.914503335566225,0.3193994429910895
V25_,488.0,2.0,-10.20721940721901,0.7068673086555057
V280A,422.0,276.0,-2.8962046559379724,0.07805437289296914
V280C,737.0,306.0,-3.5517534033214764,0.06873511950717513
V280D,711.0,19.0,-7.508687421612647,0.23261590350891512
V280E,590.0,553.0,-2.3770818459238168,0.06002489474715345
V280F,780.0,3535.0,-0.10349823679649672,0.04080116878805676
V280G,636.0,156.0,-4.31105895058098,0.08989974272831347
V280H,424.0,99.0,-4.38210014843668,0.11206355669969487
V280I,404.0,1821.0,-0.11137207102552438,0.055894078032218714
V280K,550.0,79.0,-5.082998690687446,0.12072526828345381
V280L,887.0,3116.0,-0.47097041901907355,0.03934618323784114
V280M,610.0,1321.0,-1.1689114184953135,0.04996128327383979
V280N,519.0,70.0,-5.173777432106109,0.12771152965928292
V280P,653.0,5.0,-9.309798679236106,0.4485888812906988
V280Q,379.0,99.0,-4.220237771949413,0.11330603959580039
V280R,692.0,2.0,-10.711101582216378,0.7064398909541398
V280S,386.0,54.0,-5.12098777706614,0.14562112537939526
V280T,797.0,1683.0,-1.2052739899185378,0.04414384253284455
V280W,870.0,454.0,-3.221955916917912,0.05875221382920092
V280Y,24.0,1.0,-6.854856213418882,1.0157992609688848
V280_,818.0,0.0,-18.60347886740762,10.000066114523463
V282A,398.0,10.0,-7.5969388075863815,0.32017560101238346
V282C,423.0,13.0,-7.306646909979741,0.28165187201891617
V282D,714.0,5.0,-9.438637874220277,0.44844303418547166
V282E,565.0,10.0,-8.102410530381079,0.3190137864996046
V282F,894.0,107.0,-5.346193355148503,0.10277788017795464
V282G,598.0,16.0,-7.50677240453025,0.2534422826516265
V282H,365.0,30.0,-5.888068773234168,0.19016228014714667
V282I,801.0,778.0,-2.3256795629055103,0.05131832309436895
V282K,955.0,2.0,-11.17582453613443,0.7061581714905664
V282L,585.0,338.0,-3.075043364717918,0.06904839418306513
V282M,470.0,3174.0,0.4718953083631341,0.05042310058328164
V282N,644.0,21.0,-7.221583031079538,0.22192108843511568
V282P,718.0,28.0,-6.963638056569302,0.19285769190341862
V282Q,778.0,151.0,-4.648792617565844,0.08948309576912489
V282R,582.0,2.0,-10.461352637805968,0.706633170212745
V282S,814.0,7.0,-9.143136271388045,0.3794491459839089
V282T,153.0,92.0,-3.0174113791316204,0.1323016263057034
V282W,725.0,96.0,-5.2003923183192615,0.10906277517082424
V282Y,1004.0,17.0,-8.16689469540333,0.24471364815088759
V282_,871.0,0.0,-18.694049669881693,10.000062395222443
V284A,707.0,1376.0,-1.322959579109468,0.0473387996611643
V284C,497.0,1810.0,-0.4189971246403683,0.05161715784623549
V284D,530.0,370.0,-2.8021033260479085,0.0684777512036257
V284E,518.0,283.0,-3.155774926059025,0.07459037879218314
V284F,578.0,624.0,-2.1731733115570107,0.0585869285132493
V284G,311.0,249.0,-2.6044052957686015,0.08562154851525276
V284H,811.0,395.0,-3.3214785346086804,0.0621645219993997
V284I,343.0,1115.0,-0.5829139008612376,0.06254626878999801
V284K,814.0,41.0,-6.594646877071451,0.1603514843934507
V284L,851.0,1705.0,-1.2811157970236056,0.04314391086887433
V284M,533.0,1320.0,-0.9753336541823936,0.052283107447016315
V284N,685.0,1299.0,-1.3604324252733706,0.04826453786447548
V284P,731.0,10.0,-8.47402527060671,0.3183832378441214
V284Q,476.0,278.0,-3.059503112353961,0.0761420055770003
V284R,375.0,10.0,-7.511063195617043,0.3204161533929824
V284S,639.0,2604.0,-0.25682343263924157,0.04526322720706143
V284T,391.0,2805.0,0.5590804964376526,0.05489808934611939
V284W,604.0,652.0,-2.173326351461152,0.05735099331350298
V284Y,467.0,171.0,-3.733020759596462,0.08993724990056037
V284_,516.0,0.0,-17.938759412073537,10.000101887622776
V287A,674.0,3119.0,-0.07340173106242531,0.04363585640365495
V287C,512.0,1530.0,-0.7043508183740581,0.05202396804151337
V287D,659.0,636.0,-2.3348989159776465,0.05647606463388288
V287E,879.0,2103.0,-1.0251437810115673,0.04138802116920644
V287F,595.0,764.0,-1.9229704015521794,0.05558186135756605
V287G,597.0,694.0,-2.0664466542072804,0.05670741701401006
V287H,547.0,1167.0,-1.1904701970928029,0.0527714575136457
V287I,1302.0,1020.0,-2.6358052408118637,0.04299118164308664
V287K,579.0,331.0,-3.0903614706253935,0.06962728309535964
V287L,646.0,1214.0,-1.3734961051809922,0.04971414280934847
V287M,352.0,230.0,-2.8975678361978057,0.08537143165262627
V287N,287.0,783.0,-0.8357182794627036,0.06972186136330377
V287P,899.0,4.0,-10.09223912446102,0.5005883630093223
V287Q,563.0,112.0,-4.613181016562227,0.10394112559272929
V287R,541.0,1621.0,-0.7004821831905748,0.0506469140952131
V287S,412.0,1251.0,-0.6813059451142616,0.05767404593643503
V287T,443.0,1021.0,-1.0790621815827155,0.05776264902946373
V287W,322.0,1393.0,-0.17061979024059237,0.06263528919178922
V287Y,500.0,1233.0,-0.9814923611695319,0.05395182414775618
V287_,634.0,0.0,-18.235865983117222,10.000083853552724
V28A,184.0,543.0,-0.7224534126767352,0.08588300102372526
V28C,422.0,594.0,-1.790437974937042,0.06444300842064461
V28D,306.0,1173.0,-0.3450833995927738,0.06496299417381834
V28E,356.0,1931.0,0.1557179566849447,0.05853707772271525
V28F,845.0,491.0,-3.0668640155163365,0.05761815897901222
V28G,386.0,873.0,-1.106288050992223,0.06193451872637374
V28H,727.0,31.0,-6.834817785383976,0.18363816281034775
V28I,170.0,148.0,-2.4835729642656874,0.1128632938042959
V28K,349.0,225.0,-2.9169272619526865,0.08607735029656019
V28L,0.0,3.0,5.94997166881944,10.016602504318461
V28M,402.0,4813.0,1.2979881188490374,0.052868576660335766
V28N,333.0,853.0,-0.9266508541280487,0.06538385062166129
V28P,322.0,1252.0,-0.3245793195430613,0.0632773670519284
V28Q,650.0,2146.0,-0.5605250275359355,0.04587193936384754
V28R,411.0,555.0,-1.8503077377555117,0.06583780116007447
V28S,366.0,1670.0,-0.09374623735509946,0.0585728648352758
V28T,487.0,2767.0,0.22265654868612916,0.05014541613522304
V28W,273.0,828.0,-0.6829536126171956,0.07050106575246942
V28Y,409.0,28.0,-6.151770235868397,0.19556655915694315
V28_,676.0,0.0,-18.328404975481934,10.000078953886103
V297A,529.0,2247.0,-0.19700836221019635,0.04934749415705583
V297C,319.0,1353.0,-0.1991490596744967,0.06303655056318708
V297D,537.0,102.0,-4.6798863757761024,0.10846630401857911
V297E,415.0,384.0,-2.395650227076314,0.07150870745043753
V297F,564.0,2272.0,-0.2734714704307404,0.04809337807162059
V297G,747.0,1679.0,-1.1152366462902954,0.04510072205662153
V297H,867.0,1324.0,-1.6728545278930502,0.04481614035579451
V297I,680.0,2648.0,-0.3223673049844633,0.044136431497222656
V297K,583.0,84.0,-5.078535665018097,0.11712556161166322
V297L,627.0,2228.0,-0.4544526574316725,0.046298140485487936
V297M,349.0,870.0,-0.9658843981820695,0.06414417656686375
V297N,653.0,1243.0,-1.3549870950937457,0.049352657187799694
V297P,1039.0,50.0,-6.660497132263869,0.1451146834120119
V297Q,743.0,921.0,-1.9738128150613372,0.05031359006077087
V297R,932.0,111.0,-5.353303799049977,0.10090075925554191
V297S,682.0,1243.0,-1.4176749031327338,0.04868848750114464
V297T,517.0,1611.0,-0.643946649156586,0.05152419891344319
V297W,1035.0,1828.0,-1.4630187521008295,0.040162583292780434
V297Y,668.0,2825.0,-0.2033336384178357,0.0441676411363383
V297_,407.0,1.0,-10.938213145846579,0.996321116853632
V301A,389.0,7.0,-8.07789699548998,0.3812135835142884
V301C,716.0,3.0,-10.177720447450913,0.5776870762424702
V301D,1145.0,15.0,-8.53694041898027,0.2599911970578568
V301E,494.0,4.0,-9.22844220690221,0.5014983798800743
V301F,462.0,40.0,-5.813139552612878,0.16510003868725476
V301G,588.0,7.0,-8.673930443962039,0.38007080866708337
V301H,965.0,70.0,-6.068558988709373,0.12417627933753932
V301I,463.0,1604.0,-0.4910801297991165,0.05369389139966661
V301K,669.0,7.0,-8.860117529132946,0.3797998344118999
V301L,431.0,6.0,-8.44786054890739,0.41086408794468715
V301M,742.0,3.0,-10.22917934077446,0.5776447180151454
V301N,587.0,7.0,-8.671474834033365,0.3800746199667792
V301P,436.0,11.0,-7.591122857883884,0.305319279803445
V301Q,526.0,1.0,-11.308239131657151,0.9960421328138346
V301R,806.0,2.0,-10.931106434395181,0.7062952166796729
V301S,875.0,8.0,-9.055001459875076,0.3550867570721972
V301T,516.0,12.0,-7.708738976367905,0.29206456400544456
V301W,496.0,26.0,-6.536878910459228,0.2014017267364849
V301Y,381.0,70.0,-4.727843959431689,0.1304150784506405
V301_,834.0,16.0,-7.986667477041373,0.25250703789595175
V302A,813.0,9.0,-8.779250189193796,0.33513818703866366
V302C,1010.0,2610.0,-0.9139622506041563,0.038380273567585485
V302D,609.0,6.0,-8.94660512428938,0.4100380179221744
V302E,507.0,3.0,-9.679754913201489,0.5781851582359374
V302F,963.0,3.0,-10.605291489977873,0.5773769482192315
V302G,503.0,0.0,-17.901947469045368,10.000104391852352
V302H,837.0,3.0,-10.402985569902553,0.5775123014924894
V302I,503.0,41.0,-5.900187440718151,0.16270262584766637
V302K,499.0,1.0,-11.232217631735026,0.9960937675013077
V302L,671.0,24.0,-7.088274966195791,0.2079409037194678
V302M,730.0,2.0,-10.788224923113841,0.7063866490508282
V302N,771.0,4.0,-9.870651533051687,0.5007727773551641
V302P,613.0,2.0,-10.536219305027384,0.7065716867149425
V302Q,640.0,1.0,-11.59124335178446,0.9958721310413865
V302R,611.0,5.0,-9.213889586175412,0.4487061942137256
V302S,1662.0,17.0,-8.894050119271407,0.24390663105464158
V302T,704.0,27.0,-6.987678384525056,0.19632517658464255
V302W,766.0,2.0,-10.85767192247699,0.7063410788667417
V302Y,608.0,1.0,-11.517243956748498,0.9959134177173993
V302_,718.0,4.0,-9.767905898188888,0.5008683587169318
V353A,971.0,3243.0,-0.5438725940180436,0.03792132537384461
V353C,425.0,1832.0,-0.17578932128325508,0.05475901990463831
V353D,248.0,398.0,-1.6012416216340641,0.081513256980457
V353E,391.0,2431.0,0.35263041024377717,0.055395368997586396
V353F,631.0,1274.0,-1.270006180022694,0.049694064350596645
V353G,1031.0,20.0,-7.970841356271865,0.2259308546624778
V353H,731.0,3283.0,-0.11659191066050578,0.04209970028304295
V353I,728.0,1763.0,-1.007637522763142,0.04517338995648023
V353K,701.0,2920.0,-0.2251816278371308,0.043229546054214224
V353L,683.0,2024.0,-0.7164101963733067,0.04536509682252461
V353M,1030.0,8054.0,0.6834009115315007,0.03456648682045948
V353N,747.0,1142.0,-1.6712721854229207,0.04810545850044775
V353P,800.0,5.0,-9.602711627869802,0.4482751372494268
V353R,884.0,4515.0,0.06894658038350299,0.038111786529148636
V353S,673.0,2929.0,-0.16193473574166006,0.04389863558834831
V353T,588.0,3937.0,0.4595397734091824,0.045326229822371465
V353W,915.0,785.0,-2.504724486241717,0.04966456736007358
V353Y,828.0,6658.0,0.7237229328105932,0.038180175595696135
V353_,889.0,2.0,-11.072508343565229,0.7062132117485346
V365A,841.0,5996.0,0.5501599214293185,0.03815285015520447
V365C,325.0,1333.0,-0.24751641782288836,0.0626643935740125
V365D,966.0,52.0,-6.49882518860853,0.1426957377980882
V365E,953.0,15.0,-8.272143478382745,0.26032935804954144
V365F,677.0,2510.0,-0.3932039448609528,0.04444438931086466
V365G,521.0,1205.0,-1.0739858571961278,0.05337633826175177
V365H,435.0,170.0,-3.6390769656424267,0.09099791518029164
V365I,531.0,7.0,-8.52682878365082,0.38031088856030504
V365K,627.0,7.0,-8.7665782058132,0.37993162430440675
V365L,438.0,17.0,-6.970156769519715,0.24732936840127928
V365M,825.0,1599.0,-1.3289525582448967,0.044014876754398184
V365N,469.0,135.0,-4.08020042182365,0.09817751957153245
V365P,563.0,72.0,-5.250539383086905,0.12555056124144712
V365Q,688.0,353.0,-3.2463684896544276,0.0662273665848866
V365R,863.0,6.0,-9.44951648329379,0.40944828990224413
V365S,469.0,3242.0,0.5055499443102365,0.050402551718114925
V365T,710.0,6521.0,0.9155361749407418,0.04076269425211202
V365W,785.0,703.0,-2.4428138289785695,0.05287853905800555
V365Y,951.0,69.0,-6.068231181149655,0.12506791387075442
V365_,683.0,5.0,-9.37460029556945,0.44851390358350823
V370A,447.0,892.0,-1.2868952302785424,0.05880447246134784
V370C,734.0,2293.0,-0.6402769845924023,0.043569520935239206
V370D,1102.0,9.0,-9.218042502019747,0.33465660014778204
V370E,1046.0,90.0,-5.822315549743086,0.11029826101444984
V370F,792.0,2650.0,-0.5412407552914664,0.04171070947319626
V370G,811.0,859.0,-2.2006927850423437,0.04996976203866527
V370H,883.0,25.0,-7.425500821652149,0.20301800979425505
V370I,623.0,6122.0,1.0130301680976,0.0432235076683678
V370K,485.0,4.0,-9.201916454317399,0.5015358288892094
V370L,832.0,14166.0,1.8060407793085624,0.03704478419329101
V370M,412.0,1964.0,-0.030596991574692645,0.05510085144335002
V370N,752.0,638.0,-2.520820817902231,0.05474448831324502
V370P,388.0,19.0,-6.634911405636286,0.23511903740284557
V370Q,925.0,419.0,-3.426132294811746,0.059728244385861676
V370R,669.0,3.0,-10.079768486383866,0.5777719926465705
V370S,1048.0,1506.0,-1.7605691412976179,0.04144890204967735
V370T,852.0,3960.0,-0.06708620297544643,0.03906450635632729
V370W,624.0,1334.0,-1.1875195807806342,0.04951740993359166
V370Y,361.0,1081.0,-0.7013788445224796,0.061602622439042846
V370_,650.0,5.0,-9.303155507573184,0.4485967589840388
V371A,739.0,2838.0,-0.34243412667105577,0.04248925906305401
V371C,446.0,1077.0,-1.0117643249412245,0.057187538662390146
V371D,541.0,25.0,-6.718726306305516,0.20477357486813164
V371E,467.0,108.0,-4.395936561292983,0.10723572011548498
V371F,1049.0,3378.0,-0.5965028398521688,0.036730476936382615
V371G,462.0,994.0,-1.1783117206598588,0.05718651334659668
V371H,550.0,179.0,-3.9030656744314163,0.0866270440140904
V371I,514.0,1610.0,-0.6364466910450979,0.051637365289609306
V371K,769.0,93.0,-5.33119262517643,0.11023484566160219
V371L,611.0,2832.0,-0.07108954525974376,0.045711666129788074
V371M,580.0,1681.0,-0.748469380220623,0.04918134363156698
V371N,522.0,389.0,-2.7079182102958352,0.06772086839066699
V371P,995.0,2657.0,-0.8666272804763797,0.03848628101992779
V371Q,616.0,436.0,-2.7822405550858367,0.06337737408373467
V371R,729.0,24.0,-7.207879303731204,0.20765560907406105
V371S,957.0,1392.0,-1.7430843375308012,0.04316390508379932
V371T,634.0,952.0,-1.6971768757544714,0.05222535036028872
V371W,512.0,543.0,-2.198841228773449,0.062405844778243305
V371Y,798.0,436.0,-3.1556936092012875,0.06038591230013717
V371_,951.0,18.0,-8.00623843288437,0.2380672973064312
V373A,482.0,51.0,-5.523859079669899,0.14757527187059835
V373C,1094.0,1638.0,-1.7013297687368012,0.04030361284276367
V373D,1052.0,10.0,-8.999210641937301,0.3177270481154459
V373E,613.0,0.0,-18.187270996206312,10.000086555158223
V373F,893.0,5.0,-9.761369925150106,0.4481299170883574
V373G,584.0,8.0,-8.471695027656999,0.35588770758933913
V373H,909.0,0.0,-18.755656553054365,10.000059995510343
V373I,1027.0,7719.0,0.6263175896182469,0.0346852496477664
V373K,402.0,3.0,-9.344972099624192,0.5786304777920046
V373L,587.0,1323.0,-1.1112810273073759,0.05058870006886837
V373M,590.0,98.0,-4.873386554056068,0.10953420895328235
V373N,857.0,2.0,-11.019620734798192,0.7062429477429013
V373P,680.0,0.0,-18.33691634980023,10.000078518817086
V373Q,368.0,1.0,-10.792893874157144,0.9964517766870572
V373R,946.0,2.0,-11.162164130270966,0.706165224991195
V373S,759.0,74.0,-5.641974779823757,0.12218432471310763
V373T,1051.0,801.0,-2.6755322452463624,0.04795524471249985
V373W,829.0,3.0,-10.389130215181305,0.5775222831940918
V373Y,1096.0,6.0,-9.794328263180196,0.4091473663772467
V373_,495.0,2.0,-10.227766366562996,0.7068468114927119
V44A,409.0,987.0,-1.0127194228147953,0.059648175624706784
V44C,526.0,2136.0,-0.2618917387722117,0.049689868600925835
V44D,212.0,1.0,-9.99728121957432,0.9974545525697167
V44E,304.0,1.0,-10.517267684699963,0.9967387778550568
V44F,301.0,123.0,-3.5746838211203373,0.10747736987735002
V44G,430.0,21.0,-6.6388701512887405,0.22365537303145328
V44H,150.0,4.0,-7.508960638219492,0.5061053217986792
V44I,384.0,78.0,-4.583060910446115,0.12459046562605416
V44K,582.0,1.0,-11.454192846233102,0.9959503046512708
V44L,91.0,5.0,-6.4667905739248175,0.4590080803633743
V44M,298.0,860.0,-0.754655315159753,0.06795723043825515
V44N,149.0,0.0,-16.146769540098653,10.000340532946549
V44P,244.0,1.0,-10.200089178160432,0.9971444321138309
V44Q,544.0,19.0,-7.122450742202452,0.23354209489792468
V44R,930.0,0.0,-18.78860661647688,10.000058753485046
V44T,434.0,2216.0,0.06851619456818803,0.05343380741475069
V44W,421.0,5.0,-8.67654809546995,0.44952848051474675
V44Y,212.0,6.0,-7.42427152161493,0.4137703778940616
V44_,277.0,1.0,-10.38308696292574,0.9968995956352515
V7A,16.0,345.0,2.1459449576252654,0.2558500430086471
V7C,891.0,6063.0,0.48287266537098716,0.03724342003315126
V7D,34.0,80.0,-1.0494266883760197,0.20494235853835838
V7E,327.0,1309.0,-0.28257854862252074,0.06262397672124882
V7F,10.0,0.0,-12.250874266776254,10.004998746416598
V7G,404.0,4175.0,1.0856687372782297,0.05305207384967836
V7H,131.0,717.0,0.16866829516439008,0.09553795946938295
V7I,512.0,1737.0,-0.5212858409451924,0.051269919796577
V7K,349.0,12.0,-7.144608325593568,0.29364776522696684
V7L,448.0,8.0,-8.089232890018781,0.35661723738471385
V7M,194.0,2249.0,1.2514391466579813,0.07549059192766093
V7N,184.0,911.0,0.02403471089827125,0.08143700599455862
V7P,225.0,587.0,-0.9002520471830504,0.07904183266771042
V7Q,205.0,2887.0,1.532161908341969,0.07296578555670843
V7R,333.0,6.0,-8.075704707599964,0.4116941580889569
V7S,1219.0,5777.0,-0.03903497693566704,0.03306438625031035
V7T,449.0,174.0,-3.6512253666419285,0.08985395900640518
V7W,193.0,2192.0,1.2218588702732331,0.07574362611161521
V7Y,389.0,22.0,-6.427224199609044,0.21932701061819487
V7_,406.0,5.0,-8.624208855627957,0.4496260755595967
V80A,451.0,698.0,-1.6535597245995826,0.06123484193175148
V80C,415.0,749.0,-1.4318091275454368,0.06200396801208665
V80D,365.0,4.0,-8.791837950377534,0.5022111363456224
V80E,297.0,73.0,-4.30799352871123,0.13100938810115886
V80F,270.0,231.0,-2.50870554275623,0.09017870794432663
V80G,236.0,145.0,-2.9863436043588827,0.10598585107162826
V80H,185.0,6.0,-7.227742458928249,0.4146013509580699
V80I,163.0,592.0,-0.4229869330828766,0.08901443435437857
V80K,226.0,0.0,-16.747746994781668,10.000226217385318
V80L,233.0,386.0,-1.5554016572048157,0.08355886344766825
V80M,490.0,613.0,-1.960548590907008,0.06141567661697827
V80N,626.0,54.0,-5.8185352577582,0.14217005404577068
V80P,550.0,0.0,-18.03081823670747,10.000095897773107
V80Q,255.0,147.0,-3.0782875359477977,0.10403599902847212
V80R,331.0,0.0,-17.298235189816715,10.000156042415702
V80S,371.0,176.0,-3.3594486830779813,0.09206875912126672
V80T,408.0,893.0,-1.1535761890206695,0.06058501883308157
V80W,239.0,196.0,-2.569791729340059,0.09687890264540101
V80Y,175.0,2.0,-8.727746055729677,0.7094548702425547
V80_,393.0,2.0,-9.894874718125102,0.7072175890247577
V87A,156.0,851.0,0.16388957023470052,0.08766262455446663
V87C,193.0,834.0,-0.172258922467595,0.08049795642598534
V87D,202.0,255.0,-1.9475208974451954,0.09471790079865844
V87E,499.0,399.0,-2.606291831172398,0.06789688215240776
V87F,213.0,850.0,-0.2870893549296776,0.07727152076573426
V87G,352.0,1315.0,-0.3822625564470581,0.06083662362452027
V87H,231.0,744.0,-0.596281300295213,0.07597829155759704
V87I,728.0,8332.0,1.2329863903082754,0.0399179466157955
V87K,223.0,503.0,-1.1101693299245534,0.08106757549430797
V87L,299.0,706.0,-1.0441531241013697,0.06971797604314245
V87M,297.0,854.0,-0.759906550607738,0.06810031113984484
V87N,329.0,626.0,-1.3555937389269817,0.06882336640543978
V87P,537.0,10.0,-8.029083082443698,0.319158390949512
V87Q,396.0,678.0,-1.5078783175854928,0.0640305329932275
V87R,345.0,767.0,-1.1310407992836797,0.06558998837692252
V87S,487.0,2400.0,0.017369107866086253,0.050693458703807724
V87T,283.0,338.0,-2.027435109558814,0.08118960708005851
V87W,185.0,427.0,-1.076981403870736,0.08858213513348556
V87Y,336.0,1883.0,0.2028165788450922,0.06005815868461902
V87_,576.0,3.0,-9.863834568969082,0.5779808046031308
V93A,374.0,509.0,-1.839030852534676,0.06883414228489082
V93C,261.0,497.0,-1.3544782097838253,0.07709162523391273
V93D,199.0,57.0,-4.0872020275423315,0.15055056073774223
V93E,344.0,139.0,-3.5909098408417908,0.10099720396675885
V93F,478.0,4312.0,0.889599811006422,0.049231420346709485
V93G,518.0,701.0,-1.8471929322213683,0.05879450428651495
V93H,417.0,2121.0,0.06294952949785948,0.05449140686311646
V93I,196.0,423.0,-1.1738834980850958,0.08698049623961929
V93K,163.0,0.0,-16.276320858129388,10.000311715585038
V93L,222.0,818.0,-0.4021541893972236,0.07633214557733459
V93M,394.0,532.0,-1.850426889983213,0.06721224935436056
V93N,163.0,328.0,-1.274868679802161,0.09634882670470875
V93P,398.0,122.0,-3.9894532902390853,0.10396328721082294
V93Q,396.0,82.0,-4.5553131269422105,0.12173183469427208
V93R,302.0,1.0,-10.50774522485634,0.9967497050092645
V93S,323.0,224.0,-2.811663700775302,0.0875201788552553
V93T,284.0,702.0,-0.9780981543021765,0.07103027391150277
V93W,307.0,1601.0,0.09897675783121151,0.06310027343052278
V93Y,358.0,1193.0,-0.547113662740129,0.06108395783942573
V93_,371.0,1.0,-10.80460697771871,0.996440751343269
V99A,192.0,1370.0,0.551285061358775,0.07770327957755266
V99C,69.0,154.0,-1.1255013166569396,0.14520177096267398
V99D,281.0,18.0,-6.247399392576638,0.24327580359296178
V99E,360.0,32.0,-5.7750904068047415,0.1847099183661646
V99F,267.0,317.0,-2.036013431831951,0.0836628268890852
V99G,477.0,992.0,-1.2273128551974395,0.056606204263087635
V99H,266.0,148.0,-3.1294338373471318,0.10303093379354417
V99I,248.0,644.0,-0.9069632103038554,0.07539683214386861
V99K,394.0,0.0,-17.549592633332093,10.000131890257608
V99L,359.0,210.0,-3.0572140119006948,0.08744673604243688
V99M,370.0,877.0,-1.0386189769940408,0.06279079080468453
V99N,392.0,9.0,-7.726867548992152,0.33710319276644046
V99P,427.0,37.0,-5.811930823408739,0.17164325161944444
V99Q,165.0,69.0,-3.5413241277334233,0.14370354275203281
V99R,416.0,1.0,-10.969767112856712,0.9962944415026441
V99S,190.0,968.0,0.06529859548097328,0.07997339543794175
V99T,312.0,346.0,-2.134426542864513,0.07870788562368708
V99W,368.0,500.0,-1.841436028859845,0.06940528339112839
V99Y,620.0,432.0,-2.8048747848062083,0.06346222767631367
V99_,137.0,0.0,-16.02564158303977,10.000369920818732
W201A,492.0,726.0,-1.7223462263600302,0.059242606359296804
W201C,414.0,378.0,-2.414889222473322,0.07183765831584218
W201D,365.0,10.0,-7.472070117996462,0.32053013394401786
W201E,338.0,3.0,-9.094806639891303,0.5790373233835304
W201F,563.0,566.0,-2.275981013008466,0.06035508695373807
W201G,282.0,38.0,-5.174943398743365,0.17307413305434313
W201H,252.0,328.0,-1.9033891915550027,0.08435994275557873
W201I,353.0,458.0,-1.9079779625356776,0.071525906359925
W201K,598.0,386.0,-2.9151793949686393,0.06605024752282318
W201L,251.0,397.0,-1.6222175020254141,0.08125607154182382
W201M,319.0,746.0,-1.0580546873449164,0.06763858717097831
W201N,254.0,110.0,-3.490898630953626,0.11457203627920798
W201P,727.0,2488.0,-0.508702837489416,0.04332713284817449
W201Q,566.0,31.0,-6.4736701190207535,0.18470038218607074
W201R,247.0,139.0,-3.1130287870483837,0.10649864816016644
W201S,567.0,1011.0,-1.4492968252020333,0.05340939171367584
W201T,538.0,558.0,-2.2309900197932686,0.061242142254276946
W201V,415.0,555.0,-1.864280341983112,0.06565946791689123
W201Y,315.0,896.0,-0.7755308019682357,0.06625992202613082
W201_,350.0,11.0,-7.274157775252413,0.3062407524622713
W274A,728.0,3249.0,-0.12567799649182376,0.04220437734474373
W274C,500.0,1205.0,-1.0146317425740312,0.05412619079705395
W274D,546.0,227.0,-3.549819530865558,0.07960135973972753
W274E,650.0,8.0,-8.626163868359683,0.35564335905012245
W274F,838.0,4993.0,0.2912224232943226,0.038644521883070576
W274G,369.0,1978.0,0.1386698935491708,0.05757888653308417
W274H,864.0,4178.0,-0.009951977727660655,0.03868537588247527
W274I,270.0,496.0,-1.4062916404640413,0.07628545613346703
W274K,207.0,3.0,-8.387441172183802,0.5806517149090845
W274L,562.0,6098.0,1.1560228021942671,0.045201013168968955
W274M,709.0,1111.0,-1.6356540864597555,0.04909496051071574
W274N,510.0,1588.0,-0.645025450564126,0.05186791611161322
W274P,561.0,6.0,-8.828165693872535,0.41020929584764654
W274Q,604.0,26.0,-6.821082138578831,0.20050478516876133
W274R,776.0,8.0,-8.881777198804553,0.3552919984377012
W274S,757.0,1692.0,-1.1232941761975903,0.04485326594362574
W274T,508.0,1020.0,-1.2779935130830333,0.055214704839977514
W274V,577.0,1845.0,-0.6066875993374534,0.04873284926098795
W274Y,463.0,3019.0,0.4213122696398557,0.05090020506027947
W274_,530.0,1.0,-11.319168484818107,0.9960349304378024
W293A,885.0,1417.0,-1.6045637302412161,0.043993839961705784
W293C,286.0,652.0,-1.0948195064333879,0.07162343157799868
W293D,492.0,925.0,-1.3728666840289296,0.05668654431257987
W293E,961.0,20651.0,2.141869081205601,0.034479146996594934
W293F,914.0,835.0,-2.414064482278744,0.04890282485810041
W293G,718.0,1042.0,-1.7463547272151603,0.04952007520751719
W293H,560.0,2224.0,-0.294009227419596,0.04832325074068492
W293I,329.0,860.0,-0.8974260069065254,0.06558974286272719
W293K,760.0,1475.0,-1.32701357888907,0.04575532279245621
W293L,215.0,552.0,-0.9233573657430192,0.0810081708839744
W293M,370.0,1135.0,-0.6665791665957235,0.060691803914805026
W293N,681.0,1425.0,-1.2184238526663274,0.047644229217195785
W293P,743.0,233.0,-3.9566377639412034,0.07574532398631433
W293Q,558.0,817.0,-1.7335852478039664,0.05582001167601253
W293R,560.0,959.0,-1.507554738383047,0.05411321733625208
W293S,430.0,966.0,-1.115980094697317,0.058826262690073475
W293T,731.0,1539.0,-1.209608449133441,0.046016894697350194
W293V,372.0,591.0,-1.6158068695971783,0.06693231228214933
W293Y,626.0,2904.0,-0.06985919499013882,0.04518391196530635
W293_,583.0,4.0,-9.467422590303922,0.5011901943837677
WT,12076.0,58799.0,0.0,0.014129111621295714
Y131A,273.0,52.0,-4.67574086104298,0.15162373530071413
Y131C,367.0,232.0,-2.945280391821009,0.0844671317123377
Y131D,396.0,7.0,-8.103626615016935,0.3811539807075921
Y131E,549.0,56.0,-5.576724102131693,0.14062443242745942
Y131F,218.0,1135.0,0.09659078322083126,0.0746177656910977
Y131G,190.0,5.0,-7.528768942170544,0.45272894230632343
Y131H,301.0,451.0,-1.7003000022672925,0.07509467624785608
Y131I,290.0,940.0,-0.5870745508994002,0.06791017101822537
Y131K,223.0,605.0,-0.8437974230910283,0.07897331822423034
Y131L,935.0,1663.0,-1.4529048640092386,0.042079002722649535
Y131M,389.0,962.0,-0.9774033592038327,0.0609092286604768
Y131N,498.0,480.0,-2.3367582580552995,0.06473868732417042
Y131P,236.0,0.0,-16.810208376927513,10.000216843873671
Y131Q,426.0,449.0,-2.2077877281733755,0.06836885640369067
Y131R,594.0,621.0,-2.219518726494254,0.05825434977321401
Y131S,405.0,71.0,-4.795511425691204,0.12904035928146224
Y131T,352.0,458.0,-1.903885324005171,0.0715821397075846
Y131V,439.0,753.0,-1.5052327864727042,0.06087423059466322
Y131W,399.0,552.0,-1.8153785091587968,0.06646487895437624
Y131_,391.0,2.0,-9.88751420094296,0.7072267903981743
Y160A,334.0,2575.0,0.6629668254162482,0.05900920471988745
Y160C,412.0,2340.0,0.22211542825256725,0.05435338125528937
Y160D,442.0,141.0,-3.931929539553897,0.09723118725797933
Y160E,427.0,732.0,-1.5060545068361693,0.06170723607223428
Y160F,66.0,211.0,-0.607093139638688,0.14137944547640144
Y160G,204.0,1987.0,1.0002393493773436,0.074194373990919
Y160H,1056.0,16128.0,1.6492250289089296,0.033298356670429456
Y160I,535.0,1127.0,-1.208785453925537,0.05344383418490457
Y160L,403.0,2537.0,0.3705936557624758,0.0545463902461249
Y160M,521.0,3835.0,0.5961993634653284,0.047748511677965344
Y160N,406.0,703.0,-1.4916180581440432,0.06312894971841143
Y160P,753.0,45.0,-6.347999562170835,0.15376964771222085
Y160Q,411.0,1216.0,-0.7187383156008096,0.05792416060949123
Y160R,638.0,1726.0,-0.8478581265441658,0.04739789413885692
Y160S,867.0,3535.0,-0.25605425028226403,0.03919298104290203
Y160T,409.0,2323.0,0.2221393351095733,0.05454557609707772
Y160V,708.0,3289.0,-0.06783625567465013,0.0426176980224192
Y160W,495.0,1369.0,-0.8160445984348543,0.0533894367895534
Y160_,766.0,2.0,-10.85767192247699,0.7063410788667417
Y225A,886.0,3.0,-10.48506369265815,0.5774550934502604
Y225C,413.0,1.0,-10.959325618043051,0.9963032041897517
Y225E,359.0,9.0,-7.600001121656198,0.33745080378048486
Y225F,294.0,160.0,-3.1613511626922213,0.09874548168211653
Y225G,513.0,4.0,-9.28288890930337,0.5014236275268952
Y225H,280.0,0.0,-17.056838738562774,10.000183554161522
Y225I,607.0,32.0,-6.528773709857661,0.18162453755219
Y225K,385.0,3.0,-9.282636628649364,0.5787253793061251
Y225L,346.0,5.0,-8.393507327942428,0.450100771141966
Y225M,652.0,1.0,-11.618042996249137,0.9958576929494432
Y225N,432.0,3.0,-9.448805418450771,0.578481193083444
Y225P,415.0,10.0,-7.657280228430371,0.3200148376087268
Y225Q,307.0,0.0,-17.189646035643626,10.00016785053078
Y225R,366.0,4.0,-8.795785026902912,0.5022036840654545
Y225S,274.0,0.0,-17.025588932818394,10.00018746412989
Y225T,441.0,1.0,-11.053960274323071,0.996226052699386
Y225V,511.0,1.0,-11.26650042840423,0.9960701454542986
Y225W,300.0,1395.0,-0.06645503888994142,0.06441955342147465
Y225_,187.0,3.0,-8.2408561282476,0.5810964095134937
Y228A,415.0,1.0,-10.96629500451457,0.9962973483306226
Y228C,358.0,1.0,-10.753148790408785,0.9964898613960546
Y228D,202.0,3.0,-8.352167422485879,0.5807546637836758
Y228E,486.0,0.0,-17.852346386098514,10.000107868754691
Y228F,248.0,230.0,-2.392349714889302,0.09208446360207989
Y228G,458.0,16.0,-7.121981892843514,0.2544486907774771
Y228H,430.0,12.0,-7.445710162256152,0.29272733032977283
Y228I,489.0,3.0,-9.627604678571926,0.5782479377178448
Y228K,481.0,4.0,-9.189968848378221,0.5015529217924056
Y228L,487.0,1.0,-11.197100300869538,0.996118553047669
Y228M,695.0,40.0,-6.402249210032943,0.1628876781036921
Y228N,255.0,1.0,-10.263702726988852,0.9970557861248638
Y228P,506.0,8.0,-8.264867851478554,0.3562583423514629
Y228Q,680.0,8.0,-8.691257917391521,0.35554792584907907
Y228R,420.0,2.0,-9.990732373675185,0.7071019370653064
Y228S,564.0,1.0,-11.408869646834523,0.9959778330904211
Y228T,227.0,1.0,-10.095904755701877,0.997298309476797
Y228V,613.0,23.0,-7.019225727982223,0.21258051686247556
Y228W,255.0,567.0,-1.130827650891085,0.07605832018721216
Y228_,482.0,1.0,-11.182211982315048,0.9961292444019657
Y231A,190.0,851.0,-0.1205472710664699,0.08085648472484866
Y231C,589.0,2832.0,-0.018185681200170833,0.04637548964858247
Y231D,306.0,1155.0,-0.3673933696438141,0.06506516987241147
Y231E,382.0,3033.0,0.7054199369089629,0.05520193739167675
Y231F,404.0,1315.0,-0.5810371453204937,0.0577533777907423
Y231G,402.0,2188.0,0.1606680298385248,0.05517565143190024
Y231H,537.0,2716.0,0.05481992456739615,0.04827179062638152
Y231I,520.0,4401.0,0.7975753696608132,0.047434970316917534
Y231K,278.0,3127.0,1.207927142353559,0.06337667646562399
Y231L,489.0,875.0,-1.444212470988104,0.05733766594011267
Y231M,533.0,4597.0,0.8248132912590056,0.04683466671719272
Y231N,420.0,2507.0,0.29382416041016857,0.0536618405082772
Y231P,174.0,0.0,-16.37053060468933,10.000292326330204
Y231Q,486.0,2611.0,0.14190207142864697,0.05040218530676906
Y231R,477.0,2740.0,0.2384417343408538,0.050608005082738876
Y231S,624.0,1964.0,-0.6294867867363321,0.047026765734375114
Y231T,332.0,870.0,-0.8938427199602597,0.06527775612325604
Y231V,308.0,1153.0,-0.37929207849246804,0.06491347240963752
Y231W,508.0,335.0,-2.8843007437156,0.07108633207668606
Y231_,363.0,6.0,-8.200148498117166,0.41139264945727955
Y235A,556.0,48.0,-5.817351997299093,0.1507558909649439
Y235C,402.0,5.0,-8.609924983188685,0.4496533271440729
Y235D,409.0,0.0,-17.603496503942903,10.00012723638527
Y235E,587.0,2.0,-10.473693776865058,0.7066228146614406
Y235F,770.0,6261.0,0.7397983104356318,0.039474282386354094
Y235G,687.0,9.0,-8.536308190494525,0.33547457448922025
Y235H,351.0,12.0,-7.1528520841512355,0.29361996575815574
Y235I,472.0,0.0,-17.810177812325943,10.000110920138827
Y235K,340.0,2.0,-9.685885874256853,0.707497946058143
Y235L,656.0,19.0,-7.392535377819346,0.2328692242273825
Y235M,431.0,121.0,-4.116243076500769,0.10336211846703577
Y235N,925.0,6.0,-9.549608169026314,0.40935343698688875
Y235P,881.0,4.0,-10.063060355740673,0.5006110620003437
Y235Q,617.0,6.0,-8.96543307837931,0.41001205623048287
Y235R,680.0,4.0,-9.689457923345309,0.5009460461071725
Y235S,826.0,6.0,-9.386298454359178,0.40951166781364523
Y235T,698.0,8.0,-8.728949660351265,0.3554945923607358
Y235V,773.0,3.0,-10.288227788343379,0.5775979344183072
Y235W,500.0,4536.0,0.8977469592687153,0.04816880698311637
Y235_,626.0,26.0,-6.872695406767199,0.20035964094275885
Y257A,607.0,1380.0,-1.0987614756889723,0.04971788054052804
Y257C,738.0,3297.0,-0.12420201513661677,0.041929896293909225
Y257D,1235.0,14.0,-8.745569965450134,0.26886262919562065
Y257E,611.0,96.0,-4.953587415967893,0.11023625552789122
Y257F,483.0,3217.0,0.45194744931397146,0.04980977874276247
Y257G,1088.0,2722.0,-0.960667457571386,0.03723305891332661
Y257H,810.0,1513.0,-1.3822381091395308,0.04466881151088656
Y257I,689.0,1712.0,-0.9705537061291665,0.04620911577228817
Y257K,1093.0,2037.0,-1.3855015455590802,0.038802528486887866
Y257L,890.0,2345.0,-0.8859473841523133,0.04061817564351811
Y257M,569.0,901.0,-1.6205588970673768,0.0544712754645008
Y257N,629.0,825.0,-1.8923193547255694,0.05386763649654682
Y257P,872.0,13.0,-8.350299820347152,0.27948263370807425
Y257Q,527.0,835.0,-1.6196848698923452,0.05652347783721143
Y257R,558.0,1038.0,-1.3881905472005283,0.053434823218898135
Y257S,563.0,766.0,-1.8394453289859225,0.05640433733057865
Y257T,790.0,651.0,-2.562839218642114,0.05386740548993761
Y257V,535.0,2506.0,-0.055893598965372604,0.04866190034672422
Y257W,725.0,876.0,-2.010701563318622,0.05119225232265289
Y257_,228.0,1.0,-10.102246003838623,0.9972886233946665
Y265A,604.0,7660.0,1.381053927477884,0.04342770726731279
Y265C,644.0,5066.0,0.6920469215309653,0.04301140339101067
Y265D,351.0,1590.0,-0.10419620638524396,0.05981358075589234
Y265E,880.0,10388.0,1.2776075718533813,0.03650248552200598
Y265F,444.0,2551.0,0.23875647194518113,0.052383384999088
Y265G,433.0,1821.0,-0.21138141137654998,0.05439096605362065
Y265H,851.0,5217.0,0.33232720093317214,0.03829583392986541
Y265I,350.0,3480.0,1.029975397363482,0.05695816552989136
Y265K,487.0,6793.0,1.5183796687968076,0.047962193149322055
Y265L,358.0,3702.0,1.0865889935487179,0.05624195490580934
Y265M,665.0,9364.0,1.532030526965669,0.04135631195736992
Y265N,630.0,5097.0,0.7325565423143137,0.04339684026096485
Y265P,682.0,1084.0,-1.6151347404082523,0.049885576803699
Y265Q,1613.0,7339.0,-0.0978179275673825,0.029258041911259483
Y265R,587.0,6748.0,1.2393571179761755,0.04417642161163063
Y265S,593.0,6800.0,1.2357605215999268,0.043968019158380216
Y265T,500.0,7092.0,1.5425177089395907,0.04733687408028961
Y265V,810.0,4032.0,0.031839584955988265,0.039779188218789584
Y265W,432.0,10.0,-7.715198836374481,0.31986665507689654
Y265_,744.0,6.0,-9.235461219043895,0.40967454758040583
Y278A,947.0,1.0,-12.156528564723274,0.9956177885399328
Y278C,464.0,2.0,-10.134464593894121,0.7069422746417572
Y278D,639.0,4.0,-9.59974046941758,0.5010402131943698
Y278E,556.0,20.0,-7.079965766051944,0.22775723302410272
Y278F,609.0,1.0,-11.519614822248773,0.9959120618613898
Y278G,540.0,19.0,-7.111803694444722,0.23357124425878398
Y278H,690.0,12.0,-8.127957222147153,0.2912267449382184
Y278I,553.0,2.0,-10.387614265052804,0.7066969217939223
Y278K,820.0,10.0,-8.639775632119122,0.31814998525995064
Y278L,2148.0,2.0,-12.345237500963194,0.7057462723170614
Y278M,751.0,5.0,-9.51152571222627,0.4483660942726801
Y278N,572.0,3.0,-9.853781079454478,0.5779913067718323
Y278P,457.0,3.0,-9.52996644448724,0.578371736382294
Y278Q,3464.0,8.0,-11.04007314485101,0.35388196299848235
Y278R,591.0,6.0,-8.903321748058413,0.4100989950325434
Y278S,960.0,8.0,-9.188751388909866,0.3549442446108303
Y278T,692.0,2.0,-10.711101582216378,0.7064398909541398
Y278V,402.0,1.0,-10.9203802936321,0.9963364522637577
Y278W,900.0,56.0,-6.289832705840509,0.13807559275312917
Y278_,1065.0,16.0,-8.339397866680638,0.2519915397707966
Y292A,655.0,128.0,-4.638908423927882,0.09715142738356329
Y292C,937.0,48.0,-6.570305611592232,0.14831060085684336
Y292D,467.0,7.0,-8.341543195910699,0.38065003615217496
Y292E,430.0,25.0,-6.387441255780816,0.20593530442438185
Y292F,736.0,675.0,-2.408464500659165,0.05422132996729541
Y292G,826.0,109.0,-5.205346769246577,0.10239104119895451
Y292H,468.0,1060.0,-1.1041813942945007,0.05639068810334671
Y292I,967.0,9.0,-9.029507900588023,0.33484581931075247
Y292K,405.0,713.0,-1.4676832269182096,0.06301900990150736
Y292L,819.0,3.0,-10.371621777812816,0.5775350342893576
Y292M,608.0,3.0,-9.941835762740592,0.5779017557594227
Y292N,731.0,131.0,-4.763862212941293,0.09539806787414472
Y292P,901.0,988.0,-2.1506654821312514,0.04713615382677397
Y292Q,494.0,118.0,-4.349279137109278,0.10294622172019056
Y292R,1481.0,6132.0,-0.23386934016519012,0.03062857242831643
Y292S,884.0,70.0,-5.942077785802487,0.12455801291555194
Y292T,666.0,55.0,-5.881426039065994,0.14064070481909827
Y292V,798.0,29.0,-7.065432632511284,0.1892717758661497
Y292W,401.0,619.0,-1.6573235054864552,0.06487682239099071
Y292_,627.0,49.0,-5.960988408414066,0.14865626786867947
Y29A,446.0,1501.0,-0.5328623817724694,0.054846478213717756
Y29C,561.0,867.0,-1.6556258616019148,0.055097228174891814
Y29D,478.0,2.0,-10.17734949610572,0.7068976306028538
Y29E,544.0,12.0,-7.784973123145371,0.2918937548361158
Y29F,913.0,2344.0,-0.9233718502846502,0.040270504012310145
Y29G,155.0,0.0,-16.203721677086275,10.000327545265435
Y29H,462.0,1054.0,-1.0937554368027342,0.056683585051969215
Y29I,187.0,17.0,-5.742308379343918,0.25344836003819016
Y29K,134.0,9.0,-6.178317752151134,0.34431052399305173
Y29L,422.0,1.0,-10.990426090351598,0.9962772896604106
Y29M,542.0,189.0,-3.803504911765569,0.08506189314805954
Y29N,394.0,1243.0,-0.6261142559945263,0.058671298811517364
Y29P,624.0,18.0,-7.398347070598537,0.23922178582592044
Y29Q,383.0,865.0,-1.1083132566682368,0.06218335617140437
Y29R,581.0,715.0,-1.9842475832933744,0.056740977324359856
Y29S,172.0,164.0,-2.3523566666767906,0.1095929768774255
Y29T,394.0,2861.0,0.5765723813820998,0.054656650670353496
Y29W,533.0,1068.0,-1.28095735788985,0.05396549014762487
Y29_,22.0,0.0,-13.387591437831817,10.002276426373264
Y316A,728.0,31.0,-6.836800844404525,0.1836330184021836
Y316C,734.0,114.0,-4.970287355084271,0.10116004933404214
Y316D,821.0,4.0,-9.961301755343044,0.5006939049578817
Y316E,825.0,33.0,-6.927084570732263,0.17778012477750085
Y316F,981.0,926.0,-2.3668880774198455,0.04689430075549555
Y316G,667.0,5.0,-9.34040198515303,0.4485530539394753
Y316H,176.0,100.0,-3.099161143492238,0.12561970931018265
Y316I,712.0,36.0,-6.589076006919609,0.17109749976257763
Y316K,1109.0,16.0,-8.397803264274202,0.2519176113748441
Y316L,676.0,147.0,-4.4847783016890865,0.09154967124758266
Y316M,897.0,238.0,-4.19774988685343,0.07359439387351778
Y316N,838.0,157.0,-4.699759020099016,0.0875336515952744
Y316P,609.0,5.0,-9.209159511805357,0.44871218332379637
Y316Q,1058.0,40.0,-7.008496832477956,0.16136523203674932
Y316R,584.0,3.0,-9.883733783306006,0.5779602313012491
Y316S,940.0,13.0,-8.458631245300136,0.2793341818945388
Y316T,443.0,22.0,-6.614756222490363,0.21861151609849827
Y316V,1300.0,1160.0,-2.4480334864800137,0.04160651732207747
Y316W,320.0,1097.0,-0.5062602247233929,0.0643139717558559
Y316_,1299.0,2.0,-11.619649328138578,0.7059618054279173
Y360A,589.0,223.0,-3.6848317322216504,0.0792570740956401
Y360C,796.0,846.0,-2.1957598465275887,0.050379565773006306
Y360D,866.0,46.0,-6.518012330538364,0.1516210491281971
Y360E,403.0,1182.0,-0.7312933092407672,0.05854195449005566
Y360F,641.0,1729.0,-0.8521205636073335,0.04730982579619464
Y360G,571.0,134.0,-4.374823358944975,0.0965050693180379
Y360H,405.0,75.0,-4.716450690360402,0.12609697271474377
Y360I,987.0,2252.0,-1.0935713809441525,0.03945915128664869
Y360K,910.0,52.0,-6.412669463909394,0.14291877636538375
Y360L,573.0,1800.0,-0.6322753082341679,0.04899529169331999
Y360M,500.0,644.0,-1.9185218661770325,0.06043630380913211
Y360N,557.0,13.0,-7.703658369272419,0.280640457898579
Y360P,839.0,7.0,-9.186777759453403,0.37940090822063616
Y360Q,672.0,127.0,-4.687188618900736,0.09726913584154301
Y360R,885.0,7.0,-9.263783510221504,0.37931925733691635
Y360S,700.0,21.0,-7.341875472656212,0.22164103770109886
Y360T,749.0,145.0,-4.65248059509256,0.09127424439505392
Y360V,840.0,1501.0,-1.4461928272972115,0.04423229584522007
Y360W,287.0,575.0,-1.2811619658980087,0.0729596823183136
Y360_,762.0,3.0,-10.26755064133016,0.5776140997715001
Y9A,312.0,956.0,-0.6682145674330329,0.06596101530895238
Y9C,495.0,55.0,-5.453339870096597,0.1424727696933866
Y9D,183.0,171.0,-2.3814897993148474,0.10682513483973982
Y9E,784.0,293.0,-3.70357016133996,0.06919655075427122
Y9F,553.0,1934.0,-0.47743022735601404,0.04924593252470037
Y9G,398.0,1107.0,-0.8078563374494347,0.0592929151762456
Y9H,473.0,868.0,-1.407807028650132,0.05801720922805182
Y9I,374.0,63.0,-4.853072137505777,0.1365431724606332
Y9K,551.0,92.0,-4.865863937273455,0.11306214602695094
Y9L,166.0,3.0,-8.069010859024374,0.5816781438466598
Y9M,227.0,841.0,-0.3942809040068731,0.0754582976742497
Y9N,395.0,317.0,-2.6010088341613358,0.07606491963319938
Y9P,394.0,480.0,-1.9988157921152476,0.06871035204858653
Y9Q,687.0,947.0,-1.8205994467732562,0.05110140745932338
Y9R,403.0,103.0,-4.251679247044506,0.11085548819984758
Y9S,358.0,1048.0,-0.7340673157400284,0.0620259891703472
Y9T,541.0,460.0,-2.5176380451726112,0.06420339829292288
Y9V,494.0,510.0,-2.237662718862823,0.06391253622393739
Y9W,416.0,2807.0,0.47069608230279325,0.05347761424652215
Y9_,517.0,6.0,-8.71033139217538,0.4103941587595503
