mut,counts_input,counts_selected,f_score,SE
A105C,819.0,360.0,-2.1060549620636957,0.06382596283069174
A105D,672.0,90.0,-3.820536380262932,0.11257449255321297
A105E,330.0,122.0,-2.3557212210479115,0.10630770108018617
A105F,551.0,126.0,-3.0487511488252057,0.09912514211492564
A105G,391.0,227.0,-1.7046605295097166,0.08389063257677724
A105H,808.0,598.0,-1.3544144142879277,0.054634127464290874
A105I,587.0,90.0,-3.6254387592967046,0.11352749345850471
A105K,530.0,36.0,-4.7997609512808594,0.17242936908741893
A105L,654.0,152.0,-3.0253573362591606,0.09045777898350814
A105M,655.0,407.0,-1.6066635670932765,0.06370795035089323
A105N,561.0,1094.0,0.043316657362460376,0.05264631465681446
A105P,419.0,57.0,-3.797908644634192,0.14142993602471474
A105Q,509.0,250.0,-1.9459190740431431,0.07771424934028807
A105R,1410.0,109.0,-4.6133838789220345,0.09978853516903284
A105S,692.0,348.0,-1.9118749995146764,0.06628433501929576
A105T,782.0,180.0,-3.0393208779887138,0.08312081301309568
A105V,546.0,73.0,-3.8229722647028375,0.12491312483703916
A105W,603.0,78.0,-3.870661824924623,0.12063284488854988
A105Y,1125.0,188.0,-3.5012673971101282,0.07926420128017274
A105_,470.0,53.0,-4.068565882221074,0.14514491420398895
A117C,714.0,353.0,-1.9364461033017983,0.065638313116799
A117D,922.0,100.0,-4.1248490115718,0.10563452860760042
A117E,1249.0,259.0,-3.1899161990817104,0.06882263795114472
A117F,547.0,118.0,-3.1328689666006673,0.10186778141672001
A117G,285.0,1591.0,1.5606475832690494,0.06490182570734213
A117H,794.0,225.0,-2.73937893326098,0.07601804722198097
A117I,523.0,101.0,-3.29255128004187,0.10902791307600822
A117K,794.0,85.0,-4.143663587849994,0.1144457012875819
A117L,460.0,44.0,-4.305972822760829,0.15802228006297003
A117M,351.0,54.0,-3.62042455480612,0.14642089359248775
A117N,1517.0,189.0,-3.924907000969336,0.07762076650823335
A117P,544.0,69.0,-3.898966709111253,0.1280777952309343
A117Q,937.0,111.0,-3.9975856773552954,0.10074963289315313
A117R,277.0,32.0,-4.033554352033193,0.18688307040508761
A117S,568.0,289.0,-1.8950077928025202,0.07277147016736506
A117T,1041.0,314.0,-2.6493123939543777,0.06496371387071477
A117V,442.0,341.0,-1.2944758388467053,0.07259424340993328
A117W,713.0,128.0,-3.3978766701479977,0.09638185082740473
A117Y,1815.0,7977.0,1.2156597137104024,0.027411457547043744
A117_,2123.0,275.0,-3.86876605818377,0.0646709157912481
A126C,517.0,908.0,-0.107694875097752,0.055772525681227154
A126D,404.0,50.0,-3.934313368491784,0.15015409969994192
A126E,559.0,131.0,-3.01340803022521,0.09745228821062801
A126F,397.0,155.0,-2.2770249330809555,0.09510568614538092
A126G,268.0,113.0,-2.1660472683056575,0.11249464477646744
A126H,702.0,325.0,-2.031218349361554,0.06764891822580318
A126I,441.0,812.0,-0.039524750945300724,0.059783783793714254
A126L,471.0,1161.0,0.3813399275288427,0.05531259166957479
A126M,332.0,395.0,-0.669548394676676,0.07495735820587981
A126N,347.0,93.0,-2.8197303727792464,0.11708270591741511
A126P,542.0,641.0,-0.6781834815534076,0.058992279782228214
A126Q,483.0,463.0,-0.9812205811867658,0.06561400517976354
A126R,650.0,974.0,-0.3367362048245264,0.051382759497295594
A126S,557.0,642.0,-0.7153183352840662,0.05854890811012776
A126T,485.0,1106.0,0.26906715553586125,0.05514554120352375
A126V,121.0,177.0,-0.37150628320958745,0.11827191040596148
A126W,307.0,98.0,-2.567495663385645,0.11634143714484303
A126Y,485.0,232.0,-1.9840383799803485,0.08029345429394917
A126_,558.0,59.0,-4.161470488963893,0.1371620555027353
A134C,481.0,73.0,-3.64011177815701,0.1258998781803674
A134D,447.0,39.0,-4.438602078470811,0.16717238325207093
A134E,802.0,83.0,-4.1924740513441074,0.11562298734076007
A134F,485.0,73.0,-3.652059384096189,0.12583176716123284
A134G,380.0,164.0,-2.132464478185865,0.09382838318967322
A134H,791.0,78.0,-4.26217583116489,0.11898799307321922
A134I,654.0,123.0,-3.3307479678768663,0.09865858087134075
A134K,416.0,41.0,-4.26278143518253,0.16389982148438
A134L,427.0,51.0,-3.985628726213256,0.14839451251651953
A134M,736.0,85.0,-4.034231778617368,0.11487848255048573
A134N,951.0,76.0,-4.56541024766633,0.1195104343380733
A134P,952.0,101.0,-4.156689476655448,0.10500231251482943
A134Q,540.0,72.0,-3.826927827379838,0.1257531085200388
A134R,462.0,42.0,-4.379330263373201,0.1613796088067591
A134S,2296.0,888.0,-2.290691973194087,0.04045637423825493
A134T,396.0,69.0,-3.440870399287806,0.13073220293955104
A134V,659.0,267.0,-2.223617458671355,0.07305937543497411
A134W,825.0,72.0,-4.438353310241361,0.12318333192213761
A134Y,327.0,36.0,-4.103076125363836,0.17579289214481014
A134_,819.0,55.0,-4.816326134828429,0.1395513020701505
A151C,340.0,915.0,0.5079994566818664,0.06410180026964706
A151D,545.0,353.0,-1.5467845244913718,0.06886709126195983
A151E,1236.0,540.0,-2.114843262610343,0.05230620518589968
A151F,706.0,508.0,-1.3950425977405843,0.05882127437599466
A151H,574.0,407.0,-1.4162225054748099,0.06537689666096998
A151I,588.0,517.0,-1.1058593809275994,0.060909083997263344
A151K,695.0,79.0,-4.057137445259756,0.11903999563579441
A151L,223.0,66.0,-2.676562776198198,0.1403865743798847
A151M,338.0,69.0,-3.212399466911254,0.13237904849282447
A151N,577.0,805.0,-0.4398004930823838,0.05523005893303445
A151P,652.0,271.0,-2.186758880776395,0.0727920747661307
A151Q,290.0,698.0,0.34693418194140246,0.07039792461896158
A151R,381.0,59.0,-3.611008375624513,0.14016401078508736
A151S,483.0,1343.0,0.5551342078877424,0.05375884302405013
A151T,584.0,1016.0,-0.12136125173559709,0.05264606658717591
A151V,514.0,843.0,-0.20645755809849753,0.056628434464486184
A151W,379.0,158.0,-2.1824309242422384,0.0950906556026248
A151Y,374.0,220.0,-1.6857186208655248,0.0854051511551382
A151_,294.0,28.0,-4.3120622128034505,0.19793394509462864
A162C,148.0,156.0,-0.844267021222433,0.11507046698349749
A162D,516.0,136.0,-2.843897172331829,0.09677506960415697
A162E,620.0,1311.0,0.16010442451567997,0.049504691686748634
A162F,441.0,45.0,-4.212704775590553,0.15671590195403823
A162G,497.0,521.0,-0.8521746922845237,0.06329650469809052
A162H,762.0,363.0,-1.9900115151030109,0.06435938457920912
A162I,876.0,133.0,-3.6396234997353494,0.09346035411412934
A162K,654.0,124.0,-3.3190671086581274,0.0983257902307031
A162L,958.0,100.0,-4.180107328880454,0.10544143938351501
A162M,692.0,73.0,-4.1648377767191755,0.12335674400362294
A162N,1381.0,242.0,-3.4327960752630555,0.07022275255220924
A162P,453.0,1017.0,0.24650818647083472,0.05714715993704235
A162Q,409.0,718.0,-0.10834305514059572,0.06255184136908325
A162R,906.0,104.0,-4.043015607436914,0.10389065080156001
A162S,646.0,1147.0,-0.09196130915574052,0.049948595910678906
A162T,893.0,207.0,-3.02918674524331,0.07762447678348568
A162V,483.0,83.0,-3.4609068842742285,0.11913084598834447
A162W,648.0,55.0,-4.4784611444960944,0.1407009795938694
A162Y,847.0,188.0,-3.091780479337757,0.08108363720410888
A162_,1068.0,71.0,-4.830970014165299,0.12285727902036281
A164C,967.0,1226.0,-0.5778428433890301,0.04387295409034118
A164D,840.0,631.0,-1.3329545099151652,0.05338810313371189
A164E,606.0,437.0,-1.3918861832275162,0.06335204449525283
A164F,634.0,1064.0,-0.17327666664234442,0.0509133536349526
A164G,699.0,1453.0,0.13544875619338992,0.046838956077381755
A164H,823.0,817.0,-0.9307670993818595,0.05014074082835799
A164I,1362.0,5702.0,1.145522397802603,0.03137917067320232
A164K,1168.0,925.0,-1.2567226344872315,0.04485858943823855
A164L,532.0,1171.0,0.21801725122971494,0.0529971148985617
A164M,1334.0,2381.0,-0.08440667733535667,0.035279966034696505
A164N,1162.0,958.0,-1.198720739707806,0.0444912893857547
A164P,646.0,1415.0,0.21097297030474493,0.04826737033874874
A164Q,738.0,1041.0,-0.42393921850790406,0.04889445116380687
A164R,502.0,195.0,-2.2843788722373572,0.08482335142693462
A164S,710.0,778.0,-0.7882615212338377,0.05261965401833216
A164T,854.0,884.0,-0.870401149368865,0.048756763613951405
A164V,1017.0,1445.0,-0.4134652640189831,0.04183751705283605
A164W,782.0,668.0,-1.147528232273035,0.053392941512170805
A164Y,774.0,498.0,-1.5563883697791532,0.058095020254863704
A164_,701.0,82.0,-4.015774157923108,0.11702655551418127
A169C,735.0,445.0,-1.6441369983328862,0.060685523973380416
A169D,295.0,981.0,0.8132931083372839,0.06696372004895668
A169E,1067.0,1099.0,-0.8775800594103291,0.04384261358900454
A169F,785.0,131.0,-3.503244971057521,0.094773101858565
A169G,499.0,772.0,-0.29066006770668995,0.05808919404035428
A169H,1680.0,644.0,-2.3035257009149483,0.047149465224705055
A169I,559.0,555.0,-0.9305712014433682,0.060545129456161
A169K,400.0,94.0,-3.009360810831091,0.11494420541969594
A169L,674.0,114.0,-3.483820501024401,0.10163603955348786
A169M,508.0,79.0,-3.6049606055975234,0.1212442061723532
A169N,626.0,2799.0,1.2404481570501211,0.04505279511860224
A169P,635.0,2652.0,1.1420241231998025,0.04502129977782893
A169Q,1416.0,348.0,-2.9448416624056764,0.060454585831935845
A169R,792.0,73.0,-4.359563536849942,0.12261496967745782
A169S,681.0,1991.0,0.6275417031376467,0.04522976305390506
A169T,648.0,659.0,-0.8959265953389961,0.055997145620773646
A169V,947.0,890.0,-1.0097689897822502,0.047482676196041254
A169W,840.0,127.0,-3.645675288011601,0.09559772179822133
A169Y,1152.0,188.0,-3.5354828118892145,0.07913267743022268
A169_,997.0,91.0,-4.373721871123579,0.10984475000689825
A208C,978.0,2168.0,0.22823941363459266,0.039481685839974544
A208D,874.0,73.0,-4.501694677253269,0.12213096305676276
A208E,400.0,43.0,-4.1375029063714885,0.16070286550891702
A208F,1118.0,248.0,-3.0926737704748097,0.07072205074463511
A208G,954.0,1488.0,-0.2789029477506393,0.04237112383822307
A208H,467.0,34.0,-4.699633407114718,0.17781862979096388
A208I,501.0,915.0,-0.05126276481336234,0.0562487242007854
A208K,692.0,74.0,-4.145211640275266,0.1226043230543885
A208L,1454.0,750.0,-1.87526633078734,0.04578357056877315
A208M,689.0,626.0,-1.0585500943687514,0.05589134920408606
A208N,456.0,83.0,-3.3779192881520954,0.11964423229321039
A208P,946.0,84.0,-4.413433337610388,0.11417303848680949
A208Q,798.0,96.0,-3.9753611172077905,0.10836865523845315
A208R,770.0,69.0,-4.400210719735066,0.12595397794527177
A208S,752.0,1510.0,0.08552347628653845,0.045465189100196465
A208T,764.0,1104.0,-0.3891210625877619,0.04785121615499984
A208V,983.0,1955.0,0.07168711313262666,0.04004817827692087
A208W,1250.0,158.0,-3.9040627418047222,0.08487504681422407
A208Y,431.0,44.0,-4.212028941125268,0.15848440615486004
A208_,629.0,52.0,-4.516432886045146,0.1445404378029598
A215C,645.0,383.0,-1.6721503436326604,0.06508708049323352
A215D,732.0,110.0,-3.6544395612814684,0.10262188302129617
A215E,527.0,202.0,-2.303614501305865,0.08320344817319877
A215F,868.0,345.0,-2.2512843607937896,0.06423078522279593
A215G,667.0,2157.0,0.7730416931033952,0.04514309702274738
A215H,568.0,2392.0,1.154024310836105,0.04747270201937406
A215I,1107.0,256.0,-3.0326070608653417,0.06988918531303807
A215K,758.0,150.0,-3.257369079843726,0.08978046925914608
A215L,574.0,98.0,-3.470285885973703,0.1096368415871919
A215M,670.0,722.0,-0.8123746851131814,0.0543378689708606
A215N,803.0,1257.0,-0.2737046078989067,0.045999127412315995
A215P,1094.0,196.0,-3.400837636786809,0.07804431784350863
A215Q,780.0,1807.0,0.29182908920354933,0.043709287495518875
A215R,718.0,61.0,-4.477097177207416,0.13363592509361494
A215S,921.0,2896.0,0.7325669824673104,0.03880893988832485
A215T,786.0,1234.0,-0.2694763625722514,0.04645084765920053
A215V,2670.0,7522.0,0.574062203247871,0.024135870006099652
A215W,1370.0,216.0,-3.5852272922171964,0.07371840735762655
A215Y,899.0,452.0,-1.9121933489484606,0.05830730411619625
A215_,475.0,38.0,-4.563717831180041,0.168787296691617
A220C,706.0,138.0,-3.275126687632447,0.09347368015327143
A220D,568.0,66.0,-4.0253707017252,0.13032581785381941
A220E,148.0,21.0,-3.736757460673708,0.23329755576086514
A220F,870.0,78.0,-4.399511881274436,0.11850463303406537
A220G,719.0,472.0,-1.5274052868299002,0.05987041858806061
A220H,762.0,72.0,-4.323751634376425,0.12358942300817312
A220I,492.0,105.0,-3.1483717933012754,0.10784455570150468
A220K,515.0,56.0,-4.121054987963416,0.14096358082767557
A220L,759.0,86.0,-4.061753458784597,0.11410139065342055
A220M,431.0,53.0,-3.9435957722470407,0.14580659654724137
A220N,537.0,71.0,-3.839065717725161,0.12656916252823705
A220P,604.0,337.0,-1.7619919101597619,0.06854151536406883
A220Q,863.0,350.0,-2.222192011029695,0.06395985421070077
A220R,1135.0,102.0,-4.39613339320444,0.10372596877993058
A220S,793.0,537.0,-1.4826009807417364,0.05655304997012449
A220T,1094.0,262.0,-2.982143020731355,0.06932375672011894
A220V,899.0,138.0,-3.623775232932993,0.09183274485838733
A220W,1028.0,139.0,-3.8068045989652397,0.09078296565118331
A220Y,697.0,59.0,-4.482358866974082,0.13585303285609557
A220_,211.0,21.0,-4.2483741802027275,0.22893353001350109
A243C,1517.0,3781.0,0.39733019338427367,0.031602810501608056
A243D,2414.0,230.0,-4.311874037499187,0.06954820018844726
A243E,3346.0,167.0,-5.2446462387618045,0.07975961027209008
A243F,1091.0,243.0,-3.0867876131565817,0.07146121658267536
A243G,802.0,187.0,-3.0207156836081754,0.08166542399171435
A243H,1336.0,180.0,-3.8119927230628443,0.07986745846279843
A243I,865.0,535.0,-1.613361829525628,0.05567985757933786
A243K,1032.0,95.0,-4.361444647825511,0.10756048219789129
A243L,1078.0,220.0,-3.212940432521183,0.07448456029276154
A243M,882.0,499.0,-1.7419371616210917,0.05668164119838003
A243N,840.0,244.0,-2.7036771051491124,0.07323743110202659
A243P,941.0,207.0,-3.1047204687695222,0.07725567338404603
A243Q,734.0,139.0,-3.320821923796279,0.09290410608916753
A243R,1240.0,115.0,-4.350731418473297,0.09785912223395149
A243S,880.0,1665.0,-0.00027185676715557605,0.0425677614609091
A243T,956.0,1778.0,-0.02504505174334337,0.041030565377046184
A243V,878.0,1249.0,-0.41173512452698713,0.0448847400943757
A243W,990.0,124.0,-3.9171975113420476,0.0956505265198814
A243Y,693.0,105.0,-3.6425603252873637,0.10507592398152411
A243_,1295.0,122.0,-4.328102812466084,0.0950963243902711
A252C,1152.0,2151.0,-0.019349884126524053,0.037523492703774
A252D,936.0,80.0,-4.468482588253767,0.11679841158425931
A252E,1101.0,87.0,-4.5817134195081906,0.11169715936436608
A252F,1424.0,2443.0,-0.14151038437872732,0.0344476410028132
A252G,1436.0,1082.0,-1.3285628388916453,0.041178227935132386
A252H,1129.0,91.0,-4.553100255674045,0.10930966052664297
A252I,1425.0,409.0,-2.7209748976932504,0.05676040924246364
A252K,908.0,86.0,-4.320342751569872,0.11315003803700929
A252L,1081.0,495.0,-2.047061169417554,0.05495715268013559
A252M,495.0,364.0,-1.3636904617350174,0.06958739169783716
A252N,630.0,74.0,-4.009793482721764,0.12318291521682237
A252P,567.0,64.0,-4.067215841425387,0.13214107196430133
A252Q,1181.0,108.0,-4.370995262210047,0.10089698449451785
A252R,831.0,76.0,-4.370815574207709,0.12014401864171517
A252S,1622.0,933.0,-1.7180291408371313,0.041992683684011795
A252T,794.0,351.0,-2.0978559206908853,0.06467934959650765
A252V,726.0,554.0,-1.3102882782920213,0.057074334556671234
A252W,1522.0,151.0,-4.253472719376864,0.08575646047794068
A252Y,1344.0,144.0,-4.142513847799059,0.08810829079581492
A252_,978.0,93.0,-4.314602350933946,0.10885349385799237
A273C,1106.0,3799.0,0.8600482039490842,0.035248319510266184
A273D,1110.0,109.0,-4.268251158223983,0.10074437804496765
A273E,468.0,208.0,-2.090097345100342,0.08378087048650128
A273F,1384.0,4358.0,0.7346042640265629,0.03204789011713973
A273G,952.0,1267.0,-0.5078315976324603,0.04375769060096071
A273H,1633.0,1292.0,-1.258127264984915,0.03822853041881968
A273I,790.0,1684.0,0.17174700936072185,0.04398515730119876
A273K,1359.0,3826.0,0.5730736966797214,0.032745461532306695
A273L,1375.0,5240.0,1.0099165782266954,0.03151465322050141
A273M,1217.0,3769.0,0.7106337244257346,0.03408920939261886
A273N,776.0,1549.0,0.07698843313851889,0.044825031077802495
A273P,1087.0,106.0,-4.278303821621865,0.1021180380196662
A273Q,2365.0,4291.0,-0.06073989635955357,0.02703596048115419
A273R,1276.0,1519.0,-0.6687191438155073,0.03894975006597859
A273S,843.0,1346.0,-0.24514339754363323,0.04476861265386952
A273T,786.0,2045.0,0.45927744967325346,0.042852190231168784
A273V,1106.0,2475.0,0.24185904863723406,0.03719215411479252
A273W,1233.0,1206.0,-0.9521535063906628,0.04141582487953464
A273Y,694.0,1644.0,0.32397984278930103,0.04608944383672144
A273_,684.0,81.0,-3.99805638021605,0.11781845599051764
A289C,1776.0,1348.0,-1.3180193818239974,0.037147822966692445
A289D,627.0,146.0,-3.022632147725404,0.09229725599252317
A289E,792.0,320.0,-2.2276125332496237,0.06680253937143853
A289F,1611.0,1500.0,-1.0232042064786322,0.03691148104031997
A289G,884.0,608.0,-1.4601785134349639,0.05339461876469895
A289H,1029.0,531.0,-1.8746569430808542,0.054130196373097905
A289I,861.0,213.0,-2.9353197083835276,0.07701369080836425
A289K,1164.0,219.0,-3.330245678400763,0.0741631127998781
A289L,880.0,386.0,-2.109092571231696,0.06166055289529863
A289M,1463.0,1601.0,-0.7901681874562949,0.037191324848568255
A289N,1366.0,1385.0,-0.9002825280804019,0.039104246689509445
A289P,1126.0,106.0,-4.329158248982426,0.10196190725345833
A289Q,1294.0,979.0,-1.3226641409589672,0.04323538111520383
A289R,1010.0,128.0,-3.900252031371717,0.09421807418032496
A289S,689.0,871.0,-0.5820465151972476,0.05171573057270294
A289T,683.0,431.0,-1.5843962349875849,0.062123311160134115
A289V,1175.0,844.0,-1.397551913348222,0.045945002676207415
A289W,1006.0,404.0,-2.236392613897597,0.05953384550971938
A289Y,802.0,605.0,-1.326872112736587,0.05454171877595455
A289_,762.0,59.0,-4.610989442991416,0.13540186714571106
A312C,686.0,1540.0,0.24642733130047922,0.046713143012344874
A312D,1294.0,109.0,-4.489527250853467,0.10010658558682121
A312E,1025.0,144.0,-3.75160796011985,0.08941268960268518
A312F,2210.0,875.0,-2.2568923635685847,0.04087049450652681
A312G,2347.0,9949.0,1.1635181093184226,0.024528618764635114
A312H,1213.0,287.0,-2.9996294106043564,0.06620922343532513
A312I,1160.0,1491.0,-0.5580581845549695,0.040097561601060844
A312K,1166.0,183.0,-3.5917966500920135,0.07998046300216345
A312L,1874.0,6354.0,0.8413278332825911,0.027677836091611233
A312M,1134.0,2952.0,0.4600533703243155,0.03599507296858349
A312N,1042.0,632.0,-1.6415607080457368,0.05115665873283163
A312P,1517.0,170.0,-4.077749958186075,0.08134042645356138
A312Q,1486.0,1233.0,-1.1894701998826869,0.039484592072126706
A312R,993.0,97.0,-4.275813745979085,0.10672544893792547
A312S,1441.0,2149.0,-0.343619027000321,0.03513338664099671
A312T,1127.0,4527.0,1.0858473009569307,0.03439864133200271
A312V,1012.0,2070.0,0.11220331556588636,0.03932287605329763
A312W,1279.0,926.0,-1.3861387415102788,0.04400935423014398
A312Y,887.0,224.0,-2.905598108284341,0.0752763975601644
A312_,1269.0,90.0,-4.7376852115192625,0.10942101779065126
A321C,1036.0,1421.0,-0.4643320972071363,0.04176162188887037
A321D,1180.0,182.0,-3.6169203392887095,0.08010443595466707
A321E,1140.0,161.0,-3.744035156338261,0.08463478154719396
A321F,791.0,151.0,-3.3092627201948703,0.0892264037600437
A321G,1878.0,1902.0,-0.9018907895689896,0.03366459145848765
A321H,1049.0,154.0,-3.688143372254541,0.08672618533478933
A321I,587.0,123.0,-3.174820353319234,0.09953911524084105
A321K,1249.0,127.0,-4.217981907869432,0.0935366051175141
A321L,852.0,189.0,-3.0926186737356556,0.08086709529817429
A321M,1504.0,348.0,-3.031824367867343,0.06011186606999872
A321N,909.0,166.0,-3.3732368931117893,0.0848463200017394
A321P,429.0,50.0,-4.020933642271287,0.14967302828326953
A321Q,2138.0,377.0,-3.423804780884133,0.05652646102569104
A321R,1422.0,180.0,-3.9019935271321184,0.07958356278096702
A321S,1777.0,1948.0,-0.7876615924635058,0.033928660761830855
A321T,1389.0,394.0,-2.737963710741764,0.05773223077403021
A321V,1070.0,546.0,-1.8908358765342443,0.053302022402226396
A321W,896.0,235.0,-2.8510035627792307,0.07379880521309916
A321Y,1261.0,206.0,-3.53400431778166,0.0756453238237026
A321_,1235.0,123.0,-4.2478860911562,0.0949431251553017
A328C,1119.0,293.0,-2.8534119971567513,0.0661934019807237
A328D,2419.0,213.0,-4.425634543025847,0.07199357006623414
A328E,1419.0,121.0,-4.471897453507227,0.09509765044764383
A328F,772.0,125.0,-3.5467869050991636,0.0967974517179985
A328G,1224.0,969.0,-1.2572427613782224,0.043863817464102964
A328I,30.0,4.0,-3.8239800529848686,0.5317648457046378
A328K,668.0,57.0,-4.470793669026713,0.13824916815690336
A328L,1196.0,222.0,-3.3497437615071437,0.07358995595563864
A328M,1705.0,350.0,-3.2045230301809173,0.05931808029532951
A328N,997.0,116.0,-4.023569680499382,0.09847848558104753
A328P,1261.0,97.0,-4.620513311036334,0.10571800872965739
A328Q,1042.0,108.0,-4.190343204641809,0.10145517378214555
A328R,1158.0,105.0,-4.383259961631935,0.10228157009412758
A328S,1785.0,1321.0,-1.3545016446207674,0.037313323233975175
A328T,1686.0,526.0,-2.6006618369743335,0.05068813897890072
A328V,1328.0,717.0,-1.8094117409836619,0.04714608854310936
A328W,1687.0,204.0,-3.9679676253581913,0.07462942996494848
A328Y,1099.0,189.0,-3.459880918801722,0.07921932709558234
A328_,1152.0,117.0,-4.219660379041294,0.09741351402859821
A347C,1070.0,2008.0,-0.012068701529086567,0.038828376119293635
A347D,1162.0,155.0,-3.826400165441288,0.08594673401596459
A347E,1318.0,268.0,-3.2182134555429203,0.0675647115251211
A347F,1108.0,294.0,-2.8342446472835636,0.06617273143105014
A347G,2605.0,15206.0,1.6250699533272768,0.022906456643181514
A347H,1202.0,186.0,-3.612207685684786,0.07926576489260095
A347I,881.0,531.0,-1.6506302403756496,0.05561772380506178
A347K,1306.0,120.0,-4.364150288828992,0.09577784956372405
A347L,956.0,275.0,-2.7177525055995844,0.0689732714309888
A347M,1019.0,345.0,-2.482669001580158,0.06288782035201698
A347N,1081.0,365.0,-2.486582850327024,0.061153727525882544
A347P,1719.0,180.0,-4.175639854108589,0.07881651928198345
A347Q,1660.0,251.0,-3.6455860622876917,0.06827428236459727
A347R,1310.0,125.0,-4.309673289514542,0.0940094654904189
A347S,1729.0,696.0,-2.232977149483682,0.04571863098897678
A347T,609.0,199.0,-2.5338358671666743,0.08210937147158641
A347V,461.0,163.0,-2.4200484504202864,0.09153583949831322
A347W,1514.0,178.0,-4.008555415852108,0.0797071273294011
A347Y,1368.0,189.0,-3.7757551814325367,0.0780818850060765
A347_,986.0,79.0,-4.561705987695458,0.1172428285215987
A349C,1718.0,2131.0,-0.6094119466774033,0.033561830143794845
A349D,907.0,3662.0,1.093234492916765,0.03808758790728212
A349E,946.0,3206.0,0.8406407105556517,0.03800068504092484
A349F,1575.0,1625.0,-0.875123268156385,0.03640554945642142
A349G,1474.0,4498.0,0.6893296806663778,0.031237935036922276
A349H,939.0,3562.0,1.0032682637567745,0.0376929483134877
A349I,888.0,648.0,-1.374770722140707,0.052386697793486425
A349K,699.0,2260.0,0.7727332804114679,0.04413770741167204
A349L,1124.0,1141.0,-0.8985543110088718,0.0429086810255043
A349M,1015.0,1157.0,-0.7313034832603247,0.04386998213341751
A349N,819.0,2854.0,0.8808265417610106,0.04057631215510863
A349P,457.0,1922.0,1.1521073275984586,0.05275880194094997
A349Q,1742.0,5279.0,0.6793036173145479,0.028957651389965255
A349R,1473.0,4769.0,0.7747117074355057,0.031042482858623842
A349S,839.0,2227.0,0.48813724938226066,0.041424389744506754
A349T,785.0,1243.0,-0.2571559102213632,0.046405112636755085
A349V,1350.0,1281.0,-0.9958992318159892,0.03995542371026806
A349W,1145.0,1717.0,-0.33567263233256384,0.039125812544184006
A349Y,1163.0,2085.0,-0.07802007448974013,0.03761008429033387
A349_,1360.0,120.0,-4.422601604805793,0.09561900573087459
A357C,1531.0,2561.0,-0.1779816956174427,0.033446990058744026
A357D,1362.0,407.0,-2.6628120254059002,0.05715083279273395
A357E,984.0,198.0,-3.2333105610156183,0.07836814672638334
A357F,1964.0,1270.0,-1.5491732944169798,0.03703544722164673
A357G,1342.0,678.0,-1.9052278406699146,0.04790743188012416
A357H,1732.0,250.0,-3.7126004288826238,0.0682075544021847
A357I,1699.0,8941.0,1.4755325914644457,0.02784760027359942
A357K,764.0,81.0,-4.157630484806681,0.11716699634820442
A357L,2363.0,1505.0,-1.5710635375271877,0.03409843221592035
A357M,354.0,518.0,-0.3710210407727468,0.06950043325753312
A357N,979.0,163.0,-3.5065740013706534,0.085035872401002
A357P,1360.0,164.0,-3.9719724488459582,0.08311163881182547
A357Q,2051.0,409.0,-3.2463373801818,0.054841218615455004
A357R,1408.0,179.0,-3.8957563683547223,0.07982210798841069
A357S,1160.0,2899.0,0.401212191750302,0.03580605362863662
A357T,1010.0,5133.0,1.4252246183159647,0.03549610220724477
A357V,770.0,1870.0,0.35988602209978104,0.043686468504472026
A357W,1446.0,820.0,-1.7385749966621176,0.04456592949737009
A357Y,1348.0,314.0,-3.0221596656071648,0.06325751191374206
A357_,1232.0,93.0,-4.647695195408489,0.10788086213865787
A362C,1705.0,579.0,-2.4783309064958505,0.048873912377487005
A362D,1627.0,185.0,-4.056758836772168,0.07806922702660345
A362E,1492.0,135.0,-4.3863299062098005,0.09028932464559329
A362F,590.0,97.0,-3.5247449063732024,0.10990072235573577
A362G,1051.0,483.0,-2.0418623086288124,0.05564964368616568
A362H,1488.0,174.0,-4.016352975473797,0.0805847457934769
A362I,1176.0,114.0,-4.286878927629578,0.0984711121545338
A362K,1523.0,124.0,-4.538607922946275,0.09378447058707176
A362L,1299.0,247.0,-3.314982058335566,0.0699521458279463
A362M,943.0,166.0,-3.426213797359398,0.08461225827775379
A362N,722.0,78.0,-4.130498716606595,0.11949459545488439
A362P,1323.0,493.0,-2.3443460271311682,0.053472190972797984
A362Q,1641.0,215.0,-3.8523192407647797,0.07304378053510892
A362R,1827.0,193.0,-4.162947904601979,0.0761806253502688
A362S,1096.0,308.0,-2.7514227413352987,0.06507007660596378
A362T,1704.0,615.0,-2.3904629040708536,0.04783207539434625
A362V,1212.0,134.0,-4.097199912440088,0.09144545910871547
A362W,809.0,84.0,-4.1877354392612585,0.11495429571373295
A362Y,677.0,56.0,-4.515631686205252,0.13930579423135858
A362_,878.0,83.0,-4.323091197333287,0.1151553174959532
A368C,1784.0,2541.0,-0.4099325248861332,0.03208030350523452
A368D,910.0,146.0,-3.560026094407175,0.0895700931770525
A368E,963.0,272.0,-2.744101964329875,0.06920847378772169
A368F,2062.0,831.0,-2.23132446215679,0.0419926809476587
A368G,714.0,613.0,-1.1402445470506732,0.05573959065528791
A368H,1323.0,421.0,-2.572108435853213,0.05662295716174397
A368I,1011.0,1513.0,-0.33858662014190255,0.04153445152452419
A368K,407.0,195.0,-1.981727010511177,0.08752114513522766
A368L,2167.0,2665.0,-0.6217757403618518,0.030195447499535198
A368M,1715.0,1785.0,-0.8624957078741495,0.03490522209243156
A368N,1155.0,727.0,-1.58806910467539,0.0481285452419148
A368P,1366.0,699.0,-1.8867939209082043,0.047304549039552043
A368Q,1790.0,8245.0,1.2833427203860661,0.027477412115021884
A368R,987.0,69.0,-4.758398239328616,0.12481538802747905
A368S,1518.0,1110.0,-1.3718194967140196,0.0404316283685394
A368T,1384.0,1695.0,-0.6277714580639153,0.03725012418620399
A368V,1000.0,1659.0,-0.18990272027956756,0.04096127098293731
A368W,1125.0,727.0,-1.5501015875632111,0.048367804220092715
A368Y,937.0,194.0,-3.1921443043830324,0.07935152521734912
A368_,1280.0,118.0,-4.359384935266714,0.09659279809199461
A381C,1683.0,2154.0,-0.5642296770318049,0.03366735112109834
A381D,613.0,1003.0,-0.2098573999933393,0.05199384954641317
A381E,1146.0,2070.0,-0.06719277159432835,0.03782524008596903
A381F,711.0,5725.0,2.0891255814730907,0.040696299127554146
A381G,1160.0,1623.0,-0.4356762292447396,0.03941151204802785
A381H,666.0,908.0,-0.4730465289225103,0.05174799525402795
A381I,679.0,1084.0,-0.2453375369920927,0.04970210935544264
A381K,386.0,764.0,0.06474242321046653,0.06304408339920034
A381L,1190.0,1943.0,-0.21289124681709115,0.037816148167887274
A381M,1120.0,1605.0,-0.4011402031988718,0.03988690070260607
A381N,1364.0,2361.0,-0.12866094502893954,0.03509624771539652
A381P,2094.0,5933.0,0.5822850066860585,0.02685456661581702
A381Q,868.0,1743.0,0.08558640208107615,0.04243639043261794
A381R,1373.0,2092.0,-0.3126632610834399,0.03579668422129475
A381S,1029.0,1630.0,-0.2565870630462008,0.04074760878872298
A381T,1737.0,2908.0,-0.17678470516322786,0.031538013503554646
A381V,1103.0,1688.0,-0.3063332956576046,0.039674806179027224
A381W,852.0,729.0,-1.1451426347617177,0.05119067336433556
A381Y,822.0,940.0,-0.7266907161480392,0.04853262079919315
A381_,1839.0,1949.0,-0.8363987077585882,0.033643995488225005
A45C,354.0,645.0,-0.0546794619438824,0.06670988772584878
A45D,759.0,89.0,-4.012290436544854,0.11237110406354527
A45E,533.0,73.0,-3.7882074909932895,0.12509179779957966
A45F,548.0,173.0,-2.583557667110113,0.08763483060055642
A45G,977.0,250.0,-2.8865984030065084,0.0714033443380556
A45H,372.0,92.0,-2.935689706339579,0.11675423012754794
A45I,1013.0,114.0,-4.071627015568161,0.09916342122943056
A45K,1042.0,89.0,-4.4694687610687245,0.11076751788545379
A45L,362.0,43.0,-3.993496389658498,0.16151726877427736
A45M,533.0,1063.0,0.0757097875908137,0.05377665785471732
A45N,727.0,81.0,-4.086014171733184,0.11745091970664172
A45P,1531.0,160.0,-4.178460606021126,0.08353346393148718
A45Q,2031.0,192.0,-4.323154864361934,0.07599667457476535
A45R,800.0,81.0,-4.224056996801597,0.11691537972771938
A45S,905.0,1430.0,-0.26019127869867553,0.043351154245306965
A45T,535.0,206.0,-2.2970623639171635,0.08245194864406181
A45V,1065.0,96.0,-4.391749363695407,0.10690933836187033
A45W,1218.0,136.0,-4.082952220617855,0.0908211345426974
A45Y,948.0,97.0,-4.208907776993014,0.10694916287949065
A45_,634.0,54.0,-4.47341801806647,0.1420120367629915
A46C,933.0,3113.0,0.8181348863022926,0.038315779745380224
A46D,365.0,475.0,-0.5401889795331902,0.07014225834016856
A46E,580.0,724.0,-0.6002790260217594,0.056394779868708965
A46F,408.0,1268.0,0.7156788302634469,0.057572773367802976
A46G,746.0,1103.0,-0.3560318797731927,0.04818860133188205
A46H,848.0,2373.0,0.5643541215886518,0.040935360036291765
A46I,620.0,1324.0,0.1743397530513553,0.049428990635799114
A46K,950.0,143.0,-3.6520375442273654,0.09011218066143795
A46L,403.0,420.0,-0.8606028356705817,0.07026585443017878
A46M,642.0,1026.0,-0.24383375778045924,0.051061963396722816
A46N,335.0,744.0,0.2309069759726068,0.06636354479675001
A46P,604.0,171.0,-2.740702620098201,0.0870533145741529
A46Q,909.0,2523.0,0.5525669779570603,0.03964235719804231
A46R,1497.0,156.0,-4.182584322759554,0.08457488002700253
A46S,1038.0,1405.0,-0.4834508195647338,0.04183523827165774
A46T,116.0,457.0,1.0577656876612194,0.10432233261593277
A46V,988.0,836.0,-1.1612163204334225,0.04778451678619372
A46W,1167.0,6174.0,1.48318002041864,0.0330745608123982
A46Y,720.0,1459.0,0.0986900466665066,0.04636089364945747
A46_,349.0,31.0,-4.412673818587819,0.18758458374213524
A48C,444.0,74.0,-3.505010923710694,0.12585291310044938
A48D,309.0,36.0,-4.021394897734746,0.1762988136529686
A48E,536.0,70.0,-3.856837880483904,0.12737494728210547
A48F,414.0,43.0,-4.187132454456344,0.16043962750955001
A48G,528.0,1198.0,0.2617919165571587,0.05294986021660209
A48H,3742.0,5380.0,-0.39641543545799696,0.02298207817364605
A48I,1135.0,86.0,-4.642267668746351,0.11217250624374983
A48K,662.0,74.0,-4.081271764214013,0.12287109265001903
A48L,335.0,25.0,-4.663838073661243,0.2074706208583649
A48M,715.0,86.0,-3.9755979847322163,0.1144561203643064
A48N,398.0,117.0,-2.6863837229662737,0.1055170336055793
A48P,1311.0,98.0,-4.661816800175622,0.10507558133749711
A48Q,495.0,72.0,-3.7013993740284876,0.12642067849993144
A48R,513.0,43.0,-4.496453787714882,0.15898035483150194
A48S,1070.0,736.0,-1.4600378824395834,0.04866533156084353
A48T,694.0,74.0,-4.149375205136418,0.12258733881119187
A48V,462.0,48.0,-4.1867281132011245,0.15188323104775572
A48W,554.0,75.0,-3.80496804607054,0.12333549351935527
A48Y,1090.0,244.0,-3.079540067982153,0.07134901591509599
A48_,869.0,90.0,-4.191426457470712,0.11106609754374712
A62C,1084.0,852.0,-1.2676466729619733,0.04659680738479207
A62D,846.0,68.0,-4.557066795306318,0.1263360825945384
A62E,555.0,47.0,-4.481685055931015,0.1521476444410903
A62F,456.0,64.0,-3.752907124217532,0.13375559778838694
A62G,1202.0,4082.0,0.8436199423558133,0.03394088662732885
A62H,566.0,60.0,-4.157763583013097,0.13603569086252396
A62I,455.0,63.0,-3.772456413622306,0.13469713152536367
A62K,506.0,49.0,-4.288228720378746,0.14985096366616632
A62L,59.0,4.0,-4.7994961923862665,0.5161374870071553
A62M,70.0,13.0,-3.348150920414975,0.3020309440555006
A62N,1063.0,293.0,-2.7793442369076367,0.06654806026758499
A62P,855.0,59.0,-4.777120805917333,0.13487373300454877
A62Q,761.0,71.0,-4.342032175424341,0.12438502066880908
A62R,545.0,57.0,-4.177206670373239,0.13946568623401492
A62S,605.0,1916.0,0.7428633214347204,0.04743258147151422
A62T,63.0,37.0,-1.687876549856142,0.2072806979543765
A62V,859.0,271.0,-2.5845397155840164,0.07020753622298039
A62W,345.0,27.0,-4.595283509414315,0.19999214485764574
A62Y,436.0,167.0,-2.3046376107625024,0.09141256689432481
A62_,544.0,40.0,-4.685411513406642,0.16403359309864696
A86C,786.0,605.0,-1.2977995547181793,0.05477390150123757
A86D,580.0,62.0,-4.145715855322555,0.13388654161227692
A86E,569.0,80.0,-3.7504126523495573,0.11971191524753022
A86F,675.0,1017.0,-0.3288577913015365,0.050396434732720666
A86G,521.0,1585.0,0.6848980984370039,0.05123793908732441
A86H,487.0,86.0,-3.4215859615608926,0.11728157390664867
A86I,640.0,493.0,-1.2966884129905507,0.06054666471576901
A86K,401.0,78.0,-3.2821181113708002,0.12404692408009545
A86L,598.0,181.0,-2.644311083383248,0.0852750613759547
A86M,279.0,107.0,-2.3027820848304463,0.11403547063433185
A86N,581.0,173.0,-2.667918442268732,0.08704148486340234
A86P,591.0,162.0,-2.787310551510557,0.08910411795690786
A86Q,284.0,170.0,-1.6605329955170527,0.09735541238911455
A86R,837.0,154.0,-3.3624317056391826,0.08810720923964972
A86S,257.0,489.0,0.007828597679568006,0.07753008281932092
A86T,650.0,427.0,-1.5264029329009317,0.06289173236095541
A86V,277.0,514.0,-0.0283525068862982,0.07503687107087462
A86W,279.0,352.0,-0.5849112925339934,0.08062255213607133
A86Y,1056.0,998.0,-1.001708195893154,0.04498912420384542
A86_,673.0,50.0,-4.670550307135947,0.14682278236631657
C72A,750.0,1740.0,0.2939029850326911,0.04453191547236292
C72D,607.0,1553.0,0.435064054557456,0.04864562440460652
C72E,496.0,791.0,-0.2468841492958722,0.05792548234746274
C72F,190.0,241.0,-0.5771932156394719,0.0974020170595049
C72G,918.0,1784.0,0.0383310519512845,0.041532087911135704
C72H,1540.0,8192.0,1.491066881558306,0.029094384258789744
C72I,880.0,846.0,-0.9770560773828052,0.04892276001464809
C72K,67.0,91.0,-0.47856220844464836,0.1612017863930216
C72L,845.0,567.0,-1.495805111149279,0.05497382897735181
C72M,925.0,987.0,-0.8266151365106298,0.046575712059188284
C72N,824.0,1892.0,0.27897508720386277,0.042628424048909756
C72P,551.0,852.0,-0.2914190142212938,0.05534989465947596
C72Q,572.0,1253.0,0.21107477886212322,0.05119927745258093
C72R,724.0,1634.0,0.2541244078275078,0.04547806449367882
C72S,420.0,1097.0,0.4648702186392031,0.058030431763530024
C72T,278.0,662.0,0.33150535648234314,0.07199035152818091
C72V,674.0,1129.0,-0.17599451259791632,0.04944143868130258
C72W,460.0,2584.0,1.5696636484876136,0.05134128739119325
C72Y,887.0,923.0,-0.862814966873044,0.04781068380202719
C72_,1618.0,141.0,-4.440562017209068,0.08823154410578354
D118A,818.0,663.0,-1.2232987254794523,0.052969976577522095
D118C,646.0,866.0,-0.49738368917651865,0.05270437676352316
D118E,540.0,1370.0,0.42291751921040266,0.05154421245331104
D118F,461.0,431.0,-1.0172875789311036,0.06755996393123521
D118G,845.0,2053.0,0.3604894591203722,0.041780069825635584
D118H,761.0,685.0,-1.0720012381697561,0.05337548577507529
D118I,562.0,643.0,-0.7259655024739562,0.05839161015079596
D118K,420.0,529.0,-0.587339559006395,0.06592636594256866
D118L,864.0,891.0,-0.8758172624730145,0.04852610091693347
D118M,402.0,480.0,-0.6643778030682856,0.0681605226028342
D118N,1539.0,1184.0,-1.2985322158742125,0.039615936413635915
D118P,679.0,106.0,-3.5994433358300375,0.10478965269103273
D118Q,478.0,663.0,-0.44822104535648055,0.060624631291273635
D118R,705.0,497.0,-1.4245797174024784,0.05920741631794707
D118S,366.0,382.0,-0.858483537057035,0.07365436108612491
D118T,452.0,440.0,-0.9590292542597707,0.06752838406958153
D118V,530.0,394.0,-1.3479982100793064,0.06708077297047094
D118W,653.0,343.0,-1.8490653239182304,0.06724435749460278
D118Y,342.0,286.0,-1.1781837943971345,0.0805936657486187
D118_,591.0,58.0,-4.269019892684935,0.1378604095374712
D179A,228.0,408.0,-0.08070346300619491,0.08313699220870278
D179C,340.0,721.0,0.16423121517972117,0.0663558579378112
D179E,566.0,879.0,-0.2851588397969813,0.05458446044392177
D179F,490.0,1825.0,0.9768103965118149,0.051611854066855485
D179G,528.0,759.0,-0.3966572355808715,0.05732779275238822
D179H,596.0,1345.0,0.25399758136806927,0.04996378381055709
D179I,453.0,1550.0,0.8544518447326483,0.054108044837584496
D179K,857.0,1049.0,-0.6285663885410075,0.04685289624066542
D179L,882.0,2685.0,0.6858496676357313,0.039765294970169056
D179M,387.0,1127.0,0.6218466908677573,0.059550673654162944
D179N,910.0,2167.0,0.33154063101445885,0.04044033826914566
D179P,971.0,949.0,-0.9532737398046018,0.0464612934231798
D179Q,1144.0,1922.0,-0.1716946965634918,0.038333712166614235
D179R,681.0,1099.0,-0.22975425041431574,0.049531642873219026
D179S,1122.0,1747.0,-0.2814085436159859,0.039226659578748956
D179T,872.0,1678.0,0.02412385292858943,0.0426355068449064
D179V,763.0,1759.0,0.28477893849565916,0.044205961272476044
D179W,793.0,2237.0,0.5759498659784965,0.04222688735253671
D179Y,793.0,1589.0,0.08250636427745128,0.04433291559514569
D179_,401.0,42.0,-4.17504439856848,0.16239650926888888
D239A,965.0,1255.0,-0.5411278137568081,0.0436821667349841
D239C,1452.0,378.0,-2.86176595946759,0.0583883528680956
D239E,868.0,1149.0,-0.5156030904167634,0.04579783296004251
D239F,1299.0,256.0,-3.263351343269647,0.06892736054470265
D239G,773.0,375.0,-1.963768886491546,0.06352406222822292
D239H,1347.0,543.0,-2.2309207651657768,0.05156586367172091
D239I,1128.0,294.0,-2.860053602771522,0.06605171018386598
D239K,2172.0,292.0,-3.8151519404744985,0.06292860948235948
D239L,743.0,199.0,-2.8207515774497347,0.08028584325487284
D239M,2370.0,623.0,-2.8477767968732057,0.04584884316328075
D239N,1179.0,359.0,-2.635690895613778,0.06089887977095965
D239P,1287.0,511.0,-2.25281071032929,0.052999718919951436
D239Q,1361.0,689.0,-1.9022917160415607,0.047551790745774085
D239R,1195.0,188.0,-3.588352262686251,0.07893507267318671
D239S,742.0,1030.0,-0.4470630669101201,0.04892465320843058
D239T,1672.0,450.0,-2.813765385704818,0.05380819628133709
D239V,1374.0,413.0,-2.6543547615054384,0.056781266454639406
D239W,446.0,53.0,-3.992950487323564,0.14553877149482458
D239Y,665.0,121.0,-3.378460637386124,0.09920979406244064
D239_,1518.0,144.0,-4.318151270026194,0.0876229765108872
D260A,1066.0,3065.0,0.603459933307184,0.03659791404765095
D260C,1319.0,3897.0,0.642701255384408,0.03301239090673439
D260E,998.0,3048.0,0.6905305837685343,0.037485243499332986
D260F,722.0,1474.0,0.10944471216480345,0.046244031141088326
D260G,805.0,1914.0,0.32930888164828787,0.042892312861878
D260H,978.0,2252.0,0.2830812361481376,0.03926319897239577
D260I,872.0,2695.0,0.707663165666828,0.03991113348307411
D260K,962.0,302.0,-2.591666446470394,0.06652597590825525
D260L,587.0,1352.0,0.28343796089352846,0.05018221388410264
D260M,1327.0,3962.0,0.6578424031902874,0.03287913570653267
D260N,890.0,1066.0,-0.6598833552405488,0.04622474428429834
D260P,1037.0,3147.0,0.6813410808547533,0.036839372869959745
D260Q,1098.0,1548.0,-0.42468727823624963,0.040395492024895285
D260R,1481.0,492.0,-2.5100327143437458,0.05275187675226519
D260S,1310.0,2793.0,0.17203203850295878,0.03458982828396394
D260T,544.0,1544.0,0.5847661441401009,0.05060565484023568
D260V,607.0,2287.0,0.993459609110543,0.04647298192961548
D260W,2058.0,2866.0,-0.4424172248172815,0.030164383349853108
D260Y,1075.0,2172.0,0.0944697893565456,0.03828437724198357
D260_,916.0,93.0,-4.220116482530927,0.10917092026341307
D290A,764.0,1096.0,-0.3996133410202143,0.047920250677301574
D290C,822.0,1170.0,-0.410917865306069,0.04632807314415073
D290E,320.0,478.0,-0.3412870646748001,0.07274596476283533
D290F,965.0,514.0,-1.8289583412094075,0.05528845026397927
D290G,1008.0,1497.0,-0.3496369684535754,0.041654753139592306
D290H,1160.0,2268.0,0.04707888318840947,0.03712200555681028
D290I,875.0,458.0,-1.854131282765513,0.058320400571596806
D290K,1269.0,2093.0,-0.19833510920092134,0.03661779973859761
D290L,551.0,247.0,-2.0777199282796905,0.07706059165835892
D290M,2438.0,5343.0,0.21173779799480297,0.02593063072611271
D290N,1033.0,1876.0,-0.059397577942102764,0.039700851855410224
D290P,1549.0,694.0,-2.0785289777783236,0.046492382725253883
D290Q,1351.0,2822.0,0.14247387105488052,0.03419957493217638
D290R,869.0,1223.0,-0.42721935950360823,0.04520460314750902
D290S,936.0,1484.0,-0.2553059104983806,0.04262958080945365
D290T,1488.0,2029.0,-0.47281912233423373,0.035213013033512104
D290V,1402.0,4884.0,0.880358638825804,0.031513141051460185
D290W,1097.0,831.0,-1.3208498098442911,0.04679733188241281
D290Y,1334.0,1131.0,-1.1583686719332031,0.041338258884170365
D290_,634.0,37.0,-5.018729430718238,0.16932824095879243
D307A,632.0,67.0,-4.157709949282997,0.12876515772360747
D307C,668.0,66.0,-4.259324072427073,0.12931074971696604
D307E,574.0,69.0,-3.9764094084919313,0.1277021928379397
D307F,1167.0,119.0,-4.2138730908295425,0.096615798524904
D307G,971.0,89.0,-4.367657696584891,0.11108381899052508
D307H,1218.0,127.0,-4.181722858151327,0.0936454682109441
D307I,1204.0,166.0,-3.7787161969993006,0.08324276542051888
D307K,1395.0,134.0,-4.30007377417123,0.09085173102589253
D307L,1252.0,118.0,-4.327475939378301,0.09668319611969353
D307M,799.0,88.0,-4.102685072973455,0.1126452865359693
D307N,1615.0,170.0,-4.168062460435402,0.08109417212291321
D307P,1267.0,129.0,-4.216083983724973,0.09282059824210517
D307Q,816.0,100.0,-3.948653445725129,0.10629930327657111
D307R,1083.0,117.0,-4.130553703089559,0.09769696619276619
D307S,808.0,79.0,-4.274476857374148,0.11819179661935496
D307T,1214.0,115.0,-4.32015996862946,0.09794732839101428
D307V,1367.0,163.0,-3.988202296725649,0.08331376304630522
D307W,1546.0,145.0,-4.3345362287342475,0.08728097775750122
D307Y,796.0,78.0,-4.27126645267139,0.1189546199170883
D307_,909.0,92.0,-4.224644468967429,0.1097431017382249
D323A,976.0,1350.0,-0.4522086165115988,0.04289966805348324
D323C,1242.0,2269.0,-0.05082469797322453,0.03634465488225223
D323E,191.0,323.0,-0.16228021618810384,0.0916857348606212
D323F,1638.0,715.0,-2.1161197160399854,0.045652440466242686
D323G,835.0,975.0,-0.6965873354510697,0.04794045841944504
D323H,1770.0,3556.0,0.0862909942884591,0.030352087505180474
D323I,910.0,655.0,-1.3945763424969435,0.051967777239694236
D323K,1846.0,30792.0,3.139862895624424,0.02548041269578705
D323L,1043.0,2256.0,0.1928095968472716,0.03843293670959748
D323M,1192.0,1010.0,-1.15923763772145,0.04363570719853352
D323N,1552.0,2814.0,-0.061721273638677854,0.03278348835283017
D323P,991.0,1695.0,-0.14588861145292942,0.04091583034965254
D323Q,1592.0,11870.0,1.97818897143013,0.028061526764778254
D323R,1000.0,901.0,-1.0706102795035628,0.046743151310866725
D323S,984.0,1396.0,-0.41564648197687415,0.04251639308423358
D323T,1079.0,1350.0,-0.5969490174066756,0.04174418909278228
D323V,1522.0,8310.0,1.5286614994954215,0.02919639197328459
D323W,1367.0,866.0,-1.5787790832134303,0.044286693490294106
D323Y,781.0,478.0,-1.6285110967032495,0.05871512904956517
D323_,1269.0,92.0,-4.7059798361796075,0.10831189373882956
D32A,551.0,795.0,-0.3913163702231284,0.05610491518264783
D32C,453.0,3196.0,1.8984462438766303,0.05094520117748543
D32E,395.0,174.0,-2.102929835394386,0.09139717850778675
D32F,544.0,345.0,-1.577205868670462,0.0693666693293892
D32G,938.0,1418.0,-0.3240183774613703,0.04296937233729628
D32H,731.0,818.0,-0.7579835378765827,0.05162863434468665
D32I,632.0,154.0,-2.957134232141599,0.0902795929824134
D32K,1006.0,591.0,-1.687601075426116,0.05254627723233075
D32L,768.0,154.0,-3.238311942382449,0.08871424825278841
D32M,292.0,81.0,-2.7700567388500046,0.1258720060106782
D32N,714.0,520.0,-1.3776157886449116,0.05829791719528842
D32P,325.0,60.0,-3.3574201489442466,0.14076854888841014
D32Q,532.0,337.0,-1.578872838927083,0.07015697767183592
D32R,896.0,398.0,-2.0909210306090165,0.06085741744099745
D32S,392.0,374.0,-0.988024488826551,0.0727993628634813
D32T,509.0,195.0,-2.3043567691390283,0.0846617192179393
D32V,601.0,248.0,-2.1972015788609527,0.07596728180588627
D32W,1231.0,268.0,-3.1196946206201375,0.06796036892497924
D32Y,983.0,476.0,-1.9664250868485649,0.056507932629450745
D32_,724.0,70.0,-4.29058758799763,0.12545890463534462
D352A,1151.0,179.0,-3.604999155692849,0.0808093365744904
D352C,1929.0,319.0,-3.516397944244284,0.061058702912195485
D352E,1203.0,2077.0,-0.13235134856509134,0.03725286856173291
D352F,1470.0,118.0,-4.559055823310695,0.09606868494927147
D352G,1110.0,403.0,-2.3818960073048343,0.05879870228664125
D352H,1067.0,167.0,-3.595778178830983,0.08366558639987916
D352I,1373.0,232.0,-3.485294114643218,0.07150910752324677
D352K,1510.0,291.0,-3.295628345088465,0.06460357497562862
D352L,924.0,93.0,-4.232661599488355,0.10912762281897861
D352M,1199.0,214.0,-3.4063044512091123,0.07471122303152439
D352N,1021.0,565.0,-1.7738595653638924,0.05314479386460969
D352P,941.0,151.0,-3.5597768411185493,0.08808991185207618
D352Q,1362.0,448.0,-2.5243453315767823,0.055148604992925565
D352R,1957.0,335.0,-3.466585938196098,0.059758143497194056
D352S,1817.0,408.0,-3.0751008183267428,0.05546477822258936
D352T,1284.0,3708.0,0.6097778205208733,0.03351959380053676
D352V,1115.0,159.0,-3.730078121591803,0.08521051689269604
D352W,1230.0,164.0,-3.8270252341023827,0.08357785182204529
D352Y,1220.0,106.0,-4.444831582163092,0.10162580559748441
D352_,1603.0,117.0,-4.696290564354424,0.09615181288732154
D39A,680.0,145.0,-3.1496144451328405,0.09187877524809114
D39C,360.0,31.0,-4.457442425638939,0.18735108556670596
D39E,580.0,100.0,-3.4561443876286155,0.1086194039024111
D39F,515.0,60.0,-4.021536486389254,0.1366772322685097
D39G,730.0,240.0,-2.5250325857697,0.07490930456620287
D39H,1048.0,230.0,-3.1080948680351748,0.07332730069199685
D39I,1237.0,127.0,-4.204054043289984,0.09357811334321836
D39K,707.0,94.0,-3.8310553646667174,0.11012102437430081
D39L,1025.0,96.0,-4.336520371611215,0.10708057035419238
D39M,808.0,121.0,-3.6594577502763697,0.0978593628501582
D39N,653.0,168.0,-2.8787688556299473,0.08693942362942816
D39P,321.0,36.0,-4.0763596116189476,0.17595538702189403
D39Q,793.0,121.0,-3.6324236609633633,0.09797889873870808
D39R,1355.0,187.0,-3.777327051947002,0.0784880638267197
D39S,1101.0,323.0,-2.6893877133598902,0.06386863821699677
D39T,419.0,75.0,-3.402040703980677,0.1256710001457157
D39V,591.0,76.0,-3.879132277645282,0.12216075069079209
D39W,1525.0,154.0,-4.227933644293857,0.08499344015122699
D39Y,654.0,76.0,-4.0252624314773024,0.12149180577263387
D39_,539.0,48.0,-4.409116073603606,0.1508619027719661
D63A,1386.0,102.0,-4.684366051267427,0.10295398296845416
D63C,1168.0,105.0,-4.395664875858338,0.1022454215759838
D63E,778.0,134.0,-3.4576589140968883,0.09392830677517901
D63F,801.0,121.0,-3.646904855968745,0.09791460727015909
D63G,1299.0,112.0,-4.455923969079391,0.09885675454644145
D63H,658.0,69.0,-4.1734430470004185,0.12682844267046958
D63I,2498.0,122.0,-5.275918826429816,0.09312053885626673
D63K,958.0,105.0,-4.109724870294866,0.10315909858070721
D63L,1051.0,91.0,-4.449818387212885,0.10960992596534558
D63M,1100.0,77.0,-4.756537908081519,0.1181925370941876
D63N,571.0,58.0,-4.219353362884723,0.13807518453702425
D63P,765.0,62.0,-4.54511668768508,0.13232033205493038
D63Q,660.0,53.0,-4.558362313439441,0.14301944053821117
D63R,1200.0,93.0,-4.609727657478554,0.10798113298796336
D63S,881.0,67.0,-4.636920958313918,0.12701682287888366
D63T,744.0,68.0,-4.371714091194377,0.1269758031923423
D63V,263.0,24.0,-4.373621220960009,0.21336943592350635
D63W,748.0,53.0,-4.73893198746902,0.142394916820062
D63Y,607.0,49.0,-4.550783107894723,0.1487497398336317
D63_,1718.0,155.0,-4.390516115110664,0.08431092506295335
E152A,669.0,902.0,-0.48909522370157976,0.05175372185913167
E152C,373.0,234.0,-1.5928550018292205,0.0838408106214018
E152D,733.0,2265.0,0.7074017585324244,0.04336823286851845
E152F,1051.0,639.0,-1.638076858460411,0.05090631659058118
E152G,484.0,939.0,0.03589279117945665,0.05662235423473487
E152H,510.0,805.0,-0.2617297059928916,0.05725410954992885
E152I,587.0,236.0,-2.2347479669579746,0.0775610964833229
E152K,472.0,619.0,-0.5290655845598806,0.06171830010900973
E152L,582.0,217.0,-2.343493292556329,0.08000832901829223
E152M,477.0,156.0,-2.532591880359438,0.09263532928098855
E152N,335.0,780.0,0.2990775836538271,0.06589451394176522
E152P,396.0,404.0,-0.8913567345709401,0.07124213370414813
E152Q,464.0,655.0,-0.4228498410643988,0.06129344838683587
E152R,1091.0,1146.0,-0.8492555680431373,0.0431768597367799
E152S,499.0,815.0,-0.21246184182384997,0.05749794140250332
E152T,774.0,1349.0,-0.11873394387586256,0.04591648854478239
E152V,412.0,238.0,-1.7118680399964923,0.0818761033072576
E152W,1033.0,359.0,-2.4449691609543054,0.06187527107391663
E152Y,395.0,323.0,-1.210521222885066,0.07551508102745602
E152_,936.0,95.0,-4.220583545776503,0.10802147530085598
E192A,416.0,431.0,-0.8691077418314332,0.06927471943682874
E192C,906.0,418.0,-2.0362003936827113,0.05975863487199051
E192D,1434.0,1535.0,-0.8220179062515114,0.0377342465127937
E192F,812.0,189.0,-3.0232458048248834,0.08122378890900023
E192G,405.0,424.0,-0.8540701152850971,0.07001840029109926
E192H,593.0,478.0,-1.2312265093655066,0.06207564132826528
E192I,892.0,194.0,-3.121139743388058,0.0796900479997503
E192K,121.0,76.0,-1.591076009933749,0.14661176663104108
E192L,878.0,234.0,-2.82787806498939,0.07407649724475047
E192M,652.0,231.0,-2.4171496627324007,0.0770558391130728
E192N,1263.0,1076.0,-1.151385451906621,0.04238142706608167
E192P,1184.0,1829.0,-0.29282917872639214,0.03829357553493007
E192Q,974.0,1132.0,-0.7033326624804523,0.044554848510228416
E192R,1618.0,1015.0,-1.5929374590301668,0.04096732501911761
E192S,320.0,254.0,-1.2534425695730018,0.08447971250959437
E192T,931.0,3553.0,1.011962304319388,0.03782354319422712
E192V,389.0,188.0,-1.9692087188924203,0.08924438705756606
E192W,1060.0,198.0,-3.3406435539328463,0.07790188645343064
E192Y,940.0,451.0,-1.9797275584401364,0.0579321224059288
E192_,758.0,72.0,-4.3161585849632,0.12361743628213206
E222A,794.0,72.0,-4.383098880992818,0.12337526788424294
E222C,924.0,93.0,-4.232661599488355,0.10912762281897861
E222D,658.0,115.0,-3.4365610776337316,0.10143814094182775
E222F,1183.0,115.0,-4.282841932121144,0.09805745299209652
E222G,1049.0,100.0,-4.311023139338309,0.10501117301551796
E222H,1132.0,106.0,-4.336825311823548,0.10193882171752922
E222I,864.0,81.0,-4.3350869733776785,0.11651873520307748
E222K,859.0,69.0,-4.5580084640688,0.1254187024701866
E222L,883.0,83.0,-4.331283602403248,0.11512731196954504
E222M,974.0,107.0,-4.106401838498638,0.10220895821202543
E222N,973.0,88.0,-4.386926145892217,0.11164743818714712
E222P,1098.0,99.0,-4.3913840145939895,0.10528910208073962
E222Q,1011.0,114.0,-4.068775866843462,0.09917326718233763
E222R,1101.0,111.0,-4.23027689982151,0.09995759612377021
E222S,943.0,102.0,-4.128773359699624,0.10458709879760987
E222T,874.0,100.0,-4.047716399990096,0.10591609116574016
E222V,617.0,90.0,-3.6973475503432125,0.11316210741532413
E222W,1021.0,103.0,-4.229351569002016,0.10374142998568026
E222Y,1291.0,215.0,-3.5062353860011726,0.07416603269216773
E222_,702.0,56.0,-4.567946124038462,0.1391168659178202
E268A,1129.0,761.0,-1.4892818238151992,0.0476952987812852
E268C,714.0,761.0,-0.8282397442781138,0.052817141036106796
E268D,756.0,1410.0,-0.020982704074502756,0.04590223582386744
E268F,809.0,2367.0,0.6286254845305423,0.04163675282652895
E268G,365.0,277.0,-1.318208806996422,0.08015419855937127
E268H,1173.0,862.0,-1.3646496774146204,0.04569084809650443
E268I,1003.0,2358.0,0.31302297108538024,0.03868012466179998
E268K,533.0,243.0,-2.0533577932454374,0.07788620545987149
E268L,735.0,955.0,-0.5424589143372849,0.04982671733697365
E268M,988.0,1927.0,0.043555633488748136,0.04007668612091737
E268N,1067.0,900.0,-1.1657716365703665,0.046079970745954095
E268P,1269.0,885.0,-1.4401486518759183,0.044643176289541724
E268Q,779.0,968.0,-0.6068307725459441,0.048905974556142685
E268R,1387.0,442.0,-2.570038150496509,0.05530311192054991
E268S,938.0,788.0,-1.1716002411661286,0.0490935101950865
E268T,911.0,1334.0,-0.3699801899962125,0.043844828187486966
E268V,1080.0,1423.0,-0.5223097462219775,0.041276139620694915
E268W,908.0,1202.0,-0.5155420686409853,0.0448142375830458
E268Y,1087.0,687.0,-1.5821730844781667,0.04950357790593137
E268_,1133.0,109.0,-4.2978390789640075,0.1006535725448211
E356A,888.0,647.0,-1.376998788622517,0.05240945725331371
E356C,1535.0,557.0,-2.38268379645796,0.05021780618405853
E356D,1237.0,713.0,-1.7150738231706963,0.04781184345927287
E356F,1416.0,227.0,-3.5612145736741354,0.07201644664718235
E356G,1313.0,1171.0,-1.0853353838235686,0.041117381895691606
E356H,1180.0,516.0,-2.1135390319095038,0.05348330565178437
E356I,1022.0,259.0,-2.9005404839774167,0.07010267754905579
E356K,1183.0,797.0,-1.4900034139082914,0.04663751057833371
E356L,1924.0,359.0,-3.3422312382522783,0.05813993592181036
E356M,1581.0,1600.0,-0.9029764467862846,0.036504380026718346
E356N,946.0,518.0,-1.7890863609030712,0.05534078550449762
E356P,2399.0,659.0,-2.7842777848297593,0.04482558274384174
E356Q,898.0,764.0,-1.1533508647844197,0.04997522722490831
E356R,1603.0,872.0,-1.7985777165870789,0.04296124841477329
E356S,1240.0,1070.0,-1.1329383513495221,0.04261551845694815
E356T,1574.0,671.0,-2.15024941039671,0.04691137744436833
E356V,864.0,411.0,-1.9920853904438296,0.06054330216661564
E356W,1171.0,212.0,-3.3857600518757422,0.07513846494931715
E356Y,961.0,178.0,-3.352804029999546,0.08205669032147586
E356_,892.0,80.0,-4.3990185288850085,0.11702379227997958
E376A,1104.0,2437.0,0.22214805522408332,0.03729871840734575
E376C,1107.0,778.0,-1.429018526534641,0.04757868565223817
E376D,1662.0,3867.0,0.29807855680292095,0.030583417468286786
E376F,739.0,182.0,-2.941787045136582,0.08320115309599943
E376G,688.0,799.0,-0.7044268507225508,0.052726488948529666
E376H,780.0,1027.0,-0.5233251716495166,0.04827837816512176
E376I,1228.0,628.0,-1.8876737479351027,0.04981690022109672
E376K,1220.0,846.0,-1.4483572274604377,0.04557138506499665
E376L,1639.0,4592.0,0.5660902512274237,0.03004930222262372
E376M,1912.0,1472.0,-1.297513472337553,0.03574100763789481
E376N,1183.0,963.0,-1.2170504603315075,0.04425809312874454
E376P,1658.0,579.0,-2.438003413941764,0.04904370661123648
E376Q,1151.0,966.0,-1.1730012147044366,0.04448656822778053
E376R,2173.0,765.0,-2.426355177977693,0.04292353920362898
E376S,642.0,844.0,-0.5255465525251033,0.053080079324631387
E376T,1023.0,1060.0,-0.8689532483917848,0.0446761846723135
E376V,776.0,459.0,-1.6777605350038467,0.0595173215128487
E376W,1132.0,371.0,-2.52956760051741,0.06044663895071676
E376Y,1627.0,638.0,-2.270783052334027,0.04750857315840702
E376_,1471.0,379.0,-2.8767101111420237,0.05825224838821664
E385A,1107.0,2526.0,0.26998122011832404,0.0370713104315235
E385C,694.0,1004.0,-0.3874655930312434,0.05011959739367249
E385D,1446.0,2595.0,-0.07654830714925387,0.03394082672080268
E385F,1527.0,2191.0,-0.39932431689497205,0.03444345615273001
E385G,985.0,1979.0,0.08635775028846027,0.03994481036800637
E385H,1965.0,3200.0,-0.2166711167385995,0.029941090245906868
E385I,2105.0,12187.0,1.613234346069432,0.025143156241406138
E385K,881.0,1677.0,0.008450116049271372,0.04250208066959801
E385L,1077.0,1618.0,-0.3330219968852157,0.040269172284861154
E385M,438.0,733.0,-0.17734180324947335,0.061011124935904756
E385N,1303.0,2499.0,0.01929764269425105,0.03525165074591394
E385P,1676.0,2569.0,-0.30402912680641103,0.03257263813636599
E385Q,1363.0,4676.0,0.8582709925360508,0.031978031093308615
E385R,1253.0,2474.0,0.0612425273472712,0.035739990369282375
E385S,1022.0,1926.0,-0.0060049946474212135,0.039657769857819165
E385T,875.0,1605.0,-0.04499999967448698,0.04290640696273616
E385V,1171.0,1544.0,-0.5212821753692518,0.03970761224936115
E385W,931.0,1343.0,-0.3916093977860493,0.04351741044604986
E385Y,1066.0,1514.0,-0.41405711327818917,0.040910166486628145
E385_,1136.0,1899.0,-0.1789389078107959,0.038495853166445895
E82A,1388.0,528.0,-2.3145916795693866,0.05185967632125171
E82C,543.0,96.0,-3.4199330587426555,0.11105059666855906
E82D,547.0,1046.0,0.01504665560282703,0.05347149285356993
E82F,642.0,117.0,-3.3761748130915468,0.1008907965670225
E82G,582.0,99.0,-3.4756086676194373,0.10905613249822142
E82H,579.0,70.0,-3.9681662291118167,0.12682991069919855
E82I,456.0,79.0,-3.4491691714631783,0.12216638943729725
E82K,348.0,42.0,-3.970534947136853,0.16356161979789274
E82L,1011.0,289.0,-2.7268168257739074,0.06726265223233076
E82M,759.0,133.0,-3.432795054236758,0.09439705508758034
E82N,897.0,133.0,-3.67380022949307,0.09331727109448128
E82P,465.0,85.0,-3.3717681522203167,0.1182745955330149
E82Q,808.0,110.0,-3.796949351961353,0.10199391042747089
E82R,967.0,94.0,-4.282855552817754,0.10838057172453051
E82S,576.0,76.0,-3.842043594604468,0.12234096301969595
E82T,400.0,62.0,-3.6096741481695327,0.13675319126597182
E82V,390.0,86.0,-3.1011456811104408,0.11943893197111681
E82W,497.0,166.0,-2.502215607111899,0.09006015800669612
E82Y,763.0,160.0,-3.173750770234239,0.0873800595737047
E82_,993.0,105.0,-4.161492401296278,0.10298062139954771
F10A,545.0,2845.0,1.4638682414377842,0.04755405273177047
F10C,441.0,1667.0,0.9981686081984362,0.05424449560053916
F10D,478.0,1212.0,0.4220780214371098,0.05470053695503871
F10E,10.0,39.0,1.0421911483470687,0.3544144737501967
F10H,600.0,94.0,-3.594311289344036,0.1112603781557237
F10I,500.0,1989.0,1.0718108000683726,0.05077193398744896
F10K,386.0,898.0,0.2978824121533856,0.061475575683153115
F10L,382.0,513.0,-0.49483433222550754,0.06813280311509955
F10M,204.0,957.0,1.3096832531657023,0.07759966664676765
F10N,1716.0,2207.0,-0.5571756694600158,0.033330398941843815
F10P,683.0,2468.0,0.9331587578502951,0.04409488349001006
F10Q,630.0,284.0,-2.0696438762368086,0.07199545661445994
F10R,908.0,165.0,-3.380365604097398,0.08506829508956995
F10S,735.0,2219.0,0.6738695098016416,0.04343090746058774
F10T,256.0,820.0,0.759230463224255,0.07211561093388277
F10V,947.0,3731.0,1.0579037859884686,0.037403817954123224
F10W,941.0,4388.0,1.3010739782205505,0.036954678996516756
F10Y,1226.0,965.0,-1.265565824694887,0.04389737261955042
F10_,1369.0,166.0,-3.964001807304755,0.08263930640658489
F129A,886.0,87.0,-4.268280734209002,0.11267942970565321
F129C,547.0,63.0,-4.038125368533657,0.13331797886893654
F129D,770.0,68.0,-4.421269260914116,0.12679696791695885
F129E,574.0,56.0,-4.277530413185565,0.1402538811516437
F129G,552.0,50.0,-4.384616768229813,0.1479277823253351
F129H,512.0,45.0,-4.428065393593021,0.15570946824337217
F129I,331.0,103.0,-2.604301280079266,0.11315440214337494
F129K,642.0,62.0,-4.292233850302283,0.13326329560989375
F129L,761.0,165.0,-3.125572829445959,0.08630960868849262
F129M,571.0,72.0,-3.9074577152559495,0.12535274052919743
F129N,743.0,75.0,-4.228437656398291,0.12145986702509323
F129P,881.0,34.0,-5.61533835938899,0.1749664088489121
F129Q,190.0,19.0,-4.241455786618438,0.24071111355348407
F129R,704.0,61.0,-4.448689161597632,0.1337395101746599
F129S,243.0,20.0,-4.52243348626098,0.23273404582567342
F129T,424.0,56.0,-3.840552832657261,0.1424340415512439
F129V,461.0,63.0,-3.7913562062945534,0.13459091235834858
F129W,616.0,248.0,-2.2327663543191507,0.07570014761810546
F129Y,495.0,256.0,-1.871468381694065,0.07746822074908036
F129_,399.0,34.0,-4.472604868448079,0.17884179092574096
F13A,693.0,402.0,-1.7058556572698613,0.06328939508955646
F13C,741.0,189.0,-2.8912413223119673,0.08194694265715186
F13D,426.0,57.0,-3.8218112653922915,0.14129122993289248
F13E,721.0,109.0,-3.645769658534457,0.10312846473473929
F13G,747.0,299.0,-2.2411446976265728,0.06897902955008972
F13H,826.0,760.0,-1.04035172216133,0.05100468465117463
F13I,983.0,161.0,-3.5302666748379945,0.08545843790342061
F13K,607.0,134.0,-3.099590499280069,0.09583640022740386
F13L,364.0,147.0,-2.228274665956798,0.09810454741863843
F13M,490.0,216.0,-2.1019239652450787,0.08212951102989086
F13N,648.0,119.0,-3.365144149274986,0.10010448491497873
F13P,413.0,111.0,-2.8156979458993145,0.10725909257007016
F13Q,1320.0,583.0,-2.0991672005099433,0.050476460482556745
F13R,1356.0,147.0,-4.125592494264449,0.08726272192197208
F13S,1109.0,408.0,-2.3628068332062364,0.0585464947205618
F13T,199.0,20.0,-4.23425872967089,0.23468053224500954
F13V,648.0,163.0,-2.9112664819522918,0.08805024492182924
F13W,705.0,245.0,-2.445013963429238,0.07466560291452157
F13Y,538.0,243.0,-2.0668281814913643,0.07777419304472313
F13_,518.0,53.0,-4.20885437901679,0.14446417021548652
F140A,848.0,108.0,-3.893127264363992,0.10253145846957158
F140C,432.0,100.0,-3.03113132127117,0.11130511188379019
F140D,588.0,52.0,-4.419190623277703,0.14492339240280888
F140E,1151.0,103.0,-4.4022549403302165,0.10320689967826313
F140G,713.0,68.0,-4.310314389608324,0.12720570550871146
F140H,543.0,61.0,-4.074072006807754,0.13530487398478394
F140I,676.0,84.0,-3.928622491642429,0.1160072389860176
F140K,464.0,45.0,-4.286049303588737,0.1563568918019737
F140L,712.0,75.0,-4.166953532224554,0.12170085064579454
F140M,763.0,224.0,-2.688349704095387,0.07648367039051428
F140N,705.0,62.0,-4.427281802370089,0.13274003697735723
F140P,309.0,33.0,-4.1468893587024915,0.18331682457613246
F140Q,557.0,51.0,-4.36906209849451,0.14654134474537658
F140R,370.0,30.0,-4.544259913765205,0.18999979521684704
F140S,823.0,81.0,-4.264948923475579,0.11676589273697388
F140T,606.0,63.0,-4.1858997614267475,0.13264878865691732
F140V,749.0,84.0,-4.076562883821682,0.11538417178538048
F140W,953.0,93.0,-4.277244486862541,0.10897662880263995
F140Y,494.0,66.0,-3.8239946185256697,0.13133368545623852
F140_,1106.0,92.0,-4.507640828062745,0.10884668771927004
F149A,578.0,1587.0,0.5369339852644543,0.04934831532597935
F149C,491.0,1823.0,0.972287287220408,0.05157740145700484
F149D,424.0,591.0,-0.4411266247752801,0.06423021321180557
F149E,244.0,276.0,-0.7424306116480457,0.08829675210179486
F149G,481.0,1429.0,0.6506663439373712,0.05342106908750924
F149H,356.0,1104.0,0.7125526932285151,0.061561070150025814
F149I,304.0,577.0,0.0042666662308032954,0.07139680873548969
F149K,717.0,527.0,-1.3643737786778765,0.058027962984601784
F149L,506.0,1275.0,0.4130598849432907,0.05325053710430445
F149M,519.0,1579.0,0.6849751910714446,0.05133341952978434
F149N,397.0,1304.0,0.7954968053486855,0.05797206331477114
F149P,679.0,190.0,-2.7575683496286514,0.08252684327203808
F149Q,461.0,1743.0,0.9985000203472314,0.053084245465363535
F149R,659.0,1043.0,-0.25783014824852657,0.0505099775709693
F149S,861.0,2255.0,0.46882105670826846,0.040987196892964206
F149T,224.0,576.0,0.4423198455236754,0.07921637453597478
F149V,515.0,978.0,0.0050378952238050445,0.055129492120642214
F149W,824.0,3204.0,1.0389340238417533,0.040009411302474485
F149Y,471.0,1386.0,0.636897195557709,0.05403387168394655
F149_,570.0,38.0,-4.82674717502366,0.16774471041948505
F159A,490.0,113.0,-3.036571628405751,0.10471206101448567
F159C,428.0,468.0,-0.7913160236057522,0.06744010000890187
F159D,953.0,90.0,-4.324545031256152,0.11060854493317378
F159E,397.0,35.0,-4.423547255798468,0.17651391581972845
F159G,911.0,681.0,-1.3400017831399316,0.05139218432223847
F159H,657.0,123.0,-3.3373506019740784,0.09862319108619243
F159I,435.0,755.0,-0.12476368897014023,0.060814061665723604
F159K,715.0,84.0,-4.009541322953149,0.11565895242915887
F159L,799.0,1000.0,-0.5964819133744568,0.04823489805963947
F159M,1124.0,3135.0,0.5596042982096567,0.035828991725142555
F159N,758.0,327.0,-2.1330930028652597,0.06672571368624215
F159P,632.0,260.0,-2.2015911510589836,0.07418440514892716
F159Q,336.0,39.0,-4.0267991420838944,0.16936830047342993
F159R,815.0,91.0,-4.082931657225942,0.11085959113781206
F159S,1213.0,964.0,-1.2516823026556736,0.044009041669898594
F159T,494.0,175.0,-2.417313762290026,0.08839273908342232
F159V,1335.0,2253.0,-0.16520770741911184,0.03560864121901665
F159W,442.0,1623.0,0.9563100985613007,0.05434701465148269
F159Y,574.0,999.0,-0.12078762724625758,0.05308660384895106
F159_,1045.0,99.0,-4.320009568945887,0.105508223096285
F161A,845.0,2220.0,0.47331497962502667,0.041339242472670845
F161C,1253.0,2957.0,0.31853031798233555,0.034804084120962454
F161D,485.0,1038.0,0.17752306818825137,0.055679992935091856
F161E,996.0,2140.0,0.1831745301115344,0.03932378566477783
F161G,482.0,1677.0,0.8785454331780214,0.05240240184824937
F161H,687.0,2190.0,0.7523235776875055,0.04457878875440707
F161I,798.0,1960.0,0.3761714088369823,0.042876394513952434
F161K,815.0,673.0,-1.196400695403689,0.05280063855695951
F161L,699.0,1724.0,0.3821722668821943,0.045669512111514037
F161M,628.0,1722.0,0.5350232079913058,0.04741428742451301
F161N,1023.0,5276.0,1.4464161755887552,0.03524359969592447
F161P,606.0,761.0,-0.5916370647029989,0.055129371165089675
F161Q,609.0,798.0,-0.5302699681327869,0.05449947605586068
F161R,393.0,130.0,-2.5161543021285944,0.10154431120639379
F161S,778.0,3201.0,1.120455704205527,0.04089985965925499
F161T,1089.0,3871.0,0.909481956832701,0.035378840083845654
F161V,1004.0,2187.0,0.20297530252492546,0.03909370659142086
F161W,661.0,1766.0,0.4975386337761778,0.04641283470477147
F161Y,727.0,2116.0,0.621088456004296,0.04385374620267459
F161_,673.0,96.0,-3.729582233440791,0.10943724380751393
F16A,778.0,729.0,-1.0140609700999406,0.05226968928370275
F16C,255.0,26.0,-4.213626393698895,0.20601755433722194
F16D,1222.0,134.0,-4.109054401377302,0.0914085346118067
F16E,607.0,56.0,-4.358174826357123,0.13991583387053905
F16G,776.0,205.0,-2.8405918361829006,0.07900329502734454
F16H,261.0,359.0,-0.4602919272698047,0.08180327110310953
F16I,605.0,65.0,-4.1384363049653015,0.13080588949194127
F16K,1054.0,98.0,-4.347026664838024,0.10595690023346882
F16L,964.0,122.0,-3.9022595913014655,0.09648030752879597
F16M,257.0,53.0,-3.1976989244390266,0.1510970913022709
F16N,457.0,235.0,-1.8797144628362839,0.08073624096605332
F16Q,325.0,38.0,-4.016244053603801,0.17164137348624783
F16R,1124.0,107.0,-4.313048219957219,0.10153649311742244
F16S,821.0,227.0,-2.7748548191857925,0.07548622951674717
F16T,132.0,19.0,-3.716027659265224,0.24546719329751127
F16V,998.0,109.0,-4.114804660919409,0.1012449055059759
F16W,426.0,819.0,0.022782895106905343,0.0603607128006413
F16Y,969.0,1565.0,-0.2286224593842796,0.04178541906078211
F16_,300.0,40.0,-3.8267889317997197,0.1685290490898511
F170A,890.0,2454.0,0.5430368009429913,0.04007674864751948
F170C,917.0,1798.0,0.051180797258894906,0.04149382702052806
F170D,908.0,457.0,-1.9106933282248688,0.058004413478995404
F170E,371.0,311.0,-1.1747079803041345,0.07736757999835187
F170G,472.0,1289.0,0.5291632502245127,0.054492705501283656
F170H,723.0,2203.0,0.6871776615177261,0.043727539798972384
F170I,588.0,231.0,-2.268096261704133,0.07813152297819917
F170K,910.0,395.0,-2.1242040981048778,0.06087312297920666
F170L,878.0,582.0,-1.513404305619761,0.054149693697158274
F170M,954.0,1349.0,-0.42038612689682875,0.04318052790567309
F170N,760.0,835.0,-0.7844358018341708,0.050876607669983046
F170P,795.0,1448.0,-0.05518422259417477,0.04498350117324701
F170Q,822.0,682.0,-1.1895739276956698,0.052515245140037
F170R,710.0,77.0,-4.124932518217063,0.12028642503303756
F170S,482.0,1101.0,0.27148171380869623,0.055298908826412724
F170T,706.0,1017.0,-0.3936375341622069,0.04974687560304931
F170V,997.0,806.0,-1.2270211126694965,0.04815334839907299
F170W,770.0,1168.0,-0.31910733693308746,0.04722190260052809
F170Y,841.0,1149.0,-0.47001438182948885,0.04619986523045023
F170_,743.0,90.0,-3.965435306536345,0.11194114607936256
F188A,750.0,1847.0,0.37999906494899793,0.04415651412957997
F188C,812.0,22755.0,3.8883320397701553,0.036749488328195086
F188D,650.0,1714.0,0.47863083231696546,0.04687143732754824
F188E,260.0,790.0,0.6830929288377234,0.07201999225133959
F188G,705.0,1638.0,0.2960176625341866,0.04586919532096385
F188H,811.0,1698.0,0.14584247092809388,0.043554812597197214
F188I,656.0,1318.0,0.08636072846498788,0.04856081950012091
F188K,497.0,1006.0,0.09708698545823946,0.055507877409216616
F188L,1733.0,19702.0,2.586780060737148,0.026511385423555696
F188M,725.0,13632.0,3.3126427186919685,0.039085990750055935
F188N,411.0,938.0,0.2702189318122583,0.05978448077125184
F188P,889.0,2049.0,0.2844445970947991,0.041084716192980285
F188Q,580.0,1470.0,0.42146541424788886,0.04979399848675256
F188R,511.0,966.0,-0.0015242757927955708,0.055381959490505256
F188S,955.0,2404.0,0.4116442764861219,0.03921922616291593
F188T,775.0,3454.0,1.2357745531019884,0.04068035263143377
F188V,731.0,1408.0,0.025483657445335872,0.046403223703019345
F188W,783.0,940.0,-0.6565655039359584,0.04915290394927727
F188Y,635.0,1084.0,-0.14868402664175306,0.05071829713209494
F188_,1072.0,152.0,-3.738291099743657,0.08709999018170986
F204A,988.0,365.0,-2.3568005304113377,0.06186156377155493
F204C,1107.0,514.0,-2.0270107981219656,0.054072989999898596
F204D,404.0,35.0,-4.448762911770853,0.17639025056583438
F204E,604.0,58.0,-4.300409786437158,0.13772826688345338
F204G,989.0,214.0,-3.1285177734566227,0.07588713703981897
F204H,337.0,43.0,-3.8902582401601515,0.1621503761391725
F204I,824.0,442.0,-1.8187937121719404,0.05959057272581344
F204K,219.0,61.0,-2.764089984861669,0.14502352831650628
F204L,1218.0,775.0,-1.5724500230246958,0.04675878369222904
F204M,422.0,247.0,-1.6929186121214528,0.08057976039886654
F204N,489.0,35.0,-4.7242358768043635,0.17516644140070453
F204P,635.0,115.0,-3.385230879696125,0.10170910010924818
F204Q,960.0,155.0,-3.550899020073799,0.0869937877791668
F204R,471.0,35.0,-4.670129598943304,0.17538937086114884
F204S,702.0,119.0,-3.4806196541193835,0.09950981344016835
F204T,480.0,179.0,-2.343235154782292,0.08800361712246804
F204V,567.0,288.0,-1.8974661507658759,0.0728752741871427
F204W,1138.0,1145.0,-0.9113639126672242,0.04274515548483393
F204Y,464.0,546.0,-0.6854393995355803,0.06373116077974368
F204_,787.0,73.0,-4.350426858006,0.1226476756961324
F216A,589.0,1136.0,0.027400625791510258,0.05150829627446193
F216C,958.0,2589.0,0.5140770413457063,0.03879619909971128
F216D,1274.0,178.0,-3.75955728321727,0.08048386001841996
F216E,389.0,107.0,-2.7822724962138725,0.10950166957144034
F216G,494.0,753.0,-0.3120820976422447,0.05854332355195172
F216H,320.0,160.0,-1.920165793734692,0.09720894169421027
F216I,876.0,3333.0,1.0075955261515857,0.03894400059136279
F216K,688.0,308.0,-2.0796632191132725,0.06910268939280871
F216L,563.0,1412.0,0.4063069777938786,0.05059095044477322
F216M,601.0,1299.0,0.1917407603403758,0.05008741797547192
F216N,619.0,606.0,-0.9508319916086911,0.05779867794880993
F216P,884.0,334.0,-2.3243822689305285,0.06480893348701795
F216Q,539.0,774.0,-0.3981707089926614,0.05676524218491293
F216R,618.0,65.0,-4.16910749909685,0.13067292098377298
F216S,480.0,1108.0,0.2866236594201732,0.05532517926666389
F216T,1125.0,1186.0,-0.8440325269737041,0.04251012582810709
F216V,848.0,3309.0,1.044035593000829,0.03945254323061348
F216W,733.0,110.0,-3.6564090842435446,0.10261280225859576
F216Y,728.0,183.0,-2.9122466612189415,0.0831435889868041
F216_,1332.0,87.0,-4.856490760580591,0.11098983539286147
F221A,934.0,223.0,-2.9865404685675134,0.07503214510738251
F221C,851.0,209.0,-2.9458149914656664,0.07768269431621057
F221D,846.0,60.0,-4.737610757246741,0.1338692461917162
F221E,688.0,93.0,-3.807182668528462,0.11081545893300754
F221G,961.0,152.0,-3.5805960845035587,0.08771632156457121
F221H,425.0,89.0,-3.175668329806178,0.11688731815171138
F221I,1137.0,559.0,-1.9445098221782917,0.05237788754733677
F221K,1328.0,128.0,-4.295148464667456,0.09295139952241539
F221L,338.0,504.0,-0.3438244466599727,0.07083534829942337
F221M,2173.0,2611.0,-0.6552977064407162,0.03030266187518736
F221N,442.0,76.0,-3.4600287457721697,0.12447338075001843
F221P,1554.0,174.0,-4.078964540996868,0.08040745775629798
F221Q,1059.0,240.0,-3.0617606663025656,0.07201276142777803
F221R,1766.0,102.0,-5.033921897019063,0.10219723725425957
F221S,770.0,111.0,-3.7143984145792874,0.10189184703131156
F221T,812.0,150.0,-3.356649693138154,0.08929054136994054
F221V,785.0,242.0,-2.6178552462437468,0.07403375163012459
F221W,599.0,145.0,-2.966638570694453,0.09295463379219238
F221Y,1037.0,165.0,-3.5720153191272628,0.08425922043164856
F221_,885.0,83.0,-4.334547582802256,0.11511619647470628
F250A,1189.0,1616.0,-0.4775355989277479,0.03917793346694162
F250C,547.0,682.0,-0.6019851903184792,0.05804688539143353
F250D,955.0,135.0,-3.742660446047533,0.09235277367057824
F250E,1345.0,311.0,-3.0327949013099103,0.06351288209371128
F250G,678.0,517.0,-1.3113252423372632,0.05902685544608035
F250H,1265.0,567.0,-2.077913581007139,0.051275837483504914
F250I,1118.0,820.0,-1.3674305596358733,0.04678686038525296
F250K,1062.0,103.0,-4.286151923416798,0.10355902992044884
F250L,749.0,1239.0,-0.19407992966631937,0.0470877717313532
F250M,552.0,963.0,-0.11735449914007123,0.054083627836330965
F250N,571.0,205.0,-2.398032603939024,0.08187893656033642
F250P,974.0,333.0,-2.468581959315717,0.0640676433842465
F250Q,664.0,166.0,-2.920145696290679,0.08720551315579204
F250R,972.0,64.0,-4.844812818421555,0.1293306675707485
F250S,1171.0,1041.0,-1.089980344512032,0.04346994176702099
F250T,407.0,227.0,-1.762519265986203,0.08328926086628767
F250V,2121.0,1364.0,-1.557108077384322,0.03577251109793998
F250W,825.0,831.0,-0.909756644464272,0.04990519083848701
F250Y,988.0,690.0,-1.438119249391005,0.050363245153862195
F250_,3095.0,143.0,-5.3559670102928045,0.0859690952490696
F254A,821.0,1551.0,-0.00247458720953464,0.044020673877502935
F254C,778.0,1324.0,-0.1531574610922828,0.04599650450153754
F254D,786.0,102.0,-3.86604795715322,0.10559486511113908
F254E,1322.0,543.0,-2.2038932937518347,0.05170181080418674
F254G,597.0,862.0,-0.39026136705657155,0.0539458966686594
F254H,985.0,634.0,-1.555843651358817,0.05164830013660401
F254I,769.0,720.0,-1.015196290723427,0.0525767002125272
F254K,766.0,254.0,-2.5126888071109734,0.07292040499740648
F254L,1100.0,1750.0,-0.2503643489355696,0.03944077268434924
F254M,1086.0,2146.0,0.06240853538830926,0.03823414032696173
F254N,907.0,1345.0,-0.3517843387508224,0.043830117177386906
F254P,1117.0,1774.0,-0.2528388353494355,0.0391664194493003
F254Q,4462.0,447.0,-4.239525611495207,0.050361366762825134
F254R,1320.0,96.0,-4.701431245925797,0.10605761796184958
F254S,481.0,742.0,-0.2948391331404787,0.05917530049293556
F254T,919.0,1544.0,-0.17168124445896016,0.04255418004904085
F254V,672.0,907.0,-0.4875751204661132,0.05163006265675563
F254W,973.0,782.0,-1.2354784518584978,0.0488012427284777
F254Y,1097.0,562.0,-1.885119846738525,0.05259242424219033
F254_,1316.0,126.0,-4.304771193700423,0.09365264197742165
F258A,909.0,3010.0,0.8071893334650024,0.03882511194693969
F258C,1497.0,2942.0,0.05450741592742325,0.032908486445877794
F258D,988.0,103.0,-4.181952121664843,0.1038989772012668
F258E,795.0,264.0,-2.510591307143603,0.07155870125575718
F258G,682.0,2565.0,0.9908887764287053,0.043945224853432066
F258H,667.0,498.0,-1.341744554917593,0.059852203836787125
F258I,694.0,769.0,-0.7721649678793963,0.053069211734657666
F258K,1054.0,721.0,-1.468008256480502,0.049099567377331815
F258L,1035.0,2775.0,0.5026373877731416,0.03743794733590151
F258M,1005.0,1841.0,-0.046923269207321816,0.0401654288698134
F258N,654.0,228.0,-2.4404264718527005,0.07739423596789871
F258P,1780.0,678.0,-2.312717765033472,0.04595395190500344
F258Q,8910.0,2039.0,-3.047769075934085,0.026033324833848535
F258R,955.0,390.0,-2.2122155999839777,0.06071419004659589
F258S,1354.0,1625.0,-0.6570006735373459,0.037802042407602064
F258T,753.0,914.0,-0.6406699503015414,0.04997149332113196
F258V,2111.0,2108.0,-0.9222625778254274,0.03198678710047355
F258W,819.0,1410.0,-0.1364584535694373,0.044780215945227804
F258Y,889.0,1110.0,-0.5999097544391283,0.045834551633844776
F258_,930.0,85.0,-4.371752639620618,0.11363822339562778
F259A,1649.0,3209.0,0.04031726189131435,0.031513705708514556
F259C,1086.0,403.0,-2.3503607211012136,0.058967757631443275
F259D,1605.0,197.0,-3.9464523957287785,0.07598684195003375
F259E,1418.0,159.0,-4.076889179230848,0.08407849243754968
F259G,1259.0,440.0,-2.436892400894414,0.0560536982443012
F259H,1011.0,297.0,-2.687424732080948,0.06656625648779371
F259I,897.0,340.0,-2.3197577665070686,0.06427263290516165
F259K,1411.0,270.0,-3.305854343819731,0.06698765059867413
F259L,939.0,439.0,-2.01709759520406,0.058462555749662
F259M,551.0,677.0,-0.6231122338517627,0.058025845541208244
F259N,842.0,241.0,-2.7249552350987347,0.073565660313701
F259P,1043.0,616.0,-1.679938189583332,0.05154784620011947
F259Q,988.0,356.0,-2.3928187539899746,0.0624188430354013
F259R,1028.0,224.0,-3.1184301323169485,0.07424221310778759
F259S,1539.0,543.0,-2.423162809846877,0.0506598624927564
F259T,892.0,283.0,-2.576417728827792,0.06877190060055938
F259V,3438.0,3813.0,-0.7708543022910317,0.025063769377196263
F259W,1301.0,9154.0,1.894560940985976,0.030869757713447812
F259Y,1727.0,1780.0,-0.8766019662509148,0.034869709469870724
F259_,1272.0,99.0,-4.603602833531443,0.10469581577424479
F262A,778.0,2385.0,0.6959238355694284,0.04218628421143356
F262C,1094.0,2447.0,0.24118319592364523,0.03738712379955508
F262D,693.0,162.0,-3.017004180553214,0.087695528449751
F262E,758.0,207.0,-2.7927272955746334,0.07889863697515552
F262G,3494.0,27313.0,2.046421795205658,0.01994701209057174
F262H,1223.0,1167.0,-0.9878301526026476,0.04182836463507488
F262I,1152.0,701.0,-1.636857186231679,0.048678822842790896
F262K,956.0,472.0,-1.938419160084674,0.05691818641125747
F262L,818.0,1283.0,-0.2708688457880344,0.045573706166475256
F262M,975.0,1837.0,-0.00634031664623258,0.0405593387020743
F262N,887.0,467.0,-1.8457078027266283,0.05782500649538244
F262P,971.0,464.0,-1.985541131653525,0.057096830713085266
F262Q,1772.0,1897.0,-0.8218703374620744,0.034154690013944174
F262R,770.0,521.0,-1.4837769947048658,0.057385538148541554
F262S,864.0,2667.0,0.7058924432034015,0.04009254713413661
F262T,974.0,941.0,-0.9699374057553403,0.046523521645547766
F262V,1075.0,873.0,-1.2204908714237055,0.046376208936043786
F262W,725.0,2813.0,1.0358310061276823,0.042542320251539575
F262Y,969.0,1623.0,-0.17612244608917038,0.041511285719258405
F262_,1663.0,158.0,-4.315919949258106,0.08369647104984614
F266A,907.0,1878.0,0.1298035072034267,0.04135297817078589
F266C,1353.0,1692.0,-0.5976452830519663,0.03748563047387464
F266D,1736.0,13068.0,1.9919814247109877,0.0269744859548092
F266E,1378.0,3268.0,0.32561516475757646,0.03326781257451986
F266G,759.0,1963.0,0.45066584791574105,0.043611856790003796
F266H,1052.0,2451.0,0.3000170761036993,0.037863214033744784
F266I,894.0,812.0,-1.059004350206906,0.04924565206330829
F266K,890.0,1520.0,-0.14802351194636376,0.04308758392856494
F266L,946.0,1705.0,-0.07035801413519671,0.041456539911301875
F266M,865.0,894.0,-0.8726367182030801,0.04847348057752831
F266N,717.0,1666.0,0.2961210393008189,0.04549707441285647
F266P,874.0,596.0,-1.4725241255041919,0.05382418104736901
F266Q,1291.0,2214.0,-0.1420493131204923,0.036073855920994505
F266R,635.0,523.0,-1.200151655954631,0.05968127243656044
F266S,853.0,1737.0,0.10576062410753995,0.04269763134808801
F266T,520.0,827.0,-0.25084546875088787,0.0566328682146253
F266V,1815.0,1954.0,-0.8137505221953356,0.033731229720519104
F266W,1358.0,2383.0,-0.10891997343173587,0.03508668623655326
F266Y,625.0,697.0,-0.7629107939693975,0.055765048597961
F271A,1421.0,1079.0,-1.3174193476292957,0.04129850947248818
F271C,1313.0,542.0,-2.196697405370936,0.0517847451616063
F271D,1312.0,172.0,-3.8514252466863583,0.08155287486745816
F271E,785.0,115.0,-3.6911626005512534,0.10021891946021051
F271G,1097.0,1273.0,-0.7055438005719585,0.04209721013754198
F271H,962.0,339.0,-2.4249349364790396,0.06375203782410942
F271I,948.0,150.0,-3.5800544760021875,0.0882956966369389
F271K,845.0,98.0,-4.02817842983962,0.10705851228595313
F271L,1241.0,722.0,-1.7016348925126668,0.04760130509614908
F271M,846.0,250.0,-2.6788997906839382,0.0725046600610151
F271N,1200.0,1458.0,-0.6392566894252427,0.03992817727023816
F271P,1007.0,168.0,-3.5036698755130304,0.08378622835645169
F271Q,1096.0,243.0,-3.093384249467398,0.07143195382275455
F271R,1061.0,190.0,-3.4015018765441614,0.07924926299840507
F271S,1190.0,2810.0,0.31939069177159984,0.03565482143605007
F271T,1066.0,382.0,-2.4007495378344696,0.06025675582993699
F271V,1686.0,802.0,-1.992131838609302,0.04376128582948539
F271W,1059.0,244.0,-3.0379149097549076,0.07153696556805886
F271Y,1532.0,3390.0,0.22565293894983274,0.0319810605412719
F271_,1260.0,104.0,-4.5188519119947195,0.10238735880000918
F300A,1913.0,2403.0,-0.5912126388576855,0.03184254656115411
F300C,1331.0,2978.0,0.24161631218979363,0.03409062134731253
F300D,619.0,202.0,-2.5357468802034813,0.08149109996649603
F300E,492.0,189.0,-2.3004359486799855,0.08601320231333669
F300G,1184.0,768.0,-1.544695140652789,0.04713512957118863
F300H,855.0,1248.0,-0.3745945802699424,0.04523183827693197
F300I,640.0,221.0,-2.4541936744296304,0.07849983647430563
F300K,829.0,191.0,-3.037952210237255,0.08072578682951176
F300L,749.0,284.0,-2.319254128056193,0.07022225459418388
F300M,1177.0,2900.0,0.3807204214843103,0.03563009191472213
F300N,650.0,1290.0,0.06863755505484992,0.048874249442039795
F300P,1244.0,2300.0,-0.033568824747271186,0.03624499105401908
F300Q,888.0,430.0,-1.9664165884191034,0.05938608723498191
F300R,1603.0,148.0,-4.35722774420651,0.08634346110512574
F300S,516.0,1850.0,0.9218512635341165,0.05053267415071713
F300T,810.0,1430.0,-0.10019726414644392,0.04482092221338259
F300V,756.0,594.0,-1.2681289748124716,0.05550922236499027
F300W,1151.0,4795.0,1.138422580456957,0.033947296212022846
F300Y,1055.0,1031.0,-0.9534092237431269,0.04464132178144381
F300_,1228.0,104.0,-4.48173903734553,0.10248830354434485
F303A,916.0,1490.0,-0.21832411596424972,0.0428706679813032
F303C,973.0,21811.0,3.566247259959245,0.03389179354640075
F303D,1119.0,294.0,-2.848496674215631,0.06610566176765992
F303E,343.0,1276.0,0.9751062176269345,0.06143391909837352
F303G,947.0,1361.0,-0.3969847738790664,0.04319456119133503
F303H,524.0,157.0,-2.658948772095197,0.09139172942900688
F303I,865.0,107.0,-3.9351820654113228,0.10283989320231732
F303K,398.0,36.0,-4.386546050133334,0.17423441151557467
F303L,886.0,378.0,-2.14910945729266,0.06204155617317093
F303M,875.0,1800.0,0.12042263575692314,0.04211250586261808
F303N,901.0,1827.0,0.09965863141066045,0.041620602752110256
F303P,1229.0,194.0,-3.5835046089437883,0.07773739842951966
F303Q,1009.0,374.0,-2.352002599037365,0.06115441403329247
F303R,872.0,73.0,-4.498389570388815,0.12214170585084257
F303S,653.0,1354.0,0.13185052803720776,0.04842503173570476
F303T,884.0,296.0,-2.4986276507172827,0.06770922957691677
F303V,1267.0,237.0,-3.3386189508160387,0.07129907158187067
F303W,1769.0,5537.0,0.7259540481457321,0.02865235447678976
F303Y,1677.0,6629.0,1.0626912616503437,0.028674344861689887
F303_,999.0,103.0,-4.197925597089476,0.10384533181534569
F306A,849.0,131.0,-3.616315485442229,0.09426512685743095
F306C,1605.0,267.0,-3.507827482379466,0.06665803597382591
F306D,1272.0,149.0,-4.013839830639748,0.08701829081673025
F306E,901.0,122.0,-3.8047545973112333,0.09685546808781417
F306G,1342.0,172.0,-3.88404195245471,0.08144834569766758
F306H,1397.0,1141.0,-1.2122417879464766,0.040832555599575396
F306I,773.0,300.0,-2.2856873637004993,0.06857064350324518
F306K,965.0,91.0,-4.326657788722117,0.10999604005957071
F306L,966.0,151.0,-3.597604910451752,0.08793367147079
F306M,788.0,224.0,-2.734861676845786,0.07621136695070366
F306N,904.0,104.0,-4.0398273650350935,0.10390240228642827
F306P,1035.0,198.0,-3.3062103856177796,0.07804800334621613
F306Q,995.0,267.0,-2.818028126449451,0.06946408933604939
F306R,706.0,77.0,-4.11678179222006,0.12031958989493939
F306S,981.0,162.0,-3.518395852971693,0.08524601275221484
F306T,1187.0,227.0,-3.306715208821923,0.07295623189008557
F306V,826.0,258.0,-2.598943140444847,0.07184375033492905
F306W,665.0,109.0,-3.529126424680144,0.1036931709845478
F306Y,790.0,447.0,-1.7417746848737794,0.05981604951584688
F306_,1600.0,137.0,-4.4659386971072665,0.0894360107077261
F317A,1612.0,145.0,-4.394847271268901,0.0871291356437707
F317C,1433.0,246.0,-3.4624706874369213,0.06955410733484294
F317D,237.0,23.0,-4.284825918214661,0.21852611594137464
F317E,1092.0,122.0,-4.082125641785344,0.09584810187512056
F317G,1474.0,172.0,-4.019392842639825,0.08103766738707599
F317H,1856.0,348.0,-3.335214692082371,0.05905368275294816
F317I,1209.0,263.0,-3.120847494428536,0.06858809239206712
F317K,1460.0,124.0,-4.477660758977915,0.09393539924829579
F317L,1381.0,316.0,-3.0478925244424286,0.06295737556748231
F317M,1665.0,518.0,-2.6046898639358456,0.051050252255497905
F317N,769.0,98.0,-3.8922123739605823,0.10760334712394137
F317P,1002.0,93.0,-4.349578135851555,0.10874094318338957
F317Q,884.0,95.0,-4.13812229224565,0.10831197253732222
F317R,1353.0,116.0,-4.464062302683917,0.09712932612180955
F317S,1164.0,132.0,-4.060595202686285,0.09224613512734069
F317T,958.0,208.0,-3.123598704133939,0.07698284366680956
F317V,1493.0,231.0,-3.6124074946098603,0.07122970877102475
F317W,953.0,692.0,-1.3819093424496272,0.05068963754667518
F317Y,1382.0,923.0,-1.50256074731471,0.04338274133181867
F317_,679.0,65.0,-4.304910138239314,0.13011551730761892
F327A,101.0,33.0,-2.5337339591677672,0.2006711908757292
F327C,1724.0,570.0,-2.5169198839376303,0.049086299769271556
F327D,1053.0,92.0,-4.436795535396316,0.1090555320382539
F327E,1571.0,240.0,-3.630736817748043,0.06984334504833553
F327G,1625.0,206.0,-3.8998731975174166,0.07446194143332625
F327H,1465.0,443.0,-2.6457102181982854,0.054908480083036476
F327I,991.0,470.0,-1.9964190390490728,0.05667232533112266
F327K,752.0,153.0,-3.217336778761249,0.08910867917460756
F327L,1665.0,3198.0,0.02143273210562313,0.031438162309062934
F327M,1676.0,2805.0,-0.17723571869599342,0.03206597446224185
F327N,962.0,235.0,-2.9535406198263683,0.07327820216349534
F327P,1272.0,109.0,-4.464788496974357,0.1001733211211848
F327Q,1630.0,389.0,-2.9872125440369963,0.057089296477266356
F327R,860.0,186.0,-3.1291841275846046,0.08132588042503729
F327S,1637.0,372.0,-3.0578607026196045,0.058086454521611784
F327T,889.0,410.0,-2.0367514261104125,0.06032311532091938
F327V,1478.0,835.0,-1.7440015260419348,0.04415022600023507
F327W,1089.0,1569.0,-0.39337353045005763,0.04038163419237354
F327Y,1298.0,927.0,-1.4058555669567179,0.043865860336802766
F327_,1462.0,124.0,-4.4796356876453185,0.0939304118268285
F335A,1275.0,605.0,-1.9956885446346635,0.050122244712794355
F335C,1230.0,391.0,-2.5736035108414947,0.058698785913860914
F335D,2293.0,230.0,-4.237685031692319,0.06970517668105458
F335E,740.0,71.0,-4.301661530423969,0.12453482756809262
F335G,1622.0,292.0,-3.3939039091769456,0.06415704064971013
F335H,986.0,98.0,-4.250812293556265,0.1062652135095914
F335I,886.0,2621.0,0.6445170951422687,0.03981525262937276
F335K,1421.0,132.0,-4.348408457425466,0.0914000826736334
F335L,1204.0,246.0,-3.2112693847812412,0.07050177229257895
F335M,919.0,259.0,-2.747283636454106,0.07088052506740722
F335N,1080.0,119.0,-4.102100838026192,0.09697236302559002
F335P,1671.0,151.0,-4.388215248719929,0.08541419712977188
F335Q,1350.0,182.0,-3.8110913473906978,0.07943554285137784
F335R,1360.0,113.0,-4.509305791098148,0.09828087176529314
F335S,256.0,88.0,-2.460671678074511,0.12386891944798174
F335T,1323.0,316.0,-2.9859927244422986,0.06320898358324901
F335V,798.0,331.0,-2.1897428987340657,0.06594877173692344
F335W,946.0,185.0,-3.2744630576519604,0.08085326904048337
F335Y,1240.0,283.0,-3.051637695151676,0.0664451334284258
F335_,1092.0,94.0,-4.458238906483588,0.10783309041214162
F341A,2345.0,3134.0,-0.5017951676171077,0.02864583811776253
F341C,1915.0,12729.0,1.8124855111140177,0.02599649570181241
F341D,1451.0,169.0,-4.0220878223107634,0.08173769865624352
F341E,1497.0,345.0,-3.037584650802093,0.06034510352935681
F341G,1404.0,835.0,-1.6698987066722948,0.044552246704165556
F341H,945.0,863.0,-1.051163195193359,0.04787474892108328
F341I,2115.0,731.0,-2.4529123133581168,0.04377040032664558
F341K,818.0,97.0,-3.996123979565536,0.10773003847472502
F341L,1382.0,2355.0,-0.1512457447938993,0.03497537722154561
F341M,1023.0,2786.0,0.5251693128573978,0.03757007328779398
F341N,1111.0,280.0,-2.9085324218782835,0.06742736485664513
F341P,1114.0,94.0,-4.4870150219969345,0.10774920356204054
F341Q,1528.0,504.0,-2.520340597450277,0.05209222778073554
F341R,1692.0,153.0,-4.387251122097877,0.08486224253921593
F341S,1728.0,2021.0,-0.6942459820276348,0.033890545255808945
F341T,1023.0,811.0,-1.2552395149130708,0.04780799691683848
F341V,1609.0,540.0,-2.495326139566755,0.05048152469127508
F341W,881.0,323.0,-2.3677904408384434,0.06562017128635386
F341Y,1331.0,1747.0,-0.5278444198724697,0.037400298451170724
F341_,720.0,73.0,-4.222061834660505,0.1231287540238286
F351A,957.0,138.0,-3.7139720693225913,0.09146496329013529
F351C,891.0,293.0,-2.524702596815481,0.06789875744235387
F351D,1190.0,153.0,-3.8794867240687942,0.08631868990068865
F351E,1536.0,264.0,-3.4607340032150047,0.06718511248998724
F351G,1001.0,123.0,-3.944819754292107,0.09593475903181475
F351H,885.0,146.0,-3.519837452133708,0.08974320756354906
F351I,1086.0,1199.0,-0.7774045722196306,0.04277721162395434
F351K,1552.0,243.0,-3.595261141163652,0.06953020450104644
F351L,1582.0,1822.0,-0.7164387177483111,0.03544034795472683
F351M,1095.0,792.0,-1.3875643697559648,0.04744376237999937
F351N,869.0,112.0,-3.8759561159798785,0.1007649524839557
F351P,894.0,70.0,-4.59486893294644,0.12440778143202581
F351Q,1338.0,188.0,-3.75141847018212,0.07836651827487347
F351R,1297.0,123.0,-4.31855297052242,0.09473906823498529
F351S,1125.0,228.0,-3.2229796969693902,0.07314178108751579
F351T,1449.0,295.0,-3.2164426635146226,0.06445858022088292
F351V,609.0,297.0,-1.9561652875534659,0.07130193381114482
F351W,1507.0,178.0,-4.001869671726154,0.07972637036522269
F351Y,935.0,106.0,-4.060992308978092,0.10284768460571261
F351_,1146.0,132.0,-4.038111383207889,0.09231924518805244
F47A,800.0,6431.0,2.0867445182902973,0.038477883840105066
F47C,638.0,1872.0,0.6327263240630074,0.04665431739793833
F47D,600.0,150.0,-2.920138744094931,0.09169475306851474
F47E,443.0,978.0,0.22229907585141895,0.057920949753611284
F47G,463.0,2346.0,1.4208830291252825,0.05158587798950119
F47H,603.0,3590.0,1.6535231545198603,0.04485492889649808
F47I,634.0,1964.0,0.7110138987500214,0.046491839760987856
F47K,2412.0,693.0,-2.7194986889546393,0.04396179249266347
F47L,812.0,4148.0,1.4326390967612141,0.03934028448887404
F47M,470.0,3367.0,1.9204937729107163,0.049996803098637396
F47N,559.0,2096.0,0.9864887276561616,0.04838429831866062
F47P,1103.0,130.0,-4.00496224580909,0.09313105129405248
F47Q,564.0,4110.0,1.9451383810588547,0.04573175284671472
F47R,1195.0,306.0,-2.8855828626018907,0.0646509608847705
F47S,651.0,4674.0,1.9236983353673907,0.04272107634343363
F47T,959.0,3553.0,0.9692131092986873,0.037406685166250654
F47V,1353.0,4422.0,0.7883189096390493,0.0322536965684759
F47W,1318.0,455.0,-2.454602034579956,0.05505942316662602
F47Y,1310.0,1702.0,-0.5425491870333605,0.037761887722189996
F47_,649.0,101.0,-3.6039534564028664,0.10731209068479874
F57A,517.0,830.0,-0.23727434301553796,0.05669276783953358
F57C,477.0,755.0,-0.25773463407955166,0.059126512468390104
F57D,915.0,103.0,-4.071213988221699,0.10428684571671262
F57E,361.0,74.0,-3.206457554780158,0.12789355175258557
F57G,679.0,912.0,-0.4945940541768321,0.05142254529595163
F57H,1004.0,311.0,-2.610951640900347,0.06547062938243887
F57I,695.0,1352.0,0.03978930555897087,0.04747140525728126
F57K,992.0,267.0,-2.8136717652540097,0.06948596287454618
F57L,571.0,896.0,-0.27021205362099643,0.054243970967398955
F57M,570.0,979.0,-0.13987450916734012,0.05339346225891467
F57N,676.0,298.0,-2.1018947213732977,0.07007086949285
F57P,248.0,264.0,-0.8300165923797769,0.08885323512496021
F57Q,854.0,395.0,-2.032574662220407,0.061462139192194176
F57R,418.0,78.0,-3.3420173538354954,0.1236374669777334
F57S,305.0,342.0,-0.7550289106583756,0.07923092037531329
F57T,760.0,872.0,-0.7218845975270867,0.05037474168383794
F57V,1473.0,2661.0,-0.06700416846839463,0.033611691060008976
F57W,164.0,235.0,-0.4012725104503403,0.10211461146234455
F57Y,423.0,424.0,-0.9168043548356577,0.06926407329020737
F57_,1026.0,111.0,-4.128494119713158,0.100289149107327
F6A,371.0,370.0,-0.9241046868497502,0.07398000673626008
F6C,719.0,625.0,-1.1223434389554177,0.055370048221926545
F6D,985.0,250.0,-2.898363445451455,0.07134511002939804
F6E,520.0,1870.0,0.9262238369625244,0.05032755745376589
F6G,537.0,824.0,-0.3024979838942663,0.05613204806525093
F6H,565.0,1206.0,0.1736826871523487,0.05171196475765786
F6I,700.0,1450.0,0.1304045370331881,0.04683233963830871
F6K,716.0,2304.0,0.7658844607888202,0.04365456484477386
F6L,1264.0,1161.0,-1.0428383545741173,0.04156342869146289
F6M,381.0,751.0,0.058792378857019045,0.06349180908138291
F6N,770.0,1694.0,0.21728242820538046,0.04431778784143985
F6P,454.0,128.0,-2.7466784340587136,0.10044675680039165
F6Q,1047.0,8561.0,2.111294913749773,0.03386703355834999
F6R,280.0,1023.0,0.9490591155779304,0.06799908216515425
F6S,382.0,520.0,-0.4752819133717239,0.06793996659349233
F6T,935.0,586.0,-1.5942673868459867,0.05339503158841689
F6V,414.0,436.0,-0.8455152668929999,0.06916641216039056
F6W,460.0,898.0,0.044855410917379324,0.05798711693237537
F6Y,820.0,1404.0,-0.1443710732079584,0.04479742806873649
F6_,1015.0,91.0,-4.399535932183225,0.10976375588290473
F78A,412.0,1365.0,0.8079493854932505,0.0568751924823192
F78C,529.0,2080.0,1.0550126892298977,0.04945863880884306
F78D,533.0,297.0,-1.7638619702223197,0.07292526318842829
F78E,839.0,612.0,-1.3753436556420988,0.053860075526886646
F78G,576.0,3072.0,1.4948062731311325,0.04622409916493023
F78H,239.0,348.0,-0.3781530943615401,0.08445396737260845
F78I,269.0,838.0,0.7190967803407249,0.07060951571665479
F78K,380.0,44.0,-4.030344982712058,0.15946374167153662
F78L,487.0,4135.0,2.1656566412909504,0.048685212436518875
F78M,489.0,2306.0,1.317252020446503,0.05053379086275961
F78N,1956.0,799.0,-2.2118391574430785,0.04287027199307778
F78P,694.0,166.0,-2.9838971783138817,0.08683145476759561
F78Q,649.0,489.0,-1.3285876155603011,0.06050473422143995
F78R,1137.0,100.0,-4.427239651222868,0.104659287402656
F78S,1755.0,12189.0,1.8758189220612946,0.026961176523912105
F78T,704.0,2284.0,0.7776902647166768,0.04396961931008937
F78V,492.0,2166.0,1.2180694842821946,0.050687513248840355
F78W,565.0,968.0,-0.1434653262715857,0.0536469380064764
F78Y,490.0,1398.0,0.5922807077459691,0.05320849314545155
F78_,660.0,69.0,-4.177821421071223,0.12681028620039664
F83A,444.0,842.0,0.003034322152779545,0.059286612968045146
F83C,541.0,1486.0,0.5375057824732847,0.05095492370581198
F83D,635.0,5097.0,2.084589091452315,0.04296554903216511
F83E,345.0,1197.0,0.8745142453347485,0.061716676992677244
F83G,599.0,948.0,-0.25788868636824436,0.0529086855291112
F83H,272.0,424.0,-0.2797722763873214,0.07816544614157082
F83I,519.0,781.0,-0.330632191092481,0.05729053224876107
F83K,662.0,149.0,-3.0716547330768984,0.091085546577202
F83L,667.0,1261.0,-0.0014114553113202533,0.048655006109600704
F83M,479.0,1168.0,0.36571407051057214,0.05494417841317092
F83N,436.0,899.0,0.12376506362618755,0.05899937843919012
F83P,271.0,518.0,0.014422986480788325,0.07546808599407147
F83Q,338.0,618.0,-0.04964662248206686,0.06820304792266758
F83R,569.0,97.0,-3.472459506878315,0.11018493819399783
F83S,605.0,2504.0,1.1289985544773726,0.046122567886765845
F83T,317.0,1577.0,1.3943806769654081,0.06215828673115317
F83V,244.0,619.0,0.42281156685383614,0.0760837833125147
F83W,662.0,2080.0,0.7314546735850636,0.04545750453574096
F83Y,598.0,688.0,-0.7179509512186524,0.056575141930533056
F83_,567.0,48.0,-4.4821782140324675,0.15055795523420967
F85A,1259.0,7320.0,1.6193450014947843,0.031716766876280056
F85C,537.0,508.0,-1.0003029334048819,0.06249555586252059
F85D,369.0,376.0,-0.8930997580823394,0.07378701779777617
F85E,324.0,56.0,-3.452492882491071,0.1449667056472171
F85G,523.0,310.0,-1.6747346537426102,0.07219957289622
F85H,307.0,93.0,-2.6430387825027326,0.11867527789805235
F85I,1159.0,1226.0,-0.8391331434122664,0.041875123361183625
F85K,612.0,72.0,-4.007496929949989,0.12488389396926479
F85L,464.0,436.0,-1.010005549466296,0.06725859011357029
F85M,486.0,1592.0,0.7915806184449385,0.052543069846602945
F85N,584.0,1141.0,0.04603558216936765,0.05161184509589633
F85P,437.0,246.0,-1.7491602082937199,0.08017617580548449
F85Q,266.0,379.0,-0.40945544347777574,0.08045356785841566
F85R,474.0,48.0,-4.223721530139072,0.1517027379200467
F85S,982.0,1667.0,-0.15675773807710236,0.04114927209073917
F85T,723.0,1031.0,-0.4082400564802562,0.0492757144098581
F85V,169.0,318.0,-0.008247353828990889,0.09558468213052819
F85W,616.0,1289.0,0.14502690395662743,0.04974139162625765
F85Y,329.0,815.0,0.38847545096605973,0.06588980727969773
F85_,447.0,45.0,-4.232200512109821,0.1566187666453471
F91A,581.0,252.0,-2.1252928881050366,0.0759230128176227
F91C,507.0,298.0,-1.6868643358525537,0.07350514525371124
F91D,737.0,991.0,-0.49299545495657515,0.04940619237759852
F91E,789.0,667.0,-1.1625460702140806,0.053307650071596616
F91G,565.0,521.0,-1.0371762144471202,0.06135385672506568
F91H,710.0,565.0,-1.249773818236826,0.05703838747174511
F91I,386.0,322.0,-1.1817436065319136,0.07596819517585829
F91K,646.0,213.0,-2.520846212305668,0.07948361799255044
F91L,538.0,509.0,-1.0001498645306226,0.06243689658566519
F91M,529.0,721.0,-0.47348660107371643,0.057899338071004544
F91N,548.0,578.0,-0.8433186427070867,0.060248856358562274
F91P,837.0,566.0,-1.484628192870379,0.05510488810401074
F91Q,386.0,452.0,-0.6924944080506492,0.06984277697094249
F91R,196.0,75.0,-2.3059832879570354,0.1360455913032728
F91S,587.0,567.0,-0.9702217770956647,0.059516824648349155
F91T,574.0,617.0,-0.8159928749826895,0.058633742864996646
F91V,846.0,763.0,-1.0691836270910242,0.05067232515645093
F91W,180.0,194.0,-0.8121569136750617,0.10384934769040695
F91Y,643.0,249.0,-2.288848369467308,0.0751409032539411
F91_,576.0,48.0,-4.504897892971431,0.1504664132938059
G101A,572.0,623.0,-0.7969959242787734,0.05855252732734387
G101C,643.0,185.0,-2.7174487980074007,0.08387708628198973
G101D,501.0,243.0,-1.9640345925070273,0.07865171159601009
G101E,631.0,290.0,-2.041771097010603,0.07147016509013657
G101F,482.0,56.0,-4.025517620020725,0.1414343204610777
G101H,661.0,115.0,-3.4431236658972972,0.10140413754913581
G101I,1107.0,73.0,-4.842641240237071,0.1211410528061546
G101K,565.0,71.0,-3.9123931656625404,0.12620408220985982
G101L,230.0,27.0,-4.010341916559409,0.20358297657935456
G101M,533.0,97.0,-3.3781680998273353,0.11072226359350366
G101N,725.0,196.0,-2.807284510721119,0.0809699848129902
G101P,507.0,51.0,-4.233373072465488,0.1471441928870596
G101Q,597.0,110.0,-3.360331300991896,0.10411610412280575
G101R,1343.0,120.0,-4.404454392373678,0.09566766245548963
G101S,530.0,319.0,-1.6526288070905242,0.07138992523170797
G101T,632.0,73.0,-4.033992276488541,0.12391155682091973
G101V,369.0,30.0,-4.540355564975149,0.19001906794734666
G101W,476.0,45.0,-4.322885287939599,0.15618305877598188
G101Y,1010.0,166.0,-3.525238399450169,0.08419554213948172
G101_,502.0,45.0,-4.399609508840242,0.15583434742781177
G102A,658.0,63.0,-4.3046676703265465,0.13215633578565436
G102C,600.0,56.0,-4.341441087881725,0.13998449963978585
G102D,671.0,87.0,-3.8672920192173574,0.11427287167886682
G102E,473.0,43.0,-4.379337523640794,0.15949794258889263
G102F,650.0,63.0,-4.287020074354768,0.13222708200602837
G102H,262.0,25.0,-4.309255788618096,0.20946532222797357
G102I,722.0,73.0,-4.226063709713421,0.12311313023613031
G102K,815.0,86.0,-4.164452326444029,0.11370400371538503
G102L,817.0,83.0,-4.219207562768763,0.11552395068685394
G102M,895.0,95.0,-4.155963404426108,0.1082477732973684
G102N,762.0,67.0,-4.427572494208187,0.12771268979315728
G102P,536.0,48.0,-4.401063951116581,0.15089631338710563
G102Q,937.0,84.0,-4.3996423484113185,0.1142174938803895
G102R,775.0,71.0,-4.368331689621837,0.12428956560732501
G102S,338.0,37.0,-4.1112897642520245,0.17335882830188537
G102T,432.0,39.0,-4.389359680087152,0.167404541562969
G102V,660.0,63.0,-4.309046044397351,0.13213891139365627
G102W,722.0,51.0,-4.743377688893848,0.14513472424973098
G102Y,666.0,53.0,-4.571418269339788,0.14297171318123436
G102_,667.0,56.0,-4.494162933302121,0.13938525441266045
G106A,352.0,441.0,-0.595015920191317,0.07199595310194723
G106C,473.0,67.0,-3.7396332478025283,0.1308141147090164
G106D,700.0,59.0,-4.488555044230811,0.13583040127773272
G106E,677.0,60.0,-4.41611318463109,0.13496680705732478
G106F,702.0,55.0,-4.593936649340492,0.1402785112890722
G106H,590.0,70.0,-3.9953173708252567,0.1267029079671515
G106I,707.0,57.0,-4.552654590018703,0.13795019416161816
G106K,540.0,39.0,-4.7112810959699525,0.16601607410869293
G106L,930.0,79.0,-4.477349938358091,0.11750297697492292
G106M,542.0,47.0,-4.447490759520493,0.1522895951185266
G106N,303.0,27.0,-4.40801073749224,0.20099406062982664
G106P,262.0,19.0,-4.705002314150513,0.23768804662137868
G106Q,495.0,46.0,-4.347649184539919,0.15436849863870045
G106R,679.0,56.0,-4.519887364106785,0.13929017772405028
G106S,510.0,78.0,-3.6290054326516117,0.12187978438831977
G106T,594.0,69.0,-4.025820756366859,0.12747232432872607
G106V,401.0,22.0,-5.10761803916344,0.21909510191398773
G106W,659.0,53.0,-4.556174787371153,0.1430274780237741
G106Y,534.0,37.0,-4.77109059351166,0.1701981642264924
G106_,1450.0,133.0,-4.366667105595665,0.09101070666245571
G111A,370.0,985.0,0.49236323333078413,0.06158664122490399
G111C,377.0,624.0,-0.1932445175857831,0.06580315005454045
G111D,477.0,61.0,-3.8871127511461285,0.13624321752699498
G111E,505.0,16.0,-5.899477618674906,0.25400036871359827
G111F,398.0,22.0,-5.096784504432057,0.21913799298551695
G111H,661.0,10.0,-6.965369094068982,0.31857181751716884
G111I,447.0,18.0,-5.553647895589097,0.24049295522535147
G111K,435.0,32.0,-4.684664859828768,0.1833414894498418
G111L,365.0,20.0,-5.109353792827953,0.22976015768908653
G111M,542.0,18.0,-5.831660258807954,0.23967636409178167
G111N,255.0,118.0,-2.0318555813940335,0.11167067472342679
G111P,402.0,145.0,-2.3912898717165048,0.09725555533085098
G111Q,210.0,2.0,-7.627329590231613,0.70876595743967
G111R,799.0,57.0,-4.729137528556483,0.1373586462863377
G111S,469.0,684.0,-0.37581214235275073,0.06057379160836568
G111T,462.0,97.0,-3.1719295781163934,0.11201668430098058
G111V,600.0,47.0,-4.594157835635345,0.1517029177729778
G111W,827.0,41.0,-5.2540680012767105,0.16021403912804
G111Y,877.0,64.0,-4.6964349550440385,0.12976079310743507
G111_,411.0,46.0,-4.079365009836758,0.15570004171355437
G114A,335.0,659.0,0.055885320960213924,0.06765707485955076
G114C,814.0,466.0,-1.7248964800820268,0.058731843437381206
G114D,851.0,100.0,-4.009242698300239,0.10606196784208338
G114E,457.0,57.0,-3.923149703015123,0.14072663161246124
G114F,989.0,97.0,-4.269990607970203,0.10674452852108514
G114H,797.0,75.0,-4.329653854275455,0.12108390393976314
G114I,696.0,68.0,-4.275500113231127,0.1273402827323022
G114K,636.0,89.0,-3.7572209924051174,0.1134991702724672
G114L,303.0,19.0,-4.9147458453526545,0.23659919780499633
G114M,469.0,44.0,-4.3339262824974085,0.1578902337422579
G114N,518.0,62.0,-3.982618030142959,0.13465497570721016
G114P,411.0,67.0,-3.536936059157089,0.1320274336065395
G114Q,838.0,72.0,-4.460909163529456,0.1231069856915445
G114R,2158.0,317.0,-3.687312170341704,0.0607694915536665
G114S,315.0,572.0,-0.059568134845185305,0.07069505061026408
G114T,531.0,106.0,-3.2447495443385774,0.10673023309683158
G114V,589.0,121.0,-3.203376730094484,0.1001828852486888
G114W,788.0,74.0,-4.332632692247855,0.12188426328925357
G114Y,686.0,62.0,-4.387867688029105,0.13288793217612824
G114_,753.0,65.0,-4.454146340642797,0.12955816877391774
G130A,426.0,894.0,0.1491927968708584,0.05950617663664254
G130C,590.0,665.0,-0.7475742474540974,0.05721616827745597
G130D,808.0,76.0,-4.330322884368619,0.12028648597082786
G130E,286.0,33.0,-4.035301422172762,0.18402526509391162
G130F,801.0,142.0,-3.416038605142062,0.09146173017534383
G130H,488.0,67.0,-3.7846732745162655,0.13056550362005187
G130I,222.0,74.0,-2.5050434157445434,0.134502995568546
G130K,557.0,114.0,-3.2087537333056275,0.10315777686857855
G130L,383.0,299.0,-1.2773992014910238,0.07765522674229809
G130M,604.0,2675.0,1.2266890687699434,0.04587481559359742
G130N,561.0,97.0,-3.452031986741636,0.11029860229238271
G130P,340.0,41.0,-3.971740405009805,0.1655308221452485
G130Q,226.0,78.0,-2.4548665049987113,0.13159984406475975
G130R,1265.0,512.0,-2.2251157727196267,0.0530910636339755
G130S,285.0,132.0,-2.0305761945866143,0.10563569054367243
G130T,621.0,309.0,-1.9271738493703312,0.07015331675690079
G130V,368.0,691.0,-0.011249256432987131,0.06511175871721812
G130W,341.0,53.0,-3.605688476519748,0.14789150461335587
G130Y,987.0,153.0,-3.609649633790071,0.08731407741130963
G130_,399.0,50.0,-3.916347269448349,0.15025734674548546
G139A,444.0,263.0,-1.6756853913830483,0.07829051620067977
G139C,901.0,155.0,-3.459392704348507,0.08738494659469602
G139D,660.0,53.0,-4.558362313439441,0.14301944053821117
G139E,834.0,64.0,-4.6239063441931965,0.12998712230380807
G139F,351.0,31.0,-4.420917577145487,0.18754106304150797
G139H,866.0,58.0,-4.820221035556946,0.1358977367265378
G139I,358.0,55.0,-3.6224449534164913,0.14507514488452328
G139K,401.0,47.0,-4.01280950386126,0.15440479192823245
G139L,655.0,76.0,-4.027466668725833,0.12148219832845016
G139M,1088.0,137.0,-3.90954959177083,0.0910654331615573
G139N,183.0,20.0,-4.113340285635204,0.23561464593265063
G139P,872.0,90.0,-4.196398358317664,0.11104827382354769
G139Q,764.0,74.0,-4.288010275950056,0.12204768576443913
G139R,804.0,81.0,-4.231252408487078,0.11688878161092778
G139S,1012.0,667.0,-1.521654125711974,0.05062042102809488
G139T,684.0,432.0,-1.5831635851104897,0.062062829147413894
G139V,759.0,90.0,-3.9961725720977554,0.11181435049972416
G139W,620.0,59.0,-4.313470996977976,0.1365072309521663
G139Y,802.0,68.0,-4.480012304213276,0.12659247168101623
G139_,789.0,72.0,-4.373985289007382,0.12340760836734281
G143A,276.0,92.0,-2.505068841018744,0.12069178764946492
G143C,698.0,81.0,-4.02728666849656,0.11769395002777122
G143D,656.0,73.0,-4.087762697791768,0.12367775658956484
G143E,630.0,40.0,-4.897153070397441,0.1632669426235509
G143F,584.0,62.0,-4.155631153820343,0.13384243447723257
G143H,1038.0,92.0,-4.416096740715135,0.1091184325679151
G143I,355.0,26.0,-4.69093223478983,0.2033190593868759
G143K,1222.0,120.0,-4.268240436440809,0.09605222253971148
G143L,739.0,76.0,-4.201543622865099,0.1207658557871136
G143M,821.0,394.0,-1.9793784243073693,0.061895760836660284
G143N,472.0,55.0,-4.021262492581855,0.14273114158778274
G143P,333.0,33.0,-4.254801332989854,0.18267958225514455
G143Q,607.0,56.0,-4.358174826357123,0.13991583387053905
G143R,854.0,74.0,-4.448671717501083,0.12148127709615672
G143S,521.0,151.0,-2.7068778498584747,0.09282506969567515
G143T,646.0,172.0,-2.8292749332205975,0.08623598866122681
G143V,534.0,58.0,-4.122704109825978,0.13851389056132357
G143W,1007.0,140.0,-3.7666871075303376,0.09061154657291788
G143Y,729.0,66.0,-4.3853929771301585,0.12882550100911863
G143_,352.0,44.0,-3.919924012931375,0.16011871719549392
G145A,708.0,374.0,-1.840903768723539,0.06450737422808378
G145C,537.0,493.0,-1.0435429197339898,0.06297289684985825
G145D,769.0,97.0,-3.9070078583764776,0.10809095916900713
G145E,674.0,61.0,-4.385863236272596,0.1339756684082143
G145F,737.0,94.0,-3.89100893833145,0.10985930343351472
G145H,801.0,55.0,-4.7842653214412225,0.13964957379670576
G145I,420.0,75.0,-3.4054797059687774,0.1256483906964783
G145K,329.0,33.0,-4.237367266375614,0.18277947981559373
G145L,811.0,121.0,-3.6648043056940702,0.09783596920795196
G145M,445.0,152.0,-2.4698823969753,0.09434363616164193
G145N,113.0,15.0,-3.8326654328893603,0.27485649505868603
G145P,461.0,229.0,-1.9295983243298043,0.08130706296389756
G145Q,578.0,57.0,-4.262018421889742,0.13908962143934397
G145S,364.0,359.0,-0.9401649302201713,0.0748844550356298
G145T,434.0,342.0,-1.2639006513895268,0.07282205770983613
G145V,413.0,178.0,-2.1344292999483736,0.09007761879829901
G145W,588.0,49.0,-4.504903514464146,0.14892856385663916
G145Y,640.0,51.0,-4.56945331704055,0.14574478172906627
G145_,145.0,16.0,-4.099318055893872,0.2634997241565689
G147A,777.0,119.0,-3.6270612385417618,0.09881652979962939
G147C,605.0,118.0,-3.2782607475322774,0.10100391075896818
G147D,471.0,84.0,-3.4073355936310614,0.118749773107791
G147E,930.0,207.0,-3.087756643374875,0.07733697926857037
G147F,880.0,75.0,-4.472575946522989,0.12059424992487162
G147H,361.0,35.0,-4.286410709372934,0.17722398429085887
G147I,543.0,60.0,-4.097914807623866,0.13631046424240206
G147K,224.0,16.0,-4.7267287997485905,0.2588438041032093
G147L,696.0,35.0,-5.233479943264564,0.1734217264444972
G147M,547.0,71.0,-3.865683971392749,0.1264346089145573
G147N,497.0,82.0,-3.519614012870367,0.11950202288133858
G147P,621.0,60.0,-4.291552540932339,0.1354593517575132
G147Q,1058.0,147.0,-3.7675779399319476,0.08844487322297011
G147R,294.0,33.0,-4.075101057655422,0.18376659599364245
G147S,368.0,69.0,-3.335078507169187,0.13146496716527808
G147T,859.0,223.0,-2.865777398620393,0.07565250328096396
G147V,826.0,103.0,-3.923585725332913,0.10484989773551029
G147W,306.0,31.0,-4.2229842438226575,0.18865469966784237
G147Y,721.0,120.0,-3.507075519397338,0.09896791834466005
G147_,808.0,84.0,-4.185951051653428,0.11496094938906087
G148A,110.0,135.0,-0.6247792781072574,0.12873231167834492
G148C,500.0,153.0,-2.628541880711058,0.09279303397403439
G148D,749.0,79.0,-4.165088689542401,0.1186034906833477
G148E,745.0,66.0,-4.416714163137189,0.12871111170564772
G148F,1178.0,138.0,-4.0137179504972815,0.09038698787664047
G148H,459.0,52.0,-4.061875517355957,0.14656309252145822
G148I,340.0,43.0,-3.9030440173923724,0.1620696253131867
G148K,446.0,37.0,-4.511299892296116,0.1712801599512429
G148L,537.0,53.0,-4.260823383908159,0.14422757894724164
G148M,965.0,115.0,-3.9889954608942046,0.0990263671286875
G148N,214.0,26.0,-3.9607507821554133,0.20783285759329886
G148P,1606.0,502.0,-2.5979037438784442,0.0518625097697602
G148Q,767.0,96.0,-3.9181996791771354,0.10860208228162192
G148R,1034.0,95.0,-4.364237835677602,0.10755176942878562
G148S,502.0,182.0,-2.3839092614717208,0.08695551969639857
G148T,354.0,46.0,-3.863981628117565,0.1569530220293585
G148V,1304.0,345.0,-2.838455725335375,0.061158798181287194
G148W,768.0,97.0,-3.9051305955634366,0.10809879104925062
G148Y,841.0,108.0,-3.8811689416599586,0.10257931127921341
G148_,759.0,72.0,-4.3180605971316,0.1236104058796455
G163A,947.0,3588.0,1.001521470201264,0.037546340451769314
G163C,734.0,1291.0,-0.10558232351302,0.04703225698207235
G163D,613.0,892.0,-0.37906160079196205,0.053173536867032446
G163E,566.0,211.0,-2.3437270465003417,0.08112294205156277
G163F,898.0,477.0,-1.8329228752719962,0.05731519915155729
G163H,684.0,1068.0,-0.27737504260113344,0.04973282970401245
G163I,662.0,607.0,-1.0453436017723128,0.056859802293588904
G163K,331.0,66.0,-3.246329174985254,0.13507532409707673
G163L,700.0,172.0,-2.945093967573226,0.08554082713690307
G163M,719.0,458.0,-1.5708436137960717,0.06040882618992272
G163N,2550.0,17846.0,1.8868158677779518,0.02287480837941084
G163P,924.0,1937.0,0.14764015591830582,0.04090923569040618
G163Q,501.0,457.0,-1.0528245415255668,0.0652623219817252
G163R,1008.0,83.0,-4.52229187216484,0.11451577011843676
G163S,715.0,3248.0,1.263309874054244,0.04220816582843291
G163T,861.0,1374.0,-0.245920270437205,0.044320311783361946
G163V,378.0,944.0,0.4001668659741382,0.061480159986708395
G163W,510.0,466.0,-1.0503754971179289,0.06466598151073864
G163Y,910.0,652.0,-1.4011991833461632,0.05203531906585623
G163_,710.0,53.0,-4.663713774240865,0.1426459346787549
G166A,485.0,386.0,-1.2495871465956911,0.06875671762495837
G166C,432.0,651.0,-0.3285958791274153,0.06265702311909793
G166D,462.0,1322.0,0.5965262303545016,0.054735234028381145
G166E,573.0,1266.0,0.22344570277613052,0.05108933368844659
G166F,893.0,715.0,-1.2409237873941583,0.05092599263570006
G166H,549.0,77.0,-3.753925601683715,0.12199120307236942
G166I,1116.0,2393.0,0.1802655953515897,0.037269285889941973
G166K,628.0,68.0,-4.127179610713977,0.12794966968526417
G166L,576.0,1092.0,0.002609428497109434,0.052219633278499406
G166M,597.0,1156.0,0.03311599985761404,0.05113829130885334
G166N,648.0,1795.0,0.5496930236196063,0.04664067561135411
G166P,1041.0,4750.0,1.2697357475388529,0.035301530241902114
G166Q,641.0,1621.0,0.41826334629358897,0.047455284263794695
G166R,331.0,23.0,-4.766752789493864,0.21576720987678966
G166S,681.0,365.0,-1.819950869529765,0.06544558645356213
G166T,737.0,463.0,-1.590851717397923,0.05993063372168608
G166V,848.0,1242.0,-0.36968726914178696,0.04538110259224285
G166W,1136.0,113.0,-4.24966406617675,0.09901573099807977
G166Y,1048.0,913.0,-1.1191607918914936,0.04609266994823605
G166_,680.0,59.0,-4.446735474701784,0.13598497527258208
G187A,723.0,1220.0,-0.16540540917190683,0.04772670893765299
G187C,2146.0,36511.0,3.1683919986871354,0.023841909547180642
G187D,401.0,923.0,0.28249718877964813,0.06043328452687796
G187E,550.0,1122.0,0.10834490396207563,0.05276810602722909
G187F,313.0,269.0,-1.1387598211854693,0.08358939308471458
G187H,644.0,899.0,-0.43895680267814274,0.05234665412477365
G187I,344.0,366.0,-0.830778313100514,0.07559182911147727
G187K,2089.0,2299.0,-0.7820175330234784,0.03144411048239006
G187L,317.0,378.0,-0.6663148258959497,0.07664837820761417
G187M,488.0,637.0,-0.5358055661721286,0.06077860647433667
G187N,761.0,1410.0,-0.03049279797579274,0.04580747326383193
G187P,754.0,1095.0,-0.3819223931442153,0.04810969367727774
G187Q,790.0,1167.0,-0.35733677267317354,0.04688031620508784
G187R,587.0,601.0,-0.8862069607498553,0.05867265901986874
G187S,745.0,1190.0,-0.24456887446305942,0.047514834885424385
G187T,771.0,1528.0,0.06662163209320227,0.04501680371551112
G187V,1179.0,1322.0,-0.7550537409290339,0.04098365230242107
G187W,758.0,458.0,-1.647048659158366,0.05981361760082741
G187Y,1336.0,1296.0,-0.9640648321428573,0.039939491423358134
G187_,658.0,61.0,-4.351202749303779,0.13411023807143235
G18A,343.0,472.0,-0.45964408787014044,0.07147749771948593
G18C,751.0,149.0,-3.2536338411643237,0.09009753485903717
G18D,408.0,45.0,-4.100497917941411,0.15729994268098674
G18E,343.0,38.0,-4.094010582393858,0.17117038174254917
G18H,568.0,55.0,-4.288361396812573,0.14147124082909637
G18I,486.0,58.0,-3.98682335001385,0.13917990013700773
G18K,252.0,18.0,-4.726821771877196,0.24406530191422446
G18L,852.0,82.0,-4.297209496697729,0.11594135011326967
G18M,486.0,64.0,-3.8448276607340794,0.13324862628233805
G18N,91.0,12.0,-3.841999799315632,0.3071267113883796
G18P,689.0,227.0,-2.5219799466252697,0.07701634002566068
G18Q,566.0,59.0,-4.18200705453493,0.13706969077132078
G18R,465.0,35.0,-4.651633650549313,0.17546744890205115
G18S,1366.0,4367.0,0.7564669138560203,0.03218874478259498
G18T,1018.0,160.0,-3.5897286331948015,0.08548090207894089
G18V,482.0,61.0,-3.9021563176304515,0.13616338702883912
G18W,575.0,57.0,-4.2545110154452646,0.13912206549482908
G18Y,534.0,48.0,-4.395670793153288,0.15091946417493235
G18_,39.0,1.0,-6.191627676114267,1.0078732704087945
G20A,456.0,1951.0,1.1768729295255769,0.05273097761435454
G20C,569.0,66.0,-4.027908379888939,0.13031394695934617
G20D,570.0,45.0,-4.582880635500072,0.15507000623464373
G20E,704.0,77.0,-4.112689095638689,0.12033631018478035
G20F,444.0,38.0,-4.466352114870009,0.16922214457321602
G20H,571.0,141.0,-2.937929409528037,0.0944354014031799
G20I,467.0,44.0,-4.3277610414280145,0.1579191469773112
G20K,949.0,80.0,-4.488381934551129,0.11673574418562264
G20L,298.0,31.0,-4.184766187238755,0.18888705815333398
G20M,903.0,109.0,-3.9704923538741017,0.10176416054456584
G20N,527.0,65.0,-3.939307653796357,0.1317376661591997
G20P,1280.0,195.0,-3.6347459455261304,0.07735795144934166
G20Q,752.0,64.0,-4.474593508675111,0.1304890613238946
G20R,800.0,66.0,-4.51947240623355,0.12835213589757283
G20S,1967.0,4678.0,0.32967977775304336,0.02823505858347581
G20T,374.0,33.0,-4.422312676499344,0.18177635228196207
G20V,631.0,80.0,-3.8996215137753314,0.11898850882835132
G20W,363.0,41.0,-4.066172518402374,0.1649669911239383
G20Y,784.0,50.0,-4.890794421628963,0.1461046246152412
G20_,1290.0,191.0,-3.675873049960989,0.07801014281255288
G217A,1101.0,124.0,-4.070510080773548,0.09511671451657297
G217C,647.0,69.0,-4.14912154801862,0.12693026153519354
G217D,1120.0,74.0,-4.839858462688129,0.12033122362822618
G217E,422.0,43.0,-4.214744025059985,0.16029686701777654
G217F,436.0,49.0,-4.073424047939735,0.15090590167648352
G217H,371.0,37.0,-4.245681908071521,0.17259819273923568
G217I,976.0,87.0,-4.407853681704781,0.1122166570175759
G217K,437.0,42.0,-4.299072477869078,0.161762789231429
G217L,974.0,85.0,-4.438442994929105,0.11342430103594385
G217M,1028.0,90.0,-4.4338360720917755,0.11026194476245108
G217N,1172.0,101.0,-4.456625723121804,0.10405917326098993
G217P,252.0,32.0,-3.8970972762378917,0.18783876205140831
G217Q,1055.0,97.0,-4.363190268237149,0.10644783023201895
G217R,838.0,77.0,-4.364060633847558,0.11938884521845945
G217S,676.0,64.0,-4.320886250117502,0.13106064867998754
G217T,391.0,49.0,-3.91626832861337,0.15177794678835416
G217V,255.0,21.0,-4.52161663096884,0.2271406263099745
G217W,713.0,79.0,-4.094026020050238,0.11888732992365238
G217Y,1013.0,75.0,-4.675632539367411,0.1199740783584617
G217_,495.0,71.0,-3.721574434187393,0.1271917898143809
G246A,1119.0,409.0,-2.372225783249445,0.05842637810949427
G246C,1053.0,326.0,-2.611741889608318,0.0639696472373396
G246D,719.0,102.0,-3.7375121257119925,0.10615473768870651
G246E,756.0,94.0,-3.9277300614937767,0.10970399575345893
G246F,788.0,688.0,-1.1159952795400399,0.052891901779925
G246H,1061.0,370.0,-2.4400129624476605,0.060993396719997796
G246I,802.0,763.0,-0.992129135997982,0.05130821238102103
G246K,907.0,126.0,-3.7677911039491745,0.09546448753700215
G246L,966.0,248.0,-2.8818507069300505,0.07171016699377332
G246M,1494.0,869.0,-1.701955996688723,0.04353321612150693
G246N,2234.0,375.0,-3.49484554747312,0.05647377910773319
G246P,907.0,189.0,-3.1828667672394184,0.08042583934431005
G246Q,645.0,93.0,-3.714074662076295,0.11125179662671678
G246R,901.0,90.0,-4.243596796846002,0.11088195919417834
G246S,3623.0,326.0,-4.394411540333222,0.05846768988804648
G246T,960.0,291.0,-2.642191580239457,0.06747614723612551
G246V,1273.0,1392.0,-0.7912850527308612,0.03973653264362417
G246W,1162.0,1484.0,-0.5673325465598351,0.040118503183636606
G246Y,1203.0,366.0,-2.636904539802364,0.06031981989748135
G246_,669.0,55.0,-4.524472843399481,0.1405287357256647
G247A,1208.0,8124.0,1.8293487421814016,0.03203070772355517
G247C,1061.0,8284.0,2.044680165568522,0.033738394592486905
G247D,921.0,221.0,-2.979316048055927,0.07540234267763421
G247E,815.0,982.0,-0.6512909209955655,0.04817016689007086
G247F,816.0,269.0,-2.5211379044452658,0.07083696566907141
G247H,633.0,85.0,-3.816734701497892,0.11583670590776764
G247I,1458.0,218.0,-3.6617452732315057,0.07312919050648031
G247K,1164.0,74.0,-4.895450301737283,0.12019090380519391
G247L,891.0,196.0,-3.1047252400087064,0.07936730422509636
G247M,1118.0,6923.0,1.7102554638551988,0.033376021666160514
G247N,1123.0,865.0,-1.2967929339965023,0.0460606840944424
G247P,2076.0,3630.0,-0.11405074633657852,0.028848590640828117
G247Q,994.0,706.0,-1.4137826234649848,0.04997502604141221
G247R,1273.0,49.0,-5.619234671095841,0.14582388544609742
G247S,1100.0,6744.0,1.6958791605646493,0.03365158207987701
G247T,558.0,961.0,-0.13595040905782252,0.053923288814525516
G247V,1270.0,359.0,-2.7429547975050257,0.060397845205547286
G247W,816.0,97.0,-3.9925923318223484,0.10774394379716103
G247Y,1360.0,214.0,-3.5880780195097928,0.07404751283459458
G247_,1273.0,159.0,-3.921265224762555,0.0845548285419576
G248A,764.0,4542.0,1.6514565798498917,0.04005142735416568
G248C,958.0,415.0,-2.127105491394895,0.059400989312584716
G248D,1285.0,134.0,-4.18157789682813,0.09118881703134987
G248E,1093.0,108.0,-4.25928068200509,0.10123424969635117
G248F,677.0,69.0,-4.214510681511618,0.126660187841123
G248H,816.0,84.0,-4.200164735824926,0.11490816601527697
G248I,1102.0,108.0,-4.2711113971061865,0.10119733880308159
G248K,1229.0,103.0,-4.496851227074132,0.10293942387812802
G248L,1317.0,91.0,-4.7753082910556435,0.10872978347489072
G248M,887.0,118.0,-3.8302521284598363,0.09836822531964959
G248N,1095.0,110.0,-4.2354483439089545,0.10039114994831883
G248P,1363.0,209.0,-3.62536314841065,0.07478767950235933
G248Q,698.0,58.0,-4.5090850566753105,0.13691646358904236
G248R,1251.0,122.0,-4.278232895887122,0.095239016296383
G248S,1047.0,2001.0,0.014242279729226759,0.03911412713985506
G248T,705.0,75.0,-4.152699749730118,0.12175812904500591
G248V,1762.0,170.0,-4.293741474509288,0.08077504075391898
G248W,574.0,68.0,-3.9974679496709813,0.12853371763204635
G248Y,1227.0,90.0,-4.689128780488489,0.1095442036912677
G248_,619.0,66.0,-4.149417088776102,0.12976813630974512
G251A,1120.0,158.0,-3.745634718834296,0.08542030872488739
G251C,995.0,1106.0,-0.767629376212601,0.044544725626190385
G251D,1363.0,2318.0,-0.15412023243947548,0.03521564219739246
G251E,1793.0,164.0,-4.370738723804896,0.08203643805304515
G251F,573.0,60.0,-4.1754963575558355,0.13595633928664716
G251H,987.0,193.0,-3.2745999808249033,0.07917895086802734
G251I,1221.0,169.0,-3.7731053761376057,0.08252799747212984
G251K,1078.0,89.0,-4.5184701991761145,0.11062275764906843
G251L,610.0,76.0,-3.9247826295854367,0.12194485495505611
G251M,1113.0,184.0,-3.5168213540791893,0.08005009918388498
G251N,868.0,1552.0,-0.08185659122819722,0.04326029131375475
G251P,1145.0,163.0,-3.7325386983130686,0.08416064630640904
G251Q,1010.0,506.0,-1.9173426513469813,0.05514890148385747
G251R,996.0,80.0,-4.558118872229477,0.11652257411445185
G251S,1404.0,191.0,-3.7980440118849037,0.07760567138855913
G251T,1173.0,190.0,-3.5462789353572752,0.07867944554555244
G251V,643.0,85.0,-3.839347584949074,0.11573061102472472
G251W,976.0,88.0,-4.3913674430987815,0.1116332900766296
G251Y,1581.0,194.0,-3.946854447382529,0.07656335385328576
G251_,809.0,69.0,-4.471491073361014,0.12570520590498424
G291A,922.0,1850.0,0.0844678900965512,0.04123337426012484
G291C,779.0,1376.0,-0.09943367425161398,0.045667122446407485
G291D,997.0,1875.0,-0.008992465904981373,0.04014219793321355
G291E,955.0,1771.0,-0.029226262493900812,0.04107098250227364
G291F,1528.0,502.0,-2.526076852958256,0.05216804356348304
G291H,1175.0,2341.0,0.07424718633134653,0.03678707977138331
G291I,959.0,296.0,-2.616110820022117,0.0670527616230083
G291K,1615.0,2191.0,-0.48015790487426013,0.03392150240489183
G291L,3064.0,2518.0,-1.2033478690582982,0.028259074678180136
G291M,1317.0,1636.0,-0.6072956091165418,0.03802111892072268
G291N,1002.0,1791.0,-0.08233438990679698,0.04039065245333275
G291P,1152.0,92.0,-4.566429638410458,0.1086807181188503
G291Q,763.0,1705.0,0.23979545469720254,0.0444091458564398
G291R,1543.0,3149.0,0.10894005124942385,0.032260047442559184
G291S,1252.0,8673.0,1.8720758117783558,0.031449681855211985
G291T,985.0,2613.0,0.4872914937693795,0.038379488393472765
G291V,903.0,736.0,-1.2152274721645178,0.050409832765073215
G291W,1781.0,764.0,-2.1412430660427564,0.04410701929822244
G291Y,2078.0,9481.0,1.2696272830112023,0.025724895178101538
G291_,1173.0,112.0,-4.308726744643412,0.09927410818645459
G305A,2185.0,284.0,-3.8638371252061408,0.0636689342615794
G305C,1089.0,92.0,-4.485293600172476,0.10891150390923554
G305D,925.0,71.0,-4.6235857261829665,0.12344496579919965
G305E,1162.0,104.0,-4.402039212663314,0.10271370180792025
G305F,2902.0,202.0,-4.764764749751029,0.07327963794448084
G305H,884.0,77.0,-4.441155863698422,0.11912851087390317
G305I,1016.0,106.0,-4.180853210848745,0.10243232513146922
G305K,1016.0,107.0,-4.167307950884882,0.10200112703098595
G305L,1247.0,102.0,-4.531901419222628,0.10334382072223675
G305M,670.0,53.0,-4.5800570582897,0.14294036116609513
G305N,1535.0,162.0,-4.164304159347632,0.0830601387147121
G305P,1050.0,111.0,-4.161852395260283,0.10017802124695337
G305Q,921.0,88.0,-4.307688334347701,0.11190699856685729
G305R,970.0,109.0,-4.073750009935016,0.10138764288589007
G305S,1025.0,126.0,-3.9442387266762786,0.09479738889891924
G305T,1098.0,93.0,-4.481572422818556,0.10833899210478934
G305V,940.0,87.0,-4.353633856809083,0.11239135605563533
G305W,828.0,116.0,-3.7556098970595224,0.09951245167362736
G305Y,1495.0,142.0,-4.316301580858982,0.08823670477003363
G305_,1136.0,154.0,-3.803090475920987,0.08630426064200926
G322A,962.0,1005.0,-0.8571248151941342,0.045930075201971926
G322C,868.0,606.0,-1.438580938975461,0.05364014211141029
G322D,580.0,354.0,-1.632498536089849,0.06799966003717531
G322E,630.0,589.0,-1.017293476372255,0.05796643025308223
G322F,683.0,357.0,-1.8561530918022573,0.06588031567648213
G322H,2026.0,1934.0,-0.9872569164275307,0.0329500832567239
G322I,1048.0,857.0,-1.2104794152251905,0.04686260231303571
G322K,1051.0,934.0,-1.09047737057724,0.04579502899367709
G322L,818.0,800.0,-0.9523113221841095,0.050473061300952325
G322M,1036.0,938.0,-1.0635735961111168,0.04589547867529271
G322N,2504.0,12452.0,1.3938555357495117,0.023552799117588803
G322P,562.0,552.0,-0.9461122742431458,0.06054713662775639
G322Q,677.0,760.0,-0.7533696183423375,0.05355298139568936
G322R,1208.0,796.0,-1.5219848132175269,0.046466546468630694
G322S,1136.0,740.0,-1.5385697388070598,0.04802784224216267
G322T,827.0,560.0,-1.4826630607028095,0.05540689685593417
G322V,1559.0,1356.0,-1.1214732400457037,0.03813078797438039
G322W,1753.0,455.0,-2.8660749441199447,0.053322302055615146
G322Y,1402.0,969.0,-1.453124056247654,0.04266508370448816
G322_,968.0,91.0,-4.3311358475084605,0.10998144078175912
G326A,617.0,1032.0,-0.1781197022583756,0.05162139801479364
G326C,1502.0,996.0,-1.5128731615985211,0.041771367128308264
G326D,1311.0,128.0,-4.2765611444125735,0.09300390843109582
G326E,1191.0,94.0,-4.583438365252928,0.10747956257270333
G326F,1036.0,76.0,-4.688915759837823,0.11914894842178328
G326H,1767.0,105.0,-4.992922454376449,0.10081615412950316
G326I,1166.0,101.0,-4.449221005242657,0.10408026747145352
G326L,1437.0,97.0,-4.809003695926765,0.1052576440378059
G326M,1592.0,64.0,-5.556619155020518,0.12777230659336647
G326N,1691.0,127.0,-4.655082071500261,0.09241117331346783
G326P,1946.0,203.0,-4.181107300091146,0.07426172832577378
G326Q,1775.0,206.0,-4.027251753734123,0.07411192212680118
G326R,1551.0,179.0,-4.035306776055112,0.07941088000920296
G326S,1093.0,1680.0,-0.3000476557476581,0.03981464383796031
G326T,943.0,83.0,-4.426126895872104,0.11481394556975592
G326V,759.0,104.0,-3.7876075268222866,0.104914405328196
G326W,528.0,32.0,-4.964181546940067,0.18223393632760354
G326Y,1709.0,145.0,-4.479147416448837,0.08692684749402745
G326_,1153.0,115.0,-4.2457846887389366,0.09816953632186444
G329A,1133.0,3512.0,0.7119254824180392,0.03524781656300326
G329C,954.0,1072.0,-0.7519688059861505,0.04534424726576775
G329D,1294.0,143.0,-4.097871705886421,0.08854589860497168
G329E,1376.0,240.0,-3.439535408558248,0.0704861586866315
G329F,1990.0,2226.0,-0.7585264825409204,0.03204389047699459
G329H,930.0,2122.0,0.26990244504672223,0.040268786522634846
G329I,1231.0,240.0,-3.2788869353285346,0.07109079228464342
G329K,854.0,67.0,-4.592015526739448,0.12715800751138406
G329L,1150.0,246.0,-3.1450684165058114,0.07077781903028087
G329M,1621.0,7354.0,1.261427271622035,0.028774053825312385
G329N,1179.0,297.0,-2.9092034197949133,0.0654990521268962
G329P,1087.0,145.0,-3.826351790277341,0.08883184941225504
G329Q,848.0,2176.0,0.43932112804985657,0.041398728092522895
G329R,1751.0,203.0,-4.028775499359043,0.07464603998695706
G329S,1468.0,3686.0,0.4079873133367302,0.032055528876750984
G329T,1339.0,482.0,-2.3942426281952356,0.05381944597844852
G329V,1758.0,648.0,-2.3600661708928,0.046766201890682806
G329W,2454.0,196.0,-4.566352839317937,0.07472846460664906
G329Y,1091.0,251.0,-3.04005845501118,0.07053760348665745
G329_,1544.0,165.0,-4.1462676092996915,0.08235878563679719
G330A,1520.0,1125.0,-1.3543538655526453,0.04027204980423094
G330C,984.0,108.0,-4.107718963787595,0.1017335659149349
G330D,1521.0,132.0,-4.44652138841176,0.09114663005665989
G330E,974.0,90.0,-4.355990263038084,0.11050622961507264
G330F,1529.0,130.0,-4.476114217415873,0.09176492020522771
G330H,1710.0,220.0,-3.8785746333215663,0.07214642364089312
G330I,1028.0,106.0,-4.197792907516192,0.10237622836427361
G330K,585.0,41.0,-4.754624513002686,0.16176753568469454
G330L,1242.0,117.0,-4.3281839283347034,0.09709011891736684
G330M,973.0,75.0,-4.61751066082173,0.12014308576970635
G330N,1309.0,124.0,-4.320158627027126,0.0943550132253247
G330P,1264.0,116.0,-4.365897677670805,0.0973968487014256
G330Q,1247.0,117.0,-4.333980173368877,0.09707349217623645
G330R,1374.0,136.0,-4.256818746717073,0.09030649975944594
G330S,1345.0,464.0,-2.4555999722447295,0.054531472217429516
G330T,1120.0,109.0,-4.281190097885624,0.1007044492259762
G330V,1252.0,109.0,-4.441924569802369,0.10023598449722543
G330W,1278.0,132.0,-4.195390875140367,0.09182982515594475
G330Y,620.0,50.0,-4.552213850270089,0.14725469300023034
G330_,974.0,76.0,-4.599886320661049,0.11940650638070889
G339A,2017.0,295.0,-3.6935933487772115,0.06293302443437
G339C,1358.0,117.0,-4.457001242139324,0.09673528982511465
G339D,6.0,0.0,-10.151432056552684,10.008319759963738
G339E,1005.0,93.0,-4.353891085743501,0.10872724436585728
G339F,2118.0,196.0,-4.353921112281687,0.07515975268017543
G339H,701.0,59.0,-4.490614537008771,0.135822899631908
G339I,1547.0,141.0,-4.375824015452329,0.08839214023980427
G339K,1426.0,121.0,-4.478996795982857,0.09507946048666555
G339L,1495.0,129.0,-4.454811207115154,0.09216992758824419
G339M,1205.0,120.0,-4.24802946429592,0.09611229982496619
G339N,987.0,79.0,-4.56316841094958,0.11723844635422626
G339P,1246.0,98.0,-4.588453757046429,0.10526475612643474
G339Q,1610.0,151.0,-4.334564530774923,0.0855468220435077
G339R,1510.0,168.0,-4.088149969366217,0.08178838874839912
G339S,1200.0,142.0,-3.999192874576198,0.08916361707974592
G339T,1467.0,118.0,-4.5561085593302675,0.09607592496792759
G339V,984.0,90.0,-4.370726655767412,0.110459011014595
G339W,1891.0,140.0,-4.675766090130958,0.0880126781070999
G339Y,971.0,93.0,-4.304239287744181,0.10888734638923495
G339_,1345.0,109.0,-4.545295383553733,0.09996012114293885
G343A,914.0,164.0,-3.398637044076845,0.0852428045547239
G343C,1236.0,178.0,-3.715871097015646,0.08063363734273961
G343D,1167.0,130.0,-4.0863332986193015,0.09286373515745408
G343E,900.0,100.0,-4.090007644848562,0.1057599426278846
G343F,1310.0,134.0,-4.209376134913835,0.09110735010092437
G343H,1099.0,118.0,-4.13943436760129,0.09725654000963037
G343I,1361.0,128.0,-4.3305601214164735,0.09285313540250954
G343K,1606.0,138.0,-4.460847040378551,0.08912676072931777
G343L,1810.0,121.0,-4.823010365137803,0.09429384702859026
G343M,1486.0,218.0,-3.689188482997072,0.07304077719734116
G343N,1121.0,118.0,-4.168029001831301,0.09716469239997852
G343P,1446.0,124.0,-4.463760037832241,0.09397068993060542
G343Q,1233.0,176.0,-3.728666073268802,0.08104064041665979
G343R,1749.0,174.0,-4.249507291450424,0.07996008241584263
G343S,911.0,572.0,-1.5916373974464717,0.05404600425253809
G343T,1763.0,238.0,-3.8091574388475857,0.06959728798409498
G343V,1605.0,163.0,-4.219760786162906,0.08266019989345821
G343W,1478.0,126.0,-4.47225677252187,0.09320692094885205
G343Y,3474.0,372.0,-4.143399474669851,0.055236022414978485
G343_,1218.0,117.0,-4.300033116903464,0.09717178611474392
G348A,1404.0,227.0,-3.5489363309764856,0.07205834112060623
G348C,1325.0,203.0,-3.6265914242467967,0.07586595814456222
G348D,1117.0,127.0,-4.056838981733867,0.09404099918478043
G348E,1244.0,126.0,-4.223598824589566,0.0938871490837459
G348F,1365.0,150.0,-4.105991813845012,0.0864516293458126
G348H,1417.0,143.0,-4.22887287904158,0.08816629699922057
G348I,866.0,122.0,-3.7475951633595592,0.09708675079719682
G348K,1220.0,119.0,-4.277949140520761,0.09642296018443065
G348L,897.0,67.0,-4.662886632219674,0.12693709927264768
G348M,1035.0,93.0,-4.3963259359759626,0.10859453454147629
G348N,1770.0,215.0,-3.961492721484355,0.07273913407650652
G348P,1238.0,135.0,-4.117095669049646,0.09104764284882683
G348Q,823.0,76.0,-4.356859696614677,0.12019268832483579
G348R,1675.0,126.0,-4.652770450590068,0.0927790712668147
G348S,1356.0,157.0,-4.030650340913422,0.08474399901420207
G348T,908.0,89.0,-4.270879729330129,0.11140497649204133
G348V,1938.0,146.0,-4.6506478052592986,0.08625488843003438
G348W,891.0,111.0,-3.924962856114048,0.10102270001462713
G348Y,976.0,88.0,-4.3913674430987815,0.1116332900766296
G348_,1480.0,140.0,-4.322216021353771,0.08884303396800768
G34A,656.0,677.0,-0.87475153905803,0.05546635612761073
G34C,1278.0,676.0,-1.8389935076709696,0.048340471120289254
G34D,862.0,10779.0,2.724165387719025,0.03644062083664872
G34E,888.0,673.0,-1.3201588574386092,0.05183668649340103
G34F,1445.0,568.0,-2.267302118402045,0.050275597633416526
G34H,1078.0,850.0,-1.2630297177947547,0.04668145805668884
G34I,980.0,183.0,-3.3410848642222097,0.08099164546580442
G34K,1122.0,719.0,-1.5622126690382059,0.048550236800287375
G34L,966.0,429.0,-2.091237722968609,0.05866174704868656
G34M,56.0,14.0,-2.9194383483580406,0.29884211331001187
G34N,2893.0,12075.0,1.1411702927783196,0.02243976410976457
G34P,898.0,100.0,-4.086798124073711,0.10577164102249985
G34Q,818.0,647.0,-1.258541345490749,0.05332088434861815
G34R,816.0,367.0,-2.0729783349917135,0.0634449617726386
G34S,401.0,451.0,-0.750689667575962,0.06918103595174745
G34T,510.0,232.0,-2.0565494216425977,0.0796616062585422
G34V,934.0,232.0,-2.929461882963701,0.07386391536087734
G34W,796.0,437.0,-1.7853311378414922,0.06016318957657606
G34Y,453.0,326.0,-1.3948375551074186,0.07314310602489418
G34_,1136.0,89.0,-4.594075172643876,0.11040848369350288
G364A,1286.0,1654.0,-0.5571447799884099,0.038174032996169185
G364C,1511.0,1600.0,-0.8376431623328315,0.0369035456502254
G364D,1145.0,555.0,-1.9649854032189467,0.05244226114924335
G364E,1436.0,673.0,-2.013576825025123,0.047511078735694
G364F,1546.0,1782.0,-0.7152550940971794,0.03581978537610057
G364H,1282.0,492.0,-2.3018588477766273,0.053736121283147205
G364I,1834.0,1709.0,-1.0220515423990406,0.03471964832754957
G364K,1132.0,109.0,-4.296565187223868,0.10065744555330604
G364L,2007.0,2343.0,-0.6968955691830803,0.03162469987612057
G364M,999.0,1085.0,-0.8010735609543858,0.04469572766905097
G364N,2046.0,780.0,-2.3114595471436923,0.04296344503456865
G364P,2036.0,316.0,-3.6079134054671984,0.061079293899648626
G364Q,1842.0,562.0,-2.6328240634094033,0.04896202188269069
G364R,253.0,16.0,-4.902360070186763,0.2578535271157101
G364S,977.0,1415.0,-0.3858438609082171,0.042488896935194
G364T,1304.0,1589.0,-0.6350376050585376,0.0383569360597352
G364V,1357.0,1280.0,-1.004487146826457,0.03991521941459805
G364W,1216.0,1176.0,-0.968465640905551,0.04180623353803421
G364Y,765.0,869.0,-0.7363167035539506,0.050328657825242304
G364_,1321.0,117.0,-4.417148526698598,0.096841836184106
G369A,1704.0,1513.0,-1.0917231550500275,0.036371029399435414
G369C,1497.0,2552.0,-0.15066075216162345,0.03368846691651328
G369D,1045.0,372.0,-2.41031431572633,0.060992581706214626
G369E,1116.0,184.0,-3.520704753722054,0.08003501217452302
G369F,1134.0,120.0,-4.1604177077199465,0.09638221819801047
G369H,2673.0,181.0,-4.804534803572553,0.07728993038589477
G369I,855.0,77.0,-4.393034467620444,0.11928943852692828
G369K,942.0,74.0,-4.590161129360418,0.1210302196351354
G369L,706.0,235.0,-2.5071773472047347,0.07580643251567483
G369M,903.0,404.0,-2.0805618373400296,0.06047859377732394
G369N,864.0,457.0,-1.8390331522356496,0.05848586613654055
G369P,1630.0,133.0,-4.535485071087817,0.09059134329365637
G369Q,1045.0,115.0,-4.103896411204907,0.09862500360921161
G369R,2042.0,197.0,-4.293860040961406,0.07510435831893181
G369S,1105.0,1738.0,-0.2668339184423507,0.039438641805412566
G369T,1733.0,402.0,-3.0281875611502933,0.056032112447923
G369V,1865.0,401.0,-3.1376841231548354,0.055722169308887175
G369W,1485.0,133.0,-4.401076901880243,0.09092136409965522
G369Y,1306.0,111.0,-4.476615270993126,0.09924190133197386
G369_,2228.0,200.0,-4.3978225457354645,0.0743212461628771
G37A,503.0,1315.0,0.46620390803101763,0.053137078740193855
G37C,493.0,60.0,-3.958552950766924,0.1369938406413204
G37D,619.0,44.0,-4.734270315114256,0.1562455055283327
G37E,441.0,37.0,-4.495035204675884,0.1713543500361508
G37F,878.0,78.0,-4.412717268980201,0.11846043713768648
G37H,805.0,76.0,-4.324956441158861,0.12030565595724556
G37I,246.0,24.0,-4.27722052767296,0.2139842395995598
G37K,551.0,55.0,-4.244523569517543,0.14166308161277832
G37L,558.0,48.0,-4.459095011304985,0.1506523917428833
G37M,794.0,82.0,-4.195496310522146,0.11631049610269377
G37N,260.0,25.0,-4.298201023667459,0.20953538822686804
G37P,579.0,275.0,-1.9943150615323146,0.07374539915711555
G37Q,492.0,50.0,-4.218610004019834,0.14867261487438896
G37R,791.0,62.0,-4.593334014702482,0.13215787657435424
G37S,374.0,99.0,-2.8376415704551805,0.11335246711283702
G37T,587.0,70.0,-3.987963044653956,0.12673708554126248
G37V,912.0,90.0,-4.26110332207029,0.11082157950839219
G37W,534.0,89.0,-3.5050383016104583,0.11481456109052868
G37Y,673.0,55.0,-4.533073009198192,0.1404971231719124
G37_,776.0,63.0,-4.5426334047996395,0.13127911689690075
G41A,517.0,72.0,-3.7641338891731264,0.12608023361472337
G41C,761.0,64.0,-4.491757073614439,0.13042878805583213
G41D,648.0,48.0,-4.674820111482829,0.14982405221001538
G41E,442.0,113.0,-2.8878394461291768,0.10576499088735601
G41F,1259.0,140.0,-4.0888988396595645,0.08950803562290158
G41H,531.0,50.0,-4.32866139585511,0.14816973748063098
G41I,799.0,64.0,-4.562055221423869,0.1301889947955815
G41K,635.0,55.0,-4.449224379058475,0.14081320231667985
G41L,1070.0,318.0,-2.670691117858606,0.0644530255822598
G41M,524.0,43.0,-4.527061183294425,0.1588516100286222
G41N,445.0,44.0,-4.2581453548244514,0.15825395958543867
G41P,786.0,100.0,-3.894614280816266,0.10651908347221378
G41Q,703.0,65.0,-4.355022527705795,0.1299221703809642
G41R,397.0,47.0,-3.998346637033235,0.15448613080980853
G41S,793.0,80.0,-4.229297703809086,0.11762024672833067
G41T,1162.0,90.0,-4.610604257938783,0.10975208914363553
G41V,395.0,37.0,-4.336113011843234,0.17212313173090713
G41W,339.0,27.0,-4.56997316099176,0.2001203557544684
G41Y,2107.0,68.0,-5.873517335107884,0.12350462677881288
G41_,366.0,37.0,-4.226106900958852,0.17270482560057582
G58A,271.0,1297.0,1.3385607353396365,0.06734962078123229
G58C,720.0,3021.0,1.1487312348114735,0.0423668658530288
G58D,800.0,75.0,-4.335074062179675,0.12106447359506617
G58E,432.0,43.0,-4.248531547167065,0.16012568411592654
G58F,311.0,59.0,-3.318140480909422,0.14225567681935353
G58H,1223.0,61.0,-5.2454575351194945,0.13146663841227346
G58I,8348.0,22858.0,0.5329846995040525,0.015446810899216843
G58K,459.0,49.0,-4.1475884085424,0.15052464102702937
G58L,558.0,768.0,-0.4593767564983171,0.05629578632192145
G58M,169.0,413.0,0.36885722691124734,0.09172308943499409
G58N,121.0,20.0,-3.516544077053563,0.24148262659196004
G58P,274.0,151.0,-1.7797953320654178,0.10171846661335167
G58Q,1117.0,128.0,-4.045524555921077,0.093713411143671
G58R,1642.0,157.0,-4.306745436429495,0.08398272066263457
G58S,1841.0,3493.0,0.0037624339901891624,0.03007545080550757
G58T,301.0,1217.0,1.0952468253118273,0.06495306998223987
G58V,922.0,2106.0,0.27144710777563663,0.04042876559661876
G58W,1430.0,111.0,-4.607474563226441,0.09890682417256508
G58Y,626.0,70.0,-4.080763667320159,0.12631769049335007
G58_,420.0,47.0,-4.079594967561616,0.154039060190728
G59A,682.0,95.0,-3.763852495622195,0.10984775205913792
G59C,1048.0,83.0,-4.578434403930941,0.1143503271704078
G59D,312.0,23.0,-4.681470255739039,0.21619310250863816
G59E,988.0,64.0,-4.868367306037858,0.12926624106453963
G59F,635.0,44.0,-4.771086910309257,0.1561151932411467
G59H,685.0,62.0,-4.385763130405252,0.13289593870031255
G59I,890.0,68.0,-4.630213624973615,0.12610459754249964
G59K,980.0,77.0,-4.589889644625081,0.11866250853197499
G59L,517.0,63.0,-3.9567503464729397,0.13371522692074753
G59M,1255.0,96.0,-4.628581246583846,0.10624243365662184
G59N,1088.0,96.0,-4.422574203467612,0.10681646646794053
G59P,424.0,42.0,-4.2555044751181015,0.16197949798161088
G59Q,1039.0,80.0,-4.6190962796005985,0.11634414011331703
G59R,999.0,93.0,-4.3452522536860325,0.10875472253419034
G59S,535.0,40.0,-4.66134419956956,0.1641278224519299
G59T,979.0,88.0,-4.395795109843696,0.11161922689792224
G59V,243.0,12.0,-5.258918502461088,0.2957263436079168
G59W,684.0,62.0,-4.383655498234099,0.13290396815059005
G59Y,790.0,73.0,-4.355915805950281,0.12262800345095268
G59_,906.0,82.0,-4.385866107275556,0.11563927576078732
G66A,1307.0,2259.0,-0.13079039800113135,0.03581680438192028
G66C,492.0,265.0,-1.8128517142069924,0.07668760085797234
G66D,782.0,172.0,-3.104905491934038,0.08466072355409918
G66E,788.0,337.0,-2.145633413005835,0.06566092467093448
G66F,1265.0,538.0,-2.1536547718816133,0.052194594501143284
G66H,549.0,460.0,-1.175378079666415,0.06379963034067648
G66I,325.0,67.0,-3.198246671682851,0.13444344834728267
G66K,778.0,460.0,-1.6783343508074253,0.05944966700802029
G66L,647.0,241.0,-2.344905878032092,0.07595948388502387
G66M,330.0,158.0,-1.9827047523560886,0.09712873507560245
G66N,928.0,384.0,-2.193207346752753,0.06129225110719889
G66P,358.0,330.0,-1.0377010196721175,0.07680166581103344
G66Q,665.0,1609.0,0.3545144763743391,0.04690739346984349
G66R,637.0,488.0,-1.3046161855108709,0.06077860647433667
G66S,1193.0,1319.0,-0.7753615094830506,0.04088308826562746
G66T,659.0,1350.0,0.11438695565934509,0.048303514463686546
G66V,497.0,152.0,-2.6293195207120172,0.09308927500830227
G66W,764.0,405.0,-1.83584486776462,0.062072738205520984
G66Y,142.0,82.0,-1.7123316577006396,0.13896207808019861
G66_,630.0,54.0,-4.464287150791054,0.14204729068066702
G74A,589.0,170.0,-2.712883395381607,0.08749192868268148
G74C,537.0,59.0,-4.1061284661812465,0.13741728277894413
G74D,545.0,79.0,-3.706386410486272,0.12069184339221121
G74E,600.0,56.0,-4.341441087881725,0.13998449963978585
G74F,647.0,68.0,-4.17018008919767,0.12776681026811665
G74H,621.0,56.0,-4.391071042506501,0.13978305075275105
G74I,362.0,35.0,-4.290401459174642,0.17720239520954414
G74K,1074.0,99.0,-4.359500247187122,0.10538570361391052
G74L,655.0,52.0,-4.574866865155189,0.14432197533644847
G74M,556.0,82.0,-3.681449963773577,0.11860535538121109
G74N,892.0,117.0,-3.85063892779975,0.09870363904228131
G74P,221.0,43.0,-3.2815784879047145,0.16688365894327162
G74Q,561.0,60.0,-4.1449625279634414,0.13609355374725346
G74R,808.0,60.0,-4.671309188872656,0.1340767108647468
G74S,569.0,104.0,-3.3719426406976494,0.10699049072233688
G74T,740.0,65.0,-4.429022083064911,0.12964817227394493
G74V,535.0,45.0,-4.4914592635296104,0.15543962039476905
G74W,609.0,70.0,-4.041043881610536,0.1264940691194516
G74Y,534.0,56.0,-4.173321300864524,0.14071831919907274
G74_,1070.0,119.0,-4.088680447106516,0.09701697038712555
G88A,418.0,454.0,-0.8010242573802113,0.06833702160216246
G88C,481.0,929.0,0.02941636288775662,0.05683696098920958
G88D,571.0,339.0,-1.6723990572113978,0.06910944152139538
G88E,372.0,527.0,-0.4177219415580691,0.06826905289038157
G88F,582.0,1060.0,-0.05524884739447522,0.05231288045973172
G88H,333.0,568.0,-0.1498600475959888,0.06955941208440501
G88I,600.0,474.0,-1.2602799258729167,0.06205937175156116
G88K,429.0,237.0,-1.776274221381609,0.08139561322153371
G88L,586.0,630.0,-0.815761431296167,0.05804135174829429
G88M,318.0,396.0,-0.6037461468685494,0.07579452855991918
G88N,221.0,260.0,-0.6857554138424353,0.09190078706421878
G88P,578.0,703.0,-0.6377601173436789,0.05681192960873415
G88Q,910.0,990.0,-0.798650177061555,0.04673378252886537
G88R,1052.0,1070.0,-0.8957350145430825,0.04427413026240395
G88S,225.0,419.0,-0.023215320262262473,0.08310169316820498
G88T,609.0,1426.0,0.3072354003573565,0.04917655046810219
G88V,428.0,442.0,-0.8737763704954276,0.06836558243845257
G88W,832.0,993.0,-0.6650034978568264,0.04779136359255993
G88Y,487.0,869.0,-0.08478949324483853,0.05726383911699122
G88_,635.0,58.0,-4.3726166627179,0.1374345375814202
H123A,1007.0,1884.0,-0.016482263231461403,0.03998609936508593
H123C,703.0,1106.0,-0.26646356231120283,0.04900686103758457
H123D,731.0,1038.0,-0.4143535804821319,0.04905526268570252
H123E,304.0,452.0,-0.3479749654842772,0.07467779131334121
H123F,409.0,387.0,-0.9999761474650146,0.0714416346143033
H123G,538.0,770.0,-0.40296668228202925,0.056854661575707274
H123I,635.0,541.0,-1.1513349261575785,0.059145918018669634
H123K,608.0,901.0,-0.3527628097485094,0.05319437926442951
H123L,665.0,605.0,-1.0566279225652986,0.0568477671232916
H123M,471.0,489.0,-0.8661045979804403,0.0651391720036903
H123N,629.0,1070.0,-0.15374145450989296,0.05098467562160682
H123P,325.0,326.0,-0.9157787656895913,0.07886244717998163
H123Q,713.0,1162.0,-0.21558260732446222,0.04835441308431019
H123R,222.0,274.0,-0.6166069918876893,0.09071311950389689
H123S,431.0,707.0,-0.20620159720955122,0.06172200202376807
H123T,492.0,663.0,-0.4898678838979986,0.06013167626531962
H123V,348.0,390.0,-0.7558285223927497,0.07424677815077729
H123W,850.0,540.0,-1.5747045662712686,0.055707637767149494
H123Y,752.0,767.0,-0.8917173352024204,0.05204421309427673
H123_,774.0,69.0,-4.407685743470047,0.12592733261486058
H155A,860.0,5068.0,1.6387831549561387,0.037883504093807786
H155C,817.0,966.0,-0.6785264888354048,0.04831384684534343
H155D,413.0,141.0,-2.470590111353495,0.09791839001786318
H155E,413.0,115.0,-2.764628281688406,0.10578852289004803
H155F,1107.0,1102.0,-0.9267418149214164,0.043426185505605376
H155G,839.0,323.0,-2.2973200521068753,0.06605169862231475
H155I,780.0,1035.0,-0.5121306941609447,0.04820037017143846
H155K,739.0,163.0,-3.1008442917015246,0.08696448258383657
H155L,1135.0,743.0,-1.531462351364664,0.047979089313617565
H155M,1096.0,572.0,-1.8583595635187011,0.05230380692015732
H155N,576.0,699.0,-0.640991639213464,0.05693630009165241
H155P,384.0,185.0,-1.9737515043323768,0.08991261695562473
H155Q,675.0,282.0,-2.1793734299908927,0.07143178340251866
H155R,744.0,143.0,-3.299416856865488,0.091715061799597
H155S,441.0,273.0,-1.612068449277185,0.07749489253789928
H155T,315.0,212.0,-1.49147618873325,0.08925428639176773
H155V,704.0,828.0,-0.6861586059132785,0.05199245955515721
H155W,778.0,611.0,-1.2688035826909392,0.054745150897651106
H155Y,1038.0,616.0,-1.6730055420497436,0.0515926227773712
H155_,1189.0,81.0,-4.795727906830313,0.11515319127751983
H178A,1703.0,27777.0,3.1075216242529375,0.026424670416791547
H178C,383.0,796.0,0.13519361918681927,0.06278718110953452
H178D,639.0,2142.0,0.8248439260064835,0.04590031115774556
H178E,664.0,1774.0,0.497526392359414,0.046311582732063934
H178F,902.0,1519.0,-0.16829484127597816,0.04291882188143726
H178G,1039.0,2320.0,0.23871060841668346,0.03832171536189936
H178I,487.0,1394.0,0.5970067334022557,0.05334573549068112
H178K,461.0,732.0,-0.2531455637366262,0.06008592596352471
H178L,866.0,2127.0,0.37616035094595457,0.04123022205905727
H178M,760.0,1852.0,0.364790706292184,0.043940785699902556
H178N,628.0,1178.0,-0.012718526635950411,0.050162607187449665
H178P,884.0,2880.0,0.7837283504584867,0.039414420440542414
H178Q,649.0,1540.0,0.3264162305245195,0.04759434146984218
H178R,760.0,1421.0,-0.017384474995529864,0.04576640225574824
H178S,685.0,1336.0,0.043522976272082126,0.0477849002693631
H178T,597.0,1330.0,0.23539921502891392,0.05001954082174266
H178V,904.0,2134.0,0.3189454241445677,0.04061835075840068
H178W,541.0,1150.0,0.1677083643384618,0.05284902008878052
H178Y,438.0,605.0,-0.4542156951457086,0.06333233565349262
H178_,911.0,95.0,-4.181526492971044,0.10815709529927536
H354A,2324.0,2436.0,-0.8523070967550477,0.030263256476810052
H354C,1885.0,3988.0,0.16088597445221442,0.029262935456805625
H354D,1366.0,2598.0,0.007228062985848993,0.034525869292726795
H354E,1112.0,3764.0,0.8388898232178734,0.035213821091289794
H354F,1144.0,2173.0,0.005384274816242929,0.037541656805949286
H354G,586.0,138.0,-3.0063633533135237,0.0950124932322282
H354I,1159.0,1517.0,-0.5318732941507784,0.03996327514247931
H354K,1762.0,1776.0,-0.9087932829551209,0.03472261742308413
H354L,700.0,499.0,-1.4085176806839375,0.0592248721074977
H354M,1370.0,8979.0,1.7921590866902277,0.030271424333629074
H354N,969.0,2199.0,0.26205982985344,0.03951958736231213
H354P,1444.0,164.0,-4.058435922510949,0.08285391828200493
H354Q,1806.0,12362.0,1.854824675100878,0.026639564244544733
H354R,2223.0,1982.0,-1.0857610725559228,0.03208497238325143
H354S,2304.0,2603.0,-0.7441770001420172,0.029887507863779156
H354T,780.0,3192.0,1.1126897703737568,0.040870327517169694
H354V,2160.0,31280.0,2.935920201393705,0.0238746040378172
H354W,897.0,2074.0,0.2890160006681137,0.040890575014212886
H354Y,248.0,612.0,0.3829460577057482,0.07577019406417773
H354_,2234.0,244.0,-4.114834341013929,0.06797709074591127
H379A,792.0,1063.0,-0.49564625826583875,0.04773260774665791
H379C,1029.0,1612.0,-0.27260718480600765,0.04083158090866878
H379D,1480.0,1071.0,-1.386845849035045,0.041041878703118366
H379E,1532.0,1297.0,-1.1604469872729934,0.03871444086357216
H379F,1294.0,2059.0,-0.25010880551195536,0.03651750884013931
H379G,783.0,721.0,-1.039222339496888,0.05233672527257787
H379I,718.0,1038.0,-0.3884663756832367,0.049307065593671186
H379K,819.0,1192.0,-0.37876750914132273,0.04620575774102216
H379L,1031.0,1408.0,-0.4706116212895681,0.041895244656052745
H379M,1744.0,2438.0,-0.4369151447855515,0.03253657014286775
H379N,875.0,906.0,-0.8699834066656198,0.048183516452111705
H379P,1026.0,513.0,-1.9201968146918977,0.054763087112753274
H379Q,1522.0,1805.0,-0.6741818837336533,0.03586232085068014
H379R,959.0,1718.0,-0.07909020588465143,0.04122956927172512
H379S,1047.0,1311.0,-0.5958074073101507,0.042343098643257075
H379T,1332.0,1405.0,-0.8432353905521031,0.039211610781838754
H379V,824.0,1358.0,-0.19945052347300152,0.04500017451951775
H379W,1159.0,1771.0,-0.30853153160533875,0.03876237189060122
H379Y,589.0,964.0,-0.20945489156903374,0.05301098264949536
H379_,409.0,296.0,-1.3867010775664284,0.07680012268085337
H89A,525.0,505.0,-0.9762438224638776,0.06292814181353566
H89C,829.0,832.0,-0.9149995119460108,0.04983205089950515
H89D,639.0,322.0,-1.9089438923862856,0.06888745135414337
H89E,858.0,784.0,-1.0503332821502633,0.0501602244397922
H89F,510.0,686.0,-0.4925068040015992,0.05910598248066347
H89G,614.0,537.0,-1.113524074117537,0.059714883278274185
H89I,636.0,1194.0,-0.011517310744570075,0.049848599228601013
H89K,373.0,255.0,-1.468871361703842,0.08171520494503796
H89L,522.0,485.0,-1.0262738269253555,0.06365965654279633
H89M,552.0,474.0,-1.1399877829812208,0.06321620138543715
H89N,1004.0,1937.0,0.02784688748083841,0.039841337966310154
H89P,348.0,374.0,-0.8162627937429914,0.0749818147797487
H89Q,734.0,689.0,-1.0114856722741559,0.053747591605605334
H89R,515.0,199.0,-2.2919703951756416,0.08391453742206477
H89S,181.0,259.0,-0.4032724785087991,0.09726498880210642
H89T,554.0,661.0,-0.6654507957936397,0.05824881617767148
H89V,366.0,1677.0,1.2757254448870308,0.05833979562055347
H89W,665.0,586.0,-1.102661627147719,0.057317178107823864
H89Y,501.0,910.0,-0.05916787626691633,0.056302076042008736
H89_,355.0,31.0,-4.437265108120199,0.18745546325713297
I100A,424.0,585.0,-0.4558478801162158,0.06436516162510147
I100C,707.0,983.0,-0.44473540366104913,0.05006752839452567
I100D,950.0,133.0,-3.756618860508677,0.09298343298527499
I100E,691.0,115.0,-3.5071581572110135,0.10107976926685944
I100F,634.0,890.0,-0.43089492542440233,0.052686921227938104
I100G,518.0,172.0,-2.510698384632293,0.08842593934706137
I100H,905.0,264.0,-2.6975520332427463,0.07048235295686789
I100K,1048.0,111.0,-4.159101810465281,0.10018709211871829
I100L,187.0,114.0,-1.6341659223227163,0.11913662180130141
I100M,895.0,304.0,-2.4779958976639582,0.06694578427639498
I100N,412.0,73.0,-3.4167242446670425,0.12727508013602706
I100P,262.0,79.0,-2.6497255847790386,0.1286403535528589
I100Q,330.0,61.0,-3.35560298189357,0.13962819707583785
I100R,354.0,45.0,-3.8956835198352584,0.15848384967531434
I100S,654.0,441.0,-1.488712201368254,0.062222323049093996
I100T,562.0,333.0,-1.675241175968143,0.06969438423935859
I100V,215.0,348.0,-0.22548587395827546,0.08717507507199619
I100W,567.0,520.0,-1.045045688019247,0.06133305688007174
I100Y,424.0,382.0,-1.0706987614025802,0.07107203431559686
I100_,827.0,89.0,-4.1360763174025035,0.11188804472252312
I116A,486.0,346.0,-1.4103831408023764,0.07087120228107735
I116C,670.0,669.0,-0.9223657283591651,0.055338301420498275
I116D,739.0,72.0,-4.279535590275978,0.12375454903049965
I116E,698.0,78.0,-4.081727602977017,0.11969369326022669
I116F,468.0,320.0,-1.4686332435097125,0.07305255249836647
I116G,263.0,131.0,-1.9256515926890145,0.10728563983166478
I116H,448.0,204.0,-2.0551019399706547,0.08490512432491151
I116K,397.0,43.0,-4.126642186282323,0.16076163013081463
I116L,827.0,531.0,-1.5593766198827437,0.056280063315710865
I116M,734.0,372.0,-1.9006691910850808,0.06423041055836595
I116N,488.0,234.0,-1.9805514046241726,0.07998453968951837
I116P,662.0,62.0,-4.336491091088688,0.13308662224280074
I116Q,358.0,225.0,-1.5902216417153046,0.08551334157888833
I116R,1434.0,194.0,-3.8060630391488917,0.07698561743465257
I116S,589.0,488.0,-1.191592292754609,0.06182207519306016
I116T,458.0,663.0,-0.38655934343160236,0.06137343006365576
I116V,602.0,1009.0,-0.17512976013454207,0.052222974152599536
I116W,521.0,113.0,-3.1250714998441422,0.10413063910620839
I116Y,628.0,133.0,-3.1594636926663995,0.09584169052817859
I116_,551.0,40.0,-4.7038568438172685,0.1639623958610674
I12A,468.0,46.0,-4.266730870584156,0.15474552867121155
I12C,555.0,188.0,-2.481915242615332,0.08482748348470912
I12D,527.0,92.0,-3.4381786406230095,0.11331790534423117
I12E,473.0,116.0,-2.94783238978148,0.10396698208710589
I12F,499.0,1258.0,0.4137918823844515,0.0536091475054272
I12G,1265.0,147.0,-4.025373466063852,0.08756616089441499
I12H,381.0,340.0,-1.084462561128678,0.07510499048550759
I12K,599.0,109.0,-3.378330477439297,0.1044890335613436
I12L,1455.0,2489.0,-0.1456679177797029,0.03411910407589487
I12M,987.0,1537.0,-0.2812209310997673,0.041699417431751214
I12N,739.0,631.0,-1.1481418936847412,0.05489070231041262
I12P,1227.0,1827.0,-0.3458733522318269,0.037913035503154925
I12Q,816.0,414.0,-1.8991320930061804,0.060958529930461636
I12R,933.0,85.0,-4.376398954596972,0.11362301014646589
I12S,1293.0,223.0,-3.455764000028202,0.0730243772622125
I12T,1064.0,362.0,-2.475621130455969,0.06145943394753746
I12V,436.0,226.0,-1.8681854925080845,0.08242071923980235
I12W,1032.0,153.0,-3.6739699773953216,0.08706072600202427
I12Y,371.0,399.0,-0.8152440450573213,0.0726403096778783
I12_,1146.0,100.0,-4.438614341439623,0.10462628462235034
I135A,710.0,178.0,-2.916091930765927,0.08426837719672879
I135C,916.0,144.0,-3.5894052286789657,0.0900595356566016
I135D,620.0,83.0,-3.8211453106465516,0.11719507313541437
I135E,787.0,91.0,-4.0324958634036046,0.11105630113777173
I135F,702.0,242.0,-2.4566357956706346,0.07504404300470516
I135G,547.0,84.0,-3.6231451111077737,0.1175011982196354
I135H,506.0,162.0,-2.563293906628222,0.09068500768073694
I135K,297.0,33.0,-4.089747337967306,0.1836730980605952
I135L,819.0,308.0,-2.3311147520164353,0.06739956044327605
I135M,633.0,667.0,-0.844730775847415,0.05616091497717311
I135N,570.0,171.0,-2.657117414560764,0.08761867972441338
I135P,638.0,88.0,-3.7780505502627273,0.11403852568005106
I135Q,619.0,144.0,-3.0240045966147084,0.09292207278666664
I135R,663.0,54.0,-4.537943052718918,0.14176892915589281
I135S,503.0,166.0,-2.51952780910279,0.0899268155568754
I135T,343.0,532.0,-0.28700814890694115,0.06978608324093138
I135V,381.0,680.0,-0.08448377676422858,0.06457736629191868
I135W,864.0,2413.0,0.5615031032796876,0.04058177885166021
I135Y,517.0,228.0,-2.101305962137645,0.07996897972185336
I135_,836.0,71.0,-4.477636963255839,0.12391024222402146
I136A,281.0,203.0,-1.3892815524534292,0.09251769852796829
I136C,661.0,485.0,-1.3668684800729167,0.06041288086645081
I136D,711.0,81.0,-4.0539088139977855,0.11758261615259281
I136E,371.0,243.0,-1.53065326604652,0.08297872457189598
I136F,393.0,517.0,-0.5245847122589682,0.06748132839060847
I136G,1368.0,8449.0,1.7064926536398657,0.030404152177081815
I136H,668.0,590.0,-1.099341168884747,0.05715712295533526
I136K,362.0,32.0,-4.419645844057566,0.1846013506342414
I136L,509.0,301.0,-1.6780934593213974,0.07322440378689644
I136M,561.0,2068.0,0.9619338938694613,0.04838514933011419
I136N,532.0,169.0,-2.574555629088545,0.0887217006792551
I136P,411.0,133.0,-2.5478496564304844,0.10013155914843284
I136Q,348.0,1060.0,0.6866663318682908,0.062385371464283745
I136R,696.0,60.0,-4.456044075171549,0.1348173464986867
I136S,697.0,539.0,-1.2910781915530691,0.05800878721379701
I136T,632.0,413.0,-1.5339815482113268,0.0638636745311718
I136V,822.0,915.0,-0.7655793102068236,0.04883114828053333
I136W,735.0,323.0,-2.106395924451994,0.0673162067467158
I136Y,363.0,218.0,-1.655825855024152,0.08612059684184865
I136_,794.0,78.0,-4.2676370749232975,0.11896791986416079
I141A,338.0,652.0,0.02761728650842432,0.06758163773825833
I141C,653.0,990.0,-0.3198728629872756,0.051152004096626305
I141D,678.0,46.0,-4.801498066180321,0.15259219070134494
I141E,586.0,62.0,-4.1605633650511065,0.13382060133291082
I141F,998.0,295.0,-2.6785012886315043,0.06683394474330694
I141G,532.0,394.0,-1.3534319937985488,0.06702788348712345
I141H,387.0,26.0,-4.815443416277637,0.20274548184611302
I141K,660.0,52.0,-4.5858378161160145,0.14428190071776112
I141L,511.0,50.0,-4.273273889349691,0.14841824775171106
I141M,716.0,305.0,-2.1513340691855483,0.06892224726408659
I141N,651.0,52.0,-4.566029637229598,0.144354470075387
I141P,815.0,80.0,-4.268776406133626,0.11747545745583718
I141Q,591.0,52.0,-4.426532474074638,0.14489360601365195
I141R,432.0,45.0,-4.182958113726162,0.15686654480557738
I141S,407.0,258.0,-1.577848133972859,0.08004890664889547
I141T,781.0,334.0,-2.1456605999831693,0.06594984665320919
I141V,447.0,718.0,-0.23651404479182592,0.06086781810152894
I141W,768.0,99.0,-3.875689822040062,0.10713133471794464
I141Y,578.0,57.0,-4.262018421889742,0.13908962143934397
I141_,866.0,83.0,-4.303237510211739,0.11522382146362387
I146A,353.0,629.0,-0.08683697505658206,0.067064501670732
I146C,555.0,1171.0,0.15695684929534526,0.05225705319829049
I146D,609.0,101.0,-3.5121786663530035,0.10778258514952774
I146E,628.0,452.0,-1.3946437173071988,0.06228754583657897
I146F,359.0,197.0,-1.7859660447477177,0.08908641200263416
I146G,939.0,778.0,-1.1915626990728283,0.04924782743235859
I146H,258.0,295.0,-0.7268740002565641,0.08567730719781966
I146K,623.0,102.0,-3.5307556101745563,0.10715940353298091
I146L,299.0,567.0,0.0029695691718174544,0.0719935669225694
I146M,313.0,810.0,0.4515200941807791,0.06711486696707276
I146N,353.0,345.0,-0.9532817497746455,0.07619917487252616
I146P,317.0,754.0,0.3298444308806108,0.06749654494027268
I146Q,329.0,595.0,-0.0654283948563954,0.0692468910209642
I146R,597.0,57.0,-4.308679066291657,0.13889155027160435
I146S,447.0,1109.0,0.3906824873548258,0.05669089999402678
I146T,351.0,845.0,0.34724540639922985,0.06408904922023494
I146V,349.0,235.0,-1.4907571028885416,0.08482601070685247
I146W,716.0,1557.0,0.20051569257625523,0.04597773124793249
I146Y,482.0,241.0,-1.9201809453405634,0.07936572169704206
I146_,407.0,36.0,-4.418805612309333,0.17407490502687634
I15A,516.0,288.0,-1.7614909960495932,0.07406156358897426
I15C,1021.0,153.0,-3.658510023461168,0.08712066052327729
I15D,876.0,534.0,-1.6342914562744877,0.055580843708960194
I15E,628.0,259.0,-2.197990608278719,0.07435222071094463
I15F,470.0,199.0,-2.160061401758716,0.08501502236150053
I15G,123.0,71.0,-1.7128923670117198,0.14928834703234084
I15H,870.0,1189.0,-0.46955391580516537,0.04544793168597445
I15K,279.0,361.0,-0.5484889060584761,0.08018212954512349
I15L,651.0,1125.0,-0.13102466004774982,0.05000022301443111
I15M,913.0,732.0,-1.2389781803392674,0.05036314535972349
I15N,725.0,1373.0,0.0010584578716983373,0.04671921161601761
I15P,1154.0,307.0,-2.8305090481943056,0.06479840359399018
I15Q,368.0,844.0,0.277304247113606,0.06306507867563153
I15R,889.0,51.0,-5.043558517248453,0.14423561472315335
I15S,534.0,203.0,-2.3155268398811577,0.08290691423613225
I15T,785.0,515.0,-1.528321462489659,0.05736414900869509
I15V,1374.0,880.0,-1.5630115568919591,0.04403650830058624
I15W,526.0,73.0,-3.769135117732815,0.1251915532700425
I15Y,263.0,28.0,-4.151314641115919,0.19894405888587977
I15_,398.0,37.0,-4.3470285140233935,0.1720676921558572
I167A,897.0,2617.0,0.6245125875916053,0.039648415356374145
I167C,965.0,1767.0,-0.04751646894080164,0.04095427992746197
I167D,546.0,1696.0,0.7149345214892469,0.049961525719318264
I167E,697.0,991.0,-0.412490615113847,0.050188024447941765
I167F,540.0,1807.0,0.8223355855465746,0.049802455025760625
I167G,352.0,960.0,0.5272221440523941,0.0629090677147313
I167H,469.0,1197.0,0.43153374036607683,0.05516005990134654
I167K,716.0,577.0,-1.2315942905280544,0.0566106646747856
I167L,1187.0,5676.0,1.3373341662437235,0.03307112915006475
I167M,755.0,1984.0,0.47364076354595674,0.04363005942107733
I167N,732.0,1367.0,-0.019122341641010898,0.0466121411133313
I167P,768.0,3548.0,1.2876021989838184,0.04073059185705888
I167Q,710.0,1675.0,0.31804758357259466,0.045612595052148236
I167R,986.0,116.0,-4.007563983911522,0.09853528125752516
I167S,337.0,724.0,0.18300734734259994,0.06650965337655658
I167T,468.0,1031.0,0.21923618854994587,0.05640652246758315
I167V,289.0,429.0,-0.35031901135952115,0.0765904855832412
I167W,956.0,2225.0,0.29850333005357577,0.039629748225736075
I167Y,596.0,1567.0,0.47439506878285087,0.048898351888011844
I167_,1121.0,105.0,-4.3364113976530225,0.10242080785794669
I171A,388.0,719.0,-0.030292874811995496,0.06358554083490314
I171C,111.0,199.0,-0.07805959290313869,0.11877767964031019
I171D,593.0,293.0,-1.9373174066145582,0.07193213194806733
I171E,771.0,801.0,-0.8651401941627981,0.05119072672735535
I171F,780.0,1232.0,-0.2607614347284182,0.04657019613619758
I171G,1213.0,1930.0,-0.25019399728428837,0.037650951402175635
I171H,785.0,768.0,-0.9517968120936704,0.05148788305149596
I171K,716.0,1286.0,-0.07536065658436364,0.04742672314028878
I171L,1071.0,5895.0,1.5403114341140807,0.03432782681046731
I171M,507.0,860.0,-0.15787164307204637,0.05665855153067127
I171N,924.0,1404.0,-0.3166380348820921,0.04323831180878869
I171P,620.0,580.0,-1.016424586350003,0.058412772710966177
I171Q,650.0,1021.0,-0.2687476978704266,0.05092078952634763
I171R,1268.0,979.0,-1.293381497713626,0.04341824430845737
I171S,562.0,1044.0,-0.02674305114258857,0.05303055346147344
I171T,647.0,1285.0,0.06970879535143037,0.04897797286114739
I171V,982.0,2228.0,0.2617352111405067,0.03927107316780071
I171W,712.0,932.0,-0.531762945104644,0.050522184398558934
I171Y,354.0,379.0,-0.8217650759449597,0.074419744499776
I171_,820.0,86.0,-4.173276068894674,0.11367109999483474
I177A,1966.0,5665.0,0.6065969669986315,0.02757232681313878
I177C,570.0,1132.0,0.0696166923205288,0.052084606250257626
I177D,666.0,2213.0,0.8121833501307361,0.045037970606868614
I177E,530.0,1765.0,0.8153739963485522,0.050283123219187174
I177F,280.0,563.0,0.08747132029730587,0.07363786397005295
I177G,574.0,1698.0,0.6444863036070467,0.04905222940465163
I177H,483.0,1459.0,0.6746539322990435,0.053205388554960854
I177K,682.0,1588.0,0.2991443234989015,0.046594417219449125
I177L,373.0,961.0,0.44512625940152795,0.061616002556545826
I177M,263.0,770.0,0.6295486523441323,0.07194364344850748
I177N,546.0,1786.0,0.7895300033929065,0.049663287915474356
I177P,1758.0,15863.0,2.2534404899735976,0.026588179999700725
I177Q,504.0,1592.0,0.7391142587109192,0.051839087321617544
I177R,1162.0,2233.0,0.022156351788266804,0.03719503218936776
I177S,1743.0,5302.0,0.6847476688805765,0.028937769255987244
I177T,395.0,562.0,-0.4115042516459235,0.06622670041616581
I177V,396.0,389.0,-0.9459404953684576,0.07190885454083733
I177W,285.0,207.0,-1.3815229536556481,0.09173003829950485
I177Y,378.0,407.0,-0.8135710352098187,0.07195443940078151
I177_,897.0,67.0,-4.662886632219674,0.12693709927264768
I199A,912.0,1268.0,-0.44476630112840176,0.04427395530051385
I199C,652.0,1166.0,-0.08159671095221199,0.04966297398377534
I199D,701.0,4539.0,1.7746598611431388,0.0414956881110041
I199E,1033.0,1147.0,-0.7691871267616532,0.04376006649300093
I199F,897.0,1346.0,-0.33471772126924293,0.04396382494223759
I199G,1238.0,2142.0,-0.12926862843648657,0.0367377972344957
I199H,618.0,1303.0,0.15593519249184684,0.04960460877893197
I199K,406.0,551.0,-0.4796476354030341,0.0659765808201587
I199L,607.0,1267.0,0.14142484626730933,0.050117319062480695
I199M,1154.0,1209.0,-0.8530404239617084,0.042056310282448994
I199N,368.0,687.0,-0.019624746442374885,0.06517642941632412
I199P,645.0,1222.0,0.001651782441784988,0.04943434098193986
I199Q,1366.0,2241.0,-0.20602983432513478,0.03540272634012527
I199R,926.0,1410.0,-0.3136051597480698,0.043176189876611426
I199S,1597.0,3042.0,0.009440673297153257,0.032093095392876844
I199T,1377.0,2085.0,-0.3216956093104817,0.035789547976582015
I199V,431.0,893.0,0.1307441128852398,0.05928749169428933
I199W,558.0,930.0,-0.18325562342695978,0.05424395296766036
I199Y,543.0,839.0,-0.2925016366216209,0.055754230489391654
I199_,574.0,96.0,-3.5000301627301935,0.11060189074958313
I19A,252.0,84.0,-2.5050588860427254,0.12627948346069984
I19C,375.0,217.0,-1.7093784180244684,0.08573065223935805
I19D,437.0,47.0,-4.136837583161858,0.15373813296515662
I19E,599.0,81.0,-3.806619051098428,0.118695589022286
I19F,433.0,59.0,-3.795579855550697,0.13903511203113567
I19G,926.0,483.0,-1.8591855908885506,0.05679189250534775
I19H,980.0,665.0,-1.4796313112592259,0.05098236102860009
I19K,440.0,56.0,-3.893990854344592,0.14213267348170855
I19L,597.0,1131.0,0.0015738072077580156,0.05132490524462262
I19M,1827.0,2238.0,-0.6274789236514282,0.032699151460070394
I19N,1078.0,547.0,-1.898942324370518,0.053205468918021866
I19P,851.0,99.0,-4.023740810874084,0.10653699274221715
I19Q,1069.0,524.0,-1.9488199756200872,0.05402658670462922
I19R,640.0,70.0,-4.112672411146223,0.12617930078386247
I19S,720.0,237.0,-2.5232798886406247,0.07538678567356923
I19T,278.0,578.0,0.1357467992698531,0.07349920671117857
I19V,288.0,572.0,0.06971058850723377,0.07276942659644356
I19W,428.0,70.0,-3.5322224681603824,0.12920965277204033
I19Y,487.0,82.0,-3.4902905294372237,0.11967475694085591
I19_,627.0,64.0,-4.212330114459388,0.1315009371428787
I205A,1533.0,1514.0,-0.9382032494125445,0.03725420357058901
I205C,999.0,4660.0,1.3015511504969854,0.03592560917153789
I205D,453.0,35.0,-4.613914806455089,0.17562969858752617
I205E,1158.0,144.0,-3.9276176871639725,0.08878389057176324
I205F,372.0,252.0,-1.482071296385783,0.08204427393465719
I205G,694.0,267.0,-2.298273552185127,0.07253375841803142
I205H,810.0,184.0,-3.0583664232877963,0.082122509186369
I205K,1194.0,673.0,-1.7473259487014516,0.04897389657374334
I205L,718.0,829.0,-0.7128253085443008,0.051711342359711414
I205M,823.0,1060.0,-0.5551148661485721,0.047259982973016514
I205N,1039.0,159.0,-3.6282310121296373,0.08559459031050029
I205P,1125.0,164.0,-3.698293014698809,0.08403057052406267
I205Q,889.0,601.0,-1.4850215274500256,0.05351428934953447
I205R,861.0,772.0,-1.077621334274359,0.05031712734702165
I205S,1109.0,474.0,-2.146493849735534,0.05555566449280258
I205T,709.0,1034.0,-0.37583861843484545,0.04952365673997447
I205V,488.0,1075.0,0.21915658830893214,0.055266887385822916
I205W,712.0,431.0,-1.644387037332816,0.06164148796739336
I205Y,1089.0,1101.0,-0.9044005053838733,0.04360721014366048
I205_,772.0,71.0,-4.362736299067097,0.12430973492100028
I209A,546.0,720.0,-0.5211213058838329,0.05740561371724989
I209C,827.0,1271.0,-0.3002121740031143,0.04550843539205796
I209D,398.0,50.0,-3.912727044616042,0.15027829878219856
I209E,1076.0,109.0,-4.223369970233236,0.10088556049052994
I209F,1292.0,1109.0,-1.1405557377870235,0.04184207859220365
I209G,952.0,867.0,-1.055138970222444,0.04773745874799883
I209H,334.0,58.0,-3.445728647920065,0.14250402137457777
I209K,933.0,145.0,-3.605951026785844,0.08968245427787028
I209L,478.0,435.0,-1.0562031096530404,0.06682717090571665
I209M,922.0,1131.0,-0.6254534937798679,0.04520861659652134
I209N,696.0,103.0,-3.6765345120543795,0.10592272147582908
I209P,844.0,82.0,-4.283599225679936,0.11598931677846315
I209Q,1749.0,365.0,-3.1807415193072988,0.058193380957586555
I209R,1099.0,137.0,-3.9240622887496324,0.0910149094680324
I209S,1355.0,2136.0,-0.263595973377309,0.03579428913799303
I209T,747.0,1757.0,0.3137120654240704,0.04452960238319378
I209V,578.0,1603.0,0.5514061918474615,0.04928455031532375
I209W,642.0,261.0,-2.2187015634911074,0.07391850626584813
I209Y,543.0,128.0,-3.0049331262231167,0.0986333767358796
I209_,535.0,53.0,-4.255440287642389,0.14425170971192433
I23A,598.0,473.0,-1.2585098012038038,0.0621401613066737
I23C,590.0,728.0,-0.6169920150396395,0.05606746500273197
I23D,792.0,62.0,-4.595156727280708,0.13215183744633208
I23E,405.0,67.0,-3.5157200932653003,0.13216386509135905
I23F,927.0,552.0,-1.668101375115227,0.054455165031013164
I23G,962.0,143.0,-3.670146735347437,0.09003929608130713
I23H,829.0,165.0,-3.249046922408094,0.08568292384922836
I23K,614.0,59.0,-4.299441664457284,0.13656494740831496
I23L,1272.0,2504.0,0.056919435459360734,0.035504695014924856
I23M,590.0,681.0,-0.7132742995360672,0.056906593160468255
I23N,675.0,104.0,-3.6183975087319737,0.10569288661537107
I23P,698.0,99.0,-3.7378124313945147,0.10773903995563666
I23Q,970.0,1855.0,0.015144562834882969,0.04055939420146211
I23R,1243.0,117.0,-4.329345041821728,0.09708678309653088
I23S,630.0,185.0,-2.6879823520438695,0.08406816418035251
I23T,262.0,499.0,0.009235975747492908,0.07678334894352656
I23V,1538.0,5825.0,1.0009847670518663,0.029948805570958314
I23W,417.0,84.0,-3.231659883908695,0.11990177424540033
I23Y,692.0,478.0,-1.4539629619521577,0.060101072080473265
I23_,473.0,53.0,-4.07774511431267,0.14509842184558658
I240A,1716.0,279.0,-3.5408801002281174,0.06512998321943793
I240C,1639.0,3205.0,0.04729332568532785,0.03157851342993522
I240D,1072.0,240.0,-3.0793628175630463,0.07193321055696895
I240E,784.0,149.0,-3.315673779178142,0.08978596510680856
I240F,801.0,248.0,-2.6116328369106325,0.07318186895663255
I240G,851.0,102.0,-3.980676374637193,0.10513373110764375
I240H,819.0,124.0,-3.643635480629026,0.09674667296145334
I240K,940.0,99.0,-4.167240830652473,0.10601356030772925
I240L,3561.0,3086.0,-1.1267546260441188,0.026075444863561236
I240M,2551.0,4649.0,-0.05435590108972166,0.026118341396258325
I240N,2992.0,3107.0,-0.8657989880784829,0.02703965464666549
I240P,1215.0,132.0,-4.122459938021485,0.09205046871585823
I240Q,1259.0,202.0,-3.5600020010395426,0.07628624681735849
I240R,1206.0,103.0,-4.469596442473471,0.10301476825998877
I240S,1317.0,183.0,-3.767482788535964,0.07936337040187313
I240T,875.0,1004.0,-0.7218086470585696,0.04705227621223472
I240V,847.0,562.0,-1.5119940773496454,0.055090997217794514
I240W,1194.0,116.0,-4.283704719899508,0.09763466125866625
I240Y,1344.0,305.0,-3.0598262997668466,0.06401319951576039
I240_,1235.0,105.0,-4.476134973356061,0.10201803381086322
I242A,1275.0,3528.0,0.5481352120248135,0.03380562204356616
I242C,1199.0,5634.0,1.3121075573754388,0.03296333527968404
I242D,844.0,1088.0,-0.5538510567364439,0.04667971597523093
I242E,471.0,611.0,-0.5447725739414473,0.0619257474579058
I242F,949.0,2002.0,0.15674311003844466,0.04035212856577102
I242G,857.0,2786.0,0.7806056168624824,0.04001062838344193
I242H,861.0,2592.0,0.669758509645975,0.04027771438840976
I242K,1160.0,3015.0,0.4578146690086493,0.03562024693215871
I242L,1290.0,3138.0,0.3622568246680524,0.03418958449084143
I242M,634.0,2290.0,0.9325655217051603,0.04570566817363662
I242N,979.0,1857.0,0.0033752070849679683,0.040435215928328404
I242P,1138.0,426.0,-2.337764909644071,0.05745568933991369
I242Q,892.0,1743.0,0.04623818179955741,0.04206959041899727
I242R,979.0,1946.0,0.07091274662058478,0.040129522787836006
I242S,1087.0,1538.0,-0.4195112048080487,0.040561215074624575
I242T,1452.0,1576.0,-0.8019855761356114,0.03739359344236215
I242V,1296.0,1710.0,-0.520282964027662,0.037834606981857914
I242W,1282.0,2741.0,0.1760892003177883,0.03492736375367257
I242Y,1456.0,4886.0,0.8264256763501923,0.031089243215490003
I242_,728.0,78.0,-4.14243816523419,0.11944682281336177
I244A,840.0,594.0,-1.420130159954728,0.05430471397220598
I244C,890.0,2859.0,0.7634113391140849,0.03934997972756233
I244D,882.0,92.0,-4.181143316179474,0.10989642607430254
I244E,760.0,65.0,-4.467495717836943,0.129510955694002
I244F,945.0,145.0,-3.624388078689445,0.0896065432443381
I244G,1128.0,305.0,-2.807062284881673,0.06511654622848502
I244H,1261.0,182.0,-3.712700970025586,0.07976393506515675
I244K,930.0,58.0,-4.923083580392215,0.13560505530978514
I244L,1346.0,3479.0,0.44977682168084243,0.033248176236405046
I244M,2043.0,3089.0,-0.32376260015964675,0.029803838307954952
I244N,1235.0,356.0,-2.7147439284686348,0.06077570652826965
I244P,894.0,80.0,-4.402249613965628,0.11701307625746575
I244Q,1581.0,208.0,-3.8463325765645027,0.0742632806110236
I244R,563.0,51.0,-4.384519417205878,0.14647604992267052
I244S,1170.0,254.0,-3.123774536314955,0.06976111401439798
I244T,961.0,516.0,-1.817363294613978,0.05525925656776695
I244V,1583.0,3213.0,0.1010442260183515,0.03190625619773554
I244W,1609.0,168.0,-4.179765158017163,0.08153890753070697
I244Y,1172.0,209.0,-3.4075518809954897,0.075582813611505
I244_,874.0,90.0,-4.199703465182118,0.1110364577434287
I249A,698.0,1107.0,-0.25486223168827316,0.04910239339491073
I249C,379.0,757.0,0.07786556857589133,0.06351776069016718
I249D,398.0,24.0,-4.971308246093199,0.21032565005574266
I249E,1406.0,156.0,-4.09210731951686,0.08483009263585238
I249F,1377.0,3600.0,0.46625100167110567,0.03284896868846263
I249G,442.0,230.0,-1.8625932995708494,0.08176243582429152
I249H,793.0,105.0,-3.837023213655037,0.10420646489470743
I249K,1245.0,128.0,-4.202039784514837,0.09322104212655133
I249L,847.0,1627.0,0.021561334782664865,0.043247133740831854
I249M,572.0,981.0,-0.14198340182494462,0.05331646448216949
I249N,772.0,104.0,-3.8121081685988782,0.10480861966443902
I249P,1246.0,122.0,-4.272455221022359,0.0952558548354167
I249Q,560.0,65.0,-4.026929905927788,0.13131259605388101
I249R,672.0,74.0,-4.102901455890174,0.12277958829963154
I249S,1213.0,1216.0,-0.9166472268609747,0.041494864372534725
I249T,1999.0,5987.0,0.6623391149617466,0.02724596308751974
I249V,984.0,1711.0,-0.12210756629425656,0.04093612773648813
I249W,416.0,369.0,-1.0931691707778093,0.07203338551920528
I249Y,791.0,367.0,-2.0280874362751273,0.06374946679862144
I249_,381.0,26.0,-4.792901434681207,0.20284580566875293
I256A,936.0,537.0,-1.7217858651864173,0.05482329768534592
I256C,1686.0,1627.0,-0.9716008508131773,0.035816298855695074
I256D,932.0,65.0,-4.761822750933156,0.12857007950893598
I256E,1683.0,153.0,-4.379556775904218,0.08488086172765183
I256F,1485.0,904.0,-1.6362728852721795,0.0430655917360325
I256G,822.0,1228.0,-0.3411164167976901,0.045890330439678786
I256H,1199.0,134.0,-4.0816420014416055,0.09149435879821972
I256K,988.0,105.0,-4.1542097988774005,0.10300536240653756
I256L,674.0,999.0,-0.35248175272356175,0.05059362699654222
I256M,965.0,409.0,-2.15861865189924,0.059634329773918304
I256N,659.0,55.0,-4.502745424998598,0.14060941381489162
I256P,779.0,78.0,-4.240121745708473,0.11906979694172011
I256Q,826.0,71.0,-4.46027601151583,0.1239686625067003
I256R,868.0,94.0,-4.127036407390526,0.10892333688487396
I256S,931.0,287.0,-2.6179065355845577,0.06806884805037385
I256T,993.0,356.0,-2.400101356408852,0.062378006261926244
I256V,916.0,1941.0,0.16316142163724834,0.041011625606926824
I256W,658.0,224.0,-2.4747572482180615,0.07783885126629017
I256Y,1041.0,221.0,-3.1560112495832024,0.07456778329763067
I256_,1252.0,109.0,-4.441924569802369,0.10023598449722543
I272A,1020.0,295.0,-2.7099584083630877,0.066672068718649
I272C,929.0,512.0,-1.7797330143265633,0.05571865155275303
I272D,1017.0,79.0,-4.606365669175901,0.11711091684131461
I272E,1174.0,120.0,-4.210429042427184,0.09622622847674105
I272F,1338.0,4784.0,0.9179206309450296,0.032116581887875265
I272G,1614.0,178.0,-4.100830198749588,0.07945000551251559
I272H,7489.0,431.0,-5.039192644681842,0.050286453249401925
I272K,1440.0,158.0,-4.108201935751561,0.08425093230114784
I272L,1520.0,1129.0,-1.3492334263183832,0.04023293122546407
I272M,819.0,3327.0,1.1020623545014554,0.03995776637241083
I272N,517.0,52.0,-4.233542118191603,0.1457269257237534
I272P,1368.0,173.0,-3.9033623187016815,0.08115459397768858
I272Q,1597.0,176.0,-4.101854919389,0.07989200287984709
I272R,1069.0,107.0,-4.240668697829693,0.1017616459128842
I272S,606.0,84.0,-3.7709195040008643,0.11674137752099448
I272T,1010.0,492.0,-1.9578209094080785,0.055656399639088215
I272V,1256.0,1317.0,-0.8517925264937007,0.04037987470787695
I272W,1254.0,204.0,-3.5400479527594575,0.07598834719662743
I272Y,1130.0,235.0,-3.185752363763135,0.07221601345366346
I272_,1384.0,148.0,-4.145298685807152,0.08691320372088003
I277A,1398.0,3405.0,0.36407347899600895,0.03292497469204633
I277C,801.0,1762.0,0.21711907741191983,0.04348590729074974
I277D,1881.0,1732.0,-1.0392711348236818,0.03441016936015772
I277E,1233.0,249.0,-3.228119790422056,0.07001423430521242
I277F,1162.0,8804.0,2.001327423759375,0.03239180446070615
I277G,1084.0,2197.0,0.09895249493877234,0.038114713404655866
I277H,629.0,403.0,-1.5624781918984123,0.06439095006321151
I277K,1019.0,1501.0,-0.3614454967393108,0.041504569836874464
I277L,1442.0,2194.0,-0.31472194384111285,0.03499042015577241
I277M,679.0,927.0,-0.47105879568453,0.05124974121052232
I277N,1487.0,5082.0,0.8527739889710979,0.030729945814601214
I277P,1113.0,123.0,-4.097829922493556,0.09540938892766208
I277Q,769.0,726.0,-1.0032238146536647,0.052467430870869934
I277R,1467.0,574.0,-2.273941805286697,0.04998855007777558
I277S,1013.0,1928.0,0.008253242689389317,0.03976044761288398
I277T,594.0,1168.0,0.05528262643511894,0.05113410793925794
I277V,1826.0,2920.0,-0.24293223215780113,0.031067238475891067
I277W,852.0,838.0,-0.9441137794804453,0.04941725332368187
I277Y,915.0,842.0,-1.0401610189756347,0.048534371130195736
I277_,1207.0,123.0,-4.21480099643013,0.09504199346393855
I281A,934.0,1499.0,-0.23771076958323523,0.042577293300872884
I281C,881.0,1221.0,-0.44936615969888916,0.04504577234928469
I281D,636.0,106.0,-3.5050599633824353,0.1052636749930841
I281E,665.0,178.0,-2.8216286217562185,0.0848319828491134
I281F,933.0,1343.0,-0.39470527786139176,0.04349094809808907
I281G,1254.0,1419.0,-0.7418749723340028,0.039714293074933266
I281H,1215.0,1428.0,-0.687172981418863,0.03997974863304318
I281K,1189.0,727.0,-1.6299246109386303,0.04787065193899313
I281L,1258.0,1715.0,-0.47313727758765367,0.038119021747517835
I281M,1259.0,2396.0,0.008133311470859717,0.035870628575478514
I281N,155.0,134.0,-1.1302315049631053,0.11827253691324756
I281P,1597.0,725.0,-2.0595114229997917,0.04561280603834786
I281Q,1130.0,923.0,-1.2121282322403895,0.0452042741408787
I281R,1215.0,130.0,-4.144484563017085,0.09268128783335387
I281S,1829.0,1464.0,-1.2413484307337246,0.0361229277551696
I281T,917.0,1042.0,-0.7358511244671959,0.04610044399133709
I281V,1018.0,1932.0,0.004139952477510533,0.039685902855241394
I281W,1396.0,845.0,-1.6444798321232197,0.04443885455038483
I281Y,1157.0,635.0,-1.7857609930818636,0.050141217715354944
I281_,624.0,54.0,-4.450481571454063,0.14210100217147778
I288A,761.0,1532.0,0.08922752185829186,0.04518680152684329
I288C,995.0,1816.0,-0.0522216590223028,0.04038241430083081
I288D,836.0,317.0,-2.3192027246307303,0.06652592849438724
I288E,1433.0,2399.0,-0.17682038170811154,0.034492565114421066
I288F,1395.0,1638.0,-0.6885421751447613,0.037448687854189075
I288G,1197.0,1270.0,-0.8348062239065301,0.04120530163399125
I288H,564.0,527.0,-1.0181012807178709,0.06120116019474471
I288K,691.0,1071.0,-0.2880174192146665,0.04955725736062138
I288L,930.0,2164.0,0.2981781560058039,0.04015506104894005
I288M,1016.0,2179.0,0.18054733970686154,0.03896450804190655
I288N,921.0,1104.0,-0.6587463616802163,0.04546009279616013
I288P,1245.0,332.0,-2.8270696052999744,0.062371712099342544
I288Q,864.0,1381.0,-0.24360702480559215,0.044233113489802224
I288R,778.0,1111.0,-0.40619967746200025,0.04754449525751296
I288S,924.0,1530.0,-0.19265016382721178,0.042554629221818664
I288T,1126.0,1697.0,-0.32843544947022707,0.03940088702275987
I288V,821.0,1085.0,-0.5179742359254238,0.04706090789256157
I288W,804.0,1416.0,-0.10366477230568627,0.0450004658399079
I288Y,950.0,1252.0,-0.5219793952335419,0.04389080499416826
I288_,976.0,75.0,-4.621951958028294,0.12012993822460373
I295A,1153.0,611.0,-1.8363480043162541,0.050783818196613595
I295C,1265.0,765.0,-1.6458091538665158,0.04661273044219219
I295D,1400.0,647.0,-2.0337880925582166,0.04832099313134864
I295E,961.0,1289.0,-0.4965707682955607,0.04349054689175832
I295F,868.0,1261.0,-0.3814147279374138,0.04494599183492907
I295G,846.0,209.0,-2.937313623093143,0.07772738126197422
I295H,1055.0,651.0,-1.6167159399961752,0.05058655580198651
I295K,1203.0,548.0,-2.0545853861730476,0.05225991871320366
I295L,1663.0,807.0,-1.9633492639295076,0.043766744357937634
I295M,1017.0,601.0,-1.6790838400005574,0.05217477288591054
I295N,1197.0,2419.0,0.09477065265701556,0.036385076108455774
I295P,1028.0,148.0,-3.716298617235042,0.08834093067435997
I295Q,1106.0,272.0,-2.943843709741982,0.06823161279775297
I295R,912.0,100.0,-4.109116256878267,0.10569080331020313
I295S,307.0,303.0,-0.9391311173851573,0.08144022719560245
I295T,1375.0,2243.0,-0.21421693436977618,0.03532935783740154
I295V,1259.0,3163.0,0.4087974991004648,0.03443103272985419
I295W,746.0,89.0,-3.9873665126160374,0.1124732143013619
I295Y,986.0,848.0,-1.1377318765646542,0.04762863081337439
I295_,688.0,53.0,-4.618303964297821,0.14280370814275212
I298A,1171.0,1570.0,-0.4971905235967604,0.039572324795302455
I298C,1031.0,1283.0,-0.6047367865580204,0.04271307116222212
I298D,511.0,832.0,-0.21696153116102757,0.056867249773082267
I298E,1072.0,683.0,-1.5705506331629566,0.04971922289380185
I298F,860.0,614.0,-1.4063021590164162,0.053539534422418864
I298G,918.0,862.0,-1.011016139208544,0.04821264047017199
I298H,866.0,201.0,-3.027327284501925,0.07876969308062216
I298K,824.0,96.0,-4.021616137725436,0.10818607033467872
I298L,738.0,558.0,-1.3235602641353914,0.05676393545224375
I298M,1009.0,1480.0,-0.36754442472017423,0.04173497531595253
I298N,888.0,730.0,-1.2028705720881208,0.050705268882745395
I298P,1431.0,591.0,-2.1959901832046795,0.04965775350215079
I298Q,1165.0,699.0,-1.6571682143365782,0.048621219936472324
I298R,1092.0,329.0,-2.650993604211985,0.06348409582808966
I298S,678.0,823.0,-0.6406074674848332,0.05258348756034336
I298T,2216.0,20456.0,2.2862775982762176,0.02398360876341902
I298V,886.0,1919.0,0.19475646658369783,0.04153100117313425
I298W,923.0,349.0,-2.3232887803172035,0.06343284554474175
I298Y,1300.0,534.0,-2.2037949331731386,0.05212404012903702
I298_,1017.0,83.0,-4.535115785864818,0.11447743208292026
I304A,1093.0,262.0,-2.9808236956758636,0.06932978819599805
I304C,1054.0,454.0,-2.135303450857763,0.05680157442817778
I304D,2435.0,229.0,-4.3306560711197815,0.06965891239116898
I304E,486.0,257.0,-1.8393723801294533,0.07761144643525289
I304F,1621.0,260.0,-3.5604648511304835,0.0673644703273016
I304G,1034.0,363.0,-2.4303798175388582,0.06161915516098019
I304H,672.0,116.0,-3.4544444071074905,0.10091127909989006
I304K,905.0,107.0,-4.000398987692419,0.10259116823926624
I304L,1179.0,2835.0,0.3455669933234842,0.03572069802900221
I304M,2071.0,335.0,-3.548269329995165,0.05952233457161302
I304N,1233.0,1341.0,-0.7990753806699562,0.04039550252001441
I304P,602.0,73.0,-3.963832342633415,0.12422931394593383
I304Q,1675.0,476.0,-2.7353167974440833,0.052658087336902394
I304R,633.0,81.0,-3.886267254090739,0.11831726634784917
I304S,936.0,167.0,-3.40680032993886,0.08444582087098734
I304T,1568.0,611.0,-2.279877739132963,0.04847114666287274
I304V,1412.0,1379.0,-0.9543282630944554,0.038838573403569415
I304W,1488.0,1339.0,-1.0724283627425484,0.038651332519780375
I304Y,860.0,180.0,-3.17648725702929,0.08242020812173317
I304_,856.0,65.0,-4.639104967018127,0.12894000983258008
I309A,1011.0,369.0,-2.374276324697351,0.06143394956282379
I309C,726.0,426.0,-1.6893129996237857,0.0616426867766402
I309D,2168.0,413.0,-3.312333668597586,0.05438352658907224
I309E,1150.0,151.0,-3.8491412879134703,0.08698679361370604
I309F,1459.0,1362.0,-1.0194633515233695,0.038660986289499655
I309G,1095.0,127.0,-4.028140925232298,0.0941365819636539
I309H,1601.0,185.0,-4.0335180376171635,0.07813312712196555
I309K,1272.0,130.0,-4.210626387721465,0.09248210617448642
I309L,1073.0,311.0,-2.706841523676231,0.06497965111887323
I309N,855.0,231.0,-2.8081968647472486,0.07465561263185866
I309P,918.0,88.0,-4.302981382860602,0.11192285083809016
I309Q,1326.0,156.0,-4.007592119616564,0.08508263187890974
I309R,1091.0,116.0,-4.153554125677841,0.09803874253716245
I309S,907.0,222.0,-2.9507046713625167,0.07537832502666666
I309T,1978.0,3793.0,0.019082579573557634,0.029056291486108866
I309V,1736.0,6233.0,0.9239428932994782,0.02848747578959311
I309Y,1460.0,1422.0,-0.9582575159294344,0.038252102553399656
I309_,1889.0,170.0,-4.394149701501717,0.08053850856644837
I313A,1017.0,155.0,-3.634111546049912,0.08665758937810257
I313C,1643.0,520.0,-2.5799408647261983,0.051056297975039584
I313D,964.0,76.0,-4.584997848459199,0.11945109417409286
I313E,1454.0,154.0,-4.159152132826636,0.08518159802945952
I313F,1209.0,420.0,-2.445541470863609,0.057298213847033055
I313G,3108.0,303.0,-4.2787647097326955,0.06080326471851508
I313H,1179.0,139.0,-4.004526255368196,0.09009418902356163
I313K,2015.0,234.0,-4.026355787115659,0.0696036184744893
I313L,1005.0,1487.0,-0.3550063829397283,0.04174412542973111
I313M,877.0,1465.0,-0.17996556151126786,0.043564821244368696
I313N,742.0,135.0,-3.3785832362683363,0.09396603685496491
I313P,943.0,78.0,-4.515752967519017,0.11812861684009028
I313Q,935.0,267.0,-2.728298896229626,0.0699267614029783
I313R,890.0,95.0,-4.14788114868621,0.10827676275656233
I313S,1493.0,266.0,-3.4088823178675036,0.06711267874296335
I313T,977.0,429.0,-2.1075729279534707,0.05856232212617078
I313V,825.0,648.0,-1.268606405556116,0.05320112010999985
I313W,1050.0,127.0,-3.9675999479475745,0.094344232875536
I313Y,820.0,78.0,-4.314121401172157,0.11879997179300426
I313_,2086.0,161.0,-4.6157347507088025,0.08225110970082712
I320A,781.0,1249.0,-0.24283877391022735,0.04643375968125126
I320C,1387.0,3809.0,0.5372270104756356,0.03253578559050477
I320D,1253.0,155.0,-3.935175609673026,0.08558236689709707
I320E,1515.0,876.0,-1.710518948281285,0.04332052318468903
I320F,1407.0,626.0,-2.088585849742488,0.04881815413689354
I320G,1297.0,533.0,-2.2031659734192517,0.05217478400539413
I320H,1714.0,1594.0,-1.0249257223068424,0.035858644751599424
I320K,1527.0,2424.0,-0.2535247353391821,0.03380060221507906
I320L,703.0,1699.0,0.3528663518497117,0.04567383852920625
I320M,1151.0,2127.0,-0.03428442748010152,0.03760335512087232
I320N,1104.0,589.0,-1.8266000828542843,0.051755381755783945
I320P,1044.0,116.0,-4.0900253312339805,0.09824896125045313
I320Q,1061.0,1123.0,-0.8382783550568602,0.04368098906373805
I320R,1183.0,836.0,-1.4210810402587128,0.04600571629700002
I320S,1283.0,921.0,-1.3984545651400366,0.04404824959121113
I320T,1375.0,775.0,-1.7473661559689169,0.04574538193835017
I320V,1410.0,2475.0,-0.10848191605766466,0.034472020522712615
I320W,937.0,203.0,-3.1267245262213414,0.07789837475401687
I320Y,462.0,295.0,-1.5673710957480278,0.07502824479337843
I320_,1570.0,130.0,-4.51429012342966,0.09167181267523844
I342A,696.0,1562.0,0.24601287439791708,0.04638995938921227
I342C,1030.0,1769.0,-0.13992701649762385,0.040139991144010026
I342D,1915.0,777.0,-2.221557730497743,0.043407854211311714
I342E,1219.0,643.0,-1.8430077573928827,0.049503436053937665
I342F,866.0,2188.0,0.4169528666795701,0.04107096271834264
I342G,1519.0,5264.0,0.8728199864391804,0.030386828666619636
I342H,951.0,2394.0,0.4116858863088293,0.039297448418550804
I342K,1242.0,576.0,-2.0287219019035208,0.051149722055116496
I342L,1371.0,912.0,-1.508328421419522,0.0435997142963108
I342M,959.0,1141.0,-0.6695172041635162,0.04465674754865
I342N,1097.0,2169.0,0.06324915162502798,0.03804832646691403
I342P,647.0,1133.0,-0.11191019671331848,0.05003241457331827
I342Q,749.0,1377.0,-0.041728724602613454,0.04622091947727377
I342R,1276.0,107.0,-4.49603298453629,0.10101326918914427
I342S,953.0,1294.0,-0.4789253670689222,0.0435564586117715
I342T,1173.0,1340.0,-0.7281824213221775,0.040912557215838266
I342V,1378.0,3407.0,0.3857089485998859,0.0330796498043016
I342W,682.0,1205.0,-0.09903055495621782,0.04869486000992238
I342Y,1582.0,21856.0,2.8679885486578596,0.02743953098129379
I342_,1685.0,195.0,-4.031348017659976,0.07613459820560342
I346A,882.0,265.0,-2.654959088647236,0.07058528957360481
I346C,1079.0,517.0,-1.9816550207636432,0.05418524369259303
I346D,941.0,261.0,-2.7703158488149855,0.07049131432001227
I346E,1397.0,695.0,-1.9274475826445077,0.04721979782792473
I346F,1644.0,2048.0,-0.6032071906215926,0.034228851442472265
I346G,1172.0,263.0,-3.076006196321681,0.06877818288260396
I346H,966.0,1971.0,0.10861419130321703,0.040219481198783005
I346K,1230.0,2465.0,0.08271257872322346,0.03596868063801619
I346L,1100.0,837.0,-1.3144107506560996,0.04667845434548435
I346M,2078.0,1184.0,-1.7317322069367145,0.037428380920361284
I346N,1041.0,751.0,-1.3912907801098475,0.04865400659127191
I346P,2330.0,5608.0,0.3469418993803144,0.02612595795255931
I346Q,803.0,819.0,-0.8917477627037451,0.05041197691040925
I346R,1261.0,1062.0,-1.1679932415656715,0.042540480030072436
I346S,871.0,212.0,-2.9587678433970774,0.07707086146500511
I346T,432.0,270.0,-1.5982627441259742,0.07806019706640412
I346V,1161.0,1472.0,-0.5778038020263079,0.04019612959018659
I346W,778.0,1016.0,-0.5351568778899498,0.04842147667015129
I346Y,902.0,2069.0,0.2775144093429702,0.04082921380873864
I346_,1253.0,136.0,-4.123824171176093,0.09069479249386089
I355A,2190.0,798.0,-2.3766696029692898,0.042246924710569386
I355C,1325.0,800.0,-1.6481241850527693,0.04560441052669499
I355D,1901.0,457.0,-2.9766793580756445,0.05281324347001968
I355E,1318.0,284.0,-3.134558559169391,0.06599082485857417
I355F,1182.0,624.0,-1.8418120627193755,0.05023566015407611
I355G,1174.0,611.0,-1.8623876759577271,0.05063084558914681
I355H,219.0,153.0,-1.4375816770197636,0.10571938661261161
I355K,542.0,465.0,-1.1412686035779123,0.06380080247346347
I355L,432.0,1239.0,0.599840342784395,0.05654134610529621
I355M,1156.0,1731.0,-0.33775069454645656,0.03895906098424112
I355N,1390.0,1585.0,-0.730814195341078,0.03775442662570671
I355P,835.0,184.0,-3.102220179618742,0.08189715686908881
I355Q,1830.0,1063.0,-1.7039072391840748,0.03952513912831219
I355R,999.0,905.0,-1.0627762616892786,0.04670136771392718
I355S,1829.0,800.0,-2.1131839001084076,0.0432642443732715
I355T,1153.0,923.0,-1.2411977179119695,0.04500859524971749
I355V,1116.0,668.0,-1.6606192254441394,0.04967997077030956
I355W,1465.0,833.0,-1.7347156683354301,0.04425066753350117
I355Y,379.0,133.0,-2.430912074607832,0.10115211872356902
I355_,844.0,70.0,-4.511838056474014,0.12467381619672814
I359A,1202.0,904.0,-1.331249137614483,0.04486857348901664
I359C,725.0,1394.0,0.022957235301597656,0.046601640400023306
I359D,1384.0,150.0,-4.125934660578256,0.08639344293922983
I359E,926.0,164.0,-3.4174548677316503,0.08515960157127508
I359F,1739.0,578.0,-2.50931074683635,0.048787091476703515
I359G,1405.0,341.0,-2.962905323029057,0.06098582318193134
I359H,2339.0,517.0,-3.0978448150084836,0.04936391870484672
I359K,1317.0,134.0,-4.217064610210998,0.09108508093117075
I359L,1106.0,1355.0,-0.6272718068783769,0.04143934711965218
I359M,1240.0,3071.0,0.38815057906412775,0.03474388406229004
I359N,2861.0,4072.0,-0.4109943117453789,0.025887689721226303
I359P,1191.0,576.0,-1.96823063894945,0.05148563957772597
I359Q,1526.0,1132.0,-1.3510885893095685,0.04017156608838226
I359R,475.0,41.0,-4.454121112714789,0.16298644713483978
I359S,1483.0,931.0,-1.5918706328205259,0.042702145199432634
I359T,813.0,3850.0,1.3233063145907558,0.03955759541722253
I359V,1508.0,4262.0,0.5786771067759133,0.031190114668101135
I359W,1703.0,175.0,-4.202788517793277,0.07985124553756097
I359Y,1005.0,136.0,-3.805636099142684,0.09177408203219463
I359_,1336.0,112.0,-4.496442238526084,0.0987488647856081
I363A,1267.0,528.0,-2.1830016287691425,0.05251885258577182
I363C,1201.0,314.0,-2.855576630083462,0.06397117388645525
I363D,1371.0,157.0,-4.0465216171529566,0.08469638104965191
I363E,818.0,193.0,-3.0036537591641563,0.08048990149378892
I363F,1046.0,411.0,-2.267862119194345,0.058856700811667016
I363G,1688.0,817.0,-1.967108684811289,0.043490865453425946
I363H,1133.0,131.0,-4.032622628286382,0.09268590214442263
I363K,1086.0,147.0,-3.8052620640512984,0.08830700302412912
I363L,724.0,1646.0,0.2646806957352661,0.04542898540360451
I363M,1701.0,3311.0,0.04066886973702877,0.03106405101416197
I363N,841.0,94.0,-4.0814476988032515,0.10909298493309069
I363P,1592.0,170.0,-4.147368760455509,0.08114930867109897
I363Q,1636.0,429.0,-2.8513092608230086,0.05492957130002221
I363R,1201.0,71.0,-5.000293022264378,0.12243456506070835
I363S,978.0,240.0,-2.9469655755517694,0.07255373246468946
I363T,1806.0,1665.0,-1.037485914877192,0.03506237845058417
I363V,1191.0,1072.0,-1.0720780385921191,0.042982755042703255
I363W,2297.0,568.0,-2.935979779143532,0.047654459874322555
I363Y,1468.0,159.0,-4.126883268305816,0.08393553190330844
I363_,1432.0,135.0,-4.327114268364278,0.09044470407997257
I372A,1234.0,169.0,-3.788384445824221,0.08247570830138616
I372C,1113.0,246.0,-3.097888565057673,0.0709817338108268
I372D,1280.0,118.0,-4.359384935266714,0.09659279809199461
I372E,856.0,95.0,-4.091687253083609,0.10848264895223743
I372F,1790.0,522.0,-2.698029173578248,0.050491532057846365
I372G,1271.0,274.0,-3.1338858065641793,0.06716654162043915
I372H,1114.0,173.0,-3.6070457257037036,0.08217504076891839
I372K,1024.0,115.0,-4.0746094673585125,0.09872444306470304
I372L,1785.0,1121.0,-1.5913438845975518,0.03908120075830532
I372M,750.0,181.0,-2.971051305240609,0.0832642709042435
I372N,500.0,56.0,-4.078411490943237,0.1411700437445896
I372P,1166.0,179.0,-3.623678949515403,0.08074015279279215
I372Q,1980.0,420.0,-3.157223009989535,0.0544151655915621
I372R,2293.0,166.0,-4.708111469075378,0.08083877848476101
I372S,1430.0,177.0,-3.934333340273493,0.08014836709061061
I372T,1583.0,236.0,-3.6659613504141904,0.07031275236376851
I372V,565.0,202.0,-2.4040605658129905,0.08243298348252609
I372W,1277.0,245.0,-3.30206815972086,0.07028237251138414
I372Y,932.0,313.0,-2.4943475612836092,0.06589994362074342
I372_,1050.0,99.0,-4.326895888790354,0.10548662655179007
I375A,680.0,1306.0,0.021327200246926026,0.04807623248146101
I375C,1026.0,2206.0,0.18418366271008235,0.03876884149604835
I375D,1009.0,242.0,-2.980012781602559,0.07209852781398036
I375E,1154.0,1697.0,-0.3638715351613655,0.03912648636984342
I375F,895.0,1224.0,-0.4685712380320357,0.044825878020476
I375G,1107.0,1619.0,-0.37176723373909404,0.03995074737747262
I375H,825.0,1076.0,-0.5370029016405162,0.04708006490634696
I375K,606.0,600.0,-0.9345659307540295,0.05823953360863382
I375L,1751.0,3249.0,-0.028398014764442703,0.03088610737688606
I375M,1410.0,2445.0,-0.12607590455035167,0.03454385197949984
I375N,626.0,717.0,-0.7244033390053675,0.05538199940900473
I375P,1681.0,313.0,-3.345258528724422,0.062166978106837224
I375Q,1918.0,2128.0,-0.7703161876447577,0.032655212727937366
I375S,445.0,632.0,-0.414101245994587,0.06248568282532703
I375T,799.0,1642.0,0.11896657304232772,0.0439957393399403
I375V,1614.0,9389.0,1.620112651571719,0.028304574695436523
I375W,990.0,1422.0,-0.39779426829356623,0.04228932892999855
I375Y,1923.0,2063.0,-0.8188263264169322,0.032860513087951126
I375_,1337.0,126.0,-4.327610997870384,0.09358890033641164
I53A,410.0,568.0,-0.4499536437600833,0.06538014903150982
I53C,1143.0,1895.0,-0.19084343979981178,0.038440230023734104
I53D,631.0,62.0,-4.267300949900809,0.13336513321958401
I53E,681.0,97.0,-3.731681482678635,0.10886546498157904
I53F,198.0,438.0,0.22517964000102353,0.08607188556552134
I53G,1095.0,1065.0,-0.96028794408514,0.04390055338869061
I53H,1073.0,855.0,-1.2478611986683203,0.04665406013178744
I53K,347.0,135.0,-2.2821218446543137,0.10180219389985772
I53L,2813.0,3476.0,-0.6148933245632251,0.02680007203678544
I53M,504.0,724.0,-0.3976536102863726,0.058654502032822464
I53N,816.0,648.0,-1.2527816312657514,0.053326614734463776
I53P,658.0,118.0,-3.399411268393557,0.10034270521247206
I53Q,756.0,337.0,-2.085824792715523,0.06606868718407244
I53R,1354.0,147.0,-4.1234630704184125,0.08726896316292865
I53S,367.0,558.0,-0.3157392722933814,0.06776334241680049
I53T,325.0,726.0,0.23929443600037192,0.06729997399968972
I53V,644.0,1363.0,0.16143027559044487,0.048595348042514815
I53W,703.0,440.0,-1.5962197750701739,0.06140193069213663
I53Y,994.0,383.0,-2.2960891816543523,0.0607617526343235
I53_,648.0,161.0,-2.929076658647202,0.08848190222659309
I54A,977.0,718.0,-1.364580267387283,0.04991328319152614
I54C,754.0,257.0,-2.472970038774192,0.07274756451885284
I54D,106.0,21.0,-3.255263170392558,0.23896552392693765
I54E,1531.0,1200.0,-1.2716481536264364,0.039516535601280794
I54F,956.0,271.0,-2.738890498344581,0.06936123920314564
I54G,994.0,259.0,-2.86046344224292,0.0702989863985416
I54H,475.0,149.0,-2.592759608883611,0.09429339548787531
I54K,537.0,99.0,-3.359513679914233,0.10971426167496355
I54L,994.0,584.0,-1.687478169014672,0.05285255095393587
I54M,630.0,378.0,-1.6571612037166128,0.06563364725538276
I54N,508.0,186.0,-2.3696875885702706,0.08613702361697348
I54P,1497.0,182.0,-3.9602051121298025,0.07897637889929462
I54Q,1039.0,564.0,-1.8016277682266235,0.053014521145777246
I54R,1380.0,110.0,-4.5691830201229475,0.099447381810919
I54S,789.0,404.0,-1.8858634582642013,0.06178724719785607
I54T,723.0,773.0,-0.8237393995547819,0.05245777024302527
I54V,493.0,838.0,-0.154860325985811,0.057417124661762464
I54Y,2587.0,22432.0,2.1959904859258956,0.022498719583223997
I54_,1174.0,169.0,-3.7164750572862504,0.08272640301824377
I5C,976.0,158.0,-3.547090939939757,0.0861879320894606
I5D,329.0,81.0,-2.942170397433495,0.12433279107245639
I5E,388.0,114.0,-2.687144339600253,0.10688068201128113
I5F,549.0,382.0,-1.4434328987782514,0.067188239790693
I5G,902.0,432.0,-1.9822895959145148,0.05914780630529328
I5H,373.0,796.0,0.17336137100985916,0.06334213050992724
I5K,434.0,1415.0,0.7848011836836548,0.055550605409033504
I5L,1504.0,212.0,-3.7468208152633578,0.07386957722073301
I5M,619.0,399.0,-1.5537486881943812,0.06478234511179663
I5N,497.0,724.0,-0.37747613150831505,0.058892231597016065
I5P,272.0,321.0,-0.6812523261827117,0.08286476802430652
I5Q,802.0,1516.0,-0.001623736302734713,0.044514717800992164
I5R,909.0,1945.0,0.17719862612882853,0.04110110317151014
I5S,940.0,883.0,-1.010457204026313,0.04765894538159805
I5T,572.0,273.0,-1.9872974484164994,0.07406859844764509
I5V,139.0,57.0,-2.2061126394834973,0.15751055833810176
I5W,897.0,1220.0,-0.4765138764568926,0.04482796878287187
I5Y,1247.0,1481.0,-0.6721025283380655,0.03939796536038926
I5_,499.0,46.0,-4.359260241284813,0.1543160394108713
I70A,595.0,382.0,-1.559514386381216,0.06613201298898137
I70C,503.0,386.0,-1.302159734868738,0.06821807023907436
I70D,827.0,142.0,-3.4621231256594385,0.09124691470607736
I70E,1028.0,282.0,-2.7862469480752257,0.06777752820416441
I70F,764.0,1476.0,0.02982819318732055,0.045403217679117876
I70G,427.0,654.0,-0.3051680369488414,0.06281688258184015
I70H,654.0,146.0,-3.0834563905032004,0.09193987805448503
I70K,987.0,108.0,-4.112110688341269,0.10171838358817377
I70L,1043.0,1169.0,-0.755676594708361,0.04346555939089641
I70M,712.0,785.0,-0.7793973472936981,0.05247294901218469
I70N,408.0,412.0,-0.9061360339240503,0.07037835231716866
I70P,375.0,1322.0,0.8975212418599439,0.059144620100000884
I70Q,574.0,186.0,-2.5459065630856426,0.08481303896187146
I70R,847.0,80.0,-4.324337647575095,0.11727799409851206
I70S,1300.0,689.0,-1.836136769846339,0.04791293349797422
I70T,687.0,689.0,-0.9160170529121228,0.05460775798760049
I70V,438.0,1176.0,0.5046537392895649,0.056643202617456784
I70W,983.0,1412.0,-0.397738567935515,0.04243301226746634
I70Y,232.0,27.0,-4.022832320025744,0.2034909097196248
I70_,479.0,29.0,-4.965644449734401,0.19139900156770132
I71A,107.0,26.0,-2.960818193086477,0.21878468612777913
I71C,807.0,185.0,-3.0451941743460367,0.08197146975797848
I71D,1386.0,218.0,-3.5886823250655784,0.07337239036555798
I71E,563.0,106.0,-3.329171061378716,0.10622761569748973
I71F,940.0,1222.0,-0.541702794358959,0.0442403546332994
I71G,626.0,188.0,-2.6555871801020094,0.08361430014326196
I71H,613.0,417.0,-1.476039504299612,0.06406547733331014
I71K,699.0,135.0,-3.292457701090995,0.09440614412480702
I71L,890.0,719.0,-1.228020586061474,0.05088664580005349
I71M,537.0,154.0,-2.72213580025662,0.09181674237028592
I71N,1036.0,281.0,-2.8025554283207255,0.06781519349126872
I71P,796.0,749.0,-1.0080124506346593,0.05163746588962214
I71Q,772.0,326.0,-2.1639141927466943,0.06661664340646212
I71R,1077.0,110.0,-4.211535944162551,0.10046713793319546
I71S,357.0,74.0,-3.190383239683861,0.12801482803369313
I71T,576.0,126.0,-3.1127665052923588,0.09872702606086622
I71V,1069.0,644.0,-1.6513312292053381,0.050628869858887676
I71W,855.0,292.0,-2.4701343937438596,0.0683314262881801
I71Y,984.0,363.0,-2.358874561527843,0.0620166226289319
I71_,103.0,5.0,-5.28204086028498,0.4575845936676208
I73A,418.0,881.0,0.1554100627356405,0.060020119634720204
I73C,663.0,1216.0,-0.045158318232953576,0.04904794729683472
I73D,486.0,262.0,-1.8115749990421879,0.0771316125236836
I73E,1010.0,6724.0,1.814741417305795,0.0348407316851672
I73F,490.0,783.0,-0.2439913349021694,0.058249155999880335
I73G,391.0,623.0,-0.2481610601864812,0.06509728581000358
I73H,277.0,210.0,-1.319690908009731,0.09190605308444653
I73K,1322.0,346.0,-2.854058326858343,0.06100475728266568
I73L,836.0,1173.0,-0.4315876677703434,0.046083968915934644
I73M,622.0,876.0,-0.42620131161104347,0.053144117961562015
I73N,324.0,358.0,-0.7762493302181097,0.07716611407726938
I73P,307.0,222.0,-1.3878718626205417,0.08852452258494439
I73Q,638.0,632.0,-0.9338425267544048,0.05678638566231989
I73R,678.0,138.0,-3.2167446213993793,0.09378604826359302
I73S,234.0,325.0,-0.44629694989224156,0.08616969686203396
I73T,618.0,887.0,-0.39889068904549063,0.05310881658889596
I73V,719.0,1306.0,-0.05912867326718718,0.047239377228024765
I73W,801.0,418.0,-1.8584936734083577,0.06095717947723349
I73Y,767.0,583.0,-1.3159356337612813,0.05562433829727463
I73_,349.0,29.0,-4.508857049002445,0.19341971493690305
I76A,458.0,747.0,-0.21446241763969454,0.05997578849925708
I76C,447.0,783.0,-0.11148724932324239,0.05991056597361565
I76D,430.0,309.0,-1.3969275597794981,0.07507819348929178
I76E,569.0,596.0,-0.8533283462951919,0.059248030807144525
I76F,1501.0,1665.0,-0.7706136222217204,0.03663170310444046
I76G,673.0,988.0,-0.3663131733814877,0.05072537951211502
I76H,787.0,810.0,-0.878653124096715,0.05079617253469403
I76K,609.0,100.0,-3.526532531061262,0.10824082345166863
I76L,545.0,1146.0,0.15205415093236763,0.05274929433296873
I76M,358.0,690.0,0.026406508850707944,0.06570798295687601
I76N,753.0,924.0,-0.6249714347686393,0.049852879364865044
I76P,514.0,1075.0,0.14427087207413614,0.05432106355610724
I76Q,730.0,889.0,-0.635927455390112,0.05069277648181068
I76R,411.0,40.0,-4.280951837594401,0.1658368143317527
I76S,948.0,1676.0,-0.09815430132230407,0.04155193068889476
I76T,578.0,724.0,-0.5952957045754026,0.056447647121590644
I76V,368.0,586.0,-0.24903056145396807,0.06707338954108664
I76W,662.0,820.0,-0.6114223822204385,0.05296333753107403
I76Y,586.0,860.0,-0.36678272440732584,0.054261397856492595
I76_,569.0,70.0,-3.9430319713303694,0.12694951247576758
K125A,896.0,150.0,-3.4986670323569795,0.08864168220143478
K125C,529.0,122.0,-3.0365064734071687,0.10080396588216553
K125D,894.0,96.0,-4.139245260834981,0.1077460163077314
K125E,916.0,99.0,-4.129928074306361,0.10614493693929682
K125F,814.0,96.0,-4.004000809897177,0.10825495113788855
K125G,824.0,139.0,-3.487684051353108,0.09209978921917521
K125H,454.0,109.0,-2.9784744641571965,0.10700996018793314
K125I,1582.0,384.0,-2.962753809307823,0.05754365913500608
K125L,879.0,323.0,-2.3645116243207447,0.06563984665519818
K125M,451.0,106.0,-3.0091699360964297,0.10828381544858945
K125N,828.0,166.0,-3.2385889190196693,0.08547815505609715
K125P,485.0,41.0,-4.484177720346343,0.16285323537047505
K125Q,830.0,215.0,-2.8689358337151205,0.07701180317385606
K125R,733.0,1184.0,-0.22843439539981691,0.04779008190894294
K125S,579.0,146.0,-2.907731960403429,0.09301074376935993
K125T,619.0,178.0,-2.7182153027610916,0.0854880770355152
K125V,633.0,131.0,-3.192762229753982,0.09637336555062283
K125W,633.0,153.0,-2.9688132230758564,0.09050050291381088
K125Y,880.0,117.0,-3.8310989619522235,0.09878104786987556
K125_,518.0,46.0,-4.413171463186318,0.15407769736709576
K127A,884.0,621.0,-1.4296570653826395,0.053071230904954254
K127C,659.0,227.0,-2.4577553821305154,0.07744408655548883
K127D,490.0,78.0,-3.571291089390103,0.1222076538228397
K127E,666.0,140.0,-3.1702248419272623,0.09337501020659997
K127F,938.0,136.0,-3.706101450950813,0.09216047891243868
K127G,527.0,129.0,-2.950558314922869,0.09860984183100856
K127H,589.0,156.0,-2.8368644970879675,0.09045814593816377
K127I,834.0,281.0,-2.489654086916217,0.06951751729299913
K127L,575.0,296.0,-1.8781520073006108,0.0720585250784774
K127M,354.0,145.0,-2.2078485966521813,0.09897434866075641
K127N,542.0,123.0,-3.059754742088238,0.10024705173372113
K127P,940.0,133.0,-3.7413522654096525,0.09304362837406874
K127Q,402.0,393.0,-0.952876242921362,0.07146349716795292
K127R,480.0,917.0,0.013662128995995282,0.05699874717396706
K127S,282.0,169.0,-1.6588485864047335,0.09766191582374815
K127T,716.0,340.0,-1.9946134346163342,0.06642879726251145
K127V,868.0,294.0,-2.482057313839115,0.06803213883778957
K127W,611.0,76.0,-3.9271457282463054,0.12193385373528809
K127Y,842.0,148.0,-3.428353591220999,0.08954887604103835
K127_,373.0,35.0,-4.333586217075724,0.17697239194448017
K181A,744.0,1664.0,0.24105931027575966,0.04494543894663357
K181C,576.0,989.0,-0.1403196257579964,0.05312494416123073
K181D,789.0,1380.0,-0.11364764490778967,0.04546548238744264
K181E,630.0,1225.0,0.03913601697591851,0.049786171356200754
K181F,910.0,2116.0,0.29718126549530055,0.04057761921246303
K181G,1658.0,9727.0,1.6323328169218392,0.027946480730895326
K181H,549.0,1117.0,0.10452689302155527,0.05283724234904412
K181I,850.0,2673.0,0.732702639871269,0.04031914473665885
K181L,700.0,1782.0,0.4278471199752012,0.04543986904205232
K181M,1000.0,2110.0,0.1570245336137388,0.039357184888694406
K181N,683.0,1720.0,0.4122274704357691,0.04604960341484916
K181P,936.0,437.0,-2.019068526011755,0.058580785326309004
K181Q,700.0,1835.0,0.4701296123516965,0.045261172963931694
K181R,1167.0,2342.0,0.08471943666519088,0.03686381620077685
K181S,802.0,3247.0,1.0972088215417988,0.04037213755084632
K181T,2567.0,25645.0,2.4003064368625884,0.022441453154646206
K181V,1089.0,2351.0,0.19005259777059358,0.0376653808918913
K181W,1065.0,3064.0,0.6043431531285908,0.03661140001064264
K181Y,729.0,1462.0,0.08373179378569073,0.04616036984970483
K181_,727.0,49.0,-4.811038032488081,0.1478328876846715
K182A,1588.0,3505.0,0.22198768706057503,0.03146571858760963
K182C,964.0,2755.0,0.5947266623816021,0.038410614753368356
K182D,365.0,878.0,0.3460905060892028,0.06287811033736085
K182E,763.0,1545.0,0.09763142984948647,0.04508780781255751
K182F,380.0,648.0,-0.1502321828066826,0.06519020139676586
K182G,1393.0,2242.0,-0.23362377750537,0.035198932882402445
K182H,695.0,1344.0,0.031227355571869175,0.04751775352869077
K182I,473.0,591.0,-0.5988990187561045,0.06229932227189129
K182L,1043.0,1385.0,-0.5110674729925373,0.041902823593619874
K182M,490.0,825.0,-0.16861046105976207,0.05768836795301923
K182N,584.0,1108.0,0.003695048511573873,0.05186410103680592
K182P,1581.0,3226.0,0.10869354185817626,0.0318991239314637
K182Q,1968.0,3402.0,-0.1305610455462829,0.029616515203564023
K182R,738.0,1353.0,-0.045750643611089714,0.046574184118592564
K182S,1223.0,1774.0,-0.3836329339632165,0.038163019822898644
K182T,967.0,1456.0,-0.3297933257436192,0.04237912856760419
K182V,350.0,465.0,-0.5103452755817033,0.07129249058069338
K182W,551.0,1044.0,0.0017742480335716238,0.05336441628800424
K182Y,484.0,879.0,-0.05936815259403705,0.057260659264447025
K182_,695.0,48.0,-4.77583777062119,0.14947537849754702
K190A,1169.0,1690.0,-0.38846636379397737,0.039015429636856176
K190C,813.0,1006.0,-0.6129112324946204,0.047948823493551375
K190D,1199.0,2729.0,0.2663231141068412,0.035714440339596164
K190E,331.0,672.0,0.10139702335199807,0.0677066943433305
K190F,868.0,615.0,-1.4173126706090127,0.05341457554386103
K190G,636.0,911.0,-0.40179343472764906,0.05239324110046616
K190H,728.0,1249.0,-0.14145602078097674,0.047426872200204494
K190I,2240.0,1954.0,-1.1172781981345636,0.03214438186031914
K190L,986.0,875.0,-1.092513649371961,0.0472450968667666
K190M,1014.0,3705.0,0.9491946805652529,0.036484996531163105
K190N,800.0,1720.0,0.18411613813541639,0.04366283251165488
K190P,1312.0,2201.0,-0.1738238919669266,0.035938736542805744
K190Q,926.0,1773.0,0.01689011902594384,0.04146059762376277
K190R,923.0,919.0,-0.9264765941663393,0.04739837466912554
K190S,642.0,1077.0,-0.17384690469501418,0.050608015389658194
K190T,616.0,1069.0,-0.12496120331890825,0.05132116341013509
K190V,1854.0,4642.0,0.40388972928537425,0.028807324374369808
K190W,971.0,351.0,-2.3881848968697046,0.0628795975934076
K190_,540.0,54.0,-4.241898546042525,0.1429754313027724
K198A,630.0,1112.0,-0.10048774742687971,0.0506124044092863
K198C,811.0,950.0,-0.6919878796351799,0.04858721556835909
K198D,367.0,719.0,0.04998158695862376,0.06473476065396404
K198E,853.0,1384.0,-0.22199106855369521,0.04438382509558643
K198F,733.0,776.0,-0.8379685124033642,0.052229758329870854
K198G,417.0,774.0,-0.027940650379903786,0.06136011407437539
K198H,1273.0,1774.0,-0.44144048601168917,0.03773991339642707
K198I,1264.0,1638.0,-0.5462745884238878,0.03842780847316756
K198L,1190.0,1357.0,-0.7307532205903069,0.040648615194719497
K198M,604.0,808.0,-0.5004101628703861,0.0544818939922467
K198N,698.0,979.0,-0.43213498494292946,0.05029066371306942
K198P,867.0,2237.0,0.44724029123635844,0.040932641054512844
K198Q,803.0,1465.0,-0.05279022253755805,0.0447545561995152
K198R,1217.0,1870.0,-0.3005059133250567,0.03783528819666064
K198S,1714.0,2753.0,-0.23657655202039418,0.03196455144753288
K198T,847.0,1516.0,-0.08038251347469405,0.043764328627845094
K198V,802.0,1608.0,0.0833733722346226,0.04408878003469465
K198W,1093.0,806.0,-1.3596478329995803,0.04722976506193542
K198Y,511.0,533.0,-0.859399799328104,0.06251490121684614
K198_,860.0,80.0,-4.3463120803598025,0.1172018833952417
K202A,1170.0,1188.0,-0.898184756339111,0.04208923740206799
K202C,1187.0,945.0,-1.2491414639187601,0.04444895212872053
K202D,491.0,286.0,-1.6998976928689675,0.07488702319705187
K202E,575.0,546.0,-0.994870548139617,0.060379094699926424
K202F,1601.0,25717.0,3.0854578168211595,0.02717640678968657
K202G,977.0,848.0,-1.124502926939999,0.04772660634538845
K202H,636.0,1126.0,-0.09611259024150964,0.050353356406384976
K202I,711.0,576.0,-1.223986868373916,0.05672387107309519
K202L,455.0,347.0,-1.3111318899572915,0.07179541647723335
K202M,667.0,851.0,-0.5687431819501958,0.052434423999676474
K202N,802.0,746.0,-1.0246361316992578,0.05159843457093043
K202P,501.0,475.0,-0.997092389631745,0.0646239396891024
K202Q,1196.0,1626.0,-0.47710419794576975,0.03906638423601904
K202R,987.0,1595.0,-0.22778201346103177,0.04141476641091425
K202S,610.0,679.0,-0.7656109473983506,0.056454551168899234
K202T,865.0,1117.0,-0.5513574905974457,0.04611257671631283
K202V,911.0,963.0,-0.8401269869230763,0.047022975307907805
K202W,935.0,812.0,-1.1236951761713927,0.04874511056797607
K202Y,482.0,567.0,-0.6858997741185213,0.06255677164745632
K202_,643.0,55.0,-4.467286242061247,0.14074361571194208
K232A,406.0,208.0,-1.8850732501373466,0.08570601671511856
K232C,1000.0,262.0,-2.852531522199021,0.06994072360740755
K232D,677.0,72.0,-4.153118847537932,0.12425421441504034
K232E,973.0,214.0,-3.1049872973514008,0.07599660592742866
K232F,13.0,2.0,-3.6145644313803658,0.7579257583808001
K232G,689.0,106.0,-3.620535435914575,0.10468761481631778
K232H,863.0,324.0,-2.333549812309288,0.06572766708159916
K232I,515.0,277.0,-1.8148732631735003,0.0750116954077147
K232L,1034.0,298.0,-2.715028366417071,0.06631566427799847
K232M,919.0,305.0,-2.511434892424999,0.06664664335666334
K232N,1224.0,188.0,-3.6229449164754985,0.07880938653601359
K232P,1126.0,96.0,-4.472102026803802,0.10667117646926191
K232Q,839.0,223.0,-2.831790478275866,0.07583568657432413
K232R,929.0,759.0,-1.2117861085588606,0.04968890193289508
K232S,823.0,1018.0,-0.613441008002436,0.047669983068991416
K232T,753.0,140.0,-3.347350026772327,0.09244142570557884
K232V,943.0,316.0,-2.497513733067402,0.06557406165412111
K232W,1201.0,181.0,-3.65031773215565,0.08020134529860647
K232Y,1316.0,163.0,-3.9333489518489584,0.08348372424727629
K232_,1128.0,106.0,-4.331718466583874,0.1019541853690235
K238A,949.0,1000.0,-0.8446916435081251,0.04613877193189087
K238C,958.0,1001.0,-0.8568671096443987,0.046020517797480356
K238D,2331.0,5624.0,0.35043309019247726,0.026112722184086726
K238E,1108.0,1977.0,-0.08486160943929377,0.03851493041949628
K238F,922.0,6908.0,1.9852049923307908,0.036116658531851704
K238G,650.0,708.0,-0.7969030519072131,0.05500830754100814
K238H,1135.0,6453.0,1.5870563769058177,0.03333290487315656
K238I,1219.0,1769.0,-0.38297863338879967,0.0382190050055372
K238L,457.0,365.0,-1.2445006202559892,0.07073085249425864
K238M,973.0,988.0,-0.8981398641462732,0.045988485193659015
K238N,1133.0,948.0,-1.1773972878929548,0.044861035831446815
K238P,1307.0,1088.0,-1.1847892385581953,0.041943782443192607
K238Q,771.0,1205.0,-0.2759872339925238,0.04692478310871302
K238R,834.0,1102.0,-0.5182101475658456,0.04670680648023055
K238S,951.0,876.0,-1.0387240482885174,0.047624780662401875
K238T,1158.0,1879.0,-0.22188584288988622,0.03835116876353597
K238V,715.0,820.0,-0.7225327916790416,0.05189552736328824
K238W,783.0,788.0,-0.9110276705859963,0.051197743361578486
K238Y,744.0,1309.0,-0.10512867462596187,0.04672334169935044
K238_,1672.0,118.0,-4.744813329982309,0.09563998794469794
K261A,885.0,1099.0,-0.6077720241257225,0.04598811979496609
K261C,789.0,645.0,-1.2109329333451306,0.053785139386060485
K261D,846.0,578.0,-1.469791139586957,0.05465491376187544
K261E,1281.0,488.0,-2.3125099977126014,0.05389655802909189
K261F,849.0,605.0,-1.4090334340050088,0.053905234154309624
K261G,2075.0,13165.0,1.7453075470958965,0.02515851569265496
K261H,1267.0,946.0,-1.3417114479036547,0.0438337499044728
K261I,1174.0,858.0,-1.3725892055842879,0.04574205594235297
K261L,841.0,711.0,-1.1624639799673577,0.05167749106051301
K261M,1064.0,1076.0,-0.9040311000020935,0.044093840642825406
K261N,1826.0,1813.0,-0.9305186594293455,0.03426773502525125
K261P,1671.0,2821.0,-0.16471946289657202,0.032062283638417836
K261Q,1399.0,1601.0,-0.7256348315998133,0.03760935376330597
K261R,609.0,1210.0,0.07027027208511782,0.05043327485320506
K261S,3965.0,24704.0,1.7191379562570623,0.01917686186065319
K261T,917.0,767.0,-1.177902955157479,0.049692365756859966
K261V,68.0,52.0,-1.307168729707243,0.18440677416310414
K261W,1485.0,3091.0,0.1373947996411382,0.032741129908213255
K261Y,3316.0,890.0,-2.8177657822201665,0.038732631270771097
K261_,3573.0,187.0,-5.176163504898298,0.07551324586175578
K264A,1077.0,1921.0,-0.08537749204952139,0.03904001257790169
K264C,2279.0,3372.0,-0.3550093160884402,0.028467747397529934
K264D,993.0,2208.0,0.23265567876061954,0.03917910543508286
K264E,1452.0,3109.0,0.17819299199719651,0.0329456049777935
K264F,879.0,1109.0,-0.5848899847289353,0.04598277078177188
K264G,1498.0,4718.0,0.73492034601309,0.03089615920743156
K264H,842.0,495.0,-1.6865905729245894,0.057296266537136695
K264I,1373.0,755.0,-1.782985350932221,0.04612894083222517
K264L,705.0,640.0,-1.0597601499207014,0.05528075417627988
K264M,1036.0,1202.0,-0.7057999059728122,0.043269482102886406
K264N,1139.0,2643.0,0.29419059435780515,0.03648805984941988
K264P,1316.0,371.0,-2.746851349507846,0.059416196305248734
K264Q,1087.0,1490.0,-0.46525407523716034,0.04081859591714281
K264R,1144.0,2519.0,0.21854631044050432,0.03669013745016787
K264S,1150.0,2318.0,0.09102950807860477,0.037094861892483025
K264T,1383.0,2626.0,0.0048499461819200285,0.03433559423167166
K264V,551.0,329.0,-1.664157943406222,0.07020923720264652
K264W,1067.0,289.0,-2.804593255762592,0.06687565195653067
K264Y,765.0,666.0,-1.1201456430606225,0.05370026081062004
K264_,1306.0,97.0,-4.671099538046572,0.10558869810812269
K31A,557.0,2128.0,1.0135189209504905,0.048376534680467126
K31C,1032.0,969.0,-1.011084366968162,0.04556347826816733
K31D,403.0,963.0,0.3365242662128809,0.0599566962226109
K31E,318.0,690.0,0.19733426195668002,0.06832917503082588
K31F,1008.0,1809.0,-0.07652044402506242,0.04024809052805714
K31G,1129.0,3810.0,0.8345256438977859,0.03497520334593897
K31H,657.0,1021.0,-0.284201113800866,0.05075958810315527
K31I,487.0,448.0,-1.0406313370353413,0.06603412420801964
K31L,472.0,919.0,0.04105225928262257,0.05728693762805648
K31M,931.0,2093.0,0.24849975968773208,0.040335464814527
K31N,746.0,1416.0,0.004353703528585662,0.046062358884833066
K31P,2596.0,1093.0,-2.1682002161896223,0.037083390355367875
K31Q,656.0,2440.0,0.9748864725283126,0.044824859080864136
K31R,562.0,728.0,-0.546848409262144,0.056815507341342
K31S,477.0,1086.0,0.26673509551888763,0.05560809781418104
K31T,667.0,1152.0,-0.1318379316923437,0.04942006188931151
K31V,291.0,193.0,-1.5126040086771546,0.0932333273584693
K31W,556.0,1576.0,0.582883077499484,0.050081025777513846
K31Y,856.0,826.0,-0.9716792787028536,0.0495370199670698
K31_,569.0,58.0,-4.2142913586357365,0.13809747328652017
K377A,987.0,2134.0,0.19221945413404384,0.039456671495203516
K377C,1441.0,1377.0,-0.9857521865593672,0.03866827443703371
K377D,969.0,960.0,-0.9336729960698813,0.04635410995031375
K377E,926.0,1129.0,-0.6342522896400791,0.04517411085213069
K377F,875.0,1104.0,-0.5848290458014507,0.04608361506778517
K377G,1120.0,2411.0,0.18591514545900356,0.037184401396135346
K377H,1270.0,2137.0,-0.16945707358608875,0.036474724159460216
K377I,1150.0,1341.0,-0.69853728657632,0.04111363337626543
K377L,823.0,975.0,-0.6757038204322017,0.04812223156119151
K377M,1160.0,2019.0,-0.12070006192318417,0.03784732989573927
K377N,1177.0,1605.0,-0.47275516748408286,0.039341150596761056
K377P,3002.0,7874.0,0.47095888615044323,0.023133889455458734
K377Q,1337.0,3843.0,0.6030155987100505,0.03291226001242867
K377R,1324.0,2335.0,-0.10169616594651298,0.03547691635606972
K377S,1101.0,1689.0,-0.30286057835614155,0.03969113716154913
K377T,860.0,987.0,-0.7214996095037769,0.04744475457819964
K377V,1061.0,1174.0,-0.7742044324230655,0.04323593743397412
K377W,1266.0,1933.0,-0.309650575225791,0.037178995055191476
K377_,1484.0,558.0,-2.3313488077468913,0.05040832356795063
K382A,1656.0,2625.0,-0.2555993418296092,0.032555777008086886
K382C,1606.0,2157.0,-0.4946588869098645,0.03407832801512064
K382D,1145.0,1226.0,-0.8216003275884294,0.04200089819446404
K382E,1827.0,5799.0,0.7461112197924682,0.028193123373457973
K382F,927.0,1494.0,-0.23167787808615614,0.042698280720081534
K382G,1189.0,1854.0,-0.2793226990890476,0.03815067280351533
K382H,971.0,1539.0,-0.2557663284770513,0.0418890256266061
K382I,389.0,482.0,-0.6109550402752584,0.06870473315393281
K382L,1127.0,1378.0,-0.6301248350038016,0.041085938117407524
K382M,961.0,1392.0,-0.3856646489725195,0.04282550806693109
K382N,1236.0,1998.0,-0.22733748751838334,0.037210476179711446
K382P,1364.0,1160.0,-1.1539278547824745,0.040868821711509094
K382Q,1860.0,2634.0,-0.41826043079274733,0.03150154594935667
K382R,1662.0,3122.0,-0.010664780030450238,0.03157616451231698
K382S,1134.0,1817.0,-0.24007787871014497,0.03882328865025395
K382T,2180.0,3233.0,-0.3516676588351193,0.02903600132039058
K382V,1156.0,1351.0,-0.6953264003431743,0.04099143801276155
K382W,1707.0,4813.0,0.5752570349731809,0.029472978102078533
K382Y,1242.0,1752.0,-0.4238766557789111,0.03809181136898335
K382_,1159.0,1261.0,-0.7985241733878778,0.04160393066919315
K384A,989.0,1616.0,-0.21183176364630807,0.04129148548124391
K384C,805.0,936.0,-0.702693637500067,0.048843135104648536
K384D,641.0,958.0,-0.3405170241228239,0.05175843027185283
K384E,1044.0,1735.0,-0.18740242857636602,0.0401157996872892
K384F,1389.0,1673.0,-0.6518217929449719,0.037319282937860465
K384G,2806.0,4294.0,-0.30640547526941164,0.025774542999562236
K384H,192.0,314.0,-0.21058182111069446,0.0920203272882
K384I,1299.0,1431.0,-0.7805896590262287,0.03928983010663575
K384L,1331.0,1715.0,-0.5545152976424164,0.03754281202019273
K384M,985.0,1107.0,-0.7517528975628363,0.04464995996933893
K384N,1036.0,8555.0,2.125520736663572,0.034017625106632206
K384P,878.0,1319.0,-0.33306464988549767,0.044408897272740895
K384Q,922.0,1625.0,-0.10261658273842844,0.04213115667277155
K384R,998.0,1880.0,-0.00659671651408722,0.040112001089300124
K384S,1299.0,1745.0,-0.4943881087773385,0.03765562683241583
K384T,2678.0,18056.0,1.8330349938365358,0.022446857707271273
K384V,1544.0,1692.0,-0.7881548772979317,0.03624560461129922
K384W,1522.0,1783.0,-0.6918739192629078,0.03595750069014382
K384Y,1303.0,3652.0,0.5666316839330494,0.03341170798917541
K384_,1460.0,2382.0,-0.21400965654227777,0.03434831776810709
K3A,1827.0,471.0,-2.875865811216376,0.052397577733424065
K3C,743.0,179.0,-2.9735523209088104,0.08370916079663179
K3D,228.0,693.0,0.683568195380337,0.07683631806444002
K3E,767.0,1508.0,0.05511782737504589,0.0451880088270772
K3F,648.0,580.0,-1.0801491785137634,0.05781315478391235
K3G,1491.0,426.0,-2.7275416082064456,0.05561578598170193
K3H,150.0,303.0,0.09409585358405614,0.10020733489001063
K3I,589.0,216.0,-2.3674049013830682,0.08001403594803995
K3L,953.0,85.0,-4.406997763147173,0.11352398642572052
K3M,653.0,277.0,-2.1573779025952806,0.07222475126348334
K3N,506.0,1130.0,0.23888686244503088,0.05418726832618085
K3P,485.0,48.0,-4.256818528014966,0.15154495609282911
K3Q,2052.0,1851.0,-1.0689359481209655,0.03320601232535461
K3R,1066.0,4188.0,1.053833039495478,0.03538249556376699
K3S,1831.0,1810.0,-0.9368528782517824,0.03425925271764017
K3T,689.0,286.0,-2.1886702075848827,0.07087175452657975
K3V,775.0,73.0,-4.328259816500238,0.12272785502877294
K3W,332.0,187.0,-1.7483221539115892,0.09183861769899777
K3Y,656.0,533.0,-1.2197660826399783,0.058953973691333685
K3_,750.0,66.0,-4.426364204072407,0.12867634580631468
K64A,406.0,511.0,-0.5883746135086412,0.06704452989003117
K64C,671.0,701.0,-0.8571101181604908,0.05469799382673713
K64D,1193.0,1285.0,-0.8130374252509087,0.04112768654998393
K64E,665.0,852.0,-0.5627165475623519,0.05246425954333438
K64F,502.0,438.0,-1.116963170982955,0.06595537649669234
K64G,434.0,594.0,-0.46745194133260703,0.06373879758043312
K64H,427.0,812.0,0.007016762420605005,0.06040235141423261
K64I,1115.0,1461.0,-0.5303014720810344,0.04069861857656058
K64L,1039.0,1254.0,-0.6488715625966464,0.04283646869319663
K64M,747.0,4937.0,1.804227230259972,0.040203090814758806
K64N,305.0,537.0,-0.10411846542837466,0.07222056732678327
K64P,1046.0,1765.0,-0.1654311624731557,0.03997060709910511
K64Q,975.0,1608.0,-0.1984234181396909,0.04150402131429143
K64R,420.0,718.0,-0.14663061605180605,0.06203789611803542
K64S,1501.0,11442.0,2.0101241409205874,0.028786835718788234
K64T,596.0,808.0,-0.481174264615273,0.054685457318328974
K64V,490.0,466.0,-0.9926611538564201,0.06528183495496204
K64W,779.0,639.0,-1.2060142154604296,0.05407095250489011
K64Y,997.0,1865.0,-0.016707389776513537,0.04017780133956584
K64_,751.0,70.0,-4.343410082031448,0.12526085003913306
K67A,932.0,2369.0,0.42565607314453935,0.03962491281855975
K67C,917.0,1192.0,-0.5418239085634093,0.044771490756132765
K67D,739.0,712.0,-0.9739072587210256,0.0532231426878645
K67E,2187.0,3498.0,-0.24263627930129994,0.02860399808226183
K67F,401.0,1581.0,1.0589254982550642,0.056579829146776256
K67G,717.0,3649.0,1.427229083578577,0.041758762197034525
K67H,187.0,551.0,0.6387522084128294,0.08507187152637402
K67I,574.0,265.0,-2.035239946612508,0.07477057602257416
K67L,713.0,862.0,-0.6464285807021195,0.051358064821662705
K67M,305.0,1048.0,0.8605131586527444,0.06563411458720524
K67N,837.0,1008.0,-0.6520176889090452,0.04755890143434395
K67P,337.0,893.0,0.48567405430025357,0.06451469513820579
K67Q,1204.0,2758.0,0.27556943738259143,0.035611862504402216
K67R,621.0,770.0,-0.6099501939193006,0.054626285426163594
K67S,229.0,599.0,0.4669586153004692,0.07817358476922233
K67T,600.0,1694.0,0.5771730647523556,0.04829100098197399
K67V,692.0,953.0,-0.45851240923337233,0.05068963754667518
K67W,601.0,986.0,-0.20599759316288502,0.05247019079466016
K67Y,96.0,334.0,0.8784238368202395,0.11612308404011344
K67_,1612.0,73.0,-5.38483367926016,0.1199673456182267
K68A,5742.0,14228.0,0.38889526946747144,0.017874717902981455
K68C,677.0,1184.0,-0.11377865887605942,0.04895648186633698
K68D,556.0,1593.0,0.5983617118787281,0.05001337673423624
K68E,432.0,1341.0,0.713972506879653,0.055995842932814795
K68F,593.0,1378.0,0.29624714321619017,0.049870461614640885
K68G,310.0,1063.0,0.8575576344719105,0.06512675270897841
K68H,175.0,478.0,0.5293925645345432,0.08877517808940354
K68I,925.0,3305.0,0.9169028937136683,0.03819302211479168
K68L,1159.0,2221.0,0.01811199868136537,0.03725744936664797
K68M,733.0,1861.0,0.42397014639375197,0.044459499472974284
K68N,950.0,3077.0,0.7753036517241214,0.03811401208000972
K68P,644.0,2282.0,0.9049392424598901,0.04545379734592276
K68Q,855.0,1504.0,-0.10540991510930553,0.04369820087053629
K68R,688.0,1304.0,0.0022426180050629796,0.04791032383511098
K68S,785.0,1806.0,0.28181206801916936,0.043619290593576526
K68T,1085.0,14839.0,2.853403723976667,0.03262065344576562
K68V,589.0,1372.0,0.2997160879669041,0.05001688020293288
K68W,664.0,1313.0,0.0633901542676707,0.04840120698094316
K68Y,387.0,1027.0,0.4877966034673946,0.060271714036904206
K68_,938.0,144.0,-3.6236451836996686,0.08991727052926543
L115A,286.0,975.0,0.8491405498127342,0.06780175772691259
L115C,705.0,1892.0,0.5039932118153345,0.044966928165613596
L115D,180.0,278.0,-0.29315115237414435,0.09605886967763155
L115E,471.0,652.0,-0.4510744743111381,0.06108913636028566
L115F,422.0,1452.0,0.8624914226478868,0.0559765949718072
L115G,264.0,756.0,0.5976018656581825,0.0720106640604198
L115H,512.0,1069.0,0.14182058019758692,0.05443894191894582
L115I,528.0,682.0,-0.5509832359556066,0.0586107864146593
L115K,257.0,606.0,0.3173062301883114,0.07494066701332071
L115M,286.0,1097.0,1.0192283059992588,0.06695533259653799
L115N,309.0,544.0,-0.10423123101428278,0.0717593849468212
L115P,860.0,72.0,-4.498295139017208,0.12298294158349005
L115Q,430.0,609.0,-0.4181151688027196,0.06358146801406517
L115R,247.0,979.0,1.0665432709936038,0.07172813755833533
L115S,261.0,709.0,0.5214900183795139,0.07291608035351987
L115T,198.0,531.0,0.5029548624793678,0.08371690565598708
L115V,794.0,1220.0,-0.3005469850617981,0.046412950710581935
L115W,303.0,687.0,0.26075481636659603,0.06950446461973814
L115Y,497.0,1369.0,0.5415753243513555,0.05308063116052114
L115_,635.0,52.0,-4.530129244107603,0.14448846551202252
L142A,251.0,91.0,-2.3838587371323587,0.12266529729663213
L142C,419.0,403.0,-0.976379914024319,0.07030627633300382
L142D,657.0,64.0,-4.279756991334397,0.13122374946196402
L142E,830.0,77.0,-4.35022189231719,0.11943700407095825
L142F,532.0,1203.0,0.2569124901880553,0.05278237206432072
L142G,954.0,360.0,-2.3261782837219434,0.06245777982266354
L142H,753.0,106.0,-3.748679538233521,0.10409679420101722
L142I,534.0,1021.0,0.014847456987323149,0.05410280070350102
L142K,559.0,31.0,-5.092279536113998,0.18469327385661788
L142M,840.0,695.0,-1.1935836426827953,0.052003430999334015
L142N,445.0,45.0,-4.225731161833446,0.1566508607080014
L142P,550.0,428.0,-1.2820242209985597,0.0650354470232315
L142Q,223.0,34.0,-3.633288368223056,0.1842885975347167
L142R,536.0,44.0,-4.526567515380628,0.15704398124699656
L142S,1025.0,144.0,-3.75160796011985,0.08941268960268518
L142T,1208.0,1733.0,-0.39956329397918644,0.03846953380615218
L142V,558.0,1548.0,0.5518410336608603,0.05013122616926989
L142W,557.0,143.0,-2.8817980731006223,0.09414289410081433
L142Y,884.0,97.0,-4.108068189251672,0.10730559710444515
L142_,839.0,77.0,-4.36578118006869,0.11938288858675446
L14A,815.0,904.0,-0.7706899052881253,0.04907369828028085
L14C,470.0,1015.0,0.19051970802764284,0.056461428192419616
L14D,791.0,710.0,-1.0760674651769495,0.05241854621259817
L14E,874.0,488.0,-1.7609499513729592,0.05716954263564239
L14F,736.0,2490.0,0.8381433872996524,0.04284096875436208
L14G,643.0,590.0,-1.0443126434315486,0.05766401731913088
L14H,717.0,1083.0,-0.32522945684216253,0.04891931924340091
L14I,452.0,124.0,-2.7861091038654893,0.10174120527747399
L14K,55.0,25.0,-2.057399721305858,0.24132464854252245
L14M,368.0,1009.0,0.534912722266065,0.061509792053722416
L14N,660.0,618.0,-1.0150685766420358,0.05664178627393934
L14P,367.0,169.0,-2.0389216383136217,0.0933627208931095
L14Q,1002.0,551.0,-1.782957375572316,0.05373927545462058
L14R,513.0,49.0,-4.308049772249773,0.1497609612818703
L14S,523.0,416.0,-1.250431198922426,0.06626359709653233
L14T,615.0,140.0,-3.05529087142276,0.09403937151860356
L14V,184.0,37.0,-3.2340080065816386,0.18035874875933433
L14W,403.0,616.0,-0.3080727419308662,0.064650946444203
L14Y,330.0,39.0,-4.000804714206639,0.1695279637972744
L14_,378.0,33.0,-4.437660232645396,0.18169851294929487
L165A,618.0,515.0,-1.1832406128424067,0.06028991012894022
L165C,1433.0,3378.0,0.31691404592664885,0.032694505883067826
L165D,437.0,1940.0,1.2301150150468283,0.05365449669629087
L165E,985.0,1485.0,-0.32794850598751424,0.041996200512114314
L165F,455.0,1325.0,0.6218222143988505,0.05502301136625292
L165G,639.0,665.0,-0.8626733491113114,0.05606892295890699
L165H,859.0,1622.0,-0.003174993201187526,0.04307802701139804
L165I,470.0,1459.0,0.7140155384105347,0.05374083333017411
L165K,687.0,247.0,-2.3959725253261226,0.07469316287054778
L165M,1021.0,703.0,-1.4585907559615805,0.04976890403072131
L165N,597.0,2344.0,1.0529408466014507,0.04665511502846555
L165P,586.0,133.0,-3.059601444688192,0.09643523128106435
L165Q,719.0,1456.0,0.0977256473435979,0.04639694288863143
L165R,963.0,90.0,-4.339604457990293,0.1105592786497365
L165S,1238.0,4398.0,0.9086170407526835,0.03331951500491342
L165T,536.0,832.0,-0.2858699238789377,0.056059005209990326
L165V,804.0,1460.0,-0.0595179756705857,0.04476336715964952
L165W,1148.0,349.0,-2.63800580590821,0.061736428183376504
L165Y,869.0,654.0,-1.3302709594578754,0.052486473984766385
L165_,535.0,45.0,-4.4914592635296104,0.15543962039476905
L168A,587.0,908.0,-0.29088777025517487,0.053664928468659015
L168C,787.0,1131.0,-0.3970530629508948,0.04722143543711915
L168D,517.0,377.0,-1.3758002704789671,0.06827675080923515
L168E,538.0,556.0,-0.872733033799161,0.06109252747805812
L168F,517.0,853.0,-0.19784040660470215,0.05640553486130913
L168G,484.0,570.0,-0.6842605012875476,0.06241389910000521
L168H,606.0,685.0,-0.7434274270312544,0.05643613282970016
L168I,534.0,1203.0,0.25149909556655636,0.052715642771452104
L168K,605.0,898.0,-0.35043835370737586,0.05330577066790613
L168M,596.0,977.0,-0.2071740839186189,0.052691761916259475
L168N,1001.0,1226.0,-0.6276965160043293,0.04347081377603389
L168P,921.0,3153.0,0.855230144013531,0.03844461465898795
L168Q,947.0,1412.0,-0.3439121349796075,0.04288626749256398
L168R,533.0,58.0,-4.119999951584757,0.13852657210288336
L168S,597.0,896.0,-0.33445113917508795,0.05353633710401083
L168T,923.0,1963.0,0.16843846298587284,0.04083993431868297
L168V,649.0,1292.0,0.07309374784405254,0.04888622223658033
L168W,974.0,1501.0,-0.29628577676397594,0.04204721373880269
L168Y,683.0,619.0,-1.0621548609985956,0.05616633148999894
L168_,710.0,71.0,-4.241956108057867,0.1247638611717835
L176A,721.0,1307.0,-0.06203187061270654,0.04719231931050418
L176C,768.0,1926.0,0.4062073169204341,0.04354699854454121
L176D,508.0,472.0,-1.0262503472318683,0.0645145795073334
L176E,420.0,303.0,-1.3912691465956453,0.075869515662541
L176F,750.0,1136.0,-0.32121707780130837,0.04783990067022796
L176G,722.0,2358.0,0.7872682367503021,0.04340708904145375
L176H,109.0,145.0,-0.5085189690966567,0.12706145385441717
L176I,399.0,106.0,-2.8324354179318165,0.10960995302808024
L176K,411.0,1408.0,0.8562013038492751,0.05673023580181957
L176M,917.0,1955.0,0.17195573956899768,0.04095208887160722
L176N,1245.0,1981.0,-0.2501320431307965,0.03718959543567486
L176P,587.0,1589.0,0.516460342413394,0.04907074230764195
L176Q,208.0,367.0,-0.10104438985459918,0.08721954583739976
L176R,205.0,551.0,0.5061733425482693,0.08226619313477183
L176S,1026.0,1626.0,-0.25591953802423095,0.04080095999780482
L176T,918.0,952.0,-0.8677440172139406,0.04706153935047597
L176V,544.0,299.0,-1.7836503129160004,0.07250957079077872
L176W,879.0,427.0,-1.9618205978104344,0.059620261777855475
L176Y,704.0,983.0,-0.438600704444549,0.050127683141394694
L176_,732.0,61.0,-4.504956597376659,0.1335362264290767
L17A,577.0,542.0,-1.0104877285525706,0.06044107234402112
L17C,1004.0,2256.0,0.24778894811621655,0.038914432560569104
L17D,346.0,46.0,-3.8310052479356322,0.1571609431280473
L17E,1773.0,4663.0,0.4748499745117787,0.029215286487322915
L17F,593.0,386.0,-1.5396290866320266,0.06596957832143618
L17G,160.0,241.0,-0.3292799384984768,0.10234198271319257
L17H,483.0,96.0,-3.2510073502026096,0.11207586189574492
L17I,411.0,223.0,-1.8022759678506048,0.08361938338351911
L17K,431.0,148.0,-2.462237566014559,0.09566346550571217
L17M,1151.0,756.0,-1.5266340208315823,0.04760885009950768
L17N,595.0,1026.0,-0.1341519039148258,0.052252846733674585
L17P,1096.0,111.0,-4.223710288995851,0.09997832011533848
L17Q,780.0,252.0,-2.5502225133955676,0.07297395390759813
L17R,852.0,88.0,-4.195341877066989,0.11229918491050668
L17S,595.0,374.0,-1.5900479467028754,0.06655400756788604
L17T,219.0,1215.0,1.5516886620529622,0.07391959581224077
L17V,1178.0,1798.0,-0.3101616172267301,0.038472409079835374
L17W,535.0,521.0,-0.9584656702439709,0.062157376855338585
L17Y,526.0,117.0,-3.0886692709528445,0.10257899023056409
L17_,2189.0,188.0,-4.4616081169307185,0.07649026168404777
L191A,419.0,1128.0,0.5085124011992272,0.05786329966883652
L191C,577.0,1295.0,0.24608413538257334,0.050796984413643595
L191D,778.0,2168.0,0.5582999314893708,0.04268078732680382
L191E,693.0,1947.0,0.5701013425983499,0.0450738867307985
L191F,1144.0,1131.0,-0.9366988536776581,0.0428176402051504
L191G,924.0,2401.0,0.45745016618784184,0.039671114957905096
L191H,802.0,2292.0,0.594710332323662,0.04193127849336861
L191I,510.0,821.0,-0.23333661647810544,0.05704230384284729
L191K,254.0,514.0,0.0967002564047883,0.07718424010625884
L191M,888.0,5530.0,1.7184233853055986,0.037175415843849424
L191N,486.0,1051.0,0.19250761655139836,0.05553470233945335
L191P,618.0,1358.0,0.21558113974348458,0.0492903134115613
L191Q,1035.0,2651.0,0.43668652969223976,0.0376623892085029
L191R,719.0,3164.0,1.2174595427435682,0.04221282348493865
L191S,737.0,1959.0,0.4901577866533735,0.0440722385292274
L191T,1050.0,6057.0,1.607991849632362,0.034533120944128505
L191V,680.0,1578.0,0.2942676046118695,0.046683431257520315
L191W,633.0,400.0,-1.5824030997807563,0.06445741210289946
L191Y,899.0,1315.0,-0.37154617383955646,0.04413447370506709
L191_,424.0,41.0,-4.290261517277402,0.16376140587669574
L195A,1590.0,35638.0,3.5660981601007906,0.027056485162325245
L195C,1270.0,2174.0,-0.14469215611598685,0.03636538819879024
L195D,657.0,1227.0,-0.019051103304559724,0.04911316249832728
L195E,380.0,882.0,0.2945467532195458,0.06197055986272467
L195F,771.0,1098.0,-0.4101411593886599,0.0477787102784107
L195G,981.0,2163.0,0.22048971146929652,0.03945558152161338
L195H,406.0,966.0,0.330311986540063,0.05977663500550132
L195I,815.0,1337.0,-0.20609028603915913,0.04527673764023232
L195K,889.0,3303.0,0.9732989092406394,0.03876425535554349
L195M,652.0,1265.0,0.03597191711302905,0.04898257845406049
L195N,999.0,2022.0,0.09700823192224206,0.039630985049882474
L195P,1166.0,2746.0,0.31554584192648427,0.036011899567757834
L195Q,553.0,1450.0,0.4704745001307131,0.05072477284083721
L195R,855.0,1543.0,-0.0684766626664004,0.0435054881933093
L195S,1166.0,2594.0,0.23339300388592887,0.0363069649289106
L195T,1511.0,3106.0,0.11933839032134985,0.03253969964260045
L195V,714.0,1313.0,-0.04134915691455987,0.04729921807224428
L195W,956.0,792.0,-1.191717938884545,0.04882305892406475
L195Y,596.0,1200.0,0.08942711051123808,0.0508548639327794
L195_,1215.0,85.0,-4.757402693336261,0.11252300677962093
L196A,673.0,1663.0,0.3848861214481989,0.046499977596542265
L196C,567.0,1251.0,0.22143636153785096,0.05136202922961728
L196D,794.0,2351.0,0.6458407173237513,0.04195051473298605
L196E,456.0,2349.0,1.444704612031983,0.05190098478498634
L196F,627.0,1036.0,-0.19573330470318417,0.051333995972862305
L196G,670.0,1962.0,0.6298669855984844,0.04557700115563969
L196H,932.0,2370.0,0.42626493112036634,0.0396226653329032
L196I,591.0,2034.0,0.8628614498399241,0.047526045639384125
L196K,679.0,1686.0,0.3918974905473762,0.04627002541336841
L196M,1203.0,2749.0,0.27205264413037034,0.03563821270092118
L196N,381.0,1326.0,0.8789800112751873,0.05876913946546318
L196P,771.0,2116.0,0.536314092494286,0.04294943767576129
L196Q,412.0,1192.0,0.6124342040880215,0.057802346759310445
L196R,863.0,2390.0,0.5493565971049161,0.04064738632446993
L196S,435.0,1439.0,0.8057452707836772,0.05539662924169067
L196T,1795.0,2672.0,-0.3462773500560674,0.031724070607497296
L196V,515.0,1346.0,0.46580590182257264,0.05253297059692705
L196W,1621.0,1587.0,-0.9507926478501543,0.03636044130497411
L196Y,624.0,1693.0,0.5197385647692174,0.04762634759580327
L196_,980.0,88.0,-4.397267984205567,0.11161455791331318
L210A,1015.0,113.0,-4.087182472694442,0.09954422641313039
L210C,795.0,147.0,-3.355269588988395,0.09019518147953641
L210D,1097.0,141.0,-3.8799181698934673,0.08987953572491252
L210E,972.0,154.0,-3.5781580027629163,0.08716046961641788
L210F,461.0,974.0,0.15892766323568797,0.0571917865360109
L210G,978.0,141.0,-3.7142626146334887,0.09049445649426535
L210H,939.0,106.0,-4.067151036128523,0.10282553348137022
L210I,1002.0,475.0,-1.9970779916931827,0.05637623141526948
L210K,551.0,55.0,-4.244523569517543,0.14166308161277832
L210M,1541.0,774.0,-1.9136629889014451,0.044899494726165036
L210N,882.0,101.0,-4.046507761618848,0.10539853173833215
L210P,368.0,34.0,-4.355924934102336,0.17943104746299324
L210Q,524.0,67.0,-3.8873569074561587,0.13002527802584957
L210R,239.0,28.0,-4.013267968068903,0.19990129345223834
L210S,800.0,165.0,-3.1976754515320973,0.08593770853180316
L210T,764.0,144.0,-3.3276334020772413,0.09125739540178819
L210V,893.0,199.0,-3.0860462805114217,0.07886537903204927
L210W,585.0,55.0,-4.330906353684575,0.14129031136666845
L210Y,868.0,100.0,-4.037778277035028,0.1059534197617855
L210_,699.0,78.0,-4.083792992573863,0.11968513137825969
L212A,940.0,2996.0,0.7520835537102761,0.03837528275069389
L212C,653.0,2064.0,0.7400620946500478,0.045726693436275806
L212D,517.0,38.0,-4.6859521309258385,0.16827991933617764
L212E,554.0,38.0,-4.785671962995151,0.16789566479505522
L212F,611.0,557.0,-1.053703639221908,0.05921993692086957
L212G,1018.0,2916.0,0.5980330581277382,0.037420710480881116
L212H,2584.0,1085.0,-2.17211418971071,0.03719828621266355
L212I,311.0,523.0,-0.1703333131599356,0.07212771053112574
L212K,383.0,71.0,-3.3514988238714967,0.1294931970224876
L212M,714.0,2091.0,0.6299729005769477,0.04420231891159967
L212N,985.0,142.0,-3.7143567225912886,0.09017783730723308
L212P,1165.0,166.0,-3.7312111609093224,0.0834096028040194
L212Q,1177.0,828.0,-1.4276173569726351,0.04617782947878442
L212R,774.0,59.0,-4.633531718111353,0.13532671525791062
L212S,369.0,1101.0,0.6568848782033418,0.060772339291382066
L212T,1193.0,2659.0,0.23607219106554567,0.0359076922046762
L212V,752.0,1195.0,-0.2520119365866149,0.04734605824240363
L212W,2277.0,1579.0,-1.4483311953154714,0.03387546656043193
L212Y,369.0,241.0,-1.5347777809459178,0.08327199821096698
L212_,1554.0,167.0,-4.138200269158947,0.08189156556659306
L214A,506.0,86.0,-3.476800461826824,0.11695241416737336
L214C,495.0,92.0,-3.347805973654988,0.11385785734536275
L214D,908.0,82.0,-4.389047319446203,0.11562876363002805
L214E,310.0,32.0,-4.195931047143983,0.18585210900497062
L214F,1199.0,198.0,-3.5184093700657018,0.07719674855495985
L214G,543.0,66.0,-3.960433139412684,0.13063641577058055
L214H,587.0,43.0,-4.690851920000577,0.1582056319247909
L214I,739.0,1116.0,-0.3255267129697428,0.04821076207520941
L214K,740.0,84.0,-4.0591226701389935,0.11545451281386777
L214M,974.0,406.0,-2.1826321988036996,0.05970547400111102
L214N,941.0,112.0,-3.990793391633411,0.10032710933687446
L214P,1390.0,146.0,-4.171167052291115,0.08742615085488818
L214Q,552.0,69.0,-3.9200279402963947,0.12797375321653198
L214R,1084.0,93.0,-4.463059294861418,0.10839326273969026
L214S,725.0,106.0,-3.694011408399125,0.10434284963944022
L214T,885.0,165.0,-3.3433511746992126,0.08523635437856181
L214V,732.0,331.0,-2.0651994308378363,0.06679988713119558
L214W,879.0,146.0,-3.510023273579476,0.08978616849956847
L214Y,1181.0,142.0,-3.976167626893898,0.0892387645755743
L214_,400.0,32.0,-4.563652360770557,0.1838892099239677
L218A,947.0,249.0,-2.8473868551370405,0.07174207017804117
L218C,674.0,472.0,-1.4341634472245444,0.06064093744175383
L218D,720.0,87.0,-3.9689746961277867,0.11382823922490265
L218E,744.0,260.0,-2.436965777649391,0.07256128773677567
L218F,1509.0,336.0,-3.0872371674475927,0.060941403272246716
L218G,1326.0,304.0,-3.045111846229389,0.06417611865887345
L218H,865.0,147.0,-3.477013392806442,0.08962913002042866
L218I,1224.0,711.0,-1.7038844646639788,0.04794270922699574
L218K,661.0,64.0,-4.288513759639302,0.13118865039039213
L218M,1139.0,505.0,-2.093607428249544,0.05415884807909539
L218N,1069.0,149.0,-3.7630051668592666,0.08787189846317481
L218P,735.0,78.0,-4.156243776026186,0.11939205032977894
L218Q,592.0,190.0,-2.5597570734625226,0.08382784833317256
L218R,982.0,92.0,-4.336086019263467,0.10936987720327597
L218S,1381.0,450.0,-2.537905676052897,0.05496678231406567
L218T,509.0,582.0,-0.7268609340828283,0.06130128938684793
L218V,712.0,698.0,-0.9488606741914154,0.05396466887517241
L218W,564.0,1107.0,0.05266473148538342,0.052453970436446236
L218Y,830.0,413.0,-1.9271628807591803,0.06083683292755287
L218_,832.0,62.0,-4.666238949591132,0.1319219710691547
L21A,365.0,1590.0,1.2028170687379305,0.058682573475061534
L21C,478.0,2030.0,1.1661632535159923,0.05157209956236049
L21D,673.0,242.0,-2.395772155528335,0.07545190044390664
L21E,366.0,259.0,-1.4190861423618735,0.08165835646255319
L21F,377.0,687.0,-0.05448256778253224,0.06467688168433365
L21G,505.0,1805.0,0.9174120931062637,0.05108071024371229
L21H,556.0,103.0,-3.3525373082202368,0.10761687024907747
L21I,566.0,2115.0,0.9815541614844436,0.048110610471362204
L21K,426.0,36.0,-4.4846286673350715,0.17375987226113218
L21M,537.0,3433.0,1.7562423249773227,0.04720719100856325
L21N,735.0,2234.0,0.6835889844340128,0.04339605830476401
L21P,2293.0,248.0,-4.1289833247432774,0.06740378384704904
L21Q,1775.0,849.0,-1.9841845766299828,0.04261790861913247
L21R,901.0,98.0,-4.120753133335303,0.10671444466632149
L21S,874.0,3225.0,0.9633710666081234,0.03910619932621331
L21T,442.0,1670.0,0.9974949512050095,0.054187246306221
L21V,413.0,1707.0,1.1270120157221672,0.05551698054495804
L21W,1021.0,189.0,-3.3536734015932828,0.07965685340412729
L21Y,362.0,58.0,-3.5618669016172433,0.14168919648780248
L21_,891.0,79.0,-4.41554533289079,0.1177030764344492
L224A,1162.0,97.0,-4.50255607884398,0.10603706917345003
L224C,700.0,170.0,-2.961966799399814,0.0859396565071217
L224D,697.0,104.0,-3.6646679880497777,0.10547144823498938
L224E,617.0,79.0,-3.8853975809717065,0.11980155098280353
L224F,439.0,1930.0,1.2160717390245717,0.053582189860223596
L224G,877.0,71.0,-4.546710056853941,0.12368438883277649
L224H,937.0,288.0,-2.62215641622688,0.06792932158908625
L224I,822.0,88.0,-4.143627458509623,0.11248974175305414
L224K,544.0,49.0,-4.392695995342487,0.14938964919492592
L224M,254.0,162.0,-1.569013305127406,0.10091767917029557
L224N,345.0,134.0,-2.2845083938988715,0.10215509288340958
L224P,1356.0,139.0,-4.2063181182822404,0.08947765842630363
L224Q,702.0,99.0,-3.7460563077191207,0.10770114963105858
L224R,636.0,55.0,-4.451494516961213,0.14080441015473022
L224S,1165.0,193.0,-3.513805712608434,0.07819531335368014
L224T,512.0,56.0,-4.112626530031216,0.14100392939142423
L224V,716.0,73.0,-4.214024627534484,0.12316025741745873
L224W,815.0,97.0,-3.990823260662384,0.10775092137444335
L224Y,290.0,328.0,-0.7425737245510815,0.08106732448534995
L224_,1087.0,92.0,-4.482641610857794,0.10891926004449069
L227A,562.0,85.0,-3.6451022115815306,0.1166949713191823
L227C,840.0,595.0,-1.4177034633793255,0.05427865731752224
L227D,733.0,77.0,-4.170926054379792,0.1201025855199314
L227E,650.0,61.0,-4.333555153332,0.13417995410311698
L227F,568.0,1009.0,-0.09125863738165751,0.05316643150791722
L227G,1090.0,115.0,-4.164721033946441,0.09842451661564643
L227H,536.0,57.0,-4.153183885642114,0.13957609305722546
L227I,277.0,234.0,-1.1635787519037661,0.08920967565880572
L227K,648.0,51.0,-4.587374946744479,0.1456785910038867
L227M,922.0,1601.0,-0.12408285993750656,0.04224049303453607
L227N,462.0,67.0,-3.7056866420768033,0.13100636516234107
L227P,1717.0,329.0,-3.303905978254486,0.06080210262455042
L227Q,1007.0,97.0,-4.296011604472312,0.10665983801314984
L227R,957.0,85.0,-4.413040410449278,0.11350466828247506
L227S,991.0,226.0,-3.052723883860013,0.07422075946399269
L227T,909.0,181.0,-3.2484376393911063,0.08185182442766036
L227V,920.0,544.0,-1.678227247032467,0.0547741983954649
L227W,425.0,208.0,-1.951054775420542,0.08506123437439976
L227Y,1468.0,562.0,-2.3054049655513276,0.05035462877289912
L227_,1723.0,215.0,-3.922666285075752,0.07284499125602156
L253A,967.0,1966.0,0.10345707001887305,0.040222213765600305
L253C,1172.0,2220.0,0.0013704199532602601,0.037131523819449265
L253D,1384.0,121.0,-4.435867064194602,0.09519130519090913
L253E,1008.0,86.0,-4.471072611534271,0.11266621188756525
L253F,1643.0,4739.0,0.608033568308783,0.029911873197242016
L253G,1358.0,2063.0,-0.3169541646626759,0.036002316957928736
L253H,1221.0,780.0,-1.566721366743404,0.046648639382447336
L253I,1441.0,4049.0,0.5702779830173532,0.03187472762187356
L253K,551.0,116.0,-3.1680402073589082,0.1025176192209088
L253M,687.0,1149.0,-0.17822252575049458,0.048999631956480806
L253N,1040.0,345.0,-2.512098192563905,0.06273007672774858
L253P,892.0,289.0,-2.54615134750171,0.06823648694453743
L253Q,1336.0,786.0,-1.6855221098501296,0.045780044072248754
L253R,1194.0,122.0,-4.210954493520181,0.09543914305410625
L253S,814.0,1554.0,0.012666488604529569,0.04412538088475417
L253T,2893.0,3087.0,-0.8265720295493066,0.02728855798652494
L253V,372.0,1013.0,0.525024231984732,0.061239884615054856
L253W,659.0,874.0,-0.5128614466547861,0.05231296134301565
L253Y,1195.0,3129.0,0.46847270253501394,0.03509230089911038
L253_,666.0,68.0,-4.21193591815062,0.1275941440546431
L269A,856.0,548.0,-1.5636363067860657,0.055390084582937454
L269C,630.0,1169.0,-0.028370238214504795,0.05017736209798775
L269D,1022.0,645.0,-1.5842267555976886,0.05102836629317605
L269E,1202.0,988.0,-1.2030622252700338,0.043808012256968905
L269F,1044.0,799.0,-1.3060609421898999,0.04779603144709117
L269G,947.0,560.0,-1.6781379464751902,0.05400651864521057
L269H,1065.0,2066.0,0.035769384559795725,0.03870464676807195
L269I,468.0,849.0,-0.06096868558526225,0.05822040456716938
L269K,1385.0,378.0,-2.7936109630594324,0.05867295550030246
L269M,899.0,2224.0,0.3865433306046011,0.04046034533178699
L269N,1073.0,477.0,-2.08978298110158,0.05570831600352341
L269P,1601.0,2295.0,-0.40069275500123647,0.03369570099631015
L269Q,1286.0,1057.0,-1.203123711316441,0.042411441527050245
L269R,800.0,188.0,-3.009419510456831,0.08151022630354117
L269S,1331.0,952.0,-1.403683653306023,0.04332187541712259
L269T,1304.0,3129.0,0.34254046031352736,0.03408110599888219
L269V,789.0,1197.0,-0.31889116136402684,0.04666789653860069
L269W,965.0,544.0,-1.7471215969911391,0.0543095460703068
L269Y,1166.0,503.0,-2.1331320506863527,0.05404372511213493
L269_,783.0,80.0,-4.210989377741548,0.11768868761235589
L26A,439.0,129.0,-2.6869817803017524,0.10051992909599462
L26C,473.0,373.0,-1.2628672519227147,0.06978595905773613
L26D,516.0,67.0,-3.8651615881918637,0.13013900006240034
L26E,733.0,1690.0,0.2849161218996956,0.04506680533034305
L26F,650.0,442.0,-1.476593779713406,0.06225670022455179
L26G,707.0,547.0,-1.2903742891447436,0.05759855809299913
L26H,773.0,2477.0,0.7598298343693242,0.04210015991710701
L26I,390.0,1505.0,1.0279791763313826,0.05747652417267812
L26K,919.0,82.0,-4.406419693265957,0.11557174811843306
L26M,843.0,3914.0,1.2948149161061484,0.03894591887400676
L26N,937.0,145.0,-3.612122927583436,0.08965694173401918
L26P,692.0,78.0,-4.069272783612349,0.11974557109790515
L26Q,408.0,1486.0,0.9445565315340474,0.056559083277716964
L26R,567.0,55.0,-4.285819247045733,0.14148221415553025
L26S,343.0,150.0,-2.113402835521672,0.09826828455747194
L26T,487.0,1565.0,0.7639376985413451,0.05260595098624461
L26V,689.0,2951.0,1.1784011068942006,0.04318901916263097
L26W,376.0,56.0,-3.66722557338524,0.14348702027239993
L26Y,306.0,465.0,-0.31652793329896234,0.07411764330808175
L26_,705.0,64.0,-4.38148538325102,0.13082830416671865
L276A,1195.0,1268.0,-0.8346674436052615,0.041237325249609845
L276C,1229.0,2291.0,-0.021723774418701325,0.036403548438395474
L276D,1860.0,136.0,-4.6937366203727695,0.08924740150831693
L276E,1102.0,137.0,-3.9279950906350143,0.09100130053716134
L276F,503.0,204.0,-2.2221580865885295,0.08345549203058861
L276G,583.0,301.0,-1.8739200888540157,0.07150141124663131
L276H,1282.0,342.0,-2.8265079775531023,0.061473431905155876
L276I,1087.0,183.0,-3.4905817011465246,0.0803691708458043
L276K,880.0,163.0,-3.352770323120434,0.08570886939015042
L276M,1402.0,618.0,-2.1020054277841713,0.04905532660124561
L276N,863.0,229.0,-2.834177555626603,0.07483597576528758
L276P,1165.0,106.0,-4.378280947529033,0.1018160138758128
L276Q,1076.0,176.0,-3.5321730586645,0.08176748352032209
L276R,1354.0,117.0,-4.45274553285392,0.09674653315571424
L276S,1073.0,1154.0,-0.8152186716876697,0.043284731490923066
L276T,822.0,177.0,-3.1355359544759933,0.08331263500033406
L276V,1318.0,221.0,-3.4963886386677636,0.07320155958039694
L276W,1315.0,164.0,-3.9234289598983847,0.08326287459453768
L276Y,1538.0,187.0,-3.960088436812379,0.07792666463227502
L276_,1074.0,100.0,-4.345002134613277,0.10490546566399146
L283A,603.0,203.0,-2.4908420086780962,0.08160440926251669
L283C,2769.0,7815.0,0.5766665795794643,0.02375216601594106
L283D,936.0,122.0,-3.8597354223425597,0.09664098901323888
L283E,805.0,90.0,-4.081060383535895,0.11147718992240528
L283F,935.0,267.0,-2.728298896229626,0.0699267614029783
L283G,1247.0,358.0,-2.7206121195058994,0.060582199150699824
L283H,1581.0,174.0,-4.103815246402492,0.08033909277867671
L283I,1413.0,359.0,-2.896886616540546,0.059734524402452145
L283K,998.0,104.0,-4.182542904819204,0.1033998100344153
L283M,971.0,352.0,-2.384080615301893,0.06281520911310547
L283N,1432.0,564.0,-2.2644597958852866,0.05046190596684986
L283P,1462.0,150.0,-4.205033472755899,0.08617005686742164
L283Q,1548.0,344.0,-3.090103258789352,0.060232462174261564
L283R,1385.0,148.0,-4.146340711580608,0.08691020248861439
L283S,993.0,350.0,-2.4246229808458892,0.06276278379702796
L283T,777.0,194.0,-2.922013025639165,0.08072437555341194
L283V,1075.0,191.0,-3.4128408808446196,0.07899758538896527
L283W,1716.0,380.0,-3.0951595471399282,0.057352624028856436
L283Y,903.0,117.0,-3.868321008340546,0.09863443690418632
L283_,1446.0,108.0,-4.663051611048633,0.10012505554842913
L285A,803.0,1748.0,0.2020127033198369,0.04350241614406183
L285C,946.0,1395.0,-0.35986275099699316,0.042999751358622704
L285D,1181.0,633.0,-1.8199318604244938,0.05001553113402399
L285E,1584.0,1386.0,-1.1128546526608059,0.03778718381640969
L285F,1111.0,2219.0,0.0778334910112255,0.037759765931086986
L285G,1099.0,1719.0,-0.27483745197946075,0.03958164484880903
L285H,1873.0,1098.0,-1.6906782844091675,0.03898339513352073
L285I,1095.0,1188.0,-0.8026079409197457,0.04277901383340634
L285K,1294.0,223.0,-3.4568793335878527,0.07302028489312588
L285M,1242.0,2225.0,-0.07907584516811195,0.03646435626483052
L285N,546.0,467.0,-1.1456848072991468,0.06362245404327817
L285P,914.0,726.0,-1.2524314055314472,0.05046323442427184
L285Q,1027.0,1491.0,-0.3823711714807265,0.04146629071730198
L285R,1151.0,211.0,-3.3677279669346314,0.07538554683728829
L285S,647.0,786.0,-0.639451218844302,0.05378555763022986
L285T,869.0,923.0,-0.8332373762845879,0.04805427373213526
L285V,626.0,841.0,-0.4942736241646317,0.05349328625436318
L285W,1369.0,802.0,-1.6916517303148542,0.04530329678264285
L285Y,876.0,379.0,-2.128922300969018,0.06208912054868036
L285_,1763.0,167.0,-4.320245139508517,0.08142446662715332
L286A,1911.0,1039.0,-1.7993366639673471,0.03950702143569512
L286C,1140.0,715.0,-1.593222030980086,0.04848539702795858
L286D,2000.0,1208.0,-1.6475856918453684,0.037454930462226296
L286E,1090.0,592.0,-1.8008587959076054,0.05178465053567519
L286F,1048.0,1597.0,-0.31249001232203,0.04068692815873764
L286G,1304.0,176.0,-3.8094365060246367,0.08076773646358346
L286H,544.0,118.0,-3.1249349305043914,0.10191725197608896
L286I,1075.0,634.0,-1.6819834552726523,0.050818822224463635
L286K,733.0,70.0,-4.308410844385096,0.12539130044983274
L286M,1179.0,3363.0,0.5919662380566448,0.03493692165896306
L286N,878.0,228.0,-2.8653511480142395,0.0748316667258325
L286P,1004.0,96.0,-4.306656025565226,0.10717581035480452
L286Q,1052.0,403.0,-2.304471751931602,0.059219556839737016
L286R,1636.0,141.0,-4.456523059617778,0.08819300103226915
L286S,1105.0,189.0,-3.467735830852239,0.07918813764283157
L286T,1051.0,592.0,-1.7482938213461372,0.05211231129134263
L286V,1354.0,527.0,-2.281547027441575,0.052068328021476755
L286W,1498.0,196.0,-3.854258965948736,0.07644867171199866
L286Y,1276.0,374.0,-2.6907017618438793,0.0594347105513588
L286_,1411.0,130.0,-4.360244587728793,0.09206245065172732
L30A,395.0,50.0,-3.9018115424358824,0.1503417735623872
L30C,588.0,177.0,-2.652220700124185,0.08616911446474255
L30D,574.0,66.0,-4.040530243400222,0.13025519698777366
L30E,1471.0,118.0,-4.560036908170021,0.09606627805127889
L30F,202.0,68.0,-2.4908187906848793,0.1404600890925567
L30G,635.0,56.0,-4.423233853756446,0.13965600452539303
L30H,861.0,86.0,-4.243664558994048,0.11341537967747756
L30I,794.0,206.0,-2.8666536836094956,0.07866784524559313
L30K,589.0,61.0,-4.191385367874658,0.13477234975202085
L30M,1432.0,327.0,-3.0508457838187266,0.0618982730236148
L30N,1149.0,116.0,-4.228281154496346,0.09780249281094198
L30P,1297.0,121.0,-4.342202300030607,0.09544553698633827
L30Q,510.0,43.0,-4.48799237439116,0.1590164121999446
L30R,325.0,30.0,-4.357179759867478,0.19098199111189978
L30S,862.0,124.0,-3.717459019364915,0.09643138371813645
L30T,623.0,102.0,-3.5307556101745563,0.10715940353298091
L30V,1419.0,233.0,-3.526631855282608,0.07121407564412792
L30W,1050.0,200.0,-3.312469905558867,0.07763496952898287
L30Y,646.0,87.0,-3.812514249767779,0.11452494095096372
L30_,613.0,60.0,-4.272846649586034,0.13553689796331778
L331A,1003.0,735.0,-1.368711082086831,0.04932130715155819
L331C,1110.0,1536.0,-0.45159594103662215,0.040336048542037456
L331D,577.0,61.0,-4.16168956208767,0.13490327805523206
L331E,885.0,70.0,-4.580271720842096,0.12445348968683603
L331F,1057.0,412.0,-2.279448642491137,0.058721861325944875
L331G,1085.0,125.0,-4.037803804191574,0.09484765227453242
L331H,1589.0,155.0,-4.277905885054103,0.0845906966285447
L331I,1172.0,2623.0,0.2420275525303328,0.036187608901276876
L331K,672.0,58.0,-4.45432005292555,0.13711873272613753
L331M,856.0,1628.0,0.007199129943949778,0.0430990033768127
L331N,1632.0,148.0,-4.383094216098525,0.08627924543349895
L331P,2488.0,209.0,-4.493559285673566,0.07253588296670971
L331Q,1566.0,186.0,-3.9938522124425817,0.0780364477427015
L331R,636.0,54.0,-4.477961871654551,0.14199457285252215
L331S,1302.0,163.0,-3.9179190291572508,0.08353264526546982
L331T,1126.0,295.0,-2.8525947520948414,0.065976312279172
L331V,1422.0,1822.0,-0.5626116089851507,0.03642994568050845
L331W,1000.0,199.0,-3.2493124714214545,0.07810204684352287
L331Y,1661.0,200.0,-3.9741275967559004,0.07534493975492186
L331_,1268.0,138.0,-4.119932287547723,0.09005307136657376
L33A,1979.0,1835.0,-1.0292018530835443,0.03354587774973338
L33C,609.0,198.0,-2.5411035015014907,0.08226375720133182
L33D,671.0,137.0,-3.2122639472279353,0.09414932115137381
L33E,205.0,350.0,-0.14850901789658177,0.08837385735845157
L33F,322.0,105.0,-2.5367896468028235,0.11270963933049996
L33G,588.0,217.0,-2.3582900415440955,0.0798986891344332
L33H,959.0,766.0,-1.2443935085841717,0.04922676690100866
L33I,632.0,326.0,-1.8752420432897372,0.06873653042809502
L33K,870.0,333.0,-2.3056773585877446,0.06501839355334854
L33M,299.0,510.0,-0.1498790751834358,0.07334972542785831
L33N,860.0,1281.0,-0.3453544783031033,0.044927472742896254
L33P,608.0,59.0,-4.285274564401847,0.13662377787752605
L33Q,1326.0,1596.0,-0.6528328403295216,0.03815457003989335
L33R,731.0,364.0,-1.9261239334357958,0.06473186399947654
L33S,390.0,203.0,-1.8621711971413966,0.08697683105036276
L33T,412.0,118.0,-2.72398111299656,0.10476664689639424
L33V,784.0,526.0,-1.4959927048678505,0.057023373066307295
L33W,601.0,80.0,-3.829347640764788,0.11932045139137742
L33Y,585.0,77.0,-3.845554460033328,0.12153092474517274
L33_,606.0,63.0,-4.1858997614267475,0.13264878865691732
L345A,2056.0,1123.0,-1.792687382879472,0.03810393125644914
L345C,1511.0,584.0,-2.291659106572661,0.049489140573575674
L345D,1546.0,879.0,-1.7348090435652428,0.04312234259533565
L345E,1034.0,381.0,-2.360560245644251,0.060553928552977226
L345F,1135.0,833.0,-1.3665101644035165,0.04643901254321461
L345G,822.0,964.0,-0.6903187085824554,0.04825899345448334
L345H,1617.0,438.0,-2.804503763866713,0.054557720468918144
L345I,681.0,390.0,-1.724375743191339,0.06408986376450482
L345K,1305.0,212.0,-3.542067517779673,0.07455268536812869
L345M,808.0,798.0,-0.9381771986251559,0.05065364916165702
L345N,726.0,332.0,-2.0489736001705063,0.06681628219408486
L345P,1687.0,2752.0,-0.21419368889780355,0.0321123354122922
L345Q,1097.0,1853.0,-0.1639168857290043,0.03906786163558998
L345R,991.0,490.0,-1.9362992994686214,0.05590091976368374
L345S,807.0,477.0,-1.6787779154029518,0.058400348683385124
L345T,807.0,275.0,-2.4733133471744386,0.07035936346306566
L345V,1546.0,1610.0,-0.8616908777152381,0.03664706127638868
L345W,1161.0,387.0,-2.5051485243630234,0.05933210078403098
L345Y,1160.0,2144.0,-0.03403648339889731,0.03746390086533569
L345_,1513.0,150.0,-4.254501816394734,0.08603617271410867
L350A,435.0,680.0,-0.27570347951437846,0.06200347520257702
L350D,801.0,215.0,-2.817627369187906,0.07729448189599908
L350E,907.0,4438.0,1.3705116804587032,0.037455526852780814
L350F,1370.0,5685.0,1.132765587227833,0.03131915490954161
L350G,2536.0,2301.0,-1.0605040567586896,0.030066236495272528
L350H,1032.0,347.0,-2.49261868259498,0.06265629090772802
L350I,1352.0,4628.0,0.8550752835171767,0.03210578905255373
L350K,1139.0,1626.0,-0.4066551591135097,0.039598287643245265
L350M,942.0,1848.0,0.05194740757930916,0.040960335302821047
L350N,1125.0,1585.0,-0.4256567586698532,0.03993567869470955
L350P,1136.0,240.0,-3.1630199884209906,0.07156698682446913
L350Q,594.0,2236.0,0.9921566407201485,0.04696557390892155
L350R,915.0,2045.0,0.24003760646967542,0.04070560150280837
L350S,1155.0,2173.0,-0.008421404605350347,0.037430617577830935
L350T,801.0,1564.0,0.045146702358881186,0.04430431768013399
L350V,2380.0,4687.0,0.057489361785548976,0.026619326381890164
L350W,1287.0,5718.0,1.2312790039348842,0.03204601936087425
L350Y,896.0,2755.0,0.700259940775227,0.039422083413613765
L350_,942.0,69.0,-4.691075912740706,0.1250091196018146
L35A,1572.0,553.0,-2.42744379700354,0.05019442630865156
L35C,937.0,339.0,-2.3869474904928367,0.06396918447236966
L35D,940.0,105.0,-4.08236025949304,0.10325593275844758
L35E,804.0,117.0,-3.7007924892943915,0.09932326172548439
L35F,214.0,123.0,-1.7191134834724124,0.11347760051307255
L35G,417.0,58.0,-3.7659193316635386,0.1403976417126453
L35H,557.0,120.0,-3.1347594789305493,0.10100992748585513
L35I,752.0,183.0,-2.9590402402413396,0.08287954171659026
L35K,1037.0,279.0,-2.814251946384502,0.06799616446994351
L35M,1463.0,1650.0,-0.7466757384434168,0.036941113401456595
L35N,513.0,79.0,-3.6190906576395028,0.1211650613163984
L35P,78.0,12.0,-3.619633797820063,0.31009334511706205
L35Q,757.0,133.0,-3.428988519025224,0.09441549038014492
L35R,95.0,37.0,-2.2803751082906256,0.19395875559190617
L35S,531.0,73.0,-3.7827839209853122,0.12512003906078367
L35T,321.0,44.0,-3.786925839414682,0.16097311254540855
L35V,1282.0,206.0,-3.557832116664535,0.07555941377752476
L35W,1042.0,253.0,-2.9623136864086277,0.07061985015174799
L35Y,281.0,339.0,-0.6495045167249245,0.08113830361583135
L35_,501.0,45.0,-4.396732805446698,0.15584710389099232
L367A,1290.0,2183.0,-0.16127438604308297,0.03617094820118908
L367C,1091.0,2498.0,0.274904051289802,0.03730907578036447
L367D,1350.0,141.0,-4.179311586802181,0.08892411077616075
L367E,751.0,168.0,-3.0804958886201117,0.08578247756222912
L367F,1650.0,2834.0,-0.13984079497840707,0.032155566205890246
L367G,1099.0,1636.0,-0.3462338227302757,0.03995271748692545
L367H,834.0,3044.0,0.94762563528284,0.040032574513037815
L367I,854.0,2803.0,0.7944411472433557,0.0400346402004838
L367K,1472.0,245.0,-3.5070858094698885,0.06954046212592696
L367M,1823.0,3171.0,-0.12159092396004789,0.030642566455753823
L367N,1344.0,1517.0,-0.7455241525178953,0.038448668610229574
L367P,1125.0,202.0,-3.397650084314227,0.07690382028510091
L367Q,1670.0,1229.0,-1.3625709629729146,0.03856849022550743
L367R,1546.0,115.0,-4.668929314295198,0.09704014139322227
L367S,1709.0,2558.0,-0.3383498104384275,0.03242112843032648
L367T,1578.0,1797.0,-0.7327187865394733,0.03557043822069614
L367V,1800.0,6278.0,0.8820915295885117,0.028105252382208974
L367W,885.0,657.0,-1.3499893033747963,0.052221108595491346
L367Y,966.0,375.0,-2.2853199325931923,0.06145606664687946
L367_,1527.0,127.0,-4.507906390177318,0.09275417485741051
L374A,1847.0,3495.0,-0.00010596968118159467,0.030043375285173902
L374C,1526.0,2463.0,-0.22955280678319623,0.033710199989985805
L374D,1405.0,705.0,-1.9150756483048834,0.046959822215010535
L374E,1529.0,2149.0,-0.42913652197368934,0.034560311138382274
L374F,1153.0,1772.0,-0.30022915581997545,0.038816139255796134
L374G,1110.0,2006.0,-0.06645475177928262,0.03839871593334072
L374H,1896.0,4406.0,0.29629532021370686,0.028800220389735825
L374I,859.0,1086.0,-0.5819203197071445,0.04647579192513354
L374K,1260.0,1715.0,-0.4754290708923534,0.03810246807050434
L374M,1103.0,2482.0,0.2498521816387118,0.03720989057210741
L374N,410.0,637.0,-0.28455395224943203,0.06390512945709576
L374P,1223.0,160.0,-3.8544131001726294,0.08451231153507867
L374Q,2161.0,2616.0,-0.6445485683616616,0.030332733488406968
L374R,1109.0,1346.0,-0.6407941219583533,0.04146936525215398
L374S,991.0,2500.0,0.4147514693913754,0.03852449288912721
L374T,1128.0,2886.0,0.43508556539259846,0.036167426069266706
L374V,2068.0,3318.0,-0.23813580338556584,0.02932590534000202
L374W,1621.0,3684.0,0.26417311083365114,0.031038835115559313
L374Y,1122.0,1842.0,-0.20501551634685455,0.03884854528225835
L374_,2153.0,212.0,-4.264361676241498,0.0725002846145232
L383A,950.0,1892.0,0.07369423331383196,0.04069675085922579
L383C,1495.0,3221.0,0.18714712937549516,0.032471835047656966
L383D,1119.0,1801.0,-0.23362761307116742,0.03903790035465236
L383E,1216.0,1952.0,-0.2374055251050331,0.0375462476796599
L383F,1110.0,1575.0,-0.4154225610589677,0.040135719596737784
L383G,1967.0,3624.0,-0.038628231608424546,0.02931535180912178
L383H,1385.0,9537.0,1.8634297612818562,0.030032277849320277
L383I,540.0,763.0,-0.42149503431727897,0.05689888373795869
L383K,13.0,13.0,-0.9202108758414997,0.39217721531628674
L383M,624.0,1182.0,0.0013903110363751026,0.05023566015407611
L383N,1189.0,4399.0,0.9672071562838824,0.033814586999612574
L383P,1601.0,3067.0,0.017639675646792696,0.03202690696558153
L383Q,1646.0,3173.0,0.026668091605036803,0.031587251931903634
L383R,833.0,1645.0,0.06147975840727682,0.043398518637673654
L383S,1730.0,4477.0,0.4515442877400946,0.02960508910251656
L383T,944.0,2204.0,0.3030458464507335,0.03985092045402398
L383V,1130.0,2255.0,0.07658741558896143,0.03746293546164566
L383W,1338.0,1937.0,-0.38646837224274666,0.036588314592726254
L383Y,666.0,1039.0,-0.27861708058138035,0.050388492735856646
L383_,1269.0,1613.0,-0.5741589310925388,0.03851027671531463
L40A,1431.0,226.0,-3.5827861171926103,0.07210032398239619
L40C,703.0,85.0,-3.9680516217631228,0.1151557355663861
L40D,976.0,135.0,-3.7740405356478046,0.09223071623103515
L40E,644.0,78.0,-3.9655629879696255,0.12019445450819038
L40F,1237.0,669.0,-1.806968358196154,0.048766930077587714
L40G,981.0,104.0,-4.157756476207984,0.10348373953427084
L40H,564.0,116.0,-3.201682447683594,0.1023133977752793
L40I,925.0,146.0,-3.5836126576390797,0.08947056478190304
L40K,742.0,58.0,-4.597275981449498,0.13660587286863765
L40M,2.0,0.0,-8.571262567020428,10.024848502815892
L40N,1214.0,133.0,-4.110384561127619,0.09174429003947276
L40P,899.0,85.0,-4.32284357405968,0.11380124445925259
L40Q,664.0,153.0,-3.0377899009549587,0.09009211158002485
L40R,770.0,86.0,-4.082511747414378,0.11401888476696326
L40S,1643.0,779.0,-1.996838383846843,0.04435522731655959
L40T,896.0,117.0,-3.8570938777337895,0.09867828366737802
L40V,1712.0,222.0,-3.8672054380254517,0.07185733744588964
L40W,101.0,79.0,-1.274601836370275,0.1504383669237367
L40Y,957.0,967.0,-0.9052140667454784,0.04641231764441313
L40_,862.0,85.0,-4.262211016452145,0.11401082365566778
L42A,687.0,824.0,-0.6578801289226375,0.05238537002245095
L42C,831.0,1491.0,-0.07685868518446881,0.04414870174772122
L42D,396.0,1220.0,0.703073330616899,0.0584800886587256
L42E,577.0,1563.0,0.5174479056141283,0.04947655998930064
L42F,230.0,340.0,-0.35633028357285657,0.08581254935202999
L42G,1272.0,1645.0,-0.5492245342448516,0.038329140099302
L42H,853.0,2897.0,0.8437192289741025,0.03990700791146463
L42I,738.0,1398.0,0.0014515345627996723,0.046318076973346445
L42K,611.0,1823.0,0.6568437023713116,0.04754202737804652
L42M,755.0,895.0,-0.6748028269117539,0.05016829994511868
L42N,609.0,1850.0,0.6827843706070889,0.047514349203381406
L42P,583.0,114.0,-3.2745711340742574,0.1027689810641437
L42Q,1023.0,3751.0,0.9542479857087547,0.036320366382008855
L42R,615.0,2246.0,0.9484717014503001,0.04632807370399471
L42S,805.0,1340.0,-0.1850457187238277,0.045426317044374935
L42T,1733.0,17986.0,2.4553124156660564,0.026602557820496166
L42V,571.0,1425.0,0.3991732509837673,0.05028020361099584
L42W,541.0,255.0,-2.0053123145873393,0.07645178948069531
L42Y,559.0,2316.0,1.1304846102770911,0.04791367683907955
L42_,397.0,32.0,-4.5527916406813915,0.18394056721126215
L43A,62.0,25.0,-2.2302067078071346,0.23703481646649724
L43C,780.0,209.0,-2.820131526662423,0.07836811544551753
L43D,738.0,86.0,-4.02127493029579,0.11426555404232466
L43E,874.0,228.0,-2.8587635631804815,0.07486648663904791
L43F,859.0,672.0,-1.274403100639839,0.05222327541414306
L43G,729.0,183.0,-2.9142269981634135,0.0831322571580487
L43H,468.0,106.0,-3.062549870463296,0.10791128500481248
L43I,986.0,132.0,-3.821165933643208,0.09308296726239941
L43K,1060.0,245.0,-3.033376212245706,0.07141372408885084
L43M,322.0,373.0,-0.7081020595662268,0.07656012990417115
L43N,752.0,157.0,-3.180106274796909,0.08816948015890064
L43P,323.0,32.0,-4.2551951235543095,0.18550251591134226
L43Q,472.0,335.0,-1.4148241402264716,0.07196284669282546
L43R,1366.0,125.0,-4.37006350990106,0.09384287779482917
L43S,1560.0,588.0,-2.3278535573489263,0.049160344592712873
L43T,711.0,156.0,-3.1084422200381177,0.08883333890732438
L43V,140.0,18.0,-3.878870662620524,0.25048377606062755
L43W,212.0,30.0,-3.740827966629067,0.19522820279674286
L43Y,904.0,111.0,-3.945859964162314,0.1009427883135611
L43_,945.0,91.0,-4.296443492078308,0.11009568564476842
L49A,466.0,927.0,0.07201311231023322,0.05744284386868649
L49C,393.0,928.0,0.31936345389603193,0.06080382974482629
L49D,267.0,20.0,-4.658311577908329,0.23193804598656328
L49E,1362.0,195.0,-3.7243281600755767,0.07705334357340092
L49F,695.0,1248.0,-0.07568702263270755,0.048116218141053324
L49G,763.0,257.0,-2.4900883466484354,0.07263996557332414
L49H,562.0,880.0,-0.27328675887096754,0.054687705129671624
L49I,714.0,1084.0,-0.3178489952546757,0.048970480115138486
L49K,897.0,255.0,-2.734781122202203,0.07149332989234841
L49M,702.0,417.0,-1.6716204771778784,0.06243053547777987
L49N,1004.0,817.0,-1.2175588727095814,0.047906657592780545
L49P,916.0,93.0,-4.220116482530927,0.10917092026341307
L49Q,1940.0,15306.0,2.0597513774224216,0.025609796424849212
L49R,575.0,41.0,-4.729750273251109,0.16185939361588408
L49S,804.0,2232.0,0.5528472646251599,0.042034020631472144
L49T,276.0,719.0,0.4610804223671625,0.07133670146074814
L49V,650.0,1419.0,0.20614006211390024,0.048147908967515377
L49W,640.0,419.0,-1.5313206475117402,0.06343595251418901
L49Y,523.0,447.0,-1.1467423009368005,0.06499355620635063
L49_,101.0,6.0,-4.991200201679117,0.41995764974653677
L61A,1108.0,1909.0,-0.13535711782725546,0.038748125809200396
L61C,593.0,958.0,-0.22822659383039667,0.052964226069290264
L61D,466.0,91.0,-3.2764748098796135,0.11492931234063765
L61E,501.0,876.0,-0.11410293642888103,0.0566795750123932
L61G,286.0,818.0,0.5958420140720628,0.0692381887927853
L61H,479.0,1432.0,0.6597030117574461,0.05348854862364928
L61I,771.0,1178.0,-0.3086805668678796,0.04712701843368358
L61K,424.0,704.0,-0.18871324451085503,0.062080076598666246
L61M,663.0,1261.0,0.007266305267250139,0.04874786763153256
L61N,394.0,1074.0,0.5264923993789861,0.059532875587916236
L61P,973.0,98.0,-4.231664647449086,0.10632895076966026
L61Q,338.0,1035.0,0.6942959966243496,0.06324344385984888
L61R,162.0,362.0,0.2397358087598649,0.09492038622128739
L61S,634.0,1263.0,0.07407768526218295,0.049437719970488715
L61T,1310.0,2890.0,0.22128578424024514,0.034415681230283726
L61V,459.0,698.0,-0.315488755132443,0.060715011355792534
L61W,681.0,1211.0,-0.08974798574824572,0.04867474530519383
L61Y,701.0,1505.0,0.18205526739504663,0.046540597173359136
L61_,933.0,82.0,-4.428231677269125,0.11550108828574822
L65A,1113.0,2080.0,-0.018086966299192042,0.0381352598340728
L65C,1177.0,2127.0,-0.0665106375058162,0.03734729692390566
L65D,589.0,383.0,-1.541120943726522,0.06620973139675798
L65E,923.0,1056.0,-0.7260055627227961,0.045885065210015785
L65F,922.0,2253.0,0.36878853802363754,0.0400437786059238
L65G,840.0,1171.0,-0.4409358877009817,0.046037944022174294
L65H,969.0,5054.0,1.4626341838293042,0.036123543298696874
L65I,1186.0,1801.0,-0.3175208583064233,0.038385854323873175
L65K,160.0,365.0,0.26956304276619836,0.09520675904038182
L65M,869.0,1392.0,-0.2404859843444962,0.04409293579485942
L65N,1063.0,1817.0,-0.14679968503226792,0.03957456538391825
L65P,786.0,315.0,-2.239360915379205,0.06724446029614452
L65Q,543.0,967.0,-0.08765883368408467,0.05432097918426885
L65R,1307.0,2332.0,-0.08490708011118153,0.03562283416577739
L65S,699.0,1232.0,-0.10258190964893821,0.04813878914838692
L65T,85.0,163.0,0.01904512959012994,0.13406334894732688
L65V,112.0,213.0,0.00708274659134478,0.11703613194752222
L65W,592.0,1961.0,0.8076925659955476,0.04768824342455777
L65Y,933.0,2625.0,0.5721475938317391,0.039087304874249516
L65_,716.0,81.0,-4.0640186999472006,0.11754084473232726
L69A,693.0,1064.0,-0.3016472413373803,0.04957709159313849
L69C,1070.0,2084.0,0.04152704478459679,0.03859380067655985
L69D,499.0,575.0,-0.7156925566512333,0.06179105635131735
L69E,571.0,392.0,-1.4628364300051961,0.06616120272885034
L69F,611.0,1063.0,-0.12132360411038778,0.05150170819194292
L69G,993.0,1261.0,-0.5755113107842513,0.043302666499059575
L69H,557.0,846.0,-0.317239387964694,0.055248399334394474
L69I,578.0,934.0,-0.2278673322073912,0.05362641906490236
L69K,1110.0,1618.0,-0.3765630253376102,0.03992496131014675
L69M,661.0,890.0,-0.4910614273109184,0.05207193003129061
L69N,587.0,295.0,-1.9128320978335358,0.07189110302021316
L69P,546.0,1435.0,0.47385063564651553,0.05102346658702211
L69Q,724.0,1010.0,-0.43992282783641556,0.04946061259675974
L69R,819.0,578.0,-1.4229974902924543,0.05501024255529175
L69S,775.0,1239.0,-0.2433098751814997,0.04660974703381667
L69T,1070.0,2035.0,0.007200728348482954,0.03874319786373838
L69V,865.0,1625.0,-0.01055099592537534,0.042970960274032174
L69W,1979.0,39202.0,3.387865944026725,0.02461460241041811
L69Y,546.0,1569.0,0.6026443924303866,0.05043688585563486
L69_,1268.0,113.0,-4.408254654763361,0.0985519069192445
L75A,403.0,1044.0,0.45303711261200874,0.059281024259124425
L75C,997.0,1476.0,-0.3541882601446895,0.04189949583168969
L75D,581.0,128.0,-3.102517354124741,0.09802090117579726
L75E,715.0,418.0,-1.6946368390157032,0.062176649177688136
L75F,510.0,1152.0,0.25534492422132615,0.05388747987463084
L75G,463.0,760.0,-0.20523582744980207,0.05958707348310752
L75H,526.0,183.0,-2.4433786206107397,0.08625748330408181
L75I,471.0,968.0,0.11905338547491784,0.05684374154220066
L75K,387.0,26.0,-4.815443416277637,0.20274548184611302
L75M,587.0,165.0,-2.7510424985110724,0.0885373021048736
L75N,829.0,240.0,-2.7085058634179386,0.07380933361529586
L75P,453.0,494.0,-0.7952135274667231,0.06562601549212047
L75Q,615.0,184.0,-2.6610365730677,0.0844721473417438
L75R,485.0,36.0,-4.671755864483279,0.17293624151326017
L75S,267.0,517.0,0.03308753513223284,0.07585804668679977
L75T,441.0,1193.0,0.5155119854443457,0.056398624262399576
L75V,618.0,889.0,-0.39564141110778284,0.0530849332040283
L75W,550.0,166.0,-2.6483985767648965,0.0889772379322673
L75Y,406.0,765.0,-0.0062475307342211295,0.062009939337845106
L75_,1097.0,102.0,-4.3470050617324665,0.10387297921871325
L77A,287.0,311.0,-0.8043509114684655,0.08230793675387651
L77C,359.0,634.0,-0.09972931019401621,0.06661656339775598
L77D,654.0,462.0,-1.4215994924846402,0.06138852109343777
L77E,513.0,300.0,-1.6941872343557076,0.07319541355956413
L77F,420.0,643.0,-0.3057933788902778,0.0633336250264717
L77G,638.0,719.0,-0.7477780766047326,0.05507487078357569
L77H,1482.0,766.0,-1.8723309269579076,0.045335326896415964
L77I,178.0,74.0,-2.186377043567931,0.13857999905463175
L77K,562.0,60.0,-4.147531841817512,0.1360819007834524
L77M,455.0,370.0,-1.2185448664151775,0.07053687087807925
L77N,598.0,339.0,-1.7390526552885186,0.06853499056677258
L77P,499.0,184.0,-2.3594954313476997,0.08668057286138077
L77Q,923.0,355.0,-2.298697490784823,0.06304998446581284
L77R,939.0,97.0,-4.195146021609304,0.10699641878088631
L77S,1139.0,6281.0,1.5430052770931746,0.033350143625894
L77T,777.0,334.0,-2.1382527453437294,0.06599980045606248
L77V,938.0,205.0,-3.11411989566216,0.07758198343096993
L77W,415.0,228.0,-1.7842598765174458,0.0828879945768135
L77Y,999.0,1796.0,-0.07398651741148843,0.04040850594925384
L77_,529.0,73.0,-3.777339885013088,0.12514848741701498
L8A,669.0,2348.0,0.8911279961839575,0.04467331565217251
L8C,1024.0,290.0,-2.74026612732938,0.06708037360173959
L8D,236.0,287.0,-0.6379578611341792,0.08829708009334918
L8E,243.0,349.0,-0.39795818480778067,0.08399625590910431
L8F,49.0,9.0,-3.363688011437718,0.3625835863988971
L8G,635.0,1504.0,0.3237520671039098,0.04811168408252684
L8H,648.0,2190.0,0.8366385997553865,0.045550758287716486
L8I,646.0,1844.0,0.5930072010307992,0.046533070619490254
L8K,916.0,2612.0,0.591514291072289,0.03936501827956708
L8M,792.0,1970.0,0.3944015259976448,0.04295682199790955
L8N,572.0,3204.0,1.5655555008544995,0.04621035243955111
L8P,696.0,2876.0,1.1266778768371322,0.0431222854475957
L8Q,481.0,1704.0,0.9045841337615323,0.052353380718258465
L8R,210.0,246.0,-0.691951941348667,0.09434839705048206
L8S,431.0,1083.0,0.4090424410855862,0.057606864963010804
L8T,578.0,1073.0,-0.027713712120463363,0.052317284303781936
L8V,409.0,1444.0,0.8996618357460457,0.056679013539147775
L8W,737.0,141.0,-3.3060975924739067,0.09232332271106924
L8Y,742.0,1319.0,-0.09026590865650164,0.04670012523404143
L8_,999.0,89.0,-4.408670662526742,0.11095382062515573
L94A,530.0,380.0,-1.4001930722060365,0.06777413333899354
L94C,607.0,596.0,-0.9465946229780329,0.05831217809612043
L94D,519.0,651.0,-0.5932935073143204,0.05948013503000291
L94E,617.0,593.0,-0.9774483141233388,0.05815580863636865
L94F,603.0,224.0,-2.3488296661854715,0.07872420412361787
L94G,435.0,449.0,-0.8745118659236111,0.06783056993909954
L94H,444.0,642.0,-0.3882072761245867,0.06232877556178778
L94I,354.0,592.0,-0.17837944417429608,0.06774220409914684
L94K,762.0,113.0,-3.6735703673225526,0.10117390859212749
L94M,293.0,136.0,-2.027448050293888,0.10411685724000314
L94N,341.0,454.0,-0.5073008476530401,0.07218120655126986
L94P,475.0,314.0,-1.5173582574053182,0.07324545987039476
L94Q,737.0,884.0,-0.6578323806629989,0.05062715886719713
L94R,814.0,175.0,-3.137820034331562,0.0837705911281484
L94S,830.0,702.0,-1.161848012469446,0.05200338924752871
L94T,532.0,641.0,-0.6513173760295601,0.0592854837216899
L94V,559.0,476.0,-1.1520930852429707,0.06296617794605566
L94W,350.0,73.0,-3.1814410321406505,0.1289530212722805
L94Y,282.0,50.0,-3.4156686867989983,0.15367836850374078
L94_,686.0,74.0,-4.13264836115443,0.12265585557591156
L96A,345.0,287.0,-1.1857480502287103,0.08036001783864784
L96C,606.0,428.0,-1.421907972131458,0.06373067075659179
L96D,718.0,603.0,-1.1720328857777282,0.055912003656479366
L96E,441.0,339.0,-1.2996944153168766,0.07274856954706266
L96F,752.0,1055.0,-0.43177795380181117,0.04850458188841747
L96G,567.0,394.0,-1.4453528092992274,0.0661567122391368
L96H,732.0,313.0,-2.1458654842499145,0.06808784226390084
L96I,471.0,775.0,-0.20175364013569919,0.05906326865987184
L96K,255.0,29.0,-4.05614249744389,0.19613096022462959
L96M,640.0,819.0,-0.5644242558052355,0.053465208296204825
L96N,303.0,121.0,-2.244450008883402,0.10788451031920004
L96P,838.0,1154.0,-0.4585945150879631,0.04620512308290872
L96Q,520.0,258.0,-1.9313232599865593,0.07664153774128117
L96R,656.0,52.0,-4.5770677397729385,0.14431391243630043
L96S,775.0,244.0,-2.587485528105642,0.07391593351674017
L96T,647.0,2590.0,1.0808868769293993,0.04479661438423178
L96V,436.0,798.0,-0.04816527458047304,0.060180637299803594
L96W,1135.0,2769.0,0.3664543795904889,0.03629402164616858
L96Y,328.0,398.0,-0.6411459956866166,0.07507498801229165
L96_,687.0,78.0,-4.058810996525106,0.11978947726316698
M103A,320.0,413.0,-0.5521511511646038,0.07497478126722495
M103C,294.0,486.0,-0.1950901027197034,0.07439006846741851
M103D,509.0,36.0,-4.741435370937184,0.1726549403152763
M103E,261.0,15.0,-5.040320075178592,0.2655721921883789
M103F,407.0,710.0,-0.11743577282747619,0.06277292056404575
M103G,480.0,305.0,-1.5744187941320416,0.07373559222440741
M103H,906.0,386.0,-2.1510996272830356,0.061395550627724726
M103I,391.0,483.0,-0.615363322259288,0.06857766733995721
M103K,484.0,90.0,-3.34709053368315,0.11511305874870743
M103L,772.0,1026.0,-0.50985752385444,0.04842557152777373
M103N,831.0,242.0,-2.7000100519180803,0.07355598011960215
M103P,525.0,60.0,-4.049280943292022,0.13654186748079397
M103Q,427.0,291.0,-1.473412002629841,0.07650647135914256
M103R,375.0,33.0,-4.426164899131741,0.18175673991609018
M103S,487.0,428.0,-1.1065177679124192,0.06681920783553397
M103T,370.0,364.0,-0.9437970534553459,0.07432949302330552
M103V,666.0,621.0,-1.021138215000204,0.05645197590486455
M103W,416.0,631.0,-0.3191662153038326,0.06374649722438414
M103Y,552.0,342.0,-1.6108667698279548,0.06935790580854209
M103_,649.0,79.0,-3.9583444169316415,0.1194675715443707
M107A,628.0,625.0,-0.9271191349157535,0.05716093361560315
M107C,435.0,679.0,-0.2778266201617061,0.06202093749880091
M107D,715.0,81.0,-4.062002382529242,0.11754915346227618
M107E,832.0,129.0,-3.6093288460494195,0.09501743174623684
M107F,813.0,616.0,-1.3205302022550072,0.05411482274191146
M107G,887.0,618.0,-1.4415310626375106,0.05310881658889596
M107H,848.0,393.0,-2.029726131628559,0.06163410170940235
M107I,240.0,167.0,-1.4433709036788196,0.1011396315552917
M107K,638.0,161.0,-2.9066396184845953,0.08861847725972036
M107L,257.0,507.0,0.059978832309131924,0.07706045335544187
M107N,412.0,962.0,0.3031616610523553,0.05951203565908659
M107P,307.0,18.0,-5.011626437638589,0.24260461245849602
M107Q,746.0,723.0,-0.9653902439413571,0.052902154384041535
M107R,726.0,61.0,-4.493082659970006,0.13357849268842972
M107S,510.0,853.0,-0.1781737561527077,0.05664037134318399
M107T,574.0,1377.0,0.34218038482689206,0.05043220861483908
M107V,622.0,436.0,-1.4327874265064198,0.06305777645641975
M107W,642.0,541.0,-1.167151383902663,0.059000588177312706
M107Y,524.0,410.0,-1.2741461227040896,0.0665010678851104
M107_,562.0,42.0,-4.662001985852514,0.16018192967301612
M109A,301.0,47.0,-3.598982706453831,0.15706458906228596
M109C,353.0,55.0,-3.6021541202111003,0.14521143390856242
M109D,309.0,44.0,-3.7319611255304803,0.16134843177414648
M109E,221.0,31.0,-3.7535170932367405,0.19195679405708863
M109F,301.0,266.0,-1.0985418107354414,0.08459593687464521
M109G,845.0,330.0,-2.2766695486091386,0.06548813444076572
M109H,573.0,330.0,-1.7162614506876528,0.06964515809567995
M109I,288.0,40.0,-3.767897246421083,0.16894058075057142
M109K,855.0,114.0,-3.8269917983311927,0.10007898874204542
M109L,591.0,332.0,-1.7521667215337073,0.06913062141932765
M109N,337.0,321.0,-0.9903840361370726,0.07846977349105905
M109P,686.0,77.0,-4.075322780879135,0.12049106970327686
M109Q,448.0,268.0,-1.6614549791960256,0.07770690890958043
M109R,630.0,73.0,-4.029419619165673,0.12393182343879781
M109S,830.0,369.0,-2.0896796808818277,0.06316506170562176
M109T,683.0,234.0,-2.4655473949908906,0.07623972494004919
M109V,961.0,192.0,-3.2435808698413755,0.07952169878410219
M109W,412.0,463.0,-0.75184687682584,0.06827864029543651
M109Y,617.0,426.0,-1.4546174513078824,0.06358575793581774
M109_,467.0,39.0,-4.501748414797999,0.16688559277180645
M132A,771.0,468.0,-1.6404210915619473,0.05923489781062282
M132C,720.0,271.0,-2.3298817331121002,0.07179022872088908
M132D,475.0,45.0,-4.3198512916564535,0.15619721663448263
M132E,491.0,65.0,-3.837229723607936,0.1322646357976755
M132F,510.0,841.0,-0.19861345588901091,0.05678784174830921
M132G,709.0,191.0,-2.812368681415302,0.08198055827380413
M132H,1124.0,2354.0,0.14625470235097549,0.03727660701529993
M132I,772.0,314.0,-2.2180199068861812,0.06749072945920519
M132K,955.0,126.0,-3.8421884868769327,0.0951738102544904
M132L,490.0,382.0,-1.2794116628722616,0.06880097235688652
M132N,771.0,112.0,-3.703332909268493,0.10148813203458679
M132P,533.0,50.0,-4.334084965863087,0.14814589028129665
M132Q,504.0,493.0,-0.9520463242868304,0.06393364246774905
M132R,732.0,74.0,-4.226282111693011,0.12228187013971574
M132S,482.0,192.0,-2.2480925040622015,0.085777470430362
M132T,693.0,258.0,-2.345660063186741,0.07344294374940932
M132V,539.0,163.0,-2.645562444073069,0.08980485910095762
M132W,262.0,87.0,-2.510579627688977,0.12403486068659055
M132Y,1392.0,688.0,-1.936879011887143,0.047401682343468296
M132_,837.0,82.0,-4.2715839924781465,0.11603202307100681
M150A,578.0,791.0,-0.4676093950152165,0.05540168764600797
M150C,788.0,804.0,-0.8912113684589018,0.050870931312364295
M150D,338.0,74.0,-3.111484683530966,0.12862832721128695
M150E,581.0,737.0,-0.5770896760720126,0.05615194621820497
M150F,701.0,450.0,-1.5596888394831128,0.06102255823502382
M150G,604.0,280.0,-2.0293049598005455,0.0728146232051349
M150H,419.0,362.0,-1.1311660010056066,0.07227723788407397
M150I,542.0,516.0,-0.9911313205809513,0.062112784094650896
M150K,132.0,38.0,-2.7164071660518125,0.18427999453323865
M150L,511.0,319.0,-1.5999607506766482,0.07187957594267413
M150N,577.0,615.0,-0.8281973291587414,0.05860143886900028
M150P,865.0,168.0,-3.2843805818966842,0.08475346166102149
M150Q,894.0,4364.0,1.3670806577574774,0.03771961513454588
M150R,486.0,97.0,-3.2449914982564287,0.1115385721570857
M150S,446.0,1097.0,0.3782178387982187,0.05682198089401735
M150T,576.0,895.0,-0.28440093229606944,0.054115187533625486
M150V,356.0,627.0,-0.10364018927149576,0.06692419111485569
M150W,635.0,227.0,-2.4042343361903926,0.07781347721137273
M150Y,1046.0,1679.0,-0.23749669702156595,0.04033199066870606
M150_,638.0,54.0,-4.482491459026826,0.1419772163039492
M157A,903.0,702.0,-1.2834612585535679,0.051058350739757216
M157C,847.0,592.0,-1.4369683328006628,0.05426648008257525
M157D,483.0,364.0,-1.3282858496971919,0.06994708274678188
M157E,593.0,1147.0,0.03153875501223258,0.051314820310279764
M157F,738.0,198.0,-2.818277948857154,0.08050038370241239
M157G,621.0,1216.0,0.049255811984096454,0.0500770235237782
M157H,832.0,561.0,-1.4887852570942757,0.05531251802881277
M157I,939.0,1546.0,-0.20087365189125173,0.042271081493075076
M157K,845.0,1663.0,0.05654564829287878,0.0431254430857582
M157L,801.0,1068.0,-0.5051778793069799,0.04753747242892566
M157N,609.0,606.0,-0.9273351930016949,0.058027696387246586
M157P,556.0,460.0,-1.1936564825450509,0.0636196603893746
M157Q,778.0,1017.0,-0.5337376147668724,0.04841148234231696
M157R,558.0,621.0,-0.765885352351221,0.05896973126915397
M157S,1158.0,736.0,-1.5740613145246973,0.04793009693396533
M157T,1340.0,949.0,-1.417959448320377,0.04330195564719843
M157V,470.0,566.0,-0.6520747858007319,0.06300344548314857
M157W,489.0,774.0,-0.2577226379633295,0.05841222069990248
M157Y,303.0,438.0,-0.3886124747583688,0.07522194235889232
M157_,741.0,60.0,-4.54642905283787,0.1344933656511822
M172A,922.0,1263.0,-0.46619911713170126,0.044174799407045176
M172C,410.0,1277.0,0.7188279445903323,0.05742047306069776
M172D,162.0,666.0,1.1192500977692807,0.08802842748841562
M172E,1594.0,3419.0,0.1807070864795599,0.0315419968027916
M172F,767.0,1926.0,0.40808702564733057,0.04356648562215855
M172G,769.0,771.0,-0.916463662553455,0.05169564628781241
M172H,584.0,1881.0,0.7672316651406801,0.048155948026063655
M172I,472.0,2194.0,1.296469895574039,0.05147282990104685
M172K,399.0,458.0,-0.7212566817364108,0.06902628407431789
M172L,789.0,1332.0,-0.16472145277287797,0.045751751584493926
M172N,703.0,2585.0,0.9583418694709067,0.04340929820406493
M172P,1007.0,2734.0,0.5207296340210457,0.03786645622426629
M172Q,455.0,1973.0,1.1962172347323499,0.0527224837972982
M172R,464.0,1012.0,0.20478486730416368,0.05673028375164053
M172S,597.0,1836.0,0.7005360385585426,0.04790344205557898
M172T,295.0,1268.0,1.1835194836372187,0.06521824526573025
M172V,582.0,2300.0,1.0623134112938244,0.0472020217131028
M172W,417.0,1796.0,1.1864306216672347,0.055044349393742364
M172Y,621.0,1457.0,0.31011149817048533,0.04869993546595509
M172_,506.0,46.0,-4.379357410685258,0.15422619003219423
M1A,590.0,53.0,-4.396613836843754,0.14364650479754706
M1C,708.0,55.0,-4.60621480495859,0.14023547705903922
M1D,1162.0,109.0,-4.334300968763519,0.1005440933861715
M1E,1034.0,120.0,-4.027234483466045,0.09682362408607527
M1F,1115.0,94.0,-4.488309487849801,0.10774546765885668
M1G,286.0,25.0,-4.435699503214328,0.20869943517399894
M1H,1422.0,140.0,-4.264540708049414,0.08899799722129766
M1I,661.0,62.0,-4.334310178758371,0.1330952074150803
M1K,518.0,56.0,-4.129434491342206,0.14092368826032656
M1L,903.0,88.0,-4.2792134779817985,0.112003657241911
M1N,1265.0,76.0,-4.977026620831144,0.11841341920023428
M1P,664.0,60.0,-4.388141009612976,0.13507389594777447
M1Q,257.0,14.0,-5.1175065092809815,0.2744878015931507
M1R,835.0,59.0,-4.7429729876594156,0.13497754383077498
M1S,535.0,38.0,-4.735325803053198,0.168086455815376
M1T,892.0,84.0,-4.328637787416344,0.11445293838167603
M1V,579.0,47.0,-4.54275955520935,0.1519020153239062
M1W,556.0,56.0,-4.231565372911568,0.14045479718930268
M1Y,1140.0,103.0,-4.388401052193792,0.10324750479607893
M1_,634.0,58.0,-4.370342947032556,0.13744357372596624
M263A,985.0,635.0,-1.5535699356734733,0.051624248843488416
M263C,908.0,1580.0,-0.12105727773998609,0.042535672590198775
M263D,1598.0,2121.0,-0.5117358893990587,0.0342391356051355
M263E,1003.0,814.0,-1.2214284424973068,0.047964067472839066
M263F,896.0,842.0,-1.0098883422063771,0.048772532462301496
M263G,1514.0,877.0,-1.7079204121316063,0.04331053072425365
M263H,606.0,840.0,-0.44914597346203156,0.053996911058954565
M263I,1309.0,1231.0,-1.0088445129605135,0.04063672955902696
M263K,555.0,108.0,-3.2815597524964133,0.10552363686112423
M263L,1062.0,4775.0,1.2484955278774184,0.035015724518802735
M263N,1120.0,1757.0,-0.27060008682252157,0.03920541409469935
M263P,830.0,752.0,-1.0625877475144803,0.051084644575639465
M263Q,1131.0,1036.0,-1.0467846324520984,0.04386882409812376
M263R,1512.0,951.0,-1.5891461405892273,0.04228417600268336
M263S,1045.0,942.0,-1.0699133436723889,0.04575538325681289
M263T,867.0,1099.0,-0.5781269008156631,0.04624246599496084
M263V,1071.0,896.0,-1.1775960875958953,0.04609580967623039
M263W,1276.0,1629.0,-0.56785505112805,0.038374852319292226
M263Y,1279.0,2217.0,-0.12662314227369187,0.03616599606381265
M263_,1056.0,110.0,-4.183127795362027,0.10055898790454022
M296A,1004.0,245.0,-2.9550719758804993,0.07178118609761333
M296C,1239.0,469.0,-2.3217081186871544,0.054902762111131716
M296D,1181.0,104.0,-4.425437908914396,0.1026462840454287
M296E,962.0,444.0,-2.035670597247794,0.0580237740936942
M296F,1013.0,136.0,-3.8170746585110376,0.091731260997458
M296G,1174.0,175.0,-3.6661463084197434,0.08149114861403556
M296H,1013.0,153.0,-3.6471614429744506,0.08716504023754855
M296I,950.0,441.0,-2.027342205883592,0.05826842520810176
M296K,1042.0,127.0,-3.9565660031606695,0.09438297559918933
M296L,1024.0,6883.0,1.8285989260482167,0.034596312481905804
M296N,2029.0,153.0,-4.649289002550596,0.08428189809648023
M296P,1084.0,92.0,-4.478654463915374,0.10893094686704308
M296Q,1505.0,1207.0,-1.2385463200303803,0.03959807522571565
M296R,1440.0,433.0,-2.6538174579177913,0.05548803211487587
M296S,1014.0,131.0,-3.872533913809743,0.09324299052163108
M296T,679.0,446.0,-1.526567640299306,0.06156217308104364
M296V,955.0,129.0,-3.8082438175262814,0.09419932674438901
M296W,837.0,90.0,-4.137298537914973,0.11126397501324985
M296Y,1212.0,173.0,-3.7286851446862226,0.08173221528759443
M296_,674.0,48.0,-4.731574030951633,0.14962525880073102
M308A,706.0,584.0,-1.193906421391187,0.05660191320485703
M308C,1104.0,664.0,-1.6536872419320785,0.049868395919411765
M308D,1086.0,109.0,-4.236715872020362,0.10084313936582363
M308E,734.0,89.0,-3.963971261369913,0.1125705938040043
M308F,901.0,917.0,-0.89481652744018,0.047701497284870095
M308G,4867.0,1587.0,-2.5369353958432597,0.030176933381013613
M308H,1394.0,166.0,-3.9901097329225124,0.0825600089503561
M308I,523.0,245.0,-2.014208773503217,0.0779008471860826
M308K,2133.0,217.0,-4.2172681753009655,0.07177722641357216
M308L,1021.0,1480.0,-0.3846009484431345,0.04159519258436385
M308N,489.0,139.0,-2.7348861734578103,0.09650772831832513
M308P,1261.0,159.0,-3.9076011890366154,0.08459902108710181
M308Q,2607.0,571.0,-3.111019076040085,0.047009899005088736
M308R,977.0,164.0,-3.4948004231700907,0.08482798342551791
M308S,1296.0,399.0,-2.619790917049661,0.05790395872242893
M308T,602.0,158.0,-2.8499824623356727,0.08980468777695169
M308V,876.0,689.0,-1.266633292947688,0.05165233609826083
M308W,1753.0,351.0,-3.2404610642990055,0.0591137520728841
M308Y,7196.0,814.0,-4.064289644264829,0.037980503350878936
M308_,1008.0,88.0,-4.437909559779862,0.111487512472933
M338A,837.0,1856.0,0.22867684345924566,0.042527469426995895
M338C,1408.0,8492.0,1.6722376139355597,0.030050733414328713
M338D,1311.0,133.0,-4.2212829458253225,0.09141153646692263
M338E,1262.0,129.0,-4.210379414680069,0.09283744100775787
M338F,1055.0,1058.0,-0.9161142860971783,0.0443632230997065
M338G,767.0,1895.0,0.38467729339966983,0.043663855377740576
M338H,1262.0,159.0,-3.908744814625342,0.08459530716429564
M338I,869.0,421.0,-1.965729153394336,0.060008681341354494
M338K,1395.0,170.0,-3.9567948263649595,0.08169402841918905
M338L,766.0,598.0,-1.2774044924509127,0.055251655399889
M338N,2918.0,299.0,-4.2069300638122265,0.06133625076545377
M338P,1297.0,139.0,-4.142139903373355,0.08966491927002841
M338Q,889.0,209.0,-3.0088385539702793,0.07735873197258718
M338R,2494.0,209.0,-4.497034251422536,0.07252921738593675
M338S,1621.0,1008.0,-1.6055939154829617,0.04103680774487926
M338T,1859.0,1163.0,-1.596881904973075,0.038377404223353506
M338V,144.0,118.0,-1.2074707544877414,0.12447042609212149
M338W,630.0,109.0,-3.4511251179192586,0.10409521273985604
M338Y,1730.0,277.0,-3.56298128965663,0.06529223475335945
M338_,777.0,76.0,-4.273882902382642,0.12049155565956259
M361A,1223.0,154.0,-3.9095511415328135,0.08594071367058127
M361C,1900.0,896.0,-2.0046311486967174,0.04144199067438052
M361D,1113.0,151.0,-3.801961436465332,0.08715279187324622
M361E,1371.0,499.0,-2.3783093377502738,0.05299456328533749
M361F,752.0,377.0,-1.9163599316319493,0.06369682635091445
M361G,2439.0,344.0,-3.7459841408325145,0.05824054652570707
M361H,885.0,189.0,-3.1474420670859447,0.08059604638434037
M361I,553.0,289.0,-1.8563970324775907,0.0730988375405712
M361K,1321.0,113.0,-4.46732991938739,0.09839124749874546
M361L,970.0,242.0,-2.923143834443616,0.07237433567766784
M361N,755.0,147.0,-3.28079233445286,0.09056384884304948
M361P,1505.0,175.0,-4.024474684276658,0.0803335123951083
M361Q,455.0,1705.0,0.9855991672787683,0.05347267824431322
M361R,1593.0,162.0,-4.217811428418872,0.08291723306489737
M361S,772.0,119.0,-3.6177476076564323,0.09885869636485142
M361T,840.0,130.0,-3.611994783044402,0.09464272100509342
M361V,811.0,148.0,-3.3742359273066205,0.08980198922038261
M361W,1059.0,152.0,-3.7206889484831764,0.08716570034752662
M361Y,903.0,133.0,-3.6834181251883678,0.09327757372175817
M361_,1196.0,118.0,-4.261459306183614,0.09687640660724246
M388A,987.0,1580.0,-0.241413793178042,0.04148656344695396
M388C,942.0,1328.0,-0.42475914563347317,0.043469907213044244
M388D,1752.0,3065.0,-0.1133301044109416,0.031178563253409956
M388E,655.0,1004.0,-0.304026074624935,0.05096829273100357
M388F,1132.0,2002.0,-0.09764839818599658,0.03818309869561058
M388G,1344.0,2734.0,0.1042637715435295,0.034421966707012135
M388H,1324.0,2237.0,-0.16355318881085168,0.035740357775973265
M388I,686.0,1538.0,0.24455249586221228,0.04672218026040003
M388K,848.0,1695.0,0.07892972625616057,0.042944906530649064
M388L,1069.0,1700.0,-0.25094299180141544,0.03998428913226241
M388N,1109.0,1843.0,-0.18741935133657694,0.03897899917670795
M388P,1457.0,2614.0,-0.07695699479744089,0.033822443639591165
M388Q,1848.0,3563.0,0.026913093201830218,0.029947467130505917
M388R,1360.0,2287.0,-0.17036546135167407,0.03532148698602405
M388S,996.0,1863.0,-0.016807589871246975,0.040197491893028806
M388T,1325.0,2196.0,-0.19132949976300617,0.035848977905166966
M388V,1387.0,2242.0,-0.22739635202948083,0.03524301739591419
M388W,1180.0,1709.0,-0.3858491228668157,0.03882848346130207
M388Y,1055.0,1613.0,-0.30771216690522873,0.04053250389440932
M388_,1427.0,2944.0,0.12457625123927807,0.033399181060726965
M52A,418.0,552.0,-0.5190539294238068,0.06541341796379835
M52C,916.0,2199.0,0.34320803572857717,0.0402679504062982
M52D,357.0,33.0,-4.3552003174826055,0.18212621704491871
M52E,1662.0,147.0,-4.419153739043184,0.08648124678709987
M52F,1029.0,412.0,-2.240716619399125,0.05894064818484964
M52G,886.0,384.0,-2.1263899771290404,0.06170754316507426
M52H,940.0,79.0,-4.492779813899144,0.11745429244045195
M52I,601.0,151.0,-2.912955782382654,0.09143856097420229
M52K,933.0,81.0,-4.445931507189819,0.11615085671319485
M52L,1102.0,741.0,-1.4927832742166363,0.04829087734059686
M52N,1220.0,149.0,-3.9536227912288027,0.08721061293049884
M52P,737.0,80.0,-4.123642839544414,0.11802685282289163
M52Q,722.0,96.0,-3.8309731108880625,0.10897555082422815
M52R,1030.0,90.0,-4.436640117718261,0.11025337926795355
M52S,1045.0,512.0,-1.949483731075512,0.05463590481265719
M52T,560.0,739.0,-0.5200695786934615,0.05669136318564367
M52V,1918.0,1252.0,-1.535575032702047,0.03735178683503671
M52W,910.0,129.0,-3.7386103767185164,0.09447376740631466
M52Y,644.0,59.0,-4.368262602654137,0.1362868952257568
M52_,952.0,145.0,-3.635035210635621,0.08956311666156169
M84A,313.0,318.0,-0.8973474921915301,0.08008999881902079
M84C,763.0,1169.0,-0.3046974749901965,0.04734015301276326
M84D,751.0,294.0,-2.273177768286261,0.0693386735325391
M84E,390.0,257.0,-1.5218974972018202,0.08080843152459383
M84F,66.0,55.0,-1.1832015709288726,0.18276432751472724
M84G,614.0,542.0,-1.100153558584239,0.05957087357964076
M84H,788.0,338.0,-2.1413588845583895,0.06559404226055057
M84I,434.0,944.0,0.20086298234311162,0.05863848384111975
M84K,628.0,150.0,-2.9859397304417676,0.0912886640456945
M84L,421.0,709.0,-0.16825940138760398,0.06213472808893381
M84N,283.0,169.0,-1.663955296068961,0.097597747429134
M84P,334.0,148.0,-2.094407520400713,0.09912259675135555
M84Q,551.0,402.0,-1.3750579887192371,0.06616204353955095
M84R,659.0,119.0,-3.3894284297774897,0.09997574453229234
M84S,650.0,767.0,-0.6814274019312663,0.05401174349946755
M84T,826.0,2158.0,0.46525952160948236,0.04182219001700483
M84V,436.0,907.0,0.13654635709584806,0.05891617480495857
M84W,1813.0,10073.0,1.553825187971565,0.026942730536498278
M84Y,639.0,301.0,-2.0062379679676736,0.0704424311170518
M84_,700.0,65.0,-4.348852848415667,0.12994562903222576
M95A,370.0,458.0,-0.6123960399439818,0.07043475491337682
M95C,1213.0,1214.0,-0.9190220145032919,0.0415111859013492
M95D,631.0,449.0,-1.4111261685966765,0.06234540422747784
M95E,354.0,658.0,-0.025891480420900947,0.0664799165371675
M95F,807.0,250.0,-2.6108116249608893,0.07289752138146129
M95G,316.0,339.0,-0.8188532583180841,0.0786720338730613
M95H,534.0,299.0,-1.7568838999756373,0.07274654947677511
M95I,748.0,1484.0,0.06816047528567548,0.04567052691565557
M95K,606.0,299.0,-1.9393587419053668,0.07120094198196604
M95L,640.0,450.0,-1.4283482619121495,0.0621266048164285
M95N,700.0,310.0,-2.095271654382434,0.06877005174122494
M95P,693.0,387.0,-1.7607162013343673,0.06404654385884839
M95Q,724.0,2292.0,0.7423209337099799,0.04350357758115011
M95R,680.0,325.0,-1.9852827300772038,0.06798868739495253
M95S,531.0,1316.0,0.3891486406339064,0.05213581255321245
M95T,521.0,563.0,-0.8083613917513697,0.061405072607582434
M95V,630.0,885.0,-0.42989184745117814,0.05284196936884843
M95W,591.0,362.0,-1.6273638669091923,0.06730111423854314
M95Y,1032.0,1628.0,-0.26255826479795275,0.04072218435967083
M95_,335.0,24.0,-4.722707727611796,0.21144589120683666
N11A,494.0,1063.0,0.18533214190310332,0.055136576271691516
N11C,507.0,1197.0,0.3191382213956002,0.05369198444235997
N11D,799.0,440.0,-1.7808881232390936,0.059994091473514505
N11E,1749.0,2779.0,-0.25217838781562385,0.03172788983871942
N11F,296.0,498.0,-0.16968207878732944,0.0739007622038979
N11G,638.0,1107.0,-0.12519356300587514,0.05045566725145206
N11H,1078.0,535.0,-1.930943674303875,0.05358941798843585
N11I,981.0,1302.0,-0.5118100946270934,0.04315631420928241
N11K,359.0,1072.0,0.6580115527748784,0.061590027194211326
N11L,664.0,1309.0,0.058988368895861676,0.048425242581939955
N11M,1031.0,2579.0,0.40254816548371153,0.037851485857428285
N11P,357.0,1017.0,0.5900865986492869,0.06212393329028626
N11Q,429.0,1182.0,0.5419481834635675,0.05702658263307899
N11R,545.0,56.0,-4.202737243558942,0.14058396056730108
N11S,523.0,1591.0,0.6848215913372684,0.05114301019115003
N11T,386.0,771.0,0.07790047364697816,0.06294976647277324
N11V,694.0,2236.0,0.7676874085703016,0.04430793629055704
N11W,244.0,35.0,-3.7213121823849624,0.18093238221482785
N11Y,1072.0,1434.0,-0.5004741549109308,0.04129453868300142
N11_,661.0,81.0,-3.9487110607403215,0.11803413937789242
N128A,305.0,530.0,-0.12304783913816753,0.07239063808855813
N128C,343.0,432.0,-0.5873968049856089,0.07283676770970332
N128D,691.0,142.0,-3.2029249402742037,0.0925417812760945
N128E,316.0,97.0,-2.623975712233988,0.11639475532837466
N128F,603.0,770.0,-0.5675156210742625,0.055064492396221874
N128G,571.0,224.0,-2.270163750447278,0.07931226789387058
N128H,686.0,753.0,-0.7857714585595836,0.05348621233034022
N128I,502.0,279.0,-1.7676101480488793,0.07517419583053031
N128K,742.0,380.0,-1.885612122170298,0.06367312642032148
N128L,626.0,440.0,-1.4288602671609798,0.06281051497712065
N128M,440.0,640.0,-0.3796527406959571,0.06253173439479948
N128P,800.0,109.0,-3.7957684231424658,0.1024622920791497
N128Q,873.0,980.0,-0.7534125847872524,0.04733842626692439
N128R,571.0,878.0,-0.29948951604772844,0.05445446359842734
N128S,696.0,1179.0,-0.15981486039131543,0.04857979818706908
N128T,671.0,805.0,-0.6575384379845293,0.05298658272009635
N128V,689.0,493.0,-1.403118887691738,0.05962198224694807
N128Y,811.0,1258.0,-0.2868590940393654,0.04585851348183346
N128_,690.0,66.0,-4.306071643021326,0.12912606542796143
N137A,1151.0,160.0,-3.766877267684409,0.08481437484847595
N137C,385.0,95.0,-2.938955520560957,0.11488084960558927
N137D,310.0,47.0,-3.641486043495826,0.1567572606553837
N137E,812.0,77.0,-4.31859066857573,0.11954875619282158
N137F,617.0,62.0,-4.2349319528451295,0.13349987676053995
N137G,451.0,45.0,-4.245052827934983,0.15655541314246021
N137H,837.0,53.0,-4.901119289290722,0.14189489303527025
N137I,671.0,73.0,-4.120379157750076,0.12353991753337697
N137K,1014.0,89.0,-4.430171518109731,0.11088707272922917
N137L,443.0,63.0,-3.733897425968296,0.13491793333072524
N137M,415.0,58.0,-3.7589834511817006,0.14043879187143377
N137P,789.0,77.0,-4.277136759325484,0.11969880634111013
N137Q,966.0,93.0,-4.296791258063836,0.10891182058701061
N137R,579.0,48.0,-4.512392299744493,0.1504365196575191
N137S,493.0,493.0,-0.9202108758415006,0.06427891913120037
N137T,374.0,163.0,-2.118327249532749,0.09425171017182211
N137V,725.0,68.0,-4.334392973161289,0.12711442860818087
N137W,907.0,99.0,-4.115683183020141,0.10619595178630976
N137Y,803.0,82.0,-4.211757087250654,0.1162498001109792
N137_,548.0,50.0,-4.374124585180817,0.1479724691224698
N200A,1318.0,1669.0,-0.5795795934956489,0.03785424372985276
N200C,768.0,1835.0,0.3363800482754318,0.043841637021389344
N200D,1114.0,1849.0,-0.18922003175498237,0.03890442862963599
N200E,644.0,753.0,-0.6946249420376969,0.054367647833709086
N200F,1165.0,434.0,-2.34475302509568,0.056899232908716735
N200G,922.0,2127.0,0.28576163707645996,0.04037074521211037
N200H,377.0,719.0,0.011198169223747279,0.06417411765530114
N200I,846.0,626.0,-1.354699888998331,0.053427561199739675
N200K,583.0,606.0,-0.8643899047599719,0.058655271126671425
N200L,1379.0,813.0,-1.6824987919181704,0.04505798123789042
N200M,1236.0,1196.0,-0.9676718391733905,0.04147571521310193
N200P,3207.0,17252.0,1.5072528241247636,0.021091414972373844
N200Q,1007.0,1152.0,-0.726135645658502,0.04400174334655957
N200R,677.0,903.0,-0.504646055296222,0.051570893960614345
N200S,400.0,889.0,0.2319527044877594,0.06082639920534798
N200T,455.0,1075.0,0.3201690466709426,0.05659544504204255
N200V,898.0,839.0,-1.0182543803904913,0.04879058158971175
N200W,1023.0,1370.0,-0.4988446996785285,0.042219614277534616
N200Y,384.0,463.0,-0.650311403612978,0.06956253314091604
N200_,955.0,80.0,-4.497474484942516,0.11670738515078437
N234A,1310.0,2056.0,-0.26994141898748314,0.03639778163431323
N234C,676.0,1608.0,0.32994900952666484,0.04664998753556314
N234D,1031.0,1597.0,-0.28889585513882565,0.04087981716853999
N234E,1089.0,1984.0,-0.05480878036898673,0.03869575596942438
N234F,1154.0,1772.0,-0.30147985597103055,0.03880645716416672
N234G,893.0,1764.0,0.06189962760582546,0.04197338559477996
N234H,723.0,1176.0,-0.21839805434369897,0.04804691705794762
N234I,851.0,1830.0,0.1843926663632649,0.04238615368181003
N234K,610.0,748.0,-0.6259862117106998,0.05523825223811275
N234L,1067.0,1722.0,-0.22969105225074848,0.03991217432006492
N234M,912.0,1478.0,-0.2236763937007753,0.042989896640084145
N234P,1812.0,1527.0,-1.167092283088356,0.03580243695483326
N234Q,1275.0,2318.0,-0.0578326479270026,0.035927408713407785
N234R,748.0,1139.0,-0.31355992498408636,0.0478529261331607
N234S,884.0,1292.0,-0.3727282341992755,0.04450014988179151
N234T,528.0,810.0,-0.3028364099989922,0.0565996712313096
N234V,639.0,434.0,-1.4783211001162826,0.06280192442564546
N234W,1410.0,1655.0,-0.6890763361122718,0.03726268084419629
N234Y,1048.0,1214.0,-0.7080830534664138,0.04304616604725207
N234_,1091.0,87.0,-4.568550172371715,0.11173441872964134
N2A,722.0,1236.0,-0.1446111843689355,0.04763553201263307
N2C,77.0,4.0,-5.183582530683154,0.5122860058439513
N2D,892.0,1096.0,-0.6230817032059699,0.04591874016784786
N2E,393.0,956.0,0.36224881142358534,0.06054374682465764
N2F,549.0,1316.0,0.34105524321629943,0.05154027251989656
N2G,759.0,119.0,-3.5932469658798407,0.09897084184931366
N2H,786.0,1745.0,0.2304048557845979,0.04382211385046113
N2I,757.0,1259.0,-0.18630539703138016,0.04680093993267942
N2K,2494.0,3481.0,-0.4391721671207378,0.027627888945422143
N2L,900.0,156.0,-3.448513400564784,0.08715509673786351
N2M,630.0,212.0,-2.491453289357189,0.07986927841787855
N2P,709.0,1423.0,0.08485704365035573,0.04677841053158645
N2Q,863.0,1751.0,0.10052726554205105,0.042484122793954214
N2R,652.0,1603.0,0.37760655296809365,0.047250522046036636
N2S,768.0,187.0,-2.958220554239719,0.0820026865965145
N2T,829.0,968.0,-0.6965784289955215,0.04810791873704027
N2V,546.0,82.0,-3.6552665071948596,0.11874413589643566
N2W,499.0,116.0,-3.0250304325840958,0.10343587874514872
N2Y,721.0,588.0,-1.2143894543258398,0.05623754319124998
N2_,554.0,71.0,-3.8840287814013443,0.12634322996238834
N315A,1133.0,1797.0,-0.2547730331724267,0.038912096740774144
N315C,838.0,2933.0,0.8871317492166702,0.040116286644761974
N315D,1049.0,513.0,-1.952180453360823,0.05456762867525671
N315E,1466.0,793.0,-1.806694856507097,0.04492447364518379
N315F,959.0,3424.0,0.9158582753483948,0.037548153286731
N315G,906.0,397.0,-2.1105625029754327,0.060808185444159044
N315H,1194.0,2741.0,0.27868179627685086,0.035740866604512825
N315I,459.0,1116.0,0.36154158896875543,0.056122345737063664
N315K,1087.0,177.0,-3.5386733170962525,0.08151330981133044
N315L,607.0,1341.0,0.2233169306868863,0.049680906906139535
N315M,603.0,2002.0,0.8109844722528363,0.047253697153655
N315P,1445.0,147.0,-4.217304153225596,0.08700207860836487
N315Q,856.0,325.0,-2.31735441820869,0.06572751064903289
N315R,629.0,84.0,-3.824660856900599,0.11648266516179048
N315S,1711.0,1747.0,-0.8901712011668743,0.035098764766533536
N315T,760.0,2354.0,0.71081926684439,0.042610395344244045
N315V,1065.0,3244.0,0.6867004141590196,0.03636324207435799
N315W,2159.0,7383.0,0.853628311169115,0.025955499663870896
N315Y,612.0,1206.0,0.05840386270599485,0.05038062474199174
N315_,861.0,78.0,-4.384509891271531,0.11855531481704766
N319A,658.0,370.0,-1.7507561231194178,0.06555478625089348
N319C,935.0,1004.0,-0.8174909370757426,0.04626640134014676
N319D,1390.0,1943.0,-0.43701281185953356,0.03618219554068019
N319E,1678.0,2366.0,-0.4245060180224711,0.0330705773557827
N319F,819.0,312.0,-2.3124996743521278,0.06709007670132872
N319G,1816.0,1111.0,-1.629111220581919,0.03906157020964339
N319H,1427.0,900.0,-1.5851933841952293,0.043438822518949205
N319I,1339.0,731.0,-1.7934145638193746,0.046795911718788545
N319K,2054.0,797.0,-2.285984350528538,0.04262169104695278
N319L,793.0,251.0,-2.5798050936105446,0.07293825997958497
N319M,993.0,654.0,-1.5227064270610517,0.05109926037875345
N319P,2365.0,210.0,-4.413527228451491,0.07252293297660783
N319Q,916.0,1005.0,-0.7864362726289258,0.04649486759646242
N319R,938.0,1312.0,-0.4361073680916334,0.04362731514967508
N319S,1577.0,7697.0,1.3668954373707658,0.028967198115287394
N319T,2143.0,8178.0,1.0119003690120913,0.025767792214570935
N319V,1357.0,1423.0,-0.8516964278288732,0.03891936015223363
N319W,1622.0,705.0,-2.1222779636749105,0.04593479298247687
N319Y,848.0,368.0,-2.124547184023653,0.06302075404406068
N319_,1612.0,171.0,-4.156918973512669,0.08088894483274049
N332A,2160.0,1147.0,-1.8333708980731753,0.0375480944824197
N332C,1228.0,739.0,-1.6528673932203652,0.04735561083503059
N332D,927.0,196.0,-3.161868518309001,0.07909225079108147
N332E,1461.0,621.0,-2.1544885234829545,0.048680639259506914
N332F,941.0,149.0,-3.5790117776143715,0.08859296562407283
N332G,1377.0,313.0,-3.057469258336939,0.06321442752086436
N332H,885.0,1654.0,-0.01800858075278544,0.042539259518880566
N332I,1478.0,401.0,-2.8021567876460396,0.05696802091323674
N332K,1629.0,272.0,-3.5024747401287684,0.06607020358380102
N332L,733.0,255.0,-2.4434899338759806,0.07321693324693089
N332M,1855.0,732.0,-2.2617025775623936,0.04449998659483132
N332P,951.0,94.0,-4.25878525520684,0.10846080633992905
N332Q,1244.0,1416.0,-0.7333775045811857,0.03981367051742536
N332R,721.0,90.0,-3.9220729477097205,0.11212442461430831
N332S,1667.0,957.0,-1.7208677296507622,0.04147124528211026
N332T,1427.0,439.0,-2.620880612894267,0.05526015722907769
N332V,1710.0,681.0,-2.248467749597461,0.046133130390054844
N332W,1015.0,152.0,-3.659466677119293,0.08740018958136726
N332Y,1373.0,360.0,-2.8514441229263676,0.05984224288351624
N332_,1721.0,187.0,-4.122279033453125,0.07748179384951186
N340A,555.0,1357.0,0.36963480553327166,0.051124848966748654
N340C,737.0,589.0,-1.2436029424457073,0.055943402977844434
N340D,490.0,121.0,-2.9378957939564945,0.10188042564725908
N340E,1009.0,394.0,-2.2768471975259104,0.060034520934794285
N340F,1418.0,240.0,-3.4829121605495836,0.07033330154597334
N340G,1227.0,6121.0,1.398411842402067,0.03245654961823539
N340H,1060.0,457.0,-2.1339911120264787,0.056626759157068246
N340I,840.0,172.0,-3.2081249384638086,0.08413764974656195
N340K,873.0,108.0,-3.9350441662390683,0.1023666491109312
N340L,1796.0,320.0,-3.4088173649804876,0.061292403434530816
N340M,1628.0,789.0,-1.9652049468378467,0.044234878769571585
N340P,1612.0,150.0,-4.345940987103379,0.08579995569462705
N340Q,1862.0,3946.0,0.1633229153406539,0.029420081349860277
N340R,486.0,64.0,-3.8448276607340794,0.13324862628233805
N340T,1293.0,4381.0,0.8403191990487673,0.03281331574478229
N340V,1265.0,573.0,-2.0627274436208465,0.0510954442721804
N340W,1207.0,167.0,-3.7736421104691322,0.08301340589645033
N340Y,1442.0,2630.0,-0.05322376016589958,0.03389350612025161
N340_,1456.0,152.0,-4.179993000156983,0.08567607390763185
N387A,1033.0,1804.0,-0.11585776027494799,0.03996788825114102
N387C,1744.0,3244.0,-0.024840921446228847,0.03093086261547502
N387D,1540.0,2626.0,-0.1502781847723389,0.033244832580017016
N387E,2032.0,2531.0,-0.6034051702750052,0.031020789015268075
N387F,931.0,786.0,-1.164459872463821,0.04920789939387125
N387G,1318.0,2367.0,-0.07550639114307867,0.03544375977121967
N387H,1059.0,1827.0,-0.13344255782169068,0.039581398721412184
N387I,579.0,651.0,-0.7511194364187883,0.05777739351813564
N387K,314.0,533.0,-0.15685877974902684,0.07166460746024661
N387L,1484.0,2096.0,-0.42206608948618696,0.03501447509504068
N387M,1130.0,3253.0,0.605228841701853,0.03560087247342925
N387P,2100.0,2668.0,-0.5748429997778599,0.030431332481266064
N387Q,1350.0,2926.0,0.1957537303650767,0.034022994937930394
N387R,1245.0,2065.0,-0.1902194379558262,0.03691249321263412
N387S,916.0,1687.0,-0.03917760369829182,0.04194666198566113
N387T,1054.0,1662.0,-0.26317036800271243,0.040317555704673276
N387V,1582.0,2125.0,-0.49449996467356305,0.03431850631692803
N387W,1337.0,1216.0,-1.0570660387700945,0.04056310909529161
N387Y,980.0,1247.0,-0.5726062170369381,0.04355895474462119
N387_,887.0,1937.0,0.20659825174110402,0.04145731782083811
N90A,416.0,577.0,-0.4482327619259463,0.06489936198981713
N90C,389.0,284.0,-1.3740763898956052,0.07852832218446952
N90D,357.0,780.0,0.20731725879089868,0.06448366795104533
N90E,602.0,1201.0,0.07617793066786405,0.05068334152784388
N90F,605.0,662.0,-0.7903168543863375,0.05690767119751016
N90G,253.0,330.0,-0.536895541313319,0.0840100634026664
N90H,472.0,972.0,0.12194285561854556,0.0567667312900438
N90I,757.0,1803.0,0.33181225928652225,0.04416651679670196
N90K,470.0,408.0,-1.1242978160083847,0.06821730884279402
N90L,482.0,942.0,0.04646842157211406,0.05666808810418893
N90M,176.0,333.0,-0.0003027728631330717,0.0935920658716118
N90P,631.0,585.0,-1.029412458559011,0.05804481051106729
N90Q,374.0,876.0,0.3076596186814893,0.06237252103851198
N90R,563.0,249.0,-2.0971677423635544,0.07659723859835114
N90S,584.0,602.0,-0.8764164965976615,0.058723658103627174
N90T,521.0,587.0,-0.7481368584089649,0.06081088757316262
N90V,343.0,478.0,-0.4414207129114347,0.07129123327168808
N90W,369.0,417.0,-0.7437888087654958,0.07199336279885356
N90Y,305.0,432.0,-0.4180027114975928,0.0752888362348842
N90_,1094.0,101.0,-4.357266769140118,0.10435106576488104
P110A,728.0,56.0,-4.62041280997103,0.13893390067021355
P110C,441.0,41.0,-4.346974596648889,0.16348359364335663
P110D,627.0,75.0,-3.9835444809384866,0.12248058330550274
P110E,642.0,63.0,-4.269153930134024,0.13229955208762897
P110F,829.0,73.0,-4.425434395264877,0.12238496041294437
P110G,520.0,49.0,-4.327602191103557,0.14967333003736433
P110H,1035.0,106.0,-4.20758331579399,0.10234409211391504
P110I,619.0,138.0,-3.085400785624615,0.09453254009069192
P110K,652.0,58.0,-4.410731442916267,0.13728507776981919
P110L,1812.0,431.0,-2.9920085458553385,0.05428693872942041
P110M,413.0,45.0,-4.1180701193105325,0.15720559954096333
P110N,426.0,35.0,-4.525259205096848,0.17602754606843735
P110Q,2196.0,82.0,-5.663151852170666,0.11280103215049817
P110R,998.0,73.0,-4.693099162165824,0.12154758095669141
P110S,406.0,44.0,-4.125822860329859,0.15893447937153338
P110T,974.0,135.0,-3.7710811905195403,0.09224212082651788
P110V,640.0,78.0,-3.956574344753296,0.12023481842267736
P110W,453.0,51.0,-4.0709017674866494,0.1479409429602487
P110Y,974.0,94.0,-4.2932613282015595,0.10834627987281767
P110_,234.0,10.0,-5.467267178680514,0.3228753446023943
P121A,766.0,1142.0,-0.3440707234185032,0.04749928062670693
P121C,296.0,448.0,-0.3223258556319841,0.07540174985079112
P121D,228.0,336.0,-0.3608038052247018,0.08623770088922039
P121E,74.0,157.0,0.16485345028109677,0.14126491174504877
P121F,198.0,274.0,-0.4515556223636814,0.09367400081915461
P121G,457.0,601.0,-0.5250476139528129,0.0626663255022804
P121H,241.0,323.0,-0.4977250542106306,0.08555788339360698
P121I,516.0,702.0,-0.4761183188304594,0.05863015155066869
P121K,360.0,546.0,-0.3193204828128531,0.06844147504728401
P121L,283.0,520.0,-0.04252453949898438,0.07437439471045972
P121M,420.0,571.0,-0.47711854172622736,0.06486328011067281
P121N,607.0,618.0,-0.8943009772343018,0.057797774276206686
P121Q,365.0,702.0,0.023344716410623967,0.06510912916256971
P121R,856.0,2163.0,0.4171299037683154,0.041298861535319
P121S,521.0,683.0,-0.5296152376882928,0.058809208146746755
P121T,406.0,494.0,-0.6371858913075359,0.06754487873011333
P121V,446.0,646.0,-0.3857304355599691,0.06217018938306066
P121W,309.0,311.0,-0.9109034338574187,0.0807869947519983
P121Y,572.0,606.0,-0.8369096442153081,0.05893577496346055
P121_,427.0,39.0,-4.372564828585637,0.16748547648560516
P144A,696.0,778.0,-0.759530211413268,0.05288816585887781
P144C,609.0,187.0,-2.623561375834764,0.08404988633016279
P144D,641.0,120.0,-3.337403114041418,0.0998385877843702
P144E,431.0,37.0,-4.461945177219593,0.17150779218854928
P144F,912.0,83.0,-4.377903469387701,0.11497081003815325
P144G,331.0,416.0,-0.5904674700497079,0.0741613897875617
P144H,852.0,86.0,-4.228504928821398,0.11346945313720133
P144I,909.0,142.0,-3.5985145170111172,0.09064724006008498
P144K,880.0,70.0,-4.572097882018294,0.12447927973471211
P144L,597.0,68.0,-4.054147175962776,0.128272368260388
P144M,680.0,73.0,-4.139600853124099,0.12346006268320825
P144N,452.0,70.0,-3.61093265441895,0.12872871006473888
P144Q,1855.0,174.0,-4.334395717686116,0.07975552276858738
P144R,716.0,71.0,-4.254096500656083,0.12471655353652435
P144S,547.0,676.0,-0.6147334953068455,0.05815887551625167
P144T,422.0,106.0,-2.913287699780528,0.10898509551887928
P144V,715.0,126.0,-3.4246360663562303,0.09700271409616708
P144W,805.0,69.0,-4.464340242543425,0.12572963342466767
P144Y,634.0,59.0,-4.345685108018774,0.13637671751022518
P144_,787.0,75.0,-4.311437995796795,0.12114971843504917
P158A,865.0,1592.0,-0.04015019415459875,0.043119129819393594
P158C,759.0,1040.0,-0.4658042739420889,0.04851908401208277
P158D,1144.0,936.0,-1.209714690625784,0.044917140231209934
P158E,1162.0,377.0,-2.544158664278468,0.05990070056494522
P158F,803.0,91.0,-4.0615318501562365,0.11094225814064243
P158G,1645.0,1575.0,-0.9829462414059913,0.03630264787760929
P158H,935.0,1184.0,-0.5795833099256473,0.044600015003873575
P158I,1174.0,481.0,-2.207516780495207,0.054825240150023456
P158K,676.0,63.0,-4.343602749068312,0.1320031492192787
P158L,1051.0,225.0,-3.143926247046137,0.07396471628022921
P158M,1133.0,316.0,-2.7623293526519808,0.06420380178150464
P158N,816.0,1630.0,0.07801120219016333,0.04374968509427247
P158Q,708.0,477.0,-1.4899611019616588,0.059865416874182224
P158R,681.0,78.0,-4.0461558807377624,0.11984299392749298
P158S,1106.0,7997.0,1.933885386324885,0.03323047234626105
P158T,702.0,607.0,-1.1299821735228397,0.056097834623811335
P158V,923.0,1538.0,-0.18356417563822358,0.042528452955612625
P158W,850.0,94.0,-4.096804557939237,0.10903526771448985
P158Y,1132.0,152.0,-3.816859438803955,0.08681569900025596
P158_,722.0,62.0,-4.461656900144187,0.1326141779297231
P180A,535.0,927.0,-0.12719183154554958,0.0549811563665764
P180C,432.0,746.0,-0.132080614135754,0.06107612001842582
P180D,530.0,1295.0,0.36866087733673414,0.052287840479837505
P180E,757.0,1504.0,0.07021902027296978,0.04539760244811753
P180F,680.0,1780.0,0.46804660293256806,0.045906729409404774
P180G,637.0,1517.0,0.3316317942067064,0.04800095940101606
P180H,664.0,1552.0,0.3046501035128797,0.047174079323918
P180I,668.0,993.0,-0.3482723292788634,0.050784735710846546
P180K,905.0,1184.0,-0.5325352486038373,0.04499571342399996
P180L,671.0,1442.0,0.18346412147338853,0.04752719034086393
P180M,891.0,3365.0,0.9968863877104637,0.0386595964234891
P180N,609.0,1054.0,-0.1288601437460617,0.051631708895073215
P180Q,391.0,723.0,-0.03340077914702366,0.0633691776954311
P180R,558.0,1109.0,0.07069861688662016,0.052619904053976006
P180S,697.0,1127.0,-0.22696181888538192,0.04895987967606587
P180T,338.0,595.0,-0.10436288981049202,0.06866005370068519
P180V,844.0,1097.0,-0.5419661963707281,0.046598877698632454
P180W,441.0,1032.0,0.30636279975725333,0.05754625736043818
P180Y,851.0,1707.0,0.08401264427746824,0.042848110484685495
P180_,753.0,75.0,-4.247725052671051,0.12138626777286213
P193A,519.0,781.0,-0.330632191092481,0.05729053224876107
P193C,555.0,599.0,-0.8101445537031706,0.05955045884163699
P193D,982.0,2142.0,0.20494471852858087,0.03949984046373273
P193E,770.0,1383.0,-0.07534837485412726,0.04579095546664091
P193F,579.0,176.0,-2.638141743010566,0.08650807971892946
P193G,691.0,1586.0,0.2784124976691711,0.04639759376861505
P193H,821.0,1239.0,-0.32649474380309407,0.04582766138368258
P193I,603.0,227.0,-2.3296369520954094,0.07834861949560616
P193K,211.0,263.0,-0.6024045935268489,0.09282410942426542
P193L,915.0,285.0,-2.602985847042996,0.06838566844893218
P193M,628.0,397.0,-1.5818230607904473,0.06470105232915487
P193N,887.0,1677.0,-0.0013418585615854184,0.04241166079106683
P193Q,410.0,652.0,-0.2509758813158136,0.06362193262062192
P193R,627.0,768.0,-0.6275742322598008,0.054516088209254555
P193S,672.0,1023.0,-0.3139452348695073,0.05040483354292909
P193T,1017.0,2818.0,0.5501319904501121,0.03759257166712437
P193V,615.0,654.0,-0.8315080494467013,0.05683383700334817
P193W,564.0,118.0,-3.177022501239704,0.10159696331882064
P193Y,1168.0,1864.0,-0.24585390209596358,0.038310592022827106
P193_,974.0,97.0,-4.247942083943281,0.10681744123148458
P207A,445.0,119.0,-2.8229658283525616,0.10356091131235778
P207C,321.0,55.0,-3.4650633081639004,0.14618052999122147
P207D,381.0,45.0,-4.0017222692386465,0.15785105218418163
P207E,616.0,73.0,-3.996998661917698,0.12407727728603235
P207F,1026.0,291.0,-2.73811503352957,0.06697778735995406
P207G,519.0,145.0,-2.75982081872999,0.09432861644905942
P207H,916.0,95.0,-4.189422950823713,0.10812939290818517
P207I,1265.0,566.0,-2.0804602181635845,0.05130621230991191
P207K,865.0,79.0,-4.372820520579263,0.11784629116787487
P207L,862.0,132.0,-3.6272682611373686,0.09386335625112899
P207M,616.0,351.0,-1.7316525145784594,0.06743395696920744
P207N,627.0,108.0,-3.4575344390967233,0.104538698548002
P207Q,924.0,86.0,-4.345543030568808,0.11306573760665134
P207R,682.0,67.0,-4.267555456588627,0.12831393750768
P207S,443.0,51.0,-4.038698134886216,0.14810925428050026
P207T,996.0,182.0,-3.3723533857474868,0.08107574358682018
P207V,737.0,209.0,-2.738323101141379,0.07884389872189933
P207W,781.0,160.0,-3.2073898257631415,0.08720704865628572
P207Y,912.0,84.0,-4.360627546978065,0.11434548808005524
P207_,562.0,34.0,-4.966775765631189,0.17679793861760973
P237A,1259.0,3168.0,0.41107627146390247,0.03442378589178707
P237C,1117.0,1718.0,-0.299114543428165,0.03940028579788094
P237D,997.0,107.0,-4.1400732291153775,0.1020930291519577
P237E,987.0,200.0,-3.223203444471422,0.07802549309344609
P237F,529.0,322.0,-1.6364003782030032,0.07121013728146015
P237G,1261.0,926.0,-1.365690913968769,0.04413596794900918
P237H,3586.0,1045.0,-2.6990736392396415,0.03620575514111595
P237I,1067.0,213.0,-3.2447915068457727,0.07554389594571373
P237K,1313.0,138.0,-4.170244068359478,0.08990287632464253
P237L,902.0,116.0,-3.879105133380766,0.09901337442326144
P237M,1217.0,228.0,-3.336382894150737,0.07268098161232672
P237N,1471.0,168.0,-4.050398919715268,0.08189565492802703
P237Q,1141.0,88.0,-4.616711044261726,0.11096769032165323
P237R,1069.0,102.0,-4.309703733514071,0.1039878456241458
P237S,1093.0,1356.0,-0.6091496584176319,0.041562350753217465
P237T,902.0,815.0,-1.0665365426205202,0.049098681941835885
P237V,1482.0,1276.0,-1.1361264227908094,0.039160168494125076
P237W,1548.0,153.0,-4.258927818286402,0.08518554931607465
P237Y,817.0,481.0,-1.6844977252069926,0.05812057022466137
P237_,1248.0,109.0,-4.4373079786647915,0.10024875337739574
P24A,1072.0,1059.0,-0.9378130271019813,0.04418338901459499
P24C,409.0,613.0,-0.33643638357809014,0.06443050018907663
P24D,519.0,60.0,-4.0326983767771,0.1366224765559751
P24E,779.0,70.0,-4.3962198121014,0.12506966430319022
P24F,1139.0,111.0,-4.279229740802437,0.0998059090244981
P24G,436.0,105.0,-2.9740453789233605,0.1090481295468156
P24H,903.0,65.0,-4.716219280883058,0.1287040128834514
P24I,303.0,44.0,-3.703673005606661,0.16154688584305185
P24K,482.0,50.0,-4.18898544326051,0.14881435802089688
P24L,627.0,66.0,-4.167942824992362,0.12968869383826304
P24M,563.0,70.0,-3.927738511311551,0.12702325671309145
P24N,1077.0,133.0,-3.937635901085854,0.09231356778196981
P24Q,399.0,38.0,-4.312184849293957,0.16997098440329347
P24R,252.0,21.0,-4.504543791110425,0.22724336245117888
P24S,524.0,580.0,-0.7737274456114145,0.060889533842820386
P24T,666.0,788.0,-0.6775407771849276,0.0533438373624737
P24V,796.0,860.0,-0.8086439955652018,0.049941059268976754
P24W,587.0,56.0,-4.309839622997869,0.14011627222259793
P24Y,430.0,48.0,-4.0831742452044315,0.15241255811777527
P24_,571.0,50.0,-4.4334383771630534,0.14772389858650478
P27A,1057.0,302.0,-2.7275316762261754,0.06582005833969509
P27C,373.0,53.0,-3.735088738231455,0.14703851565778095
P27D,373.0,32.0,-4.462830601958648,0.1843805773354053
P27E,844.0,105.0,-3.9269442473391525,0.10384021025051351
P27F,483.0,62.0,-3.8816911394587343,0.13517340097151664
P27G,878.0,185.0,-3.1668449949652233,0.08135796843735114
P27H,402.0,78.0,-3.285711286600937,0.12402191856987527
P27I,1021.0,182.0,-3.4081182498866314,0.08092399243108289
P27K,621.0,52.0,-4.497966432857658,0.1446112663099542
P27L,585.0,66.0,-4.067915658597202,0.13012939292732
P27M,697.0,80.0,-4.043137999701686,0.11835625855868986
P27N,667.0,101.0,-3.643421139700676,0.10711817958095064
P27Q,932.0,99.0,-4.154910160481286,0.10605661865323288
P27R,1339.0,122.0,-4.376306309138528,0.09496281648797428
P27S,972.0,168.0,-3.452634926984622,0.08399934085583519
P27T,794.0,108.0,-3.7982031639791556,0.10292180809186727
P27V,659.0,95.0,-3.714359959894579,0.11008043481285004
P27W,672.0,82.0,-3.954821834826105,0.1172892774971991
P27Y,1751.0,271.0,-3.6119802071639917,0.06584881400985133
P27_,38.0,3.0,-4.578754508943764,0.5988404180649701
P311A,1175.0,298.0,-2.8994512632621285,0.06543481703246101
P311C,982.0,293.0,-2.664998689156307,0.06712852576811074
P311D,1024.0,82.0,-4.5624970322808425,0.1150880292863448
P311E,833.0,95.0,-4.052393417396667,0.10863121214767227
P311F,780.0,82.0,-4.169831753252192,0.11640763019395119
P311G,1402.0,451.0,-2.556476188375315,0.05482311566072924
P311H,2224.0,168.0,-4.646755140560676,0.08047814318303213
P311I,1042.0,257.0,-2.9396835993998476,0.07018297139728834
P311K,955.0,88.0,-4.35998735349851,0.11173415431949286
P311L,1373.0,943.0,-1.4622080339747159,0.04317206916097651
P311M,1217.0,156.0,-3.883841486676573,0.0854786409404064
P311N,1655.0,1569.0,-0.997196262764454,0.03628549466420958
P311Q,1822.0,154.0,-4.484645818666751,0.08436228939408946
P311R,1399.0,119.0,-4.475462442208214,0.09587759389924373
P311S,1261.0,470.0,-2.344027235127311,0.054732951939130386
P311T,1331.0,3323.0,0.39975834833535995,0.033575403819769915
P311V,594.0,215.0,-2.3862943341092064,0.08005926810120084
P311W,2069.0,805.0,-2.2820728840262823,0.042433596766209364
P311Y,1534.0,153.0,-4.245820914700629,0.08522014659762657
P311_,1050.0,77.0,-4.689424336760478,0.11837552560487423
P344A,647.0,770.0,-0.6691217041250539,0.05403075233224323
P344C,1056.0,464.0,-2.10660656966206,0.05636624251930844
P344D,725.0,332.0,-2.0469850744860993,0.06683049745718193
P344E,1103.0,206.0,-3.3408704718877686,0.0763924733713422
P344F,1701.0,171.0,-4.234449902382146,0.08068806522997396
P344G,772.0,419.0,-1.8018457355971158,0.06129408204608057
P344H,1154.0,247.0,-3.1442252470144894,0.0706401395023509
P344I,1320.0,199.0,-3.649846903593395,0.07653436966132794
P344K,845.0,84.0,-4.250546318258094,0.11472501639446725
P344L,963.0,124.0,-3.8773051927940836,0.0957984510963201
P344M,771.0,181.0,-3.0108910458433487,0.08304591075021492
P344N,885.0,459.0,-1.86737904802271,0.05816871244682956
P344R,1841.0,123.0,-4.823860830793819,0.09352896382216644
P344S,413.0,429.0,-0.865376312558725,0.06947851089233821
P344T,1319.0,584.0,-2.095601400494953,0.0504530515615418
P344V,1349.0,172.0,-3.891547573419406,0.08142460583772797
P344W,1145.0,114.0,-4.248338797916373,0.09858793963502933
P344Y,1267.0,186.0,-3.6881866983660094,0.0789960847332024
P344_,1209.0,107.0,-4.4182195265894935,0.10122801318072923
P358A,1794.0,920.0,-1.8836773601897394,0.04146591130105398
P358C,652.0,230.0,-2.4234083816752943,0.07717786254066775
P358D,1140.0,114.0,-4.242025079246655,0.09860736438758866
P358E,801.0,148.0,-3.356336477581295,0.08988765607105284
P358F,1113.0,435.0,-2.2755569595867,0.057204273022303846
P358G,1081.0,188.0,-3.4437094407097986,0.07949209671161203
P358H,1138.0,265.0,-3.022605405807508,0.06875489808852973
P358I,1453.0,380.0,-2.855146219027847,0.058264936328087436
P358K,1112.0,101.0,-4.380810605608861,0.10428014666110146
P358L,916.0,114.0,-3.926413852987234,0.09968910754120212
P358M,1967.0,495.0,-2.910685592568808,0.051025617410554835
P358N,1195.0,134.0,-4.076821001171259,0.09150961354945338
P358Q,1110.0,228.0,-3.2036145453976097,0.07322384814853161
P358R,1058.0,89.0,-4.491452901523373,0.11070198724868914
P358S,1054.0,329.0,-2.599896091240595,0.0637435917971371
P358T,1140.0,195.0,-3.4676373438440447,0.07797559902786894
P358V,1530.0,401.0,-2.85204183933128,0.05676583917657172
P358W,1485.0,180.0,-3.964534562787168,0.07939590460827801
P358Y,1207.0,121.0,-4.238450325938317,0.09574622709107969
P358_,2308.0,498.0,-3.1326137337613447,0.0501630550552578
P56A,353.0,271.0,-1.3015738417306526,0.08122652449670642
P56C,721.0,432.0,-1.6591654370880278,0.061455440337692985
P56D,829.0,78.0,-4.32986940215805,0.11874423793037729
P56E,347.0,39.0,-4.073272210796817,0.16908956394779476
P56F,420.0,152.0,-2.386468318511655,0.09504986514174357
P56I,325.0,503.0,-0.290107902360659,0.0716932845631347
P56K,334.0,22.0,-4.843871122014411,0.22023370001304865
P56L,420.0,231.0,-1.7826792485855831,0.08236977131439488
P56M,1339.0,2647.0,0.06298603424039406,0.03463627804769456
P56N,1310.0,178.0,-3.7997585061905363,0.08034974473950408
P56Q,267.0,48.0,-3.395697809155477,0.1570007600042235
P56R,728.0,76.0,-4.179908003892831,0.12085047690084448
P56S,633.0,270.0,-2.149426327269653,0.07320100414620924
P56T,162.0,53.0,-2.5319572957290077,0.15846731619933926
P56V,786.0,1124.0,-0.40417557735312304,0.04729679528090038
P56W,674.0,139.0,-3.1977922018351697,0.09355453586859887
P56Y,870.0,299.0,-2.461049125122389,0.06759325726977054
P56_,41.0,3.0,-4.688351227409013,0.5972313427252477
Q124A,323.0,377.0,-0.6971869147910539,0.07631117559558957
Q124C,867.0,850.0,-0.9487796952405239,0.049039908043620295
Q124D,250.0,507.0,0.09981752509510944,0.07776409384120608
Q124E,583.0,818.0,-0.43161302519272304,0.054888814773488885
Q124F,667.0,169.0,-2.900810656147641,0.08655116494282587
Q124G,731.0,622.0,-1.1531642431710303,0.05523339692769651
Q124H,642.0,529.0,-1.1995116506999297,0.05935484959444084
Q124I,474.0,319.0,-1.4915267224170492,0.07293438629821351
Q124K,424.0,472.0,-0.7654917412189359,0.06746925762068971
Q124L,480.0,749.0,-0.27829035733742025,0.05910543283115303
Q124M,649.0,622.0,-0.9815138087787565,0.05677645728475751
Q124N,626.0,8484.0,2.8402778371820525,0.042312574508081166
Q124P,429.0,57.0,-3.8319352458457994,0.1412331296634603
Q124R,434.0,455.0,-0.8520409074032882,0.06765289994019902
Q124S,850.0,1269.0,-0.3420591570979985,0.04516125774976652
Q124T,459.0,485.0,-0.8407219671200981,0.06569232474930074
Q124V,600.0,691.0,-0.7164908324518908,0.05647001459537382
Q124W,400.0,86.0,-3.1376706323544576,0.11917029475668339
Q124Y,680.0,467.0,-1.4623133957204084,0.06071997183527855
Q124_,557.0,47.0,-4.486874518697716,0.1521263825782107
Q189A,553.0,932.0,-0.16717101022648606,0.054371886343987576
Q189C,767.0,792.0,-0.8739376169940529,0.0513949500071984
Q189D,64.0,192.0,0.6646013597987057,0.14458799277379258
Q189E,596.0,1377.0,0.2879197187918665,0.04979058078895237
Q189F,1369.0,738.0,-1.8116315907326017,0.04648135801694031
Q189G,1155.0,1931.0,-0.1787605827929637,0.03819324125388821
Q189H,459.0,693.0,-0.32586029008016215,0.06080007395757243
Q189I,285.0,159.0,-1.7621059169158482,0.09936109935702794
Q189K,1736.0,1288.0,-1.3508423395977593,0.037782160273490815
Q189L,1834.0,2264.0,-0.6163320506545542,0.032588557173366034
Q189M,1164.0,1076.0,-1.033622842543041,0.043168566576823185
Q189N,152.0,293.0,0.02657279201013818,0.100331620011652
Q189P,801.0,796.0,-0.9292445745724631,0.050791299341210794
Q189R,984.0,1163.0,-0.67909225627686,0.04417187191571091
Q189S,392.0,570.0,-0.3801141036628062,0.06618441749095783
Q189T,1010.0,1167.0,-0.7117635294395068,0.043841150675898714
Q189V,1000.0,1069.0,-0.823949953980426,0.044838616655534416
Q189W,836.0,274.0,-2.5295025298334766,0.07014788936801371
Q189Y,799.0,710.0,-1.090585091017406,0.052297669717633666
Q189_,1246.0,93.0,-4.663996876163517,0.10783858525412075
Q194A,979.0,1320.0,-0.489057518072757,0.04305899027673533
Q194C,831.0,884.0,-0.8310140240797681,0.04908798708116704
Q194D,913.0,1374.0,-0.33052093869353527,0.04356766685813185
Q194E,682.0,1007.0,-0.35799766399740474,0.050342423040773375
Q194F,890.0,1692.0,0.0066337680003565325,0.042304403265662434
Q194G,584.0,665.0,-0.7328279133045177,0.05736813429016533
Q194H,600.0,681.0,-0.7375214382486224,0.05665785653495817
Q194I,757.0,497.0,-1.5272483544205278,0.05837880662440145
Q194K,412.0,532.0,-0.5514368658955311,0.06619558950859902
Q194L,737.0,713.0,-0.9679727595877301,0.05323913190213444
Q194M,693.0,839.0,-0.6443990401897315,0.052056970014823
Q194N,411.0,735.0,-0.08162049307112085,0.06219825666952394
Q194P,966.0,869.0,-1.0728762208282348,0.04754984031926942
Q194R,1097.0,1321.0,-0.6521461650216178,0.04175681810468601
Q194S,1176.0,1605.0,-0.47152891770486693,0.03935033140905486
Q194T,142.0,205.0,-0.3905091168543855,0.10952002127598626
Q194V,886.0,748.0,-1.164476300418798,0.05040439023403375
Q194W,648.0,344.0,-1.8337764494648354,0.0672691972788606
Q194Y,896.0,790.0,-1.1018547944049786,0.049567452361302604
Q194_,905.0,87.0,-4.298891485770298,0.11257423600537704
Q255A,1384.0,529.0,-2.3076983435634486,0.05184523281251325
Q255C,754.0,652.0,-1.129900441583822,0.054175896528034756
Q255D,724.0,751.0,-0.8673883818076824,0.05279965136201096
Q255E,824.0,121.0,-3.68774644801036,0.09773650268515982
Q255F,607.0,171.0,-2.74785046897962,0.08700630533206853
Q255G,1117.0,614.0,-1.783518920227876,0.05097991469324818
Q255H,1955.0,1020.0,-1.8588035666730636,0.03958478848458451
Q255I,736.0,982.0,-0.5041985279647259,0.04951831338027689
Q255K,1417.0,145.0,-4.208836517263782,0.08761765834294712
Q255L,521.0,1662.0,0.7533352184818405,0.05095190529227528
Q255M,1192.0,697.0,-1.694355955041666,0.048463237420830474
Q255N,985.0,2528.0,0.4395810182680582,0.038546760878357594
Q255P,859.0,338.0,-2.265819872999047,0.06478958059077342
Q255R,1198.0,134.0,-4.080438260859895,0.09149816317400741
Q255S,938.0,291.0,-2.608745449613404,0.06765693863336913
Q255T,1003.0,425.0,-2.1589781737896123,0.05852308473121127
Q255V,988.0,620.0,-1.59244503516737,0.0519622874347677
Q255W,584.0,71.0,-3.960109836511176,0.1259757501833129
Q255Y,635.0,79.0,-3.9268830206837757,0.11960965969610557
Q255_,1450.0,166.0,-4.046931672261368,0.08239205377539581
Q325A,971.0,199.0,-3.206856103051182,0.07829300883424785
Q325C,1019.0,139.0,-3.794118509886883,0.09083027197753349
Q325D,586.0,113.0,-3.294685720529162,0.10310332955375599
Q325E,903.0,221.0,-2.9508411916900243,0.07554572250363523
Q325F,1183.0,123.0,-4.18582563650283,0.09513037560964961
Q325G,1501.0,329.0,-3.10994112500748,0.06148744565442614
Q325H,1122.0,261.0,-3.0241194234545086,0.06926467415143468
Q325I,822.0,108.0,-3.848201931597372,0.10271318713503554
Q325K,1392.0,133.0,-4.307773831106719,0.09116843727286777
Q325L,1633.0,161.0,-4.262522302286416,0.08305556622616926
Q325M,1560.0,238.0,-3.6326720581334078,0.07012554648264073
Q325N,853.0,273.0,-2.5638197343256817,0.07007321378476726
Q325P,1289.0,186.0,-3.7130222432459155,0.07891077759997449
Q325R,2005.0,222.0,-4.095123741502729,0.07126092082482878
Q325S,1122.0,1055.0,-1.0090397362733148,0.04375137217172136
Q325T,917.0,645.0,-1.427826814618916,0.05211459304452964
Q325V,1207.0,174.0,-3.714406382307053,0.08154971680154412
Q325W,1212.0,121.0,-4.244414299346694,0.09572837694589012
Q325Y,621.0,69.0,-4.089950037812867,0.1271849053750685
Q325_,1120.0,100.0,-4.405506321868865,0.10472304364405055
Q378A,914.0,1663.0,-0.05669588670586556,0.04207690372527802
Q378C,2418.0,10303.0,1.1709628869216415,0.02420100892996943
Q378D,2361.0,34106.0,2.9323390535243856,0.022976825156075686
Q378E,1303.0,1922.0,-0.35944318949838383,0.036916244035750376
Q378F,854.0,1366.0,-0.24256769903909792,0.044475522904805914
Q378G,982.0,1507.0,-0.30233150661927866,0.04191600853557875
Q378H,2729.0,3591.0,-0.5241988864505198,0.026832313262009175
Q378I,779.0,1337.0,-0.14091437302612064,0.045898635384875104
Q378K,814.0,1446.0,-0.09125176946443503,0.044666664138875815
Q378L,697.0,1235.0,-0.09493941203307532,0.048160941514436985
Q378M,1893.0,8014.0,1.1616314019130822,0.026983463508260218
Q378N,1377.0,2142.0,-0.28278469702109055,0.035610798449903135
Q378P,2140.0,1347.0,-1.5880678528264331,0.03584325768034716
Q378R,1008.0,1845.0,-0.04809219130934128,0.04011387206100835
Q378S,1209.0,1740.0,-0.39494145593966223,0.03843044311287022
Q378T,735.0,1061.0,-0.3906084055822303,0.04876566919379247
Q378V,645.0,1109.0,-0.13833193426822898,0.05027062048293488
Q378W,884.0,1731.0,0.04926858858237804,0.04223710377995672
Q378Y,729.0,1071.0,-0.36524943485883377,0.04879024485619929
Q378_,965.0,492.0,-1.8920671300159766,0.056069637999260534
Q386A,1305.0,1828.0,-0.4339977751495021,0.03726106830758571
Q386C,966.0,1424.0,-0.3603616271150196,0.04257340519371905
Q386D,1383.0,2339.0,-0.1621244342501429,0.03500940553419989
Q386E,1178.0,2280.0,0.03247749004131251,0.0369127402817298
Q386F,1699.0,2500.0,-0.36297135411903936,0.03261354095125581
Q386G,702.0,1131.0,-0.23216267735334384,0.04882328555364624
Q386H,835.0,1501.0,-0.0741426677364716,0.0440326597758869
Q386I,1287.0,1885.0,-0.3696619620800101,0.037182825380675945
Q386K,1553.0,3376.0,0.20004118215792932,0.03186196964232563
Q386L,1673.0,2630.0,-0.26758865955369027,0.032450244200545875
Q386M,1236.0,2766.0,0.2419050809696457,0.03529381156029411
Q386N,1595.0,2883.0,-0.0662005039439939,0.032386441941707485
Q386P,1493.0,2339.0,-0.27253667466634335,0.03424011949822944
Q386R,976.0,1822.0,-0.019647833065307374,0.04060160924624619
Q386S,1090.0,1880.0,-0.13381191072501242,0.03904358384330948
Q386T,1504.0,2596.0,-0.13272909450916215,0.03354343935540699
Q386V,1192.0,2848.0,0.3363469972009949,0.03556835810535467
Q386W,1222.0,2103.0,-0.13701125673538606,0.036998640805824226
Q386Y,812.0,1125.0,-0.4498424500942564,0.04685573085559267
Q386_,734.0,1270.0,-0.12924264237833505,0.04716822270418823
Q4A,573.0,552.0,-0.9740767899814688,0.06026440263711852
Q4C,723.0,765.0,-0.8387478707274187,0.052586555208559566
Q4D,1119.0,823.0,-1.3634519394533546,0.04673077922637373
Q4E,761.0,1356.0,-0.08683037466431553,0.04611472071820644
Q4F,453.0,958.0,0.16028694199590543,0.0576745509589006
Q4G,559.0,87.0,-3.6038318436165317,0.11557194819802956
Q4H,705.0,2398.0,0.845911172902583,0.04370925114275457
Q4I,930.0,1817.0,0.046037349592586985,0.041239284159633224
Q4K,673.0,1386.0,0.1220269440859969,0.04777472279199637
Q4L,741.0,898.0,-0.6429723772866343,0.0503800496021619
Q4M,739.0,587.0,-1.2524196817869289,0.055962279732206834
Q4N,440.0,1319.0,0.6636364094869505,0.0557304816590789
Q4P,945.0,451.0,-1.9873810497790387,0.057883522671516786
Q4R,422.0,1051.0,0.39621642954651826,0.058276448300800976
Q4S,371.0,251.0,-1.4839241079011183,0.08218465040227067
Q4T,573.0,756.0,-0.5203658749400315,0.056062203548588374
Q4V,887.0,1504.0,-0.15841899089997646,0.04321271573435523
Q4W,639.0,70.0,-4.110416472482471,0.12618898960190686
Q4Y,673.0,1132.0,-0.17002401963736702,0.04943999438051974
Q4_,956.0,64.0,-4.820867371204683,0.12939721688384984
Q51A,446.0,236.0,-1.838438943609086,0.08095849177946414
Q51C,595.0,687.0,-0.7127936922154507,0.05666827604622599
Q51D,480.0,48.0,-4.241868496399754,0.15161579894636867
Q51E,858.0,171.0,-3.2471246473204394,0.08419124320039487
Q51F,1518.0,168.0,-4.095773160217681,0.08176704992147786
Q51G,1524.0,317.0,-3.185482989500502,0.06233542247239963
Q51H,2336.0,209.0,-4.402613451728458,0.07271593382484952
Q51I,436.0,33.0,-4.643597056126957,0.18072753615686724
Q51K,408.0,62.0,-3.638242593180358,0.13657385599171384
Q51L,378.0,33.0,-4.437660232645396,0.18169851294929487
Q51M,983.0,215.0,-3.1130132084335704,0.07578454140456506
Q51N,1379.0,576.0,-2.179678031196721,0.050361746127830564
Q51P,288.0,30.0,-4.182814556168398,0.1920140468479393
Q51R,417.0,54.0,-3.868994402697452,0.14487298031544896
Q51S,767.0,1117.0,-0.3778860665780197,0.047687290745404266
Q51T,1226.0,601.0,-1.9487207215598996,0.050542916982893676
Q51V,435.0,62.0,-3.730686647227744,0.13601579154147087
Q51W,468.0,78.0,-3.505019254003204,0.12259952061670545
Q51Y,522.0,58.0,-4.089914795771511,0.13866919587216406
Q51_,1081.0,85.0,-4.588814374461718,0.11297543708242677
R156A,590.0,172.0,-2.6984578424592565,0.08708368741568552
R156C,680.0,233.0,-2.465374966359046,0.07640218917347054
R156D,414.0,148.0,-2.4041818388957372,0.09616011357764626
R156E,601.0,123.0,-3.2088242684108783,0.09933958323488894
R156F,599.0,258.0,-2.1353639807363276,0.07496870398689412
R156G,634.0,79.0,-3.924609304998432,0.11962004234644165
R156H,831.0,274.0,-2.5208481683551316,0.07019916948015317
R156I,707.0,646.0,-1.050384999115395,0.055112951328613644
R156K,358.0,218.0,-1.6358164493563807,0.086343675035204
R156L,401.0,283.0,-1.4229960587256985,0.07811666944977497
R156M,700.0,279.0,-2.247269577053582,0.07132824509320285
R156N,303.0,78.0,-2.8778453043170105,0.12725626542386795
R156P,477.0,119.0,-2.9231475836173235,0.10283051078026315
R156Q,259.0,87.0,-2.4939655516286106,0.12421293507223612
R156S,548.0,158.0,-2.714397230013277,0.09071143362846604
R156T,324.0,145.0,-2.080096822869799,0.10028692451128514
R156V,930.0,457.0,-1.9452313710714355,0.05777940620494716
R156W,620.0,191.0,-2.6188541903726694,0.08320620051444981
R156Y,385.0,129.0,-2.497623895621987,0.1020967131640253
R156_,1067.0,78.0,-4.693981689733776,0.11760584302703576
R310A,1032.0,118.0,-4.048686804327005,0.09755976427504327
R310C,1389.0,160.0,-4.038033885849101,0.08393219418066583
R310D,1184.0,107.0,-4.388074614930082,0.10131423935343921
R310E,499.0,50.0,-4.238991092680486,0.14857669822448535
R310F,851.0,107.0,-3.9116413389528155,0.10293231736419024
R310G,1546.0,369.0,-2.9870287085709397,0.058581964847701506
R310H,1124.0,156.0,-3.769155335020865,0.08587539765200525
R310I,1152.0,129.0,-4.078809312710318,0.09324404391252766
R310K,1816.0,7783.0,1.1793451879666494,0.027462872294594286
R310L,1055.0,146.0,-3.773328463980816,0.08872300086610868
R310M,1819.0,195.0,-4.141744338511135,0.07584694024790206
R310N,883.0,128.0,-3.7063841358120904,0.09497076550700938
R310P,552.0,47.0,-4.473865692743649,0.1521798204632945
R310Q,1190.0,129.0,-4.125629769560014,0.09309528869717217
R310S,1595.0,215.0,-3.8113006794514317,0.07316398283031682
R310T,1315.0,158.0,-3.9771968759440113,0.08464177728838354
R310V,2282.0,393.0,-3.457878062591441,0.05529684702494622
R310W,1504.0,155.0,-4.198591840503196,0.08480066327745858
R310Y,829.0,95.0,-4.0454491070929,0.10865786919869394
R310_,749.0,56.0,-4.661439522615071,0.13879523374256542
R324A,1062.0,639.0,-1.6530978131232468,0.05080942880170257
R324C,1796.0,759.0,-2.1628154602534,0.04415158060807979
R324D,1144.0,320.0,-2.7581216451324453,0.06382857650870855
R324E,724.0,283.0,-2.275367468959601,0.07063785839988848
R324F,1068.0,868.0,-1.2193524625869987,0.04651287864874861
R324G,1358.0,340.0,-2.918055896001144,0.0612578825099416
R324H,1442.0,885.0,-1.6245263833504695,0.043571479217674
R324I,942.0,160.0,-3.477791180097201,0.08594321296390538
R324K,974.0,1645.0,-0.16412301113331473,0.04134790373764701
R324L,1481.0,5190.0,0.888945060546869,0.030707643060711016
R324M,1163.0,600.0,-1.875015926992992,0.051005326418232175
R324N,1291.0,1237.0,-0.9818538883418553,0.04071921953899585
R324P,2903.0,199.0,-4.786847586168644,0.07378624377957818
R324Q,4959.0,7049.0,-0.4128423583687457,0.020459316816124708
R324S,827.0,490.0,-1.6753044583711274,0.05766295603542473
R324T,1821.0,282.0,-3.611131494449022,0.06457697693322173
R324V,1664.0,446.0,-2.8197270170187414,0.05401968827240449
R324W,1358.0,428.0,-2.5859885698865113,0.0561055452798157
R324Y,1136.0,449.0,-2.259366929394562,0.056413317848941914
R324_,615.0,57.0,-4.351533837974999,0.13871495499508807
R380A,1240.0,895.0,-1.3905869241470201,0.044708138636009115
R380C,1319.0,925.0,-1.4321255108231625,0.043752489743884376
R380D,3646.0,862.0,-3.0007528832072965,0.03885123385877678
R380E,2181.0,1700.0,-1.2796640278583986,0.033493306847398395
R380F,1620.0,892.0,-1.7810818055700786,0.0425841567316504
R380G,1624.0,1231.0,-1.3199289104528598,0.03877070337307782
R380H,1525.0,1116.0,-1.3706796242972565,0.04033422024380187
R380I,1562.0,1094.0,-1.4339886400850652,0.040365031812413424
R380K,1173.0,976.0,-1.1854583538093966,0.044183185903036534
R380L,1279.0,1101.0,-1.13641084754439,0.04201402478829137
R380M,1839.0,1918.0,-0.8595299583591349,0.033767012716255006
R380N,959.0,694.0,-1.386800283983633,0.05058369323582279
R380P,1070.0,541.0,-1.9041079894267279,0.053460564655366555
R380Q,1088.0,1210.0,-0.766883721883417,0.042668668239960066
R380S,1241.0,2115.0,-0.1510611319428996,0.03679229378556182
R380T,1549.0,1237.0,-1.24470017053656,0.03910295546008739
R380V,1072.0,865.0,-1.2297405232295642,0.04651827294297143
R380W,1643.0,628.0,-2.3076927000635945,0.047707829060648646
R380Y,1205.0,436.0,-2.3868228657488313,0.056554934433239896
R380_,832.0,790.0,-0.9949408290515844,0.050426005115810746
R98A,599.0,49.0,-4.531642911853325,0.14882367753351655
R98C,503.0,34.0,-4.806767046238764,0.1773871905650016
R98D,429.0,52.0,-3.96436120938266,0.1470819034165042
R98E,462.0,36.0,-4.601665449669437,0.17323275032470362
R98F,317.0,31.0,-4.273933795309758,0.18835393084787905
R98G,749.0,53.0,-4.740859410289655,0.14238864938192486
R98H,424.0,30.0,-4.740793942006331,0.18909184928589082
R98I,656.0,65.0,-4.2551951235543095,0.13031378472932797
R98K,713.0,114.0,-3.56497281548444,0.10123602075013997
R98L,774.0,69.0,-4.407685743470047,0.12592733261486058
R98M,784.0,67.0,-4.4686346195536215,0.12756843784124255
R98N,506.0,27.0,-5.1478112272795356,0.19767305537780364
R98P,717.0,71.0,-4.256110003991791,0.12470874418090215
R98Q,987.0,77.0,-4.600157875673033,0.11863201145112366
R98T,354.0,29.0,-4.529378789022814,0.19331507357990718
R98V,769.0,77.0,-4.2400955328232275,0.11983641511313714
R98W,649.0,52.0,-4.561590640355469,0.14437086487276465
R98Y,616.0,57.0,-4.353877740362008,0.1387054403701362
R98_,712.0,59.0,-4.513077016011444,0.13574174577787418
S104A,539.0,494.0,-1.0459826688453298,0.062885374051769
S104C,438.0,108.0,-2.9400097944560004,0.1077799679775637
S104D,865.0,127.0,-3.6879855964898125,0.09541760002249808
S104E,272.0,41.0,-3.649822917823223,0.16773699216626098
S104F,415.0,761.0,-0.04544156412899181,0.06163351580584532
S104G,507.0,1000.0,0.05971744345265506,0.05520329958113157
S104H,338.0,201.0,-1.6700095295113213,0.0894898643600987
S104I,456.0,35.0,-4.623437371054702,0.1755883498481217
S104K,662.0,60.0,-4.383789050713774,0.13509073673276714
S104L,449.0,62.0,-3.7763856571456333,0.1357520523242506
S104M,622.0,464.0,-1.3429927528816235,0.06195065585514229
S104N,919.0,779.0,-1.1586495878001362,0.04946589339643373
S104P,717.0,58.0,-4.5478305914616595,0.13677775571388817
S104Q,432.0,349.0,-1.2280072097527723,0.07249189779269997
S104R,805.0,50.0,-4.928929070476844,0.14599071200753563
S104T,595.0,75.0,-3.9079699437966786,0.12283023412191599
S104V,936.0,99.0,-4.161088669259151,0.10603499966203636
S104W,226.0,81.0,-2.4004255705182542,0.12978368396965526
S104Y,245.0,413.0,-0.16687479607437172,0.0811035236094971
S104_,1329.0,43.0,-5.86974689440007,0.15517059408025974
S120A,280.0,239.0,-1.1486182461621057,0.08848894271505997
S120C,569.0,552.0,-0.9639704805257541,0.06036610258830109
S120D,421.0,55.0,-3.85629956892107,0.14362736539333615
S120E,585.0,123.0,-3.1698965587039103,0.09956836576333258
S120F,1120.0,765.0,-1.4701719777192244,0.047697884914802445
S120G,320.0,439.0,-0.46407406187061984,0.07401230564314777
S120H,907.0,1723.0,0.00552983684605568,0.04192815235828615
S120I,786.0,655.0,-1.1832416107469204,0.05360978728472266
S120K,714.0,200.0,-2.7560830228185402,0.08046960432528853
S120L,912.0,422.0,-2.0319833335556785,0.059507628913158465
S120M,563.0,226.0,-2.2369848157614136,0.07922005407826024
S120N,343.0,73.0,-3.1522955276784526,0.12917889675698335
S120P,788.0,166.0,-3.1671546654253184,0.08583600373858945
S120Q,1955.0,2318.0,-0.6745000726600501,0.03190575900692484
S120R,734.0,134.0,-3.3736699335469247,0.09433756171348916
S120T,832.0,1288.0,-0.2897398548434227,0.04531408961508307
S120V,427.0,347.0,-1.219503493630321,0.07279212499784489
S120W,615.0,118.0,-3.301911627860206,0.1008707815376311
S120Y,530.0,120.0,-3.063075830510236,0.10146163018349784
S120_,840.0,66.0,-4.5898608753883785,0.12812005476342492
S122A,741.0,1197.0,-0.22834058810135716,0.04753936222986541
S122C,505.0,672.0,-0.508040130121211,0.05952561215124978
S122D,303.0,206.0,-1.4768619130032086,0.09071615627003346
S122E,489.0,536.0,-0.7878149272991939,0.06313201557294335
S122F,683.0,521.0,-1.3108065139947067,0.058809208146746755
S122G,238.0,401.0,-0.1675948518759247,0.08228167558146517
S122H,797.0,1318.0,-0.19451929022790448,0.045699842292522615
S122I,871.0,897.0,-0.8777760896218432,0.04835259886524377
S122K,320.0,614.0,0.019934287596280242,0.06948817824609786
S122L,730.0,3659.0,1.4052543507814308,0.04145128244553228
S122M,379.0,429.0,-0.7414355129799919,0.07102441416101817
S122N,499.0,809.0,-0.22312206722755423,0.057577019022314234
S122P,447.0,741.0,-0.19102496997748375,0.06051167218856412
S122Q,388.0,736.0,0.003420657347290579,0.06333243209097855
S122R,424.0,617.0,-0.3790152944543852,0.06367276354047012
S122T,1154.0,2208.0,0.015880104585359156,0.03734309462444311
S122V,444.0,580.0,-0.5347252711043149,0.06365042286676306
S122W,490.0,503.0,-0.8824349859691933,0.06406148081521816
S122Y,418.0,590.0,-0.42300892524466605,0.06451542755260985
S122_,603.0,52.0,-4.45553186001262,0.14477736565900545
S133A,419.0,788.0,-0.008981613339618555,0.06107916104328
S133C,378.0,229.0,-1.643224679588319,0.08418503907771559
S133D,550.0,64.0,-4.023299511343039,0.13234717350659939
S133E,647.0,96.0,-3.672742302256882,0.10970970547384137
S133F,902.0,74.0,-4.527562182163449,0.12122454111330788
S133G,308.0,756.0,0.3752172508385012,0.06815018900542777
S133H,692.0,64.0,-4.354634548030872,0.13093010118762807
S133I,893.0,78.0,-4.4371562285623565,0.11837966152864345
S133K,232.0,26.0,-4.07725956059172,0.2069588773004974
S133L,463.0,55.0,-3.993488420614746,0.14287533084135073
S133M,771.0,232.0,-2.6527734587146368,0.07538053915217725
S133N,585.0,230.0,-2.266975576103026,0.07830757401242629
S133P,417.0,60.0,-3.717018021127923,0.13833647378428307
S133Q,479.0,153.0,-2.566640706752861,0.09326428170666741
S133R,610.0,76.0,-3.9247826295854367,0.12194485495505611
S133T,448.0,78.0,-3.4420108326445344,0.12298792220560877
S133V,636.0,68.0,-4.145441528144599,0.12787137663509812
S133W,730.0,81.0,-4.0919551900293545,0.11742685336153068
S133Y,542.0,51.0,-4.329678339317287,0.14671077065033755
S133_,654.0,48.0,-4.688116729844265,0.14977679782533468
S138A,1006.0,2340.0,0.29765917334028646,0.038683861033816054
S138C,597.0,1866.0,0.7239188396657266,0.04781195694201187
S138D,374.0,46.0,-3.943268358618634,0.15647107548861713
S138E,588.0,69.0,-4.011174228232911,0.12753968589045198
S138F,368.0,778.0,0.15983285346962184,0.0638569854130105
S138G,191.0,390.0,0.10965206978412745,0.08873799305800015
S138H,500.0,71.0,-3.7360737124348233,0.12711235261815104
S138I,561.0,701.0,-0.5988023383180048,0.05730688609260688
S138K,709.0,90.0,-3.897859654371773,0.11222905426828947
S138L,200.0,295.0,-0.3595191502279951,0.0920028924243932
S138M,488.0,911.0,-0.01965469642028861,0.05676167481717043
S138N,431.0,66.0,-3.6271757147871133,0.13245534416458624
S138P,956.0,92.0,-4.29737401248218,0.10949641379261822
S138Q,454.0,104.0,-3.0462127080569914,0.1090510036802148
S138R,697.0,78.0,-4.079659252289571,0.11970227909461215
S138T,631.0,520.0,-1.1993343773755996,0.05985705872698839
S138V,835.0,1180.0,-0.42127717045781843,0.0460446250114817
S138W,712.0,78.0,-4.110377401326932,0.11957596176100806
S138Y,806.0,175.0,-3.123571254507005,0.08384333722761002
S138_,509.0,51.0,-4.239052869730521,0.14711785669987432
S154A,434.0,432.0,-0.926874452228744,0.06851220480453596
S154C,566.0,734.0,-0.5452386998047798,0.056605645441136325
S154D,483.0,394.0,-1.2140316882135052,0.06843554455846022
S154E,735.0,1066.0,-0.38382568751537516,0.0487203223531083
S154F,624.0,467.0,-1.3383265824249913,0.06179714225772169
S154G,249.0,129.0,-1.8689316583924498,0.10882236296152094
S154H,541.0,396.0,-1.3703292753004277,0.0666982010715701
S154I,691.0,1085.0,-0.2692810304449127,0.04943555553192889
S154K,760.0,288.0,-2.320110372726587,0.06973478632019665
S154L,601.0,623.0,-0.8683445512002246,0.057827701816126446
S154M,446.0,572.0,-0.5612465643224178,0.06376041075037503
S154N,734.0,733.0,-0.9221777137364704,0.052930933552574756
S154P,481.0,79.0,-3.526170596714353,0.12169901889528587
S154Q,361.0,268.0,-1.349962844668732,0.0810942478210313
S154R,819.0,170.0,-3.188472334643075,0.08472343154408818
S154T,618.0,441.0,-1.407029688777075,0.06293397867647338
S154V,602.0,652.0,-0.8051042361501155,0.057182929114711865
S154W,250.0,137.0,-1.7879154818263112,0.10664728746638531
S154Y,277.0,191.0,-1.4565007639737813,0.09444772401454299
S154_,748.0,75.0,-4.238113585955218,0.12142282699164446
S173A,800.0,2846.0,0.9106399165285834,0.0409441092713661
S173C,538.0,1242.0,0.286761020033957,0.05233464059897154
S173D,726.0,821.0,-0.7428005014499339,0.05167659098621474
S173E,475.0,1330.0,0.5651964264116263,0.054149418119238665
S173F,770.0,1329.0,-0.13280800287283956,0.046110636709657364
S173G,410.0,1282.0,0.72446563744455,0.05739387266248875
S173H,534.0,1313.0,0.37772836459028447,0.05205093207362899
S173I,713.0,629.0,-1.1010502332704197,0.05538385429886784
S173K,1027.0,1650.0,-0.2361863370418078,0.040679526613957594
S173L,720.0,1119.0,-0.2840767958272883,0.04855495094381669
S173M,409.0,755.0,-0.035851239439934623,0.06200387378515218
S173N,843.0,365.0,-2.127824631384785,0.06325300875441943
S173P,873.0,1386.0,-0.2533432939378901,0.044068405533795395
S173Q,677.0,1550.0,0.2748175984636321,0.04687543902186901
S173R,639.0,231.0,-2.388094079603971,0.07725803692943992
S173T,562.0,296.0,-1.845160762061317,0.07233711783650315
S173V,596.0,741.0,-0.6060544006500592,0.0556991943387736
S173W,592.0,318.0,-1.8167602887736676,0.07006270375763951
S173Y,417.0,680.0,-0.21473689378947203,0.06279854486060567
S173_,393.0,33.0,-4.4938018539827365,0.18142045492423328
S183A,485.0,753.0,-0.2855563450574339,0.058863259931434084
S183C,711.0,1258.0,-0.09700924138992928,0.04771187294070044
S183D,883.0,1931.0,0.20864307820440509,0.0415381789863137
S183E,372.0,944.0,0.4232498635143145,0.061826185340384296
S183F,1136.0,5459.0,1.3444529294560583,0.0337420203613682
S183G,892.0,1151.0,-0.5524422970296863,0.04544152777725238
S183H,1136.0,1663.0,-0.37038956655358035,0.03945452869921135
S183I,1225.0,13406.0,2.5318036078768458,0.031080216792058763
S183K,542.0,623.0,-0.7192750248775841,0.0593730720222288
S183L,771.0,1461.0,0.001933699845964476,0.0453489211550554
S183M,424.0,849.0,0.08147238049752037,0.06009445872878988
S183N,1869.0,13534.0,1.9360322905468823,0.026153339107229685
S183P,474.0,599.0,-0.5825482833760836,0.06208178432126882
S183Q,423.0,610.0,-0.3920697518292835,0.06386230730578599
S183R,928.0,1179.0,-0.5748471776410504,0.04473041941363431
S183T,573.0,887.0,-0.28982082321116565,0.05429198694356088
S183V,675.0,1706.0,0.4174344470068787,0.04628919062171712
S183W,463.0,1269.0,0.5343773040662105,0.05498056947929546
S183Y,554.0,972.0,-0.1091517370113868,0.053934072432397354
S183_,1011.0,87.0,-4.458683114319199,0.11205850412177253
S186A,937.0,1495.0,-0.24619209119009522,0.042557994728300845
S186C,793.0,1059.0,-0.502905627195795,0.04775314535940168
S186D,995.0,2592.0,0.46107747817968114,0.03828684636758279
S186E,888.0,1835.0,0.12692922114156424,0.04178679458919592
S186F,583.0,819.0,-0.42985043802782563,0.05487521623813063
S186G,663.0,1313.0,0.06556449273125775,0.04842466621774102
S186H,648.0,972.0,-0.33525579629569346,0.05144947678139022
S186I,523.0,856.0,-0.2094217565992169,0.05617193766859416
S186K,1013.0,1763.0,-0.12081863389998038,0.040366266145961754
S186L,940.0,1331.0,-0.4184374750918991,0.043476363984527665
S186M,757.0,1106.0,-0.37323070932532243,0.04796044275093449
S186N,852.0,1642.0,0.026309768948793888,0.043101872730329435
S186P,636.0,1106.0,-0.12196780039711985,0.05051257148897182
S186Q,834.0,1486.0,-0.08690363859786032,0.04412523055130932
S186R,603.0,865.0,-0.3996759918510291,0.05375378953651993
S186T,755.0,8551.0,2.581316299749188,0.0389422343636959
S186V,704.0,1745.0,0.3893566015061447,0.04548146420770211
S186W,2007.0,1662.0,-1.1923296182825003,0.0342782922144225
S186Y,689.0,1157.0,-0.1724063690360138,0.048895000861049046
S186_,620.0,81.0,-3.856330447813008,0.11845716041396308
S219A,752.0,323.0,-2.139383892682396,0.06708737239279962
S219C,425.0,658.0,-0.28959815320769167,0.06283061480038123
S219D,655.0,80.0,-3.953475577479307,0.1187442568856491
S219E,669.0,156.0,-3.020600144920487,0.08932893198589037
S219F,1007.0,195.0,-3.2886688742272003,0.07871497668126748
S219G,564.0,1364.0,0.35385069821568305,0.050805681405053794
S219H,547.0,1456.0,0.4921702757106603,0.050891995567791275
S219I,276.0,60.0,-3.1216565784854016,0.1426955258110075
S219K,716.0,72.0,-4.233921440497178,0.12393004188745406
S219L,817.0,120.0,-3.6874099871389694,0.09814112681536737
S219M,872.0,136.0,-3.600842827323236,0.09259720836830462
S219N,684.0,550.0,-1.234770443613491,0.057923935383689416
S219P,748.0,108.0,-3.7121035441134547,0.10329738197019643
S219Q,384.0,125.0,-2.539311250607846,0.10333695128985798
S219R,687.0,71.0,-4.194447862753532,0.12495268334649219
S219T,1218.0,1471.0,-0.6479297996844302,0.039697392266459325
S219V,1769.0,525.0,-2.6727362717386183,0.050448787426209146
S219W,862.0,97.0,-4.071710105466321,0.10744003721328947
S219Y,698.0,176.0,-2.9078011832686927,0.08478918681137028
S219_,693.0,47.0,-4.802047460519758,0.15096395924939598
S226A,862.0,1507.0,-0.11429839657728103,0.04357420741602827
S226C,884.0,1114.0,-0.5865832873545163,0.04586865522686936
S226D,802.0,79.0,-4.26372393465519,0.11823095867290956
S226E,2209.0,216.0,-4.274440818114552,0.07181346239472602
S226F,655.0,73.0,-4.085561823174019,0.12368716472362808
S226G,1092.0,807.0,-1.3565384877649231,0.04722235854964441
S226H,570.0,96.0,-3.489941521482895,0.1106571438999028
S226I,2552.0,448.0,-3.4302420180765214,0.051951974236383494
S226K,365.0,69.0,-3.3232695270927035,0.13154988063861905
S226L,742.0,154.0,-3.1886254765110893,0.0889710188524566
S226M,761.0,198.0,-2.8625529954797972,0.08024562147511491
S226N,1127.0,184.0,-3.5348551158895276,0.07998035651579108
S226P,1009.0,330.0,-2.5325697015280424,0.06400272072352761
S226Q,822.0,93.0,-4.063909079183579,0.10974119055735315
S226R,891.0,124.0,-3.7651960370660866,0.09623541071679295
S226T,1075.0,1634.0,-0.3161441433332044,0.040215443086830394
S226V,772.0,331.0,-2.1419556086464144,0.06626796642088072
S226W,1190.0,114.0,-4.303952296662505,0.09842030327368063
S226Y,344.0,32.0,-4.346066796972507,0.1849924221864323
S226_,955.0,82.0,-4.46185497312925,0.11539415486070277
S230A,790.0,1511.0,0.015359512328957159,0.04475133908302161
S230C,1063.0,3322.0,0.7236903715784067,0.03628793319276184
S230D,1062.0,1466.0,-0.4551132821502222,0.041216512534930944
S230E,632.0,1505.0,0.3315429063375914,0.04818472223392598
S230F,578.0,1125.0,0.040560591755245845,0.05190396382717943
S230G,729.0,478.0,-1.5291086805184708,0.05948778310250561
S230H,564.0,1168.0,0.13004910295541272,0.05200232553877818
S230I,645.0,788.0,-0.6313184656907938,0.05380008910807215
S230K,449.0,191.0,-2.1533102816872454,0.08681887169719503
S230L,923.0,3290.0,0.9134629098058289,0.03824171706014883
S230M,949.0,6529.0,1.8621581807467407,0.03580445297395508
S230N,575.0,925.0,-0.23432895978108714,0.053807398956839406
S230P,986.0,88.0,-4.406073791999397,0.11158673883672311
S230Q,1521.0,3005.0,0.0621292778630802,0.032638965474276825
S230R,989.0,384.0,-2.285052103523477,0.060747654875804136
S230T,558.0,1834.0,0.7964277477699282,0.04911621397948681
S230V,611.0,2188.0,0.9201405589505578,0.04656970395499809
S230W,780.0,599.0,-1.3011234079159584,0.05501384059004782
S230Y,724.0,1758.0,0.35965087206232127,0.045000977429958545
S230_,692.0,56.0,-4.547247428349189,0.1391908297008017
S236A,1077.0,2035.0,-0.0022066372739377726,0.038664727613199355
S236C,691.0,1257.0,-0.05699324278159601,0.04814314362889245
S236D,434.0,1473.0,0.8427561595420556,0.05529957497028389
S236E,988.0,2509.0,0.4243097959487825,0.038545631148866985
S236F,605.0,1388.0,0.27777619259190356,0.04948118577285072
S236G,735.0,1501.0,0.10988692921224619,0.04584550562545535
S236H,1421.0,1641.0,-0.7125435526758186,0.037258183298480435
S236I,839.0,1909.0,0.26585387312750086,0.04231759953790863
S236K,1069.0,3294.0,0.7033587102431365,0.03625041920665472
S236L,984.0,5802.0,1.639597024102458,0.03554814337569757
S236M,891.0,1837.0,0.12363507549248087,0.041734294160302485
S236N,1060.0,3048.0,0.6035788851785671,0.036695188223289286
S236P,1006.0,302.0,-2.6561872965875803,0.06618339021893313
S236Q,1258.0,2218.0,-0.10208839620602994,0.0363431896617189
S236R,490.0,602.0,-0.6232346157050141,0.06145684056484041
S236T,385.0,818.0,0.16701168615705608,0.0624089791299837
S236V,967.0,2347.0,0.3590103989570359,0.039182344168372206
S236W,743.0,1409.0,0.0030174420046851225,0.04615909093674473
S236Y,752.0,1500.0,0.07593749115206183,0.045513716309293455
S236_,916.0,87.0,-4.316321100462971,0.11251528600484179
S241A,1043.0,1184.0,-0.7372825999603503,0.043340715716724175
S241C,1224.0,1066.0,-1.1196052487899104,0.04278002913020473
S241D,986.0,94.0,-4.310927022230439,0.10828860214757997
S241E,993.0,95.0,-4.305867848973063,0.10773724368103109
S241F,1240.0,137.0,-4.098209530381464,0.0904447291269741
S241G,895.0,173.0,-3.2912592493971777,0.08350080997817298
S241H,1149.0,126.0,-4.108992095962644,0.09424043266356175
S241I,1452.0,138.0,-4.315417553609834,0.08949647389708056
S241K,1243.0,116.0,-4.341727703375106,0.09746543957975537
S241L,612.0,76.0,-3.9295049625391094,0.12192288747884111
S241M,978.0,250.0,-2.8880742908917565,0.07139601556227369
S241N,1183.0,116.0,-4.27035206932486,0.0976745337723038
S241P,812.0,90.0,-4.0935511732237835,0.11142914881957967
S241Q,1294.0,131.0,-4.224310800175841,0.09209160259296982
S241R,841.0,72.0,-4.466064658673621,0.12308969594213527
S241T,1472.0,686.0,-2.0216968362231347,0.04703312139609739
S241V,723.0,219.0,-2.6432297323598037,0.07761555827204612
S241W,981.0,130.0,-3.835856123055297,0.09373441322043147
S241Y,1645.0,125.0,-4.6381918189710865,0.09317899811876865
S241_,1062.0,99.0,-4.343290171788788,0.10543560697601499
S267A,1255.0,3264.0,0.4587357417744453,0.03432556786746974
S267C,1127.0,3331.0,0.6432484926295925,0.03553279355904928
S267D,1034.0,1873.0,-0.06310241184009424,0.039699813772675015
S267E,1538.0,3532.0,0.2792136681785333,0.0317550363929558
S267F,829.0,1363.0,-0.20287613859798004,0.044888695665142184
S267G,800.0,3993.0,1.3991758704974555,0.03969242514718632
S267H,1946.0,7821.0,1.0866249286510699,0.026773107718404427
S267I,897.0,893.0,-0.9266586135975352,0.04805923076205552
S267K,593.0,2253.0,1.0055145027260863,0.04695987088798136
S267L,545.0,1121.0,0.12023366573135519,0.05293343008257578
S267M,602.0,1386.0,0.2828674337187316,0.0495748332326977
S267N,1015.0,1207.0,-0.6702671881483688,0.04346000595520984
S267P,1287.0,2280.0,-0.0951939871222729,0.035925699804004785
S267Q,849.0,3030.0,0.9152582275533137,0.03978619033559526
S267R,735.0,1616.0,0.2163894663568362,0.04532549346844201
S267T,1176.0,2111.0,-0.07617779093140165,0.037404630769734555
S267V,675.0,733.0,-0.8012868708210981,0.054044093123501995
S267W,1164.0,984.0,-1.1625694461841283,0.04416350962713807
S267Y,702.0,1475.0,0.15095037287564317,0.04666378935735175
S267_,1041.0,114.0,-4.110962527005239,0.09902945314080545
S275A,1087.0,1804.0,-0.18936875263713748,0.03936168174310638
S275C,946.0,1726.0,-0.05269739181772426,0.041370385500579476
S275D,794.0,235.0,-2.6766459062955947,0.07476385931929272
S275E,850.0,126.0,-3.674152461086617,0.09585093349349372
S275F,1012.0,729.0,-1.3934239120985925,0.049344933107722484
S275G,1341.0,485.0,-2.387444473000808,0.053689722963237214
S275H,1584.0,7892.0,1.3966004649542438,0.028863232274293205
S275I,1503.0,212.0,-3.745861263884203,0.07387257143582651
S275K,1344.0,857.0,-1.5693708046562924,0.04456406859957805
S275L,1655.0,893.0,-1.8103025740699947,0.0424158088954314
S275M,838.0,791.0,-1.0034824021365463,0.050324708666926156
S275N,1096.0,1632.0,-0.3458219400303406,0.040002604626367115
S275P,877.0,434.0,-1.935075884652254,0.059324521307938624
S275Q,1993.0,896.0,-2.0735730859985355,0.04114461326326209
S275R,1563.0,126.0,-4.5529277505432635,0.09300933219934378
S275T,2677.0,1001.0,-2.339377017393501,0.03804745335603367
S275V,1270.0,156.0,-3.945340320910179,0.08527782535135756
S275W,794.0,501.0,-1.5845286536167444,0.05771017869867272
S275Y,1521.0,352.0,-3.0315521949996165,0.05977752803552655
S275_,972.0,90.0,-4.353024835038707,0.11051578746724004
S279A,1981.0,407.0,-3.203310892489696,0.05510718372948772
S279C,960.0,179.0,-3.343220126943759,0.08187186642103281
S279D,999.0,134.0,-3.8183693347037533,0.09240231204888477
S279E,1151.0,1538.0,-0.5020463599309837,0.039925676106161996
S279F,1684.0,160.0,-4.315877605445378,0.08317750116638521
S279G,1265.0,466.0,-2.3609268466388205,0.05487668796437505
S279H,996.0,80.0,-4.558118872229477,0.11652257411445185
S279I,1270.0,100.0,-4.586834565193957,0.1042183384722849
S279K,1416.0,94.0,-4.8330842927025,0.10685711281852829
S279L,1260.0,135.0,-4.1425078847516446,0.09097015909177442
S279M,1062.0,93.0,-4.433478580013355,0.10848137817945483
S279N,1533.0,219.0,-3.727509333813064,0.07275561570912126
S279P,1397.0,133.0,-4.312946603573272,0.09115433506154509
S279Q,996.0,233.0,-3.015979231159136,0.0732852910552989
S279R,909.0,83.0,-4.373149991624495,0.11498654644901343
S279T,952.0,143.0,-3.6550715724134193,0.09009990976236253
S279V,783.0,70.0,-4.40360869672236,0.12504344548004864
S279W,1040.0,78.0,-4.657005392961491,0.11770924004036583
S279Y,807.0,73.0,-4.3866314414678405,0.12251923312890034
S279_,1434.0,142.0,-4.256201530973437,0.08839779085811206
S299A,955.0,123.0,-3.876951112588606,0.096185219372692
S299C,1126.0,149.0,-3.8379494580481373,0.08760203864715956
S299D,190.0,20.0,-4.167493151361249,0.23518707446169848
S299E,1324.0,277.0,-3.177114931133244,0.06663577029456752
S299F,879.0,91.0,-4.191993474399368,0.11045593520699325
S299G,1837.0,206.0,-4.0767840812467995,0.07398353022190864
S299H,554.0,48.0,-4.448716052198522,0.15069532882174447
S299I,1449.0,200.0,-3.7771343891281273,0.07592722155940156
S299K,1155.0,110.0,-4.312409641298905,0.10015459394656491
S299L,1109.0,879.0,-1.255531766954065,0.04598277078177189
S299M,1031.0,479.0,-2.026141521987949,0.055969888200795154
S299N,1208.0,315.0,-2.859373740454009,0.06385433981075223
S299P,1237.0,141.0,-4.053198656056873,0.08930376882132904
S299Q,1093.0,159.0,-3.7013280728903855,0.08531637567766037
S299R,551.0,41.0,-4.668241728835655,0.1620932207325078
S299T,1108.0,181.0,-3.5340404707555217,0.08063586164825937
S299V,624.0,77.0,-3.9386623231094777,0.12109059253681238
S299W,1186.0,100.0,-4.4881108826468,0.10448554881028738
S299Y,2318.0,171.0,-4.680945070162931,0.07971249822710397
S299_,1271.0,125.0,-4.266070846018608,0.09413396051079366
S318A,730.0,245.0,-2.495286469106553,0.07433960526134627
S318C,1225.0,402.0,-2.527701108116829,0.0581281926160474
S318D,1393.0,147.0,-4.1644302911357745,0.08715041528983802
S318E,630.0,68.0,-4.131766807281102,0.12792991453410263
S318F,1357.0,187.0,-3.7794549054324813,0.07848113451646477
S318G,1605.0,221.0,-3.7806096083441743,0.07226892705547525
S318H,2145.0,650.0,-2.64266143101033,0.0456037582010807
S318I,1144.0,120.0,-4.17308400834923,0.09634222220335607
S318K,954.0,88.0,-4.3584759024159165,0.11173906581404684
S318L,1075.0,87.0,-4.547235927339523,0.11179544870388163
S318M,902.0,126.0,-3.7598160748470635,0.09549649136623775
S318N,1279.0,153.0,-3.9835405711416323,0.08597931070358167
S318P,1456.0,146.0,-4.238092054401022,0.08723944657246724
S318Q,1034.0,172.0,-3.5078966687696784,0.08279970242626983
S318T,1292.0,187.0,-3.70864078957018,0.07871697432659562
S318V,1064.0,145.0,-3.795498287648986,0.08894370985485532
S318W,657.0,62.0,-4.325553410453466,0.1331298038324515
S318Y,314.0,57.0,-3.3817344733451264,0.14422364879942148
S318_,1367.0,106.0,-4.608962405690674,0.10119121747881274
S333A,4330.0,2528.0,-1.6965790622818466,0.026487374416011462
S333C,1570.0,787.0,-1.9165307517644674,0.04452681329891081
S333D,482.0,60.0,-3.9259991184465637,0.13716268335486273
S333E,1155.0,163.0,-3.7450838425425967,0.08411571160374857
S333F,899.0,223.0,-2.9314396357277817,0.07530939602863426
S333G,1094.0,1080.0,-0.9387921306377924,0.04376131143914375
S333H,1273.0,336.0,-2.8418785532386424,0.061941167929621975
S333I,1499.0,264.0,-3.425556402277536,0.06730459768402863
S333K,1159.0,124.0,-4.144575522481305,0.09487748806540695
S333L,888.0,209.0,-3.0072148297655117,0.0773669187537107
S333M,819.0,248.0,-2.6436936502978394,0.07299416683447091
S333N,1318.0,343.0,-2.862249650261303,0.06123032812950657
S333P,767.0,68.0,-4.415637466117923,0.1268169965219019
S333Q,1651.0,381.0,-3.035658966030684,0.05749225581190255
S333R,1050.0,113.0,-4.136091599388504,0.09937913727742924
S333T,1528.0,308.0,-3.230815764885228,0.06305680307437155
S333V,1089.0,245.0,-3.0723155390731964,0.07123761559080134
S333W,2249.0,3524.0,-0.2722829336061623,0.028345622675862932
S333Y,1297.0,538.0,-2.189695585173325,0.05200742436258573
S333_,818.0,104.0,-3.8956071133848704,0.10446054609256582
S337A,938.0,2794.0,0.6544511001282176,0.03871771997841041
S337C,1165.0,160.0,-3.784319238468642,0.08475280366635256
S337D,994.0,104.0,-4.176748999216129,0.10341930595142183
S337E,1738.0,181.0,-4.18350595173431,0.078581129643095
S337F,2031.0,175.0,-4.45689895429947,0.07925523117532424
S337G,817.0,1793.0,0.21374701678426256,0.04309017520725323
S337H,2808.0,219.0,-4.60069029935669,0.07069082146510874
S337I,536.0,70.0,-3.856837880483904,0.12737494728210547
S337K,750.0,62.0,-4.5165479126585035,0.1324190823697914
S337L,1351.0,137.0,-4.221896128522646,0.09007769362482043
S337M,1768.0,175.0,-4.256828046056059,0.07971595487739969
S337N,875.0,90.0,-4.2013531835365026,0.1110305694898704
S337P,1801.0,169.0,-4.333836551920584,0.08091427721548404
S337Q,1148.0,105.0,-4.37074745884102,0.10231833526515957
S337R,1067.0,115.0,-4.1339533604102945,0.09852492595465559
S337T,2389.0,407.0,-3.4734876223094693,0.05431935307904039
S337V,1563.0,174.0,-4.087295762131861,0.0803844134916449
S337W,730.0,90.0,-3.939969905545487,0.11204814825855866
S337Y,1859.0,139.0,-4.661484831337091,0.08835561323613367
S337_,1364.0,119.0,-4.438910388678305,0.09597319570166644
S366A,1006.0,536.0,-1.8285237003217807,0.05417314222511844
S366C,1594.0,607.0,-2.313079366899774,0.04847509209058636
S366D,2060.0,205.0,-4.24909602811219,0.07374491151473031
S366E,1277.0,117.0,-4.368276961450975,0.09697640908544983
S366F,858.0,82.0,-4.307333595559951,0.11590594938739947
S366G,910.0,480.0,-1.843028813189985,0.05707228358626873
S366H,1467.0,140.0,-4.309487802892821,0.08887672465862083
S366I,901.0,98.0,-4.120753133335303,0.10671444466632149
S366K,1361.0,137.0,-4.2325354422392305,0.0900475006671656
S366L,1239.0,156.0,-3.909688295613287,0.08539325564553045
S366M,788.0,100.0,-3.8982805514285905,0.1065039254101539
S366N,1598.0,179.0,-4.078375224369065,0.07929139301937796
S366P,1987.0,176.0,-4.4170807061246595,0.0791190918747139
S366Q,731.0,80.0,-4.11184978707186,0.11807402185402696
S366R,1250.0,151.0,-3.9694345180256185,0.08658601623371008
S366T,1432.0,412.0,-2.7175011841284316,0.0565730616116466
S366V,777.0,127.0,-3.53320195129872,0.09610123369755535
S366W,572.0,80.0,-3.757999013843337,0.11967341174766674
S366Y,772.0,82.0,-4.15495866843752,0.11646467932584868
S366_,1438.0,132.0,-4.365565458598159,0.0913545606603746
S38A,511.0,827.0,-0.22565762529483813,0.056931104744503296
S38C,419.0,352.0,-1.1715791372828317,0.0728180806573526
S38D,867.0,265.0,-2.630212709302892,0.0707241001707508
S38E,814.0,2500.0,0.6986045667928895,0.041274097635617915
S38F,1060.0,587.0,-1.7728317652294354,0.05217281300770198
S38G,694.0,997.0,-0.3975593516958531,0.05018931155075302
S38H,516.0,1498.0,0.617365449034569,0.051774181057161923
S38I,824.0,372.0,-2.06753131864191,0.06306142946750774
S38K,607.0,2006.0,0.8043257329640046,0.047127358489720446
S38L,708.0,281.0,-2.2533591420612646,0.07103568292947514
S38M,1017.0,1167.0,-0.7217278173414501,0.043763361231647556
S38N,755.0,1706.0,0.25584756941713405,0.04456136670795962
S38P,1468.0,509.0,-2.448306766762895,0.05216185209440442
S38Q,1278.0,4316.0,0.8355882067131408,0.033003462969301504
S38R,488.0,1159.0,0.32769952218535625,0.05465354756699506
S38T,836.0,628.0,-1.3329435433771923,0.05351220302036056
S38V,858.0,403.0,-2.0103897009023664,0.06100723061714242
S38W,755.0,1410.0,-0.019073139341388767,0.04592131526598752
S38Y,671.0,1544.0,0.282065048564899,0.0470427630341446
S38_,561.0,47.0,-4.497197777291223,0.15208430488439864
S50A,313.0,634.0,0.09808597087108328,0.0696212244682448
S50C,561.0,499.0,-1.0891686359384014,0.062141241346930325
S50D,777.0,310.0,-2.2458292885601354,0.06773295888474372
S50E,369.0,52.0,-3.747009845977237,0.1483647261847104
S50F,865.0,646.0,-1.3413711895629223,0.05271703948686979
S50G,715.0,195.0,-2.7946261887054593,0.08125017288549542
S50H,335.0,431.0,-0.5566936941638989,0.07334973691431815
S50I,644.0,215.0,-2.502890205755178,0.07923877829955826
S50K,667.0,287.0,-2.1368182625549057,0.07112308804847195
S50L,559.0,239.0,-2.1460139864247108,0.07776804435078383
S50M,659.0,419.0,-1.5735265577181732,0.06307988698230166
S50N,720.0,1121.0,-0.28150057700022124,0.048538530062221495
S50P,1084.0,146.0,-3.8124498559038926,0.08857998240847857
S50Q,733.0,567.0,-1.2906695768268053,0.05659453854595233
S50R,846.0,98.0,-4.02988473160904,0.10705197910470607
S50T,797.0,792.0,-0.9292900554762191,0.050915285733358656
S50V,968.0,409.0,-2.1630967106855836,0.05960739698417756
S50W,503.0,1010.0,0.08549971450587801,0.05525565901523865
S50Y,88.0,31.0,-2.4251448069449664,0.20900974578148923
S50_,624.0,57.0,-4.372493118272992,0.1386303983217398
S55A,331.0,76.0,-3.0428245386923987,0.12748445798381372
S55C,1497.0,186.0,-3.9288426458365953,0.07822480335330151
S55D,1079.0,136.0,-3.908134478066997,0.09140154609186582
S55E,282.0,24.0,-4.474249888276155,0.2127683081017249
S55F,486.0,45.0,-4.352879404614201,0.15604461694892657
S55G,1494.0,481.0,-2.555261888073576,0.0531353462315991
S55H,520.0,44.0,-4.4828469661187675,0.15722663626851818
S55I,796.0,56.0,-4.7492410974082295,0.1385109630132325
S55K,779.0,81.0,-4.185680811228016,0.11705939607997613
S55L,662.0,69.0,-4.182186547594301,0.12679223685897031
S55M,482.0,46.0,-4.309254591864837,0.15454487347479198
S55N,834.0,74.0,-4.414483436437591,0.12159679518575926
S55P,619.0,56.0,-4.386417258561445,0.13980165963635863
S55Q,1226.0,102.0,-4.50739913125168,0.10341025638373154
S55R,1204.0,100.0,-4.509842083002573,0.10442521048490168
S55T,1306.0,118.0,-4.388395797542043,0.09651225656833193
S55V,1045.0,103.0,-4.262871320573897,0.1036329609757396
S55W,676.0,57.0,-4.487968557250115,0.13818508232132154
S55Y,653.0,73.0,-4.081149975755183,0.12370606527276938
S55_,851.0,83.0,-4.278029910809673,0.11531210811969489
S79A,425.0,1031.0,0.358278758229746,0.058291295325345376
S79C,422.0,224.0,-1.833924924581285,0.08311898169676699
S79D,611.0,116.0,-3.3171576974678985,0.10164471250583582
S79E,430.0,289.0,-1.4934616742076443,0.0765550899590927
S79F,607.0,466.0,-1.3015702460866008,0.06219616237886408
S79G,440.0,1248.0,0.5838104013551266,0.056116110439935384
S79H,1273.0,985.0,-1.2902443518113214,0.04331078967612474
S79I,838.0,140.0,-3.5016484624588333,0.09170995996537026
S79K,846.0,93.0,-4.1054278507261275,0.10958383921677008
S79L,646.0,164.0,-2.8979835919571286,0.08786477934126008
S79M,644.0,224.0,-2.443730829230474,0.07805077798147543
S79N,320.0,70.0,-3.112694952727918,0.13222572634244492
S79P,157.0,415.0,0.4820787763407264,0.0940939327087049
S79Q,1015.0,650.0,-1.5631709985348596,0.05097760721763797
S79R,335.0,30.0,-4.4008998122439245,0.19074139049143515
S79T,297.0,78.0,-2.848991403505644,0.12751794375113962
S79V,499.0,185.0,-2.3516763506888845,0.08651096862578798
S79W,435.0,350.0,-1.2338633004978279,0.07232513777867351
S79Y,526.0,414.0,-1.2656354877506928,0.06626893491690859
S79_,494.0,49.0,-4.253603069848613,0.15001105393996375
S81A,288.0,1278.0,1.229497439604459,0.06579996012995294
S81C,827.0,522.0,-1.584038205688012,0.05656778176874689
S81D,299.0,335.0,-0.7562004496770323,0.08002763194943566
S81E,637.0,1513.0,0.3278227213188343,0.0480191090294376
S81F,453.0,158.0,-2.43973790800848,0.09279674973132887
S81G,570.0,1803.0,0.7411373879356411,0.04882673325112751
S81H,253.0,18.0,-4.732535196796745,0.244033169963592
S81I,433.0,53.0,-3.9502747732776093,0.14576984358962924
S81K,900.0,102.0,-4.061441321185516,0.10482903156441278
S81L,417.0,46.0,-4.1002734945461965,0.15558758366689407
S81M,412.0,86.0,-3.1803139192827334,0.11886440680892373
S81N,720.0,308.0,-2.1452506287805537,0.06863369459847499
S81P,375.0,232.0,-1.6129529536610647,0.08397512251503256
S81Q,396.0,169.0,-2.14863912682696,0.0922879461966035
S81R,805.0,95.0,-4.00306630743507,0.10882322851984616
S81T,554.0,166.0,-2.6588527450132995,0.08890344019851791
S81V,712.0,189.0,-2.8336458139637077,0.08228162986837124
S81W,1124.0,142.0,-3.9048013172006986,0.08947902559745358
S81Y,440.0,47.0,-4.146707602098212,0.15368738397308884
S81_,536.0,50.0,-4.3421822820676015,0.1481104460666697
S92A,1653.0,16335.0,2.384589104672603,0.02722575660028149
S92C,343.0,470.0,-0.46577006060347514,0.07154053259584384
S92D,770.0,2652.0,0.8639262525275484,0.041842843072711966
S92E,1087.0,1350.0,-0.6076059945426993,0.04166241220973631
S92F,593.0,722.0,-0.6362484902606029,0.056092790722577134
S92G,528.0,839.0,-0.2520881229618839,0.05622144636087173
S92H,344.0,360.0,-0.8546243981080259,0.07589242030681335
S92I,2522.0,2145.0,-1.1538004983764312,0.03062309627493463
S92K,525.0,317.0,-1.6480274277326608,0.07165379854285227
S92L,521.0,570.0,-0.7905347094685675,0.06122720590292458
S92M,632.0,793.0,-0.5928192028262433,0.054021645573808376
S92N,356.0,371.0,-0.8606705686248155,0.07469485658411655
S92P,422.0,525.0,-0.6051431590325933,0.06595001378216782
S92Q,363.0,491.0,-0.48446776014832516,0.06975980251011725
S92R,412.0,106.0,-2.8786898680203077,0.10924863617438929
S92T,303.0,374.0,-0.6164994381208286,0.07777540109424953
S92V,492.0,805.0,-0.20989180938448992,0.05787716481723465
S92W,454.0,443.0,-0.9555956855393228,0.06734201247506058
S92Y,304.0,403.0,-0.5135140186100635,0.07645757050313606
S92_,546.0,55.0,-4.23137244163488,0.14172172693294968
S97A,693.0,554.0,-1.2431750286978795,0.05764606482555592
S97C,349.0,65.0,-3.3447456903856123,0.13536086176585657
S97D,470.0,56.0,-3.98914599454649,0.14162145161001546
S97E,555.0,93.0,-3.4972669000826198,0.1123760118081563
S97F,622.0,66.0,-4.156392147281712,0.12973811162857665
S97G,397.0,255.0,-1.5588324004265859,0.08071746828706299
S97H,1406.0,228.0,-3.5446487269910234,0.071917116514219
S97I,630.0,92.0,-3.6957230317548673,0.11194072924030252
S97K,519.0,35.0,-4.810134244870115,0.17482871442166192
S97L,556.0,41.0,-4.681274057531709,0.1620428706101523
S97M,480.0,50.0,-4.182986827350775,0.1488433986792628
S97N,354.0,68.0,-3.300182192758869,0.1326784292992304
S97P,443.0,57.0,-3.878263234150099,0.1409721047107451
S97Q,675.0,103.0,-3.6323353530172753,0.1061335078695735
S97R,353.0,27.0,-4.62835438334746,0.19982785650329526
S97T,373.0,362.0,-0.9633956337425822,0.07428535861002816
S97V,540.0,149.0,-2.7777878468361203,0.09293999760097264
S97W,557.0,57.0,-4.208627197758393,0.13932389896509034
S97Y,450.0,80.0,-3.411915706094762,0.12163748244264924
S97_,498.0,48.0,-4.294978746514793,0.15136727640437794
T113A,709.0,217.0,-2.6282553266904873,0.07806129974850272
T113C,710.0,291.0,-2.2069814905332796,0.07014132517223298
T113D,296.0,53.0,-3.4015203448464417,0.14939108427558245
T113E,531.0,79.0,-3.6688427395426553,0.12089208430999868
T113F,545.0,250.0,-2.0445077754219776,0.07687480292158817
T113G,878.0,277.0,-2.5845101889271245,0.06945490458034649
T113H,345.0,397.0,-0.7176737075378119,0.0741104685675798
T113I,713.0,287.0,-2.233032182375693,0.07043983695056663
T113K,386.0,36.0,-4.342379593729088,0.1744584103195188
T113L,619.0,333.0,-1.8146080911379139,0.06850884768820559
T113M,765.0,324.0,-2.1596511422347566,0.06684731520797017
T113N,409.0,198.0,-1.9667737004438273,0.08700715248379894
T113P,369.0,340.0,-1.0382936110779166,0.07567106598184478
T113Q,198.0,144.0,-1.3796151723477212,0.10986026948498735
T113R,736.0,72.0,-4.273667071760192,0.12377683117370769
T113S,484.0,214.0,-2.0975695200747664,0.08254585671550924
T113V,220.0,149.0,-1.482370822539461,0.10644845484275482
T113W,583.0,294.0,-1.9078662796236259,0.07205239690707949
T113Y,489.0,581.0,-0.6715118490273593,0.06197705484509924
T113_,493.0,53.0,-4.13749134001567,0.14480258366477902
T184A,1250.0,2264.0,-0.06327018175938193,0.03628711012568554
T184C,779.0,1528.0,0.05172935610838003,0.044868620959174606
T184D,717.0,1520.0,0.1638047940416305,0.04612632323919195
T184E,492.0,1657.0,0.8316118899114224,0.05206767013602907
T184F,619.0,981.0,-0.25590574921832765,0.05205676696612099
T184G,778.0,1376.0,-0.09758052498024394,0.04568518388221579
T184H,443.0,924.0,0.14035832440582752,0.058434504852780615
T184I,827.0,1702.0,0.12105195830095994,0.043264100989393685
T184K,971.0,1733.0,-0.08448895503388609,0.041011618179619756
T184L,1639.0,1890.0,-0.7146416648070009,0.03484664593762022
T184M,220.0,417.0,0.0023020051100859362,0.08377552488985217
T184N,862.0,1588.0,-0.03876738933920265,0.04318408161523662
T184P,601.0,1207.0,0.08576585217775179,0.05066977378212464
T184Q,604.0,1149.0,0.007536138035747264,0.05099983109924201
T184R,474.0,856.0,-0.06750072080620928,0.05790455409198266
T184S,889.0,1275.0,-0.3999738659136023,0.04454459465282111
T184V,606.0,1128.0,-0.023844523775131243,0.05110500317093661
T184W,1029.0,1841.0,-0.08097041522372539,0.03987548815339749
T184Y,727.0,1159.0,-0.24736497541330138,0.04809749289290589
T184_,389.0,79.0,-3.219910951381813,0.12370254786014884
T185A,776.0,1839.0,0.32457130004833346,0.043674713735776305
T185C,520.0,842.0,-0.22491287562856055,0.05644236787883486
T185D,671.0,1296.0,0.02945980219513533,0.048342076283465
T185E,459.0,972.0,0.16223469589357187,0.05729279511873344
T185F,779.0,1065.0,-0.46905765213603345,0.04793438731914272
T185G,664.0,1352.0,0.10561807270425927,0.04817372223986168
T185H,264.0,422.0,-0.2435262663160076,0.07894563956705035
T185I,867.0,1294.0,-0.34248264798755557,0.04473530360121574
T185K,341.0,636.0,-0.02097547302748115,0.06767447262433782
T185L,663.0,1073.0,-0.2256498897685688,0.050152739102637046
T185M,923.0,1370.0,-0.3504426354712278,0.04345572642578484
T185N,479.0,728.0,-0.3163083828555102,0.059466908389791726
T185P,1023.0,1612.0,-0.26417042988741635,0.04090131656311226
T185Q,1213.0,2099.0,-0.1290932799990614,0.03709281848218355
T185R,1188.0,1663.0,-0.4349610119718115,0.03896318326307621
T185S,1069.0,4309.0,1.090870221960663,0.03525029661574575
T185V,2226.0,5922.0,0.49141597705863616,0.026327978750947053
T185W,954.0,1010.0,-0.8379175926795206,0.04597132636749381
T185Y,426.0,464.0,-0.7969422743925634,0.06765763300745044
T185_,444.0,23.0,-5.1904701565078835,0.21397811481399354
T197A,1295.0,1560.0,-0.6516188371095462,0.03857827031262444
T197C,736.0,890.0,-0.6461146977808117,0.0505700175209716
T197D,696.0,2199.0,0.7394633496085685,0.04434611208729733
T197E,1057.0,2117.0,0.08182818268105407,0.038645772958180516
T197F,710.0,411.0,-1.708876724415135,0.06258217232379863
T197G,772.0,1439.0,-0.02182569836484305,0.04544566878550331
T197H,502.0,917.0,-0.050989512171450535,0.05619216528425174
T197I,787.0,859.0,-0.7939179167150785,0.05009819643527681
T197K,577.0,645.0,-0.759485670148373,0.05795258731470354
T197L,1093.0,688.0,-1.5880160369043343,0.049431149671881544
T197M,624.0,621.0,-0.9271635247936949,0.0573400823826547
T197N,561.0,1267.0,0.2551186430868295,0.05144731064943298
T197P,716.0,1537.0,0.18186403375798577,0.04606852495981548
T197Q,644.0,1035.0,-0.23572116447722724,0.05093144174930456
T197R,1492.0,14140.0,2.324243154387782,0.028566146075183575
T197S,439.0,591.0,-0.49128213716073077,0.0635998253722507
T197V,619.0,1085.0,-0.11053715773502315,0.051109684775251865
T197W,796.0,476.0,-1.662005548871937,0.05858437014817473
T197Y,1264.0,4594.0,0.9415352440641902,0.032922246815368005
T197_,703.0,68.0,-4.289937290058682,0.12728409764335744
T206A,900.0,1137.0,-0.582978869467194,0.045449588614321024
T206C,567.0,743.0,-0.5302034273476943,0.05643209043454529
T206D,549.0,111.0,-3.22635366018352,0.10442568891689862
T206E,555.0,105.0,-3.3221979206986205,0.10676955800831146
T206F,376.0,1563.0,1.135273196706832,0.05808925466778109
T206G,884.0,420.0,-1.9938498880811446,0.05989299804676542
T206H,587.0,450.0,-1.3036388954198825,0.06325178203976173
T206I,659.0,393.0,-1.665945211280154,0.06431919443815311
T206K,509.0,285.0,-1.7568923363100728,0.07448700130535793
T206L,806.0,245.0,-2.6381679803878937,0.07346572029008584
T206M,755.0,675.0,-1.0817977534312444,0.053675058466921305
T206N,566.0,125.0,-3.0989949121109106,0.09920272117167646
T206P,663.0,769.0,-0.7062391473926066,0.05370021120008253
T206Q,711.0,314.0,-2.0992702225257522,0.06830906626308052
T206R,996.0,274.0,-2.782142557623426,0.0687646306320936
T206S,780.0,811.0,-0.8639837923671649,0.050893338106884976
T206V,718.0,449.0,-1.5974672370943104,0.06078590915807316
T206W,907.0,401.0,-2.0976911190733434,0.06059120129777805
T206Y,959.0,1045.0,-0.7963118919287453,0.045549283586832495
T206_,709.0,79.0,-4.085909685000267,0.11892060244197629
T211A,991.0,1435.0,-0.38612160577469723,0.04220186497886335
T211C,1071.0,1367.0,-0.5681590297722456,0.04171676211352473
T211D,345.0,37.0,-4.140862013623062,0.1731856163456282
T211E,813.0,82.0,-4.229612230823227,0.11618390031614147
T211F,791.0,91.0,-4.039809829669321,0.11102736895893797
T211G,512.0,253.0,-1.9371884561170534,0.077334121841341
T211H,681.0,81.0,-3.9917149462573054,0.11784578422825058
T211I,419.0,114.0,-2.7980351801814267,0.10598492774723982
T211K,499.0,42.0,-4.490474911901542,0.1608816045424652
T211L,554.0,111.0,-3.2394332500603458,0.10434694834440655
T211M,453.0,97.0,-3.1435483971402682,0.1122084624081396
T211N,974.0,233.0,-2.9837555883441818,0.07343984889322926
T211P,1085.0,109.0,-4.235386823791494,0.10084734708765626
T211Q,520.0,276.0,-1.8340297053478931,0.07497442014610574
T211R,884.0,82.0,-4.350401822909649,0.1157579822070192
T211S,1213.0,2068.0,-0.15055915794450758,0.03718896028394172
T211V,984.0,6493.0,1.8019316733079296,0.0352892081193946
T211W,903.0,81.0,-4.398780927533233,0.11630403729064612
T211Y,570.0,104.0,-3.374475862961634,0.10697608112988607
T211_,2986.0,150.0,-5.235299290539137,0.0841200565357442
T223A,724.0,669.0,-1.0341927240855915,0.05432318988546186
T223C,868.0,1406.0,-0.2243875890758913,0.04402680494900057
T223D,1114.0,131.0,-4.00822421698057,0.09276707240965866
T223E,436.0,100.0,-3.044427837508948,0.11120967618396556
T223F,1135.0,154.0,-3.8018199497837184,0.08630875372686772
T223G,788.0,337.0,-2.145633413005835,0.06566092467093448
T223H,509.0,596.0,-0.6925683388010171,0.06097121240147106
T223I,893.0,578.0,-1.5477927540652505,0.0540827954350508
T223K,817.0,88.0,-4.134825250383785,0.11252282885655868
T223L,916.0,172.0,-3.333081783915789,0.08354862790799653
T223M,1039.0,1720.0,-0.19300346277101355,0.040235720598373804
T223N,309.0,929.0,0.6678297236971105,0.06623913120118491
T223P,569.0,89.0,-3.5966255504202165,0.11431184404119099
T223Q,1005.0,1112.0,-0.7742509704694696,0.044377404865835746
T223R,1816.0,121.0,-4.827784844123413,0.09428416734899896
T223S,593.0,384.0,-1.5471234285198445,0.06607176140022299
T223V,1450.0,733.0,-1.9043689402703183,0.046140599083810685
T223W,421.0,550.0,-0.5346075277991851,0.06533342064461126
T223Y,892.0,291.0,-2.5362020301767325,0.06806201800528387
T223_,683.0,62.0,-4.381544782519294,0.1329120206256168
T229A,739.0,613.0,-1.1898941536246026,0.05531295526337295
T229C,1469.0,1118.0,-1.3141220002627354,0.04062318970173082
T229D,1929.0,242.0,-3.914932931309715,0.06874247513815462
T229E,1041.0,257.0,-2.938298403720765,0.07018953876216091
T229F,931.0,1550.0,-0.18480192166288933,0.04235948590457168
T229G,738.0,229.0,-2.6084406439778567,0.07613595296423332
T229H,207.0,51.0,-2.9410593314478,0.15655590159086621
T229I,2077.0,1612.0,-1.2858583445003169,0.03430556043534712
T229K,1443.0,177.0,-3.947389402209694,0.08010905584704783
T229L,527.0,180.0,-2.4699641590085912,0.08676295713616422
T229M,367.0,302.0,-1.2014339287475853,0.07817248002841946
T229N,840.0,117.0,-3.763985546763738,0.09905456432337037
T229P,1058.0,180.0,-3.4754151801222015,0.08108935923030346
T229Q,640.0,253.0,-2.259110915575973,0.07476600252466327
T229R,670.0,73.0,-4.118227518985103,0.12354891948340195
T229S,1099.0,210.0,-3.3078854582801007,0.0758066912769765
T229V,449.0,861.0,0.019071541821990223,0.058852486659692456
T229W,901.0,142.0,-3.585761469550035,0.09070110152072693
T229Y,588.0,456.0,-1.2869861042321977,0.06299724052714895
T229_,507.0,45.0,-4.41390760847688,0.15577130458563712
T245A,825.0,1861.0,0.253391420214081,0.042714350572069064
T245C,1091.0,785.0,-1.395092263764373,0.04759745376197145
T245D,1436.0,267.0,-3.3473109920545716,0.0672057933737458
T245E,788.0,1229.0,-0.2790000643978141,0.046451577555283834
T245F,1239.0,248.0,-3.240928509561691,0.07010176935742052
T245G,853.0,523.0,-1.6259349992754295,0.05620849694460107
T245H,1313.0,143.0,-4.118900843452835,0.08848272954257591
T245I,1124.0,1020.0,-1.0602824505119086,0.044103525306218874
T245K,1294.0,145.0,-4.077835344108623,0.08799962662823385
T245L,2657.0,1506.0,-1.7392831838227094,0.033398139444571734
T245M,1146.0,1177.0,-0.8817039311270465,0.042394218798016345
T245N,717.0,88.0,-3.9464647537314743,0.11327882624302522
T245P,1308.0,533.0,-2.215349941121585,0.05211261033882759
T245Q,870.0,1752.0,0.08969624495450024,0.04237041034364023
T245R,2512.0,157.0,-4.920124730565286,0.08271744234310496
T245S,1610.0,3563.0,0.22581600757519826,0.0312544769453966
T245V,1297.0,1404.0,-0.8058472675000163,0.03947551541122447
T245W,831.0,139.0,-3.499888043458208,0.09204427533909865
T245Y,1354.0,205.0,-3.643683081279659,0.07544152981121312
T245_,1252.0,115.0,-4.364625748618476,0.09781962155056707
T270A,985.0,1715.0,-0.12020416350942043,0.04090686614483979
T270C,1229.0,1549.0,-0.5863610724597992,0.03917018321543946
T270D,993.0,2113.0,0.1692085676807107,0.039438107587280266
T270E,6830.0,30330.0,1.2305755018686473,0.015951486272645508
T270F,909.0,1126.0,-0.6113593065905745,0.045423078801549506
T270G,708.0,1005.0,-0.414842661659784,0.04982460238993277
T270H,734.0,1487.0,0.09833185027456892,0.04593404284466923
T270I,1397.0,841.0,-1.6523583636359938,0.04449637729321145
T270K,1126.0,2660.0,0.3200011536121177,0.036593669062005375
T270L,985.0,994.0,-0.9070888812371569,0.04578548694754822
T270M,817.0,2571.0,0.7336987039135452,0.041085204484090365
T270N,1710.0,4481.0,0.4696083083284903,0.029715694087287157
T270P,653.0,2442.0,0.9826812422595785,0.04489916979788305
T270Q,594.0,1427.0,0.3442254451934845,0.04959138915641629
T270R,1179.0,1949.0,-0.195045337897505,0.037898770770511445
T270S,699.0,1019.0,-0.37642766643762027,0.049869890071402675
T270V,1374.0,2291.0,-0.18261962406590326,0.03520443225277004
T270W,1028.0,1545.0,-0.3324489983720751,0.04117116447320185
T270Y,1274.0,3580.0,0.5703761398301501,0.03375379420228098
T270_,1299.0,123.0,-4.320775904592754,0.09473280311442958
T294A,807.0,1408.0,-0.1172117512559323,0.04499367561887081
T294C,682.0,737.0,-0.8083195743965454,0.053834509865741446
T294D,1157.0,2480.0,0.17973372841178037,0.03664133655557667
T294E,1173.0,3648.0,0.7166834959074224,0.03466549157212128
T294F,2008.0,7818.0,1.0408241001279945,0.026476062299736345
T294G,1206.0,2795.0,0.2924006990834931,0.03552502769939407
T294H,1145.0,1696.0,-0.3534263977327443,0.03921786049668394
T294I,984.0,655.0,-1.507366920506044,0.05116649961543526
T294K,2599.0,14211.0,1.530764127233108,0.02302599540631133
T294L,1048.0,1007.0,-0.977785348887914,0.04496993179383383
T294M,742.0,1044.0,-0.4275858802389587,0.04879141894219231
T294N,264.0,447.0,-0.16049634582526817,0.07810178186698974
T294P,884.0,1099.0,-0.6061409569873533,0.04600201462986384
T294Q,1409.0,1937.0,-0.46106132458225835,0.0360699925975005
T294R,962.0,472.0,-1.9474453417525854,0.0568608478243522
T294S,945.0,2105.0,0.235214710112281,0.040103785172203935
T294V,997.0,768.0,-1.296693754838084,0.04878659595984592
T294W,1708.0,1818.0,-0.8301671623409717,0.03479360925276014
T294Y,1373.0,3358.0,0.37005351766148653,0.03318416541672452
T294_,767.0,63.0,-4.525803548265001,0.1313366944620346
T314A,724.0,1679.0,0.29331841798238223,0.04529737364104318
T314C,1016.0,1546.0,-0.3145758266114731,0.04130538980211697
T314D,2056.0,214.0,-4.18430804153536,0.07234724876025227
T314E,1836.0,223.0,-3.961604483735362,0.07144109317300106
T314F,1896.0,1618.0,-1.1489569249353195,0.034936129285250056
T314G,1785.0,882.0,-1.9372761145090562,0.042060213310555615
T314H,1220.0,1154.0,-1.0004481233310276,0.04196755448135789
T314I,1503.0,2916.0,0.03593018333697806,0.03291401706200657
T314K,695.0,75.0,-4.132089764493208,0.12184190826622086
T314L,1381.0,2977.0,0.18792942556356929,0.0336909753772119
T314M,788.0,2113.0,0.5028028761339858,0.04263032435622714
T314N,922.0,414.0,-2.075327658852851,0.05979175635778312
T314P,1435.0,334.0,-3.0233084647037547,0.061366507087212745
T314Q,2132.0,12156.0,1.5911727808919498,0.025027412690603587
T314R,961.0,98.0,-4.213761458588037,0.10638928049141179
T314S,1323.0,1055.0,-1.2467781684391364,0.04217555096000487
T314V,1592.0,3213.0,0.09286519713360164,0.031850243228417514
T314W,585.0,379.0,-1.5464362480540519,0.06650482613859536
T314Y,487.0,643.0,-0.5193210976574969,0.060692654359670126
T314_,1773.0,153.0,-4.454713700340298,0.08470300918284016
T334A,1799.0,2164.0,-0.6537069158891828,0.03306104886123428
T334C,1645.0,2638.0,-0.2388571964818409,0.032588943817026435
T334D,1461.0,136.0,-4.3453922954523625,0.09006622657689105
T334E,1263.0,223.0,-3.4218966290327435,0.07315005003027754
T334F,2620.0,31382.0,2.6620826598911678,0.022104522659745374
T334G,1351.0,914.0,-1.4839673744660726,0.04369592090576698
T334H,1249.0,191.0,-3.6292758283739177,0.07817306885751577
T334I,2876.0,2869.0,-0.9237265712729732,0.027772699260557036
T334K,1305.0,143.0,-4.110083801374698,0.08850910833283115
T334L,1190.0,985.0,-1.1929742965540537,0.04393875045528837
T334M,1253.0,2195.0,-0.11138129199401359,0.036451661372232304
T334N,1454.0,159.0,-4.113058664007905,0.08397459392719071
T334P,1328.0,125.0,-4.329361475166019,0.0939544199506021
T334Q,884.0,143.0,-3.548157534204166,0.0905471895080351
T334R,1288.0,109.0,-4.482822278912028,0.10012456447126951
T334S,1595.0,1563.0,-0.9494493363106469,0.03663076696098708
T334V,1554.0,725.0,-2.020133863964207,0.04580234078964089
T334W,2360.0,413.0,-3.4347552301124726,0.05403741756757459
T334Y,1437.0,296.0,-3.199563157392375,0.06441444114752191
T334_,859.0,79.0,-4.362778635689764,0.11788054608122503
T336A,1557.0,3631.0,0.3013818173117895,0.031507597459920995
T336C,1406.0,1126.0,-1.2405980912761505,0.04091931907898912
T336D,738.0,179.0,-2.963811057981413,0.08376360716292766
T336E,1063.0,381.0,-2.4004652762202756,0.06033568223291621
T336F,790.0,279.0,-2.421764960350737,0.07017816105681335
T336G,1177.0,1092.0,-1.0283513858674862,0.042900111684371
T336H,1498.0,10859.0,1.9375625452219503,0.028891318961358773
T336I,317.0,124.0,-2.2742827640776495,0.10627044292096761
T336K,798.0,84.0,-4.167984728869773,0.11502838157538432
T336L,1302.0,492.0,-2.324191861460475,0.05362451743320898
T336M,1215.0,901.0,-1.3515640404407385,0.044810385937647586
T336N,1191.0,1193.0,-0.9177902663175228,0.04186772089691286
T336P,1318.0,123.0,-4.341724684049634,0.09467421273108252
T336Q,651.0,1855.0,0.5904644787678857,0.04637048593259097
T336R,2463.0,630.0,-2.8871867276724816,0.04547911911309471
T336S,1670.0,5926.0,0.9069934434071678,0.029027797273914517
T336V,1494.0,967.0,-1.5477979665051564,0.042172522228116814
T336W,1294.0,752.0,-1.7032358905779668,0.0466650587159695
T336Y,1602.0,1622.0,-0.9023113150752451,0.0362739774262879
T336_,1141.0,113.0,-4.255999967309266,0.09899625019168616
T36A,1728.0,1608.0,-1.0240460637753301,0.03571629367175007
T36C,758.0,1085.0,-0.4027913228040978,0.048124431427738784
T36D,329.0,363.0,-0.7783330187100583,0.07661091920624327
T36E,930.0,843.0,-1.0619073599426399,0.04833786717800418
T36F,823.0,1601.0,0.03978957783460402,0.04375756370864236
T36G,465.0,1353.0,0.6206279796685621,0.05444860717986712
T36H,567.0,1065.0,-0.0107899834344245,0.052703531611787854
T36I,1373.0,2397.0,-0.1163170811723484,0.03493679758230167
T36K,663.0,1429.0,0.18770260100084357,0.047782053553369605
T36L,459.0,1275.0,0.5537001967796371,0.055117836918136195
T36M,295.0,410.0,-0.445315637418207,0.07683584518471918
T36N,749.0,2041.0,0.5260154897972287,0.04359031729766036
T36P,570.0,108.0,-3.3200332162572854,0.10529873591672462
T36Q,861.0,3200.0,0.9737636390086801,0.039357239729035494
T36R,3.0,3.0,-0.9202108758414997,0.8151851899057165
T36S,1048.0,1346.0,-0.5591742305287051,0.04209741676692752
T36V,1229.0,2717.0,0.22431234515648057,0.03545111103610045
T36W,760.0,1817.0,0.33726517731893324,0.0440589771056168
T36Y,508.0,813.0,-0.24179467455047643,0.05721476171228745
T36_,211.0,16.0,-4.640477034359517,0.2593745176156269
T60A,545.0,873.0,-0.24049539748039273,0.05527528895559738
T60C,1106.0,1597.0,-0.3902019591109003,0.040067289796241634
T60D,1192.0,1261.0,-0.8390274982357759,0.04131586690942098
T60E,741.0,671.0,-1.0633696208734422,0.05398950646314832
T60F,603.0,861.0,-0.4063628094945919,0.0538037227962705
T60G,1043.0,1553.0,-0.34589674637496337,0.04096023723764684
T60H,505.0,808.0,-0.24214968363848843,0.05738321926548443
T60I,955.0,1727.0,-0.06552218417114553,0.04124574518910873
T60K,2266.0,1857.0,-1.2073835194815632,0.03247877737949889
T60L,790.0,1282.0,-0.2217461807066181,0.04605321354523107
T60M,577.0,841.0,-0.3766842429785031,0.054746555323802924
T60N,653.0,815.0,-0.600498199768345,0.053229836802433095
T60P,290.0,147.0,-1.9003992290854628,0.10161437845586185
T60Q,375.0,501.0,-0.5023005433635257,0.06883044603149385
T60R,1505.0,884.0,-1.6878493540915054,0.04325185469294592
T60S,738.0,1057.0,-0.4019341202049196,0.048745529355476346
T60V,320.0,396.0,-0.6127910029318908,0.07566477188068092
T60W,384.0,469.0,-0.6317360729810968,0.06936365151214346
T60Y,622.0,788.0,-0.5789347125867783,0.05433026065147259
T60_,627.0,51.0,-4.539847322328119,0.14585587650189225
V108A,444.0,656.0,-0.357085238204335,0.06206154310591476
V108C,505.0,865.0,-0.14380602043337287,0.05666816925914618
V108D,840.0,112.0,-3.8269898399817244,0.10096188846920914
V108E,771.0,112.0,-3.703332909268493,0.10148813203458679
V108F,313.0,178.0,-1.7344613355581657,0.0942736158067
V108G,935.0,778.0,-1.1854039719223968,0.04929406049246827
V108H,497.0,673.0,-0.48285781395369565,0.059774246737320846
V108I,771.0,1159.0,-0.3321393389233114,0.047274432447557094
V108K,610.0,195.0,-2.5654956626225562,0.0827183543365448
V108L,634.0,1324.0,0.14212564201055766,0.04906740355785703
V108M,1055.0,6817.0,1.7716715498175137,0.03419966069048286
V108N,505.0,922.0,-0.05174043362031977,0.05603402843715961
V108P,505.0,47.0,-4.345483245997427,0.15273275739087372
V108Q,532.0,675.0,-0.5767553643759182,0.05861902463465939
V108R,682.0,73.0,-4.143837783794171,0.1234425964929583
V108S,432.0,509.0,-0.6835815838257497,0.06598807298674209
V108T,478.0,993.0,0.13455657069502092,0.05633926025881268
V108W,541.0,44.0,-4.539962859993179,0.15698907567089854
V108Y,507.0,56.0,-4.098468744915074,0.14107221177644927
V108_,746.0,62.0,-4.508833050670856,0.13244607364847447
V112A,658.0,182.0,-2.774302667887337,0.08419622293742421
V112C,650.0,128.0,-3.264416272747363,0.09708446922859637
V112D,327.0,39.0,-3.987629726529555,0.16960993414869513
V112E,367.0,817.0,0.23432348784291435,0.0634331397857044
V112F,455.0,73.0,-3.5599431433597992,0.12637078129039925
V112G,879.0,207.0,-3.0063899925758903,0.0777392731659715
V112H,662.0,1062.0,-0.23833844002130533,0.05027154780314137
V112I,391.0,1738.0,1.2319480974341825,0.05663847305507692
V112K,379.0,162.0,-2.14636392395707,0.09426546504729236
V112L,551.0,2053.0,0.9773793719563413,0.048754542170100584
V112M,596.0,1628.0,0.529490243608957,0.04865323871964093
V112N,340.0,255.0,-1.335234231536635,0.08329208493916393
V112P,455.0,48.0,-4.164702287278576,0.15199281053459307
V112Q,1850.0,2287.0,-0.6142812709353715,0.032447748003629207
V112R,657.0,40.0,-4.957693671254468,0.16306705678893468
V112S,722.0,188.0,-2.8614202957813717,0.08233440948334074
V112T,848.0,1123.0,-0.5149932840795381,0.04631157519329146
V112W,568.0,57.0,-4.23684029832484,0.13919907076909246
V112Y,1055.0,144.0,-3.79322664908638,0.08925742063312647
V112_,660.0,69.0,-4.177821421071223,0.12681028620039664
V119A,643.0,2779.0,1.1914470706772944,0.04461045551038194
V119C,545.0,1052.0,0.028582936326735364,0.05348323685309946
V119D,412.0,797.0,0.031707595976118164,0.0612934054849114
V119E,416.0,1397.0,0.8274413587315443,0.056521407086898776
V119F,732.0,1995.0,0.5262498397061082,0.04407288027099529
V119G,479.0,1174.0,0.37310614161418965,0.05490434581212887
V119H,251.0,847.0,0.8344232856935525,0.07238504837455573
V119I,242.0,341.0,-0.4254634912056652,0.08449610985922482
V119K,623.0,846.0,-0.47879147975138725,0.05349949903078042
V119L,334.0,941.0,0.574107882025297,0.06427812146976743
V119M,737.0,1652.0,0.24425544437207147,0.04513561237335388
V119N,836.0,1994.0,0.333869664623915,0.04210375919409245
V119P,426.0,74.0,-3.4453060505040725,0.12623041213131062
V119Q,505.0,1271.0,0.4113806444096486,0.05331042373671602
V119R,447.0,955.0,0.1749978578777256,0.057959144853023725
V119S,499.0,1259.0,0.4149382341153043,0.05360325850365952
V119T,326.0,597.0,-0.047371997034456825,0.06940800378054077
V119W,385.0,1114.0,0.6125834843301767,0.05974997693303141
V119Y,263.0,1107.0,1.1532678197825152,0.06914143190976497
V119_,414.0,39.0,-4.32796058737643,0.16770485949344904
V153A,172.0,368.0,0.17704165346990752,0.09276852672520552
V153C,470.0,836.0,-0.08938212862373796,0.05829956128366023
V153D,424.0,781.0,-0.03896814539848048,0.060941733471401645
V153E,435.0,830.0,0.011869276397916906,0.05982197831291131
V153F,841.0,2631.0,0.7252109960894098,0.040548677863389025
V153G,594.0,872.0,-0.3663534148831653,0.05390098126212922
V153H,531.0,1559.0,0.6336083708573179,0.05098728281961018
V153I,714.0,1754.0,0.37642991205055587,0.04522974004957015
V153K,274.0,456.0,-0.1853739590779293,0.07692530667840748
V153L,560.0,887.0,-0.2567130958764281,0.054663808899959934
V153M,959.0,1693.0,-0.1002381451245613,0.04133367342501722
V153N,618.0,1544.0,0.40076913298066597,0.048382099920430174
V153P,906.0,1071.0,-0.6788378043568786,0.04596199815027596
V153Q,420.0,1069.0,0.42756889042080726,0.05823578999585788
V153R,675.0,1141.0,-0.16288022051964912,0.04932486838510925
V153S,718.0,1999.0,0.5569989710399996,0.04436273756617862
V153T,554.0,1630.0,0.6366860168987207,0.04993577212635746
V153W,214.0,324.0,-0.32185074650147705,0.08851028156115287
V153Y,660.0,1710.0,0.45323409762420575,0.04663675652909534
V153_,685.0,73.0,-4.150169939974486,0.12341658385970403
V174A,795.0,4643.0,1.6258045998043542,0.03934831555286949
V174C,775.0,1782.0,0.281007726128089,0.04389232973305847
V174D,784.0,1132.0,-0.3902681341303831,0.047264626905536934
V174E,791.0,1544.0,0.04470338204325852,0.04457507508616753
V174F,1032.0,2563.0,0.3921712814115632,0.03787104048777188
V174G,862.0,1762.0,0.11123472528882417,0.042457974721559454
V174H,297.0,577.0,0.037873940393959415,0.07193767316168238
V174I,542.0,945.0,-0.11820074929765667,0.05457326148766138
V174K,458.0,936.0,0.11093396942333911,0.05767832951181376
V174L,929.0,1538.0,-0.19291202342571534,0.0424461082797189
V174M,836.0,1595.0,0.01176248879696562,0.043568105957032664
V174N,1302.0,2608.0,0.08199799645495398,0.03502204973855216
V174P,461.0,800.0,-0.12499088748466569,0.05911176970874591
V174Q,405.0,822.0,0.10098753933599625,0.06132431531847973
V174R,317.0,613.0,0.031171382343671894,0.06971969578243851
V174S,557.0,1540.0,0.5469537095847352,0.050196742292290715
V174T,798.0,1732.0,0.1977576535149259,0.04365257838874213
V174W,729.0,1732.0,0.32822587426258654,0.044990596429742714
V174Y,603.0,1410.0,0.30524068629549994,0.049422957402886165
V174_,574.0,71.0,-3.9351926346771515,0.12609409230955754
V175A,392.0,787.0,0.08528063403494013,0.06242318333041677
V175C,681.0,1332.0,0.04764614942722112,0.047898005514950465
V175D,592.0,604.0,-0.8912599863064523,0.05847930389131162
V175E,561.0,779.0,-0.446595514933791,0.05604682496546158
V175F,930.0,1292.0,-0.445911773582397,0.04386697700804393
V175G,721.0,1318.0,-0.049940733524115544,0.047124616704536756
V175H,574.0,996.0,-0.1251265194728628,0.053114993278921434
V175I,558.0,908.0,-0.21779366627352736,0.05448356298190974
V175K,801.0,1445.0,-0.06902355790960524,0.04489462325573716
V175L,572.0,1104.0,0.028430090268154018,0.052240565472419925
V175M,430.0,1033.0,0.34420122877925596,0.05803997546734015
V175N,850.0,2144.0,0.414549039780586,0.041448028682472736
V175P,1050.0,2681.0,0.4321626568727446,0.03742234948638474
V175Q,263.0,481.0,-0.04926164229754448,0.07717617674762386
V175R,991.0,1566.0,-0.26008897105305895,0.041505465649231126
V175S,737.0,1731.0,0.3116470837608789,0.044828536733169326
V175T,709.0,1232.0,-0.12307479041117286,0.0479287561381312
V175W,605.0,1313.0,0.19763613462203544,0.04989529700750962
V175Y,341.0,547.0,-0.23845771478550137,0.06953885292947812
V175_,564.0,55.0,-4.278165809842229,0.1415153624368322
V203A,504.0,970.0,0.024336386183528624,0.05558841087351261
V203C,1153.0,1977.0,-0.14229573286588781,0.03805490903218812
V203D,1029.0,2074.0,0.09095497186866552,0.03910284140083262
V203E,377.0,742.0,0.056624963443566045,0.06383734697003443
V203F,689.0,724.0,-0.8487261736912801,0.05392235841077244
V203G,591.0,846.0,-0.4027187007440789,0.05430565782431272
V203H,1033.0,1477.0,-0.4043855022383962,0.04147475045656442
V203I,1257.0,22711.0,3.25511295879449,0.03024296158946297
V203K,327.0,527.0,-0.23171529278443082,0.07092654128520273
V203L,1838.0,2257.0,-0.6239426811057824,0.03259136900587063
V203M,592.0,1094.0,-0.03427840104059321,0.0517522529202993
V203N,776.0,1288.0,-0.18921423022018935,0.046261228629660166
V203P,1089.0,2144.0,0.057083557044216526,0.03820664271372623
V203Q,825.0,1423.0,-0.13374858718538718,0.044608394605622895
V203R,1005.0,2660.0,0.4840109370330157,0.03802656979522624
V203S,791.0,1700.0,0.1835645183671586,0.04390335925418229
V203T,725.0,1224.0,-0.16466833047981133,0.04765862680079557
V203W,786.0,803.0,-0.8893405891623081,0.05091787061482911
V203Y,753.0,802.0,-0.8292596746239091,0.05147754323302842
V203_,1296.0,55.0,-5.4784500127187545,0.13793178959654914
V213A,728.0,464.0,-1.5700132457855984,0.06003165891093097
V213C,1389.0,9263.0,1.8172132093751765,0.030049294328535932
V213D,1023.0,817.0,-1.2446054816250722,0.04771319919143355
V213E,461.0,141.0,-2.6292114432668274,0.09662252618995376
V213F,873.0,521.0,-1.6648979921962157,0.056034612582041836
V213G,1117.0,183.0,-3.529858590143899,0.08021531036645223
V213H,584.0,124.0,-3.155747486122216,0.09925337204999259
V213I,1141.0,908.0,-1.2497422202877635,0.04530775390835244
V213K,1207.0,147.0,-3.9576623052632733,0.0877827915883518
V213L,803.0,1600.0,0.0743801870292744,0.04410643033670505
V213M,923.0,320.0,-2.4484401654984564,0.0654475425557791
V213N,618.0,877.0,-0.41524776544346675,0.053229702678680116
V213P,1120.0,125.0,-4.083607078285704,0.09469570117634496
V213Q,851.0,150.0,-3.4243282834066324,0.088973946604582
V213R,1932.0,233.0,-3.971849660455885,0.06988793576721895
V213S,559.0,406.0,-1.3815697058437149,0.0657794564108044
V213T,582.0,1279.0,0.21570082159353277,0.05074549094467649
V213W,751.0,162.0,-3.132960128162437,0.08705782722909834
V213Y,866.0,95.0,-4.108443286793502,0.10842045724434794
V213_,707.0,74.0,-4.176149375130484,0.12247922828022387
V22A,545.0,337.0,-1.6137021762429997,0.06983671182618627
V22C,663.0,1575.0,0.3280475773178919,0.04709836599636056
V22D,646.0,81.0,-3.915595460713214,0.11818284687506438
V22E,628.0,355.0,-1.7431387442845967,0.06696431880298777
V22F,737.0,93.0,-3.9064373287743637,0.11037858662490534
V22G,1193.0,7955.0,1.8170467323001773,0.032233359811128466
V22H,876.0,154.0,-3.4281341853205562,0.0878048457880103
V22I,336.0,195.0,-1.7051669391200202,0.0904384357319152
V22K,1107.0,100.0,-4.388662962973897,0.10477309246958673
V22L,751.0,200.0,-2.8289708608245325,0.08003972016526706
V22M,972.0,352.0,-2.3855656182028078,0.06280677499038262
V22N,466.0,222.0,-1.9899471281350563,0.08200759053316213
V22P,838.0,97.0,-4.030972959400808,0.10759454182022948
V22Q,753.0,847.0,-0.7505008974519489,0.05083004836366342
V22R,3237.0,248.0,-4.6264025005318175,0.06645366163368475
V22S,669.0,880.0,-0.5247187335767451,0.052020796709625255
V22T,1078.0,2737.0,0.42401926883413976,0.03698734892567318
V22W,285.0,69.0,-2.9663460770179,0.13444094966530093
V22Y,869.0,931.0,-0.8207869906816025,0.04795731083177211
V22_,243.0,24.0,-4.259519249936306,0.21410146281371492
V233A,1568.0,27501.0,3.2122670626793797,0.027371151505201974
V233C,1173.0,2261.0,0.026541184512397287,0.037011545094092824
V233D,995.0,284.0,-2.7289801729157865,0.06783129370475689
V233E,1198.0,715.0,-1.664815502031911,0.04804545775012965
V233F,1219.0,482.0,-2.258785854131376,0.05449816665213517
V233G,627.0,1879.0,0.663201511443118,0.04692688610605959
V233H,1071.0,312.0,-2.6995186527238957,0.06491371332086704
V233I,738.0,1158.0,-0.2702754340409026,0.04789167140516615
V233K,919.0,385.0,-2.1753955178825013,0.06132315365938446
V233L,1047.0,482.0,-2.0393511146769105,0.055720849497311785
V233M,1169.0,1320.0,-0.7449492878830126,0.041086023086730046
V233N,492.0,228.0,-2.029801415077249,0.08058112786244495
V233P,1124.0,200.0,-3.410721708647001,0.07723010042507067
V233Q,767.0,649.0,-1.1612155554696955,0.0540336827701394
V233R,1253.0,1015.0,-1.2241148632975518,0.0431086626454247
V233S,1571.0,22785.0,2.938109858890383,0.027486147213478012
V233T,948.0,1027.0,-0.8047348290483152,0.045865108156480934
V233W,807.0,371.0,-2.041339353514968,0.06332103723175975
V233Y,2357.0,1388.0,-1.684150793376753,0.034925475530428005
V233_,1074.0,126.0,-4.0116081681161555,0.09456233251724071
V25A,786.0,1097.0,-0.43925377126225396,0.047527715728596716
V25C,464.0,604.0,-0.5397943383927268,0.062336139555278475
V25D,949.0,1606.0,-0.16122519440197358,0.041850417016043376
V25E,945.0,1037.0,-0.7861825705381582,0.04579920648620701
V25F,605.0,119.0,-3.2660870609136943,0.10065081758260357
V25G,574.0,925.0,-0.23181778433568478,0.05383554514434302
V25H,1855.0,2689.0,-0.3845627196244834,0.03140113576363492
V25I,302.0,220.0,-1.37723809665302,0.08905876251010797
V25K,827.0,91.0,-4.104018670424161,0.110779264119005
V25L,1056.0,131.0,-3.931085530293438,0.09303242683465882
V25M,729.0,110.0,-3.648514808430037,0.10264926991861002
V25N,890.0,694.0,-1.279075971119359,0.051376559909346885
V25P,905.0,237.0,-2.853196678283136,0.07347964358477337
V25Q,635.0,83.0,-3.855633137372693,0.11703241561851355
V25R,540.0,50.0,-4.352908489286942,0.14806378678754742
V25S,940.0,691.0,-1.3641803915419803,0.05085314276488882
V25T,548.0,625.0,-0.7305338226282245,0.05915932064155095
V25W,560.0,196.0,-2.4347362058405055,0.08344177322555375
V25Y,809.0,187.0,-3.033252993934963,0.08159934370905406
V25_,856.0,69.0,-4.552961188191964,0.12543496633440385
V280A,701.0,467.0,-1.506192458027395,0.06035612267377364
V280C,1155.0,701.0,-1.6406092885647716,0.04865565889696394
V280D,1268.0,323.0,-2.893126264173521,0.0629252198821681
V280E,1002.0,927.0,-1.0324509755240747,0.046387472940364466
V280F,1404.0,3745.0,0.49520548394900565,0.03247051312021695
V280G,986.0,433.0,-2.1074128110066024,0.05829811817810668
V280H,834.0,445.0,-1.8264378020813732,0.059339982333679105
V280I,695.0,1258.0,-0.06417312650727336,0.0480499849968976
V280K,893.0,429.0,-1.9778759301091942,0.05937863996813435
V280L,1526.0,3170.0,0.13451209936705144,0.032339244235336156
V280M,1017.0,1316.0,-0.548374288999339,0.04264051764673107
V280N,807.0,338.0,-2.175731497334466,0.06536590066279306
V280P,1198.0,175.0,-3.6953415619159617,0.0813863832267692
V280Q,728.0,394.0,-1.8059368975265535,0.0631401675169064
V280R,1203.0,116.0,-4.294538435415975,0.09760256882365306
V280S,550.0,234.0,-2.153098542933705,0.07852730106750522
V280T,1284.0,1535.0,-0.6626192599710476,0.0387986892429116
V280W,1455.0,1498.0,-0.8781926897982846,0.03781401043154976
V280Y,61.0,31.0,-1.8965230805665083,0.2207113142941017
V280_,1281.0,146.0,-4.053353528170623,0.08777554670583525
V282A,670.0,182.0,-2.8003757868084005,0.08403442896437834
V282C,708.0,197.0,-2.7657117519806595,0.08101456968477286
V282D,1210.0,162.0,-3.8210750756681433,0.08410686381160846
V282E,995.0,187.0,-3.3318064833549794,0.08017100008529757
V282F,1553.0,695.0,-2.0801723542651525,0.04645218697084291
V282G,951.0,136.0,-3.7259586590489366,0.09208138146108263
V282H,578.0,125.0,-3.129261822599098,0.09901767783807346
V282I,1721.0,1142.0,-1.5118910723815104,0.03913783108971442
V282K,1515.0,298.0,-3.266105544674776,0.06395873937998844
V282L,953.0,661.0,-1.4480301308411976,0.05135377248911034
V282M,871.0,1645.0,-0.002875709229641643,0.042790864487939596
V282N,1112.0,205.0,-3.3596144492260613,0.07649934591973066
V282P,1167.0,460.0,-2.263290670382104,0.055729911816507494
V282Q,1088.0,722.0,-1.511811968421049,0.04877702498686644
V282R,901.0,72.0,-4.5654848218798465,0.1227676355510481
V282S,1223.0,221.0,-3.388463522449263,0.07360301313580336
V282T,272.0,175.0,-1.5564332071820948,0.0972900880371171
V282W,1230.0,489.0,-2.2509450476317543,0.05415732707105782
V282Y,1790.0,328.0,-3.3683668191669325,0.0606828660826226
V282_,1695.0,120.0,-4.740278130129087,0.09485606236130689
V284A,1267.0,1452.0,-0.7235873977607694,0.03940846157127962
V284C,798.0,1251.0,-0.27159628438160777,0.04612524091884762
V284D,818.0,686.0,-1.1740997489746512,0.05249047761334072
V284E,924.0,801.0,-1.126299087285438,0.049048239863103776
V284F,956.0,760.0,-1.251218183660085,0.04936449050702902
V284G,529.0,454.0,-1.1407817954509776,0.06455993099391565
V284H,1433.0,876.0,-1.630240309095428,0.043754290255026834
V284I,557.0,733.0,-0.5240812240565873,0.05687358237756815
V284K,1287.0,435.0,-2.4851136680122057,0.05613251346258803
V284L,1471.0,1471.0,-0.9202108758414997,0.03787712585357901
V284M,940.0,1050.0,-0.7605558177036196,0.045730262969755575
V284N,1128.0,1403.0,-0.6054654415202734,0.04091866147979883
V284P,1261.0,172.0,-3.7942262471223884,0.08174164917203605
V284Q,911.0,624.0,-1.4661086171558386,0.05268100048005625
V284R,560.0,138.0,-2.9408906588584296,0.09542851118767372
V284S,1090.0,1699.0,-0.2798579025837844,0.03976263861102121
V284T,688.0,1674.0,0.36259583097867853,0.04610750309674912
V284W,987.0,833.0,-1.1649417626650935,0.04784028993117566
V284Y,888.0,446.0,-1.913710741685792,0.058679487376600656
V284_,793.0,75.0,-4.322395087294593,0.12111003483488181
V287A,1041.0,2183.0,0.14812393593183337,0.03864913026550284
V287C,952.0,1373.0,-0.3919173757093217,0.04305580736974217
V287D,1192.0,1242.0,-0.8609304253233905,0.04146241951555187
V287E,1478.0,2407.0,-0.21662477087519205,0.03416292149353337
V287F,936.0,1160.0,-0.6106694817635834,0.04478272867155645
V287G,1148.0,964.0,-1.172226067623896,0.04453619638389501
V287H,729.0,1167.0,-0.24140446200838106,0.04799667260890108
V287I,2062.0,1603.0,-1.2834787796782914,0.03440721909855942
V287K,922.0,723.0,-1.2709776725362403,0.050425789716241835
V287L,1155.0,1455.0,-0.587087149765595,0.04035022265909973
V287M,646.0,619.0,-0.9818046572105654,0.056907934771334684
V287N,484.0,785.0,-0.22253669861424008,0.05843807608743513
V287P,1531.0,285.0,-3.3456101374882308,0.06509131290979009
V287Q,853.0,502.0,-1.6850574276403076,0.056915533815965424
V287R,887.0,1527.0,-0.13652364026239372,0.043096683906085016
V287S,665.0,1060.0,-0.24758094101226824,0.05022141686115417
V287T,751.0,934.0,-0.6056049975073066,0.04977207188886966
V287W,616.0,1356.0,0.2181312657207286,0.04935457990650028
V287Y,855.0,1613.0,-0.004468691841773342,0.043181043547177285
V287_,964.0,101.0,-4.174760860935953,0.10494003114503987
V28A,316.0,435.0,-0.459132522444464,0.07441989753331224
V28C,796.0,784.0,-0.9421253748605505,0.05105708725460373
V28D,488.0,938.0,0.022481716453081724,0.05648266682723792
V28E,593.0,1162.0,0.0502832700359086,0.051205044623211605
V28F,1585.0,1026.0,-1.5476580261227668,0.04099544871045696
V28G,521.0,837.0,-0.236277079790697,0.0564725102347512
V28H,1101.0,397.0,-2.3917911962328082,0.0591789811018801
V28I,272.0,307.0,-0.7455849184470749,0.0837175305399125
V28K,560.0,502.0,-1.077947362358323,0.06207045343006106
V28L,2.0,4.0,0.07619585943449181,0.864270827353053
V28M,703.0,2604.0,0.9689069967126351,0.04337677459820179
V28N,538.0,836.0,-0.2843236649464771,0.05594574202665462
V28P,572.0,1355.0,0.32398034905712514,0.05060918609900337
V28Q,1171.0,1817.0,-0.28639791229089173,0.03846277388704593
V28R,618.0,664.0,-0.8166360896186848,0.05656115990046307
V28S,576.0,939.0,-0.21516421211889636,0.05362927330180716
V28T,781.0,1719.0,0.21795413582204493,0.044013521988523874
V28W,434.0,875.0,0.09136034484456612,0.05934648310204845
V28Y,717.0,319.0,-2.0886024670669467,0.06785606280061568
V28_,1009.0,86.0,-4.4725031329560645,0.1126618484937603
V297A,945.0,1409.0,-0.34393052606852237,0.042929880391555465
V297C,540.0,778.0,-0.39340830071471444,0.056676403209556164
V297D,909.0,532.0,-1.6930536776067235,0.055270502294622305
V297E,644.0,588.0,-1.0514532756214203,0.05769305736626577
V297F,1052.0,2147.0,0.10896961652897286,0.0386185437523126
V297G,1225.0,1423.0,-0.7040586018898125,0.039926460100371944
V297H,1416.0,1587.0,-0.7557311109002889,0.037568498150268755
V297I,1077.0,1921.0,-0.08537749204952139,0.03904001257790169
V297K,997.0,511.0,-1.884467327087581,0.05509060203663879
V297L,944.0,1525.0,-0.22826622030690125,0.04230970121031919
V297M,613.0,750.0,-0.6292116531439449,0.055133265036062404
V297N,1034.0,1373.0,-0.5111188809320204,0.04207733415053188
V297P,1815.0,682.0,-2.332323574680407,0.04574146818062952
V297Q,1211.0,1119.0,-1.034198725104626,0.04236119302928719
V297R,1532.0,695.0,-2.0605309491416213,0.04654709519472152
V297S,1006.0,1240.0,-0.6185037666159792,0.043307477561304264
V297T,841.0,1331.0,-0.257884325461025,0.044893454521874494
V297W,1727.0,1740.0,-0.9093917150471533,0.03505440603696685
V297Y,1137.0,2210.0,0.03859707900719744,0.03751070487172551
V297_,686.0,62.0,-4.387867688029105,0.13288793217612824
V301A,621.0,61.0,-4.267709740116227,0.13444739581198584
V301C,1175.0,171.0,-3.700731314947146,0.08230270005686734
V301D,1866.0,223.0,-3.9849872848425463,0.07137978186857957
V301E,815.0,108.0,-3.8358637477773696,0.10276403752765338
V301F,734.0,269.0,-2.368350790450929,0.07179679509796445
V301G,1015.0,131.0,-3.8739559748615804,0.09323778033373913
V301H,1563.0,722.0,-2.0344471604316374,0.045824449144172184
V301I,826.0,1305.0,-0.2603811666475737,0.0452988228160286
V301K,1052.0,143.0,-3.7991713578837043,0.0895441003711551
V301L,864.0,122.0,-3.7442594893590426,0.09710051552322758
V301M,1309.0,158.0,-3.9705992239967443,0.08466236516924008
V301N,922.0,133.0,-3.7134585589028246,0.0931551675757245
V301P,692.0,155.0,-3.0786424721505297,0.08928230014302774
V301Q,786.0,86.0,-4.1121822326951305,0.11390289766072072
V301R,1524.0,144.0,-4.323842344687288,0.08760817597351504
V301S,1536.0,229.0,-3.6659159825730327,0.07136333492870564
V301T,861.0,180.0,-3.178163815353133,0.08241201506075609
V301W,819.0,207.0,-2.9043914814705136,0.07827347839359376
V301Y,616.0,280.0,-2.0576862958725526,0.0725928226090251
V301_,1417.0,121.0,-4.4698626367146055,0.09510287994443503
V302A,1191.0,217.0,-3.3765629724081663,0.0743153597094894
V302C,1712.0,2068.0,-0.6476588425953533,0.03380431914256474
V302D,994.0,160.0,-3.5553091708556233,0.08561951935641572
V302E,788.0,93.0,-4.002967072227002,0.10998008056509562
V302F,1794.0,125.0,-4.763283396867745,0.09290768075945084
V302G,872.0,96.0,-4.103298971563456,0.10787689349003009
V302H,1499.0,172.0,-4.043656538257906,0.08096782721442071
V302I,855.0,175.0,-3.208714809948674,0.08341824000443539
V302K,840.0,83.0,-4.259260328789969,0.11537881076639052
V302L,1113.0,284.0,-2.890663797613313,0.06704128507729125
V302M,1321.0,189.0,-3.725317793008517,0.07824824916933684
V302N,1174.0,124.0,-4.163127205543357,0.09481937522139836
V302P,1044.0,103.0,-4.261490103399255,0.10363738316908386
V302Q,1068.0,137.0,-3.882782930521559,0.09115988557750704
V302R,990.0,98.0,-4.256653113027559,0.10624593127423065
V302S,2558.0,209.0,-4.533588905745423,0.07246002731783353
V302T,1155.0,360.0,-2.6020073323216657,0.06098000154375026
V302W,1258.0,101.0,-4.558784234065207,0.10377852735471325
V302Y,954.0,112.0,-4.01058772599265,0.10025491482622997
V302_,1060.0,94.0,-4.415330713848116,0.10796119758754741
V353A,1842.0,5925.0,0.765325819467058,0.028048670259504974
V353C,761.0,2021.0,0.48887826777742305,0.04340405375597531
V353D,477.0,1921.0,1.0895627370620922,0.051884662527783884
V353E,643.0,3502.0,1.5250592481275818,0.04376988307376796
V353F,1095.0,1343.0,-0.6256848738486953,0.04162807180307509
V353G,1565.0,1040.0,-1.5097853511012294,0.04093371920610253
V353H,1425.0,7140.0,1.4047431755751685,0.03027989244950853
V353I,1310.0,1435.0,-0.7887279100115236,0.039182633984133304
V353K,1094.0,4588.0,1.1480317345948041,0.03474326476558808
V353L,1055.0,1785.0,-0.16153539298676733,0.03978876555482093
V353M,1603.0,5906.0,0.9611894979565139,0.029465438656289557
V353N,1407.0,4516.0,0.7622052226620659,0.03173685569731309
V353P,1420.0,781.0,-1.782699039590589,0.045383701135334714
V353R,1320.0,5827.0,1.2219960516709918,0.031689922990753544
V353S,1156.0,5794.0,1.4051974209002331,0.033357203991712915
V353T,830.0,4316.0,1.4582867083120203,0.03887887393536423
V353W,1431.0,1018.0,-1.4114928963962208,0.04190682947963756
V353Y,1269.0,3386.0,0.495671920261326,0.03403550071421427
V353_,1559.0,153.0,-4.269143209081964,0.08515879201464853
V365A,1401.0,4650.0,0.8105556896046902,0.03168423392961611
V365C,506.0,1075.0,0.16690140281960897,0.05460344341461049
V365D,1552.0,368.0,-2.996531854520197,0.0586234578357275
V365E,1542.0,314.0,-3.216140587863203,0.06251546032088764
V365F,1201.0,1923.0,-0.2410927743107285,0.03778514562639105
V365G,1029.0,3143.0,0.6906789839488039,0.03694645851733392
V365H,675.0,456.0,-1.486054289014259,0.06123283839984427
V365I,820.0,185.0,-3.0682491271571797,0.08185155563225335
V365K,943.0,91.0,-4.293386966023448,0.1101058775856427
V365L,833.0,180.0,-3.130467636543419,0.08264852878631998
V365M,1379.0,1241.0,-1.0723290538647867,0.04007517662941525
V365N,932.0,354.0,-2.3167661963686745,0.06303011519260823
V365P,972.0,495.0,-1.893724361885564,0.05589296742882587
V365Q,1124.0,766.0,-1.4734306154295274,0.04764666184792862
V365R,1495.0,166.0,-4.0910239569596545,0.08226598298203801
V365S,884.0,3313.0,0.9857970875026489,0.038834467197373004
V365T,1141.0,3068.0,0.5067808736880108,0.03574111478501277
V365W,1233.0,819.0,-1.5104424040290656,0.045902901240602555
V365Y,1751.0,615.0,-2.4297164250232077,0.047667131087759655
V365_,1162.0,118.0,-4.219852338339451,0.09700259037076424
V370A,842.0,840.0,-0.9236417404466746,0.049529415184710684
V370C,1128.0,2073.0,-0.04226365748553196,0.037999656619660226
V370D,1941.0,342.0,-3.4249080129423763,0.059280295296789916
V370E,1535.0,731.0,-1.9904958830054706,0.04576569124894257
V370F,1198.0,1944.0,-0.22181518625210206,0.03773837328887473
V370G,1430.0,1316.0,-1.0400656598266216,0.0391693126510924
V370H,1406.0,402.0,-2.7265144371975474,0.057217125100986435
V370I,1063.0,3535.0,0.8133482516368304,0.03603714962202782
V370K,741.0,189.0,-2.8912413223119673,0.08194694265715186
V370L,1299.0,13376.0,2.443952513206315,0.0303256380517935
V370M,684.0,1811.0,0.48449431461176307,0.04570789423923459
V370N,1183.0,983.0,-1.1873951466381083,0.04401876464083778
V370P,596.0,245.0,-2.2027067790804926,0.07638296183891037
V370Q,1692.0,1735.0,-0.8840049928158358,0.03524833625380909
V370R,1201.0,138.0,-4.041614327835962,0.0902970148080822
V370S,1813.0,1933.0,-0.8277486573708472,0.033822528511029744
V370T,1568.0,3364.0,0.1810363580898997,0.03178178583253751
V370W,1036.0,1305.0,-0.5871879425393507,0.0425039515855363
V370Y,564.0,1000.0,-0.09398909617247053,0.05336735713983948
V370_,1100.0,108.0,-4.268490720749755,0.10120549018512896
V371A,1321.0,2252.0,-0.15063902993172285,0.035722694486799815
V371C,720.0,1063.0,-0.35814455607640205,0.04903734414456897
V371D,932.0,151.0,-3.5459122210937686,0.08814813933502
V371E,748.0,511.0,-1.4699169095260292,0.05804184687650719
V371F,1709.0,2838.0,-0.18849204169910694,0.031820752009803506
V371G,788.0,1094.0,-0.44687079342171376,0.04752004266563827
V371H,939.0,507.0,-1.8093371953316968,0.055788580099456184
V371I,794.0,1277.0,-0.23467013564067862,0.04601712512977562
V371K,1319.0,582.0,-2.100550531575764,0.05051133042506078
V371L,1001.0,1890.0,-0.0032733947480387826,0.040039422420990935
V371M,826.0,1317.0,-0.24717572857769188,0.04522169139697075
V371N,1032.0,647.0,-1.5938079107567464,0.050888315197221166
V371P,1652.0,2743.0,-0.18867341386491754,0.03232573012266882
V371Q,955.0,718.0,-1.3317227785110513,0.05014892138564623
V371R,1327.0,260.0,-3.2717511027926403,0.06837138543135532
V371S,1418.0,1667.0,-0.6868158237993511,0.037150459876347706
V371T,1104.0,1187.0,-0.8156320267312402,0.04270021524250474
V371W,919.0,839.0,-1.0516034298275416,0.04852911443494373
V371Y,1391.0,987.0,-1.4152070606324774,0.0425103475956151
V371_,1590.0,170.0,-4.145555201482443,0.0811541767375997
V373A,764.0,310.0,-2.2214876441232727,0.06789442088544313
V373C,1849.0,1961.0,-0.8353670106849371,0.03355350745455522
V373D,1890.0,174.0,-4.361362621262492,0.07969291367415285
V373E,961.0,78.0,-4.54303134106306,0.11804451648903708
V373F,1390.0,215.0,-3.6128304723921287,0.07379317279703913
V373G,1041.0,196.0,-3.3291956386889536,0.07834189611086005
V373H,1323.0,133.0,-4.234428222068591,0.0913736860181427
V373I,1811.0,7802.0,1.1868404590990242,0.027484846092312602
V373K,767.0,58.0,-4.6450827385939615,0.13644499894405457
V373L,855.0,1414.0,-0.1944317514337479,0.044179770711626716
V373M,1000.0,730.0,-1.3742371708040784,0.04944593863911466
V373N,1382.0,180.0,-3.8608299715467607,0.07971133730840849
V373P,1108.0,185.0,-3.5025066206208466,0.07989179411273133
V373Q,702.0,81.0,-4.035530544821166,0.11765926556981776
V373R,1579.0,179.0,-4.061119095935507,0.07933886126789176
V373S,1169.0,395.0,-2.485537065068084,0.05883938097587587
V373T,1760.0,1087.0,-1.6154292892440418,0.03953732321763104
V373W,1365.0,250.0,-3.369064689494842,0.06933615197785087
V373Y,1997.0,343.0,-3.4617298909394583,0.05908622612084887
V373_,875.0,81.0,-4.35333846802037,0.11645628245596469
V44A,665.0,3502.0,1.4765243873302274,0.04317816211077599
V44C,813.0,1936.0,0.3315305260586934,0.04268008935924319
V44D,261.0,64.0,-2.947946743533606,0.13974582786899026
V44E,546.0,296.0,-1.8034923350024936,0.07269662395909612
V44F,545.0,522.0,-0.9824161325903846,0.061851171625073684
V44G,694.0,1126.0,-0.22201959179266684,0.04903121054013674
V44H,303.0,87.0,-2.7203231588911185,0.12193530891756912
V44I,633.0,364.0,-1.718461082347246,0.06634755269631372
V44K,929.0,100.0,-4.135760739623093,0.1055958397716251
V44L,141.0,78.0,-1.774277375499893,0.14137054714203745
V44M,453.0,894.0,0.060537195512617714,0.058318771497526935
V44N,265.0,79.0,-2.666150509341888,0.1284723116250123
V44P,439.0,52.0,-3.997603735393869,0.1469012959670219
V44Q,954.0,1206.0,-0.5820452998613446,0.0441865835049541
V44R,1446.0,127.0,-4.429274409567494,0.09295171082001574
V44T,666.0,1925.0,0.6110393201320159,0.04578234787296332
V44W,693.0,101.0,-3.698588919164693,0.10685530927321457
V44Y,382.0,483.0,-0.5817682222796989,0.06901557526766454
V44_,446.0,54.0,-3.9659884796443476,0.14433384423723267
V7A,27.0,140.0,1.4537534523348317,0.2103348241943492
V7C,1451.0,3008.0,0.13154102522540878,0.033116271358518315
V7D,65.0,174.0,0.5002257820927385,0.1456163165480479
V7E,546.0,1846.0,0.8372002133685319,0.049479730820177856
V7F,17.0,15.0,-1.1006700398841964,0.35424040722233063
V7G,642.0,3201.0,1.3976486338779393,0.04410301729301225
V7H,263.0,731.0,0.5545626123120178,0.07242357173171758
V7I,734.0,1442.0,0.05399867022949856,0.04616191422708147
V7K,550.0,523.0,-0.9928301938595405,0.06168650331013522
V7L,841.0,81.0,-4.2961619181236435,0.11665448189113979
V7M,319.0,961.0,0.6707389186836403,0.0651946046023741
V7N,342.0,741.0,0.19524362756695712,0.06594290838826261
V7P,394.0,473.0,-0.6565724374893911,0.06875458862902657
V7Q,371.0,1297.0,0.8854487489351692,0.0595097959721825
V7R,483.0,282.0,-1.6965176129402675,0.07544130603636784
V7S,1911.0,30084.0,3.0563787728868035,0.025131461317442032
V7T,823.0,456.0,-1.772055373998528,0.059017395990924544
V7W,453.0,1351.0,0.6562126748970645,0.05497918114483389
V7Y,716.0,557.0,-1.282487384061901,0.0571576332841978
V7_,668.0,59.0,-4.421049212160088,0.13608207254690216
V80A,587.0,566.0,-0.9727684142521102,0.05954299562649909
V80C,659.0,606.0,-1.0411696327438147,0.05694411332381789
V80D,625.0,130.0,-3.1854675530249885,0.09678200773567491
V80E,455.0,206.0,-2.063394758939171,0.08442128753527287
V80F,551.0,362.0,-1.5262598274012253,0.06820755328759005
V80G,411.0,273.0,-1.5104305752410836,0.07855550214691995
V80H,326.0,98.0,-2.654126233458454,0.11552271497851133
V80I,241.0,387.0,-0.23693303908989183,0.08251172393456475
V80K,342.0,36.0,-4.167779879760651,0.17541100759227166
V80L,382.0,339.0,-1.0924934503843096,0.07511700614926373
V80M,924.0,640.0,-1.4500248939344953,0.052151524954855595
V80N,1040.0,302.0,-2.7041400509778137,0.06593742831368037
V80P,942.0,137.0,-3.7016720552821862,0.0918442364745364
V80Q,395.0,243.0,-1.6210843698182327,0.08198600533983487
V80R,611.0,55.0,-4.393641059626534,0.14103267005094763
V80S,561.0,296.0,-1.842591448207246,0.07235903722142331
V80T,707.0,695.0,-0.9449077607134795,0.054113787232421134
V80W,398.0,269.0,-1.4853557512032074,0.07940340177308823
V80Y,243.0,70.0,-2.715593646875452,0.13591834811211043
V80_,621.0,50.0,-4.554538865746285,0.14724587405639256
V87A,186.0,477.0,0.4384284517534782,0.08687642809806348
V87C,349.0,552.0,-0.25878484710455574,0.06893384798461422
V87D,369.0,303.0,-1.2045053824137293,0.07800795711785613
V87E,855.0,603.0,-1.4239702421496991,0.05387941029925984
V87F,363.0,681.0,-0.012544184149130722,0.0655608028179173
V87G,546.0,821.0,-0.3317384554225047,0.055897646176723916
V87H,345.0,424.0,-0.6227507641601653,0.07302032766823292
V87I,1208.0,9126.0,1.9971409613503135,0.03181903877398772
V87K,302.0,375.0,-0.6078781289965987,0.07779981230059818
V87L,579.0,721.0,-0.6037798718863447,0.05647207985103852
V87M,503.0,573.0,-0.7322376407107525,0.06171117311741703
V87N,579.0,508.0,-1.1089422446270367,0.06140535542416912
V87P,838.0,230.0,-2.785481749917256,0.0749400216232425
V87Q,651.0,653.0,-0.9157854953347453,0.0560581076260324
V87R,550.0,586.0,-0.8287434412525023,0.05999725728116769
V87S,815.0,1279.0,-0.27007299792603945,0.04564975492734697
V87T,497.0,304.0,-1.6293669754442188,0.07332437542563995
V87W,313.0,432.0,-0.45535491703566233,0.07473027459164759
V87Y,593.0,1230.0,0.13233083047172745,0.050738351601608354
V87_,940.0,106.0,-4.068686618695066,0.10282002441536077
V93A,681.0,664.0,-0.9566818901289649,0.05522205386822722
V93C,415.0,498.0,-0.6571822638357183,0.06702715045803405
V93D,265.0,200.0,-1.3261855428637297,0.09406518550025235
V93E,576.0,329.0,-1.728173299873375,0.06964602547235726
V93F,784.0,2556.0,0.7847386437209374,0.04173482131502765
V93G,793.0,873.0,-0.7815517550552622,0.049815128188501145
V93H,716.0,1171.0,-0.21050912169175717,0.04822508486448839
V93I,347.0,387.0,-0.7628172694422508,0.07443615043793954
V93K,325.0,79.0,-2.960587817445738,0.1257319400468742
V93L,344.0,514.0,-0.34086495182561194,0.07019577111534099
V93M,579.0,724.0,-0.5977895169556868,0.056421174034137246
V93N,307.0,541.0,-0.10284126299864038,0.07197696965062109
V93P,740.0,345.0,-2.0211174637979576,0.06576371644225538
V93Q,677.0,332.0,-1.9481613240154783,0.0675581758681726
V93R,563.0,92.0,-3.533508850614645,0.11278128327176883
V93S,519.0,370.0,-1.4084089497766268,0.06858893064606804
V93T,454.0,683.0,-0.33102824915658324,0.061169998058843406
V93W,557.0,952.0,-0.14693737652870364,0.054044200783258035
V93Y,595.0,852.0,-0.40225442764167685,0.05412398512957903
V93_,627.0,68.0,-4.124880531263121,0.12795959337019489
V99A,280.0,700.0,0.40168630492498103,0.07123846323972233
V99C,116.0,145.0,-0.5983076530768345,0.12486428347652513
V99D,516.0,168.0,-2.539062795272172,0.08924707391946496
V99E,553.0,293.0,-1.8365665420376347,0.0727750298331034
V99F,443.0,393.0,-1.0929841189193876,0.06983420727070763
V99G,675.0,851.0,-0.5859436663566813,0.05226471521474081
V99H,478.0,245.0,-1.8844110420984332,0.0790477014535129
V99I,458.0,581.0,-0.5770269790555025,0.06308379992639424
V99K,682.0,103.0,-3.647219370732853,0.10606185044239125
V99L,562.0,376.0,-1.5000356458479338,0.06718554982781214
V99M,688.0,876.0,-0.5716930711672257,0.05167275225254312
V99N,691.0,295.0,-2.1481536061070017,0.07008522855717036
V99P,672.0,384.0,-1.727549696721403,0.06455415203406333
V99Q,369.0,216.0,-1.6927726867442159,0.08610711680072436
V99R,748.0,63.0,-4.48961571842693,0.13146270904188
V99S,316.0,574.0,-0.0591052176858895,0.0705808284743873
V99T,481.0,480.0,-0.9232133015175323,0.06509466481946231
V99W,585.0,570.0,-0.9576849322857788,0.05948776576073804
V99Y,920.0,666.0,-1.3863165791721492,0.051609013389032544
V99_,251.0,29.0,-4.033333516114128,0.19629020285246757
W201A,774.0,736.0,-0.9928377135776696,0.05220839743667275
W201C,646.0,510.0,-1.26124183838356,0.0598646483380272
W201D,586.0,138.0,-3.0063633533135237,0.0950124932322282
W201E,560.0,132.0,-3.0050162446703395,0.09713872912400826
W201F,929.0,986.0,-0.8343027235896514,0.04653675723725049
W201G,462.0,148.0,-2.562440302354463,0.09484630811949038
W201H,459.0,426.0,-1.0278491642683054,0.0678309008523395
W201I,680.0,624.0,-1.044197689136917,0.05610857001624066
W201K,939.0,722.0,-1.2993325789033365,0.05024977962314554
W201L,388.0,414.0,-0.8266390956265859,0.07118792283007684
W201M,634.0,748.0,-0.6816589141181666,0.054673661944078626
W201N,375.0,286.0,-1.3110743528004782,0.0789812851374107
W201P,1151.0,13802.0,2.6636952347261307,0.031879805467927534
W201Q,974.0,330.0,-2.481637718296904,0.0642803337661788
W201R,423.0,290.0,-1.4647999975619648,0.07672831202550942
W201S,951.0,1778.0,-0.017479853964872838,0.041097527736265224
W201T,859.0,722.0,-1.1708669832604999,0.05122713898845317
W201V,677.0,650.0,-0.9789261063244776,0.055593052854300454
W201Y,548.0,804.0,-0.3671996500781569,0.056067962716384694
W201_,657.0,78.0,-3.9943952269158736,0.12006657662904041
W274A,1243.0,2074.0,-0.18162592850836656,0.036901532603904316
W274C,691.0,921.0,-0.505700643996402,0.05106846580965111
W274D,941.0,530.0,-1.7484013501431264,0.05499555814492554
W274E,1173.0,230.0,-3.2706576975558903,0.07263064993243991
W274F,1440.0,8699.0,1.6745615166841272,0.029739903008121623
W274G,607.0,1099.0,-0.06379855129683687,0.0513068781419133
W274H,1678.0,10209.0,1.6848088758839193,0.02773018743183761
W274I,540.0,483.0,-1.0811439412306756,0.06322368755751016
W274K,420.0,24.0,-5.048927244524937,0.2100125593348952
W274L,867.0,7238.0,2.1412616865459024,0.036967761023708995
W274M,1135.0,1140.0,-0.9138694047170501,0.04281706894585704
W274N,845.0,1357.0,-0.2368198433408164,0.04466988686016612
W274P,950.0,109.0,-4.043693089194411,0.10149461769793149
W274Q,1143.0,294.0,-2.879111770742889,0.06596358418940076
W274R,1291.0,113.0,-4.434188707231268,0.09848059901538445
W274S,1351.0,1639.0,-0.6414245724865961,0.037754178241476186
W274T,791.0,1089.0,-0.45896151252993445,0.04751355946706506
W274V,934.0,1431.0,-0.30468702346439436,0.04294794621153115
W274Y,655.0,1849.0,0.5769533139756087,0.04628812812903487
W274_,872.0,54.0,-4.9332571020141955,0.14048819251811273
W293A,1430.0,1645.0,-0.71813975746992,0.03717877685376165
W293C,529.0,678.0,-0.5621993181483926,0.05865402401683465
W293D,772.0,981.0,-0.5745625682323938,0.048885010061800106
W293E,1618.0,18244.0,2.574919560858418,0.027348167432797093
W293F,1955.0,880.0,-2.071795039838278,0.04150811556054268
W293G,1257.0,1309.0,-0.8617308842482396,0.04042946107606037
W293H,881.0,1707.0,0.034030334321419,0.042378616596981174
W293I,503.0,989.0,0.05518715092542159,0.05544556581363385
W293K,1206.0,1607.0,-0.5060738391231245,0.03907071516490469
W293L,386.0,577.0,-0.3402527763355687,0.06632303730368484
W293M,688.0,1175.0,-0.14803928014008783,0.04878104582686018
W293N,1116.0,1483.0,-0.5100325043457561,0.04056377946149759
W293P,1282.0,748.0,-1.6974889287622408,0.04681850316798469
W293Q,756.0,877.0,-0.70602290051061,0.05037894678318091
W293R,828.0,1379.0,-0.18429805371974073,0.044810036653612294
W293S,678.0,1039.0,-0.3043797932523855,0.050124103416945884
W293T,1232.0,1564.0,-0.57597510500519,0.039065719289349675
W293V,627.0,720.0,-0.7206823843286871,0.05530648328477007
W293Y,1090.0,2096.0,0.02309335342866259,0.03833518404086867
W293_,946.0,74.0,-4.596274188329855,0.12101167500366619
WT,20361.0,38531.0,0.0,0.012252885300546246
Y131A,393.0,197.0,-1.9165080365820133,0.08772351788093015
Y131C,571.0,382.0,-1.500116482668588,0.06666394778174338
Y131D,606.0,93.0,-3.6240947346994785,0.11169931279521214
Y131E,777.0,374.0,-1.9750671975278191,0.06352776262428916
Y131F,342.0,667.0,0.04345900645704592,0.06706851430456615
Y131G,381.0,104.0,-2.793317496700208,0.11096904872958384
Y131H,530.0,532.0,-0.9147770921222582,0.06197973353306905
Y131I,454.0,770.0,-0.15805776844642416,0.059802555867364396
Y131K,392.0,502.0,-0.5633852303226359,0.06795597194696655
Y131L,1824.0,1935.0,-0.8349834926960136,0.03376540244511258
Y131M,599.0,779.0,-0.5411491157119128,0.05502879591347892
Y131N,902.0,645.0,-1.404032775907801,0.05228829045402509
Y131P,363.0,47.0,-3.8691805815358533,0.15524780648958877
Y131Q,796.0,630.0,-1.257622702454043,0.054024148455446244
Y131R,933.0,716.0,-1.302123683084119,0.050433074577397576
Y131S,585.0,268.0,-2.0463853301971966,0.07426737606784922
Y131T,496.0,518.0,-0.8576001338553949,0.06341624119461299
Y131V,729.0,765.0,-0.8506708738726747,0.052478208337679834
Y131W,681.0,735.0,-0.8101229805530767,0.053888769933236505
Y131_,651.0,76.0,-4.018629440800242,0.12152080059168577
Y160A,558.0,1383.0,0.3892378305583515,0.0508941032836166
Y160C,654.0,1696.0,0.4545492002665963,0.04683710465219608
Y160D,701.0,366.0,-1.8577628345908828,0.0650672387670119
Y160E,806.0,828.0,-0.8813604224533647,0.05023406093281669
Y160F,139.0,226.0,-0.21901293877515027,0.10813591749341651
Y160G,365.0,1100.0,0.671297868802899,0.06102294824296855
Y160H,2015.0,18931.0,2.3116816037420937,0.024983303129375103
Y160I,821.0,1034.0,-0.5874324371137538,0.04754142609645436
Y160L,831.0,1331.0,-0.24062720840599283,0.04505253276908552
Y160M,870.0,2269.0,0.4627482027601868,0.040806856260048596
Y160N,744.0,862.0,-0.7078282822881725,0.05078596168822178
Y160P,1180.0,468.0,-2.254398700196882,0.055310247920797966
Y160Q,715.0,1062.0,-0.3494488494799084,0.04914528620739583
Y160R,1054.0,1487.0,-0.42368508115133885,0.041186340391421467
Y160S,1395.0,2499.0,-0.07912966525636467,0.034526305932409386
Y160T,700.0,1489.0,0.16869513011354353,0.04663909070440468
Y160V,1197.0,2507.0,0.14632167016475117,0.03618512186080359
Y160W,916.0,1209.0,-0.519819951637098,0.04465289190907646
Y160_,1264.0,104.0,-4.523424605550778,0.10237509330252025
Y225A,1437.0,328.0,-3.0514692733428594,0.06180326464299539
Y225C,693.0,80.0,-4.034834815441413,0.11839123664846365
Y225E,525.0,57.0,-4.12326887168048,0.13971604969458382
Y225F,558.0,418.0,-1.3369643962853859,0.06526435814527178
Y225G,822.0,128.0,-3.603110304303443,0.09541219265764461
Y225H,498.0,91.0,-3.37228860799362,0.11432787037533908
Y225I,1020.0,160.0,-3.5925601961902816,0.08546963521494562
Y225K,696.0,70.0,-4.233685998401798,0.12568015486171055
Y225L,597.0,60.0,-4.234691137903199,0.13569808314686277
Y225M,1039.0,194.0,-3.341217494103648,0.07868859338761779
Y225N,745.0,122.0,-3.5304712696865996,0.09804784528720259
Y225P,696.0,82.0,-4.00544716760772,0.11707033137282334
Y225Q,483.0,82.0,-3.4783921915199905,0.11974578085262959
Y225R,605.0,40.0,-4.838737330434528,0.1634676830541758
Y225S,427.0,79.0,-3.354373565590172,0.12277441864147513
Y225T,788.0,74.0,-4.332632692247855,0.12188426328925357
Y225V,805.0,154.0,-3.3061935512601046,0.08837630936651718
Y225W,460.0,1623.0,0.8987238842036511,0.05352636297644323
Y225_,307.0,40.0,-3.8600639901992624,0.16830341961162326
Y228A,652.0,104.0,-3.5683827249781803,0.10593982044137416
Y228C,678.0,87.0,-3.8822643041734777,0.11420552940178487
Y228D,294.0,21.0,-4.72692803420491,0.22599268600914507
Y228E,896.0,103.0,-4.040941311452442,0.1043978971594931
Y228F,375.0,373.0,-0.9279256346915474,0.0736380026221838
Y228G,839.0,113.0,-3.8124484426967156,0.10057694542534747
Y228H,833.0,182.0,-3.114526973391941,0.08227840539900534
Y228I,695.0,258.0,-2.349817628753029,0.07341466872572304
Y228K,867.0,97.0,-4.080054133079982,0.10740889851977076
Y228L,846.0,203.0,-2.979334797837536,0.07863174578415554
Y228M,996.0,385.0,-2.2914751850327555,0.060633387808386514
Y228N,488.0,75.0,-3.6219667395126045,0.1243211998372937
Y228P,681.0,82.0,-3.974015116336611,0.11720541258983937
Y228Q,1228.0,89.0,-4.7064219470680975,0.11010942260537417
Y228R,665.0,66.0,-4.252830407771229,0.1293368594028272
Y228S,992.0,89.0,-4.398526207025157,0.11098564629959477
Y228T,358.0,48.0,-3.8188039204032256,0.1539392043152763
Y228V,996.0,211.0,-3.159059731467286,0.0762770245447577
Y228W,448.0,805.0,-0.07473510598581434,0.059576675186391634
Y228_,748.0,67.0,-4.400820120958879,0.12780881394182597
Y231A,364.0,654.0,-0.07487626508828882,0.06596417575145624
Y231C,947.0,5004.0,1.4814222316449714,0.03648097293363476
Y231D,552.0,1040.0,-0.0063797831331982024,0.05336812906517263
Y231E,660.0,1708.0,0.4515457573505506,0.0466440974141408
Y231F,625.0,874.0,-0.4364403621125259,0.053096070177075946
Y231G,588.0,2627.0,1.2392982208208831,0.046436826463719556
Y231H,887.0,2059.0,0.29471768645760665,0.04108673633649106
Y231I,944.0,2772.0,0.6338475387465459,0.03866686528316539
Y231K,497.0,1901.0,1.0152084605851117,0.05111882930865273
Y231L,741.0,1318.0,-0.08941447652526247,0.04672574918860622
Y231M,905.0,2482.0,0.5352924136440924,0.03978600292034157
Y231N,767.0,1709.0,0.23563267059610205,0.04431664077004135
Y231P,291.0,45.0,-3.612962135436307,0.16040155759067057
Y231Q,854.0,2119.0,0.3908546519852525,0.04144793801106537
Y231R,755.0,2690.0,0.9128330021416247,0.04208679362265249
Y231S,1163.0,1880.0,-0.2273340417514662,0.03829904043153169
Y231T,657.0,964.0,-0.3670780929568149,0.05132686514208751
Y231V,542.0,825.0,-0.3141187386996922,0.05596568170671093
Y231W,839.0,613.0,-1.372988273099212,0.05383532543789308
Y231_,654.0,61.0,-4.342405935165227,0.13414488742047992
Y235A,889.0,450.0,-1.9024534621200528,0.058498599806571766
Y235C,702.0,135.0,-3.2986361878187545,0.09437375950466943
Y235D,662.0,71.0,-4.1409697737795215,0.1251724465984991
Y235E,866.0,114.0,-3.8454341889570234,0.10000474039135424
Y235F,1230.0,3089.0,0.4082636207991359,0.03481086660306754
Y235G,1149.0,253.0,-3.1033359174387893,0.06998424102473233
Y235H,634.0,287.0,-2.0636154673238867,0.07166957474557481
Y235I,827.0,86.0,-4.185539339642247,0.11362568755529578
Y235K,650.0,65.0,-4.241939229854802,0.13036776194315733
Y235L,1220.0,292.0,-2.983014168214038,0.06572117061604624
Y235M,668.0,552.0,-1.1953861730638877,0.058168819499297406
Y235N,1533.0,375.0,-2.9515770116580873,0.0582578202666784
Y235P,1572.0,173.0,-4.103893937516734,0.08056803078160896
Y235Q,1135.0,191.0,-3.491195809103038,0.07868572995508591
Y235R,1154.0,129.0,-4.081311798209353,0.09323597654456076
Y235S,1254.0,309.0,-2.9410342970340073,0.06409874905941142
Y235T,1169.0,339.0,-2.706098411710811,0.062291707058946606
Y235V,1194.0,114.0,-4.308793519117645,0.09840600056544986
Y235W,874.0,4197.0,1.343429333269409,0.03817699736520717
Y235_,1064.0,106.0,-4.2474503189935096,0.10221535961747197
Y257A,1052.0,2764.0,0.4734035410703261,0.037248101929109725
Y257C,1169.0,2638.0,0.2539518865429109,0.03618791088971677
Y257D,2313.0,290.0,-3.915807826534767,0.06289324799831138
Y257E,975.0,593.0,-1.637571458181136,0.05279213302462187
Y257F,845.0,2441.0,0.6102270098072875,0.04084300475382341
Y257G,1667.0,2978.0,-0.08312503615747469,0.03179210174080207
Y257H,1473.0,2950.0,0.08174174451215199,0.03305949966264894
Y257I,1165.0,1626.0,-0.4392170842674412,0.03935010416318972
Y257K,1940.0,4402.0,0.2618874577812904,0.02859539844044982
Y257L,1820.0,2258.0,-0.6091053777821696,0.03267081211960089
Y257M,963.0,1288.0,-0.5006897657445011,0.043472622451664465
Y257N,1163.0,1202.0,-0.872625479090007,0.04203384669275185
Y257P,1517.0,581.0,-2.304806571811249,0.04955198085831471
Y257Q,937.0,1112.0,-0.6731774638359012,0.04518366471384942
Y257R,1013.0,1203.0,-0.6722106567755493,0.04351404337626792
Y257S,858.0,1074.0,-0.5962698170329794,0.046600903509682164
Y257T,1328.0,1300.0,-0.9509541652877047,0.03996620859144278
Y257V,867.0,1781.0,0.11836420250778534,0.042307623356317346
Y257W,1061.0,1133.0,-0.8254885350233598,0.04359093401044595
Y257_,404.0,27.0,-4.823036333690389,0.19893108744340998
Y265A,1206.0,4502.0,0.9801165156778904,0.03356143809887093
Y265C,1076.0,2981.0,0.5498988533352431,0.0366044091112282
Y265D,575.0,1645.0,0.5962265269749656,0.04921448799676278
Y265E,1440.0,9537.0,1.8072473237410454,0.02956959396459763
Y265F,699.0,1666.0,0.3328011844903216,0.04589006200135855
Y265G,730.0,1686.0,0.28741408540751046,0.04514451395368574
Y265H,1429.0,3169.0,0.22880532416110855,0.03302132231332283
Y265I,588.0,1646.0,0.5648496291502632,0.04881851771564489
Y265K,864.0,4046.0,1.3071690945179566,0.03846579891896043
Y265L,651.0,2293.0,0.8962801612518962,0.04524653922183291
Y265M,1089.0,4685.0,1.184824049549098,0.034738718005736594
Y265N,1230.0,4190.0,0.8480727665204628,0.03356681447937321
Y265P,1157.0,4468.0,1.029020205260664,0.03410537567650683
Y265Q,2839.0,5849.0,0.12259364904716374,0.024459582286483053
Y265R,986.0,3660.0,0.9719625310149884,0.0369117649723275
Y265S,1020.0,4930.0,1.352796400921362,0.03547236233346735
Y265T,954.0,4072.0,1.1734539346783106,0.036998008130672104
Y265V,1331.0,2635.0,0.06507615074363482,0.034725796699537924
Y265W,856.0,181.0,-3.1617691242684565,0.08226684572272953
Y265_,1088.0,112.0,-4.200203248730986,0.0996089860621204
Y278A,1515.0,172.0,-4.058973847027383,0.08092430868610442
Y278C,764.0,95.0,-3.9276511242219883,0.10912908807246721
Y278D,1127.0,97.0,-4.458433911186562,0.10616301531200502
Y278E,877.0,105.0,-3.9822774478835807,0.10362532042612478
Y278F,990.0,147.0,-3.67173967939393,0.08881112405566016
Y278G,880.0,109.0,-3.9332703074857793,0.10190626892495333
Y278H,1090.0,164.0,-3.6526965600333803,0.08420022904251954
Y278I,903.0,70.0,-4.609319928406617,0.1243629679945279
Y278K,1340.0,154.0,-4.041358708377777,0.08552435063361925
Y278L,3733.0,225.0,-4.9724892242743834,0.06918955025624515
Y278M,1277.0,146.0,-4.0488416128086575,0.08778947427040114
Y278N,986.0,71.0,-4.715719042259714,0.1231737743368906
Y278P,857.0,79.0,-4.359415747858334,0.11789206873536678
Y278Q,5247.0,381.0,-4.703805647035448,0.053761085934953386
Y278R,1060.0,123.0,-4.0274412427071695,0.0956445204805601
Y278S,1563.0,146.0,-4.340398798881271,0.08696955640170717
Y278T,1136.0,120.0,-4.162959879884395,0.09637416400207645
Y278V,682.0,62.0,-4.379430974224937,0.13292009622461606
Y278W,1495.0,366.0,-2.950411039385897,0.058958665468202845
Y278_,1775.0,186.0,-4.1745859396848415,0.07755319953188583
Y292A,1174.0,563.0,-1.9804231206267664,0.05199053265853303
Y292C,1814.0,735.0,-2.2235575013688322,0.04457417619528467
Y292D,808.0,176.0,-3.118926626001654,0.08363115695789146
Y292E,672.0,306.0,-2.055114778317673,0.06950544407751401
Y292F,1277.0,1082.0,-1.1592668656728184,0.042217907329949886
Y292G,1355.0,549.0,-2.223610041875255,0.05132766290847101
Y292H,807.0,995.0,-0.618086401464689,0.04815831851441125
Y292I,1402.0,210.0,-3.6591775842853074,0.07449836433598545
Y292K,676.0,757.0,-0.756943105689933,0.05362202131574952
Y292L,1348.0,164.0,-3.9591863883231126,0.0831510075360767
Y292M,1000.0,195.0,-3.27860529116815,0.07875911855783203
Y292N,1212.0,2070.0,-0.14797474077866113,0.03719182374479432
Y292P,1705.0,1499.0,-1.1059810689837608,0.0364510683020337
Y292Q,693.0,367.0,-1.8372676731395359,0.06513653826464504
Y292R,2499.0,38547.0,3.0269795025963386,0.022386768663658085
Y292S,1536.0,556.0,-2.3862157488352196,0.050245724501440936
Y292T,1083.0,426.0,-2.2662982387630484,0.05784273372987447
Y292V,1286.0,244.0,-3.318100558397024,0.07036233528059353
Y292W,624.0,666.0,-0.8262361856349907,0.05638336613510435
Y292_,975.0,148.0,-3.639933239544276,0.08863970529864741
Y29A,757.0,1342.0,-0.0941997172642628,0.04627314601518696
Y29C,1019.0,1118.0,-0.7864459928527125,0.04416851389767767
Y29D,881.0,128.0,-3.7031127541745645,0.09498429970910316
Y29E,817.0,157.0,-3.299708164955997,0.08756747630995974
Y29F,1531.0,2266.0,-0.35454035402080786,0.034198457801864465
Y29G,252.0,45.0,-3.40537438839792,0.16205075794629384
Y29H,774.0,1285.0,-0.1888554000999969,0.04631677484117808
Y29I,387.0,136.0,-2.428868992577679,0.10005688241333313
Y29K,257.0,170.0,-1.5164157618811176,0.09923695242531601
Y29L,691.0,143.0,-3.192801433427861,0.09227535784153727
Y29M,939.0,436.0,-2.026990173844636,0.058596444959756334
Y29N,615.0,1276.0,0.13274698577469835,0.04984726008683919
Y29P,1029.0,218.0,-3.1590016610965987,0.07505877700976439
Y29Q,604.0,1023.0,-0.1600349683811153,0.052040137190328475
Y29R,910.0,1450.0,-0.24810233014314864,0.04316950357017955
Y29S,291.0,355.0,-0.6334199419305371,0.07954996348896977
Y29T,756.0,1580.0,0.14324559081274302,0.04506337550637347
Y29W,910.0,1401.0,-0.2976979266288984,0.04344797350790415
Y29_,39.0,5.0,-3.881172365670853,0.47466863990232444
Y316A,1210.0,433.0,-2.4027575981195417,0.05666499392877454
Y316C,1249.0,622.0,-1.9259862238059977,0.04983364221064368
Y316D,1362.0,209.0,-3.624304297388896,0.07479128072649095
Y316E,1483.0,313.0,-3.1644585477937808,0.06280252379257158
Y316F,1703.0,1753.0,-0.8784635563875063,0.03510996458935643
Y316G,1212.0,180.0,-3.6714635188619047,0.08034543689915302
Y316H,305.0,276.0,-1.0643468816023862,0.08352667097900741
Y316I,1153.0,568.0,-1.9416276671302146,0.05198936574580834
Y316K,1696.0,466.0,-2.783922733393075,0.05301473815836919
Y316L,1065.0,683.0,-1.5610992462737379,0.04978084295844872
Y316M,1415.0,1213.0,-1.1424316805666845,0.04007706198806677
Y316N,1586.0,960.0,-1.6444914043510472,0.04179994573736859
Y316P,1084.0,106.0,-4.274316674679445,0.10213050311095682
Y316Q,1720.0,624.0,-2.3829867743786153,0.04752890687365065
Y316R,914.0,278.0,-2.6372840479276345,0.06903723232066934
Y316S,1556.0,462.0,-2.6720662243734337,0.05368604386150169
Y316T,707.0,322.0,-2.054836004764308,0.06778618862679434
Y316V,2410.0,6107.0,0.4212161989713654,0.02556851362440971
Y316W,615.0,1890.0,0.699501218062001,0.0472245079385644
Y316_,2269.0,224.0,-4.260638801136971,0.07056822136640672
Y360A,967.0,529.0,-1.7904466905538419,0.054767741442998105
Y360C,1420.0,1329.0,-1.0157600052935094,0.039137281176832295
Y360D,1807.0,610.0,-2.4869105676130974,0.04762125949508637
Y360E,669.0,1459.0,0.2046792148595733,0.04748903903918998
Y360F,1033.0,1466.0,-0.4151701515785158,0.041535948599769244
Y360G,1052.0,513.0,-1.9563004408565048,0.05454271396512353
Y360H,634.0,383.0,-1.6473344115326922,0.06529338921492236
Y360I,1633.0,2220.0,-0.4771783261567695,0.03373249385910231
Y360K,1462.0,446.0,-2.6330160927352133,0.054782831651009535
Y360L,901.0,1500.0,-0.1848537804016761,0.043030157060164616
Y360M,754.0,848.0,-0.7507132554936611,0.05079901902213333
Y360N,949.0,176.0,-3.3509767674306907,0.08252449118209888
Y360P,1391.0,140.0,-4.232741889075286,0.08908600152119422
Y360Q,1095.0,524.0,-1.9834886719442029,0.05382063540747111
Y360R,1393.0,207.0,-3.6706441239253795,0.07499080639260983
Y360S,1182.0,333.0,-2.7478157109130397,0.06264180677229758
Y360T,1324.0,604.0,-2.0524805542889553,0.04985929835110243
Y360V,1330.0,1854.0,-0.4409989433892121,0.03696365866232842
Y360W,563.0,585.0,-0.8649101371144186,0.05967081761185936
Y360_,1276.0,137.0,-4.139497410624747,0.09031886201289951
Y9A,530.0,1064.0,0.085209348904975,0.05386709796998954
Y9C,720.0,551.0,-1.3061493179165042,0.05726067842267714
Y9D,307.0,299.0,-0.9583027897086209,0.08171082697156236
Y9E,1380.0,1253.0,-1.0594916685782265,0.03997220605523073
Y9F,851.0,1358.0,-0.24596476248561938,0.04457030990593007
Y9G,670.0,1101.0,-0.20363783678569458,0.04975779939108483
Y9H,820.0,1093.0,-0.5056176840644255,0.047004985214035774
Y9I,712.0,379.0,-1.8298724657352787,0.06417159859798156
Y9K,846.0,549.0,-1.5440531646294708,0.05548464806728081
Y9L,328.0,64.0,-3.2775814609030567,0.13691717611121085
Y9M,330.0,522.0,-0.25864317331528675,0.0708586615621284
Y9N,673.0,777.0,-0.7129056512768228,0.05336584437107747
Y9P,603.0,1315.0,0.20460906236880394,0.049938606118459725
Y9Q,1429.0,1446.0,-0.9031493586777803,0.038293732055197205
Y9R,555.0,449.0,-1.225977065674015,0.06406214035578772
Y9S,579.0,1117.0,0.027771055598758032,0.05193649603165809
Y9T,912.0,1108.0,-0.6393615222402902,0.04554190086832791
Y9V,802.0,1115.0,-0.4448463571818708,0.04710399970449874
Y9W,705.0,1892.0,0.5039932118153345,0.044966928165613596
Y9_,885.0,71.0,-4.559810520677595,0.12364271479778788
