mut,counts_input,counts_selected,f_score,SE
A105C,770.0,202.0,-3.0905378072669336,0.07953730597617419
A105D,562.0,34.0,-5.206652226827387,0.1768041094601463
A105E,334.0,530.0,-0.49395905347252533,0.07041255437031316
A105F,470.0,9.0,-6.865107872876505,0.3364411601910271
A105G,304.0,715.0,0.07375730230320166,0.06903039867383329
A105H,653.0,702.0,-1.0557008403844312,0.055073585966817266
A105I,540.0,8.0,-7.235127407782001,0.3560519782970623
A105K,532.0,23.0,-5.691207812162489,0.21311095239571587
A105L,606.0,67.0,-4.3369806251548955,0.12903694125053145
A105M,629.0,105.0,-3.7426435694114115,0.10578256494602355
A105N,520.0,1032.0,-0.17124165897615296,0.05449102147956386
A105P,393.0,10.0,-6.455139479565474,0.32019027630331887
A105Q,514.0,77.0,-3.898766062433598,0.12250739832555235
A105R,1289.0,24.0,-6.906571579258976,0.2061609821948063
A105S,606.0,387.0,-1.8070580925586803,0.06566048254892438
A105T,648.0,260.0,-2.477536303330691,0.07393538128965106
A105V,510.0,12.0,-6.568304815826371,0.292064960583182
A105W,633.0,19.0,-6.217485190803038,0.23293968142860239
A105Y,990.0,40.0,-5.789097901037374,0.16149641169675108
A105_,517.0,39.0,-4.888363618959438,0.16627056231008813
A117C,624.0,242.0,-2.526589824287065,0.07623547534555408
A117D,892.0,17.0,-6.872692174689903,0.244922967409542
A117E,1125.0,66.0,-5.251196754083044,0.12694624620112854
A117F,525.0,12.0,-6.610124183304103,0.29196904109340327
A117G,325.0,1199.0,0.7232003409625536,0.06315139292147452
A117H,687.0,68.0,-4.496599638943559,0.12742272776467883
A117I,441.0,5.0,-7.619944292977094,0.449383543649802
A117K,738.0,32.0,-5.687133119908086,0.18075530763223796
A117L,443.0,20.0,-5.628633529573616,0.2287128035419055
A117M,345.0,5.0,-7.265771101924273,0.4500850072330303
A117N,1475.0,37.0,-6.476753126598941,0.16665813669248294
A117P,516.0,34.0,-5.083455450463135,0.1772521150537835
A117Q,784.0,8.0,-7.773013340124024,0.3552417312554143
A117R,248.0,10.0,-5.79097175037762,0.32250495190271783
A117S,554.0,568.0,-1.1240830254369127,0.06035563417490084
A117T,1045.0,85.0,-4.779827714651281,0.11312603248415794
A117V,375.0,321.0,-1.3843981635827456,0.07654418286773143
A117W,568.0,10.0,-6.986489786818104,0.318963761118323
A117Y,1813.0,3075.0,-0.39788311746398897,0.030887210200365774
A117_,1914.0,61.0,-6.1314961635327725,0.13034748768388799
A126C,417.0,612.0,-0.6066140911224736,0.06410329850532072
A126D,422.0,18.0,-5.710494436294554,0.24077285812863958
A126E,525.0,78.0,-3.910701261325542,0.1216587178201725
A126F,319.0,136.0,-2.3899762577753645,0.1027830100370987
A126G,261.0,289.0,-1.013073006340096,0.08584059261457214
A126H,691.0,346.0,-2.1579801922175115,0.0664416703839128
A126I,332.0,674.0,-0.1385440364061008,0.06762295176427746
A126L,402.0,807.0,-0.15473217527762095,0.06167569173230005
A126M,337.0,463.0,-0.7018353848824237,0.0721408357922782
A126N,269.0,67.0,-3.1652988283751906,0.1368127492191232
A126P,553.0,764.0,-0.6938013841993333,0.05651917884832067
A126Q,422.0,604.0,-0.6427920876192683,0.06405046794990502
A126R,621.0,918.0,-0.5961939679148651,0.05269574367949167
A126S,509.0,857.0,-0.4084692982868008,0.05664533603676067
A126T,438.0,792.0,-0.3055324986947241,0.060190629175693865
A126V,113.0,129.0,-0.9690548780179293,0.12914085400075223
A126W,310.0,27.0,-4.680836545376792,0.2008140326593436
A126Y,414.0,148.0,-2.6440583000919347,0.09617145868616703
A126_,512.0,25.0,-5.515682361993801,0.20497400291955778
A134C,408.0,25.0,-5.18811488634219,0.20618480870247174
A134D,397.0,11.0,-6.3323763098588,0.3056511053586887
A134E,706.0,30.0,-5.716260731114543,0.18659015268436316
A134F,435.0,14.0,-6.116607042139727,0.2715762025435696
A134G,383.0,404.0,-1.0830783941656081,0.07185633421768035
A134H,701.0,44.0,-5.153619084810106,0.15564662028833712
A134I,584.0,12.0,-6.76377235345751,0.2916393231024494
A134K,429.0,18.0,-5.7342285272687805,0.24069255309104198
A134L,371.0,4.0,-7.691799363113019,0.5021445532554244
A134M,733.0,16.0,-6.676875004356307,0.252789335987461
A134N,878.0,28.0,-6.1303108197860885,0.19213985265868752
A134P,806.0,28.0,-6.0068711865970394,0.19240442610216343
A134Q,471.0,20.0,-5.7170519546622645,0.22841925989190195
A134R,423.0,7.0,-7.07522085178435,0.38091286573509003
A134S,2105.0,1156.0,-2.0247605461257216,0.037647711315613855
A134T,304.0,14.0,-5.599677256118375,0.27339385790576337
A134V,647.0,158.0,-3.193859481980696,0.08917136962079904
A134W,742.0,17.0,-6.607070920968213,0.2453851809531718
A134Y,358.0,9.0,-6.472416306444477,0.3374288932962621
A134_,720.0,27.0,-5.8965387359251045,0.1961872649160602
A151C,348.0,731.0,-0.08932495731712464,0.06571681376302638
A151D,559.0,542.0,-1.2046419590500879,0.06091887881285177
A151E,1037.0,1126.0,-1.041297503392582,0.043927793672167315
A151F,684.0,199.0,-2.9412638278417704,0.08101906364501618
A151H,492.0,245.0,-2.165934341836148,0.07868413880139592
A151I,495.0,249.0,-2.151341326600096,0.07818767681867807
A151K,613.0,13.0,-6.718305078585955,0.2803078560928589
A151L,189.0,28.0,-3.9145360140106122,0.20265613522938863
A151M,329.0,18.0,-5.3513486848880705,0.24215981997664157
A151N,521.0,662.0,-0.8145453903150957,0.05922118521796271
A151P,610.0,132.0,-3.368273009734912,0.09639372234797085
A151Q,259.0,309.0,-0.9054416098513691,0.08470091286466615
A151R,312.0,7.0,-6.636121351148703,0.38201521757043444
A151S,440.0,732.0,-0.4257602916153571,0.0609592142227224
A151T,521.0,902.0,-0.3682549723656594,0.05572461518703164
A151V,502.0,450.0,-1.3178463788966468,0.0655088822500249
A151W,365.0,86.0,-3.245447015968212,0.12018092461725473
A151Y,333.0,61.0,-3.6085352020709562,0.1395382279553813
A151_,255.0,7.0,-6.345082904827461,0.3829517147394831
A162C,153.0,273.0,-0.3247594845183137,0.10136882493067394
A162D,425.0,73.0,-3.701418138626428,0.1269916859697432
A162E,574.0,668.0,-0.9412935080108467,0.05758786441424667
A162F,426.0,11.0,-6.43408825915718,0.30537048433640385
A162G,530.0,1252.0,0.08006726311731693,0.052561593778234
A162H,787.0,383.0,-2.1990872442938,0.06291882385004993
A162I,814.0,26.0,-6.127995550553113,0.1993802548090127
A162K,548.0,362.0,-1.7582600063229412,0.06829632107227362
A162L,823.0,47.0,-5.289957711642695,0.15021441495084056
A162M,637.0,63.0,-4.497750642849884,0.1323539929006322
A162N,1160.0,53.0,-5.61181622852719,0.1407255320463075
A162P,432.0,150.0,-2.6860933675737595,0.09517474510542297
A162Q,331.0,351.0,-1.0754500069975421,0.07711826677547307
A162R,832.0,45.0,-5.368370735548382,0.15328549279147888
A162S,466.0,697.0,-0.5792688961233088,0.06047995506949058
A162T,878.0,69.0,-4.829447370219605,0.12532693781531626
A162V,494.0,20.0,-5.785834510548827,0.22820278621579337
A162W,570.0,8.0,-7.313128513673111,0.3559150866106532
A162Y,783.0,85.0,-4.363413604452326,0.11453249967285271
A162_,826.0,14.0,-7.04171772373698,0.2695653448712892
A164C,907.0,2027.0,7.55071314628708e-05,0.04090366457565355
A164D,777.0,1709.0,-0.022931569428428666,0.04415164129021746
A164E,632.0,1051.0,-0.4263302317109572,0.05109763008175604
A164F,580.0,1352.0,0.060868806173397516,0.05040829620600428
A164G,618.0,1317.0,-0.06852312471396615,0.04954433462600375
A164H,794.0,1544.0,-0.20063432291134742,0.044545962810446635
A164I,1101.0,2269.0,-0.11685194209565708,0.037765413127947844
A164K,1061.0,1570.0,-0.5947518425010134,0.04070240073472115
A164L,528.0,1050.0,-0.1683214274662923,0.054069622047694076
A164M,1364.0,2755.0,-0.1458840028745807,0.03425428682243681
A164N,981.0,2053.0,-0.09468643020896028,0.03979567703052236
A164P,631.0,915.0,-0.6239626952247237,0.05248708213683905
A164Q,621.0,1551.0,0.1604322458396128,0.04829357946982325
A164R,472.0,150.0,-2.813846084689229,0.09413856837515677
A164S,682.0,1197.0,-0.34851693030970754,0.0487741498230786
A164T,869.0,1800.0,-0.1095270993734827,0.04223192909328857
A164V,900.0,1451.0,-0.4710428113142022,0.043330387876340186
A164W,680.0,1447.0,-0.07064031237659574,0.04731696797631538
A164Y,632.0,1464.0,0.05181878023732622,0.048399974283264965
A164_,569.0,28.0,-5.50452745574333,0.193742669914284
A169C,703.0,721.0,-1.123613279200078,0.05372752376482032
A169D,258.0,207.0,-1.4778138585612082,0.09372167250088277
A169E,1070.0,881.0,-1.440481316913817,0.04633443883999491
A169F,709.0,84.0,-4.2372603404757445,0.11571953510123141
A169G,543.0,964.0,-0.3320179916983266,0.05437066277305837
A169H,1322.0,1290.0,-1.1954381775274356,0.040110601355787166
A169I,501.0,764.0,-0.5513352148986126,0.058155826514464874
A169K,369.0,15.0,-5.779751368148946,0.26345674049748247
A169L,598.0,47.0,-4.829217360950208,0.15172847864950242
A169M,462.0,15.0,-6.104015533435227,0.26241942719353956
A169N,464.0,936.0,-0.14771929148613694,0.05745206038942409
A169P,632.0,667.0,-1.08232633185413,0.056202579697404206
A169Q,1298.0,178.0,-4.026358640774817,0.08040721758678826
A169R,717.0,22.0,-6.185849526752202,0.21657752190427973
A169S,619.0,1238.0,-0.16009899032978936,0.05000479303740913
A169T,570.0,1013.0,-0.33049805576933444,0.053092004056276954
A169V,980.0,1491.0,-0.5546657790690555,0.042051547962010105
A169W,733.0,394.0,-2.0556879714807295,0.06308322391686755
A169Y,1057.0,85.0,-4.796299992332745,0.11307800593864369
A169_,908.0,39.0,-5.700879619703186,0.16374678861899106
A208C,941.0,2004.0,-0.06947958893994066,0.040483775646268566
A208D,831.0,23.0,-6.334620286205372,0.21151824760178006
A208E,422.0,12.0,-6.295056466495196,0.29276408151825545
A208F,1034.0,265.0,-3.1242187701027317,0.0694103721973151
A208G,709.0,1979.0,0.32081368460774584,0.04464268272375595
A208H,423.0,17.0,-5.796324060131587,0.2474473814906413
A208I,419.0,1140.0,0.2839025620275306,0.057801486100887894
A208K,657.0,23.0,-5.995669777572177,0.2122702545424565
A208L,1393.0,2136.0,-0.5433745504880858,0.0355426667572007
A208M,640.0,1358.0,-0.0747595859785255,0.04874521320640579
A208N,427.0,55.0,-4.116591385161068,0.14351873448916533
A208P,869.0,24.0,-6.337752807085014,0.20706833691350937
A208Q,751.0,26.0,-6.011781150575923,0.19963852349612687
A208R,590.0,29.0,-5.506204543114727,0.19037596293141876
A208S,665.0,1442.0,-0.04345410789929183,0.04769131864860276
A208T,675.0,1376.0,-0.13257716271110542,0.047806349579319285
A208V,830.0,1899.0,0.03395954222454023,0.042528150132703474
A208W,1240.0,46.0,-5.912347825573929,0.1503931490958778
A208Y,354.0,2.0,-8.62053813923808,0.7073997917681664
A208_,611.0,9.0,-7.243612412654519,0.33571070043949186
A215C,604.0,1264.0,-0.09472379998599134,0.050239260858859644
A215D,635.0,149.0,-3.2514574957416063,0.0914493628607726
A215E,481.0,1058.0,-0.022872866047281448,0.055690018222466456
A215F,739.0,346.0,-2.2548674898894756,0.06573051167968028
A215G,541.0,776.0,-0.6396673543109195,0.05669467769086475
A215H,474.0,1212.0,0.19432486462913623,0.05488154932307821
A215I,1019.0,556.0,-2.034072810840711,0.053452053875560575
A215K,789.0,17.0,-6.695675876154871,0.24522154750127267
A215L,548.0,75.0,-4.029134709298013,0.12342442478488826
A215M,617.0,1251.0,-0.14035979195901938,0.049973213011946155
A215N,741.0,1797.0,0.11794618305977966,0.044533560440621636
A215P,1022.0,166.0,-3.7821545962269987,0.08413944460765406
A215Q,785.0,1544.0,-0.18418817786278385,0.04470773918915917
A215R,661.0,50.0,-4.8844709243936,0.1469220400024848
A215S,779.0,1897.0,0.12392619371719782,0.043451979705969666
A215T,807.0,1866.0,0.049210924849036,0.04303827887342599
A215V,2514.0,16410.0,1.546426487466284,0.023150765183974676
A215W,1320.0,59.0,-5.6435329275250385,0.13334578707832673
A215Y,820.0,325.0,-2.4952447324282856,0.06613300499853828
A215_,485.0,27.0,-5.326536285360788,0.19789488743952588
A220C,660.0,620.0,-1.2502837357722507,0.0566149661482682
A220D,622.0,13.0,-6.7393322444928145,0.2802657500006026
A220E,127.0,2.0,-7.141690115968247,0.7109592690360015
A220F,870.0,26.0,-6.223981016211838,0.1991818564701518
A220G,663.0,1213.0,-0.2885984284096761,0.04909090557703296
A220H,697.0,24.0,-6.0195593829395495,0.2077528845855616
A220I,411.0,127.0,-2.8543187420267238,0.10190032013571249
A220K,423.0,6.0,-7.297270305083787,0.4108900217944812
A220L,669.0,26.0,-5.844976808298014,0.200046859108299
A220M,375.0,26.0,-5.009878099607482,0.20295466348084906
A220N,432.0,13.0,-6.213459177590115,0.2815243518083362
A220P,573.0,23.0,-5.798314765049461,0.21279516995522788
A220Q,647.0,527.0,-1.4560450100861226,0.059332259258091914
A220R,1019.0,43.0,-5.726439604913488,0.15591343797824958
A220S,760.0,1524.0,-0.15630527410808703,0.04526791861807658
A220T,918.0,480.0,-2.0955327445560394,0.05700746710473664
A220V,828.0,460.0,-2.0080703047458073,0.0588118125026799
A220W,917.0,123.0,-4.05824920046605,0.0964218317749088
A220Y,624.0,41.0,-5.087608837275034,0.16144374734116437
A220_,186.0,8.0,-5.6975214676762675,0.36096710202056
A243C,1417.0,3487.0,0.13905322487003202,0.032706858417587824
A243D,2131.0,64.0,-6.2171835813513,0.12715765274426427
A243E,2630.0,29.0,-7.662461516316136,0.1868912716685057
A243F,956.0,488.0,-2.1302023352088746,0.056324072313837494
A243G,761.0,452.0,-1.9116480582075894,0.06003026100275162
A243H,1227.0,55.0,-5.63939663068788,0.13809688954564184
A243I,769.0,1231.0,-0.481319119404656,0.046797039591613174
A243K,1087.0,29.0,-6.38775844384417,0.1883296988606545
A243L,870.0,249.0,-2.9649156399155636,0.07240555001628568
A243M,821.0,508.0,-1.8526302351193502,0.05712902738734563
A243N,783.0,520.0,-1.7505787025380135,0.057248680864536
A243P,879.0,58.0,-5.081593390789427,0.1358429213397424
A243Q,631.0,30.0,-5.554234981645323,0.18704073215521164
A243R,1144.0,48.0,-5.734708253847737,0.14758170894280043
A243S,745.0,1687.0,0.019049492808681734,0.044858412787186566
A243T,1025.0,1774.0,-0.36871117971623235,0.040206262448942376
A243V,808.0,1918.0,0.08707785205482832,0.04285126348847856
A243W,988.0,63.0,-5.130960266184866,0.13023010739803226
A243Y,649.0,17.0,-6.413872998484481,0.2457783648076625
A243_,1289.0,47.0,-5.937239302295657,0.14874510938372754
A252C,1052.0,2612.0,0.15192466477461686,0.03755871209744001
A252D,820.0,37.0,-5.629741799752332,0.16827498430743645
A252E,1055.0,50.0,-5.558983595469098,0.1449865777775057
A252F,1274.0,2560.0,-0.1533144929825947,0.03539484836873683
A252G,1306.0,2578.0,-0.17899542068120322,0.03508326714049772
A252H,1042.0,29.0,-6.326762354268348,0.1884351464641729
A252I,1254.0,1437.0,-0.9635660884851425,0.039630541376084696
A252K,909.0,32.0,-5.987788920606222,0.18004883769736418
A252L,925.0,2113.0,0.03167139056818513,0.04039277834506281
A252M,462.0,859.0,-0.2653364891876233,0.05835952996906661
A252N,584.0,7.0,-7.540522155152521,0.38005644373219233
A252P,491.0,7.0,-7.290281489608339,0.38048287658480034
A252Q,1023.0,35.0,-6.028996712651139,0.1720988780053986
A252R,700.0,35.0,-5.48162390199819,0.1734043461974669
A252S,1593.0,2828.0,-0.33205543873263377,0.03253608166879227
A252T,676.0,907.0,-0.7360134681340327,0.05156588364911681
A252V,650.0,1261.0,-0.20404143892767035,0.04907852498433994
A252W,1386.0,38.0,-6.34850216810525,0.16464388912264694
A252Y,1193.0,38.0,-6.132170637596183,0.16499797165636873
A252_,900.0,30.0,-6.066513144287015,0.1857702164285613
A273C,970.0,2794.0,0.36617832176698206,0.038289350404930735
A273D,957.0,46.0,-5.5386019752997315,0.15118391232654263
A273E,370.0,189.0,-2.129189033512268,0.08983653843931207
A273F,1306.0,3123.0,0.09768390838247143,0.034104888926713504
A273G,944.0,1871.0,-0.17314411506155647,0.04087823529696593
A273H,1249.0,1191.0,-1.2286868382786338,0.04144280681468471
A273I,791.0,1759.0,-0.007091491030888797,0.043703051870123605
A273K,1224.0,2983.0,0.12506613231039276,0.03506376012488132
A273L,1156.0,3006.0,0.2186085937477773,0.03570658107893861
A273M,1155.0,2483.0,-0.05590260769792188,0.036684860529437896
A273N,694.0,1690.0,0.1239160902221661,0.0459332398667991
A273P,980.0,11.0,-7.6359974335534835,0.30318998617521875
A273Q,2146.0,3896.0,-0.29974675540182005,0.028282548105612104
A273R,1115.0,2300.0,-0.11550385235108251,0.03753508069820964
A273S,700.0,1827.0,0.22394975647848891,0.045311610227750286
A273T,679.0,1624.0,0.0979684522723634,0.046537519671503234
A273V,968.0,2262.0,0.06442411382818491,0.039400260094369186
A273W,1191.0,1856.0,-0.5200683799114296,0.03815314318577385
A273Y,574.0,1164.0,-0.1401316604120586,0.051754011422654504
A273_,677.0,33.0,-5.5182894371262705,0.1784605895608692
A289C,1583.0,3044.0,-0.2167846078559288,0.032209790482266284
A289D,579.0,97.0,-3.73747022585596,0.11005703138603203
A289E,730.0,1209.0,-0.4322492914542444,0.04768873963913143
A289F,1429.0,2759.0,-0.21095266354039888,0.03375622367821458
A289G,758.0,1408.0,-0.2667185429847967,0.045898961422206584
A289H,943.0,1511.0,-0.47991910354280254,0.042420416689146125
A289I,859.0,968.0,-0.9877403120592634,0.04769094885463106
A289K,1014.0,642.0,-1.8194915428999634,0.05119609679270256
A289L,773.0,1295.0,-0.4156830813926451,0.04629349583245073
A289M,1496.0,3910.0,0.22596514137060275,0.03164565014188338
A289N,1223.0,2634.0,-0.05326271443035102,0.035700878198499514
A289P,1053.0,24.0,-6.614827260350273,0.2065822354553426
A289Q,925.0,1304.0,-0.6646732712592778,0.04387691078771715
A289R,890.0,42.0,-5.565104192145236,0.15812870620938219
A289S,717.0,1518.0,-0.07797118756497223,0.04615935981139483
A289T,619.0,1294.0,-0.09627319186924854,0.04965403270247309
A289V,1063.0,1956.0,-0.2803287597495494,0.03910522182925839
A289W,858.0,1228.0,-0.6428313954134763,0.045354843397637276
A289Y,760.0,1689.0,-0.007999773585830816,0.04455427688301716
A289_,714.0,46.0,-5.11601225540968,0.15235548823175438
A312C,623.0,1300.0,-0.09889184157232389,0.04951347438981492
A312D,1212.0,30.0,-6.495901810062408,0.18499878444746812
A312E,1039.0,43.0,-5.75448093512423,0.15585284773817512
A312F,1931.0,141.0,-4.93557358963387,0.08767444299627136
A312G,2283.0,4480.0,-0.18752256330072292,0.027175000265711957
A312H,1138.0,38.0,-6.064077736662155,0.16512068801331858
A312I,1136.0,621.0,-2.0313744664291393,0.0506734900179651
A312K,1074.0,49.0,-5.613874806240262,0.1463295521505763
A312L,1715.0,3448.0,-0.1525403670559471,0.03082787636964565
A312M,1039.0,1419.0,-0.7104121202853468,0.04176625353849355
A312N,873.0,679.0,-1.5226526948509616,0.05191765820309249
A312P,1416.0,37.0,-6.417859845083523,0.16674286408231537
A312Q,1313.0,1100.0,-1.415448601903269,0.04180837342965288
A312R,920.0,25.0,-6.361159916958438,0.20285019035292337
A312S,1277.0,2770.0,-0.04296597501729238,0.034947637585679495
A312T,983.0,2280.0,0.05367481689436904,0.03915516362398538
A312V,968.0,1246.0,-0.7958655465202744,0.043736227296269525
A312W,1212.0,126.0,-4.4258788053230305,0.0940117143087037
A312Y,879.0,26.0,-6.238828610832339,0.19915231195358357
A312_,999.0,55.0,-5.342820648279035,0.1387687018039786
A321C,975.0,1879.0,-0.21360351307754755,0.04043605165348294
A321D,1117.0,49.0,-5.670509481629786,0.1462070276644203
A321E,1060.0,39.0,-5.924177403504796,0.16326386205349577
A321F,648.0,171.0,-3.0820227230127584,0.08641785657143441
A321G,1752.0,3838.0,-0.02873987600948702,0.030142549853611526
A321H,1050.0,42.0,-5.803613808766732,0.15758641035487303
A321I,509.0,132.0,-3.107134116251384,0.09806645840902335
A321K,1038.0,23.0,-6.655502885675418,0.21095022154665635
A321L,719.0,222.0,-2.855474511487458,0.07728099035522161
A321M,1281.0,648.0,-2.143281093066557,0.04900070116393141
A321N,929.0,123.0,-4.077005860033844,0.09634876061461027
A321P,438.0,12.0,-6.348743088574902,0.29261621320607517
A321Q,2075.0,876.0,-2.404186382261135,0.041239707686982666
A321R,1271.0,46.0,-5.947971451535266,0.15032774213969582
A321S,1525.0,2283.0,-0.5779688611338125,0.03421988101965103
A321T,1240.0,1006.0,-1.4617944462632186,0.043332662453190854
A321V,939.0,1366.0,-0.6193317190655607,0.04329271381130912
A321W,897.0,203.0,-3.3036606112680635,0.0782171919470349
A321Y,1197.0,80.0,-5.063198406023647,0.11580630909305428
A321_,1214.0,71.0,-5.255701625377563,0.12240706129031877
A328C,1163.0,323.0,-3.0083001039183808,0.06350563629141158
A328D,2056.0,87.0,-5.722609589878372,0.10980236530179309
A328E,1322.0,55.0,-5.746982713606589,0.13788468206990118
A328F,667.0,118.0,-3.658886611197822,0.10025135743171164
A328G,1183.0,2259.0,-0.22685894873911483,0.036948908017960636
A328I,21.0,6.0,-2.965726602999558,0.4626694093822294
A328K,593.0,11.0,-6.911257396341724,0.30428618465143537
A328L,1143.0,214.0,-3.577175246718639,0.07499873634160226
A328M,1675.0,379.0,-3.3039492268480792,0.05755617077300355
A328N,948.0,25.0,-6.404412651751565,0.2027710438222203
A328P,1128.0,31.0,-6.344989858391553,0.1822400275177145
A328Q,912.0,19.0,-6.744306543266457,0.23190002267137505
A328R,1086.0,48.0,-5.65964597838175,0.14773978616297806
A328S,1624.0,1822.0,-0.9941169758108379,0.03523993168163276
A328T,1557.0,1146.0,-1.6022459142871406,0.03990110260822051
A328V,1103.0,1400.0,-0.8160960755471365,0.041208486117929696
A328W,1549.0,71.0,-5.607267777834947,0.12167721986602294
A328Y,941.0,74.0,-4.828505269947683,0.1210438936682449
A328_,981.0,52.0,-5.397494236731972,0.1425611375497226
A347C,914.0,1623.0,-0.3316973028347556,0.042278454370977124
A347D,965.0,42.0,-5.681826538611563,0.1578523472678872
A347E,1129.0,489.0,-2.367209728658641,0.05484458336983709
A347F,909.0,374.0,-2.441306658271423,0.062057004695923554
A347G,2389.0,4274.0,-0.3209099462183569,0.027014891510543735
A347H,1066.0,36.0,-6.047766899042425,0.16966257688943592
A347I,755.0,759.0,-1.152464196537129,0.05214633341152605
A347K,1229.0,67.0,-5.357063774126105,0.12575395600290615
A347L,919.0,398.0,-2.367363218065389,0.06064549240526423
A347M,988.0,905.0,-1.2866792474608433,0.04684382875620708
A347N,964.0,649.0,-1.7308947415707845,0.05153048192390344
A347P,1636.0,42.0,-6.443392307670047,0.15650031327100192
A347Q,1459.0,135.0,-4.593938933775014,0.09038530651995311
A347R,1244.0,60.0,-5.5337386796019095,0.13245750274142734
A347S,1739.0,2459.0,-0.6602759638560265,0.03254160670839507
A347T,478.0,291.0,-1.8760594074017272,0.07487030850534268
A347V,387.0,240.0,-1.8493636649925165,0.08262962086831502
A347W,1238.0,56.0,-5.62628206646555,0.13689028888361074
A347Y,1255.0,50.0,-5.8094257814752,0.14446472171932673
A347_,865.0,23.0,-6.392471259571398,0.21140640982304645
A349C,1597.0,3216.0,-0.1501887910389974,0.03184906723746772
A349D,775.0,1688.0,-0.03705071704564311,0.04427152702632087
A349E,697.0,1808.0,0.21506406050584914,0.04544273927995092
A349F,1374.0,2285.0,-0.42627936208602435,0.03525166958906579
A349G,1266.0,2991.0,0.0802565964486619,0.03466218432943828
A349H,817.0,1952.0,0.09644746487835132,0.04258540014973481
A349I,775.0,1685.0,-0.03961701446689325,0.044283437549628775
A349K,716.0,1324.0,-0.273224960279034,0.047213964723192905
A349L,1063.0,2071.0,-0.19790798604479498,0.0387405438167755
A349M,1021.0,2409.0,0.07835604893530856,0.0383637750925842
A349N,754.0,1564.0,-0.10749316239525708,0.04519815350563948
A349P,433.0,792.0,-0.28896903416076825,0.06040922470261054
A349Q,1448.0,2607.0,-0.3117627859970544,0.033932768496179926
A349R,1219.0,2714.0,-0.005371261518560377,0.03558152493952291
A349S,749.0,1749.0,0.0633943155993677,0.04454319589983969
A349T,713.0,1442.0,-0.14400038346562738,0.04661791460623274
A349V,1211.0,2503.0,-0.11263406039634027,0.0360905058643407
A349W,1044.0,2200.0,-0.0847127863575663,0.03859581896345942
A349Y,1079.0,2243.0,-0.10435952007089444,0.03807694288955366
A349_,1191.0,46.0,-5.8541815968309265,0.1505034142419306
A357C,1416.0,3266.0,0.0456104172607974,0.03300973071344638
A357D,1342.0,2270.0,-0.40178410588441205,0.03553767361110484
A357E,943.0,254.0,-3.052475111953224,0.07123577502350194
A357F,1604.0,2051.0,-0.8054359472544728,0.034471013832757386
A357G,1188.0,2419.0,-0.13421758370318138,0.03650184424832049
A357H,1455.0,122.0,-4.7360451038205404,0.09466033290445824
A357I,1567.0,3518.0,0.006657860147872174,0.03161737260583224
A357K,649.0,20.0,-6.179534972242126,0.22714107823871268
A357L,1967.0,1908.0,-1.2040228965114852,0.033312771028691235
A357M,383.0,854.0,-0.0032164338426028394,0.06212159838151031
A357N,887.0,607.0,-1.707317422440906,0.0534045966665882
A357P,1229.0,70.0,-5.293879174617747,0.1231851671758321
A357Q,1846.0,351.0,-3.554913667769828,0.058888701629539277
A357R,1223.0,58.0,-5.558078107667419,0.13465998141736968
A357S,1041.0,2377.0,0.031076708311496226,0.038190977688648826
A357T,862.0,1848.0,-0.059891284444836934,0.0421716798818099
A357V,578.0,1401.0,0.11721355855893467,0.05021048969547822
A357W,1363.0,2630.0,-0.21181519880552857,0.034512977926853865
A357Y,1233.0,1545.0,-0.8346556614892982,0.039185674088509134
A357_,1127.0,33.0,-6.253540704903548,0.1768004596804099
A362C,1555.0,1406.0,-1.3054043397824873,0.03783601191436554
A362D,1387.0,24.0,-7.0122863124185155,0.20602799990153345
A362E,1414.0,43.0,-6.199063718576319,0.15503181635006258
A362F,560.0,9.0,-7.1178690101252755,0.335932615807299
A362G,1038.0,1441.0,-0.6868273322218261,0.041648387574271646
A362H,1248.0,88.0,-4.985905563968685,0.11063846275371204
A362I,1109.0,16.0,-7.27424259337164,0.2518728164071243
A362K,1260.0,49.0,-5.844302563705151,0.1458591522681332
A362L,1117.0,82.0,-4.927785790954193,0.11474376095106413
A362M,932.0,55.0,-5.242666963298855,0.1390277363706367
A362N,599.0,17.0,-6.298212378795894,0.24603986975926473
A362P,1231.0,305.0,-3.1730013700227344,0.0645613718686238
A362Q,1449.0,43.0,-6.234338946877861,0.15497671394732443
A362R,1642.0,96.0,-5.256221761366838,0.10536526952101508
A362S,896.0,449.0,-2.15685459483659,0.05848443796934912
A362T,1678.0,550.0,-2.769308896165259,0.04991333877518488
A362V,990.0,33.0,-6.06655539116044,0.17714736740125808
A362W,710.0,24.0,-6.046219372479419,0.20768965375088713
A362Y,592.0,23.0,-5.845375993860121,0.21266352477796296
A362_,877.0,32.0,-5.9360860479603295,0.18016027281582966
A368C,1661.0,3500.0,-0.08478905197592468,0.031064536470432346
A368D,788.0,35.0,-5.652462308036827,0.17294373561409704
A368E,893.0,168.0,-3.5702165627401437,0.08455225352144015
A368F,1885.0,2462.0,-0.7748228924055778,0.031842141553967106
A368G,664.0,1346.0,-0.14067508259734662,0.048230556374843615
A368H,1194.0,582.0,-2.1967864098550325,0.051312241051115766
A368I,902.0,2103.0,0.061153040285400806,0.04076018516056444
A368K,312.0,313.0,-1.1554708566949499,0.08048018520527918
A368L,2117.0,4224.0,-0.16350217101245157,0.02804201866100546
A368M,1472.0,2250.0,-0.5479433959107065,0.03465594179620109
A368N,1053.0,1892.0,-0.3146867602486605,0.03943913858161358
A368P,1444.0,939.0,-1.7809556431167572,0.04283358479544976
A368Q,1707.0,13011.0,1.7701022057297868,0.027201585529870093
A368R,945.0,32.0,-6.04382235090869,0.17993242039133098
A368S,1315.0,2583.0,-0.18610787878675383,0.03499777624813208
A368T,1378.0,2982.0,-0.04638859890218905,0.033738361572274896
A368V,968.0,2150.0,-0.008837823438988757,0.039691433794541243
A368W,1052.0,1785.0,-0.39730359887702615,0.039850105134717845
A368Y,778.0,157.0,-3.469019588173621,0.08792951851259723
A368_,1131.0,72.0,-5.133357945055496,0.12185390533950553
A381C,1547.0,2250.0,-0.6196384461482802,0.03417746806674403
A381D,523.0,1441.0,0.3020825738908126,0.0517997650812834
A381E,1167.0,2406.0,-0.11626162171509513,0.03673915048453447
A381F,633.0,3250.0,1.2000566241811494,0.044324867252474774
A381G,1097.0,2203.0,-0.15418797019692487,0.03798344038776872
A381H,582.0,1137.0,-0.19395824086042168,0.05171974379834461
A381I,589.0,1349.0,0.035449672826690204,0.050162705426143726
A381K,376.0,776.0,-0.1147831242557924,0.06344600496362252
A381L,1191.0,2471.0,-0.1071720143356325,0.03635333481796255
A381M,886.0,2101.0,0.08560080462266573,0.04101055493139183
A381N,1256.0,2684.0,-0.06454524095110026,0.03529868949329207
A381P,1977.0,4846.0,0.1333898763888528,0.02809658856414604
A381Q,834.0,1831.0,-0.025584253830678527,0.04268983104263831
A381R,1140.0,2580.0,0.018242840887070066,0.03663371816262845
A381S,911.0,2058.0,0.015623859915057992,0.0407533765643244
A381T,1618.0,3416.0,-0.08199566301268257,0.03143295982404294
A381V,984.0,2065.0,-0.09068345113085208,0.03972099712548605
A381W,769.0,1397.0,-0.2988192530747078,0.045754085263294386
A381Y,766.0,1604.0,-0.09383933219363882,0.04479008950067435
A381_,1614.0,3249.0,-0.15073667016817138,0.031695575928756166
A45C,386.0,852.0,-0.01785519617398812,0.06198024061787092
A45D,773.0,20.0,-6.431781342294778,0.22659634913395177
A45E,506.0,29.0,-5.284631032786703,0.1911134905323599
A45F,483.0,263.0,-2.0370227414526108,0.07713453139079132
A45G,929.0,623.0,-1.7365261428231884,0.052524032328305534
A45H,247.0,85.0,-2.698952321163377,0.12605153579437267
A45I,865.0,25.0,-6.272227185614518,0.20302046945676955
A45K,1070.0,42.0,-5.830835020682632,0.15752991954326823
A45L,373.0,7.0,-6.893743390689803,0.3813285909148075
A45M,466.0,1181.0,0.18150102474130936,0.05540630109253267
A45N,647.0,12.0,-6.911567291150175,0.29135333617199566
A45P,1398.0,42.0,-6.216585421371448,0.15683241792438665
A45Q,1716.0,244.0,-3.974133118629263,0.06897962384256705
A45R,671.0,27.0,-5.794856059014675,0.19644557534324228
A45S,836.0,1892.0,0.018240272424221438,0.04244932266856676
A45T,562.0,302.0,-2.056086817867354,0.07188689052312888
A45V,928.0,18.0,-6.847357602232725,0.23807463475144766
A45W,1087.0,36.0,-6.075911139851886,0.1696091602214552
A45Y,807.0,23.0,-6.292340999017318,0.21160282638231456
A45_,479.0,21.0,-5.67099504445555,0.22307234339004126
A46C,890.0,1854.0,-0.10133176272583455,0.0417157394672065
A46D,328.0,593.0,-0.30577070249653193,0.06937037094833008
A46E,533.0,594.0,-1.0037627186005063,0.06030637919952487
A46F,321.0,915.0,0.3510819330134627,0.06546220744987402
A46G,752.0,1820.0,0.11503528859785295,0.04423195341716633
A46H,759.0,1088.0,-0.6405863189136332,0.048102635262837694
A46I,646.0,1282.0,-0.17130822425303283,0.04904321963610918
A46K,821.0,19.0,-6.592656694246849,0.232161911756838
A46L,330.0,602.0,-0.292809627058114,0.06905477392928575
A46M,618.0,1047.0,-0.39951420314588404,0.05148248373548192
A46N,343.0,593.0,-0.3702815405836253,0.06840268799118294
A46P,584.0,222.0,-2.5554557482388214,0.07933378647598026
A46Q,800.0,1245.0,-0.5220199455668428,0.04615668312170384
A46R,1392.0,47.0,-6.048145421618699,0.1485520246843631
A46S,997.0,2239.0,0.007093754592805368,0.03907522940071292
A46T,139.0,210.0,-0.5648179812437126,0.10969345334604542
A46V,936.0,974.0,-1.1026746958769422,0.04660790469602116
A46W,1033.0,2418.0,0.06687865381226388,0.03819498240387055
A46Y,743.0,941.0,-0.8192589104497987,0.049857933076744035
A46_,264.0,4.0,-7.200933866220417,0.5032311025147403
A48C,408.0,49.0,-4.217543797113405,0.15143370868493541
A48D,293.0,15.0,-5.4470413575123455,0.2647873736744711
A48E,514.0,103.0,-3.479099366091484,0.10830757786602863
A48F,443.0,18.0,-5.78055651557308,0.24053948221763
A48G,439.0,1127.0,0.20008727190212028,0.056942116535512226
A48H,3178.0,3070.0,-1.2099676464287783,0.026788855514778314
A48I,932.0,32.0,-6.023838189398602,0.1799734311183484
A48K,616.0,33.0,-5.38206606446873,0.1788699226821563
A48L,311.0,11.0,-5.980161931540937,0.3067883646141883
A48M,695.0,35.0,-5.471282106047476,0.1734339772875265
A48N,406.0,417.0,-1.1215206181126618,0.07027279823787633
A48P,1172.0,69.0,-5.246122973225814,0.12418187142568056
A48Q,483.0,22.0,-5.615909344909978,0.21813182440140103
A48R,422.0,22.0,-5.421133472309273,0.2188167141715696
A48S,930.0,1700.0,-0.28986223835807046,0.04172214892454838
A48T,568.0,18.0,-6.1391335797478215,0.23950467532373368
A48V,399.0,22.0,-5.340281190460561,0.219128604153819
A48W,505.0,9.0,-6.9687283765738215,0.3362219486787592
A48Y,883.0,392.0,-2.3316266560651266,0.06132449722746447
A48_,798.0,38.0,-5.552043231944752,0.16625050928759022
A62C,872.0,1693.0,-0.2029134269871138,0.042599159930021495
A62D,734.0,17.0,-6.591432009104148,0.24541510866005825
A62E,549.0,23.0,-5.736586875952396,0.21297435188750702
A62F,389.0,6.0,-7.176385777886852,0.41114137192406913
A62G,1174.0,2531.0,-0.05181882661119985,0.03638858766583828
A62H,598.0,14.0,-6.575728085713125,0.27042013404783355
A62I,433.0,4.0,-7.914741633291659,0.5017601246732197
A62K,466.0,17.0,-5.935993204592191,0.24700622056420962
A62L,45.0,1.0,-6.6379057036714535,1.0061776898592072
A62M,56.0,1.0,-6.953344567233261,1.0040070782487536
A62N,961.0,44.0,-5.608735503548907,0.15440184303190152
A62P,777.0,22.0,-6.301789452712837,0.2163287475806985
A62Q,725.0,17.0,-6.573633185156042,0.24544956227219014
A62R,537.0,21.0,-5.835888223704084,0.2225663811368381
A62S,533.0,1162.0,-0.03569935802105384,0.053046807838801766
A62T,47.0,5.0,-4.390172509036226,0.4700533127180745
A62V,731.0,67.0,-4.607530166757227,0.12793891027826879
A62W,310.0,7.0,-6.626843835875137,0.38204227956095477
A62Y,356.0,21.0,-5.24285703567821,0.2246832017723014
A62_,450.0,26.0,-5.272906093620049,0.20185681239873088
A86C,778.0,763.0,-1.1881740706402626,0.05170278480889472
A86D,496.0,78.0,-3.8287255658154606,0.1221155452130864
A86E,516.0,300.0,-1.9424757718671541,0.07313287760366118
A86F,613.0,1175.0,-0.221396815873244,0.05059248923561548
A86G,469.0,876.0,-0.25875868168478355,0.05788729396169682
A86H,455.0,758.0,-0.423768708396989,0.05995203354866855
A86I,553.0,339.0,-1.8660650756699395,0.06953631914153258
A86K,330.0,49.0,-3.9114490270176434,0.1533344677859957
A86L,603.0,108.0,-3.6411043751766776,0.10485226708354001
A86M,260.0,133.0,-2.127119732535106,0.10696488328607645
A86N,540.0,281.0,-2.102451989648058,0.07407873110080229
A86P,495.0,306.0,-1.8539662082455823,0.0732480504429013
A86Q,242.0,206.0,-1.3924396293548833,0.09520211433998833
A86R,769.0,9.0,-7.57541877950246,0.3352095063862542
A86S,255.0,488.0,-0.22373044838040368,0.07776761411705542
A86T,593.0,384.0,-1.786999889716042,0.06608827185732201
A86V,250.0,310.0,-0.8497583852739563,0.08545636912922347
A86W,284.0,661.0,0.058643032519542615,0.07149187240689603
A86Y,911.0,953.0,-1.095062874853415,0.047161831453530895
A86_,595.0,18.0,-6.206131165873175,0.23933783892172877
C72A,726.0,1507.0,-0.10645967187147054,0.046023968984125654
C72D,578.0,281.0,-2.200560318676346,0.07325240417027488
C72E,404.0,721.0,-0.3244590708788122,0.0627644660221535
C72F,189.0,302.0,-0.48395358241724473,0.09316180879288709
C72G,913.0,1827.0,-0.15930537350307183,0.04147130641989295
C72H,1402.0,3346.0,0.09485778045674698,0.03300566191380692
C72I,689.0,1848.0,0.2632883996261288,0.0454942741429837
C72K,47.0,84.0,-0.32249395049068674,0.18235312784249777
C72L,803.0,1873.0,0.06178140605465554,0.04308669289942553
C72M,899.0,1952.0,-0.04153596183895569,0.04125379689713322
C72N,687.0,1368.0,-0.166411564767043,0.04757962083058652
C72P,565.0,233.0,-2.4379718669720853,0.07835043141460925
C72Q,501.0,756.0,-0.5665214188911243,0.0582747852186006
C72R,669.0,434.0,-1.784386828583548,0.06225824415514668
C72S,418.0,742.0,-0.3321861631219889,0.061783708365872596
C72T,280.0,652.0,0.059328403400456864,0.07198797437496496
C72V,593.0,1376.0,0.05427527923496367,0.049902903021855044
C72W,435.0,1201.0,0.3050403553081038,0.05664520178024758
C72Y,835.0,1446.0,-0.3678751880198279,0.044344077612902
C72_,1426.0,63.0,-5.660346815981995,0.1290310145764891
D118A,818.0,880.0,-1.0546858990369934,0.04935664380547892
D118C,652.0,1161.0,-0.32767293519771634,0.049722092208599786
D118E,571.0,1132.0,-0.17278855086067058,0.052076058402247674
D118F,381.0,505.0,-0.7536042444707318,0.06842521800609648
D118G,781.0,857.0,-1.0261163192069738,0.05024429804982912
D118H,622.0,834.0,-0.7369604295932399,0.05370257169726286
D118I,506.0,791.0,-0.5155572999771136,0.057599484990537894
D118K,417.0,573.0,-0.7016090006097846,0.06496493585936403
D118L,728.0,1196.0,-0.44388805752461824,0.047822270308590265
D118M,360.0,454.0,-0.8254002433082777,0.07111641088796648
D118N,1297.0,792.0,-1.8716863887587971,0.04594412934033913
D118P,583.0,11.0,-6.886721592291912,0.3043337089630887
D118Q,439.0,739.0,-0.40874725313711124,0.06089550660431483
D118R,721.0,554.0,-1.5401945885388235,0.05717703653817612
D118S,387.0,557.0,-0.6347549533668726,0.06675673064868842
D118T,385.0,664.0,-0.37377828621350684,0.06465744482615413
D118V,467.0,539.0,-0.9532287405980595,0.06382619793011313
D118W,567.0,407.0,-1.6383972752291456,0.06555782208973066
D118Y,326.0,295.0,-1.3042396967021812,0.08083535609716691
D118_,560.0,27.0,-5.5339743814298465,0.19719598300862937
D179A,285.0,530.0,-0.2650802962254488,0.07397739042868043
D179C,281.0,573.0,-0.13214849134449658,0.07335537528993989
D179E,468.0,911.0,-0.19915980300470704,0.05754683217963528
D179F,468.0,851.0,-0.29745060858431494,0.05821537104352414
D179G,454.0,760.0,-0.41679301036690664,0.05996345086009859
D179H,517.0,1120.0,-0.04483981411609239,0.05389152398538832
D179I,457.0,666.0,-0.6167692315733193,0.06137477906623927
D179K,780.0,1373.0,-0.34430972903880797,0.045690374064664016
D179L,773.0,1198.0,-0.5280063691577128,0.04696392786375212
D179M,365.0,650.0,-0.3275614131017601,0.06599498056903043
D179N,792.0,1636.0,-0.11349632150464117,0.044171281957739145
D179P,846.0,1486.0,-0.34739013410344644,0.04395691900331611
D179Q,990.0,1925.0,-0.20073639963839796,0.040085125042981666
D179R,684.0,1198.0,-0.3515367085340957,0.04872302459074747
D179S,990.0,1726.0,-0.3581615168495649,0.040825364026216934
D179T,726.0,1633.0,0.009384963435301152,0.045464340301989155
D179V,794.0,1561.0,-0.1848366399599639,0.04446672340284398
D179W,652.0,1213.0,-0.26446188964093853,0.04934939656812483
D179Y,705.0,1201.0,-0.3915547998342417,0.04825246887799908
D179_,358.0,15.0,-5.736091340637327,0.2636147160541305
D239A,849.0,1616.0,-0.23150466307261652,0.04328855624554597
D239C,1419.0,477.0,-2.732880677178969,0.05365032525061651
D239E,735.0,1703.0,0.05216378601354066,0.04499966601277275
D239F,1125.0,312.0,-3.0103609886941163,0.06458448025130026
D239G,663.0,336.0,-2.1406137976001487,0.0675397912353262
D239H,1316.0,1495.0,-0.9761026542723159,0.038807384785313655
D239I,993.0,816.0,-1.4433087511944338,0.04805999379619142
D239K,1962.0,74.0,-5.888555705177375,0.11873759989823757
D239L,715.0,353.0,-2.178341703875165,0.06564001371663138
D239M,1770.0,1950.0,-1.0203633257503624,0.0339858068042875
D239N,1048.0,731.0,-1.6797767729558064,0.04898375580208717
D239P,1215.0,1061.0,-1.3556172711618073,0.042927675232358076
D239Q,1131.0,1486.0,-0.766255197809163,0.04042718248414008
D239R,1000.0,47.0,-5.570990273159048,0.14949685078336042
D239S,693.0,1414.0,-0.13124308942642138,0.047195739420517184
D239T,1524.0,1178.0,-1.5316079202376107,0.039778153848120765
D239V,1260.0,1331.0,-1.0810011102876338,0.04027657225662486
D239W,420.0,14.0,-6.065982153520731,0.2717273113843321
D239Y,613.0,61.0,-4.48888030996612,0.13453363517773992
D239_,1422.0,61.0,-5.70282940659328,0.13103905589777098
D260A,954.0,2124.0,-0.005373072415780555,0.03995326319268426
D260C,1127.0,2373.0,-0.08586947354510066,0.037228455783756956
D260E,902.0,2522.0,0.3232713261509659,0.03977930258937187
D260F,729.0,920.0,-0.8243763989573463,0.050357885427735734
D260G,737.0,1859.0,0.17469109425795537,0.04440724080363291
D260H,877.0,2109.0,0.10581340070556244,0.0411295829776333
D260I,802.0,1323.0,-0.4379555011348044,0.045606666763143115
D260K,837.0,788.0,-1.2471182583320575,0.05040830196135349
D260L,581.0,833.0,-0.6403165169386922,0.054761803973939226
D260M,1171.0,2417.0,-0.11461729098055518,0.036673513857818786
D260N,827.0,1520.0,-0.28198320131093,0.04409437891444404
D260P,962.0,2207.0,0.037882033610551424,0.039621213552629396
D260Q,972.0,2229.0,0.0372726905234364,0.03942935812812598
D260R,1246.0,856.0,-1.701703428410391,0.045255066573710805
D260S,1121.0,2721.0,0.11925577381590147,0.03656243861697404
D260T,511.0,1219.0,0.09419919516299569,0.05342747704617741
D260V,615.0,1280.0,-0.10261402963118993,0.049844581846869296
D260W,1632.0,2028.0,-0.8466724681585789,0.03439599076435948
D260Y,959.0,2127.0,-0.010878285007224875,0.03987648618952019
D260_,881.0,55.0,-5.161479923647702,0.13925093362454466
D290A,754.0,1307.0,-0.3664727200951541,0.0465681872780723
D290C,823.0,1534.0,-0.26176131479776554,0.044092935028744784
D290E,294.0,711.0,0.11391728824678538,0.0698923705198007
D290F,839.0,1346.0,-0.47815811982811596,0.04485605934369831
D290G,922.0,1795.0,-0.19894975884751265,0.04146004724026684
D290H,976.0,2565.0,0.233909278789179,0.03862240691196978
D290I,828.0,997.0,-0.8921275535978372,0.0478326506816739
D290K,1079.0,2474.0,0.03705575926016902,0.037526339771348415
D290L,453.0,519.0,-0.963867898622671,0.06489568984228394
D290M,2099.0,4713.0,0.006852365546317518,0.027673856299128677
D290N,876.0,2179.0,0.1545662363386464,0.0409598841376549
D290P,1424.0,1297.0,-1.2948570117217342,0.03937632486405689
D290Q,1204.0,2824.0,0.06981048569103354,0.03552341343667166
D290R,765.0,1408.0,-0.2799802682386039,0.045767273301462984
D290S,939.0,1647.0,-0.34945044954160664,0.041825361465839116
D290T,1316.0,2631.0,-0.16064105685657903,0.034888442796491836
D290V,1274.0,2782.0,-0.03333633303383321,0.034951740376353305
D290W,1104.0,1689.0,-0.5466627071591317,0.03968753361593084
D290Y,1205.0,2438.0,-0.1434284125351879,0.03629446023014286
D290_,547.0,20.0,-5.932861472138977,0.22777265257151144
D307A,563.0,38.0,-5.048796953937054,0.16781621523422444
D307C,564.0,21.0,-5.9066600120107084,0.2223660259694974
D307E,437.0,15.0,-6.0237577479311035,0.2626552447789584
D307F,1071.0,44.0,-5.765084105647175,0.15405536450052498
D307G,823.0,37.0,-5.635010256536211,0.16826177547335458
D307H,1178.0,42.0,-5.969562527091148,0.1572577313673527
D307I,1128.0,120.0,-4.392640664043272,0.09641786417417682
D307K,1221.0,65.0,-5.391356888620812,0.1275871922172158
D307L,1167.0,45.0,-5.856514885506623,0.1521559211988668
D307M,740.0,48.0,-5.106225262417343,0.1491897304486425
D307N,1488.0,75.0,-5.47024480663249,0.11866272754567637
D307P,1144.0,62.0,-5.365542300359728,0.13068204955408583
D307Q,728.0,33.0,-5.6230705608920495,0.17817044220471634
D307R,1064.0,64.0,-5.215157928148138,0.12899476108657906
D307S,690.0,31.0,-5.635899176337601,0.1837774878073692
D307T,1119.0,38.0,-6.03978743058632,0.165165861401665
D307V,1188.0,115.0,-4.52880310445205,0.09805043841824888
D307W,1486.0,48.0,-6.112052415240114,0.14689855534615173
D307Y,738.0,76.0,-4.439466562428111,0.1207824799964652
D307_,913.0,51.0,-5.321865993011313,0.14414064691451298
D323A,935.0,1966.0,-0.0878703770767224,0.04068661096022464
D323C,1002.0,2254.0,0.009509672441979866,0.03897302154712562
D323E,197.0,433.0,-0.02395585495207353,0.08638604390445906
D323F,1480.0,1019.0,-1.6985260514148277,0.041644499881825676
D323G,871.0,1595.0,-0.287283055470553,0.04303831296591054
D323H,1562.0,2893.0,-0.27091971658527303,0.03260536974819417
D323I,852.0,877.0,-1.1183644075110628,0.048899709811950076
D323K,1910.0,9207.0,1.109065184823113,0.02663492038302469
D323L,993.0,2999.0,0.4345188443038368,0.03765277141639118
D323M,1103.0,1737.0,-0.5049271479498234,0.039491272965324856
D323N,1439.0,2863.0,-0.16763124532796203,0.03348811091999714
D323P,934.0,1844.0,-0.17875075894444237,0.04111201014910715
D323Q,1373.0,6219.0,1.019255466889169,0.031086536213943847
D323R,863.0,1297.0,-0.5723469157955003,0.04479941768597988
D323S,954.0,1898.0,-0.1676760374194055,0.040648779532515104
D323T,804.0,1332.0,-0.4317677739987493,0.045516583362388965
D323V,1423.0,4904.0,0.6249287836282233,0.03136716639106758
D323W,1227.0,1108.0,-1.3072634418546873,0.04236457051451093
D323Y,853.0,929.0,-1.036955865598661,0.04822844076595829
D323_,1191.0,56.0,-5.570444624986813,0.13700666693787392
D32A,549.0,1178.0,-0.058639883636518064,0.05241753806775409
D32C,418.0,1094.0,0.22792922713153096,0.05816875720411101
D32E,356.0,844.0,0.08525498957252875,0.06380422061906314
D32F,506.0,827.0,-0.45134845922227385,0.057119780916765825
D32G,915.0,2041.0,-0.0026635016969285275,0.0407441573215036
D32H,665.0,1232.0,-0.27052131109100586,0.04891489682018254
D32I,637.0,417.0,-1.7713213773568066,0.06360115343602812
D32K,946.0,1623.0,-0.3813427871883057,0.041838487649951586
D32L,746.0,251.0,-2.731537465543033,0.07349570225795392
D32M,287.0,247.0,-1.3766188918490894,0.08723455090055612
D32N,616.0,1168.0,-0.23706038724829614,0.050564374270737095
D32P,381.0,52.0,-4.033055257224195,0.1480841766274266
D32Q,480.0,1114.0,0.05453847938593537,0.05530096349399792
D32R,699.0,1030.0,-0.600813992928976,0.0497866215002556
D32S,340.0,701.0,-0.11622949036626196,0.06666972148917943
D32T,489.0,711.0,-0.6200814541081261,0.05940241204980205
D32V,526.0,747.0,-0.6540500078850657,0.0575936049266779
D32W,1082.0,248.0,-3.2853309719972765,0.07094751565612006
D32Y,887.0,808.0,-1.2946645583512106,0.049419025414531165
D32_,678.0,44.0,-5.105490612085217,0.15580199528011915
D352A,982.0,42.0,-5.707020361961323,0.15779551456048754
D352C,1873.0,38.0,-6.782923103762587,0.16407319917860744
D352E,912.0,1547.0,-0.39772636296159014,0.04266305262848169
D352F,1302.0,55.0,-5.72499015289725,0.13792680985032046
D352G,961.0,192.0,-3.483457331037572,0.07953541726846464
D352H,1051.0,62.0,-5.243219033442245,0.13097765296181613
D352I,1282.0,32.0,-6.48382836531315,0.17915778287383072
D352K,1269.0,50.0,-5.8254303596564085,0.1444342939760932
D352L,895.0,28.0,-6.1579772502971455,0.19208354885193685
D352M,1122.0,19.0,-7.043270528959934,0.23145712121986545
D352N,948.0,309.0,-2.777336087849008,0.06609259444532978
D352P,904.0,32.0,-5.9798314866097,0.18006573383404137
D352Q,1246.0,181.0,-3.9432616768373467,0.08002728942788681
D352R,1720.0,42.0,-6.515627693652847,0.15640491301430792
D352S,1603.0,93.0,-5.267341115865829,0.10701685447401196
D352T,1147.0,1386.0,-0.8870276398303067,0.040872681807040186
D352V,1079.0,23.0,-6.711390778682054,0.21086343823675105
D352W,1033.0,102.0,-4.50015906617639,0.10415495166126124
D352Y,1103.0,39.0,-5.981545399057402,0.16315119190580565
D352_,1454.0,66.0,-5.621296120214445,0.126151581900395
D39A,608.0,491.0,-1.468429982016466,0.06130723294539948
D39C,287.0,49.0,-3.7100402893225146,0.1548077742308742
D39E,562.0,21.0,-5.901535070862183,0.22238021284848766
D39F,421.0,31.0,-4.923136407149972,0.18627976583422895
D39G,710.0,945.0,-0.7475970852932612,0.050436785675230314
D39H,931.0,824.0,-1.3362221551886622,0.048630529976217064
D39I,1069.0,37.0,-6.012303739913638,0.16742884448282025
D39K,664.0,27.0,-5.779726760821724,0.1964855585834551
D39L,717.0,21.0,-6.252932509970714,0.22151368351509731
D39M,730.0,26.0,-5.970865259447214,0.19973443398643562
D39N,499.0,758.0,-0.5569391828478789,0.0583134657472653
D39P,274.0,7.0,-6.448757627905208,0.38259652745213496
D39Q,737.0,21.0,-6.2926234643396475,0.2214282389160525
D39R,1236.0,52.0,-5.730844904363353,0.14182163192387878
D39S,994.0,1432.0,-0.6333780406464733,0.04220893109030877
D39T,427.0,27.0,-5.142791648297428,0.19860120555095406
D39V,564.0,11.0,-6.838921705119385,0.30442862574794605
D39W,1219.0,50.0,-5.767436882746582,0.1445461422404824
D39Y,618.0,70.0,-4.302084607816606,0.12640814521657623
D39_,497.0,14.0,-6.308833355721093,0.2710477227542513
D63A,1264.0,43.0,-6.037279272726316,0.15530224880959315
D63C,1188.0,18.0,-7.203692325553452,0.2375788308610419
D63E,757.0,34.0,-5.636368784023099,0.17550313918774957
D63F,681.0,88.0,-4.1120239579020685,0.11361338401962233
D63G,1143.0,38.0,-6.070402527113578,0.16510904788631642
D63H,575.0,30.0,-5.420159159176234,0.18745286003661604
D63I,2145.0,49.0,-6.611851753624903,0.14473232568529865
D63K,958.0,37.0,-5.854141011616976,0.16775220851198325
D63L,967.0,34.0,-5.9895872347911565,0.1746839455169255
D63M,1069.0,33.0,-6.177315736991322,0.17693655335859956
D63N,538.0,31.0,-5.276914894400162,0.18488810718182924
D63P,765.0,25.0,-6.094988980846912,0.20339229944704523
D63Q,588.0,21.0,-5.966779960397054,0.22220324625449786
D63R,1108.0,35.0,-6.144147367087714,0.1718808749972079
D63S,770.0,41.0,-5.3909168702450385,0.1604999363469306
D63T,725.0,22.0,-6.2018571809278695,0.21654199044633807
D63V,276.0,20.0,-4.946014802297378,0.23167934360019588
D63W,602.0,42.0,-5.001070097920466,0.1598192942714118
D63Y,546.0,14.0,-6.444485850045587,0.27071443320836197
D63_,1555.0,60.0,-5.85566445506065,0.13184923456193628
E152A,609.0,1148.0,-0.24548995067235158,0.05089528795180775
E152C,298.0,562.0,-0.24485227855004332,0.07219534947520516
E152D,621.0,987.0,-0.4916391355219476,0.05196815958096022
E152F,967.0,1323.0,-0.7078660847623874,0.04321129801953854
E152G,374.0,769.0,-0.12016182263977448,0.06365019348145332
E152H,436.0,757.0,-0.3641362028524462,0.06075985938297986
E152I,541.0,943.0,-0.35846952822220857,0.05464501287968442
E152K,423.0,195.0,-2.2772309998065356,0.08700115565641002
E152L,548.0,456.0,-1.425224094442882,0.06399193079126451
E152M,455.0,545.0,-0.8997028884685676,0.06410796546382798
E152N,326.0,439.0,-0.7307497526653028,0.07363756944124208
E152P,343.0,502.0,-0.6106218710677274,0.0706017543122571
E152Q,443.0,873.0,-0.18142842245344948,0.05899149312855764
E152R,1012.0,422.0,-2.4219617921530157,0.05860881541618382
E152S,504.0,801.0,-0.49171944168492043,0.05753051454518077
E152T,708.0,1243.0,-0.34809107646254667,0.04789735700378722
E152V,360.0,676.0,-0.25107972990608385,0.06583477272115043
E152W,813.0,1122.0,-0.6953468055339833,0.04688820156857248
E152Y,361.0,542.0,-0.5738066681249059,0.0684999226463057
E152_,819.0,59.0,-4.954937040670268,0.1350722592758148
E192A,445.0,828.0,-0.2642769013932096,0.05943150694724386
E192C,874.0,893.0,-1.1290607926217833,0.048386037027428046
E192D,1245.0,2777.0,-0.002712294892294853,0.03522150696822297
E192F,760.0,180.0,-3.238028684245375,0.08335626978981345
E192G,374.0,685.0,-0.2870391322077195,0.06489072835381199
E192H,547.0,1015.0,-0.26823250852322644,0.05376412125260055
E192I,855.0,69.0,-4.791151292472226,0.12544910965861705
E192K,102.0,148.0,-0.6231032710360314,0.1289825932663233
E192L,768.0,143.0,-3.5850964017121276,0.09149772131988512
E192M,677.0,500.0,-1.5973075322997117,0.05961788052953341
E192N,1158.0,2230.0,-0.21468486920188834,0.03727234236208027
E192P,1035.0,2070.0,-0.16009430652845325,0.03907060679321513
E192Q,997.0,1607.0,-0.4713883105105072,0.041261619600741296
E192R,1403.0,1238.0,-1.3405896609501928,0.03997186303370561
E192S,290.0,530.0,-0.2901704044448685,0.07356740062964418
E192T,984.0,1969.0,-0.15936178091006692,0.040017095014981185
E192V,358.0,290.0,-1.4639845752212048,0.07948977071480803
E192W,918.0,122.0,-4.071597809589599,0.0967605853556957
E192Y,800.0,848.0,-1.0760240930116183,0.050064602004183195
E192_,646.0,23.0,-5.971310945849975,0.21233129248589497
E222A,630.0,26.0,-5.75832376099625,0.20027799745256866
E222C,825.0,52.0,-5.147638000456034,0.14323556422394526
E222D,591.0,33.0,-5.3222948346445,0.17906177067593315
E222F,1109.0,47.0,-5.7202482206941605,0.14916776970388929
E222G,979.0,46.0,-5.571391571652738,0.15110623485419178
E222H,972.0,52.0,-5.384197550287226,0.14259423669514884
E222I,813.0,25.0,-6.182783471923802,0.20320249060998488
E222K,816.0,29.0,-5.974051968563873,0.18913909144520655
E222L,777.0,45.0,-5.269703033218843,0.15356275066861746
E222M,848.0,30.0,-5.9806533905902395,0.18595350473527977
E222N,849.0,37.0,-5.679881842839617,0.1681511684428763
E222P,962.0,25.0,-6.425562265153495,0.20273318734998408
E222Q,807.0,43.0,-5.38992985129676,0.15673799004019606
E222R,1009.0,51.0,-5.466103898716999,0.143778712933077
E222S,874.0,31.0,-5.9769316924142135,0.18294551739493498
E222T,803.0,31.0,-5.8546998599195765,0.18322179229101893
E222V,544.0,38.0,-4.999269578086476,0.1680009411080007
E222W,879.0,38.0,-5.691515984913366,0.1659028577053743
E222Y,1184.0,96.0,-4.784440113911518,0.10647731116602513
E222_,612.0,19.0,-6.168812126112312,0.23305600515567154
E268A,1108.0,2137.0,-0.212464580067806,0.038048798674373545
E268C,681.0,1478.0,-0.04217919460012087,0.047140653889211556
E268D,687.0,1202.0,-0.3530414425149342,0.048628914690050803
E268F,748.0,1623.0,-0.0425449105789637,0.045058498571374034
E268G,319.0,691.0,-0.04498239704112095,0.06825762707170242
E268H,1000.0,1734.0,-0.3659895453396098,0.04066861891768531
E268I,988.0,2065.0,-0.09653611801845052,0.0396691729493424
E268K,484.0,398.0,-1.4423195130457538,0.06823357914261398
E268L,638.0,1044.0,-0.44960274797856936,0.051014384296585134
E268M,896.0,1358.0,-0.560179972632163,0.043928113967880565
E268N,973.0,1972.0,-0.1409470067726426,0.04015076721883619
E268P,1128.0,2651.0,0.0726749177061583,0.03661939796189636
E268Q,740.0,1667.0,0.011558750098603632,0.045038407356424226
E268R,1229.0,261.0,-3.395407004951238,0.06871813795339299
E268S,681.0,1621.0,0.09105776567775425,0.04650328139903642
E268T,800.0,1719.0,-0.056599338292765644,0.04369168317604408
E268V,998.0,2125.0,-0.0697438831150814,0.03936786266006138
E268W,832.0,1268.0,-0.5521939873435242,0.045473009204859194
E268Y,1018.0,1324.0,-0.7809250516464772,0.042600921913711176
E268_,1122.0,49.0,-5.67695291419873,0.14619338377357782
E356A,894.0,1883.0,-0.0854095493815974,0.04155561295133254
E356C,1375.0,2246.0,-0.4521650968428639,0.035351804090220734
E356D,1118.0,2322.0,-0.10564624406307566,0.03744804895753399
E356F,1192.0,177.0,-3.911580904620414,0.08102818088365793
E356G,1132.0,2150.0,-0.23463066979841596,0.037759067252791996
E356H,1142.0,1488.0,-0.7782783987949884,0.040310497279185044
E356I,919.0,422.0,-2.28289071138437,0.05945576639519124
E356K,1127.0,1705.0,-0.5628074529101461,0.03938348662614652
E356L,1748.0,406.0,-3.2662136088106304,0.05578818200192081
E356M,1447.0,1919.0,-0.7527999996559807,0.03590864625299688
E356N,959.0,1707.0,-0.32823359107777694,0.04130145597390604
E356P,2256.0,2064.0,-1.2884108391392681,0.03170177983759725
E356Q,759.0,2174.0,0.35808044097604075,0.043066620540513655
E356R,1557.0,1871.0,-0.8950482779075961,0.03541152272232903
E356S,1153.0,2489.0,-0.04992033591488276,0.03669209659142834
E356T,1319.0,2158.0,-0.44984128923551436,0.036038630243794355
E356V,710.0,1045.0,-0.6024818383387496,0.049422749120779784
E356W,1110.0,263.0,-3.2374704518950406,0.06913955602464668
E356Y,879.0,256.0,-2.939766750826232,0.07156108946213481
E356_,773.0,33.0,-5.709599370977983,0.17794589991191684
E376A,975.0,2188.0,0.006043073976690572,0.03949576471472296
E376C,1034.0,1517.0,-0.6071068794478895,0.04127406804219019
E376D,1609.0,3095.0,-0.21631655867382982,0.03196638127621875
E376F,547.0,64.0,-4.255285330779043,0.132393080411589
E376G,626.0,1108.0,-0.3363740433291058,0.050765993771188525
E376H,653.0,1332.0,-0.13165941367956968,0.04857328332554
E376I,1138.0,1265.0,-1.0074517825089204,0.04179094527574551
E376K,1280.0,1338.0,-1.0961535198607244,0.04007332139781312
E376L,1450.0,1934.0,-0.7445549324256633,0.035832379854329896
E376M,1573.0,3565.0,0.02029094411674448,0.031519463996754225
E376N,1097.0,1535.0,-0.6754159597658402,0.04050035671766013
E376P,1406.0,519.0,-2.5978599513802587,0.05210783305667952
E376Q,921.0,2028.0,-0.021311296618589104,0.04069529921584125
E376R,1989.0,589.0,-2.9157738336258756,0.047726044748525466
E376S,510.0,889.0,-0.35841322472810955,0.056239143210163545
E376T,944.0,1677.0,-0.33107009273366295,0.04162762064029976
E376V,710.0,633.0,-1.3256983902959423,0.05536635587765134
E376W,991.0,174.0,-3.669816735148549,0.08266266591428975
E376Y,1527.0,1100.0,-1.6332802079463984,0.040511798591706234
E376_,1236.0,80.0,-5.109453616687471,0.11569244253564162
E385A,1138.0,2516.0,-0.01546291579946324,0.03678899593928373
E385C,608.0,1260.0,-0.10881911052052118,0.05015578638099319
E385D,1194.0,2819.0,0.07928633919106876,0.0356300015273616
E385F,1311.0,3067.0,0.06606684343209102,0.034147763659551286
E385G,883.0,2172.0,0.13844172687560086,0.04086736673982806
E385H,1857.0,3866.0,-0.10222355195004562,0.029570480239993965
E385I,1941.0,4728.0,0.12433819908647559,0.028354008421354264
E385K,850.0,1976.0,0.05695119180871089,0.041949680363865656
E385L,885.0,2119.0,0.09953739717805199,0.040976796447962725
E385M,435.0,947.0,-0.03775624303573899,0.05858328608907175
E385N,1221.0,2897.0,0.086402311563063,0.035233878801032105
E385P,1503.0,3280.0,-0.03424173173229894,0.03236444513532492
E385Q,1204.0,2843.0,0.07948446195568737,0.03549008859820281
E385R,1100.0,2623.0,0.09361933162664826,0.036980706653573524
E385S,991.0,1999.0,-0.1477731683125718,0.039831743590891054
E385T,814.0,1836.0,0.013368156487155503,0.043016207422336306
E385V,1001.0,1997.0,-0.16370216660201464,0.0397113114856447
E385W,931.0,1807.0,-0.20335141593423867,0.041288634140705445
E385Y,924.0,2062.0,-0.0020163780196291725,0.04055183956153267
E385_,1089.0,2241.0,-0.11895545235721983,0.037970267390510445
E82A,1193.0,3361.0,0.3342013620759161,0.03482806590206873
E82C,565.0,1454.0,0.20360154759493998,0.05034761146176073
E82D,506.0,631.0,-0.8415903647787859,0.06031794997519682
E82F,642.0,1314.0,-0.1267787561754945,0.04894778824941921
E82G,492.0,1281.0,0.220434857405178,0.05376208391857215
E82H,487.0,1064.0,-0.03259892834265443,0.055411509091630395
E82I,335.0,427.0,-0.8100216412697101,0.07351258174322918
E82K,315.0,15.0,-5.551489082694614,0.2643369116308101
E82L,759.0,1144.0,-0.5681784724738401,0.04763268366466293
E82M,638.0,1345.0,-0.08412137963899458,0.04886830332419466
E82N,685.0,1660.0,0.11690764116876107,0.046254592576608466
E82P,419.0,1904.0,1.0238971382791568,0.05467205715184459
E82Q,849.0,1979.0,0.06083811368440095,0.0419570519283975
E82R,863.0,23.0,-6.389131724878322,0.21141274616175607
E82S,532.0,1181.0,-0.009591425389693597,0.05294946098803323
E82T,349.0,507.0,-0.6213415083757079,0.07010594640412235
E82V,416.0,821.0,-0.17930575084824163,0.060819807242400846
E82W,418.0,959.0,0.037921065742440696,0.05926447402834769
E82Y,716.0,1516.0,-0.07785970893556815,0.046189862698697425
E82_,978.0,33.0,-6.04896150994974,0.17718234506492814
F10A,528.0,703.0,-0.7471073790027214,0.058254673793843366
F10C,406.0,583.0,-0.6380819691020205,0.06523402938133212
F10D,440.0,293.0,-1.7466737463928101,0.07591295703844414
F10E,13.0,21.0,-0.468632137082448,0.3528988270080274
F10H,543.0,8.0,-7.243120050932872,0.3560376109365806
F10I,396.0,578.0,-0.6145297459436927,0.06582181442096192
F10K,327.0,292.0,-1.3234043155771564,0.08099258815175588
F10L,401.0,44.0,-4.347822273856647,0.15903792199425384
F10M,136.0,251.0,-0.2760552242100216,0.10683423704103547
F10N,1427.0,866.0,-1.8806271925376832,0.043962889303896094
F10P,652.0,870.0,-0.7439494449812347,0.052539313902738444
F10Q,587.0,12.0,-6.771164361435789,0.29162431967213465
F10R,790.0,16.0,-6.784913039207593,0.25259457096779897
F10S,688.0,760.0,-1.0164984699565194,0.053352488495492914
F10T,272.0,305.0,-0.9948904844203303,0.08385800546535889
F10V,799.0,1269.0,-0.49266936355945745,0.046008839022106576
F10W,980.0,2094.0,-0.06468738076763891,0.03968877688889369
F10Y,1046.0,2518.0,0.10730003152088408,0.03782064828979913
F10_,1326.0,58.0,-5.674733562951179,0.1344239484558308
F129A,746.0,24.0,-6.117574997783241,0.20752596467195278
F129C,547.0,10.0,-6.932140665208723,0.31906969249022893
F129D,740.0,23.0,-6.167299214851846,0.2118677587671391
F129E,554.0,16.0,-6.272954141537057,0.25365967769922454
F129G,556.0,25.0,-5.634621204874153,0.20459663687982088
F129H,486.0,13.0,-6.383380468478156,0.28106719883437276
F129I,292.0,56.0,-3.5423487792634987,0.14613604458886714
F129K,565.0,35.0,-5.172524771886004,0.17438576902540848
F129L,800.0,51.0,-5.131253364765507,0.14467630148952806
F129M,513.0,20.0,-5.8402812129499875,0.22803846354626722
F129N,661.0,23.0,-6.004426545877083,0.21224855837417483
F129P,872.0,14.0,-7.119903155731564,0.26944686284854885
F129Q,184.0,2.0,-7.676532196899129,0.709241971183831
F129R,665.0,14.0,-6.728934511269308,0.27010844645273696
F129S,198.0,7.0,-5.98010237442739,0.38442275031897916
F129T,506.0,10.0,-6.819739354148706,0.3193017288561054
F129V,396.0,13.0,-6.0879313314072,0.28189783288735054
F129W,497.0,192.0,-2.5321807672460306,0.08542448508958571
F129Y,463.0,643.0,-0.686289515591195,0.06158096260117895
F129_,339.0,29.0,-4.706792966498929,0.1936437094985561
F13A,699.0,1079.0,-0.5337641015858106,0.04934185636937853
F13C,685.0,730.0,-1.0682961593955458,0.05391591206253135
F13D,398.0,7.0,-6.987333761509189,0.3811077284198936
F13E,673.0,64.0,-4.554346064774043,0.1310941250387147
F13G,694.0,1269.0,-0.2894122550276119,0.04802255620503546
F13H,692.0,981.0,-0.6566123802022696,0.05041499821721362
F13I,799.0,40.0,-5.47986836254014,0.1622422539765538
F13K,521.0,110.0,-3.4037637282760667,0.10529330604668118
F13L,302.0,126.0,-2.4211454283679057,0.10641557857770693
F13M,455.0,641.0,-0.6656387259725447,0.061927704479506095
F13N,549.0,48.0,-4.675512923517893,0.15075709942895435
F13P,339.0,4.0,-7.561669120242005,0.5023978231628676
F13Q,1196.0,760.0,-1.8142264828173924,0.04721370768081114
F13R,1179.0,47.0,-5.808551801145715,0.14898821302628756
F13S,986.0,750.0,-1.5547797839480753,0.04924177773517251
F13T,176.0,9.0,-5.448073818616679,0.341681921286724
F13V,582.0,83.0,-3.9697742287512234,0.11765276670984795
F13W,679.0,990.0,-0.6160770609050612,0.050597151986699736
F13Y,486.0,289.0,-1.90995392354057,0.07479911322844458
F13_,434.0,33.0,-4.8768405774726205,0.18076280963112512
F140A,769.0,18.0,-6.576219609409723,0.23854209340081742
F140C,449.0,52.0,-4.269973969892234,0.14673596092646152
F140D,537.0,13.0,-6.527343423659334,0.2807193654604239
F140E,1135.0,28.0,-6.500706551829721,0.19146757765699488
F140G,632.0,18.0,-6.293164636355832,0.2391322031059195
F140H,481.0,5.0,-7.74519981073537,0.44917369233098603
F140I,664.0,20.0,-6.212499233424952,0.22706444576605983
F140K,426.0,19.0,-5.6461441960729974,0.2345815509533439
F140L,651.0,22.0,-6.046535991130439,0.21690370448891916
F140M,722.0,159.0,-3.3429886577439465,0.08804080665673193
F140N,655.0,12.0,-6.929296213241952,0.2913209391404441
F140P,314.0,9.0,-6.283226924860845,0.3380083607244635
F140Q,575.0,17.0,-6.239219337111137,0.2461814300247928
F140R,292.0,16.0,-5.3490598996946,0.2568321451375147
F140S,775.0,21.0,-6.36515419560076,0.2212779637200834
F140T,532.0,15.0,-6.307544818765891,0.26187623865073595
F140V,604.0,20.0,-6.075866699713519,0.2273936297345526
F140W,888.0,21.0,-6.561515192963781,0.22090664259192974
F140Y,425.0,292.0,-1.7015663480306404,0.07651584601620505
F140_,916.0,47.0,-5.444411099575521,0.14980323605578538
F149A,484.0,964.0,-0.16607607988461215,0.05639729846625362
F149C,437.0,1049.0,0.10320289578556174,0.05760907512530906
F149D,399.0,43.0,-4.37376820440747,0.16072914594382923
F149E,269.0,92.0,-2.707884568169927,0.12109073631404911
F149G,406.0,848.0,-0.09752132076977293,0.06098748659330855
F149H,302.0,298.0,-1.1793229146956943,0.08212179584824504
F149I,265.0,514.0,-0.20433770986563626,0.07613263804135105
F149K,701.0,28.0,-5.805508473130146,0.19288674646412274
F149L,484.0,1044.0,-0.05106056633142497,0.05568812142675798
F149M,457.0,914.0,-0.16010312118829617,0.05796088752026836
F149N,403.0,291.0,-1.6298342448002723,0.07742664049960166
F149P,567.0,470.0,-1.4307700642349115,0.06299603363190756
F149Q,380.0,417.0,-1.0260427404948596,0.07146175443527449
F149R,599.0,96.0,-3.8014108410565495,0.11028259855279937
F149S,671.0,1032.0,-0.5390365587902854,0.05036389814215285
F149T,185.0,338.0,-0.2906246600261255,0.09187412155266064
F149V,477.0,951.0,-0.16464633682957075,0.056790442723563726
F149W,802.0,1255.0,-0.5140806077263393,0.0460534718305449
F149Y,425.0,558.0,-0.7672931470817206,0.06497858889872993
F149_,459.0,11.0,-6.541726547583985,0.30509403753477027
F159A,478.0,603.0,-0.8249462096147662,0.06186761960931599
F159C,380.0,719.0,-0.24011288492871863,0.06402780301838737
F159D,763.0,21.0,-6.342641235041887,0.2213238127928571
F159E,324.0,30.0,-4.592610453036337,0.19101256252535528
F159G,749.0,1464.0,-0.19321881425919063,0.04577553631436604
F159H,615.0,587.0,-1.2273121252005312,0.05836768741748301
F159I,345.0,158.0,-2.286709650244367,0.096459466644465
F159K,648.0,433.0,-1.7417030706287369,0.06268851705485796
F159L,802.0,1939.0,0.11354077639855387,0.04289339069771345
F159M,980.0,1545.0,-0.5033395367496301,0.041771896944564374
F159N,702.0,396.0,-1.9860420570947186,0.06345800589571438
F159P,629.0,614.0,-1.1949081382220745,0.05740806943208179
F159Q,313.0,10.0,-6.126782206666079,0.32120419460340704
F159R,764.0,14.0,-6.929149997736714,0.26974751055529084
F159S,1012.0,1255.0,-0.8496120231710735,0.04315307115301505
F159T,470.0,439.0,-1.2585249865414756,0.06695308333789385
F159V,1262.0,1017.0,-1.4714768142101549,0.043045439601888974
F159W,336.0,240.0,-1.6454969898803444,0.0849696627401312
F159Y,507.0,581.0,-0.9635385448531197,0.061406327680518534
F159_,838.0,42.0,-5.478250105853812,0.15834900703478208
F161A,744.0,579.0,-1.521821084290929,0.05611062703009603
F161C,1056.0,924.0,-1.3527304633020583,0.04589606432904473
F161D,484.0,614.0,-0.8168620399123991,0.06141628128387016
F161E,952.0,989.0,-1.105078956528419,0.04624683641325686
F161G,477.0,440.0,-1.2765705362295066,0.06668070449419523
F161H,556.0,825.0,-0.590786561040586,0.05556873172039499
F161I,707.0,1057.0,-0.5799008372954111,0.04937327836168458
F161K,688.0,422.0,-1.8652396856036582,0.06245260572841788
F161L,625.0,1133.0,-0.30187792035157024,0.05059474048931329
F161M,549.0,695.0,-0.8198860287382033,0.05777142275328596
F161N,1005.0,1212.0,-0.8898955913588313,0.043558458390126564
F161P,688.0,496.0,-1.6321476643048332,0.059555052288482596
F161Q,394.0,292.0,-1.5923018072563728,0.07771612140799102
F161R,372.0,21.0,-5.3062806728509075,0.22441419535946047
F161S,689.0,862.0,-0.8369076529667323,0.051852538185238176
F161T,959.0,1172.0,-0.8707202216669216,0.04442100467862544
F161V,889.0,1146.0,-0.7937392564029269,0.045548744176739826
F161W,575.0,1064.0,-0.2722345783984075,0.05249942477956692
F161Y,614.0,1028.0,-0.41656709575436945,0.05175557723621583
F161_,561.0,57.0,-4.458826917548097,0.1392857866446989
F16A,718.0,586.0,-1.4531659903850338,0.05635993617445468
F16C,195.0,8.0,-5.765689390617424,0.3606232602691209
F16D,1154.0,24.0,-6.746963848863451,0.20638097059919425
F16E,481.0,8.0,-7.068208171521867,0.3563708076536599
F16G,716.0,18.0,-6.473196987401775,0.23874376568958072
F16H,214.0,205.0,-1.2220712643629996,0.09812103906365861
F16I,548.0,12.0,-6.671981500378953,0.2918321085007502
F16K,999.0,24.0,-6.5388791476939465,0.20670644012479086
F16L,913.0,25.0,-6.350141036227285,0.20287073045300372
F16M,215.0,40.0,-3.5860585635907407,0.1724005413314271
F16N,406.0,74.0,-3.6158104768993233,0.1266962104948801
F16Q,293.0,16.0,-5.353992026616778,0.2568093910356965
F16R,998.0,24.0,-6.537434299708976,0.20670886622491258
F16S,750.0,58.0,-4.852623644015402,0.1365612366252717
F16T,124.0,3.0,-6.5246365021227275,0.5834098285598115
F16V,973.0,27.0,-6.330976424295534,0.19526472283242277
F16W,401.0,1045.0,0.22171929211989116,0.05939596503469227
F16Y,795.0,1710.0,-0.05512748764101971,0.04381650758236477
F16_,250.0,21.0,-4.732925071448974,0.22731799599453167
F170A,844.0,1705.0,-0.1456391337455436,0.04299506402751895
F170C,901.0,1410.0,-0.5139969657863999,0.04354686033680863
F170D,875.0,293.0,-2.7384369392858847,0.06806574400602682
F170E,370.0,806.0,-0.03685386092584064,0.06340786762183868
F170G,421.0,931.0,-0.015145174324963762,0.05938511121266263
F170H,676.0,1366.0,-0.14523578509610768,0.047839060843033486
F170I,522.0,1436.0,0.29982910923203043,0.05185841027159532
F170K,761.0,410.0,-2.0523436515413254,0.06188906772934452
F170L,832.0,1456.0,-0.3527398463747531,0.04433921201692022
F170M,863.0,1700.0,-0.1819932858861666,0.04271083680193704
F170N,653.0,1361.0,-0.10058666003150929,0.04840833809750261
F170P,637.0,1806.0,0.34333061841335244,0.046912572731612125
F170Q,695.0,1649.0,0.08640716961836059,0.046070612115420614
F170R,593.0,25.0,-5.727566807725123,0.2043222142179746
F170S,414.0,816.0,-0.18116611987301745,0.06097642490210697
F170T,635.0,1402.0,-0.017441913887150662,0.04863423327154623
F170V,836.0,1821.0,-0.03694059663521365,0.04269136172635286
F170W,672.0,1476.0,-0.024939447948995053,0.047358461765015195
F170Y,764.0,1733.0,0.021529215584894068,0.044307592222745495
F170_,793.0,40.0,-5.468993861931764,0.16227143411523198
F188A,735.0,1778.0,0.11434031782043341,0.04472360519704146
F188C,761.0,5265.0,1.6303616177704132,0.039764619495632814
F188D,654.0,1212.0,-0.27007033507605627,0.0493087510536849
F188E,270.0,556.0,-0.11798934600601108,0.07469500625654338
F188G,589.0,1535.0,0.2217966842579271,0.049259255175072694
F188H,739.0,1807.0,0.1298513614542367,0.044539989362840066
F188I,625.0,1420.0,0.023862574657363744,0.0488000349884834
F188K,445.0,1149.0,0.20839435604361434,0.05652170892638185
F188L,1401.0,5326.0,0.7665005469449349,0.03128541539207927
F188M,798.0,10436.0,2.548932259206263,0.03776490186369838
F188N,341.0,730.0,-0.06198515663620974,0.06617823051396846
F188P,894.0,1849.0,-0.11169718370690873,0.0416729444623214
F188Q,561.0,1417.0,0.17666421030975155,0.05065036390854362
F188R,475.0,1212.0,0.1912844743847968,0.054841071833500586
F188S,865.0,2104.0,0.12226550817083748,0.04133506420896843
F188T,620.0,1886.0,0.4448865987521877,0.04712054451612899
F188V,653.0,1419.0,-0.04037957074521881,0.048097145519878606
F188W,682.0,1395.0,-0.12767667121359683,0.0475430701747643
F188Y,579.0,1259.0,-0.03945776509592136,0.05097655712575218
F188_,885.0,64.0,-4.949411880063889,0.1297294813527732
F204A,944.0,557.0,-1.9211862508298143,0.0541466466079668
F204C,892.0,760.0,-1.3911288195430167,0.050140646662679186
F204D,388.0,11.0,-6.2992947978179075,0.3057466649523168
F204E,557.0,21.0,-5.888642498414605,0.22241612172101932
F204G,908.0,676.0,-1.5857509351860735,0.05155410882521976
F204H,385.0,67.0,-3.6825349427235885,0.1326564342764432
F204I,804.0,1160.0,-0.6312354450856636,0.04672339649909272
F204K,208.0,27.0,-4.1051746791157875,0.20471451950450903
F204L,1129.0,2041.0,-0.3058623506903517,0.03811736969347464
F204M,372.0,723.0,-0.20141313864785015,0.06440850206505414
F204N,362.0,9.0,-6.488445970985804,0.33738315695317883
F204P,655.0,23.0,-5.991271380723496,0.21228120115511886
F204Q,860.0,42.0,-5.515636081341565,0.15825258931016403
F204R,389.0,17.0,-5.675439532934652,0.24786452812758727
F204S,630.0,24.0,-5.873754756708825,0.20811976792325784
F204T,433.0,200.0,-2.2744155472483953,0.08594425007580848
F204V,513.0,818.0,-0.4869558053883676,0.057000064084080954
F204W,1035.0,2045.0,-0.17762414588422892,0.03914611124177881
F204Y,397.0,744.0,-0.2539406716083503,0.06277057287321482
F204_,729.0,35.0,-5.5401869746305525,0.17324040970699642
F216A,502.0,1380.0,0.2988033762922777,0.05285710210788959
F216C,793.0,2133.0,0.2673924285119069,0.04250985560309339
F216D,1155.0,35.0,-6.20408180749942,0.17177400743193255
F216E,402.0,38.0,-4.562867795619367,0.16992237939854368
F216G,398.0,1077.0,0.27606772423406234,0.05931479405031949
F216H,322.0,183.0,-1.975270346725707,0.0929888408626816
F216I,818.0,2039.0,0.15759112877181103,0.04231030190935456
F216K,713.0,272.0,-2.5503499569575228,0.07180591148507509
F216L,503.0,1364.0,0.2791078975604373,0.05290002952523492
F216M,621.0,1467.0,0.08010296308656528,0.04867429774618595
F216N,497.0,1024.0,-0.1172043176272215,0.05536996962317051
F216P,835.0,332.0,-2.4906541167181677,0.06547363240902836
F216Q,493.0,1085.0,-0.022067812710861112,0.055020501053194934
F216R,538.0,23.0,-5.707387436788694,0.21306176481490433
F216S,416.0,1181.0,0.34524373029094146,0.05768682582100798
F216T,1080.0,1911.0,-0.33679667993179674,0.03906980257912748
F216V,763.0,1964.0,0.20394106805354895,0.043554676112038664
F216W,637.0,123.0,-3.5326277545387574,0.09887620068813265
F216Y,685.0,366.0,-2.064329320330481,0.06533947591346058
F216_,1045.0,37.0,-5.979545139108563,0.16749298989001238
F221A,855.0,501.0,-1.9311892311224668,0.056945533011940525
F221C,781.0,941.0,-0.8912183033125691,0.04919684869399659
F221D,733.0,24.0,-6.092212908642147,0.20758323457472969
F221E,696.0,22.0,-6.142964320997708,0.2166746484303605
F221G,949.0,70.0,-4.920877714728139,0.1241557572516621
F221H,411.0,396.0,-1.2137239710489025,0.07096103301117943
F221I,908.0,688.0,-1.5603659889986545,0.051303268167957786
F221K,1282.0,48.0,-5.899016106200137,0.14726258078023077
F221L,318.0,422.0,-0.7518822839889108,0.07477577093430858
F221M,1843.0,1265.0,-1.7030024463776203,0.03755458507169475
F221N,420.0,22.0,-5.414279964059992,0.2188424958715787
F221P,1104.0,39.0,-5.982852768396707,0.1631486752104593
F221Q,1052.0,285.0,-3.0441513110533407,0.06735323858170895
F221R,1337.0,44.0,-6.085122411009699,0.15345127824656576
F221S,677.0,30.0,-5.655749256750518,0.18675266424532072
F221T,792.0,173.0,-3.354750554845233,0.08437933193773349
F221V,603.0,409.0,-1.7201331478023745,0.06465697108288995
F221W,567.0,123.0,-3.364685913261268,0.09985142121973671
F221Y,874.0,37.0,-5.721750082726617,0.16805095860842276
F221_,814.0,23.0,-6.304800966272014,0.21157764591622438
F250A,1100.0,2303.0,-0.09408330060416503,0.0376901263013913
F250C,484.0,894.0,-0.27483322313165814,0.057112847569763675
F250D,916.0,21.0,-6.606302618096211,0.22082871741536064
F250E,1391.0,187.0,-4.05503280588974,0.0783802165408176
F250G,621.0,1305.0,-0.08871488032602759,0.04953590922144355
F250H,1202.0,221.0,-3.603352681920401,0.07371479225260193
F250I,948.0,1809.0,-0.22786113646164807,0.04104726978875545
F250K,914.0,35.0,-5.866458319765278,0.1724372239191735
F250L,661.0,1454.0,-0.022794148191724872,0.047726703403763136
F250M,520.0,1110.0,-0.0661259355032433,0.05386261549481929
F250N,501.0,144.0,-2.9587577411343533,0.0949588278721225
F250P,827.0,170.0,-3.442372502969442,0.08466658599473009
F250Q,637.0,116.0,-3.617154187360785,0.10132635020824436
F250R,916.0,49.0,-5.384302633359501,0.14687729213270695
F250S,984.0,1362.0,-0.6910949233896186,0.04275169536342153
F250T,316.0,603.0,-0.22787562240618975,0.07000037666848552
F250V,1785.0,2260.0,-0.8196903373618762,0.03286252411250169
F250W,713.0,1277.0,-0.3193117302996473,0.04756924131708447
F250Y,878.0,1286.0,-0.6094947523331049,0.044651839197438266
F250_,2541.0,45.0,-6.9791000151354865,0.1506256218866322
F254A,759.0,1877.0,0.14615820081761566,0.043903491115256765
F254C,728.0,1775.0,0.12570964277603647,0.04488020983439681
F254D,768.0,43.0,-5.31846839655831,0.15693859271421395
F254E,1169.0,61.0,-5.420185067228607,0.13161849760222713
F254G,553.0,1346.0,0.12322431740417716,0.05126861337155489
F254H,783.0,973.0,-0.8466634374430217,0.04880686617476847
F254I,738.0,1908.0,0.2102691256015179,0.04423064638016731
F254K,705.0,53.0,-4.893394612440118,0.1426885890064415
F254L,958.0,2534.0,0.2432222603377001,0.038932126782504614
F254M,911.0,2454.0,0.2695149954619591,0.03977974000985188
F254N,891.0,1747.0,-0.18871299931071306,0.042094857762607026
F254P,951.0,900.0,-1.2396068170404773,0.04732717022100035
F254Q,3929.0,204.0,-5.427541400822436,0.07234283770172992
F254R,1202.0,74.0,-5.181672208906984,0.12008695210366167
F254S,449.0,1219.0,0.2808031429280229,0.055899090575310784
F254T,869.0,1956.0,0.010381725134191555,0.04170405490865679
F254V,647.0,1448.0,0.0021243133312589535,0.04809805352534486
F254W,859.0,1916.0,-0.002729077691138393,0.04199163449368449
F254Y,1045.0,1782.0,-0.3900986522030845,0.0399417243274454
F254_,1296.0,69.0,-5.391214943919289,0.12385273971415951
F258A,813.0,2142.0,0.2375328756754529,0.04212003111559855
F258C,1362.0,2664.0,-0.19222513490246262,0.03445042217304944
F258D,881.0,23.0,-6.41891284306894,0.2113567482029716
F258E,811.0,536.0,-1.7575471240743985,0.05635526484409049
F258G,597.0,1543.0,0.20983307262970374,0.04899332995775412
F258H,580.0,1628.0,0.3288725451115493,0.049148791113516124
F258I,635.0,1518.0,0.0972427411787864,0.048070616391809894
F258K,1013.0,1552.0,-0.5445978997028105,0.04133680506866036
F258L,934.0,2401.0,0.20204417386522078,0.039552400222170596
F258M,957.0,2385.0,0.15730207328775325,0.03926137078709369
F258N,561.0,750.0,-0.7412039927175504,0.05650719952478404
F258P,1641.0,614.0,-2.578337310244152,0.048117225604558056
F258Q,7419.0,2500.0,-2.729380156424423,0.024739359229938623
F258R,838.0,721.0,-1.3770355278235868,0.05155089834153963
F258S,1202.0,3258.0,0.278454796526757,0.03487297355676625
F258T,773.0,2038.0,0.23851481069733804,0.043145888261797175
F258V,1769.0,2273.0,-0.7984255092317163,0.03290109149965438
F258W,794.0,1837.0,0.050043060599606726,0.04337097478896752
F258Y,755.0,1610.0,-0.06758534585426723,0.04497608858743012
F258_,971.0,44.0,-5.623670213587964,0.15436713621948295
F259A,1571.0,1163.0,-1.5939161992294757,0.03966887497642839
F259C,1017.0,504.0,-2.1728969384998527,0.05517799144319253
F259D,1448.0,75.0,-5.430932150438192,0.11874092546238471
F259E,1188.0,38.0,-6.126111481597763,0.16500866179049745
F259G,1189.0,1514.0,-0.8114734514328461,0.03973389057561719
F259H,813.0,175.0,-3.375923075136427,0.0837926309110251
F259I,830.0,149.0,-3.637806902651568,0.08940364857813368
F259K,1245.0,39.0,-6.1562568586087405,0.16283398823966952
F259L,768.0,316.0,-2.4412422203671467,0.06740750567988828
F259M,553.0,552.0,-1.1626985032332824,0.060803746355527606
F259N,751.0,187.0,-3.1658040374518723,0.08219547703372841
F259P,968.0,385.0,-2.490213370415619,0.06089031889447215
F259Q,843.0,154.0,-3.6126130525488636,0.08807132924623386
F259R,875.0,21.0,-6.540238774708176,0.2209445074636437
F259S,1465.0,619.0,-2.4029632281688396,0.04873726096148348
F259T,746.0,170.0,-3.2936626981829757,0.08543839984136974
F259V,2857.0,1344.0,-2.248049550573431,0.0342243623816502
F259W,1278.0,4326.0,0.5990505382639997,0.03302839692614521
F259Y,1658.0,4835.0,0.3839788282936687,0.029786005063781852
F259_,1226.0,62.0,-5.465413383804865,0.13045816906046945
F262A,673.0,1494.0,-0.009597378914760313,0.04724881170103184
F262C,942.0,2518.0,0.2583823954320348,0.039191165946853734
F262D,640.0,58.0,-4.623808259647786,0.13739771242327808
F262E,768.0,112.0,-3.937584894363604,0.10152383615123614
F262G,2613.0,6499.0,0.1544199849474146,0.024775363199340636
F262H,1129.0,1952.0,-0.3701851578755866,0.03840928047301382
F262I,974.0,1971.0,-0.14316073047361755,0.04014082988149325
F262K,873.0,1193.0,-0.709551285643153,0.04539743180110251
F262L,732.0,1480.0,-0.14441567571291714,0.04603282837251566
F262M,861.0,2352.0,0.2897049583536111,0.04079023876550064
F262N,862.0,1136.0,-0.7618883134020438,0.04601740879636198
F262P,773.0,669.0,-1.36854663899721,0.05353166273342715
F262Q,1587.0,2502.0,-0.5033110002287033,0.03327225619455112
F262R,661.0,745.0,-0.9874996440727841,0.05415116712391103
F262S,767.0,2127.0,0.3114221867127416,0.043025063893574265
F262T,873.0,2081.0,0.0931264761306192,0.04127041030294657
F262V,974.0,2325.0,0.09514109490129474,0.039166794646670305
F262W,643.0,1437.0,6.96849258163823e-05,0.04825270738536093
F262Y,813.0,1932.0,0.08867022185203677,0.042718163084087483
F262_,1670.0,65.0,-5.843138614225603,0.1267213333106482
F266A,914.0,2315.0,0.18064923365910257,0.04004113050307916
F266C,1153.0,2332.0,-0.1439183874669574,0.03705885070994637
F266D,1589.0,4583.0,0.36807989267649655,0.030410006456391015
F266E,1281.0,2656.0,-0.10810849642131704,0.03513384777030949
F266G,640.0,1587.0,0.15005752965356756,0.04764283744946484
F266H,958.0,2298.0,0.10218511853628787,0.039449184754155715
F266I,848.0,1845.0,-0.03861188400191917,0.04240851896745892
F266K,816.0,2016.0,0.1447567207204239,0.042411709293811356
F266L,781.0,2005.0,0.20010916934171696,0.043085874578093694
F266M,680.0,2032.0,0.41919229750892306,0.045165681588481395
F266N,603.0,1507.0,0.16134782082734755,0.048981236368190594
F266P,786.0,875.0,-1.0053354995094832,0.049923352733081475
F266Q,1177.0,2461.0,-0.09596339473887605,0.03651296086029929
F266R,620.0,962.0,-0.5263269308770919,0.0522457277420901
F266S,757.0,1819.0,0.10468187392713091,0.04413597991937374
F266T,486.0,1198.0,0.14149470984685486,0.05449345856924878
F266V,1599.0,3948.0,0.1438593457216535,0.030918081194461464
F266W,1289.0,2750.0,-0.06691392826103737,0.03488083764067802
F266Y,577.0,738.0,-0.8050432942055288,0.056261141372530285
F271A,1353.0,2258.0,-0.4212079638899109,0.035485339142479706
F271C,1164.0,1488.0,-0.8058065675733932,0.04010469130477351
F271D,1160.0,68.0,-5.252333877338022,0.1250720999934685
F271E,672.0,70.0,-4.42293712681638,0.12589279358523728
F271G,1040.0,1964.0,-0.24288246207340425,0.0393438713739808
F271H,750.0,326.0,-2.362080950225132,0.06691752198256784
F271I,704.0,127.0,-3.6307411680219834,0.0968043324758252
F271K,839.0,15.0,-6.964779460940773,0.26055974624071376
F271L,1150.0,1857.0,-0.46875215911913237,0.038539672281966336
F271M,704.0,632.0,-1.315735872907049,0.05549717502576451
F271N,1016.0,586.0,-1.9540047499128361,0.05261127658563537
F271P,963.0,36.0,-5.9011686116447315,0.1699580045449094
F271Q,926.0,383.0,-2.43373305036282,0.0613844316935531
F271R,970.0,44.0,-5.622183680560451,0.15437057504709809
F271S,1119.0,1569.0,-0.6724557187376909,0.040102870873242734
F271T,957.0,773.0,-1.4681342592401538,0.04915093191162368
F271V,1559.0,1892.0,-0.8807978051256695,0.035315998618380556
F271W,946.0,196.0,-3.4310155116452217,0.07896898392009195
F271Y,1598.0,10474.0,1.5523782087880973,0.028257766199423783
F271_,1153.0,48.0,-5.746013616284218,0.14755859089802012
F300A,1568.0,2724.0,-0.363290097745145,0.03289537207622944
F300C,1251.0,2749.0,-0.02426850391630131,0.03521888787844559
F300D,529.0,524.0,-1.1737879873890815,0.062256988229948455
F300E,441.0,846.0,-0.2202239902455423,0.05938678325292004
F300G,972.0,1996.0,-0.12201144985848078,0.04008795474559831
F300H,818.0,1729.0,-0.08033150901130792,0.04333697288445131
F300I,582.0,604.0,-1.106558843500772,0.058745500989156894
F300K,745.0,126.0,-3.7238088987284206,0.09672326808372338
F300L,710.0,1167.0,-0.44318166285535643,0.0484001051164095
F300M,976.0,2721.0,0.31908708708018585,0.03833195639852312
F300N,559.0,1325.0,0.08496991441320301,0.05119410777746822
F300P,1073.0,502.0,-2.2559628505557434,0.05478319611631138
F300Q,745.0,1543.0,-0.109671620815468,0.04547083047092278
F300R,1466.0,59.0,-5.794879012943277,0.13306258865767273
F300S,534.0,1077.0,-0.14799435525420446,0.05365043537061974
F300T,702.0,1446.0,-0.11757329434654551,0.046832551756955186
F300V,610.0,1462.0,0.10096104384136062,0.048995467744309205
F300W,1080.0,2209.0,-0.12773205798655063,0.038155700117389266
F300Y,961.0,2207.0,0.03938248100156283,0.03963486126769117
F300_,1101.0,61.0,-5.333725368476847,0.1318190471803963
F303A,870.0,18.0,-6.754249234248554,0.23822545874162385
F303C,1017.0,1764.0,-0.3655624625397458,0.04034121134483698
F303D,921.0,32.0,-6.006709575714407,0.18000902918620368
F303E,321.0,39.0,-4.200789673980863,0.16978477280920004
F303G,796.0,50.0,-5.1525853818442116,0.14604627707099288
F303H,446.0,16.0,-5.960118181276278,0.254519768810764
F303I,858.0,17.0,-6.816626753178112,0.24501364019421418
F303K,358.0,54.0,-3.888788769306026,0.14623801313739684
F303L,740.0,24.0,-6.105924794845521,0.20755214886405265
F303M,712.0,21.0,-6.242836773534282,0.22153578932719878
F303N,725.0,138.0,-3.5533154249352394,0.093286610462844
F303P,1109.0,33.0,-6.230312762665361,0.17684118325328796
F303Q,997.0,41.0,-5.763647663172326,0.15957613888551803
F303R,898.0,18.0,-6.799948761204176,0.23815022666888702
F303S,613.0,73.0,-4.229831960726379,0.1241180778518439
F303T,771.0,22.0,-6.290605858712487,0.21635189471149138
F303V,1149.0,31.0,-6.371601354883883,0.18219556830714648
F303W,1504.0,3102.0,-0.11569815918767157,0.032626820890628204
F303Y,1470.0,109.0,-4.91338091493096,0.09965433471079206
F303_,906.0,42.0,-5.590809620070584,0.15806595276395452
F306A,831.0,198.0,-3.2293798830291482,0.07956666112536404
F306C,1381.0,1291.0,-1.2573109277161212,0.039698157117339934
F306D,1267.0,51.0,-5.794591337212545,0.14307518160313798
F306E,855.0,8.0,-7.898082577704506,0.35509262264137476
F306G,1373.0,69.0,-5.474480226891636,0.12367792432336479
F306H,1188.0,1789.0,-0.5694728654016323,0.03844425504544493
F306I,690.0,1523.0,-0.017851098000718046,0.04672362878904328
F306K,802.0,24.0,-6.222000253640998,0.2073003344281837
F306L,898.0,809.0,-1.3106613119499473,0.04926358321527228
F306M,746.0,1393.0,-0.2591485969265346,0.04621237023796243
F306N,782.0,290.0,-2.591171745750694,0.06931205961372143
F306P,965.0,2168.0,0.0076682765125895,0.03968324329324676
F306Q,839.0,277.0,-2.758837284824188,0.06985060850162687
F306R,619.0,21.0,-6.040901986031955,0.22201151790752002
F306S,860.0,142.0,-3.758448247883594,0.09100430441119625
F306T,1010.0,861.0,-1.3903550153759543,0.04720979268377565
F306V,750.0,985.0,-0.7668587973070293,0.049252231391674665
F306W,605.0,157.0,-3.1061898778324517,0.08999519401062528
F306Y,659.0,772.0,-0.9317681591587554,0.05375868568983175
F306_,1319.0,70.0,-5.395838022525327,0.12295961429833342
F317A,1328.0,57.0,-5.70199453565286,0.1355397997582589
F317C,1489.0,840.0,-1.9859623721021578,0.044037459076365804
F317D,167.0,13.0,-4.842328958906892,0.28797372247825304
F317E,967.0,25.0,-6.433041183318028,0.20271993115731812
F317G,1444.0,54.0,-5.900797711675896,0.13886991898768153
F317H,1976.0,120.0,-5.201451054505984,0.09442435004709991
F317I,1064.0,452.0,-2.3951724515450925,0.05682807270680235
F317K,1496.0,40.0,-6.384702717005655,0.16043517355433776
F317L,1211.0,603.0,-2.1660442829440907,0.05060981056558704
F317M,1425.0,1335.0,-1.2542088318784983,0.03909035869048728
F317N,766.0,15.0,-6.833454681132668,0.2607776187479461
F317P,914.0,39.0,-5.71038138316922,0.1637247118170259
F317Q,858.0,26.0,-6.203943494898506,0.1992222062243632
F317R,1334.0,47.0,-5.986745327568141,0.14865711541030094
F317S,1118.0,23.0,-6.762615635622835,0.21078676547005715
F317T,919.0,123.0,-4.061392293921513,0.09640952460969235
F317V,1291.0,85.0,-5.084811142338513,0.11231722006162252
F317W,829.0,1753.0,-0.07971452066433038,0.04305756716770706
F317Y,1273.0,1712.0,-0.732639960593521,0.03803810120127483
F317_,566.0,12.0,-6.718606823025178,0.29173266627222755
F327A,77.0,51.0,-1.7543530329373302,0.18073896762584712
F327C,1674.0,978.0,-1.9354743614523922,0.04119588633510556
F327D,975.0,24.0,-6.503797044015312,0.20676603181941244
F327E,1347.0,55.0,-5.774010185020531,0.13783376438774467
F327G,1444.0,53.0,-5.927759719355112,0.14012183918137192
F327H,1427.0,644.0,-2.3079277864267107,0.04827820914790664
F327I,935.0,646.0,-1.6935126343620261,0.051910688239166225
F327K,644.0,105.0,-3.7766437064238874,0.10560739615228798
F327L,1541.0,3090.0,-0.15635205389228357,0.03240057446161496
F327M,1452.0,2791.0,-0.21735143276144164,0.033529723336851155
F327N,903.0,62.0,-5.024256506747482,0.1315716051845793
F327P,1149.0,51.0,-5.653554780099564,0.14335816084932992
F327Q,1494.0,353.0,-3.241496184147726,0.05982782902092331
F327R,755.0,104.0,-4.019860847517917,0.10495806085345032
F327S,1523.0,307.0,-3.4706551982838385,0.06317488441102455
F327T,795.0,1029.0,-0.7878752470169035,0.04803022266307708
F327V,1433.0,938.0,-1.771460805942732,0.04290882396000801
F327W,977.0,1918.0,-0.18692232864182579,0.04027596447366602
F327Y,1139.0,2102.0,-0.2760982176350515,0.037827756592039144
F327_,1412.0,82.0,-5.265893995349049,0.11392582598349141
F335A,1036.0,892.0,-1.375993476743984,0.04651401869442868
F335C,1089.0,899.0,-1.436695470381169,0.04591131139785371
F335D,2024.0,86.0,-5.71665553946737,0.11044397846232175
F335E,654.0,56.0,-4.705643698751698,0.13949993505637887
F335G,1536.0,513.0,-2.742216092230812,0.05174520065601127
F335H,842.0,19.0,-6.629094267273899,0.2320964792082128
F335I,855.0,2435.0,0.3498271614446775,0.040712424604551295
F335K,1404.0,92.0,-5.091706070697917,0.10797165429985725
F335L,1118.0,500.0,-2.320991575797831,0.05451288842893087
F335M,713.0,445.0,-1.8401718918889651,0.06104829243356633
F335N,974.0,32.0,-6.087429339337222,0.17984484855489757
F335P,1453.0,64.0,-5.664690850223473,0.1280157572563717
F335Q,1261.0,33.0,-6.41562010475332,0.17653360612877977
F335R,1126.0,44.0,-5.837331795008182,0.15390727342571037
F335S,296.0,88.0,-2.909993889599323,0.12172862464321921
F335T,1159.0,536.0,-2.272648529588559,0.052968771762441455
F335V,732.0,748.0,-1.128893137010194,0.05272789300390077
F335W,857.0,112.0,-4.095771836935203,0.1008556912402693
F335Y,1116.0,398.0,-2.6475607074764955,0.05904064384934761
F335_,989.0,37.0,-5.900085404609506,0.1676546603667427
F341A,1995.0,2653.0,-0.7488532014888931,0.030910024207843997
F341C,1709.0,6651.0,0.8003252642879337,0.0285085216978024
F341D,1368.0,26.0,-6.876955903733164,0.19812871745341265
F341E,1354.0,509.0,-2.571559826121494,0.05272943721822116
F341G,1369.0,1603.0,-0.9324368964745049,0.037835563989800515
F341H,876.0,1229.0,-0.6716099265697446,0.045082714330320885
F341I,1898.0,1479.0,-1.519943123575314,0.035780500081489294
F341K,837.0,28.0,-6.061318307685185,0.19228497768664007
F341L,1283.0,2859.0,-0.004104086008882124,0.03473380482874702
F341M,973.0,1869.0,-0.21833958623068028,0.04049728267933177
F341N,971.0,1208.0,-0.8450129980923968,0.04398763291822805
F341P,947.0,44.0,-5.5875637201779575,0.15445165033720212
F341Q,1475.0,1553.0,-1.0857449530372243,0.037404825677713846
F341R,1561.0,58.0,-5.910121686895522,0.13400099506858995
F341S,1417.0,3341.0,0.07734702422799522,0.032897881859884646
F341T,871.0,1461.0,-0.41388247172531756,0.043701248013991056
F341V,1519.0,1042.0,-1.7038495815178005,0.0411734844681714
F341W,821.0,984.0,-0.8988141543209673,0.048078169863154455
F341Y,1099.0,1456.0,-0.7542715864861593,0.040914140823333625
F341_,623.0,28.0,-5.635328768799837,0.19334915169207872
F351A,912.0,251.0,-3.0213921394443837,0.0718166613720631
F351C,849.0,1098.0,-0.7890495951206482,0.046538474059186354
F351D,1167.0,32.0,-6.348237773346595,0.1793721738004896
F351E,1391.0,95.0,-5.0319969502074375,0.1064018730438189
F351G,931.0,13.0,-7.321191133757533,0.27931219405481006
F351H,835.0,179.0,-3.3818406295792425,0.08283187288572003
F351I,1099.0,2558.0,0.05873005353369898,0.037122598719861344
F351K,1488.0,117.0,-4.8287678220617245,0.09641351156299449
F351L,1500.0,3418.0,0.028097162189045122,0.03219438990880529
F351M,965.0,1485.0,-0.5382304885498179,0.042271780800195675
F351N,765.0,30.0,-5.832050719429594,0.18629720073475944
F351P,764.0,45.0,-5.245361388781981,0.15363403614108198
F351Q,1231.0,36.0,-6.25538840875876,0.16929162288363672
F351R,1220.0,37.0,-6.202921364283174,0.16708272930809812
F351S,1027.0,694.0,-1.7255092104095233,0.04991843750599591
F351T,1371.0,1488.0,-1.0419422091116637,0.03845356158241155
F351V,623.0,924.0,-0.5914341921853561,0.05257945096459383
F351W,1340.0,67.0,-5.4818108867153725,0.12548568646812605
F351Y,791.0,139.0,-3.668594600270226,0.09238604987997741
F351_,1137.0,114.0,-4.4781000036737835,0.09863016164807405
F47A,814.0,1620.0,-0.167203041451935,0.043852193769907025
F47C,624.0,1056.0,-0.40110489464890176,0.051251807500327845
F47D,484.0,620.0,-0.8028327073917065,0.06128783605522145
F47E,375.0,862.0,0.04068820181767219,0.06248138545625231
F47G,457.0,1052.0,0.04276344248865449,0.05670931012725089
F47H,544.0,1102.0,-0.14165509805541632,0.05313080939736364
F47I,537.0,998.0,-0.26598201947543476,0.05423472416660651
F47K,1977.0,2485.0,-0.8301558480918856,0.031392289260218545
F47L,688.0,1451.0,-0.0835313141956906,0.04711571918224772
F47M,478.0,944.0,-0.17832599454001574,0.05682047058427784
F47N,470.0,1355.0,0.3674528044824994,0.05424817841455264
F47P,1011.0,22.0,-6.681581648733928,0.2156391713171409
F47Q,492.0,1004.0,-0.1310732417971492,0.05572910955850618
F47R,983.0,2940.0,0.42045572708768386,0.037877000519493755
F47S,569.0,1285.0,0.015166337193204704,0.05111644588752099
F47T,979.0,1783.0,-0.2951680439878084,0.04073742748454261
F47V,1167.0,2093.0,-0.31732505592531357,0.037575525436532115
F47W,1110.0,1321.0,-0.9090186230295272,0.041654987059522315
F47Y,1189.0,2462.0,-0.11001156409400181,0.036393084975148565
F47_,589.0,124.0,-3.407923002563755,0.09919112099214997
F57A,575.0,1043.0,-0.30099329837912236,0.05267933550933018
F57C,465.0,979.0,-0.08602548245573072,0.057001579233248736
F57D,760.0,20.0,-6.407312665942229,0.2266451704235041
F57E,357.0,80.0,-3.3177995916292558,0.12400293667716486
F57G,634.0,1396.0,-0.021355561775598275,0.04869125236514796
F57H,972.0,421.0,-2.3672039921585286,0.05900241617759864
F57I,633.0,1326.0,-0.09329587755220459,0.049103407433953576
F57K,865.0,412.0,-2.2301247943925757,0.060501489041271166
F57L,471.0,977.0,-0.1074716983186752,0.05677919313424734
F57M,545.0,1267.0,0.05698596786929322,0.051974388824400634
F57N,659.0,252.0,-2.546906711898151,0.07458399816580581
F57P,279.0,438.0,-0.509440359971773,0.07709995102638698
F57Q,795.0,625.0,-1.507181071717275,0.05417627557633765
F57R,403.0,22.0,-5.354671923889073,0.21907183824739193
F57S,301.0,500.0,-0.4279418047946706,0.0734803197344377
F57T,618.0,1055.0,-0.3885327509689027,0.05141209712064786
F57V,1394.0,3224.0,0.049527971193775056,0.03323817572624733
F57W,163.0,298.0,-0.28968706521695076,0.09781325925269518
F57Y,439.0,844.0,-0.21708104726248223,0.05949723646895247
F57_,1069.0,53.0,-5.493954334941084,0.14098602335037264
F6A,303.0,602.0,-0.16966529182812007,0.07098289731701866
F6C,647.0,966.0,-0.5818372235913403,0.05155585086716662
F6D,833.0,56.0,-5.054664818394854,0.13831727677095
F6E,433.0,667.0,-0.5367792893386021,0.062336923297725
F6G,484.0,1034.0,-0.0649459589424195,0.05577123158033029
F6H,484.0,822.0,-0.3959682471436574,0.05796422904862665
F6I,625.0,1298.0,-0.10573701681303227,0.04947355971985033
F6K,614.0,940.0,-0.5456733845754949,0.05262798743763042
F6L,1167.0,1565.0,-0.7367323848282581,0.03966248682310843
F6M,331.0,888.0,0.2636137836849768,0.06499552932301203
F6N,701.0,1067.0,-0.5540205696281797,0.04940607386533743
F6P,445.0,103.0,-3.2711406947765056,0.10969131458335074
F6Q,1083.0,1354.0,-0.8378955072733367,0.041703094760543444
F6R,262.0,420.0,-0.47928553508141025,0.07921358806509633
F6S,329.0,539.0,-0.44790673237364764,0.07051186471177232
F6T,1014.0,218.0,-3.377692999801912,0.07516899455772405
F6V,381.0,232.0,-1.875729211127184,0.08373774952382065
F6W,429.0,1028.0,0.10068377972373987,0.05814593538278032
F6Y,860.0,1723.0,-0.15758160269518662,0.042666210085412694
F6_,918.0,14.0,-7.194068345342068,0.2693402101651042
F78A,348.0,343.0,-1.1809654624052444,0.07659044436276334
F78C,503.0,149.0,-2.9152652659844085,0.09368158658333349
F78D,446.0,29.0,-5.102541193594537,0.19180777598871215
F78E,803.0,45.0,-5.317187821146647,0.15342701252908064
F78G,471.0,586.0,-0.8449197432117943,0.06250441038077213
F78H,203.0,27.0,-4.070072586459452,0.2050035098165675
F78I,269.0,310.0,-0.955432387310041,0.08378714069866042
F78K,310.0,10.0,-6.112888211049766,0.3212523165962391
F78L,520.0,1076.0,-0.11100712349398911,0.05412622244128775
F78M,428.0,687.0,-0.4774007422800475,0.06220309895259883
F78N,1375.0,69.0,-5.476580204760232,0.12367364144466113
F78P,633.0,15.0,-6.558319745830901,0.26130299333936413
F78Q,485.0,19.0,-5.833271393221205,0.23397212327156405
F78R,989.0,31.0,-6.155267014297102,0.18258155106247312
F78S,1435.0,1677.0,-0.9352568358183162,0.037019011914466986
F78T,743.0,737.0,-1.1717847704060684,0.052725318592170736
F78V,435.0,510.0,-0.9306103680762376,0.06585432573619901
F78W,474.0,552.0,-0.940310429897977,0.06323345744274506
F78Y,519.0,615.0,-0.9152398042282579,0.06024934516138976
F78_,550.0,13.0,-6.561852319087115,0.2806409595722915
F83A,511.0,650.0,-0.8129769474253301,0.059771191711343374
F83C,443.0,870.0,-0.1863946183622236,0.059024961549910576
F83D,593.0,1058.0,-0.32486241202279675,0.052045475077626614
F83E,352.0,364.0,-1.1117256666139719,0.07526788347336652
F83G,577.0,788.0,-0.7104697211938635,0.05549180360612021
F83H,220.0,447.0,-0.1373493302401796,0.08282259947367707
F83I,470.0,576.0,-0.8666849309015205,0.06277693763276883
F83K,642.0,147.0,-3.2867688118522373,0.09185377024581248
F83L,531.0,774.0,-0.6164741614893421,0.05703003857375336
F83M,440.0,858.0,-0.1966291866843477,0.05929090844633691
F83N,396.0,310.0,-1.5133094452769322,0.07634225419916552
F83P,200.0,30.0,-3.896644245937594,0.19595720083437765
F83Q,348.0,390.0,-0.9957049835889462,0.07426147108918625
F83R,480.0,13.0,-6.365458931536749,0.28111294769217715
F83S,518.0,861.0,-0.42703729237153265,0.05629511507272961
F83T,275.0,557.0,-0.14186818785851685,0.07422115558430424
F83V,290.0,356.0,-0.8642722187609504,0.07958841274859565
F83W,584.0,1347.0,0.04560824646501693,0.050318317286916464
F83Y,517.0,978.0,-0.24043030584942304,0.05508113669081868
F83_,496.0,33.0,-5.069481500277121,0.1799644058011127
F85A,1351.0,8050.0,1.414864885012351,0.030686463482324528
F85C,513.0,382.0,-1.5854638806536894,0.06814881424412476
F85D,285.0,249.0,-1.3548961956158223,0.08718830435773627
F85E,310.0,52.0,-3.7355411472895597,0.150100042422805
F85G,462.0,572.0,-0.8519710467819968,0.06316585407811581
F85H,292.0,252.0,-1.3726241302688837,0.08642849866352624
F85I,986.0,1180.0,-0.9009624347103999,0.04403280100178446
F85K,518.0,19.0,-5.928236848837209,0.23369126208002886
F85L,474.0,675.0,-0.6500959571793992,0.06056705613895031
F85M,463.0,580.0,-0.8350529158286113,0.06293756742184184
F85N,497.0,715.0,-0.6353987972995165,0.05905812738935353
F85P,385.0,563.0,-0.6118227077451799,0.06671395012904192
F85Q,217.0,447.0,-0.11754175571363223,0.0832010674038597
F85R,454.0,10.0,-6.6632975323411845,0.3196559762905407
F85S,838.0,1319.0,-0.5056711995614291,0.045041049832827036
F85T,573.0,748.0,-0.775590096373258,0.056207645262883764
F85V,156.0,144.0,-1.2755568482679243,0.11589243447793249
F85W,617.0,1355.0,-0.025149615015386928,0.04935554508292742
F85Y,308.0,527.0,-0.38523419072533205,0.07225921158547415
F85_,372.0,24.0,-5.113721431293537,0.21074786165049553
F91A,513.0,687.0,-0.738743186487925,0.05900941662952356
F91C,466.0,773.0,-0.42996117309275483,0.05930235783683123
F91D,783.0,1199.0,-0.5453462835853102,0.04678026207899069
F91E,802.0,1826.0,0.02691519871497139,0.04326381853836705
F91G,554.0,1051.0,-0.23629486350216222,0.05323284629458455
F91H,681.0,931.0,-0.7089666561805261,0.05118357313953637
F91I,311.0,465.0,-0.5797865639689883,0.07377716927137846
F91K,602.0,254.0,-2.4049894939607963,0.07533394637553248
F91L,529.0,1201.0,0.022793927091994348,0.05291695938238265
F91M,522.0,1047.0,-0.1559614649916199,0.05429568537724663
F91N,421.0,671.0,-0.4876075712766488,0.06279155891104984
F91P,726.0,1043.0,-0.6373956721084353,0.04912640528399731
F91Q,308.0,775.0,0.17115039774108975,0.06792792054302163
F91R,200.0,43.0,-3.377415433591233,0.16830747314446048
F91S,541.0,1090.0,-0.14947313247130278,0.05332040947724506
F91T,518.0,910.0,-0.34718488692042726,0.05573690256639104
F91V,849.0,1581.0,-0.2630942958297746,0.04344649719091187
F91W,192.0,262.0,-0.7116469109860128,0.09540418712659877
F91Y,522.0,386.0,-1.5955265588757435,0.06770175179555571
F91_,519.0,23.0,-5.655516784270726,0.21322138556987277
G101A,473.0,815.0,-0.37514026021743163,0.05846663698729816
G101C,602.0,133.0,-3.338340073897464,0.09621113401579406
G101D,419.0,364.0,-1.3630939280553038,0.07218728269558539
G101E,505.0,409.0,-1.4642631763847183,0.06709944431409567
G101F,481.0,19.0,-5.821323787282026,0.23400876087684538
G101H,540.0,120.0,-3.3299188352298073,0.10130007466602385
G101I,971.0,17.0,-6.995118444319125,0.24473669894554392
G101K,512.0,269.0,-2.0885995210543644,0.07581338538498741
G101L,202.0,5.0,-6.493559635147811,0.4523585933885544
G101M,579.0,154.0,-3.070651572674972,0.0910901716666176
G101N,679.0,352.0,-2.1079037447659186,0.06626318259455138
G101P,499.0,16.0,-6.122110851068,0.25405152701139644
G101Q,495.0,114.0,-3.278384636253536,0.10425243524753801
G101R,1131.0,22.0,-6.843396066778616,0.2153957004834441
G101S,467.0,345.0,-1.5969026009369758,0.0715331888289036
G101T,576.0,27.0,-5.574615650317253,0.19707017604657362
G101V,314.0,18.0,-5.284027754768108,0.24245941737116986
G101W,375.0,55.0,-3.9292505959051454,0.14464562619292043
G101Y,1028.0,400.0,-2.521833663461857,0.05958136710877595
G101_,466.0,25.0,-5.3798712880746065,0.20544374343605462
G102A,499.0,20.0,-5.800362991678516,0.22815834188510878
G102C,503.0,11.0,-6.673788044578434,0.3047815644243637
G102D,614.0,21.0,-6.029201421980121,0.22204114318440132
G102E,460.0,20.0,-5.682959488445832,0.22853036319258102
G102F,531.0,13.0,-6.511133500041085,0.2807568398719252
G102H,230.0,7.0,-6.196225668253951,0.38350780700618353
G102I,693.0,25.0,-5.952386544728722,0.20372588357855942
G102K,742.0,31.0,-5.7407205360189755,0.18350095748547493
G102L,757.0,31.0,-5.769594264118317,0.18342817989306592
G102M,848.0,24.0,-6.302461305958111,0.20713713521476773
G102N,684.0,26.0,-5.87696644963391,0.19996491392612084
G102P,465.0,17.0,-5.93289403251063,0.2470155616287606
G102Q,769.0,40.0,-5.424657161970398,0.16239265189925742
G102R,703.0,53.0,-4.889296102444047,0.14270272845458556
G102S,291.0,13.0,-5.64346319930026,0.2835092722634955
G102T,401.0,18.0,-5.636855464344918,0.24103041408886888
G102V,644.0,47.0,-4.936130841656284,0.1513343626337011
G102W,598.0,51.0,-4.711404940747002,0.14612823367420716
G102Y,625.0,42.0,-5.055161918811345,0.15962794005678163
G102_,609.0,32.0,-5.409958672552422,0.18154750124931227
G106A,346.0,863.0,0.15847620582964073,0.06423452053364012
G106C,500.0,13.0,-6.424351418368996,0.28096469427585546
G106D,679.0,39.0,-5.281604255225777,0.16487702595096865
G106E,634.0,37.0,-5.258605891914438,0.16933468400997526
G106F,567.0,37.0,-5.097474475587039,0.16988410857430122
G106H,658.0,20.0,-6.199403773931866,0.22709468258427998
G106I,628.0,16.0,-6.453829655855859,0.2532400873731691
G106K,402.0,23.0,-5.286985837257241,0.2145323155747283
G106L,868.0,47.0,-5.366759414878033,0.15000459611017017
G106M,493.0,22.0,-5.645473196593082,0.21803554464612612
G106N,251.0,7.0,-6.322273923497699,0.3830332962016984
G106P,226.0,9.0,-5.808803028065566,0.33983764204051853
G106Q,409.0,22.0,-5.375992403148782,0.2189887446952759
G106R,665.0,34.0,-5.449432460992286,0.17602301593240552
G106S,445.0,115.0,-3.112165785407516,0.10497278328853366
G106T,565.0,16.0,-6.301318525798252,0.2535903994625557
G106V,422.0,10.0,-6.557850643364836,0.3199171152287003
G106W,587.0,19.0,-6.108641980492871,0.23320525251636207
G106Y,513.0,37.0,-4.953087244555508,0.17042961233776324
G106_,1206.0,23.0,-6.871924413084267,0.21063189368139024
G111A,328.0,663.0,-0.1447965055355196,0.06807502507084633
G111C,360.0,140.0,-2.5225944447624595,0.0999864801675545
G111D,442.0,15.0,-6.040170464373234,0.2626059647215469
G111E,456.0,33.0,-4.948177755456867,0.18045507290045132
G111F,380.0,18.0,-5.559254634396525,0.241316113871509
G111H,647.0,7.0,-7.688317092845186,0.37983703366214583
G111I,459.0,17.0,-5.914157875484968,0.2470724551075491
G111K,349.0,22.0,-5.1471246605050816,0.21994633372815392
G111L,289.0,8.0,-6.333260696284368,0.35830333737847037
G111M,526.0,41.0,-4.841129915179166,0.1623657897355161
G111N,230.0,12.0,-5.4194758665589395,0.2961230021325359
G111P,409.0,133.0,-2.78068873853082,0.10020183795931753
G111Q,184.0,16.0,-4.6828262955618,0.26071574132873926
G111R,617.0,31.0,-5.474575777575308,0.18424339863715494
G111S,509.0,372.0,-1.6124399338374067,0.06877460540743176
G111T,459.0,10.0,-6.67909904231236,0.31961844486064195
G111V,459.0,18.0,-5.8317428352420775,0.24037587002508323
G111W,679.0,28.0,-5.759506270175833,0.19300651840809357
G111Y,798.0,40.0,-5.478061628461115,0.16224708722384198
G111_,448.0,10.0,-6.644104392688934,0.31970211377998586
G114A,316.0,552.0,-0.3553631470776235,0.07108633361904153
G114C,653.0,169.0,-3.1100838114269136,0.08674922705552121
G114D,761.0,45.0,-5.239685278690757,0.1536508276869328
G114E,444.0,44.0,-4.494776229533625,0.1582768421479443
G114F,808.0,27.0,-6.062894940081405,0.1958013834518313
G114H,709.0,16.0,-6.628848099700235,0.2528806593295706
G114I,564.0,9.0,-7.128137162870215,0.3359137659779705
G114K,579.0,9.0,-7.166004685785746,0.33584538980397954
G114L,317.0,6.0,-6.881106886407392,0.41185079133763475
G114M,477.0,18.0,-5.88723676177368,0.24020480683390572
G114N,529.0,22.0,-5.747151280895098,0.21771877672971127
G114P,306.0,8.0,-6.415720083222768,0.3580349993415246
G114Q,784.0,31.0,-5.820153961920111,0.1833041314351141
G114R,1828.0,214.0,-4.254611183796819,0.07278028873067163
G114S,321.0,461.0,-0.6379075322375085,0.07322271995253411
G114T,508.0,12.0,-6.562636177108113,0.2920781753579352
G114V,532.0,15.0,-6.307544818765891,0.26187623865073595
G114W,759.0,27.0,-5.972640685433506,0.19600530353646858
G114Y,713.0,19.0,-6.389179210617911,0.23255890906051485
G114_,597.0,18.0,-6.210972347714638,0.23932607658965596
G130A,404.0,769.0,-0.23147598111725287,0.062070992311463916
G130C,556.0,319.0,-1.961596518674508,0.07078471160457372
G130D,761.0,40.0,-5.409570214730708,0.16243473570397998
G130E,213.0,12.0,-5.308700441904263,0.2967082921136612
G130F,764.0,31.0,-5.78287342755491,0.18339518548133668
G130H,477.0,19.0,-5.809276411031405,0.23404600705607537
G130I,170.0,10.0,-5.246193066032386,0.3253603470961413
G130K,450.0,22.0,-5.5138133476714835,0.21847955315531425
G130L,364.0,32.0,-4.667470839400263,0.18456614890820985
G130M,589.0,1260.0,-0.06301618633127681,0.05068192144435229
G130N,441.0,20.0,-5.622105634266561,0.22873518180160432
G130P,364.0,29.0,-4.809443220747847,0.19311990578412033
G130Q,253.0,6.0,-6.555772943188032,0.41281837731778503
G130R,1172.0,27.0,-6.599434766357836,0.1948173718046409
G130S,250.0,126.0,-2.1485349097843534,0.10960368028932937
G130T,567.0,50.0,-4.663173006179686,0.1477730920943115
G130V,376.0,180.0,-2.222781313926201,0.09106041559855904
G130W,355.0,9.0,-6.46027608411548,0.3374638677339489
G130Y,835.0,34.0,-5.777849901147458,0.17515123693552806
G130_,419.0,22.0,-5.410840962071893,0.21885547786681409
G139A,417.0,660.0,-0.4976814339749245,0.0631696225136136
G139C,835.0,27.0,-6.110315267346331,0.19569916648833643
G139D,581.0,15.0,-6.434654449622517,0.2615733954856058
G139E,705.0,27.0,-5.866165513203923,0.19626256116003427
G139F,313.0,17.0,-5.361841039838688,0.24912041748632333
G139H,768.0,29.0,-5.886590232304962,0.1893414564063083
G139I,399.0,8.0,-6.7985661879434085,0.3569697417742525
G139K,420.0,18.0,-5.703640928045274,0.24079628902849304
G139L,632.0,32.0,-5.463440140716528,0.18138285335944737
G139M,1007.0,22.0,-6.675862391520277,0.21564828101417383
G139N,201.0,2.0,-7.804015300899693,0.7089178819189118
G139P,742.0,18.0,-6.524655880725322,0.23864125345141962
G139Q,720.0,16.0,-6.651059067917816,0.25283805117011177
G139R,671.0,42.0,-5.157616913037126,0.15928400924791014
G139S,946.0,1138.0,-0.8935014410609101,0.04486699009780326
G139T,489.0,1036.0,-0.07698528140718697,0.055564721055491956
G139V,677.0,21.0,-6.1701164136757605,0.22169960386286314
G139W,533.0,13.0,-6.516557070049062,0.28074425521643137
G139Y,644.0,18.0,-6.320300340943743,0.23907055033324384
G139_,701.0,42.0,-5.220717670718136,0.15908368244484108
G143A,253.0,166.0,-1.768011596055402,0.10026661996790263
G143C,621.0,42.0,-5.045899146163538,0.1596602169422887
G143D,601.0,23.0,-5.867143444008978,0.2126040449774582
G143E,591.0,25.0,-5.722692915686065,0.20433617831079795
G143F,538.0,12.0,-6.64541226930715,0.2918902136829049
G143H,946.0,43.0,-5.6191987346026835,0.1561560974861059
G143I,327.0,5.0,-7.188467677555107,0.4502622096992405
G143K,1128.0,37.0,-6.089808248703957,0.16728266492367552
G143L,676.0,15.0,-6.653136042958684,0.26111064419500446
G143M,643.0,135.0,-3.411862241735707,0.09507519729033935
G143N,380.0,20.0,-5.407331648397061,0.2295294552176688
G143P,301.0,4.0,-7.390152706388844,0.5027682925473388
G143Q,564.0,28.0,-5.491794190609247,0.19378287333137212
G143R,749.0,31.0,-5.754266886146002,0.18346663545658448
G143S,376.0,260.0,-1.692291257521867,0.08113419920788857
G143T,579.0,80.0,-4.015423371327202,0.11959419804038478
G143V,491.0,9.0,-6.928168827805423,0.3363058999830606
G143W,881.0,25.0,-6.29866876911206,0.20296875600720313
G143Y,709.0,28.0,-5.821879424141985,0.19284501842193708
G143_,369.0,8.0,-6.685801197360925,0.3572550172497373
G145A,620.0,1321.0,-0.06880933895942132,0.04946839772862227
G145C,462.0,1087.0,0.07428189194855417,0.056228628604122824
G145D,609.0,17.0,-6.322098208434618,0.24598415693272027
G145E,689.0,27.0,-5.83304671382591,0.19634645670696899
G145F,677.0,26.0,-5.862126176405814,0.20000270730055916
G145H,826.0,47.0,-5.295206998974063,0.15019972533404083
G145I,345.0,17.0,-5.502270469456095,0.24852497462146506
G145K,304.0,8.0,-6.406260064140484,0.35806502087151193
G145L,687.0,55.0,-4.802652627760173,0.14039709579424295
G145M,414.0,372.0,-1.3144115491109352,0.07197742005730642
G145N,117.0,3.0,-6.440811871635336,0.5838231241898569
G145P,410.0,42.0,-4.446941743086164,0.1622346132909279
G145Q,512.0,16.0,-6.159214111658515,0.2539513681283074
G145S,353.0,392.0,-1.0089059321871954,0.07389847694963292
G145T,296.0,307.0,-1.107447603612047,0.08193128682771572
G145V,384.0,485.0,-0.8232167243956887,0.06887060789435112
G145W,500.0,26.0,-5.4249059811438,0.20130563795376638
G145Y,643.0,21.0,-6.095780444229727,0.2218756792970109
G145_,113.0,4.0,-5.9767917292513255,0.5082347702291571
G147A,664.0,204.0,-2.862652434972616,0.08052931479400327
G147C,519.0,298.0,-1.9604889304849396,0.07320919249177378
G147D,411.0,235.0,-1.9665386858243004,0.08225215819286882
G147E,771.0,459.0,-1.908311324493388,0.059605791949653014
G147F,806.0,19.0,-6.566054638022995,0.23221072478623733
G147H,366.0,28.0,-4.867956514380764,0.19624206882186504
G147I,525.0,7.0,-7.386873984999115,0.38030951421139547
G147K,186.0,4.0,-6.695721473630057,0.5048067573596341
G147L,666.0,15.0,-6.63163529418807,0.2611531723156696
G147M,525.0,11.0,-6.735545865445369,0.30464486798592194
G147N,475.0,21.0,-5.658897155565157,0.22311174360411495
G147P,571.0,21.0,-5.924455281393778,0.22231714758702695
G147Q,902.0,36.0,-5.806761260190646,0.17016447235558843
G147R,248.0,7.0,-6.3049273752029915,0.383096197391014
G147S,338.0,236.0,-1.6783052767611908,0.08528100357667051
G147T,745.0,1249.0,-0.4146340049286765,0.04711843149015533
G147V,777.0,26.0,-6.060882198661403,0.19952690193220615
G147W,237.0,38.0,-3.8005843377729835,0.174943836603609
G147Y,660.0,72.0,-4.356306048293735,0.12441598500488618
G147_,735.0,38.0,-5.433400285044615,0.16657322839117433
G148A,123.0,8.0,-5.100916887254979,0.3647610369305432
G148C,425.0,3.0,-8.301676826444098,0.5784946396098821
G148D,752.0,32.0,-5.7142446015914015,0.18068551574045644
G148E,670.0,33.0,-5.503294921536135,0.17850382070735
G148F,1102.0,37.0,-6.056165706630503,0.16734516964161614
G148H,427.0,18.0,-5.72748710690012,0.24071523143958948
G148I,356.0,16.0,-5.634959889834999,0.255630828310181
G148K,444.0,15.0,-6.046683624307483,0.2625865609294543
G148L,454.0,22.0,-5.526580361285621,0.21843474303060767
G148M,815.0,35.0,-5.701066131173402,0.17282214866604104
G148N,235.0,14.0,-5.228280622918779,0.2751544550582977
G148P,1050.0,20.0,-6.873625427347509,0.2258420532088281
G148Q,647.0,38.0,-5.249424416993844,0.16712775315712652
G148R,913.0,33.0,-5.9497429551857195,0.1773876467668297
G148S,561.0,13.0,-6.590420956963363,0.2805774382401633
G148T,327.0,7.0,-6.703863836739692,0.3818227487117937
G148V,1061.0,35.0,-6.081614718737346,0.17199713499114522
G148W,700.0,30.0,-5.703947644828406,0.18662268234875667
G148Y,792.0,30.0,-5.882090759025221,0.1861775627376242
G148_,689.0,29.0,-5.729990058136881,0.18973528527896055
G163A,818.0,1789.0,-0.031116270446961636,0.043112595983468005
G163C,755.0,1373.0,-0.2973128619469767,0.04615258611239715
G163D,579.0,858.0,-0.5926811397954852,0.05449607409130038
G163E,582.0,854.0,-0.6068783154014721,0.054464471300614034
G163F,849.0,1551.0,-0.2907328006501686,0.0435870648077072
G163H,598.0,1577.0,0.23886295674384517,0.04882184806938459
G163I,645.0,660.0,-1.1269209814439103,0.05606015287676762
G163K,338.0,38.0,-4.312702335886478,0.17130267675031338
G163L,747.0,550.0,-1.6017570438918005,0.05686886272507237
G163M,608.0,1260.0,-0.10881911052052118,0.05015578638099319
G163N,2128.0,5826.0,0.2929159103378738,0.026810730756249335
G163P,773.0,172.0,-3.328081974543248,0.08476147966236963
G163Q,455.0,769.0,-0.4029832308550647,0.05979444559725172
G163R,947.0,34.0,-5.959436085864663,0.17474644605994025
G163S,702.0,1418.0,-0.145783117049624,0.04697811616991964
G163T,787.0,1901.0,0.1122249117612597,0.043288759125385226
G163V,311.0,690.0,-0.010431035192778992,0.06886097354124555
G163W,539.0,1204.0,-0.0006239064567798991,0.05256481386514692
G163Y,820.0,1920.0,0.0673130793477954,0.04263304546394383
G163_,633.0,30.0,-5.558800403853302,0.18702734671884647
G166A,481.0,624.0,-0.7845850753660253,0.06130861195555097
G166C,321.0,530.0,-0.4366859973757853,0.07126831853692901
G166D,458.0,335.0,-1.6112622744564966,0.07242646330195272
G166E,553.0,258.0,-2.2599659228024143,0.07590357668005034
G166F,744.0,229.0,-2.8599987525729036,0.07607849973967702
G166H,443.0,24.0,-5.36571929324894,0.2097232624116461
G166I,937.0,998.0,-1.0690975104465679,0.04632998013136224
G166K,559.0,27.0,-5.5313958834138495,0.1972040823119307
G166L,424.0,231.0,-2.036230322631045,0.08224658350689973
G166M,466.0,364.0,-1.51647016634743,0.0705003730126869
G166N,609.0,392.0,-1.7956627972325734,0.06534686768955895
G166P,925.0,839.0,-1.3008682933111713,0.04847885026233205
G166Q,644.0,374.0,-1.9440935829696402,0.06560293318764199
G166R,306.0,4.0,-7.413920089176557,0.5027143068267628
G166S,605.0,681.0,-0.9893703423958682,0.05655546907453063
G166T,520.0,648.0,-0.8426106274095888,0.059527091522571046
G166V,727.0,815.0,-0.9952447845298265,0.05176605383824345
G166W,1051.0,25.0,-6.553214865407878,0.20251597653532455
G166Y,1011.0,210.0,-3.4273546730564437,0.07634157803574057
G166_,620.0,25.0,-5.79180185899289,0.20414243123552822
G187A,698.0,1702.0,0.1258325660474755,0.045797745215855355
G187C,1777.0,14671.0,1.8853571520390562,0.026611149718590375
G187D,364.0,801.0,-0.022245167700793544,0.06381888248687574
G187E,509.0,1084.0,-0.06947517626161126,0.05444581968913756
G187F,283.0,383.0,-0.7235583078812287,0.07887705976613596
G187H,508.0,1074.0,-0.08000871220142702,0.05456009380894933
G187I,316.0,496.0,-0.5096883427115513,0.07251064630766274
G187K,1563.0,1863.0,-0.9067789274468141,0.03540911698044959
G187L,265.0,593.0,0.0019222963102834,0.07441104311255305
G187M,420.0,954.0,0.02349337433895471,0.05921445226013725
G187N,732.0,1603.0,-0.02923917404022358,0.0454662138755607
G187P,636.0,1269.0,-0.16350525347645384,0.04937172063867133
G187Q,649.0,1535.0,0.08184810451854663,0.04763946351175948
G187R,450.0,990.0,-0.02260130021776252,0.05752836056607716
G187S,747.0,1599.0,-0.06210783694911193,0.04518081168916602
G187T,736.0,1572.0,-0.06527421511755538,0.04551982076462512
G187V,1081.0,2220.0,-0.12190103079154913,0.038115060878950176
G187W,711.0,714.0,-1.154012907883411,0.05370511344308751
G187Y,1258.0,1961.0,-0.5196338349266467,0.037176554012146944
G187_,591.0,37.0,-5.157282837566815,0.16967319107045853
G18A,300.0,293.0,-1.194148024246183,0.08260341186196764
G18C,780.0,39.0,-5.481664053509174,0.16429770592371443
G18D,341.0,7.0,-6.764343128978095,0.38165831092618874
G18E,314.0,10.0,-6.13138396183839,0.3211883566955481
G18H,487.0,16.0,-6.086993520202513,0.25414868964378917
G18I,403.0,4.0,-7.81115692732571,0.5019314049069793
G18K,231.0,4.0,-7.008296594752546,0.5037684231464657
G18L,763.0,34.0,-5.647758391007091,0.1754735426342797
G18M,424.0,14.0,-6.079656766369997,0.2716859786624444
G18N,91.0,1.0,-7.6536852134656685,1.000581861748811
G18P,670.0,12.0,-6.961961909053036,0.29126227076265226
G18Q,457.0,12.0,-6.410005014638746,0.2924539814393563
G18R,421.0,7.0,-7.068383583751972,0.3809276065980697
G18S,1269.0,2485.0,-0.19053911753744313,0.0356044568008884
G18T,954.0,23.0,-6.533758837104112,0.2111511808083776
G18V,378.0,12.0,-6.136203681358494,0.29323476600369064
G18W,541.0,50.0,-4.595454087876349,0.1480595964155086
G18Y,486.0,20.0,-5.762280263290211,0.22827578046582708
G18_,24.0,0.0,-12.389507025268113,10.002086110477554
G20A,504.0,801.0,-0.49171944168492043,0.05753051454518077
G20C,461.0,4.0,-8.005139335350693,0.5016203320928639
G20D,545.0,24.0,-5.66466272947208,0.20871365582235293
G20E,610.0,27.0,-5.6573546852982215,0.19682451753897576
G20F,380.0,10.0,-6.406610841466807,0.32032617473267244
G20H,542.0,56.0,-4.43465047296307,0.14062783395363238
G20I,413.0,14.0,-6.0417351894614635,0.2718015543358251
G20K,836.0,38.0,-5.619156606045842,0.16607911563534886
G20L,278.0,12.0,-5.692916058402013,0.294852824722185
G20M,847.0,23.0,-6.362133450819284,0.2114645069989421
G20N,541.0,18.0,-6.068872511677646,0.23968803012700413
G20P,1122.0,70.0,-5.162468054317215,0.12349971674550463
G20Q,695.0,45.0,-5.108803603090428,0.15405635945237595
G20R,725.0,24.0,-6.076380922589011,0.20761949024143234
G20S,1847.0,9588.0,1.2159523993194639,0.026887936626450608
G20T,325.0,7.0,-6.69501319065134,0.38184739017140557
G20V,649.0,8.0,-7.5003819917391565,0.3556149631249451
G20W,359.0,22.0,-5.187880316675615,0.21976482893739335
G20Y,742.0,45.0,-5.203208497246046,0.1537602822622002
G20_,1103.0,80.0,-4.945209071809882,0.11611329127683166
G217A,1083.0,104.0,-4.540339753719109,0.10302941947814347
G217C,619.0,37.0,-5.22406301240478,0.16944750162659677
G217D,1011.0,24.0,-6.55610539039507,0.20667769910658837
G217E,363.0,19.0,-5.415266191277236,0.23544826684020878
G217F,390.0,6.0,-7.180089651557132,0.4111333561300433
G217H,297.0,20.0,-5.051805770480297,0.23112583395005884
G217I,824.0,30.0,-5.939233958726075,0.18604583320104914
G217K,362.0,36.0,-4.489647382609062,0.1749561862978498
G217L,993.0,43.0,-5.6891515469739575,0.15599581631508624
G217M,1027.0,30.0,-6.256950437127433,0.1854000401828394
G217N,1128.0,39.0,-6.013879385979614,0.16308960202781272
G217P,222.0,12.0,-5.3684039422563865,0.2963874102264859
G217Q,875.0,38.0,-5.684935911519257,0.16591853058446188
G217R,778.0,21.0,-6.370727968644452,0.22126672099372308
G217S,622.0,18.0,-6.270155025304334,0.23918538482024607
G217T,332.0,31.0,-4.580508601562205,0.18798103132315172
G217V,222.0,5.0,-6.629757584766813,0.4518654098654629
G217W,704.0,36.0,-5.449213753941179,0.17107818932181382
G217Y,925.0,43.0,-5.5868122628902865,0.1562329187387162
G217_,510.0,17.0,-6.06615782586862,0.2466311865259909
G246A,1087.0,988.0,-1.2978550005801344,0.04482564962810605
G246C,938.0,1001.0,-1.0663061587133607,0.0462852714825964
G246D,645.0,37.0,-5.283421824014405,0.16925524092541266
G246E,760.0,20.0,-6.407312665942229,0.2266451704235041
G246F,742.0,1524.0,-0.12172550289171635,0.045619108135199454
G246H,986.0,716.0,-1.6217098786413287,0.04988051380484268
G246I,669.0,1620.0,0.1158157008031635,0.04678968614793515
G246K,918.0,41.0,-5.6445495574456706,0.15984635712859854
G246L,915.0,812.0,-1.3323773530257803,0.04900657894221881
G246M,1390.0,2499.0,-0.31382592454769354,0.034595178409108855
G246N,1814.0,694.0,-2.5462413901177148,0.04549082244637555
G246P,704.0,312.0,-2.3340909900098312,0.06857629670984011
G246Q,599.0,73.0,-4.196501439881908,0.12427157238343915
G246R,768.0,23.0,-6.220879544278868,0.21175145924942593
G246S,2689.0,498.0,-3.592915840516512,0.04956939081068717
G246T,860.0,1145.0,-0.7471524791673838,0.04597151962383773
G246V,1143.0,2265.0,-0.17340794276675275,0.03733136430112661
G246W,1083.0,4478.0,0.8877238487203347,0.034984491002520775
G246Y,1133.0,557.0,-2.1844727979340366,0.0524895539095206
G246_,607.0,27.0,-5.650242075991709,0.19684509806914158
G247A,1009.0,2305.0,0.03174519994456215,0.03875766600410797
G247C,972.0,1698.0,-0.35528544314345645,0.04117000490790585
G247D,935.0,24.0,-6.443361823167979,0.20687210707581996
G247E,790.0,8.0,-7.784012199315139,0.3552280963722568
G247F,753.0,24.0,-6.131049052423407,0.207495939767896
G247H,515.0,39.0,-4.882771879082408,0.1662931483729847
G247I,1214.0,30.0,-6.498280513235047,0.18499511071970687
G247K,1049.0,47.0,-5.6400042771813155,0.14934054423716692
G247L,945.0,27.0,-6.288851387945303,0.19534268140024033
G247M,1041.0,1706.0,-0.44744516112442057,0.04029909704681713
G247N,1007.0,62.0,-5.1815206472652315,0.1311362598233233
G247P,1761.0,2743.0,-0.5207305569313183,0.03177526686744331
G247Q,815.0,11.0,-7.370018724037537,0.3035304742129889
G247R,1247.0,54.0,-5.689190012970425,0.13926326367045053
G247S,985.0,1763.0,-0.3202569554779675,0.040739151911052054
G247T,553.0,886.0,-0.4800699238515769,0.05490163584896847
G247V,1189.0,56.0,-5.568019947243807,0.13701182099484782
G247W,665.0,13.0,-6.835770504982332,0.28008023174554453
G247Y,1178.0,35.0,-6.232528251149161,0.17172479578650202
G247_,1156.0,39.0,-6.049253406295467,0.16302375822596904
G248A,640.0,1458.0,0.027746925461753946,0.04822437723864428
G248C,721.0,572.0,-1.4940662372805207,0.05667815383571067
G248D,1158.0,97.0,-4.737457767510938,0.10606137218914334
G248E,991.0,53.0,-5.384650506624845,0.14124689514827526
G248F,640.0,15.0,-6.574185902013001,0.2612699294600976
G248H,738.0,32.0,-5.687133119908086,0.18075530763223796
G248I,1086.0,72.0,-5.074783647425667,0.12200414173426702
G248K,1031.0,47.0,-5.615034172081308,0.14939625527838163
G248L,1080.0,75.0,-5.0079052553022505,0.11972769841115118
G248M,862.0,74.0,-4.701999821384564,0.12144552515783953
G248N,870.0,25.0,-6.28054235797386,0.20300410610334402
G248P,1196.0,30.0,-6.476729660029376,0.18502861388652359
G248Q,651.0,39.0,-5.220851137997434,0.16506900387644666
G248R,1136.0,46.0,-5.785971604938253,0.15063840189975403
G248S,909.0,2023.0,-0.005951956373045242,0.040885932300861794
G248T,635.0,16.0,-6.469821435383745,0.25320542820092534
G248V,1638.0,64.0,-5.837590382822903,0.1277118024312045
G248W,547.0,38.0,-5.007203614182752,0.16797093454994216
G248Y,1024.0,82.0,-4.802373493477039,0.11509750869403673
G248_,559.0,17.0,-6.198506382259432,0.24628250661338036
G251A,1005.0,1921.0,-0.22543216443597824,0.03991018784692197
G251C,774.0,1794.0,0.05267648414271431,0.04389341735828801
G251D,1253.0,29.0,-6.592791159817243,0.18800584821314947
G251E,1538.0,34.0,-6.659049404367778,0.1735815548468091
G251F,561.0,23.0,-5.7677809354570675,0.21288286341461343
G251H,904.0,31.0,-6.025620637542658,0.18284171602752247
G251I,1105.0,48.0,-5.684668016437263,0.14768619355594637
G251K,945.0,40.0,-5.72198439910867,0.16164525988777928
G251L,513.0,16.0,-6.162029072339472,0.25394387226629894
G251M,1031.0,35.0,-6.040234790846539,0.1720768402680392
G251N,742.0,15.0,-6.78753008501091,0.26085856548270797
G251P,1008.0,286.0,-2.97745979313835,0.0675698417737224
G251Q,900.0,27.0,-6.218462823376335,0.19547806035916235
G251R,861.0,43.0,-5.483373294207276,0.1564898789070014
G251S,1215.0,896.0,-1.5994687860403296,0.044903742468973856
G251T,921.0,208.0,-3.306651270672929,0.07726884457856262
G251V,516.0,47.0,-4.6164467759772405,0.15260165573497275
G251W,842.0,43.0,-5.451180667977802,0.15657359245706118
G251Y,1386.0,101.0,-4.938454971418412,0.10343478156581926
G251_,720.0,27.0,-5.8965387359251045,0.1961872649160602
G291A,903.0,1807.0,-0.15929671635299503,0.041690004061412836
G291C,671.0,1505.0,0.00527956387985995,0.04724390743460441
G291D,970.0,2201.0,0.022006837421704617,0.03952850492126092
G291E,752.0,1853.0,0.14095957837007056,0.04412120428621455
G291F,1407.0,774.0,-2.022295808439076,0.04560645344937396
G291H,1152.0,2523.0,-0.029094652682165822,0.03662852192594038
G291I,916.0,109.0,-4.230990198945471,0.1016976405046843
G291K,1390.0,2137.0,-0.5395889400385578,0.03556137560587039
G291L,2524.0,3076.0,-0.8747447697962398,0.02825845073233458
G291M,1187.0,2373.0,-0.16070124595054747,0.036621130958696756
G291N,807.0,2094.0,0.2155225391088047,0.042354967571227295
G291P,899.0,13.0,-7.270731633295582,0.27938062586368306
G291Q,758.0,1551.0,-0.12716813528440696,0.045180013277551626
G291R,1444.0,3061.0,-0.07616031218443675,0.0331127491787476
G291S,1019.0,2166.0,-0.0722156428485361,0.038990661005939155
G291T,982.0,2179.0,-0.010224140668128712,0.03942704905866468
G291V,780.0,1053.0,-0.7271327249907449,0.04805145226832063
G291W,1594.0,1110.0,-1.6821753433526836,0.040068566768239916
G291Y,1875.0,4789.0,0.19274182108987592,0.028624998428789315
G291_,1052.0,45.0,-5.70684638048518,0.15246342176362204
G305A,2011.0,162.0,-4.79385282195776,0.08213993962394134
G305C,982.0,25.0,-6.4552480902668705,0.2026809675034675
G305D,786.0,24.0,-6.192927695622591,0.2073615438133811
G305E,1105.0,47.0,-5.715035271902122,0.14917871020973988
G305F,2519.0,101.0,-5.800374154239533,0.10185401256430297
G305H,803.0,36.0,-5.6390357863419185,0.17056560906870533
G305I,905.0,33.0,-5.937046026854048,0.1774149349300074
G305K,1029.0,31.0,-6.212467003385612,0.18247388448845583
G305L,1148.0,78.0,-5.039419662779153,0.11733367184660745
G305M,586.0,23.0,-5.830679732169817,0.2127041834006894
G305N,1273.0,65.0,-5.451525624886966,0.12745602100372808
G305P,882.0,139.0,-3.82569367958879,0.09167742189405512
G305Q,774.0,20.0,-6.433646470401495,0.2265926611506472
G305R,916.0,51.0,-5.326598679372315,0.14412820326444278
G305S,842.0,20.0,-6.55513163201671,0.22636231017230443
G305T,1023.0,35.0,-6.028996712651139,0.1720988780053986
G305V,788.0,50.0,-5.138012764757758,0.1460899341165604
G305W,867.0,34.0,-5.832105059311663,0.17502501131635953
G305Y,1229.0,45.0,-5.931194616523466,0.15201380430412748
G305_,980.0,88.0,-4.637144445401764,0.11162433229696671
G322A,857.0,1696.0,-0.17532660430510294,0.04282190227755331
G322C,839.0,1521.0,-0.30181760991892403,0.043892908337224416
G322D,546.0,1016.0,-0.2641720142450561,0.05378623607262342
G322E,571.0,1025.0,-0.31603726889437844,0.052954052482899486
G322F,564.0,639.0,-0.9799695707515133,0.05843960615297782
G322H,1822.0,3316.0,-0.29616985681453656,0.030457515898778466
G322I,1052.0,1672.0,-0.4916522794820706,0.04032235701764122
G322K,831.0,1764.0,-0.07416634057708382,0.04298248231125209
G322L,780.0,1406.0,-0.31004500673405566,0.04550292256713631
G322M,987.0,1793.0,-0.2988404092816701,0.04059717916421693
G322N,2733.0,7364.0,0.2699135101197263,0.02406119577012929
G322P,542.0,949.0,-0.35198351692871555,0.054552384986580396
G322Q,636.0,1356.0,-0.06784087358694002,0.048857022343867164
G322R,1120.0,1837.0,-0.4462394705023067,0.03891607178460655
G322S,1104.0,2022.0,-0.2870504447708626,0.03843949680148992
G322T,809.0,1446.0,-0.322239248362731,0.04477594706275535
G322V,1340.0,2715.0,-0.14137359224773416,0.03452295580988048
G322W,1709.0,465.0,-3.0379145290773466,0.053036535448789425
G322Y,1301.0,1963.0,-0.5666518659496478,0.036814453371850464
G322_,833.0,49.0,-5.247273099932456,0.14724711741224827
G326A,598.0,965.0,-0.46971305408356034,0.05277992186924333
G326C,1334.0,982.0,-1.6020471973517325,0.042955648741112476
G326D,1170.0,69.0,-5.2436589543163485,0.12418774375821226
G326E,1128.0,79.0,-4.9956881229841485,0.11670643225089324
G326F,931.0,25.0,-6.378307038294358,0.20281853302418248
G326H,1518.0,55.0,-5.946430918471156,0.13753006510570004
G326I,1096.0,31.0,-6.3034709623761955,0.1823110284663488
G326L,1247.0,59.0,-5.561457102922729,0.13351197362572365
G326M,1404.0,60.0,-5.708293808164575,0.13211125467841206
G326N,1467.0,56.0,-5.87113780382696,0.13642896277676062
G326P,1891.0,59.0,-6.162141061012768,0.1324852702997705
G326Q,1621.0,102.0,-5.15019783683002,0.10245539739934294
G326R,1470.0,147.0,-4.481927106961899,0.08694696344668511
G326S,1055.0,1767.0,-0.41603380621558905,0.03988777619090396
G326T,858.0,17.0,-6.816626753178112,0.24501364019421418
G326V,649.0,20.0,-6.179534972242126,0.22714107823871268
G326W,404.0,13.0,-6.116785472677759,0.28180912988491136
G326Y,1489.0,29.0,-6.8417466741837405,0.18766914476455032
G326_,1059.0,57.0,-5.37544473779001,0.13624356530535947
G329A,1056.0,1792.0,-0.39713214542760333,0.03977740503673572
G329C,899.0,534.0,-1.911557742042996,0.055337215407667006
G329D,1246.0,45.0,-5.951013609016294,0.1519772859562028
G329E,1305.0,840.0,-1.7956697910821453,0.04509975934534003
G329F,1860.0,608.0,-2.7732307576518838,0.04753514416430204
G329H,897.0,1501.0,-0.41734972227615774,0.0431077890294214
G329I,1123.0,26.0,-6.592247902007498,0.19853076308717024
G329K,799.0,55.0,-5.020535088240413,0.13966857345487535
G329L,987.0,24.0,-6.521444729935389,0.20673587586307884
G329M,1454.0,2353.0,-0.4656170766605108,0.03449622254546357
G329N,984.0,75.0,-4.873605466825557,0.12010434733628034
G329P,1014.0,29.0,-6.287465111309354,0.1885054490006252
G329Q,705.0,1173.0,-0.4255876507716252,0.048457980455181945
G329R,1613.0,67.0,-5.749322502330029,0.12498141213598471
G329S,1316.0,2834.0,-0.05341293988347795,0.03449606025239766
G329T,1200.0,41.0,-6.031014211389667,0.1590436151615205
G329V,1525.0,105.0,-5.020307413988234,0.10127134149100094
G329W,1934.0,34.0,-6.989579775205575,0.17319764940724336
G329Y,999.0,29.0,-6.265964255726366,0.18854472073168527
G329_,1424.0,51.0,-5.963122703631704,0.1427707606515711
G330A,1354.0,434.0,-2.8015255417500007,0.055855975329640484
G330C,755.0,24.0,-6.134875781211489,0.20748746269688903
G330D,1292.0,57.0,-5.662345761700358,0.13561717722315506
G330E,847.0,42.0,-5.4936616485568575,0.15830896516543289
G330F,1494.0,70.0,-5.575572324871383,0.12259796876456928
G330H,1549.0,70.0,-5.627728977999448,0.12250100410604305
G330I,915.0,40.0,-5.675442313710984,0.16175254067413095
G330K,477.0,19.0,-5.809276411031405,0.23404600705607537
G330L,1145.0,35.0,-6.191536663269892,0.17179601589481955
G330M,757.0,40.0,-5.401967161385339,0.1624561069842887
G330N,1122.0,35.0,-6.162261999179981,0.17184811291703597
G330P,1095.0,63.0,-5.2793067622231105,0.1298498326425589
G330Q,1025.0,58.0,-5.303279892224238,0.1352451700833613
G330R,1244.0,51.0,-5.768161508726487,0.1431261677561464
G330S,1182.0,43.0,-5.940513636535476,0.15547884754826596
G330T,950.0,53.0,-5.32369359094162,0.14140097006207425
G330V,1185.0,44.0,-5.911011388793822,0.15376355864952834
G330W,1310.0,65.0,-5.492859697319615,0.1273689540584542
G330Y,536.0,31.0,-5.271541822358748,0.1849068616933642
G330_,835.0,43.0,-5.43913677591065,0.15660538289532866
G339A,1809.0,170.0,-4.571596206677903,0.08069723727749774
G339C,1326.0,59.0,-5.650075723937396,0.13333293306139518
G339D,10.0,0.0,-11.127313595873689,10.004997618616496
G339E,848.0,30.0,-5.9806533905902395,0.18595350473527977
G339F,1926.0,83.0,-5.696273575933782,0.1124419765119621
G339H,663.0,26.0,-5.831979662924113,0.2000806656024058
G339I,1409.0,67.0,-5.554248970444336,0.12533998799944998
G339K,1293.0,86.0,-5.070172554352118,0.11170135584220187
G339L,1426.0,62.0,-5.683426736150256,0.13001898783201177
G339M,1004.0,73.0,-4.941623085586781,0.12153192381782976
G339N,891.0,19.0,-6.710698523458464,0.23195573536598582
G339P,1076.0,35.0,-6.1018679508247144,0.17195893594705086
G339Q,1525.0,53.0,-6.006497689141592,0.1399905255393767
G339R,1484.0,116.0,-4.837267075261203,0.0968041584058072
G339S,1117.0,49.0,-5.670509481629786,0.1462070276644203
G339T,1403.0,28.0,-6.806526835250897,0.19102758199372075
G339V,998.0,43.0,-5.696397571994743,0.1559796444148089
G339W,1564.0,60.0,-5.86399033396161,0.13183520043814415
G339Y,863.0,37.0,-5.703477572802193,0.168094342989889
G339_,1195.0,61.0,-5.451920487054238,0.13154777579476348
G343A,791.0,510.0,-1.7932577355509753,0.05746478060654885
G343C,1116.0,63.0,-5.306712671643746,0.12978364568294473
G343D,1043.0,69.0,-5.077891083792107,0.12460604210316925
G343E,792.0,13.0,-7.087913115905714,0.27964944081707316
G343F,1253.0,36.0,-6.280943855824959,0.16924949252635368
G343H,923.0,34.0,-5.922402704164502,0.17482499029807375
G343I,1145.0,38.0,-6.072924699836431,0.16510442007222867
G343K,1506.0,82.0,-5.358875039015542,0.11373165680373283
G343L,1602.0,70.0,-5.676265673488777,0.12241379910536951
G343M,1198.0,44.0,-5.9267521056859565,0.15373377900332025
G343N,1140.0,40.0,-5.992629377683077,0.1610844048057145
G343P,1366.0,53.0,-5.847647031248188,0.14026287070457807
G343Q,1167.0,71.0,-5.198738243436404,0.12254249424724313
G343R,1629.0,84.0,-5.437377919893159,0.11222505618274245
G343S,750.0,1042.0,-0.6856999505726584,0.04868519144157097
G343T,1623.0,111.0,-5.029997677599954,0.09849662547624244
G343V,1541.0,52.0,-6.04903071277098,0.14125595702226615
G343W,1293.0,64.0,-5.496379651048124,0.12834795214730996
G343Y,3225.0,135.0,-5.7382527963093946,0.08828467551483234
G343_,1224.0,44.0,-5.95772749978657,0.1536761010133204
G348A,1242.0,44.0,-5.978788944493695,0.1536375726498491
G348C,1220.0,43.0,-5.986164368638745,0.15539408262978516
G348D,1005.0,56.0,-5.325468955034473,0.13757259264687874
G348E,1120.0,44.0,-5.829623768511059,0.15392272868008214
G348F,1238.0,52.0,-5.7331774568167075,0.14181702386053913
G348H,1198.0,46.0,-5.862636020977259,0.15048711492672842
G348I,832.0,96.0,-4.2754316215312045,0.10814221637638961
G348K,1111.0,47.0,-5.7228476485032616,0.14916232869426485
G348L,810.0,19.0,-6.5731966188758015,0.2321975322210727
G348M,840.0,56.0,-5.066737506369919,0.13828110966765478
G348N,1611.0,79.0,-5.509873714747648,0.1155621173935218
G348P,1171.0,57.0,-5.520481921324733,0.13591171624598916
G348Q,746.0,25.0,-6.058705343832687,0.2034741251956292
G348R,1696.0,73.0,-5.6979941232297815,0.11984832771452333
G348S,1170.0,36.0,-6.182066787767058,0.16941666400454283
G348T,863.0,28.0,-6.1054507250279055,0.19219136013984459
G348V,1577.0,72.0,-5.612938068310809,0.12082350828412605
G348W,877.0,40.0,-5.614248096160309,0.16189885125404446
G348Y,973.0,32.0,-6.085947387258922,0.17984778206602872
G348_,1414.0,69.0,-5.516930416879978,0.12359251889638478
G34A,653.0,1433.0,-0.026215649871454083,0.048025520038632155
G34C,1211.0,1302.0,-1.055557586206529,0.04087846487566644
G34D,749.0,4114.0,1.2974010783307452,0.040686805305929795
G34E,717.0,1391.0,-0.20401969072467452,0.046806317973474294
G34F,1100.0,1188.0,-1.0490569961522613,0.042755993997595144
G34H,899.0,2016.0,0.005006389468916517,0.04105621251991944
G34I,902.0,109.0,-4.208770278557141,0.10178091228090078
G34K,1064.0,1712.0,-0.4739079183055379,0.04001497407603923
G34L,853.0,611.0,-1.6414539997904374,0.05372338639450694
G34M,59.0,85.0,-0.6334142352798828,0.16966688208148223
G34N,2700.0,9250.0,0.6164028376795461,0.023573833195333706
G34P,870.0,22.0,-6.464888270263272,0.21601054229380914
G34Q,803.0,1495.0,-0.2634220615702292,0.0446257209769073
G34R,836.0,928.0,-1.0094671848065042,0.04848691738447919
G34S,381.0,844.0,-0.012656107896611424,0.062343177136840344
G34T,525.0,343.0,-1.774181602595415,0.06998100560045938
G34V,948.0,530.0,-1.9989700343028955,0.05494403215050785
G34W,696.0,791.0,-0.9754994378816786,0.052708785875874464
G34Y,457.0,653.0,-0.6452079858533271,0.06161781126834027
G34_,983.0,46.0,-5.577274068425168,0.1510924810666011
G364A,1181.0,2668.0,0.01565555631729465,0.03603876651184194
G364C,1255.0,2824.0,0.009959000547574703,0.03504513399046811
G364D,1026.0,1106.0,-1.051767699496705,0.044227242154428366
G364E,1256.0,641.0,-2.130516518922986,0.04933009924561493
G364F,1419.0,2754.0,-0.20343829537696578,0.03383891514353545
G364H,1139.0,1021.0,-1.3178707539962007,0.043984387864140946
G364I,1543.0,2728.0,-0.33798581602755373,0.03304391218845924
G364K,1091.0,35.0,-6.121840790249497,0.17192177913898443
G364L,1757.0,3836.0,-0.03360325820065402,0.03011784991026938
G364M,836.0,1635.0,-0.1923799819517411,0.043416858668930754
G364N,1881.0,2305.0,-0.8668218460868218,0.032291105635373046
G364P,1864.0,113.0,-5.203974592557654,0.09727538678919928
G364Q,1636.0,881.0,-2.0530386039012325,0.04270307629703511
G364R,231.0,22.0,-4.55181159131591,0.2232486489111952
G364S,878.0,1910.0,-0.038816421805355716,0.04171025391885691
G364T,1225.0,2396.0,-0.19224693394093606,0.036206753748098515
G364V,1099.0,2354.0,-0.06117140154917866,0.037576129137998106
G364W,1198.0,2227.0,-0.2656192513329789,0.036891716608385465
G364Y,730.0,1379.0,-0.24244255024646044,0.046607411143463055
G364_,1336.0,57.0,-5.710659331728575,0.13552316529668088
G369A,1559.0,2939.0,-0.24538725124434402,0.03254123467778016
G369C,1184.0,2205.0,-0.2629834042748236,0.03708569488886774
G369D,817.0,29.0,-5.975818873098073,0.18913512619674683
G369E,1018.0,19.0,-6.902936728026943,0.23165372850751864
G369F,956.0,25.0,-6.4165360834855845,0.20274927665006912
G369H,2168.0,61.0,-6.311269207310739,0.1301124771898723
G369I,748.0,24.0,-6.121437585707574,0.20751732923054922
G369K,901.0,32.0,-5.975035873145139,0.18007596075749346
G369L,722.0,363.0,-2.1520968645988994,0.0649385558671464
G369M,923.0,607.0,-1.7647133314093626,0.052991318345433504
G369N,781.0,488.0,-1.8385176467861548,0.05836763054823883
G369P,1525.0,50.0,-6.090545624706793,0.14397563275263062
G369Q,965.0,23.0,-6.55029834087399,0.21112288555847528
G369R,1856.0,90.0,-5.526062718411916,0.10828626645381285
G369S,1043.0,2257.0,-0.046427516389243806,0.03845876043131017
G369T,1526.0,601.0,-2.504390852516549,0.04895322408190572
G369V,1514.0,337.0,-3.3275987655327173,0.06086885280190574
G369W,1259.0,35.0,-6.328466207112556,0.17156570498276058
G369Y,1193.0,17.0,-7.292166521794763,0.2443448633400768
G369_,2037.0,57.0,-6.319181588077747,0.13456948594403914
G37A,411.0,923.0,0.0070854456984443814,0.05994740468818254
G37C,499.0,14.0,-6.314627203153438,0.27103284656209786
G37D,528.0,14.0,-6.396123729251026,0.2708297243357024
G37E,421.0,9.0,-6.706270921949056,0.3368089673059577
G37F,816.0,19.0,-6.583843732113318,0.23217798450264973
G37H,711.0,17.0,-6.545502141695252,0.24550488035698295
G37I,198.0,20.0,-4.466867556532272,0.23473924065392426
G37K,441.0,18.0,-5.774028620266026,0.24056076029839166
G37L,404.0,20.0,-5.495685267489814,0.2291886720001067
G37M,688.0,23.0,-6.062183982542701,0.21210865461134035
G37N,243.0,5.0,-6.7601486061677125,0.4514344958223579
G37P,474.0,939.0,-0.17386431048273465,0.057025083431549696
G37Q,488.0,23.0,-5.566665159271287,0.213508202306718
G37R,720.0,21.0,-6.258956213761027,0.2215005663550401
G37S,322.0,147.0,-2.2912785346323057,0.09992497480428111
G37T,483.0,21.0,-5.68299232812849,0.2230335889656793
G37V,884.0,23.0,-6.423817137967103,0.2113476355152649
G37W,530.0,27.0,-5.454541372158369,0.19745209588620555
G37Y,650.0,29.0,-5.645927049667832,0.18996462461443853
G37_,681.0,49.0,-4.9566152682084015,0.14815415965872641
G41A,493.0,12.0,-6.5193961907790055,0.2921806834058648
G41C,664.0,29.0,-5.676670105132695,0.1898792304343981
G41D,610.0,12.0,-6.826612174101555,0.29151417241871297
G41E,495.0,23.0,-5.5872121186152715,0.21344033199885568
G41F,1109.0,39.0,-5.989371902863334,0.16313615923662803
G41H,458.0,11.0,-6.53858006089284,0.30510183284903647
G41I,707.0,33.0,-5.580842914125425,0.17828490155163254
G41K,616.0,43.0,-5.000297071746616,0.1579588736793908
G41L,929.0,191.0,-3.442133293054842,0.07993116596761744
G41M,470.0,32.0,-5.036184207144464,0.18288001627716602
G41N,402.0,23.0,-5.286985837257241,0.2145323155747283
G41P,620.0,32.0,-5.435784239628279,0.18146725120284318
G41Q,669.0,32.0,-5.545520530695425,0.18114146961803268
G41R,333.0,17.0,-5.451197791745201,0.24873501789038613
G41S,769.0,26.0,-6.045951391373007,0.1995604496845087
G41T,992.0,33.0,-6.069466957200243,0.17714161940188855
G41V,378.0,29.0,-4.8638895368661315,0.19285630245140956
G41W,294.0,3.0,-7.770045265314453,0.579400040644228
G41Y,1778.0,27.0,-7.200713325255743,0.19406957476442607
G41_,317.0,9.0,-6.296944771305038,0.33796377703365993
G58A,245.0,462.0,-0.24500389210693552,0.0795183626534349
G58C,622.0,1097.0,-0.34152033981605356,0.05095594700264783
G58D,791.0,15.0,-6.879787388424595,0.26069849822072744
G58E,382.0,21.0,-5.34454967456669,0.22425736067442975
G58F,263.0,8.0,-6.197258937977913,0.35878033738096593
G58H,1129.0,52.0,-5.600212753453808,0.1420917030861197
G58I,7016.0,5424.0,-1.5313783028039007,0.02010336333066016
G58K,378.0,9.0,-6.550840821250589,0.3372098347099583
G58L,520.0,218.0,-2.414232392004072,0.08116177743340364
G58M,174.0,320.0,-0.2811405656090784,0.09459887488546205
G58N,106.0,3.0,-6.298380401502101,0.5845821025267374
G58P,256.0,33.0,-4.115312457764261,0.18514101757336854
G58Q,1029.0,21.0,-6.774124367325189,0.22055711085957136
G58R,1600.0,60.0,-5.896821518881456,0.13178062857340828
G58S,1323.0,1068.0,-1.468986147994738,0.04206449367538096
G58T,267.0,452.0,-0.40062642114154823,0.0776837636821071
G58V,811.0,641.0,-1.4994601768472506,0.05357534046035258
G58W,1245.0,42.0,-6.049368071146786,0.15711241595211523
G58Y,518.0,26.0,-5.4759289815427685,0.20113295238229173
G58_,402.0,25.0,-5.166741763300362,0.2062734964313933
G59A,701.0,11.0,-7.152635987640284,0.3038589856162479
G59C,885.0,40.0,-5.627348559983962,0.1618670161552652
G59D,329.0,11.0,-6.061332397229978,0.30650153549382353
G59E,955.0,33.0,-6.01462813318826,0.17725182206224008
G59F,518.0,49.0,-4.561919234076004,0.1497054189678445
G59H,727.0,28.0,-5.858048657019528,0.19275445698068852
G59I,763.0,32.0,-5.735194720169352,0.18063245793615107
G59K,866.0,35.0,-5.7886320543105425,0.17261296978093815
G59L,530.0,47.0,-4.655067331473601,0.15243383891933773
G59M,1222.0,56.0,-5.607515189650552,0.1369289128766394
G59N,1032.0,45.0,-5.679154912385503,0.15252382282159685
G59P,389.0,15.0,-5.8558986969773485,0.26319218920436616
G59Q,1001.0,50.0,-5.483183308406723,0.14516280667086953
G59R,882.0,25.0,-6.300305387182878,0.20296558578386295
G59S,510.0,14.0,-6.346084011101187,0.27095309912773863
G59T,894.0,65.0,-4.941644746619078,0.12875578910205812
G59V,189.0,10.0,-5.399036023249125,0.3244504182154802
G59W,723.0,39.0,-5.3721870348892375,0.16460500618278573
G59Y,750.0,36.0,-5.540527663811025,0.1708233826166458
G59_,709.0,22.0,-6.169662262324934,0.21661384916212972
G66A,1198.0,1565.0,-0.7745554120165861,0.03938197237121564
G66C,465.0,105.0,-3.3068223577478832,0.10840038094786415
G66D,724.0,53.0,-4.931760515212324,0.1425580942215455
G66E,685.0,237.0,-2.6912644551508027,0.07587036694843934
G66F,1122.0,257.0,-3.2862764717381854,0.06970943596193162
G66H,579.0,419.0,-1.6266909266735325,0.06473725662710765
G66I,273.0,13.0,-5.551348266018821,0.28390855732204506
G66K,825.0,414.0,-2.1548333284927423,0.06086670465667574
G66L,544.0,67.0,-4.181272196165528,0.12976361556475205
G66M,272.0,89.0,-2.7717076951452135,0.12242661794582012
G66N,810.0,359.0,-2.3340030259948774,0.0640096790574417
G66P,352.0,305.0,-1.3668472075958116,0.07871885439550592
G66Q,672.0,1056.0,-0.5080184471543019,0.05012267396440862
G66R,577.0,388.0,-1.7325898242769195,0.06623876510285363
G66S,1088.0,1680.0,-0.5333093331807666,0.039894766238101155
G66T,532.0,1133.0,-0.06945201144028701,0.05328712115383198
G66V,457.0,37.0,-4.786326030044161,0.17112892492933038
G66W,737.0,187.0,-3.1386561139456504,0.08234919517005448
G66Y,190.0,63.0,-2.752509970148325,0.14563868397238028
G66_,557.0,21.0,-5.888642498414605,0.22241612172101932
G74A,554.0,130.0,-3.2513767589766376,0.09784674860978115
G74C,520.0,21.0,-5.789478637036465,0.22270310109675115
G74D,600.0,18.0,-6.218203796119003,0.23930857904865363
G74E,583.0,13.0,-6.645915099138485,0.28045754736513856
G74F,584.0,15.0,-6.442084527542455,0.26155649466356723
G74H,527.0,17.0,-6.113462628143998,0.24650292797587955
G74I,317.0,16.0,-5.467570474602321,0.25630584297420606
G74K,1057.0,49.0,-5.590856405680491,0.14638071132761266
G74L,597.0,19.0,-6.133011996972363,0.23314406517982908
G74M,535.0,15.0,-6.315657312490671,0.2618561139163529
G74N,717.0,11.0,-7.185194203079391,0.3038066007409031
G74P,224.0,9.0,-5.795979557647506,0.339895758121985
G74Q,556.0,12.0,-6.692890111349489,0.2917871212650866
G74R,687.0,41.0,-5.2263707870782845,0.160987974777207
G74S,578.0,13.0,-6.633488922501204,0.28048399830093584
G74T,673.0,21.0,-6.1615672113666715,0.22171940221690734
G74V,543.0,20.0,-5.922273031435842,0.22780221207555665
G74W,519.0,15.0,-6.271853790874128,0.26196611537216885
G74Y,543.0,29.0,-5.386443903143586,0.19076086455514984
G74_,973.0,31.0,-6.13173653819188,0.18262707721684399
G88A,372.0,417.0,-0.9953467597160115,0.07185661021867198
G88C,471.0,833.0,-0.33751121226349134,0.05831647774457968
G88D,523.0,575.0,-1.0233388220500448,0.061060282850810055
G88E,385.0,603.0,-0.5128013277391821,0.06582500320467546
G88F,504.0,419.0,-1.4265550200042183,0.0666926841934853
G88H,339.0,352.0,-1.1057987532125049,0.07660184397815734
G88I,563.0,292.0,-2.1072301086258607,0.07264954413579369
G88K,371.0,378.0,-1.133121009541509,0.07360724435210263
G88L,471.0,458.0,-1.2004659291484945,0.06620954793507165
G88M,310.0,305.0,-1.1835455469594534,0.08112664203873174
G88N,199.0,111.0,-2.002238619976059,0.11878686460756283
G88P,469.0,693.0,-0.5968298502161566,0.06043492320533917
G88Q,857.0,1010.0,-0.9231017036220734,0.04726716996737314
G88R,887.0,1633.0,-0.2795759859647502,0.04262625656727015
G88S,213.0,489.0,0.03885546978146959,0.08256398642268978
G88T,442.0,805.0,-0.29515964165100605,0.059848654694616144
G88V,371.0,218.0,-1.9271510978625015,0.08578775736405984
G88W,785.0,677.0,-1.3736212254440199,0.053180831139801404
G88Y,468.0,486.0,-1.105640694725344,0.06535691190807685
G88_,555.0,18.0,-6.105731016414674,0.23959074784812387
H123A,934.0,1996.0,-0.0644782898281635,0.04060665541656826
H123C,714.0,1480.0,-0.10849659831535341,0.046405391288715146
H123D,626.0,1116.0,-0.3259949908867137,0.050702233794935325
H123E,278.0,439.0,-0.5009703119590787,0.07714981514103793
H123F,375.0,459.0,-0.8684908194398169,0.07016014504323034
H123G,461.0,669.0,-0.622857606602305,0.061164899520775445
H123I,556.0,866.0,-0.5208144833537736,0.055049963689507396
H123K,568.0,1089.0,-0.22105836933494594,0.05249805920227546
H123L,600.0,848.0,-0.6609926048744486,0.05406587544832506
H123M,511.0,643.0,-0.8285976863883864,0.0599111279759229
H123N,570.0,1153.0,-0.1437414461767066,0.05195092852845482
H123P,290.0,351.0,-0.8846778521578988,0.07983938417160562
H123Q,653.0,1383.0,-0.07745273900682115,0.04828746534330653
H123R,219.0,331.0,-0.5642092795190425,0.08754602754980165
H123S,355.0,631.0,-0.3302841317231051,0.066924073559641
H123T,502.0,833.0,-0.429469625117477,0.05718134830315743
H123V,365.0,487.0,-0.7440719302488201,0.0697871443555935
H123W,747.0,917.0,-0.8642774266046702,0.05006415319926417
H123Y,728.0,1281.0,-0.34483577178580305,0.04723865110272339
H123_,691.0,29.0,-5.734171725216892,0.18972421509832016
H155A,907.0,2359.0,0.21890383522416812,0.040045960310015075
H155C,732.0,1764.0,0.10883613994189201,0.04483570438853509
H155D,345.0,412.0,-0.9040461617165674,0.07350401953613332
H155E,353.0,437.0,-0.8521300965385299,0.07209928376088388
H155F,986.0,2268.0,0.04166548088049282,0.03914527151829362
H155G,759.0,998.0,-0.7651519590407787,0.048956595958685
H155I,738.0,1488.0,-0.14841538507230112,0.04587245694079954
H155K,597.0,914.0,-0.5456324844648304,0.05335112345581319
H155L,969.0,1381.0,-0.648947029907653,0.0428174898146073
H155M,1047.0,2608.0,0.15658684280164614,0.0376268979537667
H155N,569.0,991.0,-0.35964172895791613,0.05332690252365044
H155P,308.0,479.0,-0.5230087534041212,0.07356313986445245
H155Q,607.0,1395.0,0.0403959378534644,0.049411624935689985
H155R,631.0,559.0,-1.334876114358491,0.05874424503511441
H155S,306.0,720.0,0.07435080776489755,0.06880396270459058
H155T,292.0,571.0,-0.19258910118173045,0.07247807731849623
H155V,642.0,1525.0,0.08806369173158402,0.04786011035951792
H155W,675.0,1354.0,-0.15582972348240087,0.047929689528022276
H155Y,967.0,2562.0,0.24558605573456838,0.03875155003282353
H155_,902.0,43.0,-5.550486728436278,0.15632111393867865
H178A,1686.0,7794.0,1.0486653523362564,0.028260724916398507
H178C,426.0,962.0,0.015077257575218717,0.05885661894474252
H178D,562.0,1268.0,0.013811080055181613,0.051431641089973355
H178E,605.0,1319.0,-0.035662728197427995,0.04988244410010849
H178F,774.0,1589.0,-0.12238324394861522,0.04470508084770591
H178G,935.0,2084.0,-0.003778836640845107,0.04033112999001738
H178I,475.0,1146.0,0.11050250520046401,0.05527259894327861
H178K,354.0,718.0,-0.1398735137134608,0.06553446303585667
H178L,783.0,1551.0,-0.1739819867201593,0.04471143799798601
H178M,705.0,1602.0,0.024080190029457604,0.04604219855093384
H178N,511.0,1363.0,0.2552853809908049,0.052610149410359144
H178P,770.0,1895.0,0.13916903740727893,0.04363066301473956
H178Q,619.0,1137.0,-0.28287701548308775,0.050717168190189364
H178R,608.0,1597.0,0.2331190523422908,0.048457492383416935
H178S,597.0,1275.0,-0.0654057768891203,0.05036437247276812
H178T,487.0,1132.0,0.05677606448738359,0.054899717405838475
H178V,740.0,1859.0,0.16883052219471129,0.044345263929657194
H178W,440.0,1152.0,0.2284576860689871,0.05672717393876217
H178Y,378.0,783.0,-0.10948100489199852,0.0632440050890322
H178_,859.0,63.0,-4.929109548591126,0.13081237009525715
H354A,2222.0,4851.0,-0.03366749298163718,0.027081991047468248
H354C,1561.0,3615.0,0.05143252158391087,0.0315354390467751
H354D,1229.0,2525.0,-0.12129488997536164,0.03587408098808007
H354E,968.0,2180.0,0.011153559406571922,0.03961072194568153
H354F,1018.0,1843.0,-0.303775171320372,0.04002683970424912
H354G,511.0,251.0,-2.1856940197828374,0.07757617232186559
H354I,1025.0,1848.0,-0.30975275824913506,0.039924572291670284
H354K,1535.0,3703.0,0.11036305425383652,0.03160317636130249
H354L,599.0,802.0,-0.7390471996255616,0.05471322581756356
H354M,1390.0,5008.0,0.6890548439983286,0.03156498089444474
H354N,958.0,1866.0,-0.19824323982675107,0.04070604218667533
H354P,1335.0,60.0,-5.635591145529771,0.1322505048493894
H354Q,1646.0,13924.0,1.920442412557287,0.027506303576498563
H354R,1962.0,4831.0,0.13990510733302264,0.02817669378044137
H354S,2113.0,4116.0,-0.19814044468638992,0.028168437707997887
H354T,751.0,1574.0,-0.09254665347775859,0.04521182138668562
H354V,1965.0,8621.0,0.9732329076237822,0.026498067360327726
H354W,843.0,1665.0,-0.1781781449307669,0.04317489043403352
H354Y,215.0,337.0,-0.5116996966730429,0.08772380572068303
H354_,2069.0,113.0,-5.354505610896847,0.09700178353145349
H379A,698.0,1630.0,0.06347386789842613,0.04608021291037014
H379C,890.0,2094.0,0.07428754371845958,0.040968086860192154
H379D,1290.0,2434.0,-0.24413449102607832,0.03554266543779064
H379E,1413.0,2746.0,-0.2015221335482753,0.03389870838491956
H379F,1142.0,2825.0,0.14659335366434467,0.03615077792226504
H379G,642.0,1420.0,-0.014853921689858218,0.048364006775829874
H379I,646.0,1571.0,0.1219766242567859,0.04755781177813502
H379K,781.0,1719.0,-0.02192232537415162,0.04403830310529208
H379L,998.0,2414.0,0.11421813894517019,0.038645712320381144
H379M,1638.0,3648.0,-0.004921817398388484,0.03101398975709761
H379N,800.0,1651.0,-0.11482841719056669,0.04396501844994451
H379P,927.0,1458.0,-0.5067435293118665,0.04291680310134125
H379Q,1425.0,3020.0,-0.07650605377693687,0.03331850558527236
H379R,836.0,1955.0,0.06549654555703466,0.04224822951738834
H379S,984.0,2131.0,-0.04529485603285455,0.039531753200815305
H379T,1257.0,2645.0,-0.08681028728539619,0.035367465916381936
H379V,664.0,1615.0,0.12217888709389157,0.0469301741924438
H379W,1025.0,2220.0,-0.04515914658627462,0.03877237781080031
H379Y,477.0,1156.0,0.11697512460237469,0.05512427007103626
H379_,441.0,791.0,-0.31720277316471535,0.060074765258277076
H89A,513.0,870.0,-0.39804230173859523,0.05635548277241881
H89C,660.0,1473.0,-0.0018799008673981987,0.04765772967112393
H89D,559.0,737.0,-0.7612772339478218,0.05677111130520034
H89E,764.0,1238.0,-0.46372779579232226,0.04683887201098955
H89F,432.0,634.0,-0.6066464491309507,0.0630021590290834
H89G,488.0,848.0,-0.3629167703445475,0.057494507006940296
H89I,632.0,1287.0,-0.1340833645585544,0.04936088336685198
H89K,362.0,374.0,-1.1130400429189642,0.07425179158918349
H89L,472.0,732.0,-0.52704140455059,0.05968206899784778
H89M,467.0,838.0,-0.31657331971612646,0.05841090288175097
H89N,940.0,1617.0,-0.3775067458473167,0.04194630444990996
H89P,280.0,560.0,-0.16011309875909685,0.07371724387920012
H89Q,627.0,1350.0,-0.05367760061798954,0.049120818098515456
H89R,460.0,111.0,-3.211062917554802,0.1061099046595943
H89S,164.0,324.0,-0.17783277836150901,0.09623285464742147
H89T,505.0,985.0,-0.19626092169308418,0.055431268702808296
H89V,319.0,882.0,0.30710602690783784,0.06592207966224992
H89W,589.0,1024.0,-0.3622215658837957,0.052455367978468156
H89Y,447.0,926.0,-0.10936666988067945,0.05826008054581825
H89_,299.0,8.0,-6.382335018465231,0.3581418202944716
I100A,442.0,877.0,-0.1715730535257105,0.058990496936698736
I100C,633.0,1376.0,-0.03989657831053339,0.04882357422919411
I100D,817.0,29.0,-5.975818873098073,0.18913512619674683
I100E,655.0,52.0,-4.814743326351386,0.1443295347029628
I100F,591.0,1073.0,-0.29967826196469627,0.05197331173684575
I100G,567.0,310.0,-2.031146763039196,0.07117997150863939
I100H,844.0,38.0,-5.632896499099516,0.16604497822757294
I100K,887.0,34.0,-5.865006795196045,0.17495070265036225
I100L,229.0,386.0,-0.4068597112394414,0.08387178683882138
I100M,914.0,1228.0,-0.7340468827657611,0.04456067965565971
I100N,328.0,6.0,-6.930318334653742,0.4117223424143974
I100P,196.0,6.0,-6.187505795228623,0.41420813635729836
I100Q,333.0,26.0,-4.838514533465594,0.20378153178493277
I100R,313.0,23.0,-4.925963197277983,0.2161744670954164
I100S,638.0,631.0,-1.1760035049690982,0.05682766150920286
I100T,519.0,629.0,-0.8827667196949704,0.059948257816822136
I100V,204.0,363.0,-0.3287179165076841,0.08794153838713602
I100W,525.0,630.0,-0.8970575111081933,0.05974320579250425
I100Y,373.0,545.0,-0.6130189440356268,0.06777145869782764
I100_,795.0,48.0,-5.2096535033188465,0.14887608402461908
I116A,412.0,177.0,-2.378935824690892,0.09029824204233068
I116C,656.0,703.0,-1.0602599328862121,0.05499154935872557
I116D,679.0,18.0,-6.396650072344063,0.23890309641627086
I116E,626.0,28.0,-5.6422591517331195,0.19332925893214903
I116F,567.0,463.0,-1.4524181634686855,0.06325082223630218
I116G,270.0,55.0,-3.455334368378109,0.14818680155082323
I116H,440.0,19.0,-5.692793211839596,0.23442230467837527
I116K,358.0,4.0,-7.640341175803095,0.5022419987333588
I116L,732.0,1131.0,-0.5324109142780111,0.04824433291128048
I116M,637.0,842.0,-0.7575659902799945,0.0532420608290889
I116N,392.0,72.0,-3.6047086222884497,0.12851133840579976
I116P,583.0,25.0,-5.703031003675311,0.20439298291389182
I116Q,388.0,68.0,-3.6723623749203345,0.1317506046528901
I116R,1278.0,49.0,-5.864766504999086,0.14582082943244437
I116S,515.0,229.0,-2.329277185827358,0.07990982440398331
I116T,414.0,684.0,-0.4357355350579857,0.06288573881374104
I116V,647.0,1123.0,-0.3645764779430163,0.05013266209048792
I116W,465.0,24.0,-5.435641769943599,0.20946850072331755
I116Y,502.0,31.0,-5.176998008809368,0.1852482195799621
I116_,459.0,39.0,-4.716697018123791,0.16700390144984661
I12A,434.0,18.0,-5.75094553478888,0.24063676255435182
I12C,553.0,694.0,-0.8324364550129708,0.0576752599824494
I12D,435.0,106.0,-3.196935541346442,0.10866976903493564
I12E,443.0,181.0,-2.451357199914857,0.08865151247764273
I12F,469.0,529.0,-0.9864110263391934,0.06402907742896656
I12G,1134.0,31.0,-6.352643363264425,0.1822271579789235
I12H,399.0,274.0,-1.7022836954739846,0.07894905519834136
I12K,492.0,46.0,-4.57875561382036,0.15441545648125862
I12L,1542.0,638.0,-2.433248516558772,0.0478865993655551
I12M,921.0,1786.0,-0.20463590458687264,0.04150807682981266
I12N,647.0,1328.0,-0.12268124210758558,0.04874244726562082
I12P,1040.0,639.0,-1.8627743239096448,0.05102644975386185
I12Q,730.0,751.0,-1.1191714459089876,0.0527127409921274
I12R,747.0,41.0,-5.347167244331797,0.16062445423956187
I12S,1156.0,228.0,-3.502072210669872,0.07299359968873848
I12T,984.0,971.0,-1.179274160667318,0.04607986510163246
I12V,422.0,201.0,-2.2300972471599065,0.08614950718344841
I12W,929.0,19.0,-6.770951026011283,0.23185675747690196
I12Y,305.0,434.0,-0.651215596306546,0.07523246657852754
I12_,1003.0,70.0,-5.000718509860641,0.12392708104145644
I135A,513.0,61.0,-4.231956649518098,0.13571029429126932
I135C,820.0,59.0,-4.956697477052866,0.13506674733750298
I135D,500.0,16.0,-6.124999072570535,0.2540436390096526
I135E,748.0,19.0,-6.458314457289439,0.2324177743476175
I135F,626.0,374.0,-1.9031961959272472,0.06594234219910843
I135G,421.0,11.0,-6.417055464198226,0.30541612671728047
I135H,521.0,173.0,-2.7505429719306127,0.08818509111247372
I135K,338.0,7.0,-6.75159501173782,0.38169240669383386
I135L,729.0,544.0,-1.5823927701483127,0.057333876733385476
I135M,608.0,608.0,-1.160087337037698,0.058022997195665844
I135N,589.0,43.0,-4.935635428463837,0.1581942462560727
I135P,624.0,19.0,-6.196826048953699,0.23298858283308868
I135Q,511.0,41.0,-4.799391211926245,0.16253754643605628
I135R,645.0,27.0,-5.737843319805656,0.19659841524403476
I135S,452.0,118.0,-3.097532910658564,0.10374703467672805
I135T,240.0,308.0,-0.8002046630046848,0.08654703646313802
I135V,353.0,595.0,-0.406882474310871,0.06775450970594382
I135W,788.0,2111.0,0.26156023281867036,0.04266116441137645
I135Y,425.0,560.0,-0.7621315343026822,0.06492932184024022
I135_,688.0,40.0,-5.26408433742119,0.16286333973573844
I136A,252.0,50.0,-3.4932798092720967,0.15505271982651736
I136C,625.0,303.0,-2.2046012031381554,0.07055100379780405
I136D,642.0,18.0,-6.315813019738808,0.23908066683418544
I136E,395.0,56.0,-3.978220180392295,0.14304819031207128
I136F,415.0,105.0,-3.1427067159376687,0.10958892140356347
I136G,1305.0,3966.0,0.44354011629495416,0.03310088905581412
I136H,598.0,156.0,-3.0986184400196226,0.09032888233354024
I136K,363.0,7.0,-6.854538373915164,0.3814254134477402
I136L,441.0,371.0,-1.4094406336420597,0.07099377464964729
I136M,551.0,686.0,-0.8439362320248591,0.05787747761550639
I136N,422.0,116.0,-3.023115352396867,0.10519889387481675
I136P,385.0,24.0,-5.1632759462760855,0.21053241209406415
I136Q,331.0,111.0,-2.7362724961173814,0.11002955442515623
I136R,572.0,40.0,-4.997695171966016,0.16376575151327358
I136S,697.0,237.0,-2.7163187605727144,0.07570455417838352
I136T,576.0,248.0,-2.375782902650304,0.07645537961772814
I136V,836.0,1229.0,-0.6041827870364864,0.04568445678719282
I136W,692.0,178.0,-3.1189219337450336,0.08449838089281242
I136Y,315.0,121.0,-2.540358691197497,0.10731044157633265
I136_,633.0,41.0,-5.108267979124373,0.1613731669424798
I141A,268.0,187.0,-1.6792587511033608,0.09568573724339215
I141C,661.0,627.0,-1.2362709822176114,0.05643541382724803
I141D,546.0,19.0,-6.004184273827854,0.23347935582795962
I141E,484.0,25.0,-5.434547229346898,0.20524942882774325
I141F,930.0,1578.0,-0.3972991232609768,0.04226364185110756
I141G,508.0,134.0,-3.0826035727893357,0.09750817145839971
I141H,299.0,3.0,-7.7943737741142405,0.5793509575347536
I141K,672.0,20.0,-6.22977696620191,0.22702496384661527
I141L,388.0,22.0,-5.299950121490719,0.21929066434739192
I141M,694.0,865.0,-0.8423269765961052,0.051712726179726776
I141N,565.0,21.0,-5.909215671641463,0.22235896985658585
I141P,748.0,47.0,-5.152105308744255,0.15061938426719845
I141Q,472.0,21.0,-5.649756694750335,0.2231417273366658
I141R,412.0,6.0,-7.259257889729424,0.41096681770964094
I141S,385.0,43.0,-4.322239218561853,0.1610123928085235
I141T,629.0,292.0,-2.267152514664385,0.07135536925364336
I141V,349.0,755.0,-0.0468599579924307,0.06532213869866864
I141W,604.0,21.0,-6.005511704946214,0.22210185281761696
I141Y,533.0,17.0,-6.129794891103472,0.24645959853045654
I141_,681.0,31.0,-5.616957889005534,0.18382958925277815
I146A,289.0,467.0,-0.46775330671201676,0.0753566074020989
I146C,437.0,1157.0,0.24457579855087452,0.05683152771763077
I146D,525.0,27.0,-5.4408666945007695,0.19749759223971533
I146E,454.0,160.0,-2.664649340892682,0.09235503601629624
I146F,307.0,432.0,-0.6673082774708483,0.075161378019531
I146G,899.0,324.0,-2.6323861604164493,0.06539042588230555
I146H,196.0,60.0,-2.8677397614182896,0.14779349950126408
I146K,663.0,10.0,-7.209604088031111,0.3185680796917391
I146L,280.0,618.0,-0.017935505590034317,0.07257166417526278
I146M,263.0,556.0,-0.08009416036919692,0.07535193578120178
I146N,234.0,23.0,-4.506324630488614,0.21865483248224377
I146P,294.0,115.0,-2.514193255066475,0.11033308467210678
I146Q,281.0,106.0,-2.566508446356247,0.11431934741869294
I146R,520.0,13.0,-6.480933836991715,0.2808277752827603
I146S,462.0,793.0,-0.38067235681624734,0.05918379915588912
I146T,393.0,862.0,-0.02694875303332278,0.06149628028200795
I146V,299.0,562.0,-0.24968527037641053,0.07211758554709059
I146W,615.0,561.0,-1.2926707186607969,0.059040137733959275
I146Y,434.0,402.0,-1.2705842322515224,0.06977709730489398
I146_,353.0,14.0,-5.815267528621806,0.2725575480522378
I15A,454.0,740.0,-0.45526664513893866,0.06025924301094576
I15C,983.0,26.0,-6.40015512558542,0.19884990198733513
I15D,771.0,1419.0,-0.2800240578205129,0.04559567226422745
I15E,606.0,1087.0,-0.31713562993333877,0.05145231915458746
I15F,414.0,108.0,-3.098588062968851,0.1084022657311961
I15G,83.0,227.0,0.2913114641446022,0.12856547851114605
I15H,762.0,1843.0,0.11409472616782423,0.04395631935184604
I15K,293.0,351.0,-0.8995251072164248,0.0796179823184121
I15L,633.0,461.0,-1.6175175826836732,0.06185590383957041
I15M,850.0,692.0,-1.4567742651654347,0.051949698670631164
I15N,652.0,1548.0,0.08736145752607172,0.047507452979740857
I15P,1131.0,448.0,-2.496096182182942,0.05651112399963772
I15Q,303.0,778.0,0.20033595508239532,0.0682847000375054
I15R,914.0,4.0,-8.992551239738862,0.5005475873067662
I15S,453.0,853.0,-0.24706757989668926,0.0587964676639537
I15T,754.0,1555.0,-0.11581904129621812,0.045239072275215855
I15V,1274.0,487.0,-2.5474406374801064,0.05399553448302157
I15W,479.0,12.0,-6.477835055422961,0.2922821144402816
I15Y,277.0,8.0,-6.27207934236626,0.3585124428376957
I15_,338.0,14.0,-5.752624405317624,0.27278806500925834
I167A,812.0,1357.0,-0.41922538441047763,0.045229136561908474
I167C,822.0,1755.0,-0.06583593599411763,0.04316915747699368
I167D,513.0,760.0,-0.5930558840454561,0.05781263290736502
I167E,672.0,697.0,-1.1073906839753827,0.05477245075248183
I167F,527.0,752.0,-0.6471658277080987,0.05748491431481764
I167G,258.0,432.0,-0.4164496122942376,0.07916961930404126
I167H,471.0,846.0,-0.31517031064124534,0.058158102796433964
I167K,647.0,125.0,-3.531831841432104,0.0980927104257687
I167L,1082.0,1628.0,-0.5706916083962881,0.040195787577681
I167M,709.0,1276.0,-0.31232558233373364,0.047658775497406776
I167N,658.0,1121.0,-0.391469603599953,0.04989023017360639
I167P,743.0,1766.0,0.08895264230008948,0.044602396090251496
I167Q,673.0,819.0,-0.8768342114074601,0.052764542613856394
I167R,917.0,41.0,-5.642977154764824,0.15985007282934519
I167S,318.0,537.0,-0.40421051581261125,0.07130193924500344
I167T,477.0,935.0,-0.18912505331925988,0.05694864360834771
I167V,273.0,568.0,-0.10312480412021596,0.07416637040200025
I167W,901.0,1465.0,-0.45879184789227523,0.043240067232524625
I167Y,526.0,639.0,-0.8793390555741416,0.059525405501826764
I167_,1062.0,47.0,-5.657773197057949,0.14930147056656462
I171A,402.0,797.0,-0.17272090026080011,0.06180160462503897
I171C,135.0,235.0,-0.3604314598928626,0.10834779855672086
I171D,567.0,188.0,-2.7526521173778384,0.08461531755562256
I171E,718.0,1085.0,-0.5644548399674658,0.048904369703047026
I171F,697.0,1577.0,0.017853211717823392,0.046325583161888846
I171G,1048.0,2341.0,-0.0006087228548965484,0.0381916750396605
I171H,738.0,1614.0,-0.03115008979786804,0.04529700496898258
I171K,701.0,1508.0,-0.05494827124974222,0.046549837503400374
I171L,756.0,2784.0,0.7205998335333819,0.04194253878839154
I171M,452.0,966.0,-0.06440390364194837,0.05766086218362784
I171N,820.0,1855.0,0.017626218541132666,0.042846547080402815
I171P,574.0,1092.0,-0.23224904520198653,0.05229838505665182
I171Q,622.0,1168.0,-0.25104439076764073,0.05040929348620834
I171R,1110.0,1941.0,-0.3538524600336581,0.03864372010416052
I171S,452.0,932.0,-0.11609659299993158,0.05798740309457389
I171T,570.0,1455.0,0.19188259688431053,0.05018848780542171
I171V,927.0,1879.0,-0.14077139923912974,0.04108747718797718
I171W,734.0,1589.0,-0.045830756408912876,0.04548571798721719
I171Y,317.0,707.0,-0.0028850668083144626,0.06816252926020054
I171_,767.0,31.0,-5.788527293163439,0.18338122759084893
I177A,1787.0,1776.0,-1.1689953397259423,0.03463960844117442
I177C,503.0,1064.0,-0.07923461376668861,0.05481898813093948
I177D,606.0,860.0,-0.6550755021474233,0.053760241676988556
I177E,464.0,763.0,-0.4425412694932511,0.05952288132612306
I177F,224.0,157.0,-1.6727940263171686,0.10445265017138837
I177G,464.0,576.0,-0.8481493763819623,0.0629956788961174
I177H,380.0,486.0,-0.8051387221445472,0.06903860623334307
I177K,608.0,979.0,-0.4728587928794461,0.05237746117138292
I177L,365.0,768.0,-0.08689823046463019,0.06417917083808508
I177M,194.0,135.0,-1.6831520836396647,0.1124209982999612
I177N,535.0,771.0,-0.6329036225450126,0.05695061546789503
I177P,1689.0,3060.0,-0.30272883926312444,0.03156117465074819
I177Q,427.0,502.0,-0.9266410904221027,0.06641616025580932
I177R,948.0,957.0,-1.146455614567257,0.04665845021011944
I177S,1462.0,1708.0,-0.9357240946234819,0.0366976175939473
I177T,428.0,561.0,-0.7697053540043903,0.06477763542942057
I177V,376.0,711.0,-0.24098851720785586,0.0643677119203619
I177W,233.0,9.0,-5.852808292566582,0.3396420192889799
I177Y,268.0,62.0,-3.2718013740238003,0.1411909483712548
I177_,833.0,35.0,-5.732582184913707,0.1727454255261023
I199A,744.0,1629.0,-0.02948579425630804,0.04511303970467462
I199C,591.0,1341.0,0.021978212124332153,0.05014951608445102
I199D,673.0,1468.0,-0.03492538783235766,0.04737409539294482
I199E,826.0,1684.0,-0.13241778427942474,0.0433786631860614
I199F,770.0,1496.0,-0.20191660525869626,0.04521479607352785
I199G,922.0,1759.0,-0.22817795559414655,0.04159732151294432
I199H,653.0,1579.0,0.11375598084131244,0.047348991019921446
I199K,396.0,625.0,-0.5017449258648297,0.06482601159968673
I199L,547.0,1221.0,-0.001651433646773448,0.05219542965760202
I199M,888.0,1218.0,-0.704209187217522,0.044993037106512576
I199N,368.0,742.0,-0.14839367641247403,0.06436036682449575
I199P,500.0,1103.0,-0.018670320042524224,0.05462434179603676
I199Q,1308.0,2615.0,-0.1606444441502175,0.03498823353700593
I199R,805.0,1631.0,-0.14140031945796405,0.043961190166249595
I199S,1583.0,3283.0,-0.10773856181544161,0.03183638004469333
I199T,1176.0,2355.0,-0.15825447905614576,0.03677238330604259
I199V,440.0,923.0,-0.09127737065350239,0.058594676578651514
I199W,499.0,1211.0,0.11898280908945669,0.05391635643059062
I199Y,544.0,979.0,-0.31239691223015686,0.054193082136479095
I199_,520.0,62.0,-4.228053909562908,0.13463550714415534
I19A,205.0,45.0,-3.3474641505837477,0.16484036067637176
I19C,345.0,207.0,-1.897025054116237,0.08835383319787592
I19D,370.0,18.0,-5.520781512653413,0.2414634274079446
I19E,632.0,31.0,-5.509229291649485,0.18413898042378785
I19F,405.0,14.0,-6.013516005813593,0.2718895196524802
I19G,837.0,216.0,-3.114234093930471,0.0768205231874044
I19H,918.0,647.0,-1.664809195954775,0.05207813879222452
I19K,347.0,187.0,-2.051949157950533,0.09113900144717356
I19L,515.0,1039.0,-0.1475501480757888,0.0546023180431896
I19M,1724.0,2531.0,-0.6061422722048664,0.03244057413947147
I19N,893.0,554.0,-1.8488516504271342,0.05479122630934802
I19P,773.0,23.0,-6.230241525976428,0.21173157166645326
I19Q,916.0,469.0,-2.125832001718802,0.05745511692450036
I19R,549.0,20.0,-5.938126692270746,0.22775803292615826
I19S,654.0,160.0,-3.1912379614145587,0.08863343967821215
I19T,282.0,478.0,-0.3987928583583802,0.07559913102721923
I19V,234.0,510.0,-0.036131984218396695,0.07944379234592451
I19W,395.0,15.0,-5.877980631718964,0.26311800001656155
I19Y,385.0,7.0,-6.939425000495879,0.3812190133107033
I19_,586.0,42.0,-4.9622079299073905,0.1599611214251723
I205A,1352.0,2641.0,-0.1941033952602318,0.03457645355598655
I205C,958.0,1805.0,-0.24619312761976886,0.04092789529169846
I205D,376.0,12.0,-6.128550311823161,0.29325875787319694
I205E,947.0,25.0,-6.402890034391534,0.20277379041100752
I205F,423.0,716.0,-0.40079936952461814,0.061950685770586704
I205G,635.0,633.0,-1.1646383574861083,0.056848754128363245
I205H,717.0,108.0,-3.8909156880154203,0.10358731249204615
I205K,1172.0,723.0,-1.856984709990701,0.04809979622261216
I205L,591.0,1439.0,0.12373483429098986,0.049640604072478015
I205M,710.0,1521.0,-0.06096894806729747,0.04629403160463693
I205N,878.0,47.0,-5.38328512266686,0.1499608535121045
I205P,1018.0,58.0,-5.293393640689591,0.13526996863514693
I205Q,802.0,383.0,-2.226325502385647,0.06272968799126453
I205R,720.0,1039.0,-0.6309666464028911,0.04928055260456916
I205S,961.0,1114.0,-0.9469485023029733,0.044894081238177085
I205T,625.0,1807.0,0.371565975243227,0.04722947586653608
I205V,438.0,1221.0,0.3189519661174076,0.05638524302884105
I205W,602.0,1014.0,-0.4078748139373296,0.05219707046293987
I205Y,1035.0,1729.0,-0.4197858307205422,0.04027143548285651
I205_,698.0,51.0,-4.934483036460469,0.14530620106847303
I209A,496.0,756.0,-0.552051226362333,0.05844716274756566
I209C,946.0,1911.0,-0.1456793483903045,0.0407136758260807
I209D,317.0,27.0,-4.713050142609609,0.2006366066760069
I209E,976.0,28.0,-6.282969377936561,0.19184202733983383
I209F,1156.0,2420.0,-0.09422820584590941,0.03681731215954973
I209G,732.0,1186.0,-0.46390642526464276,0.047817500862612224
I209H,342.0,4.0,-7.574379798692208,0.5023720716156896
I209K,838.0,49.0,-5.255906744930574,0.14722279371086902
I209L,445.0,685.0,-0.5378000437048378,0.06151602911861276
I209M,871.0,1309.0,-0.572372405948772,0.04460131355062682
I209N,596.0,8.0,-7.377477820955435,0.3558075573788424
I209P,748.0,26.0,-6.006006589994999,0.19965189804797887
I209Q,1552.0,69.0,-5.651275947044082,0.1233378607543175
I209R,968.0,50.0,-5.43482077817685,0.14528006264026108
I209S,1186.0,1288.0,-1.0410597167892277,0.041192272581152614
I209T,718.0,1467.0,-0.12928447400462417,0.04638583292435135
I209V,592.0,1418.0,0.10008691904818079,0.049715419360567274
I209W,597.0,264.0,-2.3372498579832737,0.07443116117308532
I209Y,496.0,129.0,-3.102973645811339,0.09922033114548154
I209_,456.0,31.0,-5.03834736806678,0.18578978721024925
I23A,562.0,338.0,-1.893617208824483,0.0693906963786879
I23C,463.0,431.0,-1.2634093477779569,0.06750674759928256
I23D,727.0,17.0,-6.577607499430649,0.24544183261568214
I23E,290.0,6.0,-6.752681183363323,0.4122071768701864
I23F,797.0,287.0,-2.6335841585636555,0.0693983946508556
I23G,807.0,349.0,-2.3694055138824677,0.0646655863178737
I23H,771.0,49.0,-5.135688857194289,0.14757455012434736
I23K,556.0,14.0,-6.470669306624305,0.2706535883054885
I23L,1159.0,2592.0,0.0010909330794692806,0.03641229088637565
I23M,558.0,774.0,-0.688026107890237,0.0562254761895722
I23N,603.0,158.0,-3.0922533989299037,0.08980149934892252
I23P,760.0,27.0,-5.974540193339001,0.19600088131716056
I23Q,820.0,133.0,-3.7841941255430322,0.09388811243580421
I23R,1249.0,36.0,-6.276330954984826,0.1692570429701799
I23S,500.0,160.0,-2.803882214802295,0.09125140010907228
I23T,229.0,164.0,-1.6417141523965704,0.10266966135302542
I23V,1371.0,3142.0,0.036361341214163456,0.03353961105581939
I23W,374.0,474.0,-0.8182466859619115,0.06971824766062651
I23Y,589.0,52.0,-4.661518521812286,0.1449209590893741
I23_,350.0,13.0,-5.9097906111964225,0.2824858592134251
I240A,1671.0,239.0,-3.9656648182684333,0.06971093489959447
I240C,1493.0,4632.0,0.4733272024113715,0.03103104088400807
I240D,888.0,104.0,-4.253941017712838,0.10400876027712559
I240E,654.0,31.0,-5.558594601086432,0.18399440011663534
I240F,719.0,380.0,-2.0800617891466766,0.06402780301838737
I240G,739.0,32.0,-5.689086641541272,0.1807502357112756
I240H,721.0,215.0,-2.905702845655795,0.07819935041217621
I240K,796.0,30.0,-5.889358667953497,0.18616052259044866
I240L,3194.0,2585.0,-1.4652863051162281,0.02787795506263551
I240M,2032.0,2377.0,-0.9338468663455286,0.03146535830799115
I240N,2207.0,1890.0,-1.383786635812653,0.03254916372252063
I240P,1051.0,29.0,-6.339169627390851,0.18841333941013721
I240Q,1192.0,155.0,-4.103050481224115,0.08583335281360732
I240R,1124.0,21.0,-6.901522235668339,0.22037083086616327
I240S,1174.0,42.0,-5.964655438097767,0.15726692706151296
I240T,844.0,1642.0,-0.19995642122961055,0.04325596370522468
I240V,821.0,1091.0,-0.7498947112550969,0.04703022927196331
I240W,1048.0,23.0,-6.669335026234158,0.21092843213597195
I240Y,1204.0,228.0,-3.5607657073891565,0.07275698633959957
I240_,990.0,52.0,-5.410669491786775,0.14252863272267277
I242A,1166.0,1713.0,-0.6051339251159149,0.038969756906035755
I242C,1171.0,3577.0,0.4509134185607562,0.03479619796512348
I242D,744.0,732.0,-1.1835459919797255,0.052796004903013324
I242E,453.0,928.0,-0.12548988297848762,0.05798517056789758
I242F,855.0,1988.0,0.05722447822285126,0.04183110283100429
I242G,719.0,1365.0,-0.23525955767411677,0.046911035245983425
I242H,796.0,921.0,-0.9496570713294954,0.04918616459492242
I242K,1055.0,1344.0,-0.8108001383250176,0.042061253176919174
I242L,1115.0,2303.0,-0.11362331056091701,0.03752753547642758
I242M,646.0,1290.0,-0.16233349034958433,0.048993877828855587
I242N,1004.0,1041.0,-1.1078770484145872,0.04509833925188885
I242P,1026.0,511.0,-2.1657087004903612,0.05485259208366304
I242Q,922.0,1500.0,-0.45796952151569403,0.04276093753615684
I242R,888.0,872.0,-1.1863185805121406,0.04847822094558029
I242S,1045.0,1517.0,-0.6223734892335253,0.04115056134817021
I242T,1222.0,1775.0,-0.6215162757072887,0.03819619926586581
I242V,1236.0,1961.0,-0.4941808600759927,0.03736636014291941
I242W,1132.0,1922.0,-0.39635819749720813,0.03848274548676329
I242Y,1310.0,2805.0,-0.06165924757490382,0.034599227463259774
I242_,679.0,25.0,-5.92294319606937,0.20379888954418432
I244A,705.0,1307.0,-0.2695327839673567,0.047547589904456254
I244C,766.0,1900.0,0.15048454335149053,0.043692420705911554
I244D,789.0,42.0,-5.391326231331739,0.15858283610085544
I244E,657.0,27.0,-5.764437121287299,0.19652638541634312
I244F,827.0,132.0,-3.8073448907278458,0.09413611178203356
I244G,1054.0,804.0,-1.550690541383208,0.04764212262671996
I244H,1130.0,35.0,-6.172512004842727,0.17182975347792973
I244K,828.0,37.0,-5.643748487759463,0.16823997118144995
I244L,1218.0,3252.0,0.25671837871754377,0.03472408491021539
I244M,1865.0,2968.0,-0.48977475034484197,0.03082798833290649
I244N,1185.0,1130.0,-1.2286510309548349,0.04249789733272267
I244P,767.0,13.0,-7.041639857058266,0.2797230119158888
I244Q,1260.0,24.0,-6.87374330688449,0.20620428197027688
I244R,489.0,33.0,-5.04897626120653,0.18004456927690785
I244S,1070.0,1576.0,-0.6014349278107396,0.04057503009235121
I244T,844.0,1635.0,-0.20611987500541495,0.04328609200486341
I244V,1498.0,3322.0,-0.011078175465664142,0.03233919419789366
I244W,1364.0,56.0,-5.766113319793581,0.1366174795831387
I244Y,1046.0,25.0,-6.546335113308075,0.20252720514521952
I244_,765.0,33.0,-5.6945908998053465,0.17798390777060372
I249A,651.0,1394.0,-0.06159803609716796,0.048277099178459223
I249C,361.0,805.0,-0.0031194326547190343,0.06394900770302168
I249D,384.0,12.0,-6.158923161522114,0.2931642784929978
I249E,1346.0,50.0,-5.9104160500634695,0.1442781547997675
I249F,1293.0,2590.0,-0.15786310172478757,0.035167268028936986
I249G,377.0,306.0,-1.4611113287527528,0.0774439489047976
I249H,734.0,20.0,-6.357093982861793,0.2267479666381702
I249K,1140.0,45.0,-5.822744441643126,0.15222259673671643
I249L,795.0,2175.0,0.2918897844861368,0.04236581683362599
I249M,540.0,1089.0,-0.1481281638715597,0.053360391621000036
I249N,700.0,9.0,-7.439791952613155,0.33540064249387697
I249P,1123.0,32.0,-6.292791624404909,0.17946573508126598
I249Q,549.0,32.0,-5.260325182630906,0.1820410571669048
I249R,628.0,31.0,-5.5000694377594925,0.1841663432836165
I249S,1153.0,1848.0,-0.47951979898180497,0.03854434330988641
I249T,1783.0,3743.0,-0.09020322875471098,0.030087582712896428
I249V,894.0,2029.0,0.022325764454724784,0.041093254141596945
I249W,346.0,536.0,-0.5286411543014005,0.06951960398752623
I249Y,696.0,478.0,-1.7021545715448765,0.060050112665268114
I249_,359.0,21.0,-5.254963299894127,0.22463096186436474
I256A,887.0,2023.0,0.029393839874870764,0.041218255145327884
I256C,1408.0,2431.0,-0.37218908946131046,0.0346240163847258
I256D,862.0,24.0,-6.3260846341754275,0.2070908997455465
I256E,1414.0,49.0,-6.010659703111212,0.1455625514427359
I256F,1378.0,2833.0,-0.12033800035598397,0.03399873848040942
I256G,807.0,2002.0,0.15070338762024704,0.042613244938934626
I256H,1112.0,39.0,-5.993269290329298,0.1631287032212449
I256K,832.0,33.0,-5.815713161711399,0.17768795007241947
I256L,581.0,1384.0,0.09213213022770095,0.05020883911929391
I256M,878.0,1664.0,-0.23773250992851747,0.04262799245361606
I256N,553.0,17.0,-6.182937859665783,0.2463219069915349
I256P,723.0,14.0,-6.849574077482981,0.269885054779891
I256Q,773.0,13.0,-7.052881547482723,0.279704922649127
I256R,747.0,17.0,-6.616759846995628,0.24536679984168205
I256S,861.0,1265.0,-0.6050404461367247,0.04504645272524574
I256T,816.0,1711.0,-0.09189788264019239,0.043441615068482944
I256V,795.0,2050.0,0.20649869770971296,0.042695397098962355
I256W,713.0,996.0,-0.6778494206064032,0.049837330177624636
I256Y,967.0,565.0,-1.9353417442221863,0.05367722301031094
I256_,1174.0,39.0,-6.071544225559722,0.16298307527807174
I272A,863.0,764.0,-1.3358730919725774,0.05044667618356987
I272C,901.0,1401.0,-0.5232351069127859,0.0435991398605719
I272D,1019.0,27.0,-6.397618096349169,0.1951458889001626
I272E,1068.0,25.0,-6.576363624636298,0.20247858118838294
I272F,1116.0,1465.0,-0.767526779160165,0.040692593153439253
I272G,1515.0,32.0,-6.724748166335271,0.17882267109406458
I272H,5920.0,44.0,-8.231711767916995,0.1515528814206976
I272K,1297.0,38.0,-6.252754104482644,0.16479417097742463
I272L,1269.0,3041.0,0.10075978558053711,0.03455578957014598
I272M,794.0,1984.0,0.16110287798797351,0.04290347679659279
I272N,462.0,19.0,-5.763180978407364,0.23419136752778147
I272P,1233.0,44.0,-5.968296655462973,0.15365669742578597
I272Q,1379.0,41.0,-6.231600701854226,0.15870319164349683
I272R,1062.0,35.0,-6.0829738158231805,0.1719945550846528
I272S,516.0,40.0,-4.849053827825375,0.1643439902240899
I272T,941.0,1490.0,-0.49704728336015247,0.04255670358372293
I272V,1145.0,2645.0,0.047825641491001214,0.03645097863961969
I272W,1098.0,101.0,-4.602408498508082,0.10434556550006095
I272Y,917.0,37.0,-5.791037762791821,0.16789125548792733
I272_,1257.0,59.0,-5.5729801954751075,0.13348808011411273
I277A,1232.0,3367.0,0.29036670275774545,0.0344373309059698
I277C,684.0,1533.0,0.004190448752461329,0.046813748169102457
I277D,1712.0,2691.0,-0.5076307135552063,0.03213977357837896
I277E,1060.0,140.0,-4.080563433844059,0.09034922757502793
I277F,1142.0,3817.0,0.5807803454658833,0.03485516981640035
I277G,1031.0,2382.0,0.04803380700532589,0.03830123806940769
I277H,588.0,590.0,-1.155188620795073,0.05893035294707911
I277K,912.0,1836.0,-0.15063496893174833,0.041453433750889494
I277L,1308.0,2813.0,-0.055346226296029144,0.03460144308771905
I277M,645.0,1349.0,-0.09557972707944806,0.048671311171694244
I277N,1384.0,4470.0,0.5313363548388752,0.03199218497788155
I277P,1028.0,35.0,-6.0360307635079895,0.1720850645547313
I277Q,713.0,1347.0,-0.24232099163830156,0.0471395638648042
I277R,1400.0,659.0,-2.2471522067700986,0.048051606534758914
I277S,979.0,2251.0,0.041089627588120514,0.03928019444439992
I277T,533.0,1411.0,0.24440637019711264,0.05159552528098092
I277V,1333.0,2631.0,-0.17915820840162855,0.03474928365498818
I277W,759.0,1177.0,-0.5271515577893542,0.04737472715987545
I277Y,812.0,932.0,-0.9612393971620161,0.04880277051458742
I277_,1205.0,50.0,-5.7507720407454475,0.14457910655862105
I281A,875.0,1931.0,-0.018103111442458797,0.041688804397158725
I281C,747.0,1753.0,0.07054742771510014,0.04456866823912079
I281D,608.0,20.0,-6.08538931669199,0.22736967895118287
I281E,607.0,214.0,-2.664129410243773,0.0799834156939753
I281F,890.0,1587.0,-0.3256695693444964,0.04278956946509733
I281G,1012.0,2353.0,0.057196568970486084,0.03860529392585658
I281H,1094.0,2184.0,-0.1627338004591401,0.03806823361021155
I281K,1143.0,1163.0,-1.13506186083647,0.042567234355061274
I281L,1186.0,2546.0,-0.05796542550232253,0.036237870622807825
I281M,1084.0,2533.0,0.06438736997450167,0.03734349429303894
I281N,123.0,252.0,-0.12538195772171612,0.11033931981885654
I281P,1485.0,899.0,-1.88415091461028,0.04316224553540177
I281Q,1042.0,1876.0,-0.311788941924668,0.03962295431973622
I281R,1197.0,19.0,-7.136620199647178,0.2313364567432614
I281S,1601.0,2819.0,-0.34388106042179745,0.03250521193303542
I281T,802.0,1733.0,-0.04849948811898752,0.04360213966129147
I281V,952.0,2441.0,0.19834223540568008,0.03920872666284105
I281W,1351.0,1561.0,-0.9516459109746265,0.038184374807292754
I281Y,1078.0,1078.0,-1.1600873370376972,0.04396042516771852
I281_,517.0,32.0,-5.17368494043842,0.1823504445080477
I288A,666.0,1595.0,0.09986238769981792,0.04696469839486315
I288C,909.0,2138.0,0.0738131931996664,0.04055947719355603
I288D,799.0,513.0,-1.7993139480677103,0.05725449462198376
I288E,1298.0,3166.0,0.12627697722059272,0.03411031637166455
I288F,1228.0,2829.0,0.04388763036058263,0.03528533383847353
I288G,1129.0,2443.0,-0.04648583259628669,0.037044722714123866
I288H,449.0,1062.0,0.08189053272555302,0.05697351341922809
I288K,644.0,1460.0,0.02073591813112685,0.04811388943880392
I288L,974.0,2226.0,0.03236424732912191,0.039410232251270265
I288M,963.0,2424.0,0.1716856291126012,0.039092185791665644
I288N,841.0,1710.0,-0.13627743514807467,0.04302426091246629
I288P,1160.0,792.0,-1.7106340282141517,0.04692462547727503
I288Q,857.0,1907.0,-0.006158871747127925,0.042053266804074174
I288R,689.0,1677.0,0.12320712781122634,0.04609669980549428
I288S,911.0,1938.0,-0.07105011749913182,0.04112085386771186
I288T,1009.0,2252.0,-0.001814575989724787,0.03888916094015647
I288V,824.0,1476.0,-0.31911859216570804,0.044365846230240966
I288W,836.0,1735.0,-0.1067354634462303,0.04300897716101825
I288Y,854.0,1983.0,0.05527974758205367,0.04186262043099672
I288_,938.0,54.0,-5.278392186837969,0.14020850593074743
I295A,1021.0,1020.0,-1.1615010372036236,0.0451337291128093
I295C,1236.0,1284.0,-1.1051213141635934,0.04080580471516412
I295D,1283.0,1300.0,-1.1410970312565043,0.04032233407956242
I295E,862.0,1971.0,0.03307124800334105,0.04176939152928069
I295F,847.0,1229.0,-0.6230415901720541,0.0455141215078877
I295G,836.0,278.0,-2.7484707588378567,0.06978824740794057
I295H,974.0,2112.0,-0.04347916082336756,0.03971668078460306
I295K,1157.0,1940.0,-0.41442458173793995,0.03817075643866192
I295L,1504.0,879.0,-1.9349500131077764,0.04335644477068556
I295M,828.0,1027.0,-0.8493572043716595,0.04752540223687962
I295N,1053.0,2386.0,0.01999361537718336,0.03802652950908413
I295P,943.0,22.0,-6.581129356507853,0.21580448662639032
I295Q,1023.0,312.0,-2.8732434109580147,0.06526700278741068
I295R,876.0,25.0,-6.290457713260095,0.20298471493991221
I295S,308.0,554.0,-0.3131525104794024,0.07161646478129491
I295T,1432.0,3226.0,0.011622006282196562,0.032947658607308
I295V,1054.0,2579.0,0.13084147536911672,0.03759989240587859
I295W,749.0,24.0,-6.123365008528209,0.20751302866951873
I295Y,898.0,2912.0,0.5371245571643555,0.03916921471374728
I295_,546.0,14.0,-6.444485850045587,0.27071443320836197
I298A,1103.0,2265.0,-0.12201578787317402,0.03775391198775807
I298C,920.0,2014.0,-0.02973793804380076,0.04075187349210487
I298D,516.0,787.0,-0.5511043944291059,0.05732213748546728
I298E,992.0,1826.0,-0.27981923983639234,0.04040971545021348
I298F,753.0,1444.0,-0.22074753306363526,0.045801399690724894
I298G,855.0,1968.0,0.042637015749607876,0.041892160185621
I298H,760.0,351.0,-2.2745936059313596,0.0651301962663174
I298K,727.0,15.0,-6.758066663473346,0.2609118574385225
I298L,773.0,1439.0,-0.26356970204249386,0.04545123926299441
I298M,854.0,2021.0,0.082664254938976,0.041749217975772926
I298N,748.0,1144.0,-0.5471171364693568,0.047835628749639765
I298P,1336.0,789.0,-1.9199026530810777,0.04575103356831374
I298Q,1020.0,1611.0,-0.5007051839409957,0.040967789520140296
I298R,1059.0,178.0,-3.732773355175361,0.08148121683755978
I298S,608.0,1263.0,-0.10538823231708871,0.05013699014802931
I298T,2102.0,5419.0,0.20617243965041254,0.02715730662380513
I298V,811.0,1637.0,-0.1468158107437123,0.04383091212885141
I298W,885.0,625.0,-1.6619018210693977,0.05298257975324529
I298Y,1141.0,1571.0,-0.6987064088431607,0.03987729072407575
I298_,843.0,39.0,-5.593721178448614,0.16400587451373233
I304A,952.0,1131.0,-0.911524284767971,0.04485335256614183
I304C,977.0,1640.0,-0.4128279591126951,0.04135857805071592
I304D,1990.0,73.0,-5.928625127371671,0.11948436102111624
I304E,455.0,21.0,-5.596837522460321,0.22331902111573246
I304F,1554.0,183.0,-4.246088737242688,0.07864430945320211
I304G,953.0,1013.0,-1.0720021787883844,0.04597513067661172
I304H,559.0,44.0,-4.827058151528271,0.15680635828183864
I304K,793.0,130.0,-3.76880380020069,0.09502622158935432
I304L,1121.0,2409.0,-0.05644610250314219,0.03720765519516427
I304M,1916.0,1943.0,-1.1398991018213094,0.033374121052258565
I304N,1141.0,2138.0,-0.2541301718225437,0.03770132344735479
I304P,530.0,16.0,-6.209061704151081,0.25382073866039984
I304Q,1431.0,588.0,-2.443208495197813,0.04976652597217125
I304R,631.0,16.0,-6.460704992727355,0.25322513986427
I304S,874.0,505.0,-1.951425167677173,0.05658232143642698
I304T,1349.0,2357.0,-0.3550305003655865,0.0352533588237064
I304V,1248.0,2453.0,-0.1851637160149,0.035863444833960936
I304W,1402.0,4327.0,0.4657864783114807,0.03196274025178183
I304Y,844.0,78.0,-4.5956164512772855,0.1186631285717877
I304_,792.0,26.0,-6.088467678680518,0.19946581208755962
I309A,903.0,589.0,-1.7765371735232955,0.05368817481372442
I309C,673.0,856.0,-0.8130876280482617,0.052262044508904884
I309D,1860.0,392.0,-3.4064353523464868,0.05626575754875887
I309E,966.0,47.0,-5.52108587510843,0.14961451923260005
I309F,1332.0,1549.0,-0.9423457926338563,0.03838707283218717
I309G,992.0,28.0,-6.3064281123482715,0.1917989524005707
I309H,1301.0,180.0,-4.0135704290090715,0.08000705689143138
I309K,1086.0,23.0,-6.720719930816253,0.21084927305816004
I309L,985.0,1166.0,-0.9167174517820147,0.04415984962714102
I309N,837.0,411.0,-2.1861587006611884,0.06086877939009548
I309P,832.0,45.0,-5.368370735548382,0.15328549279147888
I309Q,1204.0,52.0,-5.693001863443113,0.14189742148595522
I309R,1006.0,33.0,-6.089685034229117,0.17710201826729083
I309S,830.0,380.0,-2.2871786715448588,0.06255847728449859
I309T,1710.0,2348.0,-0.7026535461453509,0.03298383070228408
I309V,1521.0,3481.0,0.03438898329668083,0.03196841318684794
I309Y,1439.0,2077.0,-0.630655792540876,0.03540666824972329
I309_,1677.0,81.0,-5.531734811019147,0.11409514902209728
I313A,1003.0,179.0,-3.646311238875855,0.08161205640497261
I313C,1444.0,1755.0,-0.8786888192000943,0.03660002629168298
I313D,788.0,11.0,-7.321414900900963,0.3035997190291411
I313E,1299.0,33.0,-6.458452925192408,0.17646788938650684
I313F,1084.0,721.0,-1.748374228583005,0.048853788514486976
I313G,2609.0,56.0,-6.701761572357779,0.13533104011955555
I313H,1042.0,24.0,-6.599677246235929,0.2066064981946329
I313K,1845.0,105.0,-5.295117346798174,0.10070826026067298
I313L,913.0,1732.0,-0.23634264428280982,0.04183169550863724
I313M,811.0,1688.0,-0.1025554947799101,0.043619864655525066
I313N,677.0,102.0,-3.890553894845217,0.10657059712745794
I313P,810.0,50.0,-5.17773854581678,0.14597192223622055
I313Q,867.0,498.0,-1.9599612586876178,0.056908959429177654
I313R,761.0,17.0,-6.643547702412924,0.24531661068698324
I313S,1348.0,308.0,-3.2898694399827284,0.06376308271368676
I313T,777.0,1454.0,-0.25605521669494635,0.045298857869529974
I313V,758.0,1599.0,-0.08319716206417294,0.04496531317896355
I313W,906.0,21.0,-6.590466243884056,0.22085599804710987
I313Y,753.0,25.0,-6.072179398472853,0.2034435023078012
I313_,2120.0,75.0,-5.980931654625647,0.11781553506410523
I320A,710.0,1359.0,-0.22344251434922757,0.0471328892308911
I320C,1246.0,3053.0,0.13282933107156225,0.03474702866984151
I320D,1140.0,28.0,-6.507048022954171,0.1914574863396936
I320E,1330.0,1285.0,-1.209744843480288,0.04009147949854267
I320F,1347.0,1435.0,-1.0687871077391362,0.03894217332142259
I320G,1208.0,380.0,-2.8286104456627075,0.05946903425809305
I320H,1382.0,2340.0,-0.40034069674981243,0.03504541322915829
I320K,1470.0,5735.0,0.8038826955182543,0.03052677046608927
I320L,634.0,1308.0,-0.1152912672054125,0.049183645237777567
I320M,1025.0,2203.0,-0.05624927797481316,0.038817177423529726
I320N,949.0,1379.0,-0.6209496128756644,0.04308289917096751
I320P,931.0,16.0,-7.021838787959072,0.25221481486909847
I320Q,964.0,1631.0,-0.4014417267583035,0.041565602183993765
I320R,1086.0,1495.0,-0.6989695900783737,0.040828204745837246
I320S,1163.0,1586.0,-0.7125489712889079,0.03959292240673085
I320T,1354.0,1676.0,-0.8522949739934247,0.037582585801698445
I320V,1228.0,2869.0,0.06414335063300936,0.03521543022548326
I320W,826.0,120.0,-3.9430919592068943,0.09808428347491198
I320Y,470.0,517.0,-1.0225866037437408,0.06433553833268774
I320_,1412.0,63.0,-5.646113023119534,0.1290579546172901
I342A,633.0,1571.0,0.15130483087926194,0.04789087263411981
I342C,952.0,1968.0,-0.112398418537623,0.04044484213547439
I342D,1689.0,684.0,-2.464175884760631,0.04616577041471283
I342E,1068.0,860.0,-1.4725871520268825,0.04665133030931851
I342F,743.0,1954.0,0.23489698063404774,0.04398742587816104
I342G,1339.0,2889.0,-0.0506788744350124,0.03420830847435839
I342H,871.0,1854.0,-0.07019949907320999,0.04200848107951833
I342K,1129.0,769.0,-1.7140713377717063,0.04757471572218728
I342L,1134.0,2241.0,-0.17737161287741898,0.03748736362120215
I342M,859.0,1905.0,-0.011035597568143096,0.04202750350717797
I342N,1048.0,2139.0,-0.13079659281689704,0.03871619797758979
I342P,511.0,492.0,-1.2147512223675552,0.06377018506372491
I342Q,669.0,1308.0,-0.19281344723176108,0.04833750860878901
I342R,1057.0,27.0,-6.450438912581278,0.19505547456940397
I342S,816.0,2019.0,0.1469019819187123,0.042403019312829596
I342T,1066.0,2299.0,-0.051295567437916745,0.03808275148224989
I342V,1237.0,2765.0,0.00034019799528373085,0.035317302680563364
I342W,644.0,1320.0,-0.12469347336299297,0.048862967160914844
I342Y,1357.0,9149.0,1.5930969508194086,0.03038855558408322
I342_,1581.0,93.0,-5.247404183305626,0.10705740414956483
I346A,788.0,635.0,-1.4715219636030277,0.0540467057302124
I346C,958.0,1172.0,-0.8692150780880894,0.04443325446659766
I346D,834.0,208.0,-3.1634991320680097,0.07799830890458655
I346E,1236.0,974.0,-1.5037692631144486,0.04373770763141097
I346F,1639.0,3332.0,-0.1365192632224339,0.03142438819326486
I346G,1071.0,336.0,-2.8324832127747657,0.0631430805507584
I346H,874.0,1799.0,-0.11860582259523067,0.04215758021587378
I346K,1065.0,1417.0,-0.7481043743034244,0.041496002976436186
I346L,982.0,1622.0,-0.4361142439392358,0.04137737547337093
I346M,1916.0,2631.0,-0.7025756958748413,0.03129295031601012
I346N,943.0,1335.0,-0.6585817633858184,0.04343662996689883
I346P,1909.0,3540.0,-0.26915856138141425,0.029724828404485884
I346Q,670.0,1157.0,-0.3719405366560036,0.04933619790457796
I346R,1175.0,228.0,-3.525591367818046,0.07289772124175958
I346S,848.0,307.0,-2.625882966485163,0.06718409700520232
I346T,445.0,611.0,-0.7027291009848335,0.0629366630853455
I346V,963.0,2196.0,0.02917460257950122,0.039636230525791245
I346W,732.0,1509.0,-0.11642023303743887,0.04589157122621172
I346Y,859.0,1867.0,-0.040104513582207346,0.04215442081278202
I346_,1103.0,53.0,-5.539124856809191,0.1408837248583413
I355A,2094.0,2683.0,-0.8025032371914564,0.030455163411694623
I355C,1241.0,2299.0,-0.2705893363633667,0.03630445890172005
I355D,1799.0,1486.0,-1.4358467186082926,0.036139353652961156
I355E,1250.0,911.0,-1.6164881779971418,0.04444012841263569
I355F,1141.0,1907.0,-0.41908636384658227,0.03844536680853082
I355G,1037.0,2232.0,-0.05417365248072148,0.038595156994731414
I355H,200.0,378.0,-0.2417350695094509,0.08787736508717406
I355K,472.0,989.0,-0.0929196535513519,0.05663002671814153
I355L,348.0,867.0,0.1568325341622394,0.06406339440761942
I355M,1115.0,2690.0,0.1104675498562897,0.03668579281707784
I355N,1112.0,2751.0,0.14670428498432608,0.03660633782776171
I355P,760.0,453.0,-1.9065628408058757,0.06000397963118321
I355Q,1391.0,1876.0,-0.7285526104151052,0.03645815290838997
I355R,1015.0,2112.0,-0.1029646124997532,0.03919111119405665
I355S,1666.0,2983.0,-0.31971558329457084,0.03182321445030204
I355T,1094.0,2146.0,-0.1880564636526625,0.038174574025472884
I355V,1036.0,1530.0,-0.5975841833562994,0.04118350117836771
I355W,1222.0,2865.0,0.06919674639707862,0.03527905117705465
I355Y,341.0,720.0,-0.0818844395923426,0.06632181801100125
I355_,805.0,31.0,-5.858288610767991,0.18321334902153893
I359A,1102.0,2422.0,-0.024019830847041845,0.03738397537227038
I359C,671.0,1577.0,0.07269829936414585,0.04692175151660831
I359D,1364.0,39.0,-6.287953749716376,0.16261867599119387
I359E,954.0,72.0,-4.887822553713526,0.12252516397839575
I359F,1499.0,898.0,-1.899293929038619,0.04310369966047386
I359G,1387.0,282.0,-3.4582472999838596,0.06591052650468351
I359H,2222.0,146.0,-5.087813560964207,0.08588444312104565
I359K,1159.0,72.0,-5.168639273907556,0.12176622721967009
I359L,1008.0,2340.0,0.05491740690359315,0.03868657225691151
I359M,1090.0,2212.0,-0.1390708000261478,0.03803615280026131
I359N,2391.0,2795.0,-0.9348540561720773,0.029210655480656506
I359P,1033.0,1898.0,-0.28245396377118137,0.03965048644676497
I359Q,1359.0,1872.0,-0.6980552673564815,0.03670508903020512
I359R,356.0,21.0,-5.24285703567821,0.2246832017723014
I359S,1313.0,2377.0,-0.30381726834110445,0.035490196301835586
I359T,836.0,2684.0,0.5227106052249004,0.040570721162414364
I359V,1509.0,3202.0,-0.07471189002080081,0.03243822726005481
I359W,1476.0,37.0,-6.477730886896133,0.16665675865505472
I359Y,917.0,26.0,-6.299886499149049,0.19903391801404297
I359_,1134.0,48.0,-5.722041953218454,0.14760782167678488
I363A,1192.0,876.0,-1.6044644319667638,0.0453619580527651
I363C,1147.0,522.0,-2.295815956843909,0.05352338475615334
I363D,1147.0,38.0,-6.075442470897859,0.16509980826780446
I363E,584.0,327.0,-1.9967456554505274,0.06962441042462421
I363F,1000.0,635.0,-1.8152505474904803,0.051497737539630994
I363G,1503.0,1868.0,-0.8464397667956836,0.035747856294256496
I363H,1038.0,23.0,-6.655502885675418,0.21095022154665635
I363K,1021.0,35.0,-6.026173461408397,0.1721044409542562
I363L,649.0,1471.0,0.02040710442850724,0.04793601945936603
I363M,1506.0,5232.0,0.6365466116139307,0.03053499582300278
I363N,736.0,17.0,-6.59535765890768,0.24540756608421022
I363P,1438.0,57.0,-5.816802233733572,0.13532714582335692
I363Q,1443.0,647.0,-2.317308719337497,0.04812292258385991
I363R,1128.0,50.0,-5.655506779296603,0.14477488174747583
I363S,938.0,263.0,-2.9945729864410344,0.0703240509216371
I363T,1511.0,2979.0,-0.18076757899452378,0.03278322129771131
I363V,1142.0,2028.0,-0.33159785453495605,0.038026200336636125
I363W,2200.0,394.0,-3.6412932675224376,0.0554057637766148
I363Y,1287.0,58.0,-5.631665170755348,0.1345089236168979
I363_,1293.0,59.0,-5.613717501314112,0.1334050903703605
I372A,1252.0,64.0,-5.449892303556677,0.1284465774632549
I372C,1001.0,339.0,-2.722143988455067,0.06345080877630693
I372D,1249.0,40.0,-6.124367925829506,0.1608466172661766
I372E,840.0,18.0,-6.703623753411001,0.23831160092459444
I372F,1577.0,2156.0,-0.7089152758783346,0.0342808948359828
I372G,1066.0,1232.0,-0.9512943426235845,0.042743512361286914
I372H,1031.0,66.0,-5.125317254542343,0.12726504285935722
I372K,986.0,23.0,-6.581356726687592,0.2110706104885077
I372L,1666.0,2723.0,-0.45128211679498476,0.03232221803428736
I372M,694.0,867.0,-0.838995154372089,0.05168693533042637
I372N,458.0,15.0,-6.09147055283652,0.26245544173387
I372P,1079.0,31.0,-6.280918236293521,0.18235044868675837
I372Q,1892.0,1069.0,-1.9837317021935652,0.0392585277196357
I372R,1932.0,66.0,-6.031361490261805,0.1254753525655605
I372S,1250.0,35.0,-6.318116101447528,0.17158237047996056
I372T,1436.0,73.0,-5.457915242645969,0.12029287789253788
I372V,524.0,341.0,-1.7798676344842503,0.0701289845407865
I372W,1138.0,555.0,-2.1960149012408685,0.052514234828372905
I372Y,934.0,481.0,-2.117458445960229,0.056805455966250404
I372_,1034.0,35.0,-6.044426603194642,0.1720686633143416
I375A,614.0,1298.0,-0.08011989616833581,0.0497624022833468
I375C,1039.0,2312.0,-0.006149238776516519,0.038369614889343866
I375D,923.0,286.0,-2.850368025318546,0.06824252155188258
I375E,1091.0,1509.0,-0.6921492958049527,0.04070032722796335
I375F,839.0,1702.0,-0.1396077346565754,0.04308909540310805
I375G,1068.0,2238.0,-0.09279600972201241,0.03821511442682906
I375H,799.0,1675.0,-0.09220309279950811,0.04388403780885846
I375K,464.0,793.0,-0.38690417593081783,0.059104929868982796
I375L,1675.0,3561.0,-0.07197055861569801,0.030904355495088378
I375M,1329.0,2709.0,-0.13267357801091606,0.03462408047942309
I375N,520.0,1072.0,-0.116380245563656,0.0541582466697646
I375P,1459.0,79.0,-5.366898036922052,0.11584157555506151
I375Q,1746.0,2992.0,-0.3830341617803774,0.031372065749657424
I375S,365.0,840.0,0.0423831763496878,0.0633037250754598
I375T,789.0,1826.0,0.05049183876812968,0.04350059548908892
I375V,1492.0,3465.0,0.055514973842281545,0.032188272274455094
I375W,980.0,1926.0,-0.18534051889065672,0.04021012902860318
I375Y,1744.0,3435.0,-0.18218135043994543,0.03068810513700963
I375_,1338.0,45.0,-6.053786860502185,0.1517956265479593
I53A,399.0,685.0,-0.3803871916417618,0.06358682392512255
I53C,1144.0,2271.0,-0.17085294135248308,0.03730548981430827
I53D,514.0,17.0,-6.077428718066788,0.2466002508947803
I53E,792.0,23.0,-6.265273094399419,0.21165827277830185
I53F,195.0,474.0,0.12128205193003083,0.08552690168723756
I53G,1115.0,1890.0,-0.39875011836098295,0.03877111417431861
I53H,1031.0,1136.0,-1.0201701282712436,0.04390267941783313
I53K,341.0,158.0,-2.269885518113605,0.09663553858608322
I53L,2473.0,2367.0,-1.2232896094430594,0.03006805738180184
I53M,491.0,1083.0,-0.01886508501356232,0.05511097466704049
I53N,776.0,1184.0,-0.5505532200341499,0.04701573428646855
I53P,589.0,51.0,-4.689527459011544,0.14621563487618747
I53Q,632.0,532.0,-1.4085813589132261,0.059490889916878495
I53R,1218.0,44.0,-5.950638133062455,0.1536891946594775
I53S,364.0,703.0,-0.2105202102667203,0.06516809625593047
I53T,297.0,639.0,-0.05476033445379702,0.07077470849195874
I53V,600.0,1482.0,0.14440939480678772,0.04917973963567022
I53W,626.0,573.0,-1.2877127235717722,0.05847937614748325
I53Y,916.0,539.0,-1.9251386463485574,0.0549926623258842
I53_,678.0,126.0,-3.5878556601420977,0.0974065255847852
I54A,919.0,1829.0,-0.1671768391558448,0.04137777096509786
I54C,665.0,694.0,-1.0985069213839296,0.05497169121920649
I54D,89.0,2.0,-6.628787358060193,0.7133192687455965
I54E,1194.0,2342.0,-0.18815502053849853,0.036629854008142226
I54F,861.0,731.0,-1.3962261886494822,0.05105531961128535
I54G,912.0,1000.0,-1.0271944585999213,0.046623146901784165
I54H,488.0,376.0,-1.53622701700428,0.06918013223162686
I54K,462.0,103.0,-3.3252270174172267,0.10931376535527132
I54L,897.0,1546.0,-0.3747336597374096,0.042882277711306344
I54M,651.0,1191.0,-0.28865342012552286,0.04952723340894835
I54N,453.0,491.0,-1.0438778274985259,0.06573677668928896
I54P,1336.0,26.0,-6.842807933918644,0.19817289739684252
I54Q,956.0,1707.0,-0.32371344124830337,0.04134105023155469
I54R,1154.0,60.0,-5.425396322572348,0.1326939395409646
I54S,682.0,1312.0,-0.21617341906561016,0.048017622751768074
I54T,705.0,1769.0,0.16713924015626702,0.045397754877807214
I54V,460.0,1009.0,-0.02688399327532842,0.05694018670832172
I54Y,2356.0,15688.0,1.5751574554602417,0.023778939948100028
I54_,948.0,50.0,-5.404701104224962,0.14535505018798556
I5C,916.0,27.0,-6.243885140260288,0.195428412609206
I5D,262.0,36.0,-4.023239707804982,0.1779437009627876
I5E,367.0,62.0,-3.725333915465053,0.13758052638241158
I5F,450.0,1104.0,0.1346369368205318,0.056614577266784566
I5G,764.0,237.0,-2.8487309275702817,0.07486897400991457
I5H,352.0,908.0,0.2070044351679332,0.06339863140600915
I5K,342.0,843.0,0.14142389928835009,0.0647098546194801
I5L,1377.0,44.0,-6.127651191602966,0.1533804693302217
I5M,606.0,775.0,-0.8052140117017004,0.0549335265543276
I5N,433.0,890.0,-0.1206661341525237,0.05924733740586959
I5P,237.0,119.0,-2.153952464768512,0.11269043933171155
I5Q,731.0,1770.0,0.11570712700135921,0.04483511484936908
I5R,798.0,1387.0,-0.362587878195483,0.04529173308613046
I5S,830.0,845.0,-1.1342476406526227,0.049653512773604316
I5T,474.0,130.0,-3.026382236917187,0.09939127113207881
I5V,141.0,20.0,-3.9770917424745464,0.2390480218278963
I5W,870.0,1718.0,-0.1784527917396499,0.04252916042277596
I5Y,1320.0,2523.0,-0.22549027161205837,0.03508804093236835
I5_,463.0,31.0,-5.060325258843648,0.18570054182056042
I70A,516.0,715.0,-0.6895229423185807,0.05842753972813279
I70C,458.0,674.0,-0.602696438688481,0.06119039611008173
I70D,774.0,33.0,-5.7114644990847,0.17794120360938942
I70E,959.0,36.0,-5.895163691305747,0.16997074597456094
I70F,595.0,681.0,-0.9653252691989911,0.05680052696175358
I70G,359.0,583.0,-0.46059073774859005,0.06766034879112712
I70H,573.0,17.0,-6.234192607610166,0.24619375812730726
I70K,823.0,19.0,-6.596166860187879,0.23215553703216593
I70L,949.0,1467.0,-0.5317038262827891,0.04257507380588338
I70M,676.0,895.0,-0.7552281232454181,0.05170901886235225
I70N,373.0,162.0,-2.3632187795401443,0.09450185387339713
I70P,369.0,621.0,-0.40913075015727696,0.06631351528265342
I70Q,444.0,24.0,-5.368972197697755,0.20971114165676827
I70R,765.0,54.0,-4.984267490075892,0.14106562612876683
I70S,1272.0,840.0,-1.7587189417147604,0.045319620270839814
I70T,567.0,1088.0,-0.2198416048584182,0.05253565595514927
I70V,484.0,1164.0,0.10590735538919382,0.05479434993962944
I70W,935.0,502.0,-2.0573530290141013,0.05602453115413918
I70Y,175.0,8.0,-5.609578643597332,0.36143485290249605
I70_,436.0,19.0,-5.6796181238971375,0.2344667709667421
I71A,129.0,36.0,-3.0011007305357333,0.18867604405024796
I71C,704.0,573.0,-1.457122941895606,0.05694605545461869
I71D,1199.0,18.0,-7.216989036755939,0.23756257810927
I71E,496.0,12.0,-6.528148487794022,0.2921596887286855
I71F,908.0,347.0,-2.547818284747871,0.06372063567733942
I71G,539.0,171.0,-2.8163186851335356,0.08820494896404477
I71H,589.0,21.0,-5.969231397735441,0.22219674916911641
I71K,686.0,22.0,-6.1220858934803495,0.2167229729505492
I71L,774.0,1020.0,-0.761928151673958,0.04847271540617532
I71M,551.0,1295.0,0.07272549444880472,0.05161678531502802
I71N,841.0,182.0,-3.368192574730423,0.08222225210031776
I71P,738.0,515.0,-1.679127256384394,0.05808574421604512
I71Q,771.0,355.0,-2.2789772457127224,0.06473847945321129
I71R,1038.0,26.0,-6.478697469956517,0.19871432189663385
I71S,382.0,47.0,-4.182658156046,0.15481295460694958
I71T,495.0,240.0,-2.204450490415053,0.07914482227731004
I71V,878.0,1499.0,-0.38838660578691897,0.043396944258190226
I71W,770.0,24.0,-6.163257210341839,0.20742527772829955
I71Y,838.0,55.0,-5.089288988695001,0.13945990392162852
I71_,75.0,2.0,-6.381902872645345,0.71478755041282
I73A,432.0,789.0,-0.29110845952735254,0.060493147657079804
I73C,601.0,1047.0,-0.359273016271076,0.0519250918428048
I73D,505.0,244.0,-2.2094590194153945,0.07845763269058371
I73E,915.0,1524.0,-0.4240743833167029,0.04273519072022048
I73F,440.0,820.0,-0.26198214547329357,0.05974463629369137
I73G,329.0,516.0,-0.5108197466610687,0.07109582867406407
I73H,220.0,355.0,-0.46979677300272993,0.08625148477724406
I73K,1037.0,69.0,-5.069567900116623,0.12462829937608436
I73L,761.0,1597.0,-0.0907013071362881,0.044916165871436556
I73M,527.0,993.0,-0.2461094279264744,0.05460572338941511
I73N,264.0,507.0,-0.218665710654407,0.07640243203039933
I73P,304.0,53.0,-3.6798696712764203,0.14910056779624503
I73Q,627.0,819.0,-0.774694722289003,0.05378759921764442
I73R,559.0,15.0,-6.378965546302129,0.261702841440526
I73S,286.0,361.0,-0.8241141266315557,0.07964694744984975
I73T,556.0,797.0,-0.6406003418345918,0.055950574856125354
I73V,638.0,1479.0,0.05289352819616777,0.048174164489334946
I73W,610.0,612.0,-1.1553650040840244,0.057883730350600494
I73Y,666.0,1120.0,-0.4101914679408498,0.04971495498756326
I73_,369.0,17.0,-5.599292204106249,0.24814542099197084
I76A,369.0,745.0,-0.14648745974124555,0.06426092236869876
I76C,430.0,804.0,-0.25724410224898975,0.06038660082979859
I76D,408.0,246.0,-1.8899748884612846,0.08119756371839298
I76E,568.0,582.0,-1.1249597246094618,0.059631908765459214
I76F,1366.0,1170.0,-1.3835345216013204,0.040792171231823646
I76G,588.0,915.0,-0.5221405170512119,0.053579699531574036
I76H,688.0,670.0,-1.1983342430458181,0.05498391496481569
I76K,537.0,20.0,-5.906243218471389,0.22784736959461416
I76L,478.0,882.0,-0.27633312405593546,0.057471984988561674
I76M,315.0,641.0,-0.13513810115448077,0.06936706050663793
I76N,709.0,780.0,-1.0224006927204519,0.05262794704196835
I76P,476.0,507.0,-1.0690650165004163,0.06442354002120601
I76Q,661.0,1044.0,-0.5006958089047302,0.05047702715116274
I76R,358.0,15.0,-5.736091340637327,0.2636147160541305
I76S,929.0,1474.0,-0.4941070562042391,0.04280285911731312
I76T,559.0,1304.0,0.061921599652840165,0.05131267553644623
I76V,328.0,648.0,-0.1778110590650055,0.06833097557924214
I76W,653.0,941.0,-0.632982367597485,0.051684685366464776
I76Y,572.0,788.0,-0.6979137678839828,0.055628133487339367
I76_,570.0,22.0,-5.854843516190264,0.2174062958911111
K125A,741.0,32.0,-5.692985767010006,0.18074013251287505
K125C,428.0,41.0,-4.543684192320634,0.1637007609761935
K125D,864.0,35.0,-5.785296380310025,0.17262071217300265
K125E,726.0,13.0,-6.9623838897860395,0.27985458889342846
K125F,695.0,22.0,-6.140890022584423,0.2166794187841597
K125G,693.0,21.0,-6.203815440236647,0.22162267915838496
K125H,464.0,31.0,-5.063437803557863,0.185688008856975
K125I,1278.0,154.0,-4.212890527484529,0.08574846924082775
K125L,858.0,240.0,-2.9979872824171885,0.073547462676644
K125M,378.0,46.0,-4.1984923759608845,0.1563876173044814
K125N,694.0,20.0,-6.276250715448155,0.2269210491411934
K125P,454.0,11.0,-6.52592503761281,0.30513335547329357
K125Q,700.0,143.0,-3.451346837635863,0.09218632028716106
K125R,715.0,840.0,-0.927644253610513,0.05163615475593659
K125S,559.0,93.0,-3.747503686880685,0.11232834673071834
K125T,533.0,206.0,-2.5315355677688585,0.0825076925168649
K125V,576.0,62.0,-4.375608400679618,0.13393939231324292
K125W,541.0,33.0,-5.194767554361387,0.1794978931332135
K125Y,849.0,21.0,-6.496720816466791,0.22102369493972843
K125_,433.0,19.0,-5.669657243098029,0.2345006541497329
K127A,751.0,1011.0,-0.7311940929311262,0.04896834400094796
K127C,648.0,341.0,-2.0862893673865983,0.06747518067552329
K127D,440.0,3.0,-8.351716351728445,0.578425308803068
K127E,529.0,176.0,-2.7477249333941343,0.08745894708704402
K127F,930.0,11.0,-7.560447192009947,0.3032804431894419
K127G,494.0,45.0,-4.616310113069015,0.15594481136179283
K127H,534.0,201.0,-2.5696868199671545,0.083215080373774
K127I,711.0,348.0,-2.1908284255767674,0.06600893309520911
K127L,492.0,247.0,-2.154205526040423,0.07847386016153461
K127M,267.0,142.0,-2.07098858706578,0.10423139799299422
K127N,466.0,147.0,-2.824533956462729,0.09500201929091054
K127P,798.0,34.0,-5.7124632510988755,0.17530967594769245
K127Q,379.0,583.0,-0.5388026214949653,0.0665652903416558
K127R,502.0,1032.0,-0.1204183946886328,0.05512008410495501
K127S,322.0,278.0,-1.3720560513552025,0.08233914715242106
K127T,620.0,600.0,-1.2073922761862779,0.057937593345454
K127V,792.0,358.0,-2.3056060974031904,0.0642890115709107
K127W,591.0,12.0,-6.780961822161401,0.29160455085662723
K127Y,799.0,76.0,-4.554039756860185,0.1203534838546815
K127_,348.0,11.0,-6.142329725255198,0.30623071467929835
K181A,603.0,1152.0,-0.22618792924788256,0.05102591432948227
K181C,575.0,1102.0,-0.22160897288149695,0.05218986101851657
K181D,706.0,1104.0,-0.5150946203292586,0.04898416122505209
K181E,555.0,1068.0,-0.21574785254138007,0.05305976611434492
K181F,919.0,1929.0,-0.09037917976410359,0.04103384814411864
K181G,1393.0,3143.0,0.013853910626020483,0.033365924259733004
K181H,667.0,1368.0,-0.1237888568072174,0.04803608360230396
K181I,875.0,1690.0,-0.21042696380516013,0.04256530486804375
K181L,660.0,1287.0,-0.1966238622048584,0.04867619459301732
K181M,910.0,1836.0,-0.1474677246197711,0.041482490133369035
K181N,636.0,1326.0,-0.1001170359033523,0.049027472600257506
K181P,792.0,103.0,-4.10282158498482,0.10510782226791711
K181Q,748.0,1581.0,-0.08037030662792866,0.04523976362568248
K181R,1161.0,2545.0,-0.027796410468909905,0.03648963428347924
K181S,696.0,1441.0,-0.1101869292115829,0.046989012523660126
K181T,2316.0,4574.0,-0.1782692997372517,0.02697502976536997
K181V,887.0,2017.0,0.025108625143515084,0.04123608844184868
K181W,976.0,1998.0,-0.1264913677660937,0.04002906798004355
K181Y,685.0,1496.0,-0.033164472434495273,0.04696302859136345
K181_,721.0,32.0,-5.653512024008859,0.1808436600024579
K182A,1565.0,3261.0,-0.10094034749737935,0.03198242696642077
K182C,908.0,1174.0,-0.789422731181161,0.04505928960388904
K182D,368.0,694.0,-0.24487585569017778,0.06508046952647263
K182E,749.0,1700.0,0.022399010457620605,0.04472780024982086
K182F,248.0,588.0,0.08535506081878808,0.07622332616162382
K182G,1225.0,2401.0,-0.18923945103832995,0.036194749365556216
K182H,567.0,1420.0,0.16436766806796754,0.05044904696907534
K182I,493.0,1024.0,-0.10554634795994922,0.055517186598332366
K182L,969.0,1988.0,-0.12334578230832616,0.040152774426585935
K182M,404.0,1075.0,0.251799835212557,0.05901405581989159
K182N,553.0,1398.0,0.1779098694911001,0.05099839852149686
K182P,1509.0,3025.0,-0.15674979185478044,0.03271868232676202
K182Q,1576.0,1822.0,-0.9508331486465442,0.035505024576069105
K182R,669.0,1420.0,-0.07428592828577951,0.04770969484696336
K182S,1046.0,2079.0,-0.1690872835025532,0.03891350143446101
K182T,806.0,1889.0,0.06867335881935244,0.04298029594984497
K182V,330.0,771.0,0.06415249313894833,0.06636610479969812
K182W,534.0,920.0,-0.37530455290636766,0.055107326526869296
K182Y,493.0,987.0,-0.15863954535653235,0.05584591305839616
K182_,667.0,56.0,-4.734039394498318,0.13939308150063037
K190A,983.0,1919.0,-0.19500310562562362,0.040194953631260265
K190C,792.0,1349.0,-0.3917768453883328,0.04561954944422149
K190D,1038.0,2395.0,0.046124000265059806,0.03818593024146554
K190E,246.0,633.0,0.2034239933143196,0.07564309557103337
K190F,743.0,1397.0,-0.249198522139773,0.04624867584340702
K190G,582.0,1024.0,-0.3449733795576435,0.05264964502604739
K190H,763.0,1415.0,-0.2690489585323199,0.04576632190553763
K190I,2080.0,2612.0,-0.8315173812127048,0.03067348150042211
K190L,868.0,1538.0,-0.33480602203384713,0.043353199568144034
K190M,951.0,1799.0,-0.24041654745647723,0.04104416590475946
K190N,760.0,1462.0,-0.21622446419941888,0.04557423210693436
K190P,1223.0,2388.0,-0.19471465918992248,0.03624447736641711
K190Q,893.0,1728.0,-0.2077240065990802,0.042139734992258156
K190R,781.0,1417.0,-0.30065032325292496,0.04542414864599319
K190S,572.0,1218.0,-0.06967363289231265,0.05144396104834775
K190T,525.0,1044.0,-0.1683686138132945,0.05422010215127609
K190V,1780.0,5178.0,0.3804250682017254,0.028847315367917556
K190W,770.0,465.0,-1.8877027774359378,0.059383705185894003
K190_,470.0,20.0,-5.713985716784304,0.2284291474866664
K198A,557.0,1107.0,-0.1691942161147093,0.0526866466294732
K198C,686.0,1262.0,-0.2806655068450219,0.04824251307674323
K198D,368.0,764.0,-0.10624078487654032,0.06405817260452769
K198E,742.0,1760.0,0.08598575377541273,0.044644349513445564
K198F,648.0,1391.0,-0.05804252741853411,0.048366690772896126
K198G,417.0,1043.0,0.16251176754976093,0.05860065040887702
K198H,1061.0,2232.0,-0.08718209988895875,0.03831153186563623
K198I,1067.0,2298.0,-0.053275958160686976,0.038073692713851096
K198L,1163.0,2337.0,-0.15328693135454596,0.03694568501330423
K198M,562.0,1154.0,-0.12209931747905856,0.05218352239064518
K198N,635.0,1387.0,-0.03296036428876725,0.04871347151491561
K198P,798.0,1843.0,0.04749783154840603,0.04327766634009874
K198Q,739.0,1548.0,-0.09333833746241371,0.045567542646628774
K198R,1146.0,2580.0,0.010669687439384568,0.03657098239538324
K198S,1595.0,3266.0,-0.12612359790173278,0.03178659995595511
K198T,786.0,2068.0,0.2355362525014142,0.042814176650326254
K198V,747.0,1585.0,-0.07479485570931832,0.04524190129404223
K198W,1023.0,1822.0,-0.32737670733008084,0.040044981970255106
K198Y,559.0,909.0,-0.45866526280871245,0.05446304522010369
K198_,775.0,27.0,-6.002736717764837,0.19593590596862895
K202A,1159.0,2210.0,-0.22892745345162435,0.0373167601383063
K202C,1030.0,1917.0,-0.26388781834400543,0.039620180085526945
K202D,432.0,746.0,-0.37195707533195055,0.06109398054689561
K202E,488.0,1127.0,0.04743036359300845,0.0548970903796742
K202F,1410.0,8814.0,1.4840058019313624,0.029998653084149805
K202G,925.0,1642.0,-0.33216529110306503,0.042039596868214894
K202H,599.0,1343.0,0.004730717033802456,0.049912582854108864
K202I,660.0,1222.0,-0.27139103434819933,0.049098890917018946
K202L,432.0,848.0,-0.18707076715708038,0.05975986304385941
K202M,568.0,1111.0,-0.19220376899479863,0.052324591867498355
K202N,747.0,1411.0,-0.2425585856950434,0.046093719591443136
K202P,509.0,889.0,-0.35558168951976565,0.05627338008610954
K202Q,1018.0,2255.0,-0.012705239011499003,0.03876872782115303
K202R,867.0,2008.0,0.051558578424361734,0.04157695688646345
K202S,524.0,1135.0,-0.04504857756874081,0.053541186532389026
K202T,853.0,1423.0,-0.4217760965501487,0.04418487943856837
K202V,894.0,1665.0,-0.2629193688914979,0.042383974989589644
K202W,785.0,1818.0,0.05148986080816442,0.043602405028299894
K202Y,396.0,812.0,-0.12412670409419047,0.06191889297061229
K202_,499.0,18.0,-5.95228597767798,0.24001234337693853
K232A,351.0,838.0,0.09536799034832555,0.06418312463051322
K232C,909.0,646.0,-1.6528270051154337,0.05220450348562621
K232D,660.0,18.0,-6.355705134002136,0.23899181089650764
K232E,961.0,156.0,-3.783000273819132,0.08676212331825271
K232F,21.0,2.0,-4.545896092531816,0.738367164158534
K232G,542.0,41.0,-4.884359157583211,0.1621928776012708
K232H,830.0,1300.0,-0.5127652395079432,0.045291039236899984
K232I,493.0,383.0,-1.5243221869988721,0.06867680053866587
K232L,1049.0,292.0,-3.005026087201893,0.06674630054268967
K232M,836.0,512.0,-1.8674355487707341,0.056802230731903054
K232N,1106.0,48.0,-5.685973020588524,0.14768342337002152
K232P,1042.0,39.0,-5.899468651441783,0.1633137624768488
K232Q,736.0,604.0,-1.4452402699895037,0.05560150665213722
K232R,789.0,1911.0,0.11613250033877165,0.04321970824038261
K232S,779.0,1055.0,-0.7225444164498933,0.04804984396145221
K232T,661.0,327.0,-2.1754246803885566,0.06817694256159829
K232V,922.0,989.0,-1.0588846267365133,0.046614886881150834
K232W,1092.0,67.0,-5.186553187381918,0.1261591730736146
K232Y,1133.0,24.0,-6.720468717753573,0.20641987828479694
K232_,1050.0,40.0,-5.873985965907648,0.16131761238604883
K238A,965.0,2396.0,0.15193079471764293,0.039126306263415976
K238C,859.0,1481.0,-0.3742527865178378,0.043778925415411805
K238D,1772.0,1125.0,-1.815536257186289,0.03912110057814297
K238E,897.0,1753.0,-0.19344908482467282,0.041982267650475504
K238F,803.0,3203.0,0.8358511062094935,0.04043228235892062
K238G,571.0,1157.0,-0.1412739199641564,0.05189246767356919
K238H,1183.0,2133.0,-0.30965887653574686,0.0373010867074422
K238I,1043.0,1688.0,-0.4655168762049344,0.04035375759697072
K238L,452.0,748.0,-0.433384470006124,0.06022017585151396
K238M,878.0,1868.0,-0.07089443519002359,0.04185112726898099
K238N,1018.0,465.0,-2.2905054235391775,0.05665729106353605
K238P,1253.0,1458.0,-0.9414846509197963,0.039511937453938904
K238Q,606.0,1078.0,-0.32913028140177136,0.05152690159319887
K238R,759.0,1637.0,-0.051215000678113576,0.0447841951741773
K238S,787.0,1907.0,0.11677119954786264,0.04326963838649063
K238T,1008.0,1860.0,-0.2762869105179284,0.04008657867697116
K238V,588.0,1183.0,-0.15153766378277744,0.051217197925420656
K238W,779.0,1090.0,-0.6754597194762475,0.047732085294050784
K238Y,643.0,891.0,-0.6894868878334544,0.05248577186301248
K238_,1447.0,78.0,-5.373359345874573,0.11656413781638908
K261A,898.0,2028.0,0.015174013530946162,0.04103554779302495
K261C,782.0,1454.0,-0.26530910687805687,0.04520793986602706
K261D,803.0,1161.0,-0.6281967976315483,0.0467320248842781
K261E,1091.0,1103.0,-1.1443057916337338,0.043594043156063966
K261F,854.0,1627.0,-0.23018908708871777,0.04316039237547448
K261G,1935.0,8517.0,0.9779186845065064,0.026673093428009786
K261H,1275.0,2139.0,-0.4136526721281397,0.03645630523621549
K261I,1114.0,1732.0,-0.5234022605527322,0.03939886424680032
K261L,721.0,1396.0,-0.2068692351153807,0.04669602964085552
K261M,989.0,2065.0,-0.09799558242844597,0.03965627188739131
K261N,1429.0,2355.0,-0.4393701633539937,0.0346649741760777
K261P,1407.0,2324.0,-0.43610364273272983,0.03490367275463349
K261Q,1239.0,2963.0,0.09778832682888483,0.03495481729106695
K261R,571.0,1543.0,0.27407215818379527,0.04976560434825545
K261S,3459.0,9947.0,0.36381640543283167,0.021607438649086277
K261T,890.0,1755.0,-0.18050153720396267,0.042078840595207403
K261V,54.0,132.0,0.1292614300825896,0.16176378493978089
K261W,1358.0,2092.0,-0.5366916924398719,0.03593924611835332
K261Y,2537.0,1664.0,-1.7685524395512902,0.03274708129160262
K261_,2799.0,50.0,-6.966643562991675,0.1429353651088833
K264A,942.0,1887.0,-0.1577995487802646,0.04085030447562189
K264C,1749.0,2888.0,-0.43655013726099945,0.03154773890821193
K264D,892.0,2065.0,0.05092964212799078,0.04101915946224418
K264E,1325.0,1872.0,-0.6615024433318943,0.036961399966533214
K264F,715.0,1295.0,-0.303159423082219,0.04741334484062708
K264G,1347.0,3101.0,0.04289028006819784,0.03379510597995192
K264H,737.0,273.0,-2.5928177353137736,0.07139293947238577
K264I,1321.0,670.0,-2.139474191531163,0.048236502767803176
K264L,617.0,850.0,-0.6979013946051476,0.05361366098706086
K264M,939.0,1683.0,-0.318256015306571,0.0416698157056782
K264N,1060.0,2341.0,-0.01703411492600626,0.038049993435579264
K264P,1224.0,603.0,-2.1814488494137962,0.05052309078101608
K264Q,1034.0,1647.0,-0.4884881606159279,0.040638874394990664
K264R,1114.0,2481.0,-0.004921970048775037,0.037120995248596175
K264S,1090.0,1978.0,-0.3003789879289478,0.03873280282377145
K264T,1221.0,2403.0,-0.18331970081886073,0.03622688897595647
K264V,518.0,386.0,-1.5844290634078915,0.06781091169915307
K264W,998.0,35.0,-5.993302641510888,0.172170003855107
K264Y,652.0,990.0,-0.557538330753089,0.051196271708111536
K264_,1217.0,39.0,-6.12344055097253,0.162890721839183
K31A,460.0,1194.0,0.2159904535103987,0.055575429200761535
K31C,958.0,1084.0,-0.9818218918551453,0.045205970587687036
K31D,377.0,820.0,-0.039048624331678994,0.06284262472243188
K31E,342.0,597.0,-0.3563707485639114,0.06838240676381889
K31F,884.0,1915.0,-0.04487000596825386,0.04160105803070937
K31G,1019.0,2500.0,0.13467831923465923,0.0381915129326326
K31H,634.0,1017.0,-0.4783309728602294,0.05135937412672985
K31I,414.0,867.0,-0.09370431861538364,0.06038243494681966
K31L,478.0,1121.0,0.06959910585556806,0.05532908608956941
K31M,794.0,2022.0,0.1884737128467151,0.042792943337683645
K31N,668.0,1170.0,-0.3515080814363296,0.04928413283574547
K31P,2507.0,1103.0,-2.344609217257713,0.037185215503245855
K31Q,598.0,1604.0,0.26335428441577413,0.0487124108482106
K31R,526.0,1063.0,-0.14509430034490922,0.05402849327917261
K31S,452.0,932.0,-0.11609659299993158,0.05798740309457389
K31T,517.0,1288.0,0.15679236691031306,0.05279998744433439
K31V,233.0,457.0,-0.18825347507343793,0.08097558799259996
K31W,529.0,1323.0,0.1623697299499547,0.05218643733327353
K31Y,794.0,1278.0,-0.4734172944325481,0.046034173116459416
K31_,531.0,28.0,-5.404812478684374,0.19406696651880376
K377A,984.0,2252.0,0.03438101451208464,0.03921155720307641
K377C,1334.0,2676.0,-0.15577331111868986,0.034649081820420015
K377D,914.0,1518.0,-0.42818789711499505,0.042779501444280964
K377E,883.0,1817.0,-0.11902265895985042,0.04195346625769614
K377F,772.0,1898.0,0.13770881618973174,0.04358252223582623
K377G,1024.0,2682.0,0.22899747528292336,0.03777110366862668
K377H,1095.0,2517.0,0.04067956619024127,0.03725290704596596
K377I,1037.0,2241.0,-0.04836805675798406,0.03857184008567955
K377L,774.0,1676.0,-0.045480690893201725,0.04433820863319977
K377M,1036.0,2478.0,0.09805674385788965,0.03802683121664809
K377N,1121.0,2193.0,-0.19197409420527567,0.03775308724911211
K377P,2555.0,2992.0,-0.9323012776862707,0.02833478435000528
K377Q,1096.0,3697.0,0.5940106473077171,0.035498421239018946
K377R,1251.0,2620.0,-0.09360834060795842,0.03547225219872541
K377S,974.0,2082.0,-0.0641188284543075,0.03980247750734429
K377T,740.0,1508.0,-0.13305801312102616,0.04573518653987536
K377V,959.0,2182.0,0.0259526123884406,0.03972761832451778
K377W,1242.0,2516.0,-0.1416264701635841,0.03577498872339517
K377_,1385.0,494.0,-2.6473715788651906,0.053136763078236705
K382A,1567.0,3540.0,0.0156517121605515,0.03158942418070211
K382C,1529.0,3364.0,-0.02250318503552373,0.03207071651595416
K382D,1056.0,1980.0,-0.253203116929158,0.03910571960078579
K382E,1466.0,3407.0,0.056523900424509055,0.032448184882428704
K382F,912.0,2077.0,0.02729927673983834,0.04068401600577938
K382G,1016.0,2595.0,0.19273815925867144,0.03803742725873758
K382H,796.0,1987.0,0.15965333612389632,0.04285770615491638
K382I,366.0,819.0,0.0019106641769859323,0.06348543708770472
K382L,1026.0,2163.0,-0.08409179410485468,0.038912937499207316
K382M,884.0,1938.0,-0.027645916773736623,0.04152650664525999
K382N,1051.0,2408.0,0.035977650191613364,0.03799993450065659
K382P,1162.0,2440.0,-0.08982276088605001,0.03671049985368797
K382Q,1866.0,3809.0,-0.13062797919977198,0.029592006349408725
K382R,1400.0,3389.0,0.11533942467324731,0.032963626256413595
K382S,996.0,2659.0,0.25656973362973945,0.03817504976696117
K382T,2008.0,4572.0,0.02697476800515286,0.028177584902658395
K382V,1042.0,2340.0,0.007058235129394852,0.03826592362643531
K382W,1547.0,3846.0,0.1537926542757826,0.03136345929058874
K382Y,1192.0,2710.0,0.02481449923394141,0.035849268983378056
K382_,1060.0,2164.0,-0.13045804614543588,0.03850637637638384
K384A,816.0,1822.0,-0.001215197012307101,0.043029852518367905
K384C,819.0,1690.0,-0.11500852609389245,0.04347352538581408
K384D,538.0,1280.0,0.09036285066028249,0.05212671128423375
K384E,902.0,2117.0,0.0707254141941771,0.04072159262683156
K384F,1203.0,2428.0,-0.14696160849087603,0.03633671456541587
K384G,2494.0,4883.0,-0.1907838543586977,0.026134288589508895
K384H,185.0,379.0,-0.12545467546101996,0.09011556286262248
K384I,1291.0,2437.0,-0.24347534164685758,0.035527100348120684
K384L,1304.0,2552.0,-0.19140828789110298,0.035156249810736916
K384M,871.0,1821.0,-0.09610967970653572,0.042124658690124
K384N,958.0,3866.0,0.852645411815208,0.03714490112895259
K384P,793.0,1689.0,-0.06932043101522734,0.043935516085816716
K384Q,879.0,1969.0,0.0034316179267337432,0.041506162721494884
K384R,893.0,1982.0,-0.009871331513821247,0.04125039675788213
K384S,1069.0,2449.0,0.035835979068476576,0.037696443191615185
K384T,2245.0,6103.0,0.2827117460722839,0.026201803561556165
K384V,1338.0,2979.0,-0.005343268987955341,0.03406331134273239
K384W,1455.0,2645.0,-0.2978432288144317,0.033802359765474035
K384Y,1123.0,2255.0,-0.15432428028649436,0.03756553814267954
K384_,1377.0,2936.0,-0.0677694915764957,0.03382392725933602
K3A,1556.0,46.0,-6.239847402484605,0.1498476679072657
K3C,691.0,202.0,-2.9343672141095674,0.08046524510143224
K3D,169.0,326.0,-0.21227972936336048,0.09519164274624227
K3E,775.0,1317.0,-0.3951078678798954,0.046117786487640006
K3F,563.0,1120.0,-0.16780817593111053,0.052404820185336744
K3G,1417.0,235.0,-3.7521432247167072,0.07097956059747679
K3H,166.0,481.0,0.3747094020113666,0.090443026204828
K3I,483.0,883.0,-0.28971061890867755,0.057272062454311656
K3L,892.0,27.0,-6.2055816758443205,0.19550354723486882
K3M,630.0,328.0,-2.1017222666120112,0.06865284083055642
K3N,555.0,1061.0,-0.22523475419279748,0.05311794560065254
K3P,428.0,35.0,-4.771892874219346,0.17600258597235724
K3Q,1600.0,943.0,-1.9228232840412613,0.04198426916317011
K3R,983.0,2173.0,-0.01567052140203451,0.03942998141342019
K3S,1732.0,3263.0,-0.24633118792716946,0.031001257980882543
K3T,660.0,611.0,-1.2713792284780512,0.05682439269609638
K3V,705.0,32.0,-5.621136476167311,0.18093066529569568
K3W,318.0,450.0,-0.6592024086267001,0.07378330885046834
K3Y,598.0,1555.0,0.21859500640052687,0.04891363963194693
K3_,631.0,18.0,-6.290880119337335,0.2391374459505375
K64A,344.0,762.0,-0.01272790956468306,0.06554738438055843
K64C,670.0,1097.0,-0.4487651933641139,0.0498129739862049
K64D,1062.0,1219.0,-0.9611747268352273,0.04288586196011649
K64E,658.0,993.0,-0.5663885999566975,0.05102961462070801
K64F,422.0,851.0,-0.14818843790154723,0.06018251440081715
K64G,421.0,860.0,-0.12958840297220942,0.06012708451075082
K64H,326.0,883.0,0.2774262210789864,0.0653997645123479
K64I,1051.0,2241.0,-0.06771464658921911,0.038404970060000904
K64L,1033.0,1971.0,-0.22800646127079371,0.03940364905863194
K64M,719.0,1831.0,0.18846859241260905,0.04487980085152847
K64N,270.0,609.0,0.013365741036868606,0.07363982834470348
K64P,980.0,1104.0,-0.9882024727342795,0.04475975055266209
K64Q,801.0,1875.0,0.06691879411561619,0.043116156779427074
K64R,424.0,777.0,-0.28625246123411774,0.06101367295710787
K64S,1323.0,3223.0,0.12449736130198108,0.03381375133539675
K64T,495.0,1198.0,0.11502303820344384,0.05414912191187419
K64V,418.0,900.0,-0.053683761868284385,0.05983840449976612
K64W,721.0,1145.0,-0.4928183128937409,0.04834818254228403
K64Y,840.0,1573.0,-0.25503790254100966,0.04362836814440713
K64_,716.0,32.0,-5.643472491762471,0.1808704359097016
K67A,875.0,1530.0,-0.3539176646779456,0.04328606245483525
K67C,893.0,1577.0,-0.33964376455496126,0.04279215230016885
K67D,601.0,467.0,-1.5240228902520068,0.06230887752785761
K67E,1696.0,1674.0,-1.17892386725788,0.03555609347554598
K67F,374.0,604.0,-0.46859174633651435,0.06638204314092937
K67G,808.0,1643.0,-0.13619112903386021,0.043857679936081674
K67H,201.0,315.0,-0.5119569848010155,0.09070076014124803
K67I,490.0,16.0,-6.0958533157542405,0.2541239563648703
K67L,613.0,160.0,-3.0978358750192534,0.08920847930390896
K67M,322.0,505.0,-0.5108808730754895,0.07185333011489829
K67N,749.0,1070.0,-0.6455199426271729,0.04844496863663107
K67P,297.0,702.0,0.08089273875828162,0.06977549539848822
K67Q,1077.0,1187.0,-1.0197868932977379,0.04299067332709081
K67R,554.0,936.0,-0.40347541136896403,0.054319746371692644
K67S,231.0,354.0,-0.5442525278281574,0.08503437256210937
K67T,490.0,568.0,-0.9469821996540961,0.062278051388225786
K67V,622.0,202.0,-2.7825983999052886,0.08145667439782438
K67W,564.0,144.0,-3.1296390837896597,0.09377755091383
K67Y,95.0,157.0,-0.4353821626431671,0.13027462368385004
K67_,1340.0,19.0,-7.299428761849734,0.2311436877729982
K68A,4363.0,2263.0,-2.107168157672162,0.02735575862736864
K68C,576.0,741.0,-0.7966881833083326,0.05623912379992842
K68D,557.0,1002.0,-0.31296556403546294,0.05357744449391245
K68E,413.0,414.0,-1.15659843533279,0.07009920182152157
K68F,539.0,708.0,-0.7666296386959788,0.05783520727196407
K68G,268.0,542.0,-0.14405469929767367,0.07518934160561075
K68H,157.0,277.0,-0.3410057264443003,0.10028084404435167
K68I,867.0,1617.0,-0.2608792747514519,0.04300073512456673
K68L,1086.0,2385.0,-0.025129409349615273,0.03764752195856299
K68M,615.0,994.0,-0.4674368400056377,0.05205059595503333
K68N,890.0,1533.0,-0.37561368030239084,0.04304814709628431
K68P,598.0,896.0,-0.5767421128943138,0.053530556072768055
K68Q,783.0,1792.0,0.03438871335361515,0.04373104297240591
K68R,709.0,992.0,-0.6755386488314112,0.04995718485299088
K68S,679.0,1182.0,-0.36034982280791183,0.04894892759974061
K68T,1034.0,4013.0,0.7963472759807719,0.03596591119492981
K68V,504.0,729.0,-0.6276010909086107,0.05859231634727707
K68W,541.0,576.0,-1.0696487397953982,0.06051218275438201
K68Y,393.0,547.0,-0.6830861513944484,0.06670707071331829
K68_,885.0,44.0,-5.489877816935016,0.15469094339546374
L115A,237.0,305.0,-0.7961787247086418,0.08703482583339142
L115C,656.0,981.0,-0.5795373012748612,0.05119544148744041
L115D,151.0,40.0,-3.076298892346313,0.17802549871252119
L115E,388.0,262.0,-1.7265592964247105,0.08044345843364356
L115F,348.0,535.0,-0.539650241745905,0.06942516266001747
L115G,247.0,236.0,-1.2258087969336264,0.09144821655500593
L115H,480.0,873.0,-0.2971536192286379,0.05749783304094812
L115I,481.0,766.0,-0.48879099821491767,0.05883598784027867
L115K,243.0,420.0,-0.3706793424490673,0.08107528173341445
L115M,277.0,408.0,-0.6014208832895083,0.07834632678925145
L115N,290.0,198.0,-1.7106166926741935,0.09260483556020536
L115P,692.0,19.0,-6.346049785844192,0.23265039680271474
L115Q,436.0,646.0,-0.5928920635093204,0.06259982151192757
L115R,224.0,283.0,-0.822797443131746,0.08985977461734566
L115S,240.0,277.0,-0.9532437957247328,0.0886212145232554
L115T,200.0,303.0,-0.560794063376175,0.09152715306928072
L115V,655.0,943.0,-0.6343311995858727,0.05161760370584697
L115W,238.0,197.0,-1.4328406656623596,0.09671937361772175
L115Y,437.0,497.0,-0.9744787504375774,0.06616311456430998
L115_,675.0,27.0,-5.803430667343194,0.19642309652926224
L142A,195.0,365.0,-0.25569945413393924,0.08913384176020107
L142C,427.0,799.0,-0.25614363395835227,0.06058599626451957
L142D,680.0,13.0,-6.867950432179872,0.28002100999396373
L142E,656.0,26.0,-5.816666839622344,0.2001208806640961
L142F,476.0,793.0,-0.42374016028167905,0.05864352453140128
L142G,865.0,810.0,-1.2548644293088334,0.04967753295856981
L142H,744.0,17.0,-6.61095430318913,0.24537779902747087
L142I,437.0,799.0,-0.2895400707037483,0.06014211976154704
L142K,517.0,18.0,-6.003409436077725,0.23986695412615414
L142M,796.0,1364.0,-0.38309157584854425,0.045460386068508433
L142N,384.0,30.0,-4.83771599362946,0.18974607610682664
L142P,519.0,16.0,-6.1788044599785605,0.25389949915249105
L142Q,188.0,1.0,-8.700397632795323,0.9977450198023584
L142R,502.0,41.0,-4.773755791094774,0.16264543438439852
L142S,906.0,384.0,-2.398470430367051,0.061523069250978585
L142T,1226.0,3694.0,0.43112968830945286,0.03411174547370413
L142V,512.0,1216.0,0.08782386326318381,0.05341064625742615
L142W,540.0,104.0,-3.5363512182667227,0.10744080383471753
L142Y,731.0,15.0,-6.765982596919452,0.2608974334794583
L142_,764.0,30.0,-5.830163634569245,0.18630179263207286
L14A,730.0,1255.0,-0.37837660924513017,0.0473698139146799
L14C,486.0,973.0,-0.15861870342914575,0.05623662614472188
L14D,703.0,1137.0,-0.4664595104949081,0.04877707694009777
L14E,766.0,1686.0,-0.02190937515183755,0.04445031945946667
L14F,760.0,908.0,-0.9033975521579176,0.04994327021221579
L14G,575.0,886.0,-0.5363514012969306,0.0542678933071694
L14H,621.0,1279.0,-0.11774819817038651,0.049692890488549864
L14I,342.0,418.0,-0.8705883894689368,0.07343995507762285
L14K,49.0,139.0,0.34395328132760383,0.16635797208276035
L14M,336.0,641.0,-0.22824464314383164,0.0679219300985431
L14N,590.0,1302.0,-0.018158119807842432,0.050400182590905944
L14P,352.0,42.0,-4.226899060035601,0.16346844720593362
L14Q,1027.0,1913.0,-0.2626931510927557,0.03966970375136846
L14R,482.0,17.0,-5.984695368500894,0.24686198989258654
L14S,520.0,940.0,-0.30595059963183946,0.05535437682071163
L14T,566.0,793.0,-0.673575820491144,0.05572270637074176
L14V,146.0,227.0,-0.5233986665239447,0.10644804778759932
L14W,309.0,193.0,-1.8390652669765197,0.09216544117749345
L14Y,298.0,20.0,-5.056655007141834,0.2311013916220143
L14_,348.0,17.0,-5.514761053156182,0.24847470081800657
L165A,544.0,1211.0,-0.005581635274728214,0.052356538636962394
L165C,1287.0,2073.0,-0.4723835244188046,0.03656000139517101
L165D,393.0,569.0,-0.6261993516213291,0.06617515770245945
L165E,882.0,1001.0,-0.9774978682872488,0.047010782105984486
L165F,405.0,676.0,-0.4210002787027367,0.06344754934177226
L165G,659.0,1127.0,-0.3859592827517373,0.049819472613240635
L165H,786.0,1076.0,-0.7070154236374853,0.04773736962695423
L165I,411.0,885.0,-0.05356707584433451,0.06033415436881481
L165K,610.0,147.0,-3.2130059360143424,0.09229747753684896
L165M,1029.0,1819.0,-0.33819086534016396,0.039985073025652136
L165N,576.0,988.0,-0.3816555513641884,0.05315510414975521
L165P,482.0,14.0,-6.264621553733461,0.2711632014367649
L165Q,656.0,940.0,-0.6411290394876641,0.05162784227788588
L165R,917.0,43.0,-5.574280767147392,0.1562630991393099
L165S,1142.0,3565.0,0.48224350275435457,0.03511982087850535
L165T,428.0,961.0,0.006819602257905899,0.058772566129568896
L165V,714.0,1824.0,0.1930101169171463,0.04501146341375113
L165W,1135.0,1388.0,-0.869774383532194,0.040972600995318714
L165Y,792.0,1028.0,-0.7838235897247126,0.04808962596615852
L165_,458.0,15.0,-6.09147055283652,0.26245544173387
L168A,476.0,1224.0,0.2024642206220708,0.05472688199356472
L168C,726.0,1230.0,-0.3994786173222131,0.047619761002668015
L168D,435.0,466.0,-1.0607749893526668,0.06724524554469449
L168E,484.0,770.0,-0.4902470099933103,0.05866861230115752
L168F,464.0,1054.0,0.023573414985257557,0.05640152649252091
L168G,373.0,979.0,0.23202195101785872,0.06147830447760508
L168H,580.0,1144.0,-0.18013735319672275,0.05172499453761837
L168I,509.0,1310.0,0.20372458277308514,0.05296413426261409
L168K,479.0,1092.0,0.028771050998538605,0.05550342548382117
L168M,521.0,1408.0,0.2741872750803891,0.05202710646405992
L168N,871.0,2012.0,0.04778895103579295,0.04150128297348957
L168P,762.0,1761.0,0.048433928871472354,0.04424277685602035
L168Q,871.0,2167.0,0.15485728644216312,0.04107074875246746
L168R,487.0,13.0,-6.3863458660009735,0.2810596829072311
L168S,536.0,1016.0,-0.23750455674002158,0.05410293649948271
L168T,973.0,1689.0,-0.36443600454236424,0.04119526786279939
L168V,515.0,1034.0,-0.15450954952152163,0.0546449185805757
L168W,904.0,1665.0,-0.27896713161287146,0.04223775643661539
L168Y,635.0,1244.0,-0.18994047081426935,0.049556826277191816
L168_,630.0,23.0,-5.935129176715151,0.21242384637171854
L176A,703.0,1534.0,-0.03439656567815508,0.046385231777876144
L176C,672.0,1425.0,-0.07566990025325637,0.04761377087787889
L176D,456.0,1024.0,0.007005099845287965,0.05698013645541649
L176E,367.0,949.0,0.21051657937005608,0.06209428069540285
L176F,755.0,1317.0,-0.3573886950479954,0.04648688059424511
L176G,632.0,1062.0,-0.4113092770481206,0.05100110573611891
L176H,88.0,249.0,0.34037698148548046,0.12432013829418141
L176I,314.0,492.0,-0.5122102027884772,0.07276221266111228
L176K,349.0,719.0,-0.11734387502255661,0.06582778498751413
L176M,758.0,1838.0,0.11776849253406052,0.04405177762490748
L176N,1159.0,2184.0,-0.24600088909625484,0.03738886610040013
L176P,459.0,303.0,-1.7592475149886466,0.07453906029626353
L176Q,211.0,528.0,0.16316654457217616,0.08191620130743166
L176R,194.0,421.0,-0.042363852081832576,0.0872173297037704
L176S,934.0,2140.0,0.03602029975998544,0.04018940788527436
L176T,739.0,1193.0,-0.4691469926664018,0.04763009789059886
L176V,451.0,901.0,-0.1617036408637098,0.05834689327012157
L176W,755.0,1395.0,-0.2743795310877637,0.046027982027749166
L176Y,618.0,1277.0,-0.11301960214106099,0.0497837788875938
L176_,615.0,35.0,-5.294858238875753,0.17397271648386411
L17A,458.0,1114.0,0.12222384318327162,0.05619844369606818
L17C,875.0,1779.0,-0.13638412677786427,0.042216147274156166
L17D,335.0,2.0,-8.540952185859481,0.7075130189299834
L17E,1801.0,5399.0,0.42380136015521463,0.028595659909469367
L17F,578.0,1035.0,-0.3196089880424049,0.052663998477805674
L17G,122.0,400.0,0.5529493332536504,0.1037941984282115
L17H,401.0,45.0,-4.315408080865642,0.15744280570524133
L17I,402.0,523.0,-0.7804801947321591,0.06690858138681874
L17K,429.0,120.0,-2.9979439882141525,0.10363800251335467
L17M,1126.0,2456.0,-0.034990542104306854,0.03704733010083092
L17N,472.0,886.0,-0.2515817799457887,0.05765850532798363
L17P,1030.0,28.0,-6.360659887488472,0.19170197742382783
L17Q,714.0,409.0,-1.9638955005102812,0.06263159927064704
L17R,862.0,30.0,-6.004276718807556,0.1859020007847488
L17S,625.0,601.0,-1.2165776141024924,0.05780215262360798
L17T,235.0,462.0,-0.18488540533137954,0.0806029901163981
L17V,1072.0,2313.0,-0.05063419745347453,0.037979110381650416
L17W,428.0,1293.0,0.4349296866282506,0.05645380283677791
L17Y,478.0,592.0,-0.8515065913355722,0.06211614702396889
L17_,1752.0,51.0,-6.262174435553889,0.1423095950221366
L191A,467.0,913.0,-0.19291011764820087,0.057565689853962064
L191C,548.0,1155.0,-0.08445611919436047,0.05261013410621495
L191D,738.0,1637.0,-0.010736472189306845,0.04520081447223863
L191E,650.0,1578.0,0.11948519244751044,0.047427798150525315
L191F,1079.0,2500.0,0.052138293186652085,0.03747028811961194
L191G,896.0,2108.0,0.07420763501274763,0.04083734376196462
L191H,709.0,1742.0,0.13678768796479002,0.04540611722726905
L191I,422.0,912.0,-0.0483148793235193,0.05952596006303029
L191K,239.0,494.0,-0.11261807192273654,0.07928066915503162
L191M,712.0,2351.0,0.5632239297239181,0.04367003988075188
L191N,355.0,840.0,0.08245950235056032,0.06391034893750124
L191P,542.0,1199.0,-0.014635020285910905,0.052500042214500754
L191Q,860.0,1948.0,0.019488406042012407,0.04187326337906069
L191R,701.0,1821.0,0.2171445780679404,0.045309023375095785
L191S,736.0,1621.0,-0.02099161927515425,0.04530811355677987
L191T,977.0,2991.0,0.45410016305281786,0.03788290938371487
L191V,636.0,1529.0,0.10538915084831313,0.047995509199061204
L191W,611.0,950.0,-0.5233406292913623,0.05259756216169683
L191Y,903.0,1599.0,-0.3357222451841828,0.04254460045947485
L191_,388.0,16.0,-5.75913595886602,0.2551773181222127
L195A,1414.0,9349.0,1.5649339408829617,0.029856664178234075
L195C,1043.0,1108.0,-1.0728694249545763,0.044028753451321095
L195D,581.0,1091.0,-0.2510579116029019,0.05210538625324381
L195E,309.0,921.0,0.4154759571010649,0.06632612146023736
L195F,675.0,1332.0,-0.17946320400298088,0.04805677132426265
L195G,820.0,1684.0,-0.12190004016417788,0.04348064680560946
L195H,428.0,869.0,-0.1383590623701174,0.05970240677957099
L195I,722.0,1423.0,-0.1812322608163397,0.046529632923982364
L195K,832.0,1795.0,-0.050768229172905244,0.04285157188488255
L195M,533.0,1276.0,0.09931779311590017,0.05231709995521886
L195N,855.0,1883.0,-0.02105987406090648,0.04216503540754874
L195P,1062.0,2506.0,0.07850748379686578,0.0376550135717986
L195Q,517.0,1158.0,0.0032962842325652275,0.05361900397804216
L195R,721.0,1430.0,-0.17215327537272884,0.04651330719697731
L195S,1035.0,2206.0,-0.06829271299428186,0.03868759443902216
L195T,1379.0,2897.0,-0.08915559118273819,0.03387609787249541
L195V,557.0,1272.0,0.031247541868992812,0.05156264023527998
L195W,862.0,1608.0,-0.2605874694960031,0.04311861142117382
L195Y,564.0,1118.0,-0.17294689187452583,0.052390010621893246
L195_,997.0,45.0,-5.62937784211399,0.1526352928923442
L196A,659.0,1274.0,-0.20908299771664307,0.048781138502040806
L196C,520.0,968.0,-0.2636047528627845,0.05507572734388296
L196D,799.0,1600.0,-0.15829187952046375,0.044201736471065595
L196E,380.0,903.0,0.08861724355358547,0.061775122559078806
L196F,598.0,1293.0,-0.04759541886784291,0.050227987063968756
L196G,568.0,1417.0,0.1587743683368119,0.05043304797821991
L196H,879.0,1802.0,-0.12443180313247293,0.042069323551697985
L196I,531.0,1344.0,0.17964560009277264,0.052004753732890464
L196K,680.0,1528.0,0.007938780603382156,0.04692825598426525
L196M,1053.0,2399.0,0.027832697209996482,0.03799665553679628
L196N,404.0,956.0,0.08254736923330164,0.05998707396140555
L196P,744.0,1690.0,0.023550528723546016,0.04486679231685107
L196Q,322.0,890.0,0.3066287171689037,0.06562259611563165
L196R,776.0,1765.0,0.02544187150899191,0.04395976384352835
L196S,407.0,1076.0,0.24246800251971123,0.05885193373287846
L196T,1479.0,1764.0,-0.9058604045564982,0.03633547553672273
L196V,474.0,1064.0,0.006434972382251658,0.055917345666402454
L196W,1429.0,3043.0,-0.06960427439919403,0.033251402632360136
L196Y,597.0,1612.0,0.27294635437511516,0.04870940347379957
L196_,843.0,77.0,-4.612519380176601,0.11936834065841267
L210A,717.0,68.0,-4.558261780181818,0.12718352625509485
L210C,759.0,95.0,-4.158054957193128,0.10917857936757148
L210D,970.0,39.0,-5.796171053930435,0.1635317049783538
L210E,855.0,88.0,-4.440289268397128,0.11229056404574876
L210F,438.0,737.0,-0.4093669503055404,0.060968313187125256
L210G,861.0,37.0,-5.700130289851705,0.1681023489336739
L210H,882.0,23.0,-6.420549461139757,0.21135370379628884
L210I,892.0,1211.0,-0.7190083476795754,0.04498965769596889
L210K,472.0,19.0,-5.7940743247748285,0.23409344393197581
L210M,1418.0,2825.0,-0.16569906932939027,0.03371117491250885
L210N,812.0,18.0,-6.6547147451622255,0.23839771191042686
L210P,340.0,11.0,-6.108778140968849,0.30634108430608536
L210Q,484.0,15.0,-6.171128309907179,0.26223190780068273
L210R,175.0,5.0,-6.2865702828108345,0.45320194861361573
L210S,767.0,204.0,-3.0706928534179854,0.07926369340449531
L210T,653.0,124.0,-3.556735959684019,0.09834879031167498
L210V,861.0,299.0,-2.6859235963156802,0.0676981910521062
L210W,520.0,14.0,-6.374097843278692,0.27088351001996724
L210Y,743.0,24.0,-6.111761656150648,0.20753900431988842
L210_,590.0,25.0,-5.720249781131754,0.20434319549826338
L212A,829.0,1621.0,-0.1926557557425328,0.04359364665910507
L212C,602.0,1313.0,-0.035068790004816996,0.04999959419015641
L212D,457.0,19.0,-5.747482633695829,0.2342419203232337
L212E,547.0,28.0,-5.44764065597021,0.19392499563419222
L212F,573.0,1243.0,-0.042881655935982366,0.051253464468852636
L212G,906.0,2213.0,0.12832375418619613,0.04040869261664958
L212H,2405.0,427.0,-3.6537884684206348,0.05324389954391474
L212I,245.0,549.0,0.0039044570136361756,0.07733159206462491
L212K,379.0,69.0,-3.617445912672558,0.13117299631173743
L212M,663.0,1524.0,0.04068249687277703,0.04734643779471738
L212N,1001.0,20.0,-6.804678746208555,0.22594524145128025
L212P,1118.0,51.0,-5.614096518449983,0.1434423027558646
L212Q,1103.0,683.0,-1.8515546012575657,0.04947692515475911
L212R,593.0,24.0,-5.7864364616756765,0.20835756192620875
L212S,370.0,735.0,-0.1698877206908067,0.064345971027288
L212T,949.0,1907.0,-0.15327012269197926,0.04068610815806798
L212V,671.0,1236.0,-0.2788030936017867,0.04875032636097004
L212W,1794.0,1115.0,-1.8462186199943016,0.03913453792350644
L212Y,333.0,586.0,-0.3447275540523753,0.06918538117500685
L212_,1261.0,117.0,-4.589963316618516,0.09703886767858078
L214A,458.0,92.0,-3.4756038624690317,0.11458180891802688
L214C,492.0,475.0,-1.2108170897230988,0.06492261912312078
L214D,880.0,22.0,-6.481376204614204,0.21598030704124274
L214E,264.0,6.0,-6.6171711119641525,0.41261887380031537
L214F,1121.0,668.0,-1.906944879957078,0.04966170458428995
L214G,469.0,11.0,-6.572819646523783,0.3050179022062434
L214H,564.0,19.0,-6.050977642035202,0.23335415042079152
L214I,788.0,1694.0,-0.055930788883894245,0.044006628338648324
L214K,754.0,11.0,-7.25778462027632,0.3036939451543517
L214M,850.0,939.0,-1.0164266291093522,0.04815243248466714
L214N,867.0,19.0,-6.671305533370952,0.23202269402792752
L214P,1210.0,50.0,-5.756745892317049,0.14456724688672445
L214Q,570.0,8.0,-7.313128513673111,0.3559150866106532
L214R,949.0,34.0,-5.962479715311568,0.17474007848291637
L214S,681.0,51.0,-4.898911314221215,0.14542920977638363
L214T,877.0,1016.0,-0.9478379332745606,0.046922582583971764
L214V,755.0,1718.0,0.026083438973274475,0.044539905466259855
L214W,823.0,109.0,-4.076536811012645,0.10230235095274186
L214Y,1043.0,232.0,-3.3285814327398855,0.07311751667700025
L214_,369.0,16.0,-5.6867020372533785,0.2554372020287161
L218A,922.0,1937.0,-0.08911023815974772,0.04096455971561876
L218C,560.0,1412.0,0.17413847445788466,0.05070642268962527
L218D,599.0,23.0,-5.862334536235188,0.21261710967507574
L218E,700.0,81.0,-4.27129095626204,0.11768583043400133
L218F,1403.0,3385.0,0.1105474669291393,0.03294574355682158
L218G,1181.0,1092.0,-1.2731224499074494,0.04289200429755834
L218H,793.0,567.0,-1.644052216427804,0.05569474026624917
L218I,1142.0,2647.0,0.05270102438585722,0.03647852028711912
L218K,607.0,23.0,-5.881474732276587,0.2125653627300464
L218M,1065.0,2426.0,0.027631183394253966,0.03779426406699814
L218N,959.0,582.0,-1.880589254451392,0.053274516913503475
L218P,628.0,18.0,-6.284004782465839,0.23915327396721436
L218Q,547.0,1177.0,-0.05459987189159765,0.05248789593150371
L218R,886.0,53.0,-5.223073873242515,0.14166957778064757
L218S,1353.0,2451.0,-0.3028834689058426,0.03499052058092769
L218T,501.0,1163.0,0.054864860110625635,0.05415768274756859
L218V,658.0,1510.0,0.038289352389716313,0.04753135422210683
L218W,592.0,1009.0,-0.390840315007968,0.052511710436074485
L218Y,751.0,2080.0,0.30959910430144166,0.04346902038905406
L218_,681.0,26.0,-5.870625015675166,0.19998101682375446
L21A,302.0,317.0,-1.0901553066246912,0.08088802062955598
L21C,432.0,404.0,-1.2567610419500541,0.06976529303169486
L21D,599.0,37.0,-5.176680384159059,0.16960658664135225
L21E,294.0,123.0,-2.417176959448163,0.10774002900314295
L21F,343.0,556.0,-0.4632271434345947,0.06921809246155583
L21G,448.0,328.0,-1.609878473197698,0.07319856006305822
L21H,538.0,59.0,-4.348688962013099,0.1374126283288906
L21I,565.0,1344.0,0.09010822853714462,0.05090354490392162
L21K,365.0,7.0,-6.862465071919269,0.3814056265236532
L21M,540.0,1133.0,-0.09098477124441917,0.05302519140658955
L21N,544.0,647.0,-0.9099324981303294,0.058830445273910986
L21P,1976.0,72.0,-5.9383365078522115,0.12029247307910501
L21Q,1571.0,501.0,-2.8088683963777994,0.052055258635987256
L21R,821.0,25.0,-6.196910168714431,0.20317299766448282
L21S,810.0,575.0,-1.6544400097875283,0.05523496601844796
L21T,421.0,373.0,-1.3347275300998662,0.07164762653704711
L21V,309.0,563.0,-0.29458031635990256,0.07134113282581796
L21W,935.0,27.0,-6.273503586889427,0.19537164736524096
L21Y,316.0,26.0,-4.762919245230518,0.20417751269951245
L21_,836.0,25.0,-6.223030573726837,0.20311920874153921
L224A,1074.0,31.0,-6.274217427037395,0.18236227870162725
L224C,577.0,477.0,-1.4346641479792384,0.06250370347389715
L224D,744.0,15.0,-6.791413467231827,0.26085162144376495
L224E,580.0,45.0,-4.847847641279804,0.1549794885604272
L224F,373.0,576.0,-0.5332077869119018,0.06703896528220532
L224G,875.0,32.0,-5.932792259835641,0.18016750575295154
L224H,738.0,175.0,-3.236290342485322,0.0845352175945141
L224I,755.0,24.0,-6.134875781211489,0.20748746269688903
L224K,472.0,22.0,-5.582673711531823,0.21824239159375744
L224M,273.0,544.0,-0.16540796182587236,0.07468814910855875
L224N,359.0,145.0,-2.4679589739985435,0.09878644889798141
L224P,1164.0,124.0,-4.390662422110028,0.09486945550364996
L224Q,627.0,92.0,-3.928713216933083,0.11198438903781563
L224R,690.0,24.0,-6.0049972987198075,0.20778791054011053
L224S,1043.0,292.0,-2.9967506462599385,0.06678736748527642
L224T,534.0,106.0,-3.4927537337839745,0.1066908856532796
L224V,713.0,26.0,-5.936871343323471,0.19981617738530913
L224W,826.0,48.0,-5.264839743509205,0.14871745586051494
L224Y,231.0,32.0,-4.011448059661887,0.1888022854252293
L224_,933.0,35.0,-5.8961409141221655,0.17237260841850383
L227A,490.0,19.0,-5.848068091621945,0.23392715957703625
L227C,791.0,1348.0,-0.39102397664293154,0.04564306521061525
L227D,628.0,19.0,-6.206044431723564,0.23296667710643942
L227E,637.0,20.0,-6.152610285259008,0.2272049629386329
L227F,535.0,501.0,-1.2548137951206106,0.06278806182396825
L227G,1057.0,35.0,-6.076165490661742,0.17200750304203477
L227H,503.0,10.0,-6.811160539306809,0.3193201850319362
L227I,270.0,707.0,0.22863044428682588,0.07207789055923339
L227K,620.0,28.0,-5.628364933099353,0.19336923488322408
L227M,803.0,1693.0,-0.0839867013569302,0.04374045142879724
L227N,517.0,23.0,-5.64994663375991,0.21323886296766342
L227P,1505.0,40.0,-6.393355971095598,0.16042271533692634
L227Q,986.0,26.0,-6.404551310968691,0.19884211920075423
L227R,874.0,32.0,-5.931142541481256,0.18017113452549252
L227S,832.0,28.0,-6.052674316859427,0.19230364639957165
L227T,798.0,49.0,-5.185346110396961,0.14742579467091754
L227V,800.0,1220.0,-0.551284302616752,0.04633463509543774
L227W,394.0,51.0,-4.109467577032589,0.14906124408132024
L227Y,1259.0,79.0,-5.154198007521033,0.11631057231391576
L227_,1668.0,49.0,-6.2489953180722475,0.1451921643717773
L253A,848.0,2063.0,0.12251029464546104,0.0417277919775469
L253C,1049.0,2570.0,0.1326582050693732,0.037678003198265926
L253D,1257.0,55.0,-5.674245750829465,0.13802644760593002
L253E,992.0,23.0,-6.590109112198688,0.21105607896767165
L253F,1208.0,2328.0,-0.21362247911446586,0.0365322837765404
L253G,1258.0,2600.0,-0.11271355530325611,0.03545093465331351
L253H,1204.0,1150.0,-1.2262883053131275,0.04215879698717343
L253I,1224.0,2909.0,0.08882557410457581,0.0351851527180127
L253K,536.0,83.0,-3.8509902036402606,0.11827775282465516
L253M,641.0,1425.0,-0.007534062344125125,0.048363582869650465
L253N,849.0,176.0,-3.430211485747315,0.08328617183827516
L253P,800.0,265.0,-2.7540585706420337,0.0714190136339905
L253Q,1166.0,747.0,-1.8024680373663395,0.047681698423365115
L253R,1101.0,25.0,-6.620266041633506,0.20240926852087274
L253S,776.0,1649.0,-0.07263433821635878,0.04441076750044196
L253T,2130.0,1897.0,-1.327220256819813,0.0327700371586306
L253V,322.0,732.0,0.024670528447637174,0.06744511691630285
L253W,639.0,1340.0,-0.09175398350934927,0.04887159140039392
L253Y,1156.0,2744.0,0.08704452425291631,0.036148626536379826
L253_,566.0,27.0,-5.549349334221844,0.1971479813586392
L269A,763.0,1476.0,-0.20815871155627708,0.04544611775713628
L269C,612.0,1286.0,-0.08881260723337281,0.04988795226390199
L269D,942.0,2051.0,-0.03756709123495128,0.04032831686258954
L269E,1041.0,2264.0,-0.039190933866809274,0.03846489762797221
L269F,836.0,1028.0,-0.8618251430090105,0.04739366778044042
L269G,853.0,1643.0,-0.2143806356642859,0.043106923376730014
L269H,855.0,1687.0,-0.1796320102384481,0.04289044531789921
L269I,405.0,928.0,0.03609548485689107,0.060198821038398666
L269K,1378.0,336.0,-3.1960976196968267,0.06147385348344749
L269M,796.0,2023.0,0.18555765422697235,0.04275309551600313
L269N,895.0,536.0,-1.8997312224379783,0.05531899681552399
L269P,1442.0,2836.0,-0.18430588675624726,0.03351616257996227
L269Q,1160.0,2403.0,-0.10938192718318351,0.036816503193489614
L269R,768.0,289.0,-2.570093020847578,0.06956581694503274
L269S,1239.0,2394.0,-0.20984598993309111,0.03608398271794583
L269T,1248.0,3170.0,0.18477056019799942,0.034554025388893114
L269V,714.0,1788.0,0.16425128318676574,0.045133914285044964
L269W,901.0,229.0,-3.136219858411108,0.07452339070278935
L269Y,1055.0,464.0,-2.3451162080438817,0.05639355373538234
L269_,736.0,31.0,-5.729007273958443,0.1835308907460573
L26A,431.0,377.0,-1.3532058884071754,0.07106215548578816
L26C,417.0,656.0,-0.5064515103180005,0.06324270437334845
L26D,443.0,9.0,-6.779755685665817,0.3366338149283245
L26E,634.0,797.0,-0.8299951069941258,0.05393700224878705
L26F,553.0,1085.0,-0.18775647155538966,0.05298287155119427
L26G,716.0,1858.0,0.21561928760260152,0.04485629717267462
L26H,707.0,391.0,-2.0146124531663334,0.06363281481476592
L26I,333.0,382.0,-0.9620424332065474,0.07548439552109594
L26K,789.0,37.0,-5.574143881518037,0.1684172915109773
L26M,693.0,1810.0,0.2249622555044155,0.04552705105622402
L26N,815.0,369.0,-2.3032451848699687,0.06335756538505755
L26P,549.0,19.0,-6.012089327527935,0.23345792288268732
L26Q,378.0,603.0,-0.4863298102968088,0.06618933881868591
L26R,553.0,18.0,-6.100522819422892,0.23960434612375087
L26S,280.0,592.0,-0.07994414261369975,0.0730596352487943
L26T,397.0,742.0,-0.25782405382926754,0.06279942352192852
L26V,520.0,754.0,-0.624043046906519,0.05767608621189094
L26W,370.0,63.0,-3.713998884244826,0.13656637590146237
L26Y,273.0,513.0,-0.2500541849185858,0.07542809724995803
L26_,570.0,29.0,-5.456452365883824,0.1905320863305418
L276A,1062.0,2605.0,0.13440422285502063,0.03745310436596474
L276C,1089.0,2663.0,0.12995330717386055,0.03702740552419363
L276D,1592.0,52.0,-6.096003886886189,0.14118235405519317
L276E,1046.0,113.0,-4.370461636820496,0.09940843460809662
L276F,466.0,150.0,-2.795389573521425,0.09428333665833157
L276G,556.0,1029.0,-0.2720130700945864,0.05336277053567721
L276H,1491.0,106.0,-4.97410500386239,0.10090097762966828
L276I,974.0,487.0,-2.1600725252017305,0.056189661443347076
L276K,770.0,106.0,-4.020764157348151,0.10396636670571939
L276M,1346.0,1497.0,-1.006692606728668,0.038576979694507386
L276N,711.0,609.0,-1.3834912702983315,0.055908029509821544
L276P,958.0,40.0,-5.7416955185715945,0.1616008373243971
L276Q,958.0,166.0,-3.68885790407338,0.08452699315524176
L276R,1264.0,47.0,-5.908983723477229,0.14879667797227597
L276S,926.0,2676.0,0.3708964917945985,0.039125966414037094
L276T,695.0,929.0,-0.741426946853843,0.05091651517870249
L276V,1213.0,322.0,-3.0735013841076713,0.06330195693542912
L276W,1170.0,59.0,-5.469504928957653,0.13370947035553346
L276Y,1250.0,122.0,-4.516955671692744,0.09525382788026779
L276_,981.0,36.0,-5.927885675137891,0.16990194258348057
L283A,540.0,721.0,-0.743054191673969,0.057584802649781296
L283C,1979.0,3055.0,-0.5336891369828209,0.030164266094962307
L283D,870.0,36.0,-5.754649815964549,0.1702842463897458
L283E,717.0,18.0,-6.475210490737483,0.23873968627940848
L283F,812.0,61.0,-4.894467195730872,0.13303952857207624
L283G,1079.0,391.0,-2.6245181627245175,0.05967833308760051
L283H,1385.0,32.0,-6.5953172427364795,0.17899581697624273
L283I,1380.0,618.0,-2.3190639706817873,0.049193270336535935
L283K,878.0,24.0,-6.352617399630179,0.2070398526854891
L283M,862.0,1531.0,-0.33138014194172083,0.04347978345124707
L283N,1273.0,164.0,-4.116475402781056,0.08342648021519644
L283P,1265.0,76.0,-5.216903082027341,0.11842263241986185
L283Q,1428.0,414.0,-2.946355899153104,0.05650596803877292
L283R,1331.0,75.0,-5.309381995078396,0.1189962754476759
L283S,929.0,1050.0,-0.9834503004442823,0.04589155893861718
L283T,666.0,305.0,-2.2867746328824516,0.06969439438402528
L283V,998.0,187.0,-3.5760261908723496,0.08016576713446817
L283W,1599.0,510.0,-2.8086688582532906,0.05160795914935924
L283Y,946.0,50.0,-5.401654260839759,0.14536272114888948
L283_,1234.0,42.0,-6.036564826635738,0.15713519991029917
L285A,744.0,1927.0,0.212882803939765,0.04404832850822292
L285C,804.0,1942.0,0.11217794224056199,0.04284792472937995
L285D,1017.0,1242.0,-0.871744412541581,0.04319339786125732
L285E,1341.0,2220.0,-0.4328411574051967,0.03568478159300398
L285F,1095.0,1979.0,-0.3062524797137369,0.03867538554922506
L285G,1030.0,2308.0,0.003903793688751378,0.03848878626539025
L285H,1913.0,3209.0,-0.4138034668435071,0.030192840706362026
L285I,903.0,2208.0,0.12984549958894487,0.0404666846880113
L285K,1218.0,187.0,-3.8634259923899594,0.07902890340886422
L285M,1150.0,2702.0,0.0722992706865293,0.036289132436382016
L285N,511.0,932.0,-0.2930934263469762,0.05574143296920652
L285P,840.0,1159.0,-0.6956727308327411,0.04615751255426627
L285Q,985.0,2030.0,-0.11681077903009207,0.03981300229902889
L285R,1004.0,89.0,-4.655749737962728,0.11094118878344333
L285S,585.0,1376.0,0.07387042661495613,0.05013342214058807
L285T,760.0,1834.0,0.11082386188553794,0.044025834233611186
L285V,577.0,2175.0,0.7542664698420793,0.04764544930882092
L285W,1322.0,2200.0,-0.42531034537534307,0.03589172523465645
L285Y,846.0,1341.0,-0.4955139629730896,0.044776939835213525
L285_,1650.0,47.0,-6.293450614331677,0.14817346363985226
L286A,1713.0,4410.0,0.2041610167237864,0.029795523672473356
L286C,979.0,2071.0,-0.07914831860160554,0.0397686413992607
L286D,1622.0,1799.0,-1.010666845114696,0.03535009068271689
L286E,943.0,1931.0,-0.1260766764606478,0.040688407096128316
L286F,991.0,2064.0,-0.10160889691501751,0.039633495323965
L286G,1105.0,83.0,-4.894717807764747,0.11414446619926774
L286H,628.0,44.0,-4.994971591977569,0.15617838699908596
L286I,974.0,2128.0,-0.0325908960408583,0.03967183799216737
L286K,696.0,20.0,-6.280402298983525,0.22691192582472317
L286M,1122.0,2414.0,-0.054741218723923346,0.03718541066639505
L286N,810.0,448.0,-2.014496121037122,0.059530616619810205
L286P,965.0,22.0,-6.614400179206523,0.2157484669654967
L286Q,939.0,519.0,-2.015465523091706,0.05539806094117228
L286R,1470.0,47.0,-6.12680181556101,0.1484236701985769
L286S,966.0,796.0,-1.4393389057880785,0.04866929440229129
L286T,924.0,1837.0,-0.16870822732338553,0.04127772815767477
L286V,1262.0,2844.0,0.012115858588011896,0.0349464100253322
L286W,1371.0,43.0,-6.154510489548381,0.15510333583172156
L286Y,1203.0,391.0,-2.781458562234508,0.05887254245875702
L286_,1260.0,53.0,-5.731114169842133,0.14048223492900797
L30A,397.0,5.0,-7.468308270227961,0.4496630686035371
L30C,448.0,779.0,-0.3619764239737586,0.059941823664436046
L30D,603.0,8.0,-7.394323211396307,0.3557801863249377
L30E,1318.0,62.0,-5.56980395372522,0.13023977667077352
L30F,167.0,204.0,-0.8713819552666111,0.10472170040066803
L30G,535.0,20.0,-5.90086012220562,0.22786264515495988
L30H,822.0,31.0,-5.888437850809286,0.18314322504172267
L30I,731.0,1365.0,-0.25913886380247675,0.04666705829231332
L30K,548.0,12.0,-6.671981500378953,0.2918321085007502
L30M,1327.0,1231.0,-1.2684240980844224,0.040535953563327266
L30N,933.0,41.0,-5.667932232223453,0.1597915673877276
L30P,1160.0,34.0,-6.252121763092123,0.17419077727015053
L30Q,496.0,8.0,-7.112510491090946,0.35628258738764157
L30R,282.0,11.0,-5.8389472841384,0.30732676992563357
L30S,783.0,23.0,-6.248785180985736,0.21169255303967047
L30T,571.0,233.0,-2.4532114767244,0.07823166071614007
L30V,1211.0,350.0,-2.9508300688348896,0.061319384057710466
L30W,1030.0,406.0,-2.5031585146800728,0.05925459057761433
L30Y,606.0,53.0,-4.675092491665035,0.1434982634817202
L30_,577.0,21.0,-5.939535591948452,0.22227618746435585
L331A,946.0,856.0,-1.3043151205558772,0.047984690805656906
L331C,1030.0,1892.0,-0.2828259672309503,0.03970707008664573
L331D,493.0,10.0,-6.782190367648646,0.3193833197656759
L331E,834.0,41.0,-5.506104370327852,0.16018917418249565
L331F,1008.0,389.0,-2.533718141131807,0.06033183468399052
L331G,1027.0,37.0,-5.954478620425501,0.16754304931544559
L331H,1453.0,52.0,-5.964199120892947,0.14139500290936613
L331I,1154.0,2092.0,-0.3018533148408773,0.03770678223427506
L331K,574.0,24.0,-5.739455899098704,0.20849146585901912
L331M,816.0,1473.0,-0.30797884972085576,0.04451523128939121
L331N,1426.0,43.0,-6.21125549435221,0.15501262160937224
L331P,2249.0,73.0,-6.105139522827601,0.11924194973694771
L331Q,1436.0,39.0,-6.362165324198777,0.16250561623147314
L331R,537.0,42.0,-4.8362315998906125,0.16044708648691625
L331S,1110.0,32.0,-6.275993523698385,0.17949478775777195
L331T,953.0,108.0,-4.301413800472532,0.10190661192601397
L331V,1308.0,2527.0,-0.2100295342170888,0.035178023851479924
L331W,809.0,118.0,-3.9373357559503486,0.09893020485834578
L331Y,1433.0,32.0,-6.644469527149413,0.17892824786472916
L331_,1107.0,44.0,-5.812780409616091,0.1539567843256316
L33A,1720.0,968.0,-1.9894104332926386,0.04113013213654312
L33C,578.0,727.0,-0.8292065811626621,0.056416481581736344
L33D,573.0,30.0,-5.415132429675263,0.18746905021283455
L33E,229.0,212.0,-1.2713656189314557,0.09571117390370046
L33F,333.0,190.0,-1.9695774899830942,0.09134025590121457
L33G,431.0,249.0,-1.9516049984767445,0.08008297809723912
L33H,804.0,911.0,-0.9798338919690393,0.04918025048823981
L33I,640.0,653.0,-1.1310766991426364,0.05631247042011191
L33K,734.0,165.0,-3.3133335973333793,0.0866017705026826
L33M,267.0,498.0,-0.2608063996783825,0.07635717721514303
L33N,736.0,1190.0,-0.4669109131642353,0.04771011304120321
L33P,580.0,17.0,-6.251710065001971,0.24615097908503428
L33Q,1282.0,1199.0,-1.2566511612342142,0.0411253588367492
L33R,716.0,238.0,-2.7490448840601305,0.0753351265933934
L33S,328.0,105.0,-2.8033004149387954,0.11246705625370523
L33T,390.0,59.0,-3.884567089268632,0.13995558485711895
L33V,736.0,1019.0,-0.6907164007506257,0.0491657447005842
L33W,470.0,13.0,-6.335085921972249,0.2811917739458314
L33Y,457.0,18.0,-5.825442984438104,0.24039570096808646
L33_,528.0,38.0,-4.95620165981988,0.168166638290951
L345A,1831.0,3502.0,-0.22454380402793062,0.030148724386538067
L345C,1519.0,2979.0,-0.18838573804666625,0.032730018687833866
L345D,1272.0,673.0,-2.0784975029923203,0.04846924783856633
L345E,947.0,467.0,-2.1800135545914427,0.0572231199033613
L345F,967.0,1894.0,-0.1902461030899305,0.04048881830679388
L345G,806.0,1496.0,-0.2678371613579875,0.04456874181910764
L345H,1494.0,135.0,-4.628138966995588,0.09029643921833586
L345I,625.0,1368.0,-0.0299597386594046,0.04907353493100339
L345K,1166.0,34.0,-6.259564682279815,0.17417804376514318
L345M,706.0,1567.0,-0.009833473762031808,0.04617160572008815
L345N,654.0,1103.0,-0.40602606665478813,0.05012870758333514
L345P,1484.0,1918.0,-0.7899779084199654,0.03567172891507743
L345Q,901.0,1743.0,-0.2081215137340715,0.04196229725184687
L345R,906.0,130.0,-3.960991715480426,0.09419503819370093
L345S,745.0,1513.0,-0.1379975097787005,0.045611913446285075
L345T,777.0,1114.0,-0.6403302249639147,0.04755934561572585
L345V,1400.0,4483.0,0.5189432483957206,0.03185268667233168
L345W,986.0,998.0,-1.142635344009988,0.04575402809287783
L345Y,1152.0,4757.0,0.8858144809225128,0.03399283340911342
L345_,1436.0,74.0,-5.43828910620206,0.1195211705603594
L350A,500.0,1023.0,-0.12729594304484504,0.0552694868231947
L350D,756.0,8.0,-7.72054660176631,0.355308214817206
L350E,847.0,1541.0,-0.29666202071389147,0.04366689000475262
L350F,1355.0,2898.0,-0.06332826264341884,0.03406339570531823
L350G,2308.0,3562.0,-0.5340452451800246,0.02812939167743432
L350H,922.0,26.0,-6.30773143066555,0.1990190614143245
L350I,1346.0,3178.0,0.07934719897703113,0.033687497275944805
L350K,1156.0,583.0,-2.1476486805014465,0.0515512316732436
L350M,848.0,1955.0,0.044935467276314256,0.04204742957242348
L350N,1046.0,540.0,-2.1139259523360305,0.05371294057698676
L350P,984.0,44.0,-5.642857037217585,0.15432306071417856
L350Q,434.0,820.0,-0.24217411768030228,0.06000700226275663
L350R,755.0,962.0,-0.8105311991451378,0.04940875048048823
L350S,1128.0,2505.0,-0.009050831896735723,0.03691836383629658
L350T,713.0,1530.0,-0.05854047056318645,0.04618813694842445
L350V,1904.0,2927.0,-0.5397007181847124,0.03072623500037009
L350W,1024.0,2088.0,-0.13218851977531632,0.039150051013592604
L350Y,834.0,1386.0,-0.42728625772555073,0.04469642634629417
L350_,876.0,41.0,-5.576987027113849,0.16000963913102859
L35A,1341.0,1885.0,-0.6688351555640204,0.03678935145374194
L35C,785.0,1126.0,-0.6396506343900974,0.047320284491363114
L35D,875.0,23.0,-6.409053953157131,0.21137515983837643
L35E,676.0,30.0,-5.653616700981084,0.186758514141953
L35F,171.0,109.0,-1.8097075415387724,0.12287526275162558
L35G,354.0,265.0,-1.5778306508965931,0.08170355007160404
L35H,503.0,68.0,-4.046855621680861,0.1294951763962677
L35I,765.0,132.0,-3.694918722955604,0.09465518884414198
L35K,930.0,1537.0,-0.4352789197044764,0.04246315733813509
L35M,1268.0,2625.0,-0.11033054144189514,0.035310577238981435
L35N,423.0,19.0,-5.635948669146421,0.23461703181311735
L35P,63.0,2.0,-6.1304007401736325,0.7165613603726808
L35Q,595.0,121.0,-3.4578749786616454,0.10010830383813187
L35R,101.0,165.0,-0.4520320061523453,0.12663924073947636
L35S,492.0,101.0,-3.444276848374801,0.10958894805735453
L35T,309.0,11.0,-5.970854489556856,0.30682227948942864
L35V,1159.0,28.0,-6.530894557447726,0.19141992872451935
L35W,918.0,517.0,-1.9884050208265833,0.055684467664354434
L35Y,253.0,279.0,-1.0189649137223027,0.08725687650861927
L35_,406.0,13.0,-6.123909731202808,0.2817874960871259
L367A,1188.0,2469.0,-0.10470163731776161,0.03638698962294842
L367C,1029.0,2318.0,0.011542450648056146,0.03847675921270381
L367D,1202.0,35.0,-6.26162536349976,0.17167543823617412
L367E,745.0,80.0,-4.379094896794004,0.11797436238086477
L367F,1562.0,3671.0,0.0726860177185551,0.03146194504022239
L367G,1112.0,2356.0,-0.07691143626828811,0.037429500744365726
L367H,816.0,2188.0,0.2628732574605488,0.04194949465782924
L367I,901.0,2182.0,0.1159553531937485,0.040563619891062906
L367K,1263.0,101.0,-4.804383366769537,0.1037738786504393
L367M,1629.0,3804.0,0.06343824157011202,0.03088687232408044
L367N,1219.0,2152.0,-0.34011251616514393,0.03690891887245309
L367P,1061.0,30.0,-6.303938461567562,0.18531587285506934
L367Q,1435.0,2282.0,-0.4908430138507076,0.034818357964635595
L367R,1232.0,59.0,-5.543998034647133,0.1335485328878312
L367S,1530.0,3500.0,0.033730624733385284,0.03188342187488763
L367T,1416.0,2776.0,-0.1889060260118729,0.03381845019300844
L367V,1699.0,3935.0,0.051585621072106846,0.030330770452039753
L367W,891.0,1239.0,-0.6844130342109072,0.044795830933717216
L367Y,855.0,533.0,-1.8418660303840557,0.05588347693164211
L367_,1357.0,42.0,-6.173642093209203,0.15690130366460042
L374A,1800.0,4219.0,0.06881224852931878,0.029492770643649628
L374C,1359.0,3166.0,0.060022403344815345,0.033599603451701744
L374D,1193.0,919.0,-1.5365410079483421,0.044761501363674024
L374E,1526.0,2521.0,-0.43584991238059967,0.03360385004129847
L374F,1111.0,2469.0,-0.008026459555030563,0.03717998339037347
L374G,956.0,2205.0,0.04560024737286916,0.039708632149287236
L374H,1876.0,3886.0,-0.10946524167894367,0.02945552882089652
L374I,736.0,1665.0,0.017646231971343518,0.04512784957153294
L374K,1193.0,2516.0,-0.0835558167334911,0.03623422778181978
L374M,1031.0,2598.0,0.1732613210355698,0.03784285015182697
L374N,387.0,919.0,0.08762237809298057,0.0612314349296044
L374P,1064.0,180.0,-3.7234500878112184,0.0810699472267594
L374Q,1739.0,2620.0,-0.5687812475551994,0.0321553475441969
L374R,943.0,2197.0,0.06010912444291261,0.03991048517968593
L374S,921.0,2324.0,0.17524021371589704,0.039916211120460184
L374T,1124.0,2624.0,0.06303101011656098,0.036715344617122454
L374V,1876.0,4570.0,0.12444246701925543,0.028794317541795372
L374W,1490.0,3507.0,0.0748321941334793,0.032148534051019875
L374Y,983.0,2275.0,0.05050755172246024,0.03916747092024852
L374_,1807.0,154.0,-4.712595892654474,0.08440221475078305
L383A,785.0,1786.0,0.02586988391798606,0.04371527220199308
L383C,1548.0,3426.0,-0.013972765790758235,0.03186101080492293
L383D,1006.0,2087.0,-0.1072944697639322,0.0393754862103823
L383E,1203.0,2461.0,-0.1274854519641937,0.03626064178595213
L383F,973.0,1994.0,-0.12494122946897779,0.040081034003014354
L383G,1664.0,3903.0,0.06983571861385407,0.0305682688665177
L383H,1245.0,2986.0,0.1019743297984852,0.034861871467762894
L383I,430.0,830.0,-0.2113288292869573,0.06006313924829593
L383K,10.0,13.0,-0.7819083491558949,0.42052502818360865
L383M,615.0,1359.0,-0.01621303894364967,0.04938692338447784
L383N,1087.0,2773.0,0.19100026941336168,0.036848640765627605
L383P,1461.0,3044.0,-0.10108029154979903,0.03301848976033929
L383Q,1499.0,3546.0,0.08209926007023638,0.03203689560258193
L383R,716.0,1814.0,0.18104343008816315,0.04500157816812551
L383S,1615.0,3540.0,-0.027876999313233064,0.0312877757569559
L383T,747.0,1824.0,0.1278268407710561,0.0443188604888544
L383V,964.0,2423.0,0.16959300470138672,0.039080584317812944
L383W,1186.0,2902.0,0.1308489795313088,0.035566846687777896
L383Y,675.0,1494.0,-0.013878312727205078,0.047202200353795326
L383_,1155.0,2300.0,-0.1663525457479631,0.037119034332166456
L40A,1452.0,301.0,-3.43025540488415,0.06393823487177808
L40C,640.0,28.0,-5.674167895559183,0.19323886610613447
L40D,930.0,32.0,-6.0207389840287355,0.17997984137885065
L40E,518.0,11.0,-6.716180911921391,0.3046871093904866
L40F,1064.0,2261.0,-0.07263167411864924,0.03820169672311964
L40G,841.0,33.0,-5.83123524826196,0.17765175336495137
L40H,569.0,150.0,-3.0834826670836852,0.09220037544041212
L40I,897.0,36.0,-5.798741901008506,0.17018262915563903
L40K,609.0,33.0,-5.3655782108754675,0.17892207279272135
L40M,4.0,0.0,-9.807545763492616,10.012464921647673
L40N,1171.0,41.0,-5.995721179130578,0.15910848125440846
L40P,792.0,20.0,-6.466812910717769,0.22652786017614557
L40Q,650.0,152.0,-3.2563830156221316,0.09052182644671872
L40R,731.0,18.0,-6.503108392633864,0.23868373941124862
L40S,1581.0,1499.0,-1.2369238222740822,0.03710609986482573
L40T,812.0,73.0,-4.635418846491131,0.1224969975884285
L40V,1566.0,173.0,-4.338253428907783,0.08059669263737156
L40W,73.0,34.0,-2.262222410907226,0.2077910470192589
L40Y,818.0,1399.0,-0.38587144727190736,0.044883390449165846
L40_,995.0,38.0,-5.8703474317562545,0.16550265778681536
L42A,606.0,1700.0,0.32804239027843707,0.04812087116926539
L42C,785.0,1965.0,0.16366638010637846,0.043127960848139184
L42D,345.0,674.0,-0.1939555193507525,0.06677853581251322
L42E,448.0,1090.0,0.12265119358769105,0.056804616284497095
L42F,235.0,472.0,-0.15399205896391432,0.08031802962663402
L42G,1039.0,2476.0,0.09272026462498761,0.03799445822934665
L42H,784.0,1171.0,-0.5812779021126371,0.046975591843692516
L42I,636.0,1305.0,-0.12314782947871006,0.04915107930644869
L42K,590.0,1371.0,0.05634044514260861,0.050015241990360844
L42M,714.0,1496.0,-0.09298370319936478,0.046327464424204705
L42N,635.0,1064.0,-0.41542684352388637,0.05091038953465913
L42P,612.0,12.0,-6.831334507055229,0.2915049837689497
L42Q,863.0,1806.0,-0.09473063752431177,0.04230473420904188
L42R,593.0,1359.0,0.03634039645451459,0.04999390546778662
L42S,716.0,1630.0,0.02674183644778516,0.045687748129171354
L42T,1431.0,3923.0,0.2948399221469735,0.032108598023862844
L42V,548.0,1159.0,-0.07946844760005156,0.05258172844395678
L42W,566.0,779.0,-0.6992730311796427,0.05592568665788567
L42Y,480.0,1082.0,0.0124901288809518,0.0555404755940584
L42_,342.0,15.0,-5.67012996352644,0.2638624481961393
L43A,48.0,41.0,-1.3874465293690754,0.21281573977103016
L43C,610.0,494.0,-1.4643799843903196,0.06116221489725108
L43D,649.0,12.0,-6.916019988442232,0.2913451623774899
L43E,797.0,427.0,-2.0604153064895296,0.06061190933614748
L43F,761.0,649.0,-1.3897620409661409,0.054148869878795705
L43G,709.0,107.0,-3.8881476910285233,0.10407971464008905
L43H,469.0,25.0,-5.389129057907182,0.20541033498708383
L43I,946.0,75.0,-4.816787923760758,0.12027416884988548
L43K,994.0,111.0,-4.322658059539547,0.10045631974972372
L43M,302.0,394.0,-0.7764514113137375,0.07698314041849184
L43N,755.0,182.0,-3.212565372687833,0.0830417846944529
L43P,295.0,10.0,-6.041337316313394,0.3215074868873419
L43Q,408.0,222.0,-2.0380671875988376,0.0838598267960859
L43R,1199.0,46.0,-5.863839761558971,0.15048480184606833
L43S,1380.0,2104.0,-0.5516244967856405,0.03573743085347232
L43T,555.0,241.0,-2.3635080946934304,0.07764163436136302
L43V,109.0,3.0,-6.3386405261017815,0.5843600196511902
L43W,171.0,3.0,-6.988260730602857,0.5815073288392159
L43Y,853.0,23.0,-6.372317102996708,0.211444870625865
L43_,835.0,24.0,-6.280173503624883,0.20718144669832547
L49A,390.0,1030.0,0.24098798625696372,0.06010116306497232
L49C,320.0,863.0,0.271172950849329,0.06603700548323624
L49D,225.0,3.0,-7.384169159624511,0.5802994133766421
L49E,1270.0,38.0,-6.222404358368733,0.16484389610890862
L49F,665.0,1420.0,-0.06563418774490071,0.04780382621067694
L49G,662.0,1046.0,-0.5001156079801428,0.05043623327158508
L49H,483.0,849.0,-0.3463588486993965,0.0576666416590634
L49I,652.0,1296.0,-0.16897648357578543,0.04881153976492602
L49K,845.0,171.0,-3.4649750608701764,0.08431060324878548
L49M,661.0,846.0,-0.8040847181744137,0.052650775528202326
L49N,879.0,1300.0,-0.5955160994733113,0.04454342778743659
L49P,889.0,31.0,-6.00148155322897,0.1828927483685096
L49Q,1718.0,5981.0,0.6395633587173282,0.028749143501119748
L49R,504.0,9.0,-6.965868779116431,0.3362277912099399
L49S,721.0,1600.0,-0.01009758918916237,0.04570763646322767
L49T,241.0,629.0,0.2239026081346296,0.07626436843647096
L49V,632.0,1479.0,0.06652517910907196,0.04832835624624218
L49W,596.0,967.0,-0.46189306490284476,0.05281276634079452
L49Y,545.0,795.0,-0.615397030762753,0.056302070598271886
L49_,71.0,15.0,-3.402185566872779,0.284221786712406
L61A,1019.0,2299.0,0.013757194936651729,0.03864664403177845
L61C,505.0,1093.0,-0.0461645975954319,0.05451891546118751
L61D,437.0,16.0,-5.930708417035536,0.25461046262201376
L61E,370.0,565.0,-0.5493751972828784,0.0674518973745233
L61G,243.0,626.0,0.2050826834070092,0.0760902371318499
L61H,444.0,708.0,-0.486909769165754,0.06117074119128736
L61I,729.0,1295.0,-0.33113460825118324,0.047129255531322606
L61K,372.0,364.0,-1.1914506556158067,0.07424638495756525
L61M,574.0,1306.0,0.02593083061927537,0.05084357846283301
L61N,340.0,609.0,-0.3191985974729121,0.06826673972006221
L61P,954.0,45.0,-5.56577425594265,0.1527833129346119
L61Q,370.0,548.0,-0.5934493795128004,0.06785766352872327
L61R,157.0,260.0,-0.43237667417464554,0.10145085325398882
L61S,558.0,1123.0,-0.1510794442469825,0.052533753165179074
L61T,1335.0,2542.0,-0.23096817984987839,0.03492414872647899
L61V,354.0,770.0,-0.03900026888245023,0.06481290006911801
L61W,604.0,1455.0,0.10829739134687255,0.049194825438170414
L61Y,646.0,1270.0,-0.18487588288106505,0.049118302600013077
L61_,778.0,31.0,-5.809070604704875,0.1833309608028583
L65A,1002.0,2243.0,0.002451808745365547,0.039000924882663525
L65C,930.0,2254.0,0.117088444957548,0.03995196655754707
L65D,584.0,81.0,-4.00990849699849,0.11888525186568806
L65E,853.0,526.0,-1.8575597647521134,0.05613085036291316
L65F,963.0,2232.0,0.0526334694418793,0.03954347107030095
L65G,783.0,1384.0,-0.33833560773892035,0.04557312421965186
L65H,889.0,2136.0,0.10455951179514145,0.040868789601849094
L65I,1126.0,2706.0,0.10486019380594369,0.03653611892406559
L65K,181.0,236.0,-0.7773087496149449,0.0991912993819282
L65M,756.0,1701.0,0.009827062690486166,0.04458551859722985
L65N,989.0,1523.0,-0.5372189359602197,0.04177266152410047
L65P,746.0,125.0,-3.737238800589952,0.09704160591149284
L65Q,556.0,731.0,-0.7653070255526808,0.0569539091502527
L65R,1198.0,1604.0,-0.7390441515207855,0.03918422775433704
L65S,616.0,1043.0,-0.40036002329586573,0.051569006878458265
L65T,75.0,136.0,-0.3015294561813242,0.14408749068880652
L65V,107.0,223.0,-0.10072455513626721,0.11792486382826962
L65W,574.0,1403.0,0.12929017895858586,0.050320292570747376
L65Y,940.0,1835.0,-0.1950474215331761,0.04106121344951727
L65_,687.0,14.0,-6.775889574974682,0.27001929365763044
L69A,690.0,910.0,-0.7608222083848908,0.05123857924926789
L69C,954.0,2272.0,0.09180555382737499,0.0395675949654221
L69D,448.0,728.0,-0.45966000444804056,0.06068730642138047
L69E,506.0,616.0,-0.876299462331132,0.06063698888208242
L69F,516.0,1149.0,-0.005166912712167182,0.0537169433724139
L69G,842.0,1375.0,-0.4525544985589258,0.04463351219481213
L69H,504.0,892.0,-0.336479811614379,0.056412763663626714
L69I,516.0,1158.0,0.006089445045589947,0.05365394637662216
L69K,987.0,1702.0,-0.37398443026091943,0.04096279038688961
L69M,532.0,955.0,-0.3160248610134815,0.05480895904956179
L69N,447.0,374.0,-1.4173175988111906,0.07062620152439429
L69P,524.0,1126.0,-0.05653394607023987,0.05360690934131583
L69Q,613.0,1039.0,-0.3988603112725686,0.05168169912675377
L69R,775.0,907.0,-0.9331838058284658,0.049699881588247265
L69S,698.0,1309.0,-0.2529308288270533,0.047684682629705176
L69T,1019.0,2319.0,0.026253494743833983,0.03859807966953561
L69V,754.0,1912.0,0.18234716937120776,0.043891921763305745
L69W,1942.0,8721.0,1.00685725978206,0.02658655010841816
L69Y,590.0,1237.0,-0.09204148575476179,0.05079897687134925
L69_,1097.0,51.0,-5.586740103035312,0.143501974049493
L75A,320.0,307.0,-1.2199186775120214,0.08037022993756843
L75C,769.0,340.0,-2.3375125178204783,0.06571690647547276
L75D,505.0,24.0,-5.554691984156944,0.209061522563883
L75E,699.0,35.0,-5.479561465025753,0.17341023890672458
L75F,491.0,189.0,-2.53737717857154,0.08604994119062914
L75G,421.0,372.0,-1.3386004352763399,0.07169790022739382
L75H,430.0,6.0,-7.320948746348037,0.4108431903007552
L75I,390.0,1096.0,0.33059060368280235,0.05961279959475826
L75K,341.0,10.0,-6.250387504152724,0.32079559511525546
L75M,545.0,960.0,-0.3433206043241812,0.054348258081357396
L75N,771.0,23.0,-6.226504020379954,0.21173949597046668
L75P,407.0,20.0,-5.50635850579007,0.2291488669081336
L75Q,530.0,16.0,-6.209061704151081,0.25382073866039984
L75R,402.0,21.0,-5.418170658808286,0.2239668091649022
L75S,303.0,74.0,-3.1936606221761252,0.12995829079458773
L75T,385.0,304.0,-1.500864474995005,0.07722660964463268
L75V,561.0,854.0,-0.5538608610002962,0.055051744008502976
L75W,464.0,74.0,-3.8084511131492063,0.1254753449827842
L75Y,372.0,79.0,-3.3953215735039253,0.1241852412627771
L75_,1031.0,49.0,-5.554925705865288,0.14646218113442988
L77A,277.0,489.0,-0.34016142738360333,0.0757111257138759
L77C,426.0,828.0,-0.20132644169956393,0.060268783315144764
L77D,537.0,531.0,-1.1762972606559474,0.061827300147883485
L77E,443.0,314.0,-1.6566160978426696,0.07429095480123024
L77F,370.0,751.0,-0.13881948107847197,0.06412034367384552
L77G,612.0,742.0,-0.882203933166962,0.05530731943416104
L77H,1328.0,553.0,-2.42397587349445,0.051366726234731326
L77I,206.0,73.0,-2.6566357214583256,0.13648492878514723
L77K,551.0,18.0,-6.095295752452793,0.23961804233452785
L77M,420.0,697.0,-0.42933165981928223,0.06239265950608576
L77N,564.0,414.0,-1.6061424641242619,0.06531207717366695
L77P,457.0,40.0,-4.673880536998779,0.16510341035474324
L77Q,904.0,163.0,-3.6314655979661508,0.08554545017208016
L77R,895.0,41.0,-5.607943490044436,0.15993389599014926
L77S,1070.0,3109.0,0.37874364032206786,0.03651664173791654
L77T,679.0,833.0,-0.865186343945826,0.05244470195095544
L77V,886.0,253.0,-2.9682159116537683,0.07182142439788575
L77W,361.0,529.0,-0.6088311432486773,0.0688300692067627
L77Y,1015.0,2186.0,-0.05328127742481392,0.038986087761940284
L77_,503.0,25.0,-5.490097455961833,0.20505922819071346
L8A,574.0,1113.0,-0.20476855805107252,0.05213293655484768
L8C,902.0,78.0,-4.691499786696731,0.1183416797101933
L8D,191.0,10.0,-5.414221627806696,0.3243650359009925
L8E,225.0,63.0,-2.9964237420693483,0.1428005332292588
L8F,53.0,1.0,-6.873924679558675,1.004510141181638
L8G,621.0,1337.0,-0.05376548628350619,0.04935044287058224
L8H,640.0,825.0,-0.7937701776191526,0.053402534845205706
L8I,557.0,581.0,-1.0992275708821415,0.05994738775464975
L8K,885.0,1308.0,-0.5964794283203183,0.04440382309923245
L8M,655.0,1474.0,0.010070137508009225,0.047774096742573484
L8N,506.0,963.0,-0.2317024541873849,0.05560490056177626
L8P,566.0,651.0,-0.9582351747465134,0.05813842596685006
L8Q,401.0,476.0,-0.9127336687675438,0.06835018816602977
L8R,236.0,9.0,-5.87126441021141,0.3395617006697002
L8S,449.0,734.0,-0.45103519475859866,0.06055369329093556
L8T,599.0,173.0,-2.951811996681003,0.08675645537565124
L8V,362.0,394.0,-1.0378846414075094,0.07333218871899595
L8W,633.0,34.0,-5.378284716743749,0.17623881305312197
L8Y,737.0,342.0,-2.2677330229032613,0.06601494852563804
L8_,974.0,26.0,-6.386885616939811,0.1988735361365333
L94A,482.0,1058.0,-0.02586905628098357,0.05565128054638004
L94C,548.0,1172.0,-0.06337658225548104,0.05249064565783314
L94D,568.0,624.0,-1.0244345170895457,0.058654236228130506
L94E,614.0,684.0,-1.0043320721139617,0.05628368788580885
L94F,515.0,396.0,-1.5391509210196723,0.06741029038080457
L94G,421.0,1012.0,0.10520980251585677,0.058656812418406284
L94H,446.0,589.0,-0.7588712664217452,0.06338071363928134
L94I,374.0,932.0,0.15718125298840935,0.061837883082856225
L94K,641.0,15.0,-6.57643831857783,0.2612652646615967
L94M,274.0,389.0,-0.6545086403554912,0.07935602352104966
L94N,313.0,485.0,-0.5282815926700142,0.07303319717234794
L94P,422.0,950.0,0.010578176975865716,0.05915641313403981
L94Q,717.0,622.0,-1.3651428024708476,0.05549432857675924
L94R,754.0,19.0,-6.469840557192137,0.23239488735176772
L94S,794.0,1279.0,-0.47228887532402375,0.046027527843675725
L94T,451.0,1071.0,0.08765328648729209,0.05681718452242701
L94V,394.0,1432.0,0.7016500792603129,0.057563655348204894
L94W,364.0,21.0,-5.274917354272798,0.22454578279700502
L94Y,223.0,55.0,-3.179429932481768,0.1507974319116061
L94_,707.0,33.0,-5.580842914125425,0.17828490155163254
L96A,342.0,583.0,-0.39060521632854606,0.06867587772495062
L96C,535.0,649.0,-0.8814124870011915,0.059052357034249194
L96D,706.0,1189.0,-0.40808701155936333,0.04831868141617438
L96E,465.0,823.0,-0.3364391183752824,0.05867531059923291
L96F,613.0,1312.0,-0.06229113480162152,0.049706465302663344
L96G,581.0,849.0,-0.6128687851410666,0.05455485149825977
L96H,678.0,711.0,-1.0915240381588243,0.054393042764618156
L96I,465.0,988.0,-0.0728234347119825,0.056919904371290346
L96K,217.0,4.0,-6.918102814912584,0.5040455235412616
L96M,592.0,938.0,-0.49610557933194954,0.05322119872021779
L96N,258.0,183.0,-1.6555918378650052,0.09704251477310846
L96P,770.0,461.0,-1.9001664738043385,0.05954060293726887
L96Q,439.0,570.0,-0.7833539101421421,0.06410504074660178
L96R,549.0,20.0,-5.938126692270746,0.22775803292615826
L96S,716.0,439.0,-1.8658132711594826,0.06125136407525897
L96T,564.0,881.0,-0.5166496844284216,0.05463815266430182
L96V,441.0,948.0,-0.05599642927746373,0.0583061925846488
L96W,1207.0,2015.0,-0.42073796730315394,0.03744352580298053
L96Y,295.0,740.0,0.16669357088885217,0.06941395619475793
L96_,674.0,30.0,-5.649342109208137,0.18677026545691114
M103A,308.0,591.0,-0.2198819866656807,0.07082312620416029
M103C,325.0,618.0,-0.23294126259178416,0.06908092226862321
M103D,452.0,7.0,-7.170883772895794,0.3807137263225217
M103E,225.0,16.0,-4.973031243867956,0.2588096934869823
M103F,378.0,767.0,-0.13926635032576407,0.06345427683566013
M103G,451.0,676.0,-0.5762021709750575,0.06143095650535945
M103H,865.0,186.0,-3.377423964748208,0.08129796843593205
M103I,428.0,815.0,-0.23091408008364223,0.060337562440118384
M103K,376.0,7.0,-6.905300113518172,0.38130054381293055
M103L,750.0,1544.0,-0.11838697710896096,0.04536770190909093
M103N,723.0,37.0,-5.44811589761358,0.16876042117395684
M103P,529.0,20.0,-5.884589258880915,0.22790915854731728
M103Q,471.0,125.0,-3.0738015211442997,0.10099359309880523
M103R,368.0,22.0,-5.223601256114818,0.21960978978757206
M103S,431.0,784.0,-0.2969366232209749,0.06060424358215451
M103T,323.0,490.0,-0.5588549750632872,0.07220735893425577
M103V,543.0,1094.0,-0.14951208349416145,0.053225029449745026
M103W,355.0,786.0,-0.013399333113709666,0.06454703035523893
M103Y,483.0,489.0,-1.1422764274101684,0.06474988098884348
M103_,613.0,25.0,-5.77542098312278,0.20418753580408486
M107A,546.0,1014.0,-0.2670147360067521,0.05380427936502312
M107C,365.0,970.0,0.24997629398740884,0.06203077298534329
M107D,671.0,10.0,-7.226907724687649,0.31853985508485405
M107E,788.0,26.0,-6.08116297052234,0.1994818771213574
M107F,804.0,1420.0,-0.33947159789270387,0.04500260702751866
M107G,733.0,1184.0,-0.46831085659601346,0.04781290569943203
M107H,827.0,546.0,-1.759064737361415,0.05583808853606493
M107I,206.0,82.0,-2.4889299639503477,0.13086258762046607
M107K,563.0,41.0,-4.9392002354718025,0.16198059303729423
M107L,258.0,532.0,-0.116060956215569,0.07637232027678448
M107N,345.0,306.0,-1.3331467165257003,0.07901634258766453
M107P,277.0,18.0,-5.103155308868694,0.2433350264472178
M107Q,683.0,316.0,-2.2720238257262837,0.06859892746653934
M107R,648.0,22.0,-6.039872363446062,0.21692009673676096
M107S,464.0,671.0,-0.6279089676845402,0.06101364883772069
M107T,545.0,934.0,-0.3829320418870843,0.054614372548519745
M107V,536.0,273.0,-2.1333934572724518,0.07487158973033195
M107W,620.0,1129.0,-0.2953924621615487,0.05075290711470989
M107Y,524.0,941.0,-0.3154716265040056,0.055211385710356595
M107_,483.0,13.0,-6.37444752808374,0.28108993211971567
M109A,281.0,163.0,-1.9457483373912208,0.09884550476540316
M109C,362.0,76.0,-3.411855747773787,0.1264743725638399
M109D,252.0,29.0,-4.278946118781673,0.19625548970366385
M109E,190.0,58.0,-2.8717891604772854,0.1502615609323824
M109F,240.0,191.0,-1.4895336838570135,0.09736051395581942
M109G,786.0,510.0,-1.7841094693586985,0.05753471068892096
M109H,564.0,740.0,-0.7682633126455141,0.05658268216198184
M109I,238.0,139.0,-1.9359208565105606,0.10710966263661752
M109K,788.0,25.0,-6.137724312284361,0.20329848609318749
M109L,543.0,775.0,-0.6468511781054742,0.056649282998994216
M109N,296.0,667.0,0.011975139092566423,0.07038991949928385
M109P,650.0,13.0,-6.8028563831480335,0.2801421733672236
M109Q,426.0,698.0,-0.44772692790183566,0.062106807928562664
M109R,596.0,17.0,-6.29096882770076,0.24605694563874966
M109S,733.0,1183.0,-0.46952985358524124,0.04782037099792956
M109T,580.0,1169.0,-0.14894974513681714,0.05154397639166593
M109V,918.0,344.0,-2.5761467030963,0.06382361330841804
M109W,378.0,310.0,-1.4461969842160656,0.0771257653372852
M109Y,586.0,842.0,-0.6371752535091542,0.05450998526899715
M109_,448.0,18.0,-5.796748185618652,0.2404871101547264
M132A,704.0,668.0,-1.2358135588131862,0.054723546747023
M132C,608.0,462.0,-1.556258310579513,0.06234110784571354
M132D,478.0,31.0,-5.106322705769463,0.1855179697752622
M132E,441.0,45.0,-4.45258123678675,0.15672286351335923
M132F,472.0,912.0,-0.20985511854606909,0.057378802785924894
M132G,623.0,82.0,-4.085470914788995,0.11779641003275419
M132H,1047.0,2975.0,0.34653195924464875,0.03699300827109781
M132I,746.0,375.0,-2.152353239500882,0.06390859710662862
M132K,833.0,60.0,-4.955146316820692,0.13394627189343905
M132L,465.0,531.0,-0.9686100484528328,0.06411664148316225
M132N,770.0,22.0,-6.2887334686806975,0.2163557873943102
M132P,478.0,34.0,-4.973097225674245,0.1776861609563523
M132Q,412.0,448.0,-1.0392357559533787,0.06882199655993779
M132R,640.0,18.0,-6.3113116977274135,0.23909084613019552
M132S,390.0,172.0,-2.3411060126110472,0.09195053522788142
M132T,635.0,235.0,-2.594144501588101,0.076858083835283
M132V,560.0,223.0,-2.4884315228494165,0.07966828021256189
M132W,231.0,31.0,-4.057237210594844,0.1914516325354451
M132Y,1221.0,1165.0,-1.2278200145240028,0.04188799904371666
M132_,757.0,27.0,-5.968834150221972,0.19601418272395174
M150A,521.0,573.0,-1.0228380834730348,0.06116999117087039
M150C,723.0,1090.0,-0.5678334728011807,0.04876246642591
M150D,340.0,10.0,-6.246150635697224,0.32080903741898464
M150E,535.0,809.0,-0.5634956589508553,0.056413218551224525
M150F,616.0,847.0,-0.7006621056855886,0.0536770201979363
M150G,519.0,897.0,-0.37072560433372725,0.05584629391999025
M150H,392.0,441.0,-0.990166424768522,0.06996946643238022
M150I,496.0,597.0,-0.8927014469164387,0.061386894577200216
M150K,125.0,8.0,-5.124184790052692,0.36458271179735546
M150L,431.0,505.0,-0.9314967233663474,0.06616297464500245
M150N,545.0,561.0,-1.118343551059036,0.060783030206466915
M150P,830.0,148.0,-3.647521403304707,0.08965686606738495
M150Q,846.0,1600.0,-0.24075303659917946,0.04340810800411984
M150R,430.0,21.0,-5.515309480386177,0.22360491633657895
M150S,420.0,858.0,-0.12951655214775037,0.06019661033931216
M150T,450.0,885.0,-0.18435064127117506,0.05856067108139171
M150V,337.0,431.0,-0.8051573956226834,0.07324378066429453
M150W,600.0,622.0,-1.108136107852367,0.05789282084749927
M150Y,838.0,1416.0,-0.40329524799428373,0.04446078616153731
M150_,594.0,37.0,-5.164587514903829,0.1696480072463695
M157A,771.0,1558.0,-0.1452043208805458,0.044900924986497094
M157C,734.0,1366.0,-0.26399091528426855,0.04660136203285048
M157D,339.0,871.0,0.2012741152445061,0.06461506449505683
M157E,515.0,1233.0,0.09942481271285253,0.05319757439800849
M157F,582.0,569.0,-1.1926772713021947,0.05960596040555364
M157G,596.0,1232.0,-0.112481812755024,0.050663147776235616
M157H,794.0,1366.0,-0.37734837432042756,0.045483377910713614
M157I,891.0,2168.0,0.12277054550365474,0.04075319577792758
M157K,790.0,1436.0,-0.2979643615382068,0.045160041677082
M157L,764.0,1859.0,0.12278376710311534,0.04386402551609032
M157N,622.0,1278.0,-0.12119789183946583,0.04967299374107957
M157P,468.0,407.0,-1.3615624522254848,0.06834396236800418
M157Q,682.0,1349.0,-0.17605109233256222,0.04779944697811042
M157R,481.0,646.0,-0.7345977268942088,0.06086190214634354
M157S,1085.0,2114.0,-0.1978134751903564,0.03836578909137013
M157T,1197.0,2125.0,-0.3320529114714179,0.03719206301403035
M157V,497.0,985.0,-0.17322384545763558,0.055718028431862666
M157W,527.0,1179.0,0.001586375494369463,0.05313111187966255
M157Y,297.0,855.0,0.36534245068948135,0.06792433723908663
M157_,685.0,37.0,-5.370225345447834,0.16898759044272105
M172A,836.0,1734.0,-0.10756722289463294,0.04301284116710267
M172C,441.0,779.0,-0.3392568586211322,0.06023662896433605
M172D,161.0,183.0,-0.9753151488324718,0.10840768085045094
M172E,1192.0,1065.0,-1.322616699113496,0.04307117455884029
M172F,668.0,1448.0,-0.04395737616890294,0.047590284357132785
M172G,629.0,1308.0,-0.10386862482829873,0.049310938084583374
M172H,496.0,742.0,-0.579017913905755,0.05866027394156222
M172I,444.0,714.0,-0.4747352264529452,0.061073650270153816
M172K,408.0,682.0,-0.4188989559931189,0.06320144858094658
M172L,685.0,1615.0,0.07725880667652962,0.046435681724983906
M172N,573.0,648.0,-0.9826315769736294,0.05801383391014602
M172P,914.0,1121.0,-0.8655700439561285,0.0454244566022212
M172Q,418.0,550.0,-0.7641669439486769,0.06548041423540307
M172R,481.0,453.0,-1.246611326888484,0.06605803711957418
M172S,562.0,902.0,-0.4775397101919987,0.054453756076853155
M172T,275.0,419.0,-0.5525867409827177,0.07810286753628
M172V,585.0,830.0,-0.6554199047538347,0.054693929026913474
M172W,425.0,605.0,-0.6506251352651686,0.06389835426677065
M172Y,495.0,977.0,-0.17917167859003236,0.055865381120001015
M172_,511.0,22.0,-5.697207810361904,0.2178716392123957
M1A,556.0,27.0,-5.523632622546155,0.19722855300298137
M1C,727.0,17.0,-6.577607499430649,0.24544183261568214
M1D,1066.0,33.0,-6.17326136001017,0.176943992477835
M1E,877.0,69.0,-4.82780329186492,0.12533211880337727
M1F,988.0,57.0,-5.275326074366669,0.13649236771792872
M1G,267.0,4.0,-7.217235064555347,0.5031888167560589
M1H,1307.0,56.0,-5.704529277835874,0.1367344446721176
M1I,611.0,31.0,-5.460477897855435,0.18428658413222526
M1K,540.0,54.0,-4.4817750072387215,0.14298306185969403
M1L,784.0,34.0,-5.686928481824893,0.1753734851311715
M1N,1120.0,34.0,-6.201496134197765,0.1742791281910041
M1P,524.0,31.0,-5.238876249822648,0.18502235322691715
M1Q,227.0,17.0,-4.898388141887723,0.25153784722417705
M1R,663.0,52.0,-4.832257024270905,0.14426570353122684
M1S,487.0,18.0,-5.917168646812493,0.2401151870334782
M1T,908.0,37.0,-5.776808482427529,0.16792344231050324
M1V,539.0,17.0,-6.145944329795011,0.24641722636370667
M1W,482.0,22.0,-5.612919364272722,0.21814166970246587
M1Y,925.0,44.0,-5.553653022440389,0.15453293055907866
M1_,601.0,38.0,-5.143025402371103,0.16748128413463068
M263A,925.0,1549.0,-0.4162817465819142,0.04247224552507044
M263C,842.0,1875.0,-0.005098319524087458,0.04240534708846876
M263D,1565.0,3498.0,0.0002752009314654913,0.0316559473345593
M263E,912.0,1604.0,-0.3455257493552901,0.0423929868806924
M263F,734.0,1617.0,-0.020630359499481443,0.04536577174617906
M263G,1299.0,1936.0,-0.5844134694476759,0.03692684516393778
M263H,524.0,1119.0,-0.06553065702468341,0.053658701178403975
M263I,1145.0,1456.0,-0.813427271139215,0.04046494667285966
M263K,559.0,27.0,-5.5313958834138495,0.1972040823119307
M263L,935.0,2020.0,-0.04877860194753314,0.04051916773420952
M263N,1122.0,2627.0,0.06724882108630004,0.03673101113213689
M263P,853.0,1392.0,-0.45355232144606106,0.04436162152701694
M263Q,1028.0,1807.0,-0.3463371453954043,0.040042504586413084
M263R,1404.0,1421.0,-1.1427238410298508,0.03864219295508105
M263S,1008.0,1802.0,-0.32199027104928923,0.04030183803592927
M263T,736.0,1798.0,0.12851643458367334,0.044632905421974296
M263V,880.0,969.0,-1.0210957008990649,0.04738755574037414
M263W,1176.0,2393.0,-0.13516123929759827,0.036680584511202596
M263Y,1176.0,2395.0,-0.13395598524703312,0.036675827435415545
M263_,1063.0,54.0,-5.458872147247181,0.1397607360543882
M296A,901.0,131.0,-3.941953518189309,0.09391549036790105
M296C,1072.0,414.0,-2.53266818062406,0.05852756901659276
M296D,988.0,63.0,-5.130960266184866,0.13023010739803226
M296E,908.0,462.0,-2.134871444709531,0.05781879792435854
M296F,877.0,39.0,-5.650764726481348,0.16386561317037965
M296G,1137.0,57.0,-5.477973468126549,0.13600562738759184
M296H,1029.0,31.0,-6.212467003385612,0.18247388448845583
M296I,949.0,952.0,-1.1555338986566595,0.046705325522901325
M296K,819.0,64.0,-4.83759919040428,0.13007995198937092
M296L,988.0,2377.0,0.10646308659902903,0.03885975702146881
M296N,1990.0,66.0,-6.074034609216341,0.12541522425316232
M296P,968.0,37.0,-5.869122247584204,0.1677200649884482
M296Q,1295.0,1929.0,-0.5851899530621716,0.03698437590841751
M296R,1242.0,665.0,-2.0613161862258114,0.04884804913168478
M296S,918.0,23.0,-6.478264317548796,0.21124849553902547
M296T,725.0,855.0,-0.922146937743908,0.051245652554975964
M296V,951.0,38.0,-5.805096918026118,0.16564307520518293
M296W,788.0,21.0,-6.389153207792286,0.22122985947936058
M296Y,1171.0,98.0,-4.738767967298576,0.10551896891132731
M296_,638.0,35.0,-5.347827406746508,0.17380417086942973
M308A,625.0,963.0,-0.5364158305005473,0.052111743764243094
M308C,1046.0,1937.0,-0.27115257904025114,0.03936396858128074
M308D,908.0,26.0,-6.285657218784757,0.19906106934334797
M308E,656.0,35.0,-5.387966177136831,0.17368040553289754
M308F,828.0,1485.0,-0.3173347875114194,0.044253357421448994
M308G,4028.0,1553.0,-2.5350874826187657,0.031135526768323946
M308H,1180.0,43.0,-5.938070481294331,0.1554834587636547
M308I,491.0,980.0,-0.16304327353880677,0.05598450474468312
M308K,1946.0,104.0,-5.385812313294077,0.10102267440358415
M308L,873.0,1772.0,-0.13877067613696425,0.04227341687174262
M308N,620.0,500.0,-1.4704218731247654,0.060746076697275976
M308P,1170.0,37.0,-6.142549251657119,0.16718751918158362
M308Q,2047.0,1374.0,-1.7352129831508072,0.035966133530403545
M308R,873.0,141.0,-3.7902880387210143,0.09118336743819448
M308S,1123.0,991.0,-1.3404865910905697,0.044461041325170925
M308T,556.0,477.0,-1.3811786564128639,0.06302515001388226
M308V,781.0,1788.0,0.03485454245585462,0.04378267861663917
M308W,1630.0,448.0,-3.0233653123063022,0.0540632483674879
M308Y,6211.0,309.0,-5.489189795980108,0.05894399254179624
M308_,914.0,62.0,-5.041724492047179,0.13152094804974704
M338A,735.0,1774.0,0.11109102158732931,0.04473778055737692
M338C,1402.0,3376.0,0.10773520081081811,0.03296540534222624
M338D,1135.0,156.0,-4.023081933779906,0.08583789169445001
M338E,1180.0,43.0,-5.938070481294331,0.1554834587636547
M338F,975.0,1893.0,-0.20289422557749237,0.04038735390410357
M338G,766.0,1687.0,-0.02105394287858875,0.04444636454918803
M338H,1051.0,30.0,-6.29027660399056,0.18534006657845697
M338I,792.0,1381.0,-0.35795412188676856,0.04543089984244649
M338K,1227.0,57.0,-5.587875532200147,0.13576825926348113
M338L,664.0,1416.0,-0.06753275698464645,0.04784829923000075
M338N,2506.0,70.0,-6.321774691794976,0.12149058847782082
M338P,1066.0,28.0,-6.410222515158199,0.19161644316610457
M338Q,889.0,160.0,-3.6341249135570965,0.08632325735685452
M338R,2281.0,89.0,-5.83964887074505,0.10839900202268288
M338S,1350.0,2601.0,-0.21398548494017833,0.03467635952366691
M338T,1741.0,3212.0,-0.27653544216449655,0.0310315870546014
M338V,175.0,248.0,-0.6571264038301248,0.09911257893933413
M338W,544.0,132.0,-3.2030732878761636,0.09741988412796941
M338Y,1542.0,173.0,-4.315972124917812,0.08065832605928837
M338_,653.0,26.0,-5.810054117585759,0.2001383770994869
M361A,1065.0,21.0,-6.823734341621289,0.22048262883095887
M361C,1757.0,724.0,-2.439128210477185,0.04502881009111426
M361D,973.0,46.0,-5.562522607701259,0.1511270751793773
M361E,1179.0,692.0,-1.9287985008844046,0.04868761311797712
M361F,740.0,1249.0,-0.4049189809385272,0.04721457205096539
M361G,2143.0,69.0,-6.116776675960321,0.1226153967912669
M361H,711.0,110.0,-3.852322515925815,0.1028288934152882
M361I,552.0,966.0,-0.3527436158691142,0.05407398614463998
M361K,1169.0,43.0,-5.9245586666215875,0.15550909998888846
M361L,801.0,1242.0,-0.5273027064322031,0.04616079486890468
M361N,716.0,137.0,-3.545785878208542,0.09366223614031935
M361P,1348.0,57.0,-5.723559724306989,0.13549858006611976
M361Q,454.0,824.0,-0.30014956589051245,0.0591051671454045
M361R,1446.0,70.0,-5.5284600495818985,0.12268855094185353
M361S,655.0,32.0,-5.515009687402006,0.1812296341562292
M361T,803.0,434.0,-2.0477770068747416,0.06022173612191145
M361V,813.0,682.0,-1.4135675415747304,0.05266402902509608
M361W,975.0,169.0,-3.688395742143891,0.08378358302340988
M361Y,809.0,41.0,-5.4621972238709855,0.16030478407940685
M361_,1088.0,61.0,-5.316589612728908,0.1318602041362414
M388A,927.0,1825.0,-0.18283977482119518,0.041278660823881895
M388C,814.0,1897.0,0.06052152380996034,0.04281214906979935
M388D,1591.0,3768.0,0.08377255322528399,0.03116363682805298
M388E,550.0,1263.0,0.039248970475731504,0.05183779269102633
M388F,1073.0,2360.0,-0.02295788581447944,0.03785410682387686
M388G,1132.0,2707.0,0.09772617723374388,0.036469772597491616
M388H,1189.0,1310.0,-1.0202703610944184,0.041007772347120046
M388I,587.0,1306.0,-0.006378379193026973,0.050462739069178884
M388K,794.0,1852.0,0.06177546914026433,0.043320116477008654
M388L,896.0,2148.0,0.10132663391453622,0.040729040930135234
M388N,1098.0,2095.0,-0.22802140033937146,0.038279391715280435
M388P,1320.0,2972.0,0.010802774070608478,0.03422413275698106
M388Q,1684.0,3871.0,0.04072199206728211,0.03048605971023495
M388R,1183.0,2601.0,-0.023477659924229677,0.03615267691628192
M388S,884.0,2130.0,0.10863827189698672,0.04096265260657222
M388T,1279.0,2649.0,-0.1096615911959038,0.03516536443858227
M388V,1351.0,3209.0,0.08800259500880081,0.033601460988088756
M388W,1042.0,2186.0,-0.09115645933197136,0.03865729890826659
M388Y,1023.0,1800.0,-0.34490266313769613,0.040128651136715994
M388_,1266.0,3358.0,0.24723038910673267,0.03413103014023642
M52A,392.0,1009.0,0.203890773173117,0.060160405663727524
M52C,893.0,2268.0,0.18459142834942543,0.040471867685934845
M52D,275.0,35.0,-4.133732449479965,0.1796573061949838
M52E,1584.0,59.0,-5.906565511786834,0.1328715095831499
M52F,911.0,1149.0,-0.82523477845778,0.045224394499972995
M52G,896.0,841.0,-1.2514792158405301,0.048809364857764145
M52H,796.0,37.0,-5.586886851251565,0.16838419951191477
M52I,510.0,362.0,-1.6545833217703594,0.06928455181690286
M52K,851.0,34.0,-5.805232510629139,0.17508694890104703
M52L,938.0,1471.0,-0.5109554912135854,0.042698247845359645
M52N,1017.0,15.0,-7.242353414771436,0.26015913390559203
M52P,623.0,35.0,-5.313503690445839,0.1739126991678644
M52Q,682.0,21.0,-6.180732162894693,0.22167518006548761
M52R,962.0,58.0,-5.211765703348561,0.13548116484153844
M52S,950.0,2229.0,0.0703011471924695,0.03973032571080251
M52T,544.0,1444.0,0.24828831964174647,0.05106824948153735
M52V,1740.0,2429.0,-0.6788145050162813,0.03261362172239144
M52W,778.0,23.0,-6.239543147093407,0.21171193787233913
M52Y,546.0,12.0,-6.666706654770771,0.2918435601839694
M52_,835.0,147.0,-3.6659665180624517,0.0898726733743032
M84A,274.0,590.0,-0.05357647564080459,0.07363176618823494
M84C,742.0,1628.0,-0.02648831085469272,0.04515734928912381
M84D,662.0,542.0,-1.4486208775587608,0.05858996698811274
M84E,297.0,587.0,-0.177213762282312,0.07174738404196257
M84F,61.0,99.0,-0.4615588231086285,0.1629969144968621
M84G,526.0,998.0,-0.23612329260468723,0.054592555640751404
M84H,659.0,411.0,-1.8412141987416204,0.06346421909068539
M84I,393.0,668.0,-0.39478365908319457,0.064177073142875
M84K,634.0,163.0,-3.1196324620255274,0.08825589940453551
M84L,365.0,816.0,0.000563505794280772,0.06357967260155058
M84N,359.0,240.0,-1.7410168501428638,0.08384020166949764
M84P,263.0,99.0,-2.5695588411199237,0.11823440836975364
M84Q,536.0,739.0,-0.6967533669222163,0.05741121074329415
M84R,658.0,51.0,-4.849344840440665,0.14560556850663986
M84S,609.0,1289.0,-0.07836170364630757,0.04995044499901222
M84T,710.0,1614.0,0.024650930945964156,0.045883050645786856
M84V,381.0,769.0,-0.14691384154209342,0.06326313980159229
M84W,1692.0,13531.0,1.8393721937842087,0.02724272362047321
M84Y,521.0,1006.0,-0.2108256592949349,0.05468659326381909
M84_,610.0,30.0,-5.5054050062089015,0.1871865164337025
M95A,287.0,641.0,-0.000841477571448479,0.07156455717326883
M95C,1071.0,2378.0,-0.009304505692041332,0.03783472476348667
M95D,464.0,825.0,-0.329831628155949,0.05868970189639085
M95E,341.0,627.0,-0.2814129311051561,0.067857091305567
M95F,665.0,955.0,-0.6379475323270292,0.05126494769252898
M95G,245.0,509.0,-0.10523397083918873,0.07825159825392523
M95H,456.0,576.0,-0.8230589408908786,0.06329505476689624
M95I,634.0,1373.0,-0.045322704719728435,0.0488143178253612
M95K,585.0,191.0,-2.7749004529211074,0.08379707097692264
M95L,560.0,1008.0,-0.3121018802843647,0.0534320565807033
M95N,657.0,925.0,-0.6665337039990291,0.051772240284730445
M95P,603.0,551.0,-1.290190762483646,0.05958561074656281
M95Q,655.0,1156.0,-0.340522296665255,0.049688905105940984
M95R,614.0,48.0,-4.836942647994572,0.1501162234780467
M95S,466.0,1114.0,0.09724202738490373,0.05586397166179349
M95T,456.0,498.0,-1.0329780873475167,0.06540775790776918
M95V,600.0,1246.0,-0.10583014066112995,0.05046235515905018
M95W,529.0,1094.0,-0.1118283109392344,0.05368091358346603
M95Y,972.0,1325.0,-0.7131271505474057,0.043136480001183156
M95_,336.0,12.0,-5.966283450599019,0.2937980551917536
N11A,490.0,238.0,-2.2018763390225757,0.07949545545628911
N11C,355.0,242.0,-1.712880338613834,0.08382202181798247
N11D,707.0,1535.0,-0.04164180868154688,0.046293815212103906
N11E,1427.0,579.0,-2.4614226116774462,0.05005097847998589
N11F,236.0,389.0,-0.4391280844646088,0.08297581107267527
N11G,587.0,545.0,-1.267189716476624,0.06013007427153563
N11H,943.0,97.0,-4.441155030656086,0.10698550561296823
N11I,836.0,134.0,-3.801266875883395,0.09346409072024404
N11K,340.0,204.0,-1.8970246441751417,0.08899471385139941
N11L,656.0,99.0,-3.888158994298636,0.10817395956635813
N11M,961.0,376.0,-2.5138677494523556,0.06145994025844427
N11P,332.0,158.0,-2.231298167299715,0.09704596573472458
N11Q,369.0,170.0,-2.278127641938953,0.09310858833756466
N11R,562.0,15.0,-6.38668725591454,0.2616845968408036
N11S,481.0,668.0,-0.6862845246123035,0.06044163347517864
N11T,297.0,65.0,-3.3518652835712084,0.13720928361500911
N11V,557.0,467.0,-1.4143371231065887,0.06335479695943205
N11W,214.0,8.0,-5.899819494885892,0.35999148953426735
N11Y,911.0,1734.0,-0.2315139139034148,0.04185247132725603
N11_,638.0,18.0,-6.306796287268736,0.2391010888077939
N128A,301.0,404.0,-0.7355077504859082,0.07664583253668203
N128C,306.0,452.0,-0.5973114457627577,0.07454834753210479
N128D,657.0,43.0,-5.0932586298516185,0.15763788362058123
N128E,251.0,39.0,-3.845916274483759,0.17232413165251254
N128F,497.0,1048.0,-0.08378163873136035,0.055167653032759285
N128G,557.0,107.0,-3.540044943899682,0.10591255620520086
N128H,695.0,1027.0,-0.5967427487879577,0.04989766721406644
N128I,405.0,385.0,-1.2331489487756073,0.07171930418976584
N128K,717.0,427.0,-1.9078107208750605,0.06175592959053611
N128L,593.0,660.0,-1.0056558870353784,0.05725984093719696
N128M,398.0,527.0,-0.755061678750125,0.06698690550236398
N128P,810.0,21.0,-6.428878988851308,0.22115194766588397
N128Q,864.0,710.0,-1.4432960030663917,0.05141083057554841
N128R,463.0,937.0,-0.14306624514570476,0.05748263787675868
N128S,658.0,912.0,-0.6891472029602959,0.051898570014728106
N128T,684.0,622.0,-1.2971669794039897,0.05609729714199106
N128V,616.0,741.0,-0.8935480961733768,0.05522778598907452
N128Y,693.0,1146.0,-0.43441577947102594,0.04891647960776233
N128_,585.0,39.0,-5.066632719501538,0.1655930971249931
N137A,1134.0,21.0,-6.914300727204003,0.22035302978513926
N137C,350.0,24.0,-5.025776169683802,0.21114834272334365
N137D,290.0,3.0,-7.750282687314807,0.5794405225758902
N137E,723.0,10.0,-7.334589059077806,0.31837156791412774
N137F,608.0,12.0,-6.821874332892096,0.29152342122664
N137G,407.0,13.0,-6.127458710978015,0.281776758300964
N137H,707.0,14.0,-6.817289096917142,0.2699430369734338
N137I,610.0,20.0,-6.090127157901449,0.22735782041453098
N137K,948.0,49.0,-5.43384156252278,0.1467517938532671
N137L,355.0,6.0,-7.044438199217834,0.411440666153134
N137M,433.0,7.0,-7.108929425735957,0.380841195857767
N137P,659.0,21.0,-6.131239627167078,0.22179057453644563
N137Q,749.0,36.0,-5.538602812568344,0.170828592900616
N137R,525.0,18.0,-6.025562153103461,0.23980551023945987
N137S,461.0,674.0,-0.6121153860368862,0.06107418831195073
N137T,389.0,84.0,-3.3712616068572903,0.12062844385125329
N137V,707.0,14.0,-6.817289096917142,0.2699430369734338
N137W,905.0,33.0,-5.937046026854048,0.1774149349300074
N137Y,650.0,48.0,-4.919142409207235,0.14981548802254005
N137_,506.0,27.0,-5.387687688475732,0.19767857457234844
N200A,1099.0,1540.0,-0.6733521315691515,0.04045373755791791
N200C,696.0,1536.0,-0.01807966787811921,0.04653006571963221
N200D,895.0,2218.0,0.14920282603632717,0.04056364343136455
N200E,647.0,1129.0,-0.3568889878434982,0.05008544234366732
N200F,1112.0,1407.0,-0.820624516682944,0.041076125825852225
N200G,869.0,2001.0,0.043196356217289456,0.04156598360722074
N200H,372.0,801.0,-0.05360848627890302,0.06335433898943302
N200I,818.0,1248.0,-0.5506482278579812,0.04583670140027449
N200K,546.0,1025.0,-0.251448631303961,0.05370583904778441
N200L,1314.0,2014.0,-0.5439927454116802,0.0365349107280334
N200M,1046.0,2077.0,-0.17047581883419838,0.03891945217916078
N200P,3002.0,7523.0,0.16529388830854375,0.023308459602281895
N200Q,910.0,1743.0,-0.22246079464638235,0.04183130189909813
N200R,701.0,1451.0,-0.11053680463355242,0.0468288044027816
N200S,408.0,1002.0,0.1361331525290268,0.059381503637324154
N200T,443.0,957.0,-0.04889260211407809,0.05813308155382424
N200V,787.0,1379.0,-0.3509082906358225,0.045530631557484574
N200W,939.0,1783.0,-0.2349849697806521,0.041268018572240404
N200Y,409.0,644.0,-0.5051403632280174,0.06383531576040165
N200_,851.0,41.0,-5.535215773009764,0.16011439491235643
N234A,1036.0,2424.0,0.06627038488803816,0.03814485315386184
N234C,647.0,1668.0,0.2061806855884969,0.04714166497850383
N234D,886.0,2174.0,0.13487635240322593,0.04081523660780828
N234E,1069.0,2603.0,0.12381816838629955,0.03737464647685283
N234F,1112.0,2463.0,-0.012834613621334867,0.03718236670763311
N234G,779.0,2112.0,0.2788155754705679,0.04283003382204069
N234H,712.0,1578.0,-0.011950397893987663,0.04599383462460146
N234I,749.0,1893.0,0.17753780990961054,0.04405228153711836
N234K,584.0,1272.0,-0.037042302206501176,0.05075140796185942
N234L,1093.0,2297.0,-0.08863679991119344,0.03778229606778386
N234M,740.0,1940.0,0.23036008032648692,0.04409130268268129
N234P,1515.0,3876.0,0.19515763942758202,0.03154849507980439
N234Q,1155.0,2713.0,0.07190168583003809,0.03621651948153831
N234R,738.0,1683.0,0.029244141788587363,0.045015745531346976
N234S,688.0,1709.0,0.15257206240917487,0.045998369006349696
N234T,531.0,1259.0,0.08539146974448286,0.05248549508729779
N234V,513.0,1128.0,-0.02336633288924883,0.05397263497635836
N234W,1480.0,2914.0,-0.18268843249498223,0.0331072417068071
N234Y,820.0,1747.0,-0.06891287925624923,0.04323369650856419
N234_,1073.0,44.0,-5.76777567654549,0.15404971599132142
N2A,800.0,1724.0,-0.05240913302219408,0.043672371541310796
N2C,71.0,5.0,-4.98522703529826,0.4623424819471753
N2D,825.0,1811.0,-0.025776336059767146,0.042913089005072715
N2E,316.0,875.0,0.3092419551700143,0.06621593104700768
N2F,480.0,1088.0,0.020468112774295832,0.055494574081410994
N2G,714.0,21.0,-6.246883549839878,0.22152691011532916
N2H,604.0,1491.0,0.14355825642953768,0.04902587748736461
N2I,707.0,1440.0,-0.13381103256278593,0.04675569906271429
N2K,1911.0,2359.0,-0.8562411304875193,0.032006854886988845
N2L,737.0,22.0,-6.2255404811211354,0.2164901291034686
N2M,595.0,30.0,-5.469486028181163,0.18729687282262555
N2P,696.0,1413.0,-0.13849560066074407,0.04713511072104336
N2Q,831.0,1789.0,-0.053863628371367156,0.04289023132654098
N2R,581.0,1585.0,0.28776970570648963,0.04928793198893192
N2S,752.0,57.0,-4.881552277003921,0.1376510097728372
N2T,843.0,1833.0,-0.039494330503325514,0.04253263372223596
N2V,464.0,17.0,-5.929788188507101,0.2470249426001407
N2W,433.0,22.0,-5.458256629855023,0.2186791206157609
N2Y,627.0,900.0,-0.6386347580736542,0.052756215580951026
N2_,599.0,29.0,-5.528045224261282,0.1903090695326522
N315A,1043.0,2444.0,0.06840986115581327,0.03801546828291583
N315C,830.0,1586.0,-0.22588609292210027,0.043732898732069314
N315D,982.0,1202.0,-0.8684480595572737,0.043903394228827344
N315E,1262.0,2464.0,-0.19480256801332763,0.03571383315374522
N315F,684.0,1149.0,-0.41178530511809264,0.049086963611231334
N315G,872.0,986.0,-0.9828297382883973,0.04730975542585429
N315H,1164.0,2599.0,-0.0012286047564469271,0.036347072239597614
N315I,338.0,647.0,-0.22336525593033052,0.06768539088884007
N315K,1103.0,238.0,-3.3724391128340434,0.07200946364424499
N315L,544.0,705.0,-0.786076787273247,0.057739671995842304
N315M,562.0,1115.0,-0.17169839404188192,0.05247312964408463
N315P,1242.0,46.0,-5.914672859784997,0.15038883164007333
N315Q,756.0,905.0,-0.9005589211361338,0.05004940173580123
N315R,610.0,25.0,-5.76834326762622,0.20420718010719904
N315S,1518.0,3463.0,0.029757921876137683,0.03201205931425376
N315T,674.0,1552.0,0.04320861484094962,0.0469598965019845
N315V,1036.0,1787.0,-0.37357755798648107,0.040026044377676595
N315W,1689.0,2999.0,-0.33177887407739215,0.03166630381527427
N315Y,532.0,734.0,-0.6957409826567433,0.05761329531352496
N315_,735.0,26.0,-5.980712910963589,0.19971110529538944
N319A,570.0,723.0,-0.8170589652057183,0.05669841746249426
N319C,812.0,1495.0,-0.2795016021065315,0.04447080385740478
N319D,1174.0,2484.0,-0.0788610526497191,0.0364911631977397
N319E,1512.0,3050.0,-0.1477410453835537,0.032657123057046954
N319F,718.0,536.0,-1.5818313578075704,0.05775485883876298
N319G,1542.0,2663.0,-0.3718416121653778,0.0331853547743457
N319H,1438.0,1766.0,-0.8636675331854797,0.03659101374715822
N319I,1175.0,1456.0,-0.8507401079090227,0.04018847693217518
N319K,1980.0,2023.0,-1.1290916023208277,0.032811728173018244
N319L,784.0,547.0,-1.679392185525714,0.05639913741127325
N319M,842.0,1241.0,-0.6004818688019924,0.045504705827427334
N319P,2105.0,80.0,-5.87759028813597,0.11423985050130676
N319Q,920.0,1554.0,-0.4038129972349713,0.04251693581824462
N319R,872.0,1510.0,-0.36794581793505987,0.04343122990735714
N319S,1419.0,5340.0,0.7518703502019894,0.031132472713153586
N319T,1676.0,3528.0,-0.08626344385362383,0.030941067878723177
N319V,1215.0,2147.0,-0.3387266140864522,0.03696012893872894
N319W,1324.0,1157.0,-1.3546000219640475,0.04119255625853478
N319Y,842.0,842.0,-1.1600873370376972,0.04952289696620564
N319_,1420.0,76.0,-5.383655381967368,0.11805775144878702
N332A,1763.0,1429.0,-1.4631119826199517,0.03666395429809542
N332C,1106.0,1938.0,-0.350875751829661,0.03869615986408245
N332D,900.0,747.0,-1.4289008122639864,0.0502694494925176
N332E,1382.0,3492.0,0.17720229848179425,0.03297272221593461
N332F,870.0,66.0,-4.880362817422129,0.12796827932169855
N332G,1229.0,254.0,-3.434626791462831,0.06948211662762067
N332H,925.0,1692.0,-0.2888901093990226,0.041825005331455264
N332I,1370.0,429.0,-2.835190579105255,0.05601891017868405
N332K,1571.0,113.0,-4.9572573567,0.09778832369997204
N332L,663.0,217.0,-2.7713564425372974,0.07869945409735768
N332M,1659.0,730.0,-2.3444217875622075,0.04527540161838268
N332P,817.0,33.0,-5.789466030073535,0.17775003290231528
N332Q,1229.0,1639.0,-0.7447593347734571,0.038743206573700756
N332R,703.0,23.0,-6.09329965949273,0.2120355370864432
N332S,1512.0,2410.0,-0.4875158854697039,0.0339640390190892
N332T,1206.0,1093.0,-1.3020226065164286,0.042677088176430844
N332V,1530.0,1701.0,-1.0072367968754667,0.03631425535131197
N332W,860.0,33.0,-5.863465728605547,0.17757780308090965
N332Y,1141.0,383.0,-2.7349448076882448,0.059703961490159364
N332_,1551.0,102.0,-5.086512834023777,0.10259118034402628
N340A,433.0,968.0,0.0005342711001459222,0.05847829758002884
N340C,723.0,580.0,-1.4780251642861408,0.0564310513904456
N340D,429.0,959.0,0.00044724528327400037,0.05874469007963196
N340E,996.0,2997.0,0.4292044283797787,0.03761542891593621
N340F,1270.0,33.0,-6.4258802450081625,0.17651768847589275
N340G,1187.0,2566.0,-0.04789263332795812,0.036185792821719645
N340H,955.0,806.0,-1.404805438776946,0.0486316509286083
N340I,761.0,96.0,-4.14674616467358,0.10865943820649392
N340K,793.0,36.0,-5.620956891087085,0.17061163687993708
N340L,1544.0,121.0,-4.833571254812236,0.09480871623233943
N340M,1441.0,797.0,-2.014497953494848,0.04500995149418891
N340P,1340.0,42.0,-6.155454508011768,0.15693109294830893
N340Q,1628.0,4266.0,0.22969044914164494,0.030428712431172043
N340R,452.0,5.0,-7.65548761371121,0.44932214218731004
N340T,1199.0,2865.0,0.09660914633277429,0.03550083018709199
N340V,1244.0,703.0,-1.9834683034443055,0.04799537012399936
N340W,1179.0,40.0,-6.041158852993849,0.16099431483902488
N340Y,1319.0,354.0,-3.057680820437288,0.06049935494325471
N340_,1398.0,72.0,-5.4391209402432885,0.12115903281111755
N387A,978.0,2594.0,0.24717558250511296,0.038538767231940975
N387C,1641.0,3801.0,0.05171145333914007,0.030817485272786372
N387D,1439.0,3293.0,0.03424293826408675,0.03280006652297594
N387E,1903.0,2957.0,-0.5242313574266864,0.030674278796865774
N387F,880.0,1592.0,-0.30482976206107004,0.04291545296132441
N387G,1242.0,2688.0,-0.04622562117568885,0.03541775746105766
N387H,929.0,2212.0,0.09150453946433412,0.04007169601972869
N387I,565.0,889.0,-0.5061640915106125,0.05451582834734399
N387K,274.0,639.0,0.061522626016409454,0.07274387397861479
N387L,1355.0,3129.0,0.04731543352044376,0.03368739315316621
N387M,1036.0,3415.0,0.56076453746926,0.03654196465847121
N387P,1710.0,2675.0,-0.5145478141811131,0.03218494837124044
N387Q,1187.0,2904.0,0.13062699518852128,0.03555352217112335
N387R,1180.0,2573.0,-0.03542935868717034,0.0362401564042983
N387S,909.0,2004.0,-0.01956570012278025,0.04094320500837519
N387T,945.0,2056.0,-0.038641556503506536,0.04027179458850852
N387V,1330.0,2952.0,-0.009826821486163428,0.03417418481416149
N387W,1149.0,2047.0,-0.3269605408648735,0.037895652320674746
N387Y,927.0,1652.0,-0.32652172421874326,0.04196795025594988
N387_,726.0,1687.0,0.0563198633709332,0.04524825777353742
N90A,405.0,476.0,-0.9270529847607616,0.06816978554368695
N90C,322.0,450.0,-0.6772357678998091,0.07351812756366712
N90D,351.0,587.0,-0.41821438885058093,0.06804203697938661
N90E,663.0,1356.0,-0.12782205465130758,0.048197294392397824
N90F,635.0,698.0,-1.0236189430802876,0.055539816375810264
N90G,196.0,443.0,0.016324668501850326,0.0862340682772599
N90H,469.0,1026.0,-0.030733133419722947,0.05642737537715326
N90I,760.0,4177.0,1.298292953987834,0.04040329790794524
N90K,381.0,405.0,-1.0719586706136806,0.07190915441099067
N90L,438.0,754.0,-0.37646748747754444,0.06071691590913972
N90M,206.0,363.0,-0.3427924151476063,0.08767055928017978
N90P,585.0,413.0,-1.6623719096715153,0.06486809686729697
N90Q,393.0,1032.0,0.23273168633188934,0.05992241648823093
N90R,485.0,80.0,-3.7598495995976737,0.12098553415773781
N90S,548.0,1172.0,-0.06337658225548104,0.05249064565783314
N90T,475.0,1024.0,-0.05188732371351179,0.05620516366404069
N90V,329.0,658.0,-0.1601092619944371,0.06809114229095697
N90W,274.0,338.0,-0.8572499532050859,0.08176333418439573
N90Y,265.0,459.0,-0.3676085524474555,0.07764852159982606
N90_,1006.0,46.0,-5.610640716348408,0.1510154961915378
P110A,619.0,9.0,-7.262379136891461,0.33567919618534103
P110C,381.0,8.0,-6.731970147411685,0.35713554390330504
P110D,628.0,25.0,-5.8102979061911455,0.20409210261888655
P110E,733.0,22.0,-6.217689166981006,0.2165072289205536
P110F,642.0,40.0,-5.164250572299483,0.16318274516843947
P110G,466.0,13.0,-6.322755383537781,0.28122424526816653
P110H,914.0,48.0,-5.4108904455351885,0.14832505693484552
P110I,527.0,137.0,-3.103636478707874,0.09629892596124327
P110K,562.0,19.0,-6.045852700886677,0.23336766931106992
P110L,1353.0,134.0,-4.495847273659665,0.09098610416387126
P110M,415.0,8.0,-6.8552873839550905,0.35683437920463046
P110N,405.0,9.0,-6.650373950430873,0.33694823757109055
P110Q,1822.0,36.0,-6.821076804596979,0.16851159277895134
P110R,948.0,24.0,-6.463282305702119,0.20683665681317417
P110S,349.0,14.0,-5.79882684996582,0.2726171004785142
P110T,873.0,57.0,-5.096798609930543,0.13697990068559843
P110V,677.0,44.0,-5.103361203954259,0.1558089865499192
P110W,423.0,32.0,-4.884184524249392,0.18352519269719578
P110Y,868.0,54.0,-5.166500547119779,0.14051476392170306
P110_,210.0,11.0,-5.4136589890423705,0.3092983155162966
P121A,699.0,1500.0,-0.05850021836141028,0.04663159381922706
P121C,314.0,604.0,-0.21632540609282191,0.0701246198216786
P121D,223.0,401.0,-0.3135575269135993,0.08399438000495281
P121E,77.0,223.0,0.373903364755126,0.13246387830069825
P121F,228.0,450.0,-0.17922737516251086,0.08176303575633903
P121G,465.0,877.0,-0.24475578570580314,0.058034281787162086
P121H,209.0,454.0,-0.04093523157333312,0.08404941018138988
P121I,451.0,904.0,-0.15690802739914922,0.05831532228096201
P121K,343.0,733.0,-0.06450509361715451,0.06600646475226846
P121L,244.0,667.0,0.290680780398314,0.07533040034612061
P121M,373.0,800.0,-0.05928361157567519,0.06330976441661713
P121N,567.0,953.0,-0.4109701638240848,0.053760514134862394
P121Q,330.0,636.0,-0.21354762966235885,0.06840878707932954
P121R,804.0,1598.0,-0.16909625104430948,0.044122472258866084
P121S,498.0,935.0,-0.2512802540088863,0.056167140812435234
P121T,340.0,680.0,-0.16010855267324864,0.06699929252544509
P121V,405.0,822.0,-0.1388889218602012,0.06134210358179472
P121W,334.0,530.0,-0.49395905347252533,0.07041255437031316
P121Y,541.0,832.0,-0.5391417296876853,0.05592451986194542
P121_,437.0,14.0,-6.123224769120974,0.2715568323856486
P144A,599.0,21.0,-5.993519357786234,0.22213296132775093
P144C,536.0,20.0,-5.903554181065631,0.22785499325347308
P144D,609.0,18.0,-6.239683168191727,0.23925711333071165
P144E,412.0,14.0,-6.038237830009791,0.2718123647194937
P144F,939.0,20.0,-6.712434786643085,0.22609115971301458
P144G,255.0,31.0,-4.199835728225461,0.19038467772547205
P144H,752.0,20.0,-6.392046111231242,0.22667604784437065
P144I,967.0,28.0,-6.269604257424491,0.1918668789994743
P144K,805.0,34.0,-5.725063130672773,0.17527859522930886
P144L,554.0,18.0,-6.103129268147037,0.23959753480981733
P144M,639.0,24.0,-5.894218536739522,0.20806605236019926
P144N,427.0,7.0,-7.088798938795773,0.38088379659092225
P144Q,1705.0,58.0,-6.037422108267732,0.13379896343708256
P144R,597.0,20.0,-6.059049361715174,0.22743630962155229
P144S,533.0,118.0,-3.3353408205190043,0.10211387847678624
P144T,313.0,10.0,-6.126782206666079,0.32120419460340704
P144V,632.0,32.0,-5.463440140716528,0.18138285335944737
P144W,748.0,23.0,-6.1828120057139,0.21183364850255715
P144Y,622.0,17.0,-6.352570065547225,0.24591439057965958
P144_,698.0,17.0,-6.518879996194025,0.2455582222833274
P158A,820.0,1434.0,-0.35374566097612714,0.04465524775045562
P158C,731.0,1140.0,-0.5190039045491597,0.048191329634124064
P158D,1016.0,1394.0,-0.7037610283442186,0.04217636626705265
P158E,1027.0,1681.0,-0.4492092593784234,0.04056882342240792
P158F,737.0,17.0,-6.597316485349308,0.24540381006085518
P158G,1442.0,1368.0,-1.2360897302000744,0.038751953461611616
P158H,774.0,182.0,-3.248421825553163,0.0828457917384153
P158I,1101.0,1055.0,-1.2216582356755028,0.04397003411248335
P158K,689.0,33.0,-5.5436372151123425,0.17838849939164622
P158L,865.0,212.0,-3.188671833409634,0.07713665318424373
P158M,989.0,1558.0,-0.5044398571862265,0.041595734732737574
P158N,794.0,782.0,-1.182057458053884,0.051141320180274966
P158Q,659.0,59.0,-4.641356330840438,0.13616518119462834
P158R,620.0,29.0,-5.577756620975863,0.19016045316094463
P158S,1113.0,3161.0,0.34583170740257607,0.03594534362963309
P158T,710.0,1075.0,-0.5616485061017231,0.04915184018649015
P158V,743.0,1764.0,0.08731786947131503,0.044609592445174845
P158W,742.0,26.0,-5.994387662688607,0.1996789688552696
P158Y,947.0,19.0,-6.798636559923953,0.2318126320291133
P158_,624.0,31.0,-5.490851054989627,0.18419405280033851
P180A,445.0,1090.0,0.13234437269742472,0.05693691167676406
P180C,390.0,721.0,-0.2735791837515755,0.06346832876993763
P180D,470.0,999.0,-0.07227966980337985,0.05662026058579499
P180E,633.0,1379.0,-0.03675461430784477,0.04880738058053576
P180F,607.0,1563.0,0.20444748253875122,0.04862570422578783
P180G,647.0,1302.0,-0.15120672335092777,0.04889645226060879
P180H,625.0,1489.0,0.09231492804617769,0.04846452500543961
P180I,644.0,1099.0,-0.3890378188423762,0.05039771194504511
P180K,791.0,1654.0,-0.09588721866470351,0.04411401600971373
P180L,706.0,1541.0,-0.03397163638334799,0.046288056880015145
P180M,876.0,2742.0,0.4861272515731705,0.039793015379586426
P180N,543.0,1234.0,0.024216076742975545,0.05224176047236134
P180Q,339.0,659.0,-0.20111480989449948,0.06741247489844295
P180R,511.0,1200.0,0.07153566242572484,0.053548892400817304
P180S,623.0,1318.0,-0.07905324604021757,0.04940727556608418
P180T,276.0,738.0,0.2588324902128507,0.07110063956837223
P180V,720.0,1540.0,-0.06323646695788376,0.045994180648231936
P180W,376.0,658.0,-0.3527488587288854,0.06524175120967027
P180Y,823.0,1648.0,-0.15834420568756702,0.04357858557991971
P180_,802.0,24.0,-6.222000253640998,0.2073003344281837
P193A,480.0,1003.0,-0.0968877141403306,0.05619197083235446
P193C,427.0,872.0,-0.1300125136817103,0.05971507340246134
P193D,920.0,1988.0,-0.04848377080334032,0.04083146956905527
P193E,625.0,1251.0,-0.15894519306895116,0.04976522022389329
P193F,525.0,495.0,-1.2449745692080736,0.06326243320321914
P193G,602.0,1441.0,0.09913365327069901,0.04931843779886851
P193H,704.0,1434.0,-0.13370007905503556,0.04685112802570696
P193I,521.0,582.0,-1.000354458664253,0.060949004215431375
P193K,168.0,362.0,-0.0526048919786577,0.09376369189521323
P193L,862.0,838.0,-1.2008244831032115,0.04930143155751731
P193M,522.0,844.0,-0.4669046890298283,0.05637145394864851
P193N,794.0,1579.0,-0.16829611143362921,0.044384533519585545
P193Q,397.0,669.0,-0.4072349082198601,0.06395954057588644
P193R,595.0,1066.0,-0.3188521855844426,0.051922732482087126
P193S,626.0,1208.0,-0.2117125479175126,0.05002474297850339
P193T,840.0,2025.0,0.10936328751916147,0.04197064881337917
P193V,558.0,1073.0,-0.2167866972574366,0.05292720438954691
P193W,510.0,122.0,-3.223613475348717,0.10116345186637596
P193Y,1024.0,1567.0,-0.5463027546115882,0.04113343658986598
P193_,949.0,50.0,-5.406222116311836,0.14535122668103762
P207A,383.0,433.0,-0.9830690538145825,0.0706934367277284
P207C,285.0,27.0,-4.5595343313461205,0.20151729984185157
P207D,352.0,21.0,-5.226555683849073,0.22475422061026443
P207E,558.0,35.0,-5.154539346731271,0.1744494162748517
P207F,951.0,233.0,-3.18915597654566,0.0736235259794606
P207G,450.0,415.0,-1.2768982982369375,0.06862216809671168
P207H,949.0,21.0,-6.657362559346364,0.22074274840356375
P207I,1180.0,1361.0,-0.9542087557417389,0.04073631703840925
P207K,791.0,13.0,-7.086090403327488,0.27965229473312425
P207L,746.0,70.0,-4.573649394722387,0.12530517542215436
P207M,601.0,473.0,-1.5056056484891256,0.06209053596473745
P207N,606.0,65.0,-4.380695378122979,0.13080380458131027
P207Q,821.0,20.0,-6.51869405898966,0.22642939976134735
P207R,605.0,18.0,-6.230176239070052,0.23927979931208296
P207S,390.0,22.0,-5.3073674023767605,0.2192605279705195
P207T,904.0,393.0,-2.3618600467915094,0.061056495091265255
P207V,716.0,568.0,-1.4941507446916509,0.05687186954333624
P207W,841.0,128.0,-3.875953775562227,0.09527950892704959
P207Y,720.0,10.0,-7.3285904015980785,0.3183806183183686
P207_,513.0,17.0,-6.074619239192343,0.2466079399383274
P237A,1236.0,2270.0,-0.28307909953578836,0.03642568130165384
P237C,1011.0,1158.0,-0.9642368924089197,0.043930728684755796
P237D,921.0,38.0,-5.758853227398022,0.1657464305818581
P237E,890.0,73.0,-4.767742898054383,0.122055665055243
P237F,539.0,200.0,-2.5903272429602113,0.08326014522834482
P237G,1215.0,1620.0,-0.7450528062457904,0.03895596559462831
P237H,2898.0,477.0,-3.7630584939622604,0.05018670244788083
P237I,979.0,34.0,-6.007380022048141,0.17464766067192472
P237K,1131.0,48.0,-5.7182202760115795,0.14761574462656937
P237L,959.0,29.0,-6.207010995298031,0.1886554073676826
P237M,1175.0,86.0,-4.932112156506523,0.11204847281486749
P237N,1322.0,40.0,-6.206315987906316,0.16070912890682473
P237Q,930.0,24.0,-6.4356262573439,0.20688600402949162
P237R,1103.0,55.0,-5.485695494436636,0.13842821863148805
P237S,963.0,1365.0,-0.6567985010973487,0.042991334049343626
P237T,806.0,193.0,-3.2222094785268416,0.08061641717588426
P237V,1274.0,789.0,-1.85134844838062,0.04614740378772919
P237W,1265.0,36.0,-6.294694716862616,0.16922712571488255
P237Y,736.0,124.0,-3.7293562427263343,0.09746687453084897
P237_,1128.0,82.0,-4.941923546918828,0.11470571262027882
P24A,917.0,1534.0,-0.41778882105337534,0.042657185834464165
P24C,391.0,512.0,-0.7711208540822518,0.0677334099524018
P24D,449.0,19.0,-5.722004475839883,0.23432512285304247
P24E,678.0,26.0,-5.864255584536772,0.19999726090900974
P24F,1079.0,50.0,-5.591435157198571,0.1449138533460496
P24G,460.0,24.0,-5.420045252121156,0.2095242878368016
P24H,864.0,45.0,-5.422817877352977,0.15314022228357912
P24I,326.0,11.0,-6.048117181249503,0.3065471587484173
P24K,516.0,16.0,-6.17044114865472,0.25392155768953434
P24L,600.0,17.0,-6.300618836361894,0.2460342154840295
P24M,577.0,49.0,-4.717535607211742,0.14904469136005077
P24N,994.0,41.0,-5.759300054009101,0.15958562350981373
P24Q,354.0,13.0,-5.926184583699213,0.2824287138195606
P24R,204.0,5.0,-6.507772794200567,0.45230494970621754
P24S,490.0,771.0,-0.5061489567041493,0.058438201021517346
P24T,560.0,986.0,-0.34393764806482885,0.05363878743275372
P24V,748.0,815.0,-1.0363271333737822,0.05139171095339292
P24W,586.0,21.0,-5.961864553720862,0.222216306372433
P24Y,389.0,12.0,-6.177586522892403,0.29310718745392284
P24_,502.0,16.0,-6.130758226905734,0.25402795655568566
P27A,981.0,396.0,-2.4688183182408743,0.06018135076876453
P27C,335.0,14.0,-5.7397626366075905,0.27283662067621767
P27D,319.0,11.0,-6.016802611853944,0.3066569222074343
P27E,791.0,30.0,-5.880268046446996,0.18618184945671387
P27F,482.0,11.0,-6.612264040599911,0.3049236227649859
P27G,827.0,87.0,-4.408738987690034,0.11304581235122768
P27H,333.0,22.0,-5.079421787517028,0.2202590636768052
P27I,946.0,353.0,-2.5822337185324047,0.06298492550618441
P27K,536.0,14.0,-6.4178183925405525,0.27077753395422555
P27L,488.0,11.0,-6.630111673931009,0.30488179398451315
P27M,648.0,25.0,-5.855526451156649,0.2039716673487717
P27N,592.0,72.0,-4.199439710469535,0.12511342622655594
P27Q,757.0,28.0,-5.916385806656433,0.19261300657119007
P27R,1230.0,34.0,-6.336654565511479,0.17404989765104645
P27S,864.0,33.0,-5.870160303515994,0.17756264523169318
P27T,703.0,11.0,-7.156746174152452,0.3038523076076684
P27V,646.0,21.0,-6.10249576740102,0.22185940356537423
P27W,649.0,30.0,-5.594812820549579,0.18692320041766788
P27Y,1677.0,372.0,-3.332565320697547,0.057979718609623886
P27_,27.0,0.0,-12.559365261546663,10.001854856641152
P311A,1106.0,48.0,-5.685973020588524,0.14768342337002152
P311C,1014.0,146.0,-3.9560201315076924,0.088950987399337
P311D,866.0,29.0,-6.05984882054105,0.18895195635886322
P311E,686.0,76.0,-4.334055804346351,0.12120691804724547
P311F,664.0,11.0,-7.074405931766323,0.30398975538910405
P311G,1178.0,57.0,-5.529080311444605,0.1358930468014809
P311H,1913.0,78.0,-5.776128868986467,0.11583977908296082
P311I,969.0,48.0,-5.4951920499858,0.1481155753975644
P311K,818.0,27.0,-6.0806402719960895,0.19576274481885272
P311L,1349.0,282.0,-3.418170153607802,0.06606441188684228
P311M,1077.0,41.0,-5.8749994284643545,0.1593425292266314
P311N,1471.0,70.0,-5.553189574322801,0.12264064340365155
P311Q,1404.0,59.0,-5.732537279686408,0.1331757280903903
P311R,1331.0,44.0,-6.078633565470423,0.15346226373130734
P311S,1137.0,45.0,-5.818942904874057,0.15223019874508545
P311T,1281.0,779.0,-1.8776553218153094,0.04627702693065587
P311V,545.0,199.0,-2.613529111967365,0.08328835730368472
P311W,1930.0,42.0,-6.68181906356582,0.15620255080108605
P311Y,1585.0,84.0,-5.397874402246646,0.11230095417021993
P311_,923.0,24.0,-6.424726306641927,0.2069057111069851
P344A,686.0,464.0,-1.724161046239118,0.06074602280765791
P344C,927.0,74.0,-4.80688011738603,0.12111016987082102
P344D,614.0,141.0,-3.2825520113105764,0.09379542747993055
P344E,945.0,30.0,-6.136901708855983,0.18562775764084957
P344F,1477.0,57.0,-5.85540811915002,0.13525928591800282
P344G,545.0,143.0,-3.090254006911665,0.09436416346328963
P344H,1034.0,23.0,-6.649932681399056,0.21095905467703982
P344I,1182.0,41.0,-6.0092100241529085,0.15908350532302867
P344K,790.0,25.0,-6.141381289542879,0.20329058458530294
P344L,894.0,40.0,-5.641945772088306,0.16183187542822391
P344M,703.0,35.0,-5.487793581288316,0.17338676746537035
P344N,791.0,37.0,-5.577796229745064,0.16840777755567538
P344R,1574.0,72.0,-5.610190966464177,0.12082850965308327
P344S,324.0,199.0,-1.8632847508994939,0.09049003392509405
P344T,1299.0,69.0,-5.394550630773954,0.12384554559863371
P344V,1111.0,46.0,-5.753867872593753,0.1507041342933726
P344W,1096.0,41.0,-5.900228744661602,0.15929201351292438
P344Y,1167.0,35.0,-6.218993388463671,0.17174809153503387
P344_,1088.0,52.0,-5.546846305470337,0.14220910497571862
P358A,1686.0,1693.0,-1.1541099354639472,0.03551096843692627
P358C,532.0,313.0,-1.9253319519222032,0.0717753345294557
P358D,1119.0,44.0,-5.828335084053738,0.15392532051732608
P358E,699.0,71.0,-4.459306319998486,0.12486139078232524
P358F,1074.0,512.0,-2.228850870512945,0.05441898108675485
P358G,993.0,120.0,-4.208740957957702,0.09704085104966942
P358H,1040.0,1452.0,-0.6786333481893649,0.04156294417822389
P358I,1307.0,1035.0,-1.4967128096066378,0.04252679095228814
P358K,892.0,37.0,-5.751160180053069,0.16798225110311552
P358L,737.0,82.0,-4.327899788927344,0.11673781408403258
P358M,1693.0,528.0,-2.8410406735688194,0.05061438640911692
P358N,1016.0,106.0,-4.420729672044943,0.10244297562253023
P358Q,1039.0,208.0,-3.48057208448182,0.07646675385897675
P358R,1011.0,80.0,-4.819560468353403,0.11646800512133172
P358S,1005.0,341.0,-2.7194112420308096,0.06328292755733095
P358T,1079.0,172.0,-3.8092312272488735,0.08256899889929628
P358V,1298.0,1201.0,-1.2721406716438777,0.0409913557378583
P358W,1260.0,61.0,-5.528332979777277,0.1313835938402213
P358Y,1114.0,36.0,-6.111308110487896,0.1695434177520662
P358_,2153.0,55.0,-6.450604644178222,0.1368218829205429
P56A,334.0,149.0,-2.3245694809437705,0.09890465082769653
P56C,665.0,229.0,-2.698052775420515,0.07712072971955836
P56D,688.0,24.0,-6.000809562536375,0.20779804776298574
P56E,281.0,9.0,-6.123037891766812,0.3385611203099422
P56F,372.0,48.0,-4.114021898865359,0.1536044998153021
P56I,316.0,374.0,-0.9169807052931302,0.07691183747709243
P56K,311.0,3.0,-7.851141008345604,0.5792395816410323
P56L,375.0,135.0,-2.633950134383408,0.10075069692219946
P56M,1206.0,2106.0,-0.3558169201203767,0.037165315766868864
P56N,1190.0,43.0,-5.950245092499879,0.1554605563370942
P56Q,233.0,4.0,-7.0207331619252,0.5037315441058211
P56R,774.0,21.0,-6.36329147563419,0.22128173053484465
P56S,610.0,259.0,-2.3959124309099904,0.0746821317528111
P56T,151.0,31.0,-3.443925995079291,0.19734991430004267
P56V,743.0,819.0,-1.0195878977488073,0.05142092804000213
P56W,547.0,22.0,-5.79542349415316,0.2175758774551952
P56Y,758.0,265.0,-2.67625741825366,0.07190225964950778
P56_,45.0,3.0,-5.062497509663547,0.5954161966983121
Q124A,283.0,492.0,-0.36225272948108955,0.0751210468791613
Q124C,727.0,1034.0,-0.651884312508586,0.04919201312429665
Q124D,211.0,514.0,0.12439771862050453,0.082230456364803
Q124E,584.0,1030.0,-0.34149397063786235,0.0525396272267033
Q124F,636.0,166.0,-3.097866637958922,0.08759728565414297
Q124G,634.0,674.0,-1.0718229364459297,0.056019356676481474
Q124H,540.0,746.0,-0.6938784912147513,0.057179810996711704
Q124I,415.0,395.0,-1.231344260061845,0.07084074105089325
Q124K,426.0,618.0,-0.6233444506513699,0.06358229434494812
Q124L,468.0,952.0,-0.13564996552084807,0.057134615047640454
Q124M,559.0,856.0,-0.5453337779313623,0.05508480768485905
Q124N,542.0,2526.0,1.0603816390223368,0.04814679930166722
Q124P,441.0,11.0,-6.484012332607933,0.30523972913808645
Q124R,366.0,453.0,-0.8524275054131776,0.07082987504229295
Q124S,764.0,1282.0,-0.41334324834650005,0.046541993189386295
Q124T,419.0,545.0,-0.7807893112986513,0.06556413063834439
Q124V,552.0,919.0,-0.42470117962377696,0.05456131823826239
Q124W,378.0,104.0,-3.0217894951401396,0.11107268534715359
Q124Y,578.0,551.0,-1.2291032878976287,0.060184479653027055
Q124_,455.0,32.0,-4.989391007587786,0.18307167979503736
Q189A,509.0,1159.0,0.027039772160874165,0.05389482249640026
Q189C,674.0,1275.0,-0.24042067607463036,0.04842740658151675
Q189D,53.0,96.0,-0.30316719890774024,0.1713394162065534
Q189E,527.0,1500.0,0.34898253928546374,0.05139463050841941
Q189F,1267.0,1904.0,-0.5724741923668799,0.03730570600488152
Q189G,980.0,2207.0,0.011137453827164023,0.03937953885505985
Q189H,365.0,1015.0,0.3153987095915989,0.061661264651927825
Q189I,242.0,366.0,-0.5632709329353096,0.0833155151704888
Q189K,1490.0,1623.0,-1.0367374612874807,0.036939466778024725
Q189L,1605.0,2798.0,-0.35826850445270564,0.03252221645935635
Q189M,950.0,1684.0,-0.3342012363260194,0.04151734363085351
Q189N,139.0,348.0,0.1638527549691151,0.1007196919115437
Q189P,757.0,1365.0,-0.3095600799932763,0.04616091961803726
Q189R,899.0,1766.0,-0.18600289333222353,0.041902643235860536
Q189S,408.0,706.0,-0.3690032308480262,0.06280588726116822
Q189T,782.0,1157.0,-0.5949449646848386,0.04712007441344354
Q189V,989.0,1754.0,-0.3334873775424434,0.04072447570023804
Q189W,742.0,712.0,-1.2196284634619685,0.0531922363680936
Q189Y,768.0,1443.0,-0.25020304038504726,0.045522641526298355
Q189_,1071.0,59.0,-5.341956019042036,0.13400457832173673
Q194A,881.0,2099.0,0.0923914030068369,0.04109409433894072
Q194C,852.0,1780.0,-0.09714425934523785,0.0425762652511494
Q194D,748.0,1672.0,0.00036667645067112176,0.04485768264182092
Q194E,578.0,1213.0,-0.09066225076157064,0.05130027297976819
Q194F,799.0,1433.0,-0.3173241242284446,0.04501809913542731
Q194G,458.0,1066.0,0.05868263173779997,0.05655691440993106
Q194H,546.0,1257.0,0.04290951096069051,0.05200245695351659
Q194I,630.0,436.0,-1.6911008414312496,0.06291303833030158
Q194K,427.0,828.0,-0.2047090017844111,0.06022316028244646
Q194L,668.0,1378.0,-0.11544258442988564,0.04795744299340201
Q194M,584.0,1424.0,0.1258069628278049,0.04991783577155011
Q194N,398.0,833.0,-0.0945582012152979,0.06156471463682695
Q194P,898.0,358.0,-2.4868189618901333,0.06311925248049387
Q194R,897.0,2079.0,0.052613386787705,0.04090307522150182
Q194S,1003.0,2387.0,0.09078128365942373,0.038641710654495225
Q194T,139.0,326.0,0.06964021096341888,0.10167775697019396
Q194V,763.0,447.0,-1.9314821960610598,0.06020742356968369
Q194W,686.0,856.0,-0.8406892933804517,0.05199196064374222
Q194Y,771.0,1461.0,-0.23794276135023296,0.04537297292978205
Q194_,856.0,30.0,-5.994199763430865,0.185923869360795
Q255A,1346.0,1363.0,-1.1419803185267763,0.039418973669521115
Q255C,640.0,1051.0,-0.4444772930825387,0.05090373209239246
Q255D,718.0,161.0,-3.3169409802470247,0.08764006643625098
Q255E,696.0,24.0,-6.017488062658849,0.2077578455174932
Q255F,517.0,67.0,-4.107831210201088,0.1301329819285357
Q255G,986.0,1671.0,-0.3990411533790379,0.041108120643955075
Q255H,1635.0,368.0,-3.3115699220250847,0.058362514854851485
Q255I,608.0,578.0,-1.2330879364164282,0.05875399804919906
Q255K,1247.0,45.0,-5.9521709965368625,0.15197516855633708
Q255L,469.0,533.0,-0.9755434203589912,0.06391820343508384
Q255M,1065.0,1709.0,-0.4777934751183679,0.04001675929868503
Q255N,836.0,1852.0,-0.012587552963850612,0.04258357019187018
Q255P,835.0,343.0,-2.443630175440976,0.06473180028854666
Q255R,978.0,51.0,-5.421084547775333,0.1438879156502311
Q255S,908.0,1107.0,-0.8741991737548078,0.045627757836148176
Q255T,865.0,1392.0,-0.47370647802075094,0.04417793866611907
Q255V,838.0,819.0,-1.1931737297080725,0.049915309444463
Q255W,481.0,16.0,-6.069109011414321,0.2541990743056924
Q255Y,530.0,15.0,-6.302111035046648,0.2618897808380649
Q255_,1282.0,43.0,-6.057678910914082,0.1552664826051736
Q325A,854.0,25.0,-6.25376333753759,0.2030571384983327
Q325C,945.0,20.0,-6.72162386054853,0.2260762061249068
Q325D,507.0,33.0,-5.101126495836093,0.1798428387661926
Q325E,824.0,85.0,-4.437044717566862,0.11425475083734131
Q325F,1154.0,31.0,-6.377865726481244,0.1821852197178142
Q325G,1250.0,58.0,-5.589581543890129,0.13459438841527555
Q325H,893.0,41.0,-5.604716019115534,0.15994171883383032
Q325I,741.0,21.0,-6.300432281882541,0.22141169966802543
Q325K,1217.0,33.0,-6.364381410774557,0.17661479243040376
Q325L,1529.0,48.0,-6.153206433030154,0.14683412594004974
Q325M,1660.0,39.0,-6.571291460929951,0.1622162363504054
Q325N,722.0,362.0,-2.1560766057253433,0.06499712009660319
Q325P,1152.0,34.0,-6.24213776088699,0.17420796012939072
Q325R,1851.0,49.0,-6.399180069390711,0.14498790777558412
Q325S,1010.0,1942.0,-0.21690628440168958,0.03977773542883634
Q325T,784.0,1329.0,-0.39867933802951594,0.04588226610234001
Q325V,1081.0,32.0,-6.237800718869836,0.1795620975323217
Q325W,1169.0,40.0,-6.028870169220635,0.16101684650788295
Q325Y,624.0,8.0,-7.44371043319354,0.35570174600524
Q325_,1020.0,60.0,-5.2473238931494555,0.13312220144925993
Q378A,805.0,1800.0,0.0008389745613337496,0.04330152057768207
Q378C,2144.0,3628.0,-0.40122053938735425,0.028623374277321926
Q378D,2340.0,13201.0,1.3359743760811458,0.024090433834335807
Q378E,1250.0,2544.0,-0.1349226318570258,0.03564158298370499
Q378F,705.0,1791.0,0.18497042927399932,0.04532121349936121
Q378G,956.0,1988.0,-0.10385993733048693,0.040327141766776695
Q378H,2228.0,2470.0,-1.0113261623242953,0.030511248774218538
Q378I,688.0,1515.0,-0.021261459923637815,0.04680574235633029
Q378K,654.0,1465.0,0.003438575099389496,0.04784209889963123
Q378L,612.0,1631.0,0.25405115916178644,0.04821126296528827
Q378M,1625.0,4247.0,0.22591157238094617,0.03046455679310063
Q378N,1280.0,2513.0,-0.18682600613946487,0.0354460391969355
Q378P,1831.0,3249.0,-0.33272682333676284,0.030515264179435512
Q378R,827.0,2028.0,0.13400074984127475,0.04218433428118301
Q378S,1014.0,2337.0,0.044504690314873585,0.038617733940863
Q378T,683.0,1421.0,-0.10314923620585326,0.047382284073491154
Q378V,537.0,1237.0,0.04374896718083221,0.05241957878128158
Q378W,815.0,1940.0,0.09108708580051772,0.042657809276126585
Q378Y,674.0,1460.0,-0.04495098782527851,0.04739021997968617
Q378_,1016.0,1224.0,-0.8913865941256285,0.04334140851491795
Q386A,1195.0,2560.0,-0.060960582213284376,0.03612042603351478
Q386C,954.0,1914.0,-0.1555652634954976,0.04059456827609374
Q386D,1312.0,2839.0,-0.04647812234821247,0.03452062277243581
Q386E,1083.0,2418.0,-0.0013136901508552512,0.03760537660072145
Q386F,1487.0,3215.0,-0.047678461513172454,0.03256961895198658
Q386G,628.0,1374.0,-0.03055426985359233,0.04896301353964332
Q386H,782.0,1833.0,0.06886835818234527,0.04360682754525699
Q386I,1098.0,2531.0,0.04473467691619959,0.037189868636083846
Q386K,1520.0,3473.0,0.032018412655160144,0.03198552334495265
Q386L,1659.0,3553.0,-0.06136817031619746,0.03100756753893175
Q386M,1209.0,2623.0,-0.04269020677271884,0.03585544641893188
Q386N,1461.0,3271.0,0.0026827801218960445,0.03267143408386344
Q386P,1307.0,2827.0,-0.04708052991419365,0.03458445212549791
Q386R,883.0,2017.0,0.03162921811684516,0.04129796592970524
Q386S,1119.0,2501.0,0.00020055996865231407,0.03702342704210993
Q386T,1348.0,3033.0,0.009831718611212015,0.03389378047877263
Q386V,991.0,1798.0,-0.3006578127428794,0.040527652384326
Q386W,1244.0,2614.0,-0.08882075945502521,0.035547921005066825
Q386Y,742.0,1502.0,-0.14270345421451758,0.045724324843374006
Q386_,682.0,1621.0,0.08894085572817279,0.046480126104435866
Q4A,458.0,1057.0,0.0464506855953406,0.056627483670857647
Q4C,645.0,1587.0,0.13883044897263286,0.047515554654997405
Q4D,984.0,489.0,-2.168896346220764,0.05602183871123292
Q4E,774.0,1931.0,0.1588441876315274,0.04344059509500377
Q4F,445.0,790.0,-0.33205417772904244,0.05991824344295749
Q4G,509.0,16.0,-6.150736123807405,0.25397403108486755
Q4H,629.0,1275.0,-0.14073363310574916,0.04951117085983054
Q4I,881.0,1962.0,-0.004985242132072187,0.04149687838655527
Q4K,611.0,1055.0,-0.3720985603290847,0.051592066839400534
Q4L,570.0,283.0,-2.170221535752522,0.07324648698960302
Q4M,667.0,1845.0,0.307761002740933,0.0460269377827546
Q4N,363.0,667.0,-0.28238823751780906,0.06581201689381636
Q4P,849.0,333.0,-2.5103033827689476,0.06525338209881618
Q4R,427.0,976.0,0.032538736166974225,0.05868299428221674
Q4S,334.0,685.0,-0.12385358439180827,0.06731273031515103
Q4T,562.0,1169.0,-0.103467772006689,0.05207687651157827
Q4V,795.0,2172.0,0.28989849582871674,0.042373310842228465
Q4W,565.0,14.0,-6.49383487788369,0.27060065823702273
Q4Y,674.0,1033.0,-0.5440750181641443,0.05028867639926776
Q4_,903.0,45.0,-5.486511831508532,0.15297693001836302
Q51A,398.0,271.0,-1.7145459293940366,0.07924423669429256
Q51C,505.0,434.0,-1.3786710087299028,0.06604166719651741
Q51D,496.0,29.0,-5.255834343301659,0.1912177008543737
Q51E,709.0,1271.0,-0.3179898366156788,0.04769110855602648
Q51F,1356.0,45.0,-6.073065779867942,0.15176294461358403
Q51G,1422.0,695.0,-2.1929133064926267,0.047109518943037075
Q51H,1852.0,42.0,-6.622302629495136,0.15627238634608434
Q51I,361.0,9.0,-6.4844552211840965,0.3373944965994857
Q51K,389.0,8.0,-6.761948526189327,0.357059969325517
Q51L,325.0,5.0,-7.179617031466756,0.4502831058679938
Q51M,876.0,188.0,-3.380225276931645,0.08085576120204056
Q51N,1251.0,2265.0,-0.30366323905781867,0.03630567308358466
Q51P,300.0,9.0,-6.217427010527981,0.3382281215252977
Q51R,389.0,2.0,-8.75655526741911,0.7072201315269668
Q51S,648.0,1438.0,-0.0101016105086833,0.04812317674206653
Q51T,1163.0,1281.0,-1.0206691008479885,0.04144539162799427
Q51V,369.0,2.0,-8.680407938590708,0.7073186269937978
Q51W,421.0,36.0,-4.707472333572314,0.1738463487850703
Q51Y,515.0,14.0,-6.360158921676152,0.27091796900336707
Q51_,907.0,37.0,-5.775218753182818,0.1679270576683834
R156A,618.0,418.0,-1.7241800634296842,0.06393459691011283
R156C,762.0,443.0,-1.9425580027456393,0.06038917739313683
R156D,393.0,213.0,-2.043732197829269,0.08553553890269171
R156E,619.0,225.0,-2.6200609333584852,0.07833886858414146
R156F,567.0,431.0,-1.5557401742089452,0.06450595112669168
R156G,611.0,115.0,-3.5695240214603796,0.10202342447993805
R156H,772.0,1045.0,-0.7232620293479801,0.0482648658165837
R156I,647.0,517.0,-1.4836831619095054,0.0596407440622807
R156K,353.0,316.0,-1.3198261769168127,0.07793899142079003
R156L,425.0,184.0,-2.3677999521634394,0.08868270232820087
R156M,622.0,394.0,-1.818792865818776,0.06498420166399078
R156N,240.0,185.0,-1.5355786017628326,0.09822858505325649
R156P,485.0,150.0,-2.853043153135605,0.09383647495507773
R156Q,243.0,219.0,-1.3101062750051202,0.09358582781400913
R156S,465.0,502.0,-1.0496329757897218,0.0649594658254367
R156T,315.0,188.0,-1.9046755658058823,0.0925776270821833
R156V,831.0,432.0,-2.1038884671592495,0.05996136095556055
R156W,502.0,333.0,-1.7522379390511018,0.07121905390051711
R156Y,349.0,300.0,-1.378345121092817,0.0792194310866563
R156_,890.0,38.0,-5.709457952769789,0.16586047627634593
R310A,798.0,199.0,-3.1636532360715854,0.07971975208482011
R310C,1234.0,96.0,-4.844112933719526,0.10631649230660217
R310D,975.0,86.0,-4.662928042284048,0.11282479417107494
R310E,455.0,25.0,-5.345408626952397,0.20556996111935535
R310F,773.0,79.0,-4.450467248180491,0.11843782626618661
R310G,1424.0,4323.0,0.4419895588924385,0.03179325695967546
R310H,907.0,609.0,-1.734739876422732,0.05312044296464929
R310I,1088.0,36.0,-6.077237743876257,0.16960666759347745
R310K,1561.0,4217.0,0.2736533263090948,0.030902982868650054
R310L,924.0,119.0,-4.116912998860248,0.0977862118624748
R310M,1657.0,492.0,-2.91191010279062,0.05208861963954927
R310N,766.0,828.0,-1.0478023717313718,0.0508962620474992
R310P,528.0,13.0,-6.502959722964049,0.280775894537404
R310Q,1022.0,225.0,-3.3434356247242993,0.0741617121647955
R310S,1380.0,674.0,-2.193924156983239,0.047807306600069724
R310T,1214.0,338.0,-3.0047298081225895,0.06212453152984023
R310V,2014.0,165.0,-4.76953282069915,0.08144942761862384
R310W,1393.0,41.0,-6.2461733977976035,0.15868022898592002
R310Y,701.0,43.0,-5.186778325260004,0.15733457559488656
R310_,683.0,27.0,-5.820428493353128,0.19637892128008652
R324A,1009.0,1798.0,-0.32662676495920184,0.04030495639148594
R324C,1503.0,2120.0,-0.6638708750917313,0.03484646435246083
R324D,1006.0,350.0,-2.6832639365751314,0.06267643698225539
R324E,593.0,375.0,-1.8212147033933173,0.06655941994148308
R324F,1036.0,2309.0,-0.00385084438636607,0.03841323093810152
R324G,1195.0,869.0,-1.6196653441141349,0.045440031325359884
R324H,1321.0,2199.0,-0.42487455995049883,0.03590258005027185
R324I,793.0,75.0,-4.562271548490791,0.12111904292994388
R324K,944.0,2004.0,-0.07407167685074523,0.04044204421180297
R324L,1430.0,2413.0,-0.40527867839738807,0.03451035489242601
R324M,947.0,1572.0,-0.4289285071189939,0.042063427690932714
R324N,1248.0,2524.0,-0.14399920503137054,0.035703209886757285
R324P,2309.0,92.0,-5.80942728072273,0.10667107637113078
R324Q,3655.0,3843.0,-1.087725959910777,0.02471959510539443
R324S,760.0,1234.0,-0.460823557763411,0.04694024911559272
R324T,1542.0,212.0,-4.022695238310233,0.0737733792781564
R324V,1547.0,1082.0,-1.6758560268556186,0.040593875528331685
R324W,1380.0,1120.0,-1.4612544448840579,0.04116710121981873
R324Y,1063.0,1171.0,-1.0204891097790743,0.043265889759303774
R324_,575.0,26.0,-5.62653607883153,0.20065667210619936
R380A,1033.0,2355.0,0.02879162867547702,0.038339537145237725
R380C,1231.0,2519.0,-0.1270729691984025,0.03586880345389824
R380D,3139.0,2278.0,-1.6226228817869428,0.028892906333364225
R380E,2074.0,3904.0,-0.24755343894765058,0.0285578931102516
R380F,1509.0,2904.0,-0.2156432821906944,0.03292850110341367
R380G,1503.0,3107.0,-0.11241506020722047,0.03262564991051917
R380H,1367.0,2952.0,-0.04941352510581121,0.03387512960473994
R380I,1417.0,2715.0,-0.22197976477805526,0.033930557201272075
R380K,1013.0,2117.0,-0.09670766877508097,0.03920165855059357
R380L,1308.0,2489.0,-0.23188888101901295,0.035263790701499965
R380M,1580.0,3823.0,0.11468794750010503,0.03117258416742606
R380N,823.0,1909.0,0.05375545765633394,0.042616105065237324
R380P,905.0,1508.0,-0.4234469801216729,0.04295735517847704
R380Q,930.0,2029.0,-0.0346294956856843,0.04056300124979623
R380S,1067.0,3203.0,0.4257672681275224,0.036423252076908184
R380T,1438.0,3125.0,-0.04030023903835245,0.033055302960462496
R380V,978.0,1819.0,-0.2648549845142041,0.04061382330426636
R380W,1387.0,2671.0,-0.21468014891996434,0.03424345439685589
R380Y,1123.0,2076.0,-0.27364471843654403,0.038071063690951104
R380_,781.0,1583.0,-0.1408298936838932,0.04460212895443075
R98A,647.0,27.0,-5.742309802346841,0.19658622658272723
R98C,463.0,12.0,-6.428822633750636,0.29240549909162455
R98D,416.0,15.0,-5.952709663085256,0.2628750441259825
R98E,445.0,24.0,-5.3722177841847785,0.2096990746800968
R98F,405.0,21.0,-5.428896799571366,0.22392567100318914
R98G,706.0,32.0,-5.623181373167251,0.18092511318190913
R98H,355.0,6.0,-7.044438199217834,0.411440666153134
R98I,609.0,12.0,-6.824245198392369,0.29151878926604147
R98K,677.0,7.0,-7.753706226338183,0.37974686836340604
R98L,628.0,24.0,-5.869167560141699,0.20813191187392702
R98M,713.0,28.0,-5.829995759191956,0.19282450223291137
R98N,496.0,30.0,-5.206941319901368,0.1881902307019683
R98P,666.0,17.0,-6.451176130145373,0.24569834198924187
R98Q,891.0,39.0,-5.673613057082453,0.16381093731967683
R98T,318.0,19.0,-5.224329032503492,0.2362746209654752
R98V,612.0,57.0,-4.584355656627802,0.13875154474798798
R98W,625.0,21.0,-6.054818542624817,0.2219765881731219
R98Y,581.0,29.0,-5.484028131045209,0.19044490412405812
R98_,707.0,24.0,-6.040110649117544,0.2077040407869694
S104A,465.0,1100.0,0.08209565536257912,0.05600734464013357
S104C,426.0,546.0,-0.8020472592828405,0.06523863615790848
S104D,856.0,32.0,-5.901120405483573,0.18023788918871259
S104E,268.0,6.0,-6.638865367459218,0.4125503651225318
S104F,364.0,68.0,-3.5802466244839017,0.13239390446003724
S104G,490.0,572.0,-0.9368581599965777,0.06217913222830943
S104H,303.0,49.0,-3.7883046917876495,0.15421241493572493
S104I,462.0,18.0,-5.8411413291496395,0.24034644251944712
S104K,628.0,20.0,-6.132081796466375,0.22725446628770626
S104L,396.0,9.0,-6.617953282311456,0.33703149514914094
S104M,520.0,197.0,-2.560357843086252,0.08411999189290532
S104N,751.0,665.0,-1.335543419856485,0.05396782004219904
S104P,691.0,33.0,-5.547818882192353,0.17837672502316124
S104Q,348.0,129.0,-2.59173320113125,0.10345079204342537
S104R,732.0,35.0,-5.546111727481983,0.1732241836911374
S104T,462.0,16.0,-6.0109662025396595,0.25436718702554134
S104V,752.0,15.0,-6.8068433015162935,0.2608242128421022
S104W,207.0,5.0,-6.528833384845734,0.4522264162262548
S104Y,257.0,25.0,-4.521334868727028,0.20964769067627853
S104_,944.0,19.0,-6.794059042231216,0.23181986998982174
S120A,245.0,178.0,-1.620969681377443,0.09887556125437809
S120C,516.0,519.0,-1.1517240257138566,0.0627848764439763
S120D,366.0,24.0,-5.090263094224855,0.21085238247601687
S120E,550.0,24.0,-5.677837877574494,0.208673693044725
S120F,1011.0,477.0,-2.2437931879832265,0.05623833773178725
S120G,288.0,344.0,-0.9037557382862955,0.08035074689319807
S120H,933.0,1201.0,-0.79580362267202,0.044516076078926076
S120I,747.0,841.0,-0.9890919382122165,0.05103886058994913
S120K,624.0,52.0,-4.74479554300605,0.14459204251787033
S120L,786.0,304.0,-2.5305162243415102,0.06810919576480395
S120M,475.0,104.0,-3.3513229803142135,0.10861366215727337
S120N,293.0,12.0,-5.7687291834274,0.2945404015349781
S120P,720.0,32.0,-5.651509698888492,0.18084898574913616
S120Q,1974.0,4200.0,-0.07082387242351063,0.028669257743241243
S120R,675.0,14.0,-6.750467351421343,0.27006720569726883
S120T,686.0,1455.0,-0.07535978040577529,0.04714057508798653
S120V,348.0,304.0,-1.3550973193080704,0.07899427036285578
S120W,615.0,18.0,-6.253827119397981,0.23922363373679778
S120Y,533.0,40.0,-4.8958174034212565,0.16415583325628955
S120_,752.0,32.0,-5.7142446015914015,0.18068551574045644
S122A,657.0,1707.0,0.21739693862198362,0.04674521494033545
S122C,514.0,979.0,-0.2305601680118885,0.055174052684943325
S122D,246.0,394.0,-0.480572051707739,0.08173206642927568
S122E,489.0,773.0,-0.49946422726624373,0.058445195723490904
S122F,575.0,685.0,-0.9075493340641652,0.05723793771955461
S122G,187.0,559.0,0.4196713367803806,0.08493193166613587
S122H,763.0,1745.0,0.03337409672647507,0.04428216404833079
S122I,764.0,1573.0,-0.11822292139126578,0.0449650517648235
S122K,275.0,575.0,-0.09598437017164496,0.07384158869486973
S122L,647.0,1723.0,0.2529838222770868,0.0469382516916356
S122M,348.0,721.0,-0.10919683030282457,0.06586100959132046
S122N,536.0,833.0,-0.5240134386668576,0.05606559762911717
S122P,467.0,964.0,-0.11449266737550268,0.057060179026529725
S122Q,372.0,810.0,-0.03748902103729801,0.06324477103888589
S122R,388.0,771.0,-0.1694315998159288,0.06286097218578261
S122T,966.0,2023.0,-0.09369391452340903,0.04008425529502197
S122V,368.0,896.0,0.1236825272432549,0.06253499067249413
S122W,419.0,583.0,-0.6835513831448674,0.06464567234522953
S122Y,371.0,627.0,-0.4030569576843783,0.06608679638021162
S122_,566.0,12.0,-6.718606823025178,0.29173266627222755
S133A,350.0,551.0,-0.505404976592847,0.06891414182715541
S133C,344.0,180.0,-2.09446078611169,0.09240880798865525
S133D,465.0,14.0,-6.212820217743197,0.2713030177614692
S133E,511.0,806.0,-0.5026411226196128,0.057226190546329575
S133F,821.0,33.0,-5.796512087672865,0.1777332578076208
S133G,270.0,572.0,-0.07705980774951815,0.07435749014840796
S133H,664.0,27.0,-5.779726760821724,0.1964855585834551
S133I,809.0,27.0,-6.064679327689234,0.19579747695069316
S133K,222.0,5.0,-6.629757584766813,0.4518654098654629
S133L,443.0,8.0,-6.949480549070646,0.35662091789308903
S133M,712.0,171.0,-3.2179041498824663,0.08561153268521916
S133N,586.0,315.0,-2.0556149931163024,0.07041453358249009
S133P,349.0,7.0,-6.797797456386016,0.3815702404401423
S133Q,438.0,102.0,-3.2623405587769474,0.11028717973571697
S133R,550.0,32.0,-5.26295060425933,0.1820319609529863
S133T,424.0,72.0,-3.7179164551861383,0.12776010217845776
S133V,584.0,20.0,-6.027287337257404,0.22751826423901417
S133W,669.0,24.0,-5.96040780401059,0.2078973481695119
S133Y,455.0,30.0,-5.0824703655350785,0.18867227788380575
S133_,596.0,22.0,-5.919192823472588,0.21723021544877874
S138A,864.0,2109.0,0.1273586834729432,0.04133761911311708
S138C,535.0,1239.0,0.05146273178474825,0.05247350332489615
S138D,360.0,6.0,-7.064615516736573,0.4113931213846575
S138E,561.0,24.0,-5.706406515450742,0.2085882566892973
S138F,402.0,640.0,-0.4892242788853389,0.0642434784154001
S138G,197.0,346.0,-0.3475424644635785,0.08968401739617933
S138H,459.0,20.0,-5.679819849242613,0.22854072479273455
S138I,627.0,1125.0,-0.316709869143212,0.0506063287008558
S138K,637.0,38.0,-5.226952427302783,0.1672003252929373
S138L,188.0,396.0,-0.08535987445981963,0.08900170446276935
S138M,418.0,1026.0,0.13534809395253866,0.05868718137206405
S138N,455.0,23.0,-5.465652700909276,0.21385595154317322
S138P,887.0,31.0,-5.998232275291263,0.18289968198983786
S138Q,422.0,79.0,-3.5772573561808025,0.12289624265912431
S138R,727.0,29.0,-5.807440344896038,0.18953526751761116
S138T,564.0,900.0,-0.4858670478361482,0.05441843066571979
S138V,650.0,1575.0,0.11673983312297143,0.04744052166180501
S138W,568.0,101.0,-3.651505539105295,0.10834108595845159
S138Y,625.0,352.0,-1.9883501958134415,0.06721645191186676
S138_,502.0,31.0,-5.176998008809368,0.1852482195799621
S154A,415.0,581.0,-0.6746704421582921,0.06486886684530231
S154C,500.0,1126.0,0.011103449278239808,0.05445457007871047
S154D,444.0,897.0,-0.14555543776708202,0.058687860091943114
S154E,647.0,4912.0,1.7643662453688433,0.04273642983342513
S154F,602.0,1027.0,-0.3894964647189605,0.052077355445115985
S154G,200.0,333.0,-0.42459396916499337,0.08988832771608074
S154H,473.0,1044.0,-0.017894395585196676,0.056117858671692625
S154I,763.0,1710.0,0.004143554621488299,0.044414404600902783
S154K,729.0,270.0,-2.593013102073317,0.07178118452772289
S154L,642.0,993.0,-0.5308748597641753,0.05139937706465513
S154M,408.0,1073.0,0.2348997673791784,0.05882284170208035
S154N,684.0,1176.0,-0.378276331202998,0.048883007858497717
S154P,513.0,22.0,-5.7028432349641704,0.21785413020523137
S154Q,259.0,489.0,-0.2432311685435291,0.07735018662536775
S154R,700.0,27.0,-5.855897323917726,0.19628837035573643
S154T,543.0,1042.0,-0.2197688859129352,0.05365183147871206
S154V,596.0,1121.0,-0.24869663112649132,0.05145022372845151
S154W,250.0,519.0,-0.10631080266489956,0.07748440989949078
S154Y,221.0,431.0,-0.19647764336724638,0.08319893356418918
S154_,692.0,41.0,-5.236832574165527,0.1609553073292313
S173A,712.0,562.0,-1.501389039709796,0.05710561310306377
S173C,523.0,340.0,-1.781348690291349,0.07021643625392225
S173D,676.0,925.0,-0.707662962782134,0.05135743445366684
S173E,399.0,309.0,-1.5288587142685914,0.07628625498027405
S173F,659.0,109.0,-3.755927208016338,0.10376968055320131
S173G,363.0,277.0,-1.5501585701885139,0.08026189412874317
S173H,463.0,206.0,-2.3284163204582713,0.084209040384321
S173I,652.0,203.0,-2.8434306341676443,0.08085068429238967
S173K,795.0,178.0,-3.31910205522973,0.08338318993669402
S173L,630.0,370.0,-1.927897803417249,0.06608445106641625
S173M,374.0,253.0,-1.723969774056556,0.08187421371360351
S173N,676.0,1224.0,-0.30358848543595407,0.04871861522192428
S173P,706.0,90.0,-4.13161875806431,0.11226547035687795
S173Q,597.0,385.0,-1.79294651615211,0.06595147894224845
S173R,576.0,18.0,-6.159311108919945,0.239453624085647
S173T,530.0,836.0,-0.502586717797227,0.05621533079145079
S173V,534.0,636.0,-0.907904646243038,0.05934791531390781
S173W,499.0,35.0,-4.993317097155752,0.1750556600508159
S173Y,359.0,38.0,-4.399660436705208,0.1707968162497902
S173_,332.0,9.0,-6.363643116361289,0.33775286443754443
S183A,417.0,1001.0,0.10321516423096,0.05894288480321418
S183C,682.0,1568.0,0.04098262515408457,0.04670389509345778
S183D,766.0,1705.0,-0.005742267537419465,0.04437591048918439
S183E,390.0,896.0,0.039916380981312116,0.061297181124243504
S183F,1010.0,1636.0,-0.4642753473713137,0.0409704898219546
S183G,792.0,1664.0,-0.0890137846914314,0.04405470314467878
S183H,1083.0,1788.0,-0.43677909594340836,0.03949534299511686
S183I,1292.0,3565.0,0.3042015500972899,0.03364135195103344
S183K,477.0,1071.0,0.006793197324068245,0.055743509298308
S183L,691.0,1427.0,-0.11387038621355305,0.04717172478061957
S183M,336.0,762.0,0.021218423844947765,0.06607321135950017
S183N,1666.0,3626.0,-0.03810149352188086,0.030875076426244936
S183P,442.0,839.0,-0.23547834047015836,0.05942660837101631
S183Q,421.0,870.0,-0.1129098546454621,0.06001584116278526
S183R,879.0,1929.0,-0.026178197991931107,0.04163283244403656
S183T,544.0,1149.0,-0.08140105948963239,0.05278034264677658
S183V,599.0,1491.0,0.15555060358951778,0.049166616180329054
S183W,396.0,936.0,0.08089974455935423,0.06058714412923673
S183Y,545.0,918.0,-0.40786016896730626,0.05478494403553749
S183_,953.0,33.0,-6.011603645878336,0.17725802070090835
S186A,884.0,1629.0,-0.27822647159498626,0.04268872589215651
S186C,664.0,1369.0,-0.11623122602362113,0.0481009863883532
S186D,997.0,2337.0,0.0688966903226822,0.03883483968589236
S186E,722.0,1863.0,0.2074573571433227,0.04471058891677677
S186F,509.0,894.0,-0.3474903679274517,0.05621745536341234
S186G,632.0,1159.0,-0.2852136137775725,0.050222578510514766
S186H,588.0,1238.0,-0.08597696469488891,0.050849266358031775
S186I,434.0,955.0,-0.02229978132205801,0.058552988409733345
S186K,947.0,2248.0,0.08710955109143903,0.039724571225392
S186L,814.0,1751.0,-0.05501843704783749,0.04332243903483733
S186M,789.0,1437.0,-0.2951327259896672,0.045172436977722476
S186N,750.0,1847.0,0.1401226037528005,0.04418121504253929
S186P,569.0,1246.0,-0.02929760245368751,0.0513541503356435
S186Q,739.0,1844.0,0.15909335082181375,0.04441516286414076
S186R,560.0,1186.0,-0.07749565729297014,0.05202013294182211
S186T,786.0,3454.0,0.97556535032659,0.04048475794563942
S186V,613.0,1675.0,0.29009985778248293,0.048016192492008544
S186W,1545.0,1122.0,-1.6216179788351308,0.04019640875723913
S186Y,671.0,1498.0,-0.0014462545142963634,0.04727675605847678
S186_,580.0,44.0,-4.88026183427081,0.15659969807877533
S219A,712.0,1566.0,-0.022963320558964995,0.04604659384047635
S219C,392.0,690.0,-0.34436052399060024,0.06385497876483932
S219D,620.0,414.0,-1.7427132066143676,0.06407438199077614
S219E,684.0,1187.0,-0.3648445700830685,0.04880234049493807
S219F,834.0,732.0,-1.348288661782278,0.05140405206026081
S219G,507.0,748.0,-0.5990439821583351,0.058193443188138703
S219H,484.0,1056.0,-0.03457260057451972,0.05559030820396998
S219I,268.0,18.0,-5.055504082264127,0.2435839920365948
S219K,714.0,17.0,-6.551576570849538,0.24549284492254553
S219L,773.0,31.0,-5.799768983587896,0.18335363370161065
S219M,764.0,47.0,-5.182639272973797,0.150526415574214
S219N,636.0,1368.0,-0.05512991516427945,0.048790775280839166
S219P,720.0,34.0,-5.5640733697262315,0.17569642839585625
S219Q,369.0,697.0,-0.24256789563736714,0.06497616429949585
S219R,633.0,21.0,-6.073167560778544,0.22193103697075936
S219T,1086.0,2385.0,-0.025129409349615273,0.03764752195856299
S219V,1478.0,700.0,-2.2382959306667374,0.04671600422887486
S219W,851.0,31.0,-5.938457990724357,0.18303001117195564
S219Y,646.0,994.0,-0.5383834687754465,0.051295597976666794
S219_,649.0,17.0,-6.413872998484481,0.2457783648076625
S226A,674.0,1550.0,0.04134828480981678,0.04696874771773055
S226C,775.0,1012.0,-0.7751506219953539,0.04853542089571844
S226D,723.0,27.0,-5.902537393404832,0.19617257721342637
S226E,2026.0,97.0,-5.5444513507561215,0.1043026617536111
S226F,586.0,9.0,-7.183341704580369,0.33581467431582346
S226G,1038.0,1020.0,-1.1853243832662308,0.044955678424296625
S226H,512.0,81.0,-3.8200874120101167,0.11989366337723273
S226I,2071.0,233.0,-4.311958079849651,0.06965462019625235
S226K,324.0,82.0,-3.1422539345492764,0.12392420280309016
S226L,743.0,30.0,-5.789953740782776,0.1864010500304207
S226M,698.0,60.0,-4.700060207335891,0.1348101709993952
S226N,1040.0,81.0,-4.842440919677231,0.11568462681059243
S226P,925.0,1590.0,-0.37859236536330965,0.04227581906472154
S226Q,725.0,14.0,-6.853559370388608,0.26987798609615754
S226R,836.0,58.0,-5.009234011921904,0.13605812630462522
S226T,893.0,1244.0,-0.6818374903570188,0.0447315209839938
S226V,712.0,262.0,-2.6023629652497613,0.07278991343202648
S226W,1113.0,31.0,-6.325676555703122,0.182272804307948
S226Y,350.0,13.0,-5.9097906111964225,0.2824858592134251
S226_,837.0,42.0,-5.476527505273174,0.1583535086527859
S230A,629.0,1369.0,-0.03810921053047256,0.048964306592566224
S230C,969.0,2476.0,0.19334634504947257,0.03889865429450018
S230D,1020.0,1874.0,-0.28254198177819667,0.03989042803755456
S230E,552.0,880.0,-0.4872618216655189,0.055001461159665865
S230F,538.0,1090.0,-0.14145085990016515,0.05341697210358932
S230G,717.0,1213.0,-0.4015610381863306,0.047919983529847165
S230H,530.0,1011.0,-0.22838155507954827,0.054342574242473414
S230I,603.0,676.0,-0.9952246762633417,0.0566997704660962
S230K,437.0,140.0,-2.8022237568664927,0.0975083214551388
S230L,877.0,1940.0,-0.014688446103486186,0.04162868885490757
S230M,894.0,1864.0,-0.10004061124540087,0.04162069378448847
S230N,536.0,959.0,-0.32080139451304035,0.05464089540934964
S230P,954.0,22.0,-6.597860675436645,0.2157761556525585
S230Q,1212.0,1525.0,-0.8286702362840281,0.039472239958936534
S230R,849.0,278.0,-2.770732106069886,0.06965690176728638
S230T,481.0,1191.0,0.14795939696589588,0.054734184856217054
S230V,568.0,1140.0,-0.15502909166311696,0.05210533844525961
S230W,787.0,1344.0,-0.3879973369279144,0.045737540269566515
S230Y,622.0,1448.0,0.05897454897645815,0.04873954022944754
S230_,615.0,27.0,-5.669131660795289,0.19679065815610952
S236A,981.0,1979.0,-0.14764818250393485,0.04002386012270987
S236C,595.0,1136.0,-0.22709762277565115,0.051363085827211795
S236D,513.0,998.0,-0.2000200139540329,0.05503201187295843
S236E,943.0,2007.0,-0.07038450696387866,0.04044671042803473
S236F,596.0,1120.0,-0.2499841654962367,0.05145796333147667
S236G,685.0,1302.0,-0.23354376224317264,0.04801171295654719
S236H,1271.0,2714.0,-0.06563668170291548,0.035106736861565624
S236I,816.0,1557.0,-0.22796786407375969,0.04410193229960702
S236K,902.0,2521.0,0.3226991709503926,0.03978127947104667
S236L,978.0,2337.0,0.09665544864994935,0.03908491063303597
S236M,742.0,1403.0,-0.241072580343892,0.04623518842057872
S236N,1008.0,2174.0,-0.051238711773632595,0.03910603223071671
S236P,948.0,758.0,-1.4827727331961578,0.049510944494729585
S236Q,1246.0,2444.0,-0.1881527958129361,0.03590228443251207
S236R,418.0,1014.0,0.11837518175376349,0.05878536770079563
S236T,291.0,728.0,0.16280220105883192,0.06990825529003532
S236V,814.0,1694.0,-0.1027633689146672,0.04354365677779511
S236W,728.0,1330.0,-0.2906804166609529,0.046933252317569986
S236Y,618.0,1404.0,0.023763786540519583,0.04906720957502881
S236_,848.0,68.0,-4.800349817726586,0.12633368529340214
S241A,906.0,1992.0,-0.023461326287490536,0.04102431852558702
S241C,1052.0,2387.0,0.021968854940602967,0.03803608912396556
S241D,828.0,19.0,-6.604905091411131,0.23213973419555492
S241E,878.0,29.0,-6.079702507662598,0.18891019010830112
S241F,1197.0,49.0,-5.7703025848859735,0.1460022695519079
S241G,792.0,92.0,-4.2657434106353325,0.11049091733508493
S241H,1028.0,54.0,-5.410571276984504,0.13987527159285087
S241I,1402.0,51.0,-5.9406600656536055,0.14280934672423917
S241K,1080.0,52.0,-5.536199159492624,0.14223304008298523
S241L,585.0,10.0,-7.029034743690106,0.3188835539991245
S241M,783.0,177.0,-3.305287203460109,0.08368852883320864
S241N,1118.0,72.0,-5.116679352232248,0.12189608340094224
S241P,709.0,37.0,-5.419906271916272,0.1688413171085687
S241Q,1082.0,85.0,-4.830024799415693,0.11298131022375577
S241R,750.0,24.0,-6.12528985977089,0.20750873948772636
S241T,1302.0,1522.0,-0.9348500283529981,0.038759744379719
S241V,619.0,32.0,-5.433455471159419,0.18147443024979804
S241W,874.0,56.0,-5.123980790079479,0.13811355813733087
S241Y,1418.0,51.0,-5.957031132773148,0.14278116641198552
S241_,963.0,43.0,-5.6448940798903635,0.15609633666380826
S267A,1060.0,2941.0,0.3121464775815568,0.03688705997063743
S267C,955.0,2539.0,0.2505909951390439,0.03896424480913118
S267D,849.0,1973.0,0.05645747952968261,0.04197536007036563
S267E,1269.0,2305.0,-0.29901776530547863,0.036043058607259267
S267F,751.0,1654.0,-0.02102340313833473,0.04487070403134719
S267G,666.0,1366.0,-0.12373503632549365,0.048070642194077876
S267H,1766.0,4739.0,0.26400485598794443,0.029232026404013674
S267I,893.0,1915.0,-0.059483647219810365,0.041463808256350716
S267K,549.0,1480.0,0.27061525402108355,0.05073835017982162
S267L,434.0,1081.0,0.1564923426825624,0.05750133755060138
S267M,552.0,1179.0,-0.06527768983182991,0.05231614696377318
S267N,884.0,1141.0,-0.7919104960548795,0.04566042107570634
S267P,1180.0,2713.0,0.04100794251898199,0.03596238811504985
S267Q,838.0,2032.0,0.11778080006626102,0.041984227592955746
S267R,619.0,1537.0,0.15200459316483972,0.048408111539862714
S267T,1156.0,2612.0,0.015919205325319652,0.03640247200394357
S267V,660.0,1335.0,-0.14379657689481995,0.04838837918138887
S267W,1002.0,1823.0,-0.296661768446711,0.04029622807163746
S267Y,647.0,1704.0,0.23698654964010402,0.04700713566694252
S267_,928.0,50.0,-5.373939178431428,0.145433228722307
S275A,1091.0,2268.0,-0.10432466088582526,0.03787803674967021
S275C,901.0,1953.0,-0.0440030239767335,0.04122067885497546
S275D,727.0,905.0,-0.844128812055148,0.05057376480047712
S275E,735.0,178.0,-3.20589292615887,0.0839966443251861
S275F,859.0,1678.0,-0.19408285501121458,0.04286401087732737
S275G,1209.0,1350.0,-1.0009434206703882,0.040559917325764826
S275H,1416.0,2967.0,-0.09290900166629878,0.03347384007752794
S275I,1208.0,343.0,-2.9763971925134887,0.06180957237678676
S275K,1051.0,3256.0,0.4712413973268945,0.03654912746542335
S275L,1518.0,3782.0,0.15688454623818027,0.03162934517344673
S275M,660.0,1730.0,0.23013325164399046,0.046587643438694974
S275N,1125.0,2012.0,-0.32138768680082297,0.03825107883140795
S275P,770.0,107.0,-4.007218897384287,0.10354155730787726
S275Q,1693.0,2348.0,-0.6882392789842,0.03307272518796507
S275R,1373.0,71.0,-5.433263453076854,0.12201679812504844
S275T,2487.0,4377.0,-0.34455396547085293,0.026604592497846538
S275V,1159.0,196.0,-3.7239811866201222,0.07772923818158718
S275W,781.0,1254.0,-0.47695140996779983,0.04642287975956153
S275Y,1243.0,1408.0,-0.980267659585988,0.03989949382182942
S275_,917.0,41.0,-5.642977154764824,0.15985007282934519
S279A,1597.0,562.0,-2.6667929774801875,0.04982716675770388
S279C,904.0,274.0,-2.8821975232771466,0.06951929889164465
S279D,976.0,53.0,-5.362646820738294,0.14130178166589397
S279E,1106.0,1693.0,-0.545861272071849,0.039649256538562334
S279F,1598.0,52.0,-6.101430925245117,0.14117400132604532
S279G,1046.0,1360.0,-0.7813667215638471,0.0420541453082242
S279H,926.0,93.0,-4.475657368806455,0.10912691079600932
S279I,1107.0,70.0,-5.1430507747193674,0.12354860010984008
S279K,1368.0,36.0,-6.407624703485874,0.16905117953259516
S279L,1119.0,123.0,-4.345462757822294,0.09539557671616569
S279M,960.0,39.0,-5.78122086739145,0.16356453509906568
S279N,1369.0,488.0,-2.6482377058870887,0.05344943230026267
S279P,1202.0,44.0,-5.931561053533717,0.1537247444865134
S279Q,871.0,265.0,-2.8767298194587143,0.07070207619059311
S279R,873.0,44.0,-5.470182239669057,0.15474113701477105
S279T,992.0,83.0,-4.739084951091668,0.1145951322369643
S279V,744.0,32.0,-5.698814767306935,0.18072507851301037
S279W,869.0,29.0,-6.064837915117433,0.18894140752850355
S279Y,796.0,24.0,-6.2111665833213685,0.2073230016973423
S279_,1429.0,54.0,-5.885732990757459,0.13889608916666102
S299A,889.0,33.0,-5.911311940619058,0.17747097145636093
S299C,951.0,16.0,-7.052502635371827,0.25217003028585994
S299D,110.0,3.0,-6.351814711710818,0.584288665783163
S299E,1078.0,25.0,-6.5898090303927646,0.20245713175566585
S299F,697.0,26.0,-5.904128387226974,0.19989672212620715
S299G,1467.0,53.0,-5.950557691501544,0.14008309122623647
S299H,517.0,9.0,-7.002608606170462,0.3361535936583609
S299I,1265.0,101.0,-4.806666094504094,0.10376784717138374
S299K,1047.0,38.0,-5.9438397231377245,0.16535179292918334
S299L,953.0,174.0,-3.613408472351802,0.08290567963393428
S299M,990.0,116.0,-4.253281264579012,0.09852556006005948
S299N,1169.0,42.0,-5.958498012079719,0.15727850940908
S299P,1181.0,86.0,-4.939460302072904,0.11202917724668704
S299Q,1014.0,27.0,-6.390521766998383,0.1951582867428909
S299R,477.0,21.0,-5.664958781006911,0.22309196176857266
S299T,1053.0,241.0,-3.2874415609531695,0.07194520586215795
S299V,526.0,18.0,-6.028307477600106,0.23979796008029888
S299W,1048.0,55.0,-5.411902106812921,0.13859996748813588
S299Y,2051.0,47.0,-6.607310372186904,0.1477730796096021
S299_,1140.0,34.0,-6.227031000320837,0.17423418332771343
S318A,666.0,437.0,-1.7679648832946633,0.062185245312333104
S318C,1053.0,444.0,-2.4059423996902147,0.05726350274284856
S318D,1337.0,44.0,-6.085122411009699,0.15345127824656576
S318E,611.0,10.0,-7.091769449632064,0.31876948245828346
S318F,1179.0,47.0,-5.808551801145715,0.14898821302628756
S318G,1465.0,36.0,-6.506456439645861,0.16890796810732092
S318H,1732.0,444.0,-3.1238705222726684,0.05391487754487792
S318I,1070.0,53.0,-5.495303265896376,0.14098292286908617
S318K,797.0,33.0,-5.753710119035693,0.17783640901590253
S318L,860.0,21.0,-6.515292705155037,0.2209896116870197
S318M,902.0,29.0,-6.11860856418293,0.18882996556154263
S318N,1197.0,33.0,-6.340475593073194,0.17665365515280804
S318P,1372.0,50.0,-5.938017918509318,0.14422935582911273
S318Q,882.0,96.0,-4.359625765961118,0.10782673288838963
S318T,1021.0,33.0,-6.111037384614366,0.17706078421473956
S318V,997.0,36.0,-5.951225807309261,0.16985379436359804
S318W,634.0,9.0,-7.296922016401118,0.3356222611104623
S318Y,281.0,8.0,-6.2927627551716405,0.3584407704366721
S318_,1280.0,37.0,-6.2721834724105445,0.16696771219908557
S333A,3597.0,1483.0,-2.438357181354152,0.03208678213278478
S333C,1448.0,1012.0,-1.6769353569463141,0.04190446414688188
S333D,469.0,16.0,-6.0326608075718955,0.2543036791335867
S333E,1118.0,86.0,-4.860372213885245,0.11224192646156449
S333F,817.0,126.0,-3.8569028449584044,0.096109843165553
S333G,993.0,1908.0,-0.21789875586342156,0.04010478890951235
S333H,1269.0,960.0,-1.5626694359856668,0.04366829848548858
S333I,1272.0,63.0,-5.495472729679476,0.12935958684895363
S333K,1064.0,40.0,-5.893094608068211,0.16127876789811163
S333L,783.0,177.0,-3.305287203460109,0.08368852883320864
S333M,752.0,183.0,-3.198916701437536,0.08289270449027061
S333N,1146.0,863.0,-1.5692577884116483,0.045919238682541344
S333P,747.0,14.0,-6.896686032228195,0.26980271722919347
S333Q,1484.0,862.0,-1.9438116396970209,0.04371702045831536
S333R,887.0,93.0,-4.4135799648617535,0.10934424411374082
S333T,1445.0,460.0,-2.8114296849007676,0.05425081695688721
S333V,1001.0,143.0,-3.9673557873234646,0.08982626367860393
S333W,2224.0,4095.0,-0.27938363709587266,0.02776844496064865
S333Y,1115.0,383.0,-2.701690021045276,0.05987486494732173
S333_,708.0,29.0,-5.769234873602119,0.1896326189345158
S337A,900.0,2299.0,0.19291246790948602,0.04029041104363047
S337C,1049.0,124.0,-4.24058740053032,0.0953645332287489
S337D,902.0,32.0,-5.976636182835346,0.18007254428899858
S337E,1441.0,74.0,-5.443303657694099,0.11951106200537703
S337F,1809.0,75.0,-5.752060967722011,0.11815918481444247
S337G,734.0,1698.0,0.04988599497243662,0.04503945562741627
S337H,2489.0,88.0,-5.9818480963495375,0.10881801309414486
S337I,479.0,16.0,-6.063097898612339,0.2542161474206959
S337K,674.0,45.0,-5.0645398634208725,0.15420178722025388
S337L,1246.0,49.0,-5.8281830269920905,0.14588971719311236
S337M,1627.0,45.0,-6.335921080281987,0.15135771550117788
S337N,885.0,18.0,-6.778911007423287,0.23818456678000738
S337P,1578.0,81.0,-5.443949867186382,0.11425897430752516
S337Q,995.0,35.0,-5.988959395189715,0.17217877710230686
S337R,1026.0,72.0,-4.992791052091449,0.12222462164378764
S337T,2226.0,130.0,-5.257852910172946,0.09065428243424246
S337V,1444.0,72.0,-5.485826993013209,0.12106496085112362
S337W,680.0,48.0,-4.9842364582390735,0.14958880035136252
S337Y,1706.0,44.0,-6.4367382583059936,0.15292324960161977
S337_,1207.0,46.0,-5.873433699149076,0.1504664339174655
S366A,859.0,1644.0,-0.22361509395899137,0.04300753689228404
S366C,1416.0,3055.0,-0.05074168850462968,0.033328508732431435
S366D,1818.0,84.0,-5.595742594860244,0.11194036555892423
S366E,1034.0,38.0,-5.925814639761182,0.16538809916326536
S366F,695.0,23.0,-6.07678818425189,0.21207414348103892
S366G,858.0,1448.0,-0.40508213865442944,0.043969752885732995
S366H,1350.0,40.0,-6.236552991995367,0.16066031071044237
S366I,819.0,31.0,-5.883162973057331,0.18315539025346397
S366K,1202.0,49.0,-5.776316278518508,0.1459903683110797
S366L,1132.0,65.0,-5.282168575429021,0.12783928163455677
S366M,835.0,60.0,-4.95860597733378,0.13393553830648072
S366N,1361.0,42.0,-6.177888408048421,0.1568944017650948
S366P,1806.0,47.0,-6.423781727422062,0.14799670666656303
S366Q,732.0,20.0,-6.353157622004747,0.22675617449453558
S366R,1083.0,62.0,-5.286489201496495,0.13087028826556243
S366T,1388.0,1049.0,-1.5640768680723771,0.04184476413078125
S366V,652.0,138.0,-3.40020862221418,0.09411067516238748
S366W,553.0,15.0,-6.36339702370848,0.26173992056662226
S366Y,699.0,15.0,-6.701404549833569,0.2610174230812599
S366_,1331.0,64.0,-5.538167628599296,0.12826190686645156
S38A,487.0,1183.0,0.12035163056855325,0.05455177303308501
S38C,387.0,553.0,-0.6451526131253544,0.06685392095089689
S38D,796.0,32.0,-5.796279310006204,0.18048199819445046
S38E,688.0,1505.0,-0.030815703363288094,0.046852569620871774
S38F,1106.0,770.0,-1.6825026797125604,0.04775022524938462
S38G,701.0,1260.0,-0.3141590831274437,0.04793126631320726
S38H,552.0,1037.0,-0.250423838413667,0.05341461281015051
S38I,732.0,1153.0,-0.5046175740053727,0.048069172493472194
S38K,594.0,1526.0,0.2011179554701723,0.049153083976014145
S38L,637.0,609.0,-1.2249374401044424,0.05735060464026127
S38M,868.0,2058.0,0.08537908675987804,0.041415158697024175
S38N,664.0,1288.0,-0.20422041643637812,0.04857614151966514
S38P,1253.0,465.0,-2.590151618878923,0.05500743801126663
S38Q,1175.0,2725.0,0.05350115214218576,0.03598994774637914
S38R,405.0,905.0,-0.00011113320552524897,0.06042585229434347
S38T,758.0,1379.0,-0.29674320463032977,0.046061375731032035
S38V,677.0,868.0,-0.8015528173147342,0.05202299624364866
S38W,745.0,1432.0,-0.21737746537624236,0.04601990471197798
S38Y,699.0,1200.0,-0.380425908775071,0.04838563535612902
S38_,528.0,20.0,-5.881859517776104,0.22791701261634914
S50A,235.0,587.0,0.16057559675412847,0.07769128131516403
S50C,437.0,840.0,-0.2173471272722125,0.059632103736929586
S50D,666.0,458.0,-1.7002520783892479,0.06133584612917076
S50E,403.0,16.0,-5.813857761264375,0.25498929100496737
S50F,815.0,1116.0,-0.7066270486809936,0.046907107673399756
S50G,677.0,101.0,-3.904766353800003,0.10702495773436976
S50H,335.0,661.0,-0.1796193999749338,0.06763926789574173
S50I,716.0,428.0,-1.9024225696978982,0.061727393998506
S50K,542.0,350.0,-1.791010665033907,0.06913243998556179
S50L,513.0,597.0,-0.9413191882725105,0.06084030063743218
S50M,658.0,1101.0,-0.41744117906082767,0.05005236586178554
S50N,724.0,1348.0,-0.2633376670827454,0.046907134567763416
S50P,941.0,106.0,-4.310097029744859,0.1028251376670698
S50Q,623.0,1101.0,-0.3385869900975642,0.05089809680228336
S50R,761.0,59.0,-4.848971385076624,0.13541629182852546
S50T,685.0,1368.0,-0.16220551510959602,0.04762425992482227
S50V,935.0,844.0,-1.307809039474611,0.048286395441372344
S50W,429.0,894.0,-0.10080764477884685,0.05938646595864167
S50Y,123.0,99.0,-1.4732167903969895,0.1353021023265752
S50_,573.0,32.0,-5.322053071727971,0.18183139522319833
S55A,313.0,306.0,-1.1927172869082936,0.08086965929130246
S55C,1394.0,39.0,-6.319340438937964,0.16257015806982358
S55D,1132.0,59.0,-5.421870771244165,0.13381671545636065
S55E,272.0,17.0,-5.159291981683252,0.2500850489900077
S55F,408.0,36.0,-4.662222344332879,0.1740638756703434
S55G,1352.0,1195.0,-1.3381704685222808,0.040665725155509036
S55H,468.0,13.0,-6.328933826165803,0.28120794069399196
S55I,776.0,40.0,-5.437730046965099,0.16235653165595385
S55K,802.0,28.0,-5.999693673796908,0.19242050575162178
S55L,630.0,25.0,-5.8148851027582715,0.20407971827580687
S55M,470.0,17.0,-5.948323743026659,0.24696925032393938
S55N,648.0,23.0,-5.9757705251135285,0.21232004186336428
S55P,558.0,21.0,-5.89123024648673,0.22240888893148003
S55Q,1066.0,50.0,-5.5739478935251325,0.1449528437991366
S55R,1142.0,82.0,-4.959718973091006,0.11465832991588812
S55T,1293.0,46.0,-5.972729503210554,0.15028321066990769
S55V,846.0,37.0,-5.674775012664237,0.16816358745440121
S55W,656.0,13.0,-6.81611227684754,0.2801170584511508
S55Y,587.0,37.0,-5.147485376841203,0.16970716399719965
S55_,773.0,47.0,-5.199534829006783,0.15047578781807888
S79A,388.0,650.0,-0.4157192585541445,0.06475291233155729
S79C,367.0,877.0,0.09668658285655596,0.06278700400964257
S79D,650.0,373.0,-1.9613349422031003,0.06554830101138293
S79E,350.0,454.0,-0.7847594037747365,0.07167220175898693
S79F,553.0,1359.0,0.13709126103143898,0.051199257265480955
S79G,384.0,441.0,-0.9604198480931432,0.07034820361354131
S79H,946.0,905.0,-1.2240090375084458,0.047321031964188826
S79I,660.0,866.0,-0.7681915362070626,0.05241276807644772
S79K,780.0,18.0,-6.5967098706274605,0.23850365188533482
S79L,667.0,935.0,-0.6728139330849787,0.05143912710460026
S79M,621.0,1078.0,-0.36440518111401765,0.05113867253837202
S79N,332.0,278.0,-1.416177255104878,0.08176918127716543
S79P,158.0,114.0,-1.6309428313269843,0.1231954642783126
S79Q,957.0,1862.0,-0.1998324209965956,0.04073357124167144
S79R,350.0,12.0,-6.025175422208584,0.2935953960121815
S79T,333.0,576.0,-0.369558979620062,0.06939915286162095
S79V,517.0,1120.0,-0.04483981411609239,0.05389152398538832
S79W,382.0,676.0,-0.3366531536980606,0.06460842978984548
S79Y,468.0,1386.0,0.40623906804591936,0.05417979898624209
S79_,461.0,31.0,-5.054079951192991,0.18572576829822396
S81A,278.0,485.0,-0.3572096212755884,0.07573674599604219
S81C,716.0,1103.0,-0.5366931082637842,0.048790237287369524
S81D,303.0,300.0,-1.1744421538935832,0.0819188132384373
S81E,557.0,845.0,-0.5588221509303102,0.05528079661346402
S81F,431.0,821.0,-0.23040888485830813,0.060128132899801845
S81G,504.0,447.0,-1.333232589276098,0.06556235701689658
S81H,242.0,471.0,-0.19939630882257475,0.0795764189597748
S81I,409.0,13.0,-6.134530586322544,0.2817554390346271
S81K,801.0,120.0,-3.898752965321843,0.09827670849839505
S81L,418.0,5.0,-7.542670379520683,0.44952234014640696
S81M,470.0,504.0,-1.0593264307977721,0.0647221024460829
S81N,717.0,1404.0,-0.19059927099536367,0.046735157523924785
S81P,309.0,21.0,-5.038592796448179,0.22563194038471868
S81Q,369.0,657.0,-0.3278319210110645,0.0656448713156473
S81R,796.0,19.0,-6.548043454903233,0.2322442828887637
S81T,494.0,695.0,-0.6675938470162839,0.05950065009054104
S81V,727.0,408.0,-1.9934580336085723,0.062479323303700623
S81W,1075.0,1938.0,-0.30986140222835257,0.03903159919958117
S81Y,402.0,1162.0,0.3712318532644723,0.05852629088299134
S81_,539.0,21.0,-5.841251308785351,0.22255085811082015
S92A,1354.0,5485.0,0.8581685199107398,0.03159288966813719
S92C,299.0,642.0,-0.05768530226655422,0.07056363448773263
S92D,665.0,1730.0,0.2192450998522757,0.046465220847702535
S92E,1037.0,1735.0,-0.4175731652960364,0.040223438826010365
S92F,512.0,1060.0,-0.1102533546831097,0.05453185126107968
S92G,461.0,1023.0,-0.01013703976366731,0.056779455058230684
S92H,344.0,417.0,-0.8824558599063428,0.07336323937340039
S92I,1875.0,1586.0,-1.4015837595481986,0.03522913792622624
S92K,500.0,231.0,-2.2740889809170213,0.08003765086998309
S92L,525.0,855.0,-0.4564909459342186,0.05613867837720635
S92M,496.0,1033.0,-0.10167422885737576,0.05532975552815382
S92N,291.0,482.0,-0.4320929888914735,0.0747542801887812
S92P,392.0,512.0,-0.7748058067660537,0.0676852333097699
S92Q,295.0,651.0,-0.01817149116508876,0.07073216339960567
S92R,412.0,81.0,-3.5065947782759554,0.12185454123439873
S92T,299.0,526.0,-0.3451908444052565,0.07295699361207378
S92V,494.0,876.0,-0.333680244051199,0.05694768321047754
S92W,447.0,717.0,-0.4784012030855074,0.060901689041916916
S92Y,261.0,602.0,0.045595033373808214,0.07462989635018177
S92_,551.0,29.0,-5.407543638161072,0.19069077017521235
S97A,634.0,1127.0,-0.3301645211262709,0.05041640985947456
S97C,353.0,120.0,-2.7166417640917206,0.10603145056754501
S97D,390.0,13.0,-6.065905585550523,0.28196672897399383
S97E,522.0,80.0,-3.8659125506815295,0.12038005827587311
S97F,534.0,13.0,-6.519261228290283,0.28073799802821087
S97G,392.0,712.0,-0.29908029073349685,0.06350337479756825
S97H,1178.0,1391.0,-0.9203063316585807,0.0405590919871494
S97I,629.0,30.0,-5.549655066239255,0.18705420174522905
S97K,420.0,13.0,-6.172818147233754,0.28164178511308413
S97L,412.0,6.0,-7.259257889729424,0.41096681770964094
S97M,423.0,12.0,-6.298471050089338,0.29275451429450666
S97N,349.0,75.0,-3.378200863610065,0.1275697919898307
S97P,405.0,17.0,-5.7335898205810265,0.2476595872102438
S97Q,635.0,112.0,-3.663239109760646,0.10285816096677146
S97R,338.0,20.0,-5.238360193842702,0.23024064251930818
S97T,385.0,333.0,-1.369417754135613,0.07534916443628631
S97V,550.0,299.0,-2.039351451968666,0.07238623581942248
S97W,449.0,27.0,-5.215269367979467,0.19831211563238416
S97Y,427.0,7.0,-7.088798938795773,0.38088379659092225
S97_,405.0,27.0,-5.066479321735444,0.19892121091997547
T113A,647.0,323.0,-2.1622965175974196,0.06869278835523408
T113C,683.0,466.0,-1.7116331246442167,0.06072258827238661
T113D,297.0,209.0,-1.6670268737109204,0.09071162383640666
T113E,501.0,296.0,-1.919280821750733,0.07383414531117263
T113F,445.0,150.0,-2.7288664156810434,0.09481883455938316
T113G,713.0,120.0,-3.7308550223055583,0.0990575208760665
T113H,374.0,550.0,-0.6037063321508631,0.06759528596024741
T113I,657.0,482.0,-1.6069395886696851,0.06061304500264724
T113K,355.0,16.0,-5.630901787412763,0.2556463036732921
T113L,592.0,420.0,-1.655285205170359,0.06439957275233404
T113M,783.0,439.0,-1.9948642670612582,0.0602679347572886
T113N,420.0,282.0,-1.7347646932864782,0.07748624304772109
T113P,308.0,348.0,-0.9839357657131487,0.07872342157751105
T113Q,165.0,277.0,-0.4127027367345777,0.09872925287975938
T113R,792.0,21.0,-6.396457915950464,0.22121537382638426
T113S,494.0,477.0,-1.2106080718123078,0.0647911355979974
T113V,179.0,262.0,-0.6105056443561878,0.09736620017886648
T113W,547.0,139.0,-3.1364658742696596,0.09538918091536538
T113Y,432.0,507.0,-0.9291378422869796,0.066063284352826
T113_,427.0,12.0,-6.312049137100762,0.29271669044113086
T184A,1011.0,2449.0,0.11631406065684846,0.038401650809722514
T184C,695.0,1465.0,-0.08428246567753561,0.04688993535179863
T184D,752.0,1535.0,-0.13066303447056882,0.04537047196786351
T184E,458.0,1092.0,0.09344772766992548,0.05635911278080239
T184F,614.0,1203.0,-0.18977275927472803,0.05036997992127375
T184G,753.0,1734.0,0.04328395235935112,0.04451909901089349
T184H,365.0,925.0,0.1814456358673464,0.06243371672393438
T184I,800.0,1777.0,-0.008725475670348537,0.043473854573719065
T184K,801.0,2115.0,0.24068498873631228,0.042408530860921646
T184L,1347.0,1534.0,-0.9725400106271938,0.03836039416473933
T184M,227.0,542.0,0.09547628132162167,0.0795444864099242
T184N,832.0,1769.0,-0.07181790706477553,0.042947004342168
T184P,582.0,1356.0,0.0601646341334634,0.05032782377953531
T184Q,548.0,1209.0,-0.018535284148626374,0.05224132328842767
T184R,405.0,916.0,0.01731848148714743,0.06031595641333089
T184S,754.0,1263.0,-0.415876837560047,0.04685349877730176
T184V,516.0,1392.0,0.27161130860376126,0.05228366097020731
T184W,1040.0,1857.0,-0.3237031531971333,0.03971495813476595
T184Y,656.0,1358.0,-0.11038294591017106,0.04835273757316645
T184_,356.0,66.0,-3.591248599618554,0.13429586106397887
T185A,782.0,1959.0,0.1647784636823646,0.04320262219796307
T185C,506.0,1046.0,-0.11242849453335246,0.05485898244806686
T185D,587.0,1224.0,-0.0999289779980046,0.05096845987946764
T185E,487.0,993.0,-0.13223048683785965,0.05601458517991579
T185F,738.0,1380.0,-0.25712088573939873,0.04644218170607764
T185G,584.0,1412.0,0.11359799123355518,0.0499775784765291
T185H,274.0,492.0,-0.3156282440299245,0.07588958742348044
T185I,798.0,1692.0,-0.07582797237080374,0.0438335351755925
T185K,333.0,770.0,0.049224344125971875,0.0661728485087642
T185L,564.0,1228.0,-0.037557675255732725,0.051619690494920545
T185M,839.0,1805.0,-0.05484041826403452,0.04269827959162621
T185N,388.0,946.0,0.1256742621273581,0.06092268102724986
T185P,840.0,1921.0,0.03329928422857531,0.042287943167178633
T185Q,1019.0,2364.0,0.053980591852113236,0.03849160057760718
T185R,1084.0,2454.0,0.01867572527880057,0.03751327283192695
T185S,1023.0,3266.0,0.514621623564897,0.03689092261127653
T185V,1937.0,1748.0,-1.308205300830652,0.03414069894902043
T185W,796.0,1405.0,-0.34036539841320756,0.0452244729426807
T185Y,321.0,690.0,-0.05608830709289858,0.06812980795561802
T185_,333.0,16.0,-5.53860762489233,0.2560100063394151
T197A,981.0,1735.0,-0.33748310686659533,0.040901977661018434
T197C,669.0,1338.0,-0.16009811939096608,0.04815987083914491
T197D,573.0,1436.0,0.16534623691209127,0.050187576587170504
T197E,966.0,2103.0,-0.037741655635838534,0.039849008848750256
T197F,607.0,937.0,-0.5337431761901117,0.052838361146188347
T197G,725.0,1573.0,-0.042632294043159824,0.04574127030105674
T197H,417.0,1061.0,0.18719703128251375,0.058461704008224306
T197I,627.0,1529.0,0.12595014772979063,0.04823004744127536
T197K,599.0,1020.0,-0.3921560338260015,0.05222118706606117
T197L,1056.0,1690.0,-0.48167905041498393,0.0401985301505681
T197M,554.0,1188.0,-0.05952427963128315,0.05219208702501677
T197N,480.0,1256.0,0.22762424679156545,0.05437564305930732
T197P,654.0,1210.0,-0.27245296671213115,0.04932257779853322
T197Q,623.0,1252.0,-0.1531684770896895,0.04981039007320338
T197R,1572.0,3991.0,0.18405616166132166,0.03104738364526465
T197S,318.0,733.0,0.04467341068282238,0.06772031964510218
T197V,569.0,1331.0,0.0659081610094363,0.0508526905454152
T197W,659.0,1171.0,-0.33070620342002677,0.04948373420302192
T197Y,1156.0,3269.0,0.33961257547627266,0.035329818172132856
T197_,619.0,26.0,-5.7329117487620085,0.20034840318356367
T206A,761.0,1553.0,-0.1310075342143735,0.04511322043584687
T206C,541.0,1155.0,-0.06590916069369523,0.05283404830824175
T206D,554.0,102.0,-3.6012887685497246,0.10809824552568116
T206E,540.0,104.0,-3.5363512182667227,0.10744080383471753
T206F,324.0,697.0,-0.054946322502357425,0.0678105652788722
T206G,746.0,1288.0,-0.37221041711934344,0.04684127148497688
T206H,609.0,1032.0,-0.39916820936464514,0.05184824628430388
T206I,606.0,1351.0,-0.003462489157151083,0.04967467543313776
T206K,462.0,803.0,-0.3625934615614135,0.05905098170777122
T206L,793.0,1058.0,-0.7441450373940697,0.04778532639069818
T206M,706.0,1451.0,-0.12079039814173065,0.04672081206885788
T206N,437.0,300.0,-1.7027430402479702,0.07549005234935546
T206P,576.0,1163.0,-0.14638959868714796,0.0517026829773306
T206Q,614.0,977.0,-0.4899761604038364,0.05224382804584799
T206R,723.0,485.0,-1.7360884450817409,0.059347860235157104
T206S,672.0,1301.0,-0.20700989253368274,0.04831102685570916
T206V,632.0,1256.0,-0.16925867721599808,0.04955475831855416
T206W,836.0,994.0,-0.9103471706091879,0.04774340434724888
T206Y,951.0,1919.0,-0.1472575239852949,0.04061852166344871
T206_,607.0,23.0,-5.881474732276587,0.2125653627300464
T211A,814.0,2182.0,0.26245195338836425,0.04200033095017433
T211C,1026.0,2089.0,-0.13431273072935834,0.03912280206778759
T211D,358.0,6.0,-7.05657842154683,0.41141198058602857
T211E,655.0,18.0,-6.34473418304131,0.23901600650558244
T211F,735.0,16.0,-6.680806002390324,0.25278199347975705
T211G,434.0,877.0,-0.1452223282269438,0.05934290902016322
T211H,663.0,18.0,-6.362247880960829,0.23897746754383084
T211I,380.0,183.0,-2.214202238603355,0.09040431739628225
T211K,410.0,14.0,-6.031217573141863,0.27183414237820297
T211L,562.0,98.0,-3.67968227737601,0.10981628703290232
T211M,363.0,119.0,-2.769013825059351,0.10599362673790719
T211N,866.0,520.0,-1.8959316540672333,0.05616947249455777
T211P,935.0,19.0,-6.780238694749843,0.23184186116340036
T211Q,459.0,314.0,-1.707802417511667,0.07375948989837577
T211R,832.0,28.0,-6.052674316859427,0.19230364639957165
T211S,999.0,2371.0,0.08684338607297981,0.03872984370099522
T211V,1024.0,3050.0,0.4144968316898687,0.037170813314832636
T211W,754.0,15.0,-6.81067511222,0.26081745112490806
T211Y,560.0,74.0,-4.079747804917535,0.12399442983442657
T211_,2508.0,66.0,-6.4078020292428635,0.12500076371752694
T223A,608.0,1340.0,-0.02001052713714202,0.04968119865904766
T223C,723.0,1796.0,0.1526205394028759,0.044912638854621045
T223D,926.0,650.0,-1.6706531970204557,0.0519190565856458
T223E,412.0,145.0,-2.6666142978719805,0.09695591941464406
T223F,1044.0,34.0,-6.100120051526299,0.174465499693763
T223G,690.0,1728.0,0.1643350538934465,0.045882494864918535
T223H,408.0,699.0,-0.3833787541066007,0.06291870660185174
T223I,783.0,871.0,-1.006428787268395,0.05002463356780865
T223K,862.0,12.0,-7.3254838867002094,0.29069102958666454
T223L,852.0,103.0,-4.208173302340586,0.10468399651212443
T223M,973.0,1781.0,-0.28791825747341093,0.04082237681672001
T223N,296.0,603.0,-0.13355132454809215,0.07151125897767875
T223P,512.0,176.0,-2.70060192678225,0.08781703049526975
T223Q,910.0,1249.0,-0.7032566134656211,0.044460901329819794
T223R,1391.0,58.0,-5.7437746989708796,0.13429280652944464
T223S,583.0,1367.0,0.06934392521699895,0.05023951244869652
T223V,1421.0,1689.0,-0.9108261744318016,0.03705450368206414
T223W,341.0,607.0,-0.3281810995257377,0.06824319206257824
T223Y,805.0,1076.0,-0.7414744611650921,0.04742181573661194
T223_,674.0,42.0,-5.164052642319907,0.15926318582416243
T229A,670.0,968.0,-0.6292480139119441,0.05101775022486929
T229C,1405.0,301.0,-3.382784414370207,0.06411814169142212
T229D,1725.0,31.0,-6.957814726177963,0.181396299439828
T229E,1002.0,94.0,-4.574026206604838,0.10822388328163886
T229F,776.0,407.0,-2.0910983396525866,0.06182907001658852
T229G,596.0,131.0,-3.345746936862734,0.09689209427681642
T229H,200.0,10.0,-5.480645590699888,0.32400169526447353
T229I,1470.0,935.0,-1.8128596063940492,0.042743694047474405
T229K,1302.0,59.0,-5.623724597542893,0.1333850522709561
T229L,504.0,348.0,-1.6944109331481005,0.07024825183640157
T229M,329.0,263.0,-1.4831011174454218,0.0831793647290069
T229N,812.0,32.0,-5.824990249522921,0.18041340852234605
T229P,974.0,138.0,-3.9792511149986147,0.09137715182584107
T229Q,670.0,87.0,-4.105016841648581,0.1142921497989106
T229R,609.0,33.0,-5.3655782108754675,0.17892207279272135
T229S,927.0,76.0,-4.768411099381754,0.11963339541713519
T229V,437.0,671.0,-0.5414193630658461,0.062095221503019604
T229W,759.0,32.0,-5.727611648396893,0.18065157554162115
T229Y,565.0,65.0,-4.279630179499679,0.1312607240782722
T229_,408.0,20.0,-5.50989877661742,0.229135727105109
T245A,743.0,1715.0,0.04667611864529153,0.04479076363310089
T245C,1012.0,2136.0,-0.08239248167941415,0.03916048712954403
T245D,1421.0,274.0,-3.534703593815806,0.06656181548080005
T245E,842.0,1605.0,-0.22941432341191437,0.043450340048902816
T245F,1102.0,580.0,-2.086074973303063,0.05204603355301057
T245G,807.0,1206.0,-0.580503922970748,0.0463203104546091
T245H,1191.0,26.0,-6.677062653991179,0.1984026798810685
T245I,1038.0,1859.0,-0.31937314862886,0.03973098537116476
T245K,1151.0,58.0,-5.4705422751791986,0.13484976075344718
T245L,2474.0,6506.0,0.23483437109406502,0.02520227654909265
T245M,912.0,2596.0,0.34908705522504224,0.039483342758758304
T245N,661.0,19.0,-6.279928997452622,0.23279600023778463
T245P,1126.0,1458.0,-0.7873063623072847,0.04063504095900283
T245Q,781.0,988.0,-0.8209027137818019,0.048680360138231515
T245R,2209.0,103.0,-5.582630983501282,0.1011816952739222
T245S,1500.0,3691.0,0.13895619056788844,0.03185654402687933
T245V,1319.0,2656.0,-0.1502822608714358,0.03481231957278172
T245W,688.0,131.0,-3.5528399342653803,0.09572732620251394
T245Y,1272.0,40.0,-6.150692910648739,0.16080160921238718
T245_,1280.0,76.0,-5.233909373685208,0.1183835131294113
T270A,943.0,2058.0,-0.03418231956776374,0.040293784278774024
T270C,1129.0,2092.0,-0.27025585379701855,0.03796036823152633
T270D,842.0,1959.0,0.0581281525474191,0.04213484175570297
T270E,5559.0,17887.0,0.5259250265669773,0.017693028577396772
T270F,864.0,1614.0,-0.2585577350827304,0.04306062564613222
T270G,580.0,1382.0,0.09253103864249912,0.05024878697400621
T270H,688.0,1511.0,-0.02507556791018306,0.04682440449657388
T270I,1285.0,368.0,-2.9640500490800608,0.059772653835358576
T270K,1001.0,2405.0,0.10449916903734024,0.03862691196085911
T270L,861.0,682.0,-1.4963244376218832,0.05200893652732867
T270M,788.0,1951.0,0.1478479925434506,0.04311407062593227
T270N,1512.0,3642.0,0.10817986538170654,0.03183070160452697
T270P,583.0,1481.0,0.18490151053187098,0.04967594945378797
T270Q,623.0,1466.0,0.07448038203092189,0.04862594864047236
T270R,946.0,1616.0,-0.3875785504801126,0.041870370811591145
T270S,600.0,1439.0,0.10193083013274595,0.0493843063580389
T270V,1129.0,1899.0,-0.4098980990155052,0.03859495484651287
T270W,946.0,1722.0,-0.29592115538010777,0.04141300062234452
T270Y,1179.0,3276.0,0.3142764689005779,0.03508086689141607
T270_,1265.0,51.0,-5.792312215655955,0.1430795422917399
T294A,739.0,1645.0,-0.005656774533561837,0.04514763918528494
T294C,606.0,1301.0,-0.057868791363841154,0.0499601842291223
T294D,1015.0,2585.0,0.18858858343234175,0.03806975556612577
T294E,1052.0,2528.0,0.10476641493310268,0.03772768192734672
T294F,1874.0,5044.0,0.2683551473897783,0.0284450112250569
T294G,1157.0,2588.0,0.0013545211718977157,0.036440947532691365
T294H,1091.0,2344.0,-0.05677293765183222,0.03768885571169752
T294I,911.0,2079.0,0.030270565069902666,0.04069311465932944
T294K,2356.0,13003.0,1.304340719179356,0.02405411207695687
T294L,920.0,2125.0,0.04766084568490303,0.04043240469657835
T294M,689.0,1528.0,-0.011030178833828508,0.04672314571580948
T294N,255.0,632.0,0.14930622638632762,0.07470553469112554
T294P,808.0,1436.0,-0.33046659440473025,0.04484675069362431
T294Q,1154.0,2284.0,-0.17517409544192653,0.03717013173875612
T294R,854.0,1028.0,-0.8925579068197633,0.04712693795511064
T294S,867.0,1959.0,0.015916886450366263,0.041726487665594926
T294V,811.0,1942.0,0.09967168408041971,0.04272247005580765
T294W,1287.0,1744.0,-0.7217022878793666,0.037784051781384026
T294Y,1262.0,3160.0,0.1641184447580195,0.03443965831045836
T294_,746.0,47.0,-5.148242720819922,0.15063128160868325
T314A,647.0,1517.0,0.06928334331944797,0.047770401121015
T314C,885.0,1444.0,-0.45377226573937524,0.043585494567638425
T314D,1667.0,739.0,-2.3336843041630835,0.0450587029255572
T314E,1643.0,196.0,-4.227429433692099,0.07607672551666324
T314F,1497.0,1571.0,-1.0904788317492207,0.03717230174573411
T314G,1686.0,1654.0,-1.1877324732586363,0.03570652853526199
T314H,1143.0,2099.0,-0.28321632267567587,0.03779611987918237
T314I,1464.0,2151.0,-0.6049985132650209,0.03500288488743968
T314K,589.0,11.0,-6.901493090844117,0.30430500161949203
T314L,1368.0,1841.0,-0.7316686500978431,0.03676163125381287
T314M,807.0,1247.0,-0.5322727583566911,0.04602508911481427
T314N,819.0,759.0,-1.2698495107651775,0.051144311830437744
T314P,1292.0,27.0,-6.740067123324451,0.19461387703255592
T314Q,2042.0,4095.0,-0.15621029341725512,0.02848090300626924
T314R,827.0,17.0,-6.763537065136738,0.24510277746502873
T314S,1122.0,2013.0,-0.3168185320398056,0.038278907979472865
T314V,1550.0,2687.0,-0.3663631697095302,0.03308423533008157
T314W,570.0,266.0,-2.259594085169695,0.07477206015075175
T314Y,491.0,665.0,-0.722463708956532,0.06014651948680891
T314_,1545.0,64.0,-5.753262394140245,0.12785559275395067
T334A,1658.0,3813.0,0.04139026941825641,0.030702463941274474
T334C,1489.0,3896.0,0.22755660048659587,0.03170975616550368
T334D,1250.0,47.0,-5.892915482682297,0.14882644924237604
T334E,1212.0,50.0,-5.759128523953123,0.1445625301459166
T334F,2305.0,15868.0,1.6231889600086968,0.023960511126959957
T334G,1285.0,2385.0,-0.26787160835801016,0.03570347512570754
T334H,1196.0,174.0,-3.941074666878595,0.08160979226304052
T334I,2656.0,6092.0,0.03757039445686061,0.024857647983408546
T334K,1315.0,38.0,-6.2726382721533565,0.16476214735307343
T334L,1031.0,2014.0,-0.19407481617943656,0.03928986107324391
T334M,1048.0,2456.0,0.06857661484017274,0.03792891319321264
T334N,1335.0,47.0,-5.987826394857555,0.1486552267952006
T334P,1248.0,38.0,-6.197193995822809,0.164885991946949
T334Q,736.0,147.0,-3.4838984107782185,0.09076444327660244
T334R,1101.0,37.0,-6.054855963514257,0.1673476321449601
T334S,1411.0,2621.0,-0.26669269154030806,0.03416859860720418
T334V,1482.0,1113.0,-1.5731759645917158,0.040626006761786626
T334W,2022.0,184.0,-4.618021392647745,0.07750027918426769
T334Y,1341.0,299.0,-3.3251416931928195,0.06455482142688365
T334_,663.0,40.0,-5.210685433521504,0.16303150940996594
T336A,1451.0,3454.0,0.09112746057079901,0.032495265924932494
T336C,1301.0,1537.0,-0.9195928367418253,0.03868457154828108
T336D,639.0,1697.0,0.24899731576636697,0.04723813160467446
T336E,1065.0,2618.0,0.13751629409135147,0.03739219774882566
T336F,678.0,967.0,-0.647863080018463,0.05085536934209022
T336G,1016.0,2026.0,-0.16436064380729842,0.039434399730397376
T336H,1399.0,3034.0,-0.04326777116450353,0.03349084351940762
T336I,283.0,301.0,-1.0711289515609286,0.08326368617463864
T336K,710.0,21.0,-6.238778614036789,0.221544718203213
T336L,1052.0,1004.0,-1.2274621167442774,0.04498684189828477
T336M,1185.0,1927.0,-0.45862251239608876,0.03794814914494206
T336N,1037.0,2172.0,-0.09348639795145619,0.03875516112363878
T336P,1123.0,35.0,-6.163547239521986,0.17184580379012018
T336Q,723.0,1699.0,0.07251950045653555,0.0452651456451742
T336R,2223.0,870.0,-2.5134978865639166,0.04094510018193037
T336S,1543.0,4054.0,0.233514898644136,0.03117694514582211
T336V,1390.0,2032.0,-0.6122750970803801,0.035899741904237496
T336W,1335.0,2696.0,-0.14611203786189764,0.034600941990628284
T336Y,1398.0,2343.0,-0.41509890576401487,0.03491922836208458
T336_,1046.0,62.0,-5.236339281342442,0.1309950138259608
T36A,1427.0,1810.0,-0.8170851138249251,0.03647598791362739
T36C,645.0,1658.0,0.20197193834722693,0.04723076172371154
T36D,310.0,514.0,-0.4306056631932842,0.07244610728140552
T36E,785.0,812.0,-1.111300874724324,0.05081957960798992
T36F,725.0,1542.0,-0.07134801516103728,0.04588076031168428
T36G,488.0,889.0,-0.2947984006914819,0.05701959048094219
T36H,519.0,1241.0,0.09759316262564166,0.053007443352078513
T36I,1244.0,1782.0,-0.6415799869177308,0.03797716102456204
T36K,678.0,1418.0,-0.09559808734737096,0.047511753977944216
T36L,458.0,1049.0,0.03549009088014543,0.05669115294840781
T36M,243.0,442.0,-0.29702401040669457,0.0803411343507282
T36N,708.0,1801.0,0.18687721238080535,0.04522059323887175
T36P,551.0,21.0,-5.8730177716860235,0.22246006471245103
T36Q,807.0,1996.0,0.14637315578353682,0.042630858937050244
T36R,5.0,15.0,0.42295413138778315,0.516042923463697
T36S,952.0,2174.0,0.03122260651806741,0.03984516584137002
T36V,1107.0,2017.0,-0.29453735496323663,0.038423510910792574
T36W,736.0,1524.0,-0.11001224083118366,0.04573936474204866
T36Y,370.0,940.0,0.18502450551798155,0.06199755438989207
T36_,202.0,8.0,-5.816567995934308,0.3603768079079757
T60A,464.0,1043.0,0.00843785022491339,0.056490159915293506
T60C,1100.0,2111.0,-0.21967056329028978,0.03821044575702132
T60D,1063.0,2417.0,0.024980936278067745,0.037837915758133736
T60E,710.0,1378.0,-0.20341222878374943,0.04702513825121772
T60F,566.0,1164.0,-0.11988333181375044,0.05199135512622773
T60G,1000.0,2017.0,-0.14788352730538268,0.03966134118074419
T60H,459.0,1117.0,0.12295727485349062,0.05613463750668009
T60I,891.0,2179.0,0.13007195167269625,0.040724617713246244
T60K,1870.0,1710.0,-1.2891285601771152,0.034594754256730434
T60L,834.0,1784.0,-0.0631002221270931,0.0428580212656169
T60M,490.0,1063.0,-0.04281526510902367,0.0553059510572474
T60N,594.0,1249.0,-0.08786143306663874,0.050609841592935766
T60P,236.0,54.0,-3.287636873072959,0.1510941660585621
T60Q,321.0,756.0,0.07569974013189817,0.06719486736134724
T60R,1092.0,976.0,-1.3221055701914608,0.04491737768031136
T60S,664.0,1267.0,-0.22793629975890273,0.04870841601378766
T60V,320.0,464.0,-0.6240484280825971,0.07319342139542266
T60W,304.0,711.0,0.06566373377174539,0.06908736557908825
T60Y,607.0,1201.0,-0.1756313626220276,0.05056975848840924
T60_,652.0,23.0,-5.984648539874277,0.21229774592046663
V108A,424.0,578.0,-0.713091174619513,0.0645426792005105
V108C,459.0,739.0,-0.47301903509919896,0.0600750535352163
V108D,753.0,34.0,-5.628725449945982,0.1755231294279951
V108E,616.0,19.0,-6.178210671042714,0.23303324136268672
V108F,302.0,10.0,-6.0751697778695775,0.3213852783797287
V108G,842.0,153.0,-3.620298760742914,0.08831989315551503
V108H,395.0,44.0,-4.326073236945106,0.15915696250017636
V108I,722.0,1100.0,-0.5526614219503951,0.04869654643265732
V108K,581.0,24.0,-5.75694302301279,0.2084411240137038
V108L,593.0,491.0,-1.432391363324828,0.06164559371362652
V108M,922.0,1274.0,-0.6935650384850609,0.04412208916160474
V108N,477.0,251.0,-2.086362007209332,0.07847003093243822
V108P,509.0,33.0,-5.106806293101126,0.17982129160659285
V108Q,458.0,770.0,-0.4105892529226507,0.05965979799059494
V108R,640.0,25.0,-5.83760482145272,0.20401894668244283
V108S,373.0,606.0,-0.45996004480031427,0.06639487692433374
V108T,445.0,535.0,-0.8943592353415326,0.06475733994659111
V108W,531.0,21.0,-5.819678300085835,0.222613645140443
V108Y,555.0,16.0,-6.275555889804694,0.253653266996418
V108_,651.0,30.0,-5.599251817423708,0.186910538121903
V112A,657.0,2082.0,0.5039024266322274,0.04560263764354548
V112C,652.0,395.0,-1.8830922517964117,0.06436263596681786
V112D,352.0,2.0,-8.61236443934319,0.7074111356334137
V112E,349.0,189.0,-2.044893145349217,0.09073710042873492
V112F,408.0,4.0,-7.828945802068239,0.5019011133138929
V112G,726.0,945.0,-0.7797471610872613,0.050128135593328585
V112H,576.0,222.0,-2.5355565339018984,0.07948352785644097
V112I,359.0,510.0,-0.6535858320728645,0.06945093390963918
V112K,334.0,23.0,-5.0196457448780745,0.2157093796119488
V112L,520.0,481.0,-1.2725598168166306,0.063868986375214
V112M,507.0,303.0,-1.9027361328989212,0.07314244610291729
V112N,300.0,385.0,-0.8002020088727155,0.07751003794175072
V112P,394.0,16.0,-5.781274369913275,0.25510040605621176
V112Q,1456.0,589.0,-2.465743568226089,0.049616742498158665
V112R,590.0,24.0,-5.779119435082308,0.20837813689381976
V112S,691.0,866.0,-0.8344102417135391,0.051760281671693144
V112T,816.0,1192.0,-0.613349735429435,0.04627788819985382
V112W,532.0,41.0,-4.857493052059363,0.1622997506183878
V112Y,881.0,12.0,-7.356937675587396,0.29064799367748034
V112_,611.0,34.0,-5.327252417760217,0.17640011274654954
V119A,550.0,917.0,-0.4226077197505669,0.05464337134029141
V119C,445.0,713.0,-0.4800027821864292,0.06104829243356633
V119D,351.0,561.0,-0.48357298231084656,0.06861974734348775
V119E,288.0,491.0,-0.39045383438161796,0.07473933826038859
V119F,555.0,1174.0,-0.07922831077436232,0.052257051774399314
V119G,438.0,844.0,-0.21379105235675233,0.05954092378405974
V119H,278.0,296.0,-1.069578199829933,0.0839791985161022
V119I,224.0,509.0,0.02404352582491942,0.08065936394118917
V119K,540.0,780.0,-0.6295808406946719,0.05666657768292237
V119L,357.0,773.0,-0.045564744738516794,0.06459051737447251
V119M,667.0,1120.0,-0.4123560195777669,0.04969231017245766
V119N,643.0,694.0,-1.0499720605865752,0.05543767506422551
V119P,428.0,19.0,-5.652901403999299,0.23455817043794946
V119Q,358.0,504.0,-0.6666348643657436,0.06967463172128799
V119R,426.0,284.0,-1.7450329052153135,0.07710780856184132
V119S,445.0,593.0,-0.7458686595467992,0.06333009820923394
V119T,288.0,825.0,0.35820536505165457,0.06900331009966944
V119W,384.0,397.0,-1.1120558708422763,0.07211224385877976
V119Y,218.0,421.0,-0.21062714801823823,0.08390133889104326
V119_,349.0,8.0,-6.605409657987929,0.3574722941773696
V153A,138.0,374.0,0.2782167009584944,0.09998412710520206
V153C,468.0,1009.0,-0.05175812580735428,0.05661294514051438
V153D,343.0,485.0,-0.6603234806199616,0.07109450526636557
V153E,372.0,603.0,-0.4632468127566334,0.06651086899903723
V153F,841.0,672.0,-1.4837275904145422,0.05248207522014174
V153G,507.0,1002.0,-0.17727653800644116,0.05520498473054
V153H,429.0,918.0,-0.06258874443986695,0.05913974442613078
V153I,664.0,1418.0,-0.06549650419829955,0.04783788960404085
V153K,264.0,316.0,-0.9007097005395259,0.08384176021349073
V153L,641.0,1337.0,-0.09949584983197024,0.04883875764958164
V153M,902.0,1302.0,-0.6305621408760453,0.04420324690681788
V153N,610.0,1145.0,-0.2516319371464908,0.05089126474902019
V153P,752.0,807.0,-1.0582526329332715,0.05144084165968699
V153Q,427.0,716.0,-0.41437745653604185,0.061771698134682175
V153R,568.0,542.0,-1.227684196781368,0.06068579254264077
V153S,752.0,1289.0,-0.3826476326852868,0.04672052379977178
V153T,482.0,995.0,-0.11443938958375721,0.056186380919806204
V153W,179.0,407.0,0.024936721344359647,0.09011365494536572
V153Y,556.0,967.0,-0.3616673585938228,0.053943423087764536
V153_,579.0,28.0,-5.529661713524778,0.19366432215471907
V174A,691.0,1864.0,0.2715437687736175,0.045396954635797314
V174C,697.0,1824.0,0.22777504226010414,0.04538932556892309
V174D,703.0,1317.0,-0.2544381533229103,0.04752892983859778
V174E,776.0,1628.0,-0.09112492453379417,0.044498748864174625
V174F,915.0,2254.0,0.1405471634752793,0.0401719629504268
V174G,784.0,1538.0,-0.1879664144948121,0.0447541438046659
V174H,224.0,414.0,-0.273984858901553,0.0834070479069677
V174I,511.0,960.0,-0.250389426875147,0.055460015366864075
V174K,462.0,945.0,-0.1276818196393421,0.05744470207859257
V174L,743.0,1906.0,0.19901481851271186,0.04413368041262971
V174M,804.0,1833.0,0.028841969121920386,0.043203761493991154
V174N,1230.0,2537.0,-0.11562817577364859,0.03583873500133813
V174P,337.0,665.0,-0.17950270263856716,0.06744076221712636
V174Q,360.0,795.0,-0.017151310508015882,0.06413107713379625
V174R,316.0,648.0,-0.12404147287358747,0.06917291019310697
V174S,523.0,1191.0,0.02718775310960364,0.05318723028205042
V174T,727.0,1542.0,-0.07532232943564487,0.045839390756346174
V174W,695.0,1476.0,-0.07349048231732525,0.046835659757251624
V174Y,517.0,1146.0,-0.011731794545334573,0.053703258013560316
V174_,487.0,21.0,-5.6948906660457235,0.22299546458114014
V175A,331.0,786.0,0.08758552790115814,0.06611016436211892
V175C,629.0,1406.0,0.00036465996213763674,0.048767622052375205
V175D,606.0,1123.0,-0.2701300680250158,0.05116493358697818
V175E,543.0,1168.0,-0.05508538289861331,0.052678196497352225
V175F,792.0,1506.0,-0.23294653856031555,0.044764552464292645
V175G,666.0,1396.0,-0.09239380536969932,0.04790673048085611
V175H,495.0,1230.0,0.1530531323422597,0.05394822843088349
V175I,573.0,1064.0,-0.26720784889743676,0.05255720363547255
V175K,704.0,1734.0,0.14035705488171413,0.0455453722501189
V175L,508.0,1139.0,0.004764274943959812,0.05407096472942326
V175M,421.0,1108.0,0.2359571587159257,0.05792243127742451
V175N,822.0,1856.0,0.014889296600832047,0.04280851591290145
V175P,922.0,1872.0,-0.13835349856671808,0.04118277233691261
V175Q,286.0,580.0,-0.14007515296383488,0.07278556225032147
V175R,869.0,2175.0,0.16349001314814693,0.041082251238877675
V175S,662.0,1714.0,0.21236327455510562,0.04659642679064461
V175T,682.0,1333.0,-0.1932645318261006,0.04789242843357435
V175W,604.0,1188.0,-0.18418469719722896,0.05074045828002904
V175Y,289.0,757.0,0.22910560900016463,0.06970167157689613
V175_,653.0,12.0,-6.924884365823116,0.29132896431623667
V203A,467.0,896.0,-0.22002594576912848,0.057745903451914805
V203C,995.0,2431.0,0.12868556074744575,0.038647319532524836
V203D,869.0,1941.0,-0.0007244701051227764,0.04175139593921552
V203E,361.0,793.0,-0.02478707875796715,0.06409581217770198
V203F,602.0,1065.0,-0.33707971715034724,0.051742718486217115
V203G,585.0,1143.0,-0.19378250258825425,0.051589767351805996
V203H,853.0,1301.0,-0.551089845646831,0.04492439672131603
V203I,1208.0,9840.0,1.8659400472262675,0.03172825635705194
V203K,314.0,513.0,-0.4519108928563531,0.0721882283881687
V203L,1732.0,1486.0,-1.3810907723021324,0.03643563468951406
V203M,612.0,1218.0,-0.1671884903415588,0.05032117022494229
V203N,688.0,1499.0,-0.03657876869311494,0.04688094309021034
V203P,978.0,1789.0,-0.2888470071141791,0.04072715828913237
V203Q,733.0,1347.0,-0.2822315612444024,0.04673191068396704
V203R,920.0,2044.0,-0.008406530249411404,0.04066236252197128
V203S,698.0,1549.0,-0.010060489604389211,0.046427001599882334
V203T,697.0,1567.0,0.008675789780833831,0.04636923859598889
V203W,771.0,1654.0,-0.05894085722346443,0.044484153657657094
V203Y,649.0,1172.0,-0.30741507031876036,0.04971209078633207
V203_,1018.0,34.0,-6.063736253967654,0.17453559514823808
V213A,691.0,1228.0,-0.33054352198686754,0.04836043111728949
V213C,1149.0,3061.0,0.25352906694694255,0.035696675237019665
V213D,900.0,338.0,-2.5729624391745576,0.06439596058387526
V213E,423.0,152.0,-2.636612871551275,0.09497248812234094
V213F,728.0,943.0,-0.7867725347528713,0.05011277550468056
V213G,1050.0,50.0,-5.552129989545676,0.14500214241060738
V213H,606.0,42.0,-5.010624246451291,0.1597849887594797
V213I,1065.0,1251.0,-0.9278609920654226,0.042609401112468075
V213K,1129.0,39.0,-6.015157793025446,0.16308719469465177
V213L,740.0,3308.0,1.0002595870939448,0.04160382504786546
V213M,768.0,655.0,-1.3896955005930698,0.05390741368253775
V213N,494.0,902.0,-0.29148415511133763,0.05665804710853901
V213P,1079.0,24.0,-6.650016358675728,0.2065268429964961
V213Q,770.0,107.0,-4.007218897384287,0.10354155730787726
V213R,1628.0,86.0,-5.402548682852923,0.11098671323463571
V213S,580.0,946.0,-0.454309677155722,0.05346426942361337
V213T,432.0,963.0,-0.003601265510595475,0.058569793154145726
V213W,718.0,920.0,-0.8024417316395338,0.050566111097003645
V213Y,793.0,25.0,-6.146849433096396,0.2032788064829819
V213_,640.0,22.0,-6.021950733742132,0.21696455446146315
V22A,523.0,1139.0,-0.037217360029162094,0.05354636654043775
V22C,607.0,714.0,-0.9258633410254511,0.055903564716101445
V22D,649.0,30.0,-5.594812820549579,0.18692320041766788
V22E,610.0,215.0,-2.664516469908545,0.07979669465271835
V22F,693.0,573.0,-1.4344031906738381,0.05714367404867124
V22G,1002.0,1524.0,-0.5551118743500023,0.04161017095754202
V22H,783.0,1189.0,-0.5574291260563591,0.04685517408894632
V22I,307.0,606.0,-0.17903138484095038,0.07060176555810153
V22K,1039.0,29.0,-6.322602770870882,0.18844249886647868
V22L,675.0,1385.0,-0.1231717246077988,0.0477569325137302
V22M,918.0,2366.0,0.20578705994091617,0.03986494521114039
V22N,487.0,603.0,-0.8518568059514493,0.061554381159520465
V22P,654.0,22.0,-6.053168981807498,0.21688746140445164
V22Q,619.0,336.0,-2.0415458834380438,0.06832886147458841
V22R,3287.0,127.0,-5.853849186870102,0.09085632763739696
V22S,665.0,438.0,-1.762499564457288,0.062161389188966194
V22T,967.0,543.0,-1.9926393791951131,0.05434106000159616
V22W,316.0,376.0,-0.9092865186824115,0.0768193281618819
V22Y,883.0,226.0,-3.126130506089148,0.07506211834529466
V22_,234.0,6.0,-6.4431487180015194,0.41320687476868667
V233A,1531.0,8371.0,1.2908306578567998,0.029152566224080665
V233C,1116.0,2596.0,0.05785864918144057,0.036857895608515316
V233D,860.0,326.0,-2.559524554051909,0.06563091016818545
V233E,1015.0,1830.0,-0.30972974605513937,0.040111166667168324
V233F,1251.0,1954.0,-0.5167428082514971,0.03726084877130515
V233G,549.0,1383.0,0.17281991834544286,0.05120321903380571
V233H,990.0,1945.0,-0.18582476729854136,0.04001844078576917
V233I,657.0,1755.0,0.2574046796315237,0.0465735203022882
V233K,745.0,905.0,-0.8794133940271998,0.050244130503667
V233L,905.0,1151.0,-0.8131926079491789,0.04528808861356998
V233M,986.0,1829.0,-0.2686985575200245,0.040474448552490674
V233N,451.0,813.0,-0.309973661449658,0.0593674281909285
V233P,1021.0,77.0,-4.888894726540326,0.11849893476028718
V233Q,739.0,1453.0,-0.18470849663540267,0.04602865187017689
V233R,1177.0,1847.0,-0.5100222374367109,0.03831807224338839
V233S,1453.0,6817.0,1.07000713030884,0.03020210272270686
V233T,1000.0,1950.0,-0.19662024152394952,0.03987551259530954
V233W,804.0,1489.0,-0.2710192445038899,0.044638564139082126
V233Y,2073.0,3708.0,-0.32116927820181074,0.028798010310621184
V233_,879.0,129.0,-3.9284840170870137,0.09469017484717611
V25A,710.0,842.0,-0.9140893138250812,0.051704098870015446
V25C,440.0,863.0,-0.188246372423432,0.059233937632069716
V25D,912.0,1019.0,-1.0000406760945681,0.046422758054093634
V25E,962.0,1406.0,-0.6126042775347837,0.04275478160899607
V25F,501.0,9.0,-6.957255820214908,0.33624545812390416
V25G,413.0,540.0,-0.7732779267392678,0.06595691821757564
V25H,1484.0,1461.0,-1.1826220978113549,0.03788873896355646
V25I,266.0,572.0,-0.05552744967590506,0.07473103088664605
V25K,790.0,21.0,-6.392810185050804,0.22122259843539924
V25L,956.0,27.0,-6.305547501157586,0.1953115139443725
V25M,624.0,20.0,-6.12286341369651,0.22727692257742588
V25N,780.0,336.0,-2.3750757872667805,0.0658436433461097
V25P,784.0,189.0,-3.212496827485312,0.08150747152946444
V25Q,628.0,14.0,-6.646346007941297,0.2702723948010631
V25R,440.0,11.0,-6.480737274923778,0.30524817048902125
V25S,891.0,990.0,-1.008085862761737,0.04700703445528016
V25T,476.0,1052.0,-0.016002705688312524,0.05593394434389016
V25W,559.0,10.0,-6.9634475490868235,0.3190081899983652
V25Y,719.0,31.0,-5.695293741799158,0.18361838662495092
V25_,761.0,44.0,-5.272099471681763,0.1552849007881691
V280A,670.0,776.0,-0.9481947214856676,0.053464070611301776
V280C,1070.0,1611.0,-0.5697461674391704,0.04040480092568253
V280D,1079.0,538.0,-2.164090678931058,0.05350444470214284
V280E,923.0,1790.0,-0.20453787321968075,0.0414646427603262
V280F,1261.0,3018.0,0.09893053261929241,0.03466421653984749
V280G,847.0,893.0,-1.0837900086383216,0.04876146548108244
V280H,749.0,768.0,-1.1239472212933634,0.05210000633974534
V280I,611.0,1435.0,0.07170555645866461,0.04909931060573223
V280K,858.0,725.0,-1.4030809050597677,0.05120573721276762
V280L,1376.0,3049.0,-0.012237409702987811,0.03364465538812832
V280M,909.0,2069.0,0.02648521037589724,0.0407513125218984
V280N,751.0,725.0,-1.210918560737185,0.05280227395021837
V280P,969.0,24.0,-6.4948915824139775,0.20678138819076258
V280Q,658.0,729.0,-1.0122582418162471,0.05448582990354922
V280R,1009.0,29.0,-6.280333703915944,0.18851841074525477
V280S,603.0,531.0,-1.3435302340838344,0.06015645949428929
V280T,1083.0,2145.0,-0.17414952764613645,0.03829881751075894
V280W,1313.0,2662.0,-0.14044925017273924,0.03484986991943212
V280Y,58.0,31.0,-2.0636554304109787,0.2226282053948525
V280_,1210.0,53.0,-5.672697956751849,0.14059890926560437
V282A,697.0,352.0,-2.1456502776855446,0.06597557618422056
V282C,610.0,674.0,-1.016150234038462,0.05657051813792081
V282D,1094.0,66.0,-5.210884854152417,0.1270454126050817
V282E,882.0,107.0,-4.203136728175879,0.10274212208516458
V282F,1313.0,2548.0,-0.20359430135150003,0.03509017785691385
V282G,880.0,48.0,-5.3562004138471675,0.14846748231357756
V282H,556.0,159.0,-2.9660806693120803,0.090358674581335
V282I,1391.0,1709.0,-0.8630592897808165,0.03716564001672371
V282K,1430.0,105.0,-4.927513946793276,0.10148619123545967
V282L,880.0,1805.0,-0.12367233020833446,0.04204298866769788
V282M,896.0,1845.0,-0.11804544010071893,0.041657053143266794
V282N,986.0,275.0,-3.0022055360409103,0.06875804337308078
V282P,1009.0,466.0,-2.2745949908960617,0.05669387775392571
V282Q,1045.0,1313.0,-0.8307261810066162,0.042376716318767
V282R,823.0,32.0,-5.84440271529085,0.18036778568369377
V282S,1231.0,194.0,-3.825726897180008,0.07774293018230892
V282T,219.0,409.0,-0.2589479653928546,0.0841913188574956
V282W,1021.0,1980.0,-0.2045766167750136,0.039518589456894175
V282Y,1467.0,345.0,-3.2482559586925346,0.060476226275267615
V282_,1309.0,42.0,-6.121686859581537,0.1569873910565626
V284A,1147.0,2281.0,-0.168292534851048,0.03724893137930956
V284C,809.0,1710.0,-0.08031201586178138,0.043567409694649034
V284D,778.0,1433.0,-0.27889926366020124,0.045391750141203446
V284E,769.0,1412.0,-0.2834112949192997,0.04567091098895211
V284F,871.0,1520.0,-0.35676770948993575,0.043396214980950025
V284G,480.0,639.0,-0.7473132903223041,0.06103654061198029
V284H,1295.0,2019.0,-0.5194025191649891,0.03667063782033824
V284I,527.0,1133.0,-0.055828984861091335,0.053454191285277085
V284K,1130.0,1028.0,-1.296568578372435,0.043988063446838935
V284L,1250.0,4184.0,0.5828593262654156,0.03341028863398651
V284M,839.0,1662.0,-0.1739181855669294,0.04325286841237466
V284N,978.0,1965.0,-0.1534718043107679,0.040107808677448384
V284P,1085.0,37.0,-6.033736730511256,0.167387644442967
V284Q,730.0,1269.0,-0.3623720310639218,0.04727693650440346
V284R,539.0,270.0,-2.1573865364726563,0.07507375244063992
V284S,953.0,2174.0,0.029707981817643336,0.03983133238217562
V284T,616.0,1354.0,-0.023874619321504476,0.04938770975260543
V284W,820.0,1590.0,-0.20476490658092583,0.04388248861393412
V284Y,842.0,1042.0,-0.8526274864938035,0.04716531205288266
V284_,739.0,30.0,-5.782165999488565,0.18642058955107138
V287A,996.0,2303.0,0.0492012062723699,0.03892902464469489
V287C,799.0,1739.0,-0.03810657270958817,0.04363298333589804
V287D,1057.0,2352.0,-0.006182168584710546,0.03805892438412918
V287E,1386.0,3368.0,0.1208714184038917,0.03310068534045297
V287F,943.0,2203.0,0.06404373183591794,0.039894951645802944
V287G,982.0,1928.0,-0.1867844236044638,0.0401775770757298
V287H,727.0,1958.0,0.2692536824731331,0.04431103859474567
V287I,1968.0,3587.0,-0.2940431211637282,0.029396595778790956
V287K,881.0,1813.0,-0.11893075429448885,0.04199855301691051
V287L,1000.0,2622.0,0.23057142390261864,0.0381919549176371
V287M,582.0,1308.0,0.008170386926910744,0.05059597125213978
V287N,437.0,978.0,0.0020955865827856357,0.05820661655221971
V287P,1471.0,216.0,-3.927724383784851,0.07339256746031793
V287Q,815.0,1531.0,-0.25049329713778334,0.04424241211344367
V287R,865.0,1859.0,-0.05634152252484004,0.04208592807875557
V287S,582.0,1283.0,-0.0196707685615074,0.05074297300979391
V287T,672.0,1352.0,-0.15153612126889637,0.04801001161749185
V287W,570.0,1493.0,0.22907735685630826,0.050013914929583
V287Y,805.0,1852.0,0.04192594156334284,0.04312102854900895
V287_,844.0,60.0,-4.974072594439962,0.13388785627717795
V28A,303.0,787.0,0.2169292235444651,0.06817698747894846
V28C,719.0,1853.0,0.2056995890952722,0.04480750335963567
V28D,470.0,1021.0,-0.04085369789084048,0.05642947159453011
V28E,476.0,937.0,-0.18301477421078172,0.056967265097918954
V28F,1452.0,2545.0,-0.35046740122077935,0.03404225135375496
V28G,528.0,1124.0,-0.07006962437815822,0.0534866707346876
V28H,1032.0,847.0,-1.4450933797653782,0.04718956543278473
V28I,254.0,530.0,-0.0989530518542443,0.07681704469130289
V28K,459.0,881.0,-0.21945452689302147,0.05823153175945477
V28L,2.0,11.0,1.2934597253477431,0.7670829210566686
V28M,575.0,1525.0,0.24707241460214657,0.04972003837732075
V28N,548.0,1295.0,0.08060177672328628,0.05171293503782239
V28P,519.0,1014.0,-0.19384969802516316,0.054682514017571904
V28Q,1008.0,2298.0,0.028787787761336503,0.038787386968518786
V28R,565.0,1261.0,-0.0018559273763498751,0.05138233084985286
V28S,504.0,1323.0,0.23221236580663973,0.05307719307300689
V28T,697.0,1811.0,0.21745591582250157,0.04543265712750587
V28W,384.0,838.0,-0.03426375792511571,0.06224669192644272
V28Y,671.0,526.0,-1.5113313770549581,0.05889519436353587
V28_,900.0,40.0,-5.651595834539702,0.16180883458369083
V297A,798.0,1875.0,0.07233222259164673,0.043170548287178014
V297C,489.0,1087.0,-0.007657997424595386,0.05515570066597715
V297D,817.0,815.0,-1.163623312731862,0.050281235649801165
V297E,538.0,1020.0,-0.23720893437950696,0.054003080264434615
V297F,964.0,4643.0,1.1078530339046444,0.036468613680329984
V297G,1105.0,2225.0,-0.15033494257192537,0.03783720377831839
V297H,1346.0,2222.0,-0.4369111558448746,0.035640259983481345
V297I,1002.0,2264.0,0.01589608683056909,0.038947873058453694
V297K,864.0,1355.0,-0.5109037535659855,0.0444144634872687
V297L,946.0,1934.0,-0.12841942167161413,0.04063717888999257
V297M,578.0,1164.0,-0.15015024230193763,0.05163740547743124
V297N,948.0,1976.0,-0.100471271503344,0.040474190896435655
V297P,1649.0,1323.0,-1.4778635183954285,0.03794107626224008
V297Q,1160.0,2112.0,-0.29560791374052897,0.037587135594804436
V297R,1381.0,1596.0,-0.9513414123630746,0.03778781324881879
V297S,1019.0,1904.0,-0.25821449061553015,0.039796992168615215
V297T,871.0,1702.0,-0.19360901107424322,0.04257794828079464
V297W,1494.0,2105.0,-0.6654500547922986,0.03495204300075119
V297Y,1064.0,2143.0,-0.14996046485019843,0.03851912242997886
V297_,729.0,47.0,-5.114986355865321,0.15073500485958485
V301A,588.0,33.0,-5.314952983847564,0.17908587414840846
V301C,985.0,93.0,-4.564767966689841,0.10883013752904006
V301D,1694.0,158.0,-4.582441957744022,0.08364375219715953
V301E,761.0,58.0,-4.873629224090406,0.1364906552562839
V301F,700.0,1372.0,-0.1892437772475004,0.047272162037931865
V301G,1020.0,47.0,-5.599559142477239,0.14943125824040795
V301H,1527.0,8858.0,1.3761857788677534,0.0290691477984866
V301I,611.0,1557.0,0.1894229762200519,0.04854008322538545
V301K,932.0,44.0,-5.564529494549636,0.15450665711996242
V301L,778.0,41.0,-5.405828386990281,0.16045832997212392
V301M,1109.0,50.0,-5.630999296180323,0.14482732665448095
V301N,818.0,22.0,-6.3759747666135,0.21617960414697418
V301P,697.0,47.0,-5.05022710597623,0.15094375786918623
V301Q,710.0,23.0,-6.107593792485744,0.21200246456607091
V301R,1345.0,78.0,-5.2679013528895196,0.11678872759546563
V301S,1372.0,81.0,-5.242134516052237,0.11467458884002207
V301T,718.0,826.0,-0.9579320266111431,0.05177476200554421
V301W,782.0,1052.0,-0.7321978799544704,0.04802672125226443
V301Y,636.0,1227.0,-0.21206168450722718,0.049644135875598995
V301_,1213.0,65.0,-5.381873316680297,0.12760835794896533
V302A,1221.0,246.0,-3.471373487373765,0.07043520529291052
V302C,1440.0,2390.0,-0.4291495128117395,0.03449777579466889
V302D,879.0,22.0,-6.479735864883773,0.21598329979798628
V302E,707.0,27.0,-5.870252412838992,0.19625233875664666
V302F,1542.0,56.0,-5.943071219748729,0.13630740074410372
V302G,865.0,20.0,-6.594011075889748,0.22629254763416137
V302H,1260.0,78.0,-5.173719637430711,0.11700325846855504
V302I,742.0,473.0,-1.8096552828876558,0.059489995482092516
V302K,718.0,29.0,-5.7894690735432475,0.1895807453235065
V302L,1000.0,907.0,-1.3009114019074444,0.04668792454639027
V302M,1171.0,43.0,-5.927024791513145,0.15550440243336935
V302N,1031.0,40.0,-5.847641223929442,0.16137200153968465
V302P,974.0,57.0,-5.254737014749741,0.13654564967373012
V302Q,1035.0,24.0,-6.589952829983876,0.2066222051180727
V302R,879.0,31.0,-5.985161484162708,0.18292772931253432
V302S,2409.0,86.0,-5.967879503848227,0.11008592986565878
V302T,1000.0,1031.0,-1.1160434381154376,0.04524556684266991
V302W,1111.0,30.0,-6.370372010098709,0.18520139430846305
V302Y,842.0,45.0,-5.385607234536899,0.15323892462607736
V302_,954.0,35.0,-5.928252758899698,0.17230415926879464
V353A,1538.0,2715.0,-0.3401947088250665,0.03310229933510606
V353C,639.0,1595.0,0.15956771853863838,0.04763533011655029
V353D,353.0,774.0,-0.02744418378308655,0.06482285503299536
V353E,615.0,1220.0,-0.17187613775856025,0.0502285163580986
V353F,1021.0,2177.0,-0.06773629890232336,0.038936057512213504
V353G,1504.0,689.0,-2.28630466954823,0.04683476874117703
V353H,1251.0,2717.0,-0.041160783397307554,0.03527965969974529
V353I,1072.0,2361.0,-0.02100154866775039,0.03786321817237852
V353K,945.0,2110.0,-0.0012390016839454177,0.040116952591727824
V353L,1089.0,2284.0,-0.09153557170490867,0.0378594808385221
V353M,1652.0,3925.0,0.08838657286628449,0.030616143697965812
V353N,1148.0,1896.0,-0.43625597265937177,0.03841542075592794
V353P,1214.0,125.0,-4.43975223140963,0.09434153441989773
V353R,1140.0,2558.0,0.005888087550361298,0.036679187499563726
V353S,975.0,2255.0,0.04955757341826761,0.03932348079076486
V353T,784.0,1811.0,0.047763214459733305,0.04364539635588914
V353W,1307.0,2468.0,-0.24300927626703883,0.03532051037033892
V353Y,1226.0,3176.0,0.21315737144974678,0.034752886548056514
V353_,1387.0,66.0,-5.553237117916231,0.12628318879513126
V365A,1275.0,2292.0,-0.3139825607706124,0.03602574727416032
V365C,558.0,1037.0,-0.2660204124398593,0.05323196460836309
V365D,1446.0,476.0,-2.7631010793895183,0.0535686752970517
V365E,1376.0,250.0,-3.6205205850944315,0.06930964963529244
V365F,1043.0,2380.0,0.030127308268068198,0.03815990699628232
V365G,902.0,1264.0,-0.6732947927476589,0.04446365664733146
V365H,620.0,1153.0,-0.26504570126874505,0.05057095015792553
V365I,698.0,992.0,-0.6529803784723303,0.05017915112277469
V365K,888.0,29.0,-6.0960410594388295,0.18887624037815434
V365L,708.0,1181.0,-0.4219077988032298,0.04833622794630131
V365M,1218.0,2503.0,-0.12094926014193197,0.036024698784982316
V365N,831.0,720.0,-1.3669362310330877,0.05166694469675451
V365P,829.0,1128.0,-0.7157688890719651,0.0465835126628123
V365Q,1075.0,1328.0,-0.8551714068975862,0.04195806125777744
V365R,1213.0,73.0,-5.214440890917755,0.12082383044324192
V365S,768.0,1406.0,-0.28767748270327775,0.04572250535335652
V365T,1084.0,2287.0,-0.08300272868472369,0.03790780222182244
V365W,1097.0,2066.0,-0.24681677677432123,0.03837762503032447
V365Y,1554.0,1894.0,-0.8746391765330666,0.035337309477997465
V365_,1012.0,78.0,-4.857507999631953,0.11783144964613325
V370A,733.0,1556.0,-0.07414079032241183,0.045652556136027214
V370C,1091.0,2572.0,0.0771445896479852,0.037183752919306465
V370D,1674.0,61.0,-5.93820594224934,0.13063449862916848
V370E,1476.0,497.0,-2.730443048082138,0.052600216327173065
V370F,1171.0,2724.0,0.05789126655658183,0.03603218202756944
V370G,1255.0,2434.0,-0.20445110144667256,0.03584549730621376
V370H,1396.0,267.0,-3.5464309335041855,0.06737027498690222
V370I,924.0,2409.0,0.22237267504552527,0.03968118284971308
V370K,754.0,48.0,-5.133264153182095,0.14910561672443343
V370L,1131.0,3545.0,0.4880906748873004,0.03526330604810557
V370M,648.0,1691.0,0.22370987243061968,0.047029748479743505
V370N,1070.0,1782.0,-0.42420618396345144,0.039660854823933736
V370P,600.0,222.0,-2.594449221100956,0.07904548765768349
V370Q,1471.0,2038.0,-0.6897332607162148,0.0353231988979929
V370R,1081.0,24.0,-6.652687992185,0.20652269180586813
V370S,1595.0,3246.0,-0.13498536169856612,0.03181626096907492
V370T,1326.0,3250.0,0.1332651646956564,0.03375029049101842
V370W,881.0,1851.0,-0.08900494753026056,0.041863529632823936
V370Y,520.0,1171.0,0.011054786710586129,0.05342520225117016
V370_,986.0,41.0,-5.7476419665844665,0.15961119519561634
V371A,1183.0,2721.0,0.04159265276623403,0.0359174137064144
V371C,660.0,1551.0,0.07256086258125549,0.04729818547227282
V371D,827.0,90.0,-4.359834914151602,0.11133867487806598
V371E,652.0,1141.0,-0.35274189796205313,0.049873679810382605
V371F,1544.0,3335.0,-0.04907834616769424,0.032011903982488814
V371G,683.0,1318.0,-0.2117046270279701,0.04795910355085351
V371H,891.0,1177.0,-0.7584742879538959,0.04526787972418581
V371I,729.0,1565.0,-0.05792597099513941,0.04569404195860612
V371K,1295.0,964.0,-1.5859305582023153,0.0434370471899027
V371L,963.0,1960.0,-0.13484900638751007,0.040321965680066
V371M,837.0,1851.0,-0.015091411996921877,0.042570213454801026
V371N,827.0,1529.0,-0.2734661741490729,0.04405044611088516
V371P,1530.0,3060.0,-0.16009205170426233,0.032521307457128286
V371Q,927.0,1553.0,-0.41567702454537425,0.042425187015941605
V371R,1141.0,419.0,-2.6053421922482602,0.057794835546129304
V371S,1364.0,2546.0,-0.25970347255971893,0.03468648888563438
V371T,979.0,2035.0,-0.10444695443454588,0.039875891519441514
V371W,718.0,1125.0,-0.5122253539631965,0.048568177565936316
V371Y,1284.0,2143.0,-0.42110519327004337,0.036368834675902836
V371_,1427.0,54.0,-5.883712423287043,0.13889961971513215
V373A,754.0,1128.0,-0.5789630418742098,0.04785402744476149
V373C,1720.0,3082.0,-0.3186327468222738,0.031354492036871164
V373D,1679.0,29.0,-7.015004054110982,0.18746655648964433
V373E,879.0,42.0,-5.5471622242888134,0.1581731593275119
V373F,1460.0,42.0,-6.279188991532326,0.1567355468996476
V373G,960.0,489.0,-2.133272803024645,0.05624813235844584
V373H,1230.0,20.0,-7.101892404313579,0.22553328498410039
V373I,1556.0,4254.0,0.290884755528237,0.030902917875786577
V373K,664.0,40.0,-5.212859771985091,0.16302454293573188
V373L,757.0,1762.0,0.058750511767529545,0.04433699136518049
V373M,847.0,794.0,-1.2533091622773807,0.05017272375536326
V373N,1223.0,29.0,-6.557829431455326,0.18805790474535605
V373P,1035.0,51.0,-5.50280813281735,0.14369210861197607
V373Q,559.0,11.0,-6.826075054358449,0.30445467105985696
V373R,1427.0,35.0,-6.5091719098105285,0.17129297182500094
V373S,1084.0,1742.0,-0.47571249691846607,0.03967113376376971
V373T,1685.0,3285.0,-0.19694672810115144,0.031227071365141062
V373W,1290.0,43.0,-6.06665364481753,0.15525090432269906
V373Y,1816.0,150.0,-4.757728901703265,0.08540567097212282
V373_,840.0,20.0,-6.551700767411536,0.2263685559739159
V44A,645.0,1113.0,-0.3730142150365765,0.05026009058922019
V44C,824.0,1319.0,-0.48136558554546305,0.045265555255966816
V44D,317.0,12.0,-5.882307631412943,0.2941014620075515
V44E,464.0,153.0,-2.7606172909909494,0.09363703937533692
V44F,539.0,684.0,-0.8163819589191919,0.05826206914669039
V44G,675.0,354.0,-2.0912060984728518,0.06620790826353452
V44H,296.0,24.0,-4.784025943084996,0.21237896707494827
V44I,665.0,1598.0,0.10474115910349369,0.046976203756175734
V44K,805.0,19.0,-6.564263604732062,0.23221404329464096
V44L,134.0,324.0,0.11361034253481872,0.1030810497115015
V44M,366.0,876.0,0.0989769359480972,0.06285661373011117
V44N,198.0,3.0,-7.199753331678312,0.580821325564317
V44P,337.0,13.0,-5.855185870583202,0.2826808632178441
V44Q,841.0,632.0,-1.5722629062600841,0.05337179564731833
V44R,1440.0,36.0,-6.4816247576325905,0.1689430439963346
V44T,600.0,666.0,-1.0095300432542178,0.05696811799399503
V44W,675.0,7.0,-7.749437957841539,0.37975263068129844
V44Y,338.0,232.0,-1.7029662770552312,0.08570822608606189
V44_,405.0,30.0,-4.914529642646124,0.1893899400285125
V7A,18.0,63.0,0.6466952913708912,0.2673433258255796
V7C,1375.0,2856.0,-0.10552841715301708,0.03398021320937501
V7D,70.0,82.0,-0.9318485062436199,0.1629556912326636
V7E,540.0,456.0,-1.4040079985490062,0.06420280792973163
V7F,16.0,0.0,-11.804844929553953,10.00312642180036
V7G,604.0,777.0,-0.7967266060525615,0.05495302606402137
V7H,269.0,201.0,-1.58047986511718,0.09364539188640122
V7I,665.0,1397.0,-0.08919292945883583,0.04792494024079076
V7K,478.0,54.0,-4.305829683430096,0.14382053004776071
V7L,697.0,16.0,-6.6042214786537095,0.252928666161224
V7M,291.0,760.0,0.22486233479221607,0.06949337244081598
V7N,301.0,432.0,-0.6388340455735513,0.0755920539465233
V7P,394.0,286.0,-1.6222539928757342,0.07817695642989625
V7Q,293.0,580.0,-0.174959465505375,0.0722094843517318
V7R,507.0,13.0,-6.444408672340833,0.2809155515705297
V7S,1851.0,6250.0,0.5954584717212881,0.02788357870327383
V7T,715.0,852.0,-0.9071803929485149,0.051473542758323075
V7W,410.0,460.0,-0.9940812102588064,0.06848415371803114
V7Y,665.0,27.0,-5.781897827191159,0.19647979565880058
V7_,673.0,40.0,-5.232282744694116,0.1629627632516567
V80A,626.0,1020.0,-0.4557616491743488,0.051527174757703846
V80C,597.0,828.0,-0.6881942425989296,0.05440567363049537
V80D,538.0,18.0,-6.060850239106508,0.23970952969804557
V80E,399.0,272.0,-1.7128525500431788,0.0791188150982865
V80F,519.0,513.0,-1.176862724676786,0.06287506272130637
V80G,352.0,556.0,-0.5005929205046922,0.06867754953876477
V80H,337.0,40.0,-4.234446203955396,0.16744632329383485
V80I,238.0,431.0,-0.30338818460730455,0.08123351859682279
V80K,318.0,9.0,-6.301488553338505,0.3379491014446885
V80L,316.0,515.0,-0.45545710410423634,0.07199593955461252
V80M,761.0,902.0,-0.91485932073308,0.04999926959834306
V80N,880.0,114.0,-4.108446883919935,0.0999237697921014
V80P,865.0,19.0,-6.667973711146937,0.23202844073316745
V80Q,378.0,225.0,-1.9085226177176136,0.08465771202037123
V80R,539.0,23.0,-5.710066487234306,0.21305367226173194
V80S,538.0,583.0,-1.0441996961942017,0.06042504926040023
V80T,602.0,1141.0,-0.2376352582706689,0.05113479348628555
V80W,311.0,439.0,-0.6627945029567366,0.07463532514255249
V80Y,250.0,144.0,-1.955904143227925,0.10498119285328547
V80_,588.0,22.0,-5.899696977178542,0.21728275047920645
V87A,224.0,482.0,-0.054587396334462746,0.08133867960942151
V87C,335.0,719.0,-0.05827966166432663,0.06673106761522998
V87D,329.0,696.0,-0.07911073694277881,0.06747911441266205
V87E,743.0,1434.0,-0.21148578530463968,0.04604856929970099
V87F,327.0,688.0,-0.08699255702122066,0.0677401382207392
V87G,479.0,652.0,-0.7152490200679251,0.06081616987776786
V87H,307.0,550.0,-0.3189151359738487,0.07178175446690878
V87I,1124.0,3854.0,0.617618107094835,0.035019857628080374
V87K,254.0,542.0,-0.06665316261115439,0.07654466611948277
V87L,494.0,997.0,-0.14701960799272218,0.05571802320442684
V87M,480.0,947.0,-0.17977213871973774,0.05671413943335422
V87N,498.0,667.0,-0.7385536579616048,0.05987042948467649
V87P,774.0,633.0,-1.450211251893343,0.05430447005473195
V87Q,620.0,943.0,-0.555105751812146,0.05244578128933708
V87R,490.0,825.0,-0.4084869222559595,0.05770727700768977
V87S,732.0,1070.0,-0.612398319779035,0.04876393013888267
V87T,449.0,464.0,-1.1126790153556456,0.06677946150686837
V87W,281.0,432.0,-0.5396441003101371,0.07714014567622854
V87Y,575.0,1340.0,0.060497478686066586,0.050622247073834
V87_,896.0,40.0,-5.645169636941726,0.16182416122544574
V93A,634.0,1215.0,-0.22169664996239558,0.049774986724833756
V93C,396.0,784.0,-0.1747521426299592,0.06227303842385935
V93D,244.0,442.0,-0.3029486010534388,0.08023611139781771
V93E,481.0,689.0,-0.6416293026333975,0.06006301044926315
V93F,774.0,1089.0,-0.6674942459880837,0.04782767825159219
V93G,924.0,1694.0,-0.28562531614524733,0.0418306499919887
V93H,611.0,1367.0,0.0016685626052215241,0.049451052473200564
V93I,281.0,525.0,-0.25836390560831024,0.07443498147272358
V93K,283.0,13.0,-5.603247500649201,0.2836805306619375
V93L,314.0,602.0,-0.22111038930509874,0.07016382651863425
V93M,607.0,1054.0,-0.36399097134493363,0.05170517905599669
V93N,328.0,866.0,0.24055654833642226,0.06542673183639329
V93P,718.0,597.0,-1.426336177158027,0.05608030584096142
V93Q,571.0,778.0,-0.7138146497870226,0.05580198884501464
V93R,459.0,9.0,-6.830942005334815,0.33651692637664987
V93S,486.0,789.0,-0.46102975041539285,0.05832864230340243
V93T,430.0,904.0,-0.08811881594163928,0.059236461649103324
V93W,565.0,877.0,-0.5257704458462964,0.05465680794175245
V93Y,568.0,896.0,-0.5024888324044676,0.0543492408337302
V93_,579.0,26.0,-5.636537297656293,0.20062673241408807
V99A,325.0,792.0,0.12494720092384881,0.06645816238439092
V99C,117.0,167.0,-0.6467846798080483,0.12087676421380432
V99D,453.0,79.0,-3.679523068059763,0.1222347379195603
V99E,577.0,426.0,-1.597796362937646,0.06448010217684724
V99F,385.0,677.0,-0.34580611119539295,0.0644334293064252
V99G,651.0,943.0,-0.6254939716602825,0.05170838885582517
V99H,423.0,407.0,-1.2157148651368592,0.06998714895331395
V99I,417.0,988.0,0.08435632661639403,0.059054281424428555
V99K,600.0,22.0,-5.928842832133721,0.21720446863656853
V99L,522.0,1074.0,-0.11922926034129144,0.054074122852888123
V99M,675.0,1299.0,-0.21565558047491518,0.04825479427043452
V99N,689.0,203.0,-2.923061464404155,0.0803397291987254
V99P,617.0,32.0,-5.42878662664235,0.18148885729617742
V99Q,281.0,280.0,-1.1652304569578353,0.0848948871695715
V99R,598.0,11.0,-6.923370572579575,0.3042630158352082
V99S,301.0,632.0,-0.08995136761935374,0.07058081065581555
V99T,453.0,741.0,-0.45013722256190203,0.06028444960353002
V99W,513.0,1119.0,-0.03492326144514024,0.05403864752025214
V99Y,878.0,1558.0,-0.3326921201370965,0.04310489783968378
V99_,208.0,17.0,-4.77228517796137,0.25233639745237113
W201A,709.0,1072.0,-0.5636468540706367,0.04919850692140084
W201C,575.0,999.0,-0.36317526388785737,0.053078618974938076
W201D,534.0,78.0,-3.9352231173238827,0.12152671354701115
W201E,475.0,93.0,-3.5125874811960696,0.1137277431081569
W201F,828.0,1495.0,-0.30765229909771197,0.04420243603243211
W201G,426.0,300.0,-1.665964043417727,0.07588038999335187
W201H,425.0,698.0,-0.44433641838408544,0.062151256363511286
W201I,607.0,1106.0,-0.2945150962912564,0.05127200889702081
W201K,856.0,1047.0,-0.8695116710671611,0.04691012671874415
W201L,368.0,621.0,-0.40521580639401744,0.06636901470979989
W201M,519.0,1049.0,-0.14489314715746282,0.05438081950544179
W201N,372.0,364.0,-1.1914506556158067,0.07424638495756525
W201P,1227.0,3342.0,0.2854817063575297,0.03451751775475416
W201Q,921.0,436.0,-2.2389429337519955,0.0587923340293052
W201R,417.0,420.0,-1.149745639931786,0.06968621343432235
W201S,910.0,2277.0,0.16309898624100416,0.0401909202225603
W201T,811.0,1198.0,-0.5972389949652666,0.04631410815100491
W201V,609.0,1126.0,-0.27340551973297167,0.051062210724451905
W201Y,431.0,909.0,-0.0835125136019057,0.059139481853095845
W201_,599.0,23.0,-5.862334536235188,0.21261710967507574
W274A,1196.0,2759.0,0.04583389654138603,0.03571849494985185
W274C,690.0,1738.0,0.17265987050708542,0.04584619572928815
W274D,869.0,468.0,-2.0529207594695293,0.05800594664703232
W274E,988.0,136.0,-4.020900252856782,0.09187918526596374
W274F,1264.0,3987.0,0.4972120095942718,0.03345438870089458
W274G,545.0,1282.0,0.07396557211853683,0.05188547443361525
W274H,1462.0,3399.0,0.05707409009298736,0.03248756351875276
W274I,426.0,868.0,-0.1332629696874772,0.05980528254051075
W274K,358.0,8.0,-6.642141169849306,0.35737153182206904
W274L,883.0,4495.0,1.1877353067975602,0.03784451800406436
W274M,1092.0,2251.0,-0.11650093882072898,0.03791089789587308
W274N,789.0,1605.0,-0.13562054130771983,0.04435886336075599
W274P,930.0,29.0,-6.162711365376319,0.1887415640234452
W274Q,1043.0,212.0,-3.4586361070472424,0.07584702264164936
W274R,1112.0,56.0,-5.471428860406503,0.1372241806722322
W274S,1087.0,2157.0,-0.17141968468929392,0.03822051899122574
W274T,764.0,1816.0,0.08902138323218534,0.044008973788618046
W274V,792.0,2064.0,0.2217720723590917,0.042712442202567556
W274Y,645.0,1558.0,0.11222372340887432,0.047638813860001995
W274_,821.0,40.0,-5.5190545975497995,0.1621388668538189
W293A,1259.0,2701.0,-0.058878097930562756,0.03523854941165917
W293C,496.0,906.0,-0.29092956998025166,0.0565427058406574
W293D,688.0,1459.0,-0.07559900486240867,0.0470756001514359
W293E,1581.0,6580.0,0.8971559465935588,0.02935525749920798
W293F,1360.0,1318.0,-1.2053432801287691,0.03963908320830007
W293G,1013.0,1856.0,-0.286531269327444,0.04003992892656595
W293H,741.0,1773.0,0.09854841912274726,0.0446180533673219
W293I,458.0,1072.0,0.06678002368864622,0.05651047852176531
W293K,1101.0,2213.0,-0.15290493907117853,0.03791277919425476
W293L,373.0,800.0,-0.05928361157567519,0.06330976441661713
W293M,583.0,1378.0,0.08090648606980455,0.05018136313133837
W293N,967.0,2136.0,-0.016771649862262983,0.03974325972063425
W293P,1202.0,1769.0,-0.6025940320591054,0.03839891124981951
W293Q,787.0,1545.0,-0.18692503341134525,0.044666827831630014
W293R,844.0,1752.0,-0.10640832504834741,0.04281170055714412
W293S,610.0,1564.0,0.19825760163824224,0.04853810988316781
W293T,1167.0,2426.0,-0.10431876320358757,0.0366924891930341
W293V,581.0,1222.0,-0.08746614568299282,0.05115382002086329
W293Y,996.0,2269.0,0.027743498021062685,0.03901250374610642
W293_,920.0,20.0,-6.682943807233667,0.22613979265606782
WT,18738.0,41874.0,0.0,0.012429692003704265
Y131A,337.0,493.0,-0.6112618278540545,0.07122412544429448
Y131C,569.0,1092.0,-0.2196271816907025,0.052444537459428384
Y131D,624.0,222.0,-2.6510318246779274,0.0786389766626435
Y131E,792.0,527.0,-1.7477756458538227,0.05689776923062857
Y131F,372.0,794.0,-0.06627156275795887,0.0634411411144814
Y131G,332.0,243.0,-1.6102983498496055,0.08487793050230044
Y131H,436.0,899.0,-0.11611139757000899,0.05901786745359473
Y131I,425.0,879.0,-0.11170454546616515,0.05973087912788059
Y131K,331.0,667.0,-0.14925374850617334,0.06780511252805957
Y131L,1536.0,1422.0,-1.2713433351556298,0.037835380067961465
Y131M,596.0,1147.0,-0.21561780964201827,0.05125333940120158
Y131N,759.0,1462.0,-0.21432495629392356,0.0455932469720709
Y131P,408.0,22.0,-5.372460798631603,0.21900242607542644
Y131Q,673.0,935.0,-0.6857334836790203,0.05130904328189193
Y131R,722.0,1455.0,-0.14914899252085778,0.04636325581271336
Y131S,532.0,563.0,-1.0783801536252575,0.061098935537043
Y131T,498.0,966.0,-0.2042239251051141,0.05586077693880224
Y131V,648.0,1211.0,-0.25796454066390595,0.04945899004567718
Y131W,636.0,1146.0,-0.31058905836407114,0.0502209486045106
Y131_,593.0,19.0,-6.123313333257541,0.23316829440031894
Y160A,460.0,834.0,-0.3016878787342021,0.05873789916017369
Y160C,621.0,1084.0,-0.3563976765880046,0.05108844648536835
Y160D,676.0,1011.0,-0.5794065629915837,0.05045420279639035
Y160E,746.0,1293.0,-0.3666207787375564,0.046809213305503625
Y160F,95.0,226.0,0.09014799705436438,0.12258482564152388
Y160G,299.0,510.0,-0.3897555363796332,0.07336459802180822
Y160H,1955.0,4825.0,0.14326860835342803,0.028213621056662582
Y160I,735.0,1412.0,-0.2181728145098809,0.04632477318437277
Y160L,664.0,1362.0,-0.12362691510817925,0.048139994154847245
Y160M,828.0,1600.0,-0.20972651169440493,0.04370308453757456
Y160N,699.0,1389.0,-0.16941535116216055,0.04719937013715131
Y160P,1056.0,251.0,-3.232894087520421,0.07076803215362326
Y160Q,581.0,1202.0,-0.11127333835263897,0.0512867353988185
Y160R,1014.0,1441.0,-0.6530788698296686,0.04192123447705233
Y160S,1232.0,2063.0,-0.4163504888128302,0.03706290557546161
Y160T,711.0,1385.0,-0.1981327001142743,0.04696504070896378
Y160V,1098.0,2396.0,-0.034344601241161676,0.03748796697692453
Y160W,776.0,1692.0,-0.035496390874786954,0.044236917441427354
Y160_,1135.0,47.0,-5.753680854710492,0.1490985174313081
Y225A,1227.0,257.0,-3.4153379444629075,0.06916022766985715
Y225C,664.0,22.0,-6.0750612554391346,0.21683436932825842
Y225E,530.0,48.0,-4.624700076008743,0.15097350573822382
Y225F,534.0,719.0,-0.7309422596339958,0.05779856374003553
Y225G,696.0,15.0,-6.695199489268576,0.2610292347991762
Y225H,435.0,91.0,-3.4170389233907796,0.11560211887553817
Y225I,879.0,76.0,-4.691705775749774,0.11987933837661108
Y225K,637.0,38.0,-5.226952427302783,0.1672003252929373
Y225L,530.0,16.0,-6.209061704151081,0.25382073866039984
Y225M,1066.0,134.0,-4.151895743208294,0.092073100400882
Y225N,661.0,20.0,-6.205966362195433,0.22707949606339367
Y225P,627.0,36.0,-5.282106284730979,0.17158724716015877
Y225Q,430.0,21.0,-5.515309480386177,0.22360491633657895
Y225R,494.0,17.0,-6.020172536791182,0.24675989710796714
Y225S,436.0,23.0,-5.404115672321598,0.21407975030996176
Y225T,774.0,23.0,-6.232106654083145,0.21172762476078244
Y225V,692.0,658.0,-1.232770713692834,0.05515476576915171
Y225W,466.0,890.0,-0.2266267046615198,0.05785074070977515
Y225_,324.0,5.0,-7.175171263439418,0.4502936503227695
Y228A,633.0,64.0,-4.4659464141859155,0.13145174578970026
Y228C,591.0,38.0,-5.11881894800507,0.16756531101959263
Y228D,276.0,5.0,-6.943853461007911,0.45088923713087026
Y228E,789.0,19.0,-6.535300485169705,0.2322682767171214
Y228F,352.0,641.0,-0.2953568873612964,0.06691871989316209
Y228G,736.0,69.0,-4.574935366930076,0.1262005520669921
Y228H,788.0,208.0,-3.081648387878273,0.07844570880610298
Y228I,651.0,1232.0,-0.23982498041287492,0.04924434038232446
Y228K,765.0,56.0,-4.931809610080524,0.13870247196020222
Y228L,767.0,298.0,-2.5239719817661843,0.06882299530280553
Y228M,918.0,1588.0,-0.3694491139024434,0.04238254747732391
Y228N,444.0,39.0,-4.668763602903609,0.1672241096644885
Y228P,675.0,30.0,-5.651480988253874,0.18676438118730795
Y228Q,939.0,30.0,-6.127712634950537,0.18564596933764685
Y228R,601.0,23.0,-5.867143444008978,0.2126040449774582
Y228S,858.0,19.0,-6.656251362192946,0.23204876403773886
Y228T,296.0,13.0,-5.668040384597616,0.2834068871367709
Y228V,931.0,1045.0,-0.993439158104243,0.045916005732985536
Y228W,344.0,1098.0,0.5142814483049039,0.06240896875467675
Y228_,686.0,50.0,-4.938028433664334,0.1467342976937422
Y231A,349.0,877.0,0.16923758207157302,0.06389627445621496
Y231C,958.0,2343.0,0.1301631541767554,0.03934311228079332
Y231D,491.0,1192.0,0.11948468971347292,0.05433954505743045
Y231E,600.0,1200.0,-0.1600993593460922,0.050766267343109614
Y231F,574.0,1171.0,-0.13148171690902366,0.05170437333619745
Y231G,517.0,1866.0,0.6916052901064438,0.05047127891330633
Y231H,896.0,2287.0,0.19178859812769655,0.04038018978294756
Y231I,829.0,2221.0,0.2616671419689576,0.041638351282009184
Y231K,394.0,1048.0,0.2512609949910205,0.05974482939680181
Y231L,698.0,1062.0,-0.5546095966434228,0.04951266072842284
Y231M,834.0,1864.0,0.00018567553343817877,0.04257643504122649
Y231N,655.0,1479.0,0.01495563242359399,0.047750087131329756
Y231P,292.0,7.0,-6.5405468582002335,0.38230242116798646
Y231Q,768.0,1806.0,0.0735215430751417,0.043966143691525426
Y231R,686.0,1517.0,-0.015158253196649873,0.046841698897676455
Y231S,1009.0,2402.0,0.09121434757806579,0.0385309885312266
Y231T,535.0,1320.0,0.14282375937566627,0.05199944789775171
Y231V,418.0,1258.0,0.42944669205662045,0.05713529669405118
Y231W,796.0,1724.0,-0.0451776544115301,0.043744225740669954
Y231_,593.0,15.0,-6.464147888285404,0.2615068118761093
Y235A,790.0,918.0,-0.9434483829886595,0.04931904435588338
Y235C,589.0,92.0,-3.8385168924203095,0.11244285898946571
Y235D,697.0,16.0,-6.6042214786537095,0.252928666161224
Y235E,844.0,40.0,-5.55891489561588,0.16203647820423966
Y235F,1188.0,2534.0,-0.0672120992048324,0.036243948625824474
Y235G,1017.0,120.0,-4.243194671431221,0.09691832679710419
Y235H,559.0,168.0,-2.894414323220211,0.08842031469641264
Y235I,754.0,18.0,-6.547800907934413,0.2385963106891267
Y235K,554.0,18.0,-6.103129268147037,0.23959753480981733
Y235L,1000.0,836.0,-1.418509659482674,0.04768014851537234
Y235M,605.0,1086.0,-0.31608084297368144,0.051487043979894176
Y235N,1519.0,326.0,-3.380230581170274,0.061668166065124604
Y235P,1516.0,45.0,-6.233977232024628,0.1515063032523206
Y235Q,1034.0,45.0,-5.6819481002375944,0.15251767866294597
Y235R,1097.0,35.0,-6.129753142003749,0.17190719873838645
Y235S,1089.0,336.0,-2.8565284640898927,0.06302075639613913
Y235T,1018.0,461.0,-2.302969119907578,0.05682171756631946
Y235V,999.0,34.0,-6.036555545216522,0.17458910714330994
Y235W,727.0,1539.0,-0.07813184478477186,0.04585317739795675
Y235_,949.0,104.0,-4.349788384095421,0.10366020666535945
Y257A,1062.0,2579.0,0.11993267931087281,0.03750473338539803
Y257C,1101.0,2485.0,0.014336748012062195,0.03725477758982866
Y257D,1972.0,184.0,-4.581898128029199,0.07758113622380573
Y257E,818.0,1087.0,-0.7499125095005876,0.047113504461890374
Y257F,785.0,1928.0,0.13624226008824802,0.04324103668178396
Y257G,1483.0,3726.0,0.1690158832241795,0.03193644492208912
Y257H,1220.0,3054.0,0.16372447593277606,0.03499074714515858
Y257I,1131.0,2373.0,-0.09098084208919044,0.03718628547304734
Y257K,1717.0,3006.0,-0.3521359701395257,0.03150116351188398
Y257L,1525.0,2637.0,-0.37000299781449897,0.033349653639425804
Y257M,820.0,1826.0,-0.005106079466165703,0.042946339444472036
Y257N,1047.0,2244.0,-0.060283453508211515,0.038444507406401034
Y257P,1346.0,568.0,-2.4047882311546425,0.05080076315941385
Y257Q,852.0,2114.0,0.1509525956418445,0.04152081917937248
Y257R,880.0,2464.0,0.32532895104549375,0.04024228936947751
Y257S,881.0,1842.0,-0.0960367432275957,0.04189504428269472
Y257T,1189.0,2366.0,-0.16739201447736196,0.03661880560338352
Y257V,811.0,1994.0,0.13779369932745222,0.04256502130857416
Y257W,1051.0,2024.0,-0.2146473151974968,0.039022853045481525
Y257_,334.0,19.0,-5.295148196453614,0.23595563915144505
Y265A,1050.0,2332.0,-0.008916429777395152,0.038189463619571914
Y265C,865.0,2690.0,0.47673548259184484,0.04006308089684612
Y265D,558.0,1488.0,0.25493400322159054,0.05041199951582639
Y265E,1404.0,3582.0,0.19112881669331694,0.03269047456921197
Y265F,708.0,1641.0,0.052655051021807786,0.04581526884194452
Y265G,672.0,1872.0,0.3179461979341731,0.04582037643274636
Y265H,1321.0,2693.0,-0.13250913778167206,0.03472141801654624
Y265I,521.0,1366.0,0.2304977397743757,0.05223654507155389
Y265K,787.0,1732.0,-0.02209394965412237,0.043877606804873424
Y265L,607.0,1578.0,0.21822682181266195,0.04856312886191826
Y265M,954.0,2384.0,0.16122665646915024,0.03930543208350811
Y265N,1015.0,2458.0,0.11590950696210545,0.03833136783276168
Y265P,1058.0,3000.0,0.3435267092124299,0.03682053088210924
Y265Q,2316.0,2757.0,-0.9086243194221653,0.029525200504974074
Y265R,812.0,2224.0,0.29350653835328,0.04193326620788656
Y265S,1000.0,2680.0,0.26213661994748305,0.038083744010070864
Y265T,950.0,2169.0,0.030934762646691816,0.03988619998966954
Y265V,1178.0,3004.0,0.19045049228336675,0.0354827595127562
Y265W,786.0,28.0,-5.9706211157785,0.19248644687962288
Y265_,1016.0,30.0,-6.241414809670759,0.18542846822272233
Y278A,1436.0,29.0,-6.789459027025343,0.18773517175905136
Y278C,738.0,17.0,-6.599272655790282,0.24540006415903218
Y278D,1032.0,30.0,-6.263957158172767,0.18538731727126984
Y278E,868.0,140.0,-3.7922691273864695,0.09149675435228552
Y278F,843.0,52.0,-5.178776138876976,0.1431451916326806
Y278G,694.0,38.0,-5.350592857491931,0.16681431634442653
Y278H,1062.0,35.0,-6.0829738158231805,0.1719945550846528
Y278I,922.0,16.0,-7.007824522092285,0.25223559910435417
Y278K,1132.0,69.0,-5.1960247966028605,0.12430320419251752
Y278L,2946.0,106.0,-5.956577397747699,0.09924597288591328
Y278M,1202.0,36.0,-6.220994825737983,0.16934949756911466
Y278N,920.0,23.0,-6.481403990915317,0.211242890583423
Y278P,827.0,23.0,-6.327659222576033,0.21153200546607273
Y278Q,4790.0,77.0,-7.118926398025684,0.11520131524422533
Y278R,923.0,72.0,-4.840164443257666,0.12266874356074796
Y278S,1407.0,28.0,-6.810634125634108,0.19102227825653378
Y278T,1082.0,43.0,-5.812985228228545,0.15573009143988478
Y278V,588.0,15.0,-6.451932145449411,0.26153422682936217
Y278W,1389.0,1758.0,-0.8202010459785734,0.03695958362008705
Y278_,1527.0,71.0,-5.586630830027222,0.12171543356805148
Y292A,1108.0,1105.0,-1.1639988134580586,0.043413554770224266
Y292C,1661.0,357.0,-3.378111705586642,0.05899435519057843
Y292D,761.0,163.0,-3.3830422778871796,0.08675185744909909
Y292E,673.0,456.0,-1.7216498163980116,0.061286580994378156
Y292F,1178.0,2122.0,-0.31100766815282466,0.03738166881923668
Y292G,1242.0,1093.0,-1.3444575260963125,0.042394573128322344
Y292H,737.0,1452.0,-0.1817920473601724,0.04607366716022491
Y292I,1364.0,38.0,-6.3254187228789736,0.1646792250545458
Y292K,609.0,1221.0,-0.15655014370005915,0.05038106683563717
Y292L,1265.0,36.0,-6.294694716862616,0.16922712571488255
Y292M,941.0,49.0,-5.423149339559207,0.14677852625103902
Y292N,1065.0,2486.0,0.06287778579972692,0.0376624207648753
Y292P,1478.0,3071.0,-0.1050301575106305,0.032855133567505024
Y292Q,666.0,763.0,-0.9639292111315232,0.05375245474416374
Y292R,2506.0,11929.0,1.090922903591645,0.023666824481112205
Y292S,1401.0,1010.0,-1.6321850133631477,0.04220318244330458
Y292T,959.0,507.0,-2.079618993475097,0.055608796979001486
Y292V,1133.0,169.0,-3.9050674158821526,0.08292564754649025
Y292W,573.0,1177.0,-0.12159298112043171,0.05169167550599942
Y292_,926.0,97.0,-4.4149097341052626,0.1070764503260555
Y29A,748.0,1674.0,0.0020913466112819634,0.044849717292844614
Y29C,877.0,2099.0,0.09895650479395712,0.041157035208296444
Y29D,720.0,38.0,-5.403653350572108,0.16665828604830435
Y29E,734.0,367.0,-2.1600676821935743,0.06453176952500811
Y29F,1382.0,2998.0,-0.042850196439396804,0.033680661788929846
Y29G,274.0,58.0,-3.3999423579299277,0.14479349997782806
Y29H,703.0,789.0,-0.9935889629362622,0.05260337017436759
Y29I,260.0,852.0,0.5522159158969524,0.07139292464191241
Y29K,225.0,260.0,-0.9515093463772839,0.09147404805113636
Y29L,585.0,804.0,-0.7013351777158672,0.05504894854416652
Y29M,868.0,2382.0,0.2963085642086005,0.04060939054727806
Y29N,589.0,1311.0,-0.005772679915144963,0.05037641665158933
Y29P,990.0,87.0,-4.668277311272886,0.1121618084542648
Y29Q,565.0,1134.0,-0.1550022814751575,0.052239403132938275
Y29R,839.0,1064.0,-0.8173355381853469,0.04699968425301634
Y29S,310.0,567.0,-0.2890279110361984,0.07117997150863939
Y29T,633.0,1645.0,0.2177088211017013,0.04759098166803526
Y29W,798.0,1601.0,-0.15558374833187916,0.044215059291515695
Y29_,45.0,1.0,-6.6379057036714535,1.0061776898592072
Y316A,1109.0,335.0,-2.8870836458871842,0.06295982265591217
Y316C,1118.0,716.0,-1.802968787576571,0.048665424510350684
Y316D,1240.0,39.0,-6.15045128365261,0.16284393275588094
Y316E,1313.0,189.0,-3.9564307703924415,0.07829165218959629
Y316F,1453.0,2682.0,-0.27581735264383633,0.03373914370734466
Y316G,1010.0,37.0,-5.930397968189962,0.16759195155944143
Y316H,292.0,574.0,-0.18502924191943304,0.07241490734078317
Y316I,1014.0,519.0,-2.126324976050231,0.054682514017571904
Y316K,1511.0,45.0,-6.229211170508753,0.15151350652041
Y316L,940.0,1073.0,-0.9691718252130297,0.04553048270492969
Y316M,1370.0,1215.0,-1.3333055729903531,0.040375844196346114
Y316N,1393.0,534.0,-2.5433542881544393,0.051650195218809966
Y316P,955.0,35.0,-5.929764209982291,0.17230097421031174
Y316Q,1414.0,202.0,-3.9673810432156467,0.07572784947628891
Y316R,882.0,56.0,-5.13712601641649,0.13807598366877855
Y316S,1351.0,153.0,-4.302427841638818,0.08574937986419814
Y316T,585.0,279.0,-2.2282317923491854,0.07328521023572744
Y316V,2298.0,3087.0,-0.7342622566555774,0.028919643629746132
Y316W,506.0,722.0,-0.6472344145354079,0.058638865255981984
Y316_,2060.0,90.0,-5.676509575591467,0.10803962161516428
Y360A,828.0,979.0,-0.9184119323413977,0.048025030249577556
Y360C,1325.0,2262.0,-0.3884852776611094,0.035693761379786124
Y360D,1504.0,620.0,-2.4385381067092484,0.04852849708703951
Y360E,591.0,1288.0,-0.036197988972721085,0.05045452266016326
Y360F,1015.0,2103.0,-0.10912556789286043,0.03921695428539866
Y360G,951.0,1215.0,-0.8066515656358213,0.04417918932108887
Y360H,590.0,877.0,-0.5882334508445117,0.05396640624144556
Y360I,1536.0,3212.0,-0.0957985611852119,0.03224310133396424
Y360K,1356.0,713.0,-2.0874609390247296,0.04708727199279059
Y360L,828.0,2139.0,0.20913579358166956,0.04186250709272403
Y360M,642.0,1206.0,-0.25051314137442393,0.04963907009090305
Y360N,899.0,145.0,-3.792272107444748,0.08992029489271194
Y360P,1255.0,55.0,-5.671948483537445,0.13803104005708017
Y360Q,871.0,1111.0,-0.8089767223198301,0.04610230985005715
Y360R,1242.0,103.0,-4.751907823249552,0.10290865113163379
Y360S,1027.0,657.0,-1.8045503319671505,0.05072470624566202
Y360T,1247.0,1635.0,-0.7692609119663492,0.03861067034240466
Y360V,1250.0,2470.0,-0.17751009077048074,0.03580640839576101
Y360W,486.0,975.0,-0.15565631998792018,0.05621787936131301
Y360_,1207.0,68.0,-5.309634263790378,0.12493783339325844
Y9A,518.0,734.0,-0.6572675677559241,0.05805249816877806
Y9C,770.0,940.0,-0.8722884144945837,0.04939384095552255
Y9D,300.0,532.0,-0.3336445629926379,0.07273331261307353
Y9E,1203.0,863.0,-1.6392867903514197,0.04546682342039877
Y9F,812.0,1667.0,-0.12239397789396111,0.043687949989703635
Y9G,557.0,928.0,-0.42365021398634717,0.054315035870410006
Y9H,728.0,1242.0,-0.38944072026404086,0.04749739596493586
Y9I,571.0,550.0,-1.21414549929961,0.060387748734713025
Y9K,739.0,120.0,-3.7825265981259486,0.09880814354410115
Y9L,270.0,72.0,-3.06683100440876,0.13292018394755048
Y9M,308.0,820.0,0.25257697551983505,0.06740470147523886
Y9N,610.0,1124.0,-0.27833726450350316,0.05105132525180875
Y9P,608.0,138.0,-3.299409582713543,0.09469852249366967
Y9Q,1045.0,1022.0,-1.1921947723756663,0.04486247062619433
Y9R,547.0,131.0,-3.221977607543306,0.09766459890780677
Y9S,604.0,891.0,-0.5992181485499408,0.05343381148266083
Y9T,805.0,721.0,-1.3190747728638712,0.052023192239742125
Y9V,775.0,1147.0,-0.5944961985516786,0.04732215690065863
Y9W,646.0,1495.0,0.0504393948879045,0.047896807016169274
Y9_,772.0,22.0,-6.292475821827508,0.21634801204344453
