mut,counts_input,counts_selected,f_score,SE
A105C,937.0,1358.0,-1.0786451028453925,0.04318888322025072
A105D,613.0,302.0,-2.6353171447881696,0.07073985409962746
A105E,403.0,604.0,-1.0302460583513637,0.06479670745587093
A105F,643.0,170.0,-3.533224422224384,0.0865960522751029
A105G,406.0,2236.0,0.8473366176551025,0.054515156383816
A105H,809.0,5008.0,1.0160051461348032,0.038696800105826865
A105I,611.0,318.0,-2.5561267155060055,0.06959075505812091
A105K,595.0,19.0,-6.5820863342831935,0.2331227579469082
A105L,799.0,1794.0,-0.4471003885880851,0.0432509288612846
A105M,695.0,3412.0,0.6815133777558504,0.04235084599966014
A105N,583.0,7176.0,2.0075865101286055,0.04377525800378369
A105P,470.0,16.0,-6.489649095326082,0.2542641535230952
A105Q,538.0,1881.0,0.19179976894255013,0.04951781858398172
A105R,1400.0,23.0,-7.54103519450073,0.21032196667839867
A105S,678.0,696.0,-1.5762013737804894,0.05452842403679026
A105T,797.0,1658.0,-0.5572198787486702,0.043812163090363246
A105V,613.0,183.0,-3.357990982756598,0.08460000357975923
A105W,710.0,20.0,-6.763049127956388,0.2268151823023501
A105Y,1102.0,353.0,-3.2563592140680884,0.061659527121855316
A105_,581.0,10.0,-7.473051971559506,0.3188776007093128
A117C,736.0,331.0,-2.766853421846905,0.06664396086268365
A117D,1038.0,30.0,-6.726236069453514,0.18533022242009584
A117E,1133.0,41.0,-6.402043896809067,0.15914956744549383
A117F,570.0,25.0,-6.124413123053145,0.20445059341101565
A117G,340.0,3416.0,1.7146602590496611,0.05740655641771232
A117H,846.0,181.0,-3.838608170552252,0.08226943139053677
A117I,497.0,12.0,-6.984969679598572,0.29212610671431916
A117K,834.0,20.0,-6.995274465901621,0.22635309241591614
A117L,529.0,13.0,-6.959604983221154,0.2807417991737878
A117M,364.0,5.0,-7.79702652690293,0.4498996101803907
A117N,1514.0,32.0,-7.1777111034027286,0.17878036415287563
A117P,555.0,156.0,-3.4448781153489216,0.09095767379466463
A117Q,956.0,33.0,-6.470053521596312,0.17720481955447867
A117R,354.0,11.0,-6.620906596004932,0.30612576478826986
A117S,596.0,482.0,-1.9202763153898568,0.06175883348754528
A117T,1195.0,230.0,-3.991257056317285,0.0724301988278693
A117V,436.0,229.0,-2.54295348341837,0.08198677018088535
A117W,761.0,13.0,-7.484225400510808,0.27971356339737025
A117Y,2136.0,4266.0,-0.6160339098704779,0.02764520286576283
A117_,2190.0,19.0,-8.462037971438248,0.2304825268204328
A126C,471.0,709.0,-1.0239545705415045,0.05995997063519634
A126D,473.0,14.0,-6.691344679503115,0.27120728457831655
A126E,587.0,49.0,-5.196239884883961,0.14889335524888997
A126F,471.0,81.0,-4.1535886335556444,0.1205360351872804
A126G,299.0,355.0,-1.3663369271349142,0.07888520378876279
A126H,775.0,306.0,-2.9546389828323196,0.06796952667650806
A126I,455.0,529.0,-1.3966061145367021,0.06441863776720755
A126L,520.0,696.0,-1.1934341890102367,0.05849345663868705
A126M,332.0,337.0,-1.5924381510638232,0.07772330431695065
A126N,402.0,82.0,-3.907362502548276,0.1214200098642405
A126P,633.0,878.0,-1.1419937757809864,0.052729276766396264
A126Q,472.0,574.0,-1.3317444102842506,0.06262916790278354
A126R,779.0,965.0,-1.3051008116807772,0.048801873145108955
A126S,586.0,953.0,-0.9124367874830286,0.053079619591063824
A126T,481.0,1049.0,-0.4891132177455182,0.05562303639985317
A126V,135.0,158.0,-1.3870532604819426,0.11746172008658512
A126W,333.0,25.0,-5.34899139437991,0.2074815721571581
A126Y,550.0,106.0,-3.9892603437330996,0.106362139290825
A126_,538.0,9.0,-7.513964928351538,0.33601811917811947
A134C,468.0,18.0,-6.313672126129615,0.24025631841397105
A134D,472.0,15.0,-6.588824398954985,0.26230237241827786
A134E,781.0,21.0,-6.830195809723083,0.2212203868852825
A134F,509.0,16.0,-6.604651642959699,0.25394338622174845
A134G,476.0,472.0,-1.6261773132879584,0.06542995450025535
A134H,808.0,19.0,-7.023545567094114,0.23217059395070525
A134I,635.0,18.0,-6.753912081146018,0.23908402373883525
A134K,424.0,8.0,-7.340155093544399,0.35674089136677417
A134L,486.0,10.0,-7.215474975512251,0.31940468733864896
A134M,819.0,16.0,-7.290838710305992,0.25247501217641516
A134N,954.0,24.0,-6.9262999362500794,0.20678298622013908
A134P,955.0,21.0,-7.1203706288900435,0.22069249124334128
A134Q,652.0,23.0,-6.4385640590265725,0.2122610841939281
A134R,460.0,11.0,-6.998781705939497,0.3050607655725056
A134S,2413.0,311.0,-4.569803876944404,0.060757175894818924
A134T,370.0,2.0,-9.138227806533056,0.7073024466460777
A134V,749.0,36.0,-5.992518331720638,0.17078302928767605
A134W,881.0,21.0,-7.004013183772278,0.22089166379213607
A134Y,380.0,6.0,-7.596531438743909,0.4111964789982623
A134_,867.0,17.0,-7.285596443508412,0.24495718089908233
A151C,383.0,1313.0,0.16342108272640754,0.0586019647467942
A151D,625.0,1056.0,-0.8573305374968081,0.05107463844093703
A151E,1220.0,1564.0,-1.255646092290256,0.038996552099388855
A151F,760.0,1062.0,-1.1312958117862761,0.04815668636973843
A151H,637.0,1254.0,-0.6368419290410081,0.04928447460557346
A151I,608.0,1278.0,-0.5422706883788795,0.049888474057182955
A151K,779.0,17.0,-7.131189658077775,0.24522298385079666
A151L,195.0,220.0,-1.439981863322072,0.09866546336997602
A151M,368.0,59.0,-4.254716462158983,0.14044672056548585
A151N,663.0,1573.0,-0.3675775492431317,0.04696467082429407
A151P,686.0,570.0,-1.8812452334800769,0.05721663610225312
A151Q,320.0,543.0,-0.8511410780637947,0.0709096087976535
A151R,295.0,60.0,-3.9114918797801623,0.14182837697922066
A151S,518.0,1001.0,-0.6635983235614553,0.0546913086681914
A151T,590.0,1649.0,-0.13121402037067664,0.04861064235338127
A151V,575.0,1143.0,-0.6228237819889699,0.051726847341463406
A151W,382.0,327.0,-1.838278506679412,0.07574580213062086
A151Y,378.0,384.0,-1.5912833760263716,0.07287808363306719
A151_,309.0,9.0,-6.713985466459978,0.33806155671723404
A162C,168.0,453.0,-0.18300706385050436,0.0906706513489184
A162D,547.0,650.0,-1.3651081503688793,0.05855118765803801
A162E,634.0,3090.0,0.6710311501079467,0.04430089500632826
A162F,495.0,10.0,-7.241946647155661,0.3193461204882387
A162G,692.0,1811.0,-0.2260731346525695,0.045375405794938914
A162H,957.0,1396.0,-1.0692994851162103,0.04269580740028487
A162I,882.0,40.0,-6.076365335170539,0.1618308039822021
A162K,686.0,32.0,-6.035637880978619,0.1809962035124245
A162L,953.0,50.0,-5.866205698545591,0.1452824534984705
A162M,699.0,47.0,-5.508276365412815,0.15087858705770416
A162N,1438.0,87.0,-5.660751535908838,0.1106798123642684
A162P,418.0,563.0,-1.1843797651068613,0.06503951271184037
A162Q,413.0,2517.0,0.9934594736836395,0.05366776718589743
A162R,1022.0,36.0,-6.440870759032826,0.1697357105628415
A162S,643.0,1868.0,-0.07541375738449574,0.046391792041896765
A162T,911.0,231.0,-3.593514441899112,0.07408227377641041
A162V,524.0,148.0,-3.4379025480823087,0.09341490426788576
A162W,685.0,13.0,-7.332435038182552,0.27997404714038765
A162Y,895.0,841.0,-1.703783703077148,0.04866247031770854
A162_,941.0,12.0,-7.905904854415622,0.2904966750858465
A164C,1003.0,2102.0,-0.5465693131438512,0.03917164439418422
A164D,1001.0,1800.0,-0.7674543213246423,0.04020232642706129
A164E,733.0,683.0,-1.7159290352004586,0.053758988433176724
A164F,737.0,1712.0,-0.3980678270567122,0.0447507094077979
A164G,742.0,1554.0,-0.5475176038794558,0.04530861724276793
A164H,871.0,1810.0,-0.5587663757173154,0.04197927038170407
A164I,1506.0,9408.0,1.0291553878339608,0.02884410132155979
A164K,1320.0,1380.0,-1.5498729939627482,0.03929231490422823
A164L,615.0,1479.0,-0.34805282308536967,0.04861894007155406
A164M,1510.0,3204.0,-0.5286823094473956,0.03218757089870203
A164N,1174.0,2005.0,-0.8418381211510271,0.03757945838628245
A164P,766.0,1698.0,-0.46559303216568093,0.04422752797105441
A164Q,805.0,1706.0,-0.5304553628700654,0.04347490299982238
A164R,569.0,178.0,-3.29049857422242,0.08623678941657678
A164S,833.0,1153.0,-1.14500355058939,0.04614590457680139
A164T,951.0,2175.0,-0.4205132385767998,0.039660625523253674
A164V,1076.0,1814.0,-0.8605119330092972,0.03927222723192408
A164W,782.0,1516.0,-0.6589825475673159,0.044722095700286235
A164Y,895.0,1529.0,-0.8413807208728956,0.042813636532608064
A164_,736.0,13.0,-7.436035357005564,0.2797933372346128
A169C,730.0,280.0,-2.996440731919984,0.070730678178543
A169D,303.0,102.0,-3.1846576768461095,0.11473824632967075
A169E,1180.0,336.0,-3.426225867124317,0.06233166056659029
A169F,767.0,84.0,-4.8046152711876084,0.1151902442414105
A169G,548.0,1463.0,-0.19733735014724818,0.05069506986332294
A169H,1633.0,537.0,-3.2185156227896945,0.05036082206595822
A169I,685.0,268.0,-2.967841073767641,0.07247565332335085
A169K,444.0,12.0,-6.822286969374831,0.29253688963956503
A169L,727.0,48.0,-5.534571223587735,0.1492185458305051
A169M,521.0,16.0,-6.638268706344926,0.2538542779185952
A169N,591.0,759.0,-1.2530665041145523,0.05541848074157366
A169P,686.0,616.0,-1.7692786918706318,0.05606013316425823
A169Q,1660.0,295.0,-4.1063590249951165,0.06366949956130938
A169R,839.0,25.0,-6.682113899532785,0.20307035939945806
A169S,804.0,1281.0,-0.9420064686714413,0.045673659998842986
A169T,746.0,551.0,-2.0511193238445804,0.056718579515482696
A169V,1006.0,772.0,-1.995956061922577,0.04848741563588995
A169W,863.0,1331.0,-0.9889306274274334,0.04440414218140945
A169Y,1255.0,567.0,-2.7602556314855056,0.05120671135206465
A169_,1063.0,28.0,-6.860072231276957,0.19158273317436988
A208C,1030.0,1976.0,-0.6740709522860815,0.039225224484683796
A208D,964.0,21.0,-7.133902901160201,0.2206703420817099
A208E,501.0,12.0,-6.996534199475106,0.29209861077613297
A208F,1215.0,168.0,-4.468352033739647,0.08268463412578002
A208G,906.0,2440.0,-0.1847146748119437,0.03968952663693252
A208H,458.0,11.0,-6.992495580045133,0.30507632380785016
A208I,490.0,1316.0,-0.18871550122620206,0.05350075593238601
A208K,759.0,20.0,-6.859328677189027,0.22661465476418238
A208L,1602.0,1955.0,-1.3267100224674984,0.0346035507686025
A208M,721.0,1407.0,-0.649461448035817,0.046468848492318
A208N,516.0,44.0,-5.1654986039287225,0.15723148257463032
A208P,997.0,47.0,-6.0205712454581,0.1494548503770427
A208Q,894.0,23.0,-6.893960936362112,0.21128086703731916
A208R,739.0,12.0,-7.557288686533512,0.29099620604953286
A208S,811.0,1872.0,-0.407206323118543,0.04276563060939772
A208T,704.0,1698.0,-0.34382572754378415,0.045508709201389747
A208V,974.0,2325.0,-0.35877442425099915,0.03896758580108947
A208W,1303.0,52.0,-6.260918163997316,0.14161994597290412
A208Y,438.0,8.0,-7.38702061102412,0.3566352219410249
A208_,615.0,12.0,-7.292304668750916,0.29146461207889734
A215C,741.0,1199.0,-0.9197240820833628,0.04738369356885523
A215D,788.0,314.0,-2.9414062899809386,0.06719609323201041
A215E,529.0,495.0,-1.7098401801372853,0.06302513946932911
A215F,804.0,139.0,-4.146027631225166,0.09219097708954456
A215G,607.0,1348.0,-0.46296384625061915,0.049506940310960326
A215H,645.0,2373.0,0.26532189111406357,0.04509382271883107
A215I,1248.0,1610.0,-1.2465627012494291,0.038523672557260316
A215K,823.0,17.0,-7.2104577703253385,0.24508301308891614
A215L,598.0,126.0,-3.860634236958572,0.09833501159854913
A215M,679.0,530.0,-1.9714160977729938,0.05849079223191226
A215N,908.0,1302.0,-1.094042418375162,0.04394355783348452
A215P,1146.0,60.0,-5.869275749107138,0.13265807796169782
A215Q,870.0,2790.0,0.06716354812485115,0.03961713381922325
A215R,757.0,17.0,-7.0898601682198485,0.24529903740636358
A215S,941.0,5217.0,0.856938383051459,0.036277433759668035
A215T,1038.0,2445.0,-0.3779828328563335,0.03786900711418544
A215V,2962.0,35831.0,1.9825574380281377,0.020668839627732593
A215W,1530.0,85.0,-5.783767568135766,0.11170763637037043
A215Y,1054.0,456.0,-2.8227540437040295,0.05659837037688478
A215_,521.0,7.0,-7.829755664850559,0.38030827610313517
A220C,713.0,1290.0,-0.758614822694275,0.047322047978407306
A220D,642.0,4714.0,1.262284288671958,0.04279515530516243
A220E,121.0,180.0,-1.0410520757052018,0.11781642646742894
A220F,962.0,18.0,-7.3531846605804825,0.23796193454246825
A220G,859.0,742.0,-1.8252391524643823,0.05072972595620858
A220H,801.0,77.0,-4.992705408138466,0.11956351453415216
A220I,575.0,440.0,-2.0000535904763668,0.06382365840732446
A220K,595.0,14.0,-7.022387910500926,0.27040694336917176
A220L,787.0,54.0,-5.479086369979871,0.14088081929541138
A220M,453.0,150.0,-3.2084870764979323,0.09452704693794012
A220N,603.0,599.0,-1.6236046955357288,0.05821900089043025
A220P,568.0,442.0,-1.9758401758501662,0.06391093959946488
A220Q,1024.0,993.0,-1.6583525088337723,0.04522472475660281
A220R,1126.0,34.0,-6.663119679847181,0.1742208135450568
A220S,941.0,2275.0,-0.34041192887038463,0.03954655525191643
A220T,1299.0,1759.0,-1.1766517085528427,0.037416602955799745
A220V,978.0,800.0,-1.9038340391998183,0.048313066242933966
A220W,1068.0,508.0,-2.6859992101935104,0.054465306118515064
A220Y,742.0,19.0,-6.900611049135341,0.23240754501933464
A220_,276.0,12.0,-6.136415337649777,0.2948706282568839
A243C,1657.0,4631.0,-0.13125829305460623,0.029683595439347225
A243D,2814.0,866.0,-3.314174722338839,0.03964554707921557
A243E,2957.0,156.0,-5.858431566867047,0.08252095812231093
A243F,1256.0,518.0,-2.8917989527880383,0.052804547434559174
A243G,855.0,556.0,-2.234833319248083,0.05504352213816996
A243H,1443.0,345.0,-3.6783740702261194,0.060441262094437564
A243I,974.0,909.0,-1.713643274920991,0.046781032213006106
A243K,1232.0,28.0,-7.072931028724605,0.1912456547252749
A243L,1038.0,364.0,-3.125773209143656,0.061418585891731596
A243M,932.0,873.0,-1.708350111070569,0.04775034737327891
A243N,975.0,1179.0,-1.3399158220962688,0.043994127960469906
A243P,950.0,113.0,-4.685495116698138,0.09981522181208284
A243Q,681.0,497.0,-2.0684039596562354,0.05951573516038908
A243R,1307.0,25.0,-7.321624167754556,0.2020168187219793
A243S,939.0,2172.0,-0.4041845378949622,0.03983764530832627
A243T,1088.0,2101.0,-0.6646116440808774,0.03816745108901805
A243V,948.0,1886.0,-0.6216397131587827,0.040580101500214856
A243W,1045.0,73.0,-5.453281713983707,0.12130690859587696
A243Y,698.0,121.0,-4.142124287891899,0.09878313442226372
A243_,1452.0,33.0,-7.073007296619975,0.17619374109583755
A252C,1245.0,2405.0,-0.6641172936339599,0.0357867105051672
A252D,1054.0,26.0,-6.954681201402743,0.1986383457778583
A252E,1149.0,51.0,-6.107470299251858,0.14330386324999467
A252F,1581.0,2862.0,-0.7578206361442912,0.032304727504389015
A252G,1434.0,1900.0,-1.2080509291615678,0.035851663673073596
A252H,1176.0,23.0,-7.289498390339806,0.21064515650857138
A252I,1482.0,300.0,-3.9184755437182357,0.06379392657202643
A252K,1073.0,17.0,-7.5931394264289445,0.24450478319132124
A252L,1103.0,514.0,-2.7155803945417825,0.05397945070116641
A252M,534.0,317.0,-2.366341264079492,0.07133570138674418
A252N,671.0,11.0,-7.543450749111568,0.30393830897384955
A252P,579.0,17.0,-6.703136075088192,0.24612540935007518
A252Q,1213.0,28.0,-7.050508506572913,0.191278891255484
A252R,822.0,34.0,-6.209127889866361,0.17516087035872355
A252S,1754.0,1699.0,-1.659965485186937,0.03493399194746488
A252T,858.0,301.0,-3.125185902187723,0.06744864646140687
A252V,772.0,258.0,-3.1951954083446052,0.07233824947734738
A252W,1569.0,39.0,-6.9438695948760225,0.16227594040384619
A252Y,1481.0,61.0,-6.215394697240513,0.13087266354321644
A252_,1061.0,25.0,-7.020792242137174,0.2024553979153342
A273C,1214.0,5906.0,0.6684006376826499,0.032476438464739056
A273D,1262.0,31.0,-6.960848862104253,0.1819388148651906
A273E,439.0,365.0,-1.8803206694463652,0.07126841496139653
A273F,1496.0,3985.0,-0.20053933054175443,0.031322016070451646
A273G,1030.0,2491.0,-0.33993038708130463,0.03786808040577553
A273H,1528.0,1955.0,-1.2584808542261987,0.035037635132624825
A273I,857.0,2006.0,-0.3870580019583665,0.04155758765187593
A273K,1396.0,4089.0,-0.06356054109788722,0.0319776294079822
A273L,1342.0,5826.0,0.5041098997570441,0.031280641785754584
A273M,1182.0,3193.0,-0.18032802598887887,0.03494115345306985
A273N,763.0,2095.0,-0.1568195961497123,0.0430070583171652
A273P,1266.0,35.0,-6.790380784614972,0.1715075344584613
A273Q,2358.0,4660.0,-0.6312396420059345,0.02646434937708156
A273R,1324.0,2924.0,-0.4709686295227149,0.03404351569463374
A273S,793.0,1986.0,-0.2895409328193672,0.04273434035206573
A273T,819.0,2105.0,-0.2521287414518927,0.04192525492214797
A273V,1254.0,3347.0,-0.19767884759877852,0.03402792233378515
A273W,1347.0,2268.0,-0.8623364160259768,0.03528432671093122
A273Y,696.0,1595.0,-0.4176173265329828,0.04610205900929959
A273_,724.0,14.0,-7.305483619206572,0.26985267719958594
A289C,1780.0,3621.0,-0.5894960413338306,0.0299940694247214
A289D,723.0,467.0,-2.2445650150850334,0.05988382141730163
A289E,853.0,1183.0,-1.1421751470857702,0.04559938764070433
A289F,1759.0,3415.0,-0.65687673767555,0.030381080847414782
A289G,913.0,1843.0,-0.6006415242054262,0.04122562880901277
A289H,1083.0,1797.0,-0.8834509831800244,0.03926214462765243
A289I,865.0,1291.0,-1.0362913968894647,0.044635489241995265
A289K,1186.0,860.0,-2.07769369004545,0.04547113315100741
A289L,924.0,1397.0,-1.0176408786376872,0.043124672997542725
A289M,1558.0,6978.0,0.5491083155448719,0.029100434680776735
A289N,1429.0,3019.0,-0.5349433328630533,0.03305606055111338
A289P,1201.0,40.0,-6.521746580723039,0.16089769314168995
A289Q,1222.0,1194.0,-1.6474440278882332,0.041442989691417444
A289R,1025.0,238.0,-3.720546746114514,0.07237947180280012
A289S,741.0,1518.0,-0.5793864786290923,0.04549670541836898
A289T,717.0,1496.0,-0.5529481824824956,0.04609565033089724
A289V,1099.0,2367.0,-0.5071415686650864,0.037337210831253444
A289W,1063.0,1733.0,-0.9088780455990371,0.039742158973747964
A289Y,884.0,1575.0,-0.7807764623546873,0.042752883979965496
A289_,798.0,25.0,-6.609832718778041,0.20322107934026765
A312C,727.0,1698.0,-0.3902050145063587,0.0450122776873284
A312D,1262.0,40.0,-6.593221759371275,0.16077257811006765
A312E,1130.0,76.0,-5.508005351397969,0.11875518997254447
A312F,2327.0,1464.0,-2.282554858664102,0.0342706145072097
A312G,2532.0,15852.0,1.0323079186157549,0.022797153169788014
A312H,1322.0,387.0,-3.3862931960250826,0.05832683818407025
A312I,1253.0,1520.0,-1.3353199696783404,0.03895705582006818
A312K,1131.0,66.0,-5.712786133089766,0.12686634249285794
A312L,2078.0,4974.0,-0.35479604510050056,0.027275597738124473
A312M,1105.0,1514.0,-1.159687547489832,0.04033795193895707
A312N,1138.0,1515.0,-1.20118877483326,0.04000590096659484
A312P,1693.0,31.0,-7.384716014752637,0.18138359785766062
A312Q,1502.0,1286.0,-1.8379954130795815,0.03879506438641715
A312R,1054.0,26.0,-6.954681201402743,0.1986383457778583
A312S,1627.0,3073.0,-0.6965735127151027,0.03164998861447844
A312T,1164.0,2557.0,-0.478648505962326,0.03621966981965193
A312V,1054.0,1430.0,-1.173866175164024,0.04134896580284451
A312W,1382.0,1336.0,-1.6628401046739074,0.039163308326615194
A312Y,1067.0,173.0,-4.238649219988188,0.0823340428816466
A312_,1015.0,19.0,-7.352594455062929,0.2316263979306724
A321C,1145.0,2289.0,-0.6146392888034171,0.03703928276476347
A321D,1305.0,120.0,-5.056837187553114,0.09571102424341485
A321E,1214.0,32.0,-6.859116674440048,0.1792362614862855
A321F,813.0,330.0,-2.9147662118673647,0.06574109779013314
A321G,1878.0,4654.0,-0.30473329060011745,0.028443462482525213
A321H,1113.0,123.0,-4.791621902842048,0.09533922832905677
A321I,625.0,274.0,-2.8036535835720233,0.07287770444609468
A321K,1271.0,30.0,-7.018391108192516,0.18485314538241876
A321L,874.0,332.0,-3.010425947041999,0.06494453558098648
A321M,1530.0,618.0,-2.921841850823088,0.048304977547692265
A321N,1007.0,155.0,-4.313647671418111,0.08663670732973082
A321P,515.0,11.0,-7.161716927694895,0.3046800203096161
A321Q,2251.0,482.0,-3.8374403394075105,0.05079935377491818
A321R,1489.0,55.0,-6.372518585888703,0.13752012115141882
A321S,1787.0,2735.0,-1.0000044558819208,0.031415074354114156
A321T,1490.0,1494.0,-1.6101350646738442,0.03744542108060437
A321V,1125.0,1468.0,-1.2300788857606797,0.040395034588952376
A321W,1031.0,326.0,-3.275073058651164,0.06402340845289889
A321Y,1432.0,138.0,-4.9891997119956475,0.08947544052763039
A321_,1377.0,38.0,-6.793019057287841,0.1646109376330211
A328C,1201.0,835.0,-2.138385639251039,0.045737364858794975
A328D,2572.0,50.0,-7.298538692808403,0.1429912072067104
A328E,1415.0,43.0,-6.6539991634279545,0.15497999622711017
A328F,748.0,209.0,-3.453488444415168,0.07863220815030346
A328G,1417.0,2106.0,-1.04234050899292,0.03524523282881575
A328I,33.0,24.0,-2.0732705911821103,0.2683371884339601
A328K,795.0,20.0,-6.926182791223994,0.22648298361894129
A328L,1282.0,364.0,-3.4303603821028776,0.05990731135748493
A328M,1861.0,677.0,-3.072839614949001,0.0455643418045629
A328N,1042.0,24.0,-7.053592765388222,0.20656882639091426
A328P,1229.0,19.0,-7.62859716841276,0.23125578755909254
A328Q,1118.0,25.0,-7.096287080818249,0.20233669054765357
A328R,1342.0,25.0,-7.359749410279501,0.20196742531825834
A328S,1834.0,3584.0,-0.6474296987199972,0.029764978380287837
A328T,1665.0,3163.0,-0.688235581287072,0.031279947319736365
A328V,1352.0,2532.0,-0.7088255759892186,0.034587081541610304
A328W,1729.0,98.0,-5.754876303524522,0.10413015760253652
A328Y,1165.0,220.0,-4.018704190245274,0.07392762160383765
A328_,1147.0,23.0,-7.253476031688029,0.2106961818252263
A347C,1148.0,1930.0,-0.8645297426010021,0.038090525645639445
A347D,1112.0,1123.0,-1.5998018435933616,0.04302813116186084
A347E,1396.0,4103.0,-0.05862946177050876,0.03196457913323385
A347F,1203.0,3094.0,-0.2511736314723034,0.03487315598586861
A347G,2436.0,9488.0,0.34758261861464934,0.024033041566147797
A347H,1252.0,856.0,-2.1625493859831897,0.045040091905760665
A347I,959.0,1169.0,-1.3283333491197826,0.04427019575123689
A347K,1406.0,32.0,-7.0709432244440915,0.17892219952403604
A347L,1035.0,1725.0,-0.877042837613697,0.04009444582601456
A347M,1155.0,3635.0,0.040051134395703514,0.034678225712248247
A347N,1136.0,1154.0,-1.5913226651376213,0.042526475525815746
A347P,1798.0,57.0,-6.593045089211669,0.1347539844074496
A347Q,1735.0,3802.0,-0.48218450766452614,0.030017792851291733
A347R,1385.0,31.0,-7.095021912821731,0.18174532195894547
A347S,1951.0,2626.0,-1.1853516186534234,0.030903793600221125
A347T,652.0,691.0,-1.5301903588734698,0.05515940019501447
A347V,426.0,414.0,-1.6552245373143508,0.06945823848958989
A347W,1538.0,6725.0,0.5144686731480022,0.029335525503701377
A347Y,1463.0,375.0,-3.5779415147668474,0.05841062785686286
A347_,1077.0,35.0,-6.5571236295153605,0.1719111621896114
A349C,1908.0,3460.0,-0.7552953813135428,0.02957712520587154
A349D,1012.0,1861.0,-0.7351405943983238,0.039839160583996724
A349E,950.0,2389.0,-0.2836045682406052,0.03915210710309519
A349F,1591.0,1957.0,-1.3152946317626224,0.03465831380713039
A349G,1520.0,4537.0,-0.03634183171362082,0.030659149486994854
A349H,938.0,2109.0,-0.44511212873077977,0.04002407273206994
A349I,998.0,1708.0,-0.8388126110289198,0.040609779557984546
A349K,837.0,1630.0,-0.6524388051561498,0.04324240496276698
A349L,1149.0,2005.0,-0.8107847780632484,0.03782523808524951
A349M,1162.0,2096.0,-0.7629797405530123,0.03740799799867763
A349N,836.0,1467.0,-0.8027162553234799,0.044039756066000905
A349P,478.0,1024.0,-0.5148857570096892,0.05594857432190847
A349Q,1721.0,3291.0,-0.6787279262173844,0.030766796981158997
A349R,1536.0,3053.0,-0.6229581497277281,0.0322531640711816
A349S,903.0,2259.0,-0.29112606846047306,0.040146765750202706
A349T,809.0,1298.0,-0.9319307988656655,0.04547716256827169
A349V,1395.0,2130.0,-1.0034181164559528,0.03532712364960482
A349W,1208.0,2861.0,-0.3701107133659107,0.03519969025528426
A349Y,1188.0,2419.0,-0.5881331028554744,0.036288008677791556
A349_,1352.0,37.0,-6.805049732728525,0.16679642520283006
A357C,1638.0,3484.0,-0.5251982559574935,0.030971051450150822
A357D,1517.0,4220.0,-0.1379870342913989,0.030949010659830304
A357E,1109.0,1779.0,-0.9322006104368326,0.03905763783887053
A357F,1870.0,2279.0,-1.3286415862533825,0.03217494487520357
A357G,1310.0,2314.0,-0.7931855817808255,0.03545682957382695
A357H,1833.0,990.0,-2.502702509814563,0.040215981025686826
A357I,1733.0,5605.0,0.07943411146578061,0.02858541745341386
A357K,807.0,138.0,-4.161816600509514,0.092448241356254
A357L,2229.0,1623.0,-2.071734056237828,0.03356266335514913
A357M,386.0,992.0,-0.2522864148827795,0.060500779971729285
A357N,965.0,672.0,-2.1360640471804215,0.0508528794434933
A357P,1482.0,42.0,-6.75468144253554,0.1566534361776329
A357Q,2046.0,1651.0,-1.9234671940163404,0.03400190548802527
A357R,1432.0,502.0,-3.1262564154955417,0.05245945957719097
A357S,1189.0,2491.0,-0.5470328917094909,0.03611319665708996
A357T,1021.0,2018.0,-0.631066528992819,0.03920004568611152
A357V,762.0,1782.0,-0.3883792591338944,0.043990525987579264
A357W,1496.0,2601.0,-0.8160507291027597,0.0333855406713749
A357Y,1465.0,1449.0,-1.629845817203623,0.037873461967511936
A357_,1267.0,27.0,-7.165793317252814,0.19461312394018873
A362C,1817.0,2763.0,-1.0093284321025053,0.03120837065586604
A362D,1753.0,56.0,-6.582008843616748,0.13596354516846343
A362E,1614.0,55.0,-6.488814660200461,0.13733088293352147
A362F,574.0,33.0,-5.734103683258878,0.17915820896167056
A362G,1129.0,1684.0,-1.0371604153139282,0.039258578820235285
A362H,1539.0,97.0,-5.601728180755928,0.1049746043925681
A362I,1327.0,32.0,-6.987515611602478,0.17904048372250447
A362K,1608.0,36.0,-7.094737824909551,0.16868205035770822
A362L,1296.0,258.0,-3.942580818185819,0.06862289204933371
A362M,1034.0,154.0,-4.361157059851127,0.08672875568031914
A362N,787.0,41.0,-5.876337174604645,0.1603639983294456
A362P,1496.0,1930.0,-1.246514352488909,0.03533072773062875
A362Q,1702.0,65.0,-6.324436905280049,0.12661545348201453
A362R,1881.0,39.0,-7.205522566273055,0.16194988592347498
A362S,1168.0,1119.0,-1.6758325532223726,0.04256157514006167
A362T,1919.0,962.0,-2.6102412897960114,0.040277485304811865
A362V,1226.0,30.0,-6.966386473505473,0.1849312399752994
A362W,799.0,16.0,-7.255171202521779,0.25253553067314544
A362Y,638.0,26.0,-6.230443588384315,0.20018943119850854
A362_,965.0,21.0,-7.135398681577329,0.22066790643059261
A368C,1781.0,3746.0,-0.5413437222136297,0.029834768724410713
A368D,854.0,98.0,-4.737254958711635,0.10693769468261269
A368E,994.0,548.0,-2.473061002441721,0.05378191031850127
A368F,2189.0,3331.0,-1.0083217162291502,0.02861328927969621
A368G,731.0,1976.0,-0.17937565526324217,0.04399686599903026
A368H,1506.0,1315.0,-1.8096604352755605,0.03855048985283155
A368I,996.0,2093.0,-0.5426557838831885,0.03928702520582126
A368K,394.0,357.0,-1.7562706167181839,0.07348967409861823
A368L,2491.0,5112.0,-0.5768430109316025,0.025666026645720864
A368M,1669.0,2850.0,-0.8420284735767951,0.03180750081662053
A368N,1228.0,2005.0,-0.9067157330324607,0.03707775354357223
A368P,1520.0,954.0,-2.28600737738868,0.04204498795807823
A368Q,1857.0,23302.0,2.0353980596677603,0.025359384391173835
A368R,1056.0,27.0,-6.902988902634373,0.19501786837626037
A368S,1576.0,2919.0,-0.7248003918508199,0.03223009781380993
A368T,1600.0,3459.0,-0.5017245935693522,0.0312374729470972
A368V,1074.0,2438.0,-0.4313062388844786,0.037455896451258276
A368W,1222.0,2116.0,-0.82191250184807,0.036777643066867156
A368Y,936.0,604.0,-2.2459543642927793,0.05277925676434149
A368_,1177.0,30.0,-6.907542304744823,0.18502302543257443
A381C,1720.0,2652.0,-0.9893335933880536,0.03193975602942782
A381D,676.0,1753.0,-0.23928512335755237,0.04594996215435254
A381E,1333.0,2947.0,-0.4694385035711024,0.03392922722240808
A381F,795.0,10237.0,2.07267472433781,0.0376459048021843
A381G,1130.0,2649.0,-0.3848851061020637,0.036388610875207596
A381H,718.0,1308.0,-0.7487051278842936,0.047105646939099764
A381I,688.0,1449.0,-0.5394367441342727,0.04696037872693127
A381K,404.0,963.0,-0.3608430797505324,0.059793650463717804
A381L,1346.0,3389.0,-0.2818280906775641,0.03316159698950233
A381M,1087.0,2594.0,-0.359184027517073,0.036974881008340274
A381N,1405.0,3368.0,-0.3526868329574615,0.03271595177981549
A381P,2207.0,17404.0,1.3652518231245279,0.023921607225890457
A381Q,950.0,1995.0,-0.5436214829462891,0.040193963240187425
A381R,1359.0,3134.0,-0.40854914494420225,0.03341546571294992
A381S,1043.0,2479.0,-0.36499175507032877,0.037733724654312635
A381T,1912.0,4309.0,-0.44173647842356445,0.028579105074068592
A381V,1181.0,2349.0,-0.6219711816716877,0.03652571286347535
A381W,902.0,1512.0,-0.8687505079351077,0.042798247725890366
A381Y,877.0,1791.0,-0.5838946616713123,0.041955519184686804
A381_,1985.0,3640.0,-0.7392067176585679,0.028985925576562554
A45C,463.0,1078.0,-0.39474755307252707,0.05611683622457096
A45D,858.0,28.0,-6.550983429919284,0.19216843213615042
A45E,570.0,12.0,-7.182682029528481,0.2916847364188766
A45F,662.0,286.0,-2.8247902760299866,0.07119421330043778
A45G,986.0,1296.0,-1.2196001895413948,0.042982217760070336
A45H,316.0,66.0,-3.8732165655931023,0.13555574572142082
A45I,1058.0,25.0,-7.016707251892317,0.20246199794017217
A45K,1132.0,21.0,-7.365669586723098,0.22032124423041938
A45L,391.0,24.0,-5.639501052141202,0.210400750228267
A45M,565.0,1179.0,-0.5527752081650492,0.051766137269070915
A45N,829.0,11.0,-7.848505986626369,0.3034706954106238
A45P,1715.0,45.0,-6.865830469830796,0.15120203566346632
A45Q,2082.0,20.0,-8.315114876712745,0.22475987441149378
A45R,880.0,16.0,-7.394477561141799,0.2523073446890216
A45S,947.0,2854.0,-0.0224640314900304,0.03831478587631963
A45T,592.0,540.0,-1.7466382780834904,0.060022177375769994
A45V,1091.0,18.0,-7.534725189924019,0.23770354212768308
A45W,1315.0,27.0,-7.219439176658649,0.1945390931081788
A45Y,1019.0,23.0,-7.082766271786342,0.21095590461897876
A45_,618.0,21.0,-6.492484971587125,0.22198234846805107
A46C,1066.0,2056.0,-0.6663765464342344,0.038550486679009274
A46D,413.0,738.0,-0.776539204628607,0.061951009934171145
A46E,664.0,1074.0,-0.9202723038706653,0.04998774854562219
A46F,473.0,1870.0,0.3691005395419049,0.05206304130021342
A46G,871.0,2507.0,-0.08879629286714064,0.04010807328332412
A46H,869.0,801.0,-1.731555381222674,0.04960687624643415
A46I,679.0,2088.0,0.006621038384437838,0.04487026667667485
A46K,954.0,73.0,-5.321841259903127,0.12168255615786586
A46L,422.0,1202.0,-0.10390304846255738,0.05712473624040316
A46M,645.0,1740.0,-0.182300691629119,0.0467627679134811
A46N,351.0,884.0,-0.28145229895310386,0.06357526380632028
A46P,623.0,646.0,-1.5617016789902687,0.056698834980258385
A46Q,859.0,1960.0,-0.4238886726107811,0.041665523424350155
A46R,1541.0,32.0,-7.203212592973894,0.17874799591428728
A46S,1086.0,3011.0,-0.14279274428624422,0.036257411233817906
A46T,176.0,318.0,-0.7605881214681656,0.09427477994761993
A46V,1112.0,1371.0,-1.311933524050822,0.04111380951499077
A46W,1207.0,6383.0,0.7887964230388222,0.03235495342456509
A46Y,776.0,1383.0,-0.7803384169410643,0.04553446299558287
A46_,330.0,4.0,-7.976766551124771,0.502462390006592
A48C,521.0,25.0,-5.994736956680212,0.20485370125091507
A48D,338.0,6.0,-7.427559984189551,0.41159388600385255
A48E,613.0,33.0,-5.8289384212335085,0.17884861942143562
A48F,453.0,24.0,-5.851838445001667,0.20956729978051603
A48G,498.0,1330.0,-0.19681238006824486,0.053118258775844036
A48H,3547.0,3957.0,-1.4561955425868915,0.0244198121040626
A48I,1230.0,20.0,-7.555807923465872,0.2254987751097337
A48K,681.0,17.0,-6.937223793107065,0.24559934539499642
A48L,323.0,9.0,-6.7779107696348415,0.33785404287860127
A48M,737.0,26.0,-6.438548746221995,0.19966288714815775
A48N,434.0,387.0,-1.7793602954683205,0.07035403682823672
A48P,1405.0,38.0,-6.822060419466603,0.16456697225227784
A48Q,556.0,14.0,-6.924584825776598,0.27062483219931555
A48R,526.0,7.0,-7.843534828648053,0.3802842889963289
A48S,1195.0,2209.0,-0.7276255974418877,0.036758510853460116
A48T,709.0,17.0,-6.9953537857054,0.2454812591263384
A48V,479.0,18.0,-6.347188544374612,0.24015418202929342
A48W,678.0,17.0,-6.930854361968672,0.24561257243816834
A48Y,1069.0,525.0,-2.639861397394111,0.0538688604908803
A48_,927.0,20.0,-7.147794685653863,0.2260872244740525
A62C,1106.0,1177.0,-1.5242407082462925,0.04260803882573231
A62D,824.0,25.0,-6.656087739295686,0.20312377375504986
A62E,603.0,12.0,-7.263876727251676,0.2915201151963413
A62F,469.0,10.0,-7.164107660404452,0.3195214142470512
A62G,1263.0,4153.0,0.10328842758707113,0.03307917987396418
A62H,622.0,9.0,-7.723269714549364,0.3356444042428712
A62I,506.0,11.0,-7.136282378572625,0.3047366903326564
A62K,544.0,11.0,-7.240749653536366,0.30451010887950114
A62L,76.0,0.0,-14.505976375215548,10.000660870523737
A62M,75.0,3.0,-6.253250406216864,0.5878938279789538
A62N,1061.0,126.0,-4.687830975980478,0.09455188973535962
A62P,880.0,24.0,-6.809815465427639,0.2069960073806994
A62Q,849.0,22.0,-6.883553352400573,0.21604031955830147
A62R,619.0,10.0,-7.564451693021299,0.31871188595509753
A62S,576.0,1813.0,0.04021826302002651,0.048469923360621045
A62T,69.0,21.0,-3.3297321271579357,0.24929644956419883
A62V,900.0,191.0,-3.850295717432604,0.08005067345620745
A62W,337.0,22.0,-5.550563206561733,0.22014279058709504
A62Y,432.0,110.0,-3.5874328920273824,0.10708187294802017
A62_,609.0,11.0,-7.403582399685928,0.3041877940821557
A86C,839.0,757.0,-1.7623785040205124,0.050740033325883366
A86D,560.0,146.0,-3.5533882650914492,0.09325348213287828
A86E,564.0,118.0,-3.8708144815881944,0.10153107858402725
A86F,668.0,831.0,-1.299006718116499,0.052554943569802434
A86G,494.0,1595.0,0.07695046190171517,0.052085404866079106
A86H,478.0,415.0,-1.8178975562082762,0.06755198366695449
A86I,631.0,644.0,-1.5845826345835823,0.056561607300738004
A86K,407.0,67.0,-4.216618785065191,0.13206729894615737
A86L,672.0,129.0,-3.995002659571627,0.09644217833357671
A86M,303.0,173.0,-2.422512834571423,0.09561337454962548
A86N,598.0,414.0,-2.1445068507367457,0.06441503702834478
A86P,613.0,539.0,-1.7996014260353448,0.05956703341502298
A86Q,274.0,332.0,-1.337004705930993,0.08199477346808906
A86R,808.0,68.0,-5.184557207280724,0.12650301201368586
A86S,262.0,759.0,-0.07950583824278024,0.07208215784554492
A86T,687.0,653.0,-1.6872288700667406,0.05521445976314003
A86V,366.0,363.0,-1.6258766307194739,0.07448888774904673
A86W,308.0,346.0,-1.446166313449936,0.0787300532187604
A86Y,1019.0,559.0,-2.4802250691253107,0.05321564586310665
A86_,639.0,13.0,-7.232148497404436,0.28016165887887023
C72A,805.0,1819.0,-0.43792799187483666,0.04305407930172801
C72D,658.0,307.0,-2.713826717286536,0.0695603349354722
C72E,526.0,544.0,-1.565459911747932,0.06165216628239338
C72F,195.0,512.0,-0.22137897504135395,0.08451457017881096
C72G,966.0,2261.0,-0.3871455121592957,0.03923199909494477
C72H,1619.0,21584.0,2.122776263866988,0.026938366062136898
C72I,859.0,1728.0,-0.6056381212146134,0.0424795800168093
C72K,71.0,113.0,-0.9436465289772134,0.15163436811913952
C72L,954.0,2218.0,-0.39681328007251615,0.03950626784022775
C72M,1060.0,2338.0,-0.4727996307509965,0.0378521473054742
C72N,729.0,1153.0,-0.9526083403062353,0.047965633785712405
C72P,686.0,336.0,-2.6437282932572437,0.06704841654980125
C72Q,607.0,930.0,-0.9984769111163532,0.0527670364419071
C72R,770.0,737.0,-1.6771958437495522,0.05212678474151528
C72S,480.0,837.0,-0.8118224586848442,0.05779015789622079
C72T,299.0,773.0,-0.2437095128634139,0.06855434078797212
C72V,703.0,1960.0,-0.13475895742161192,0.04465803301879018
C72W,542.0,2273.0,0.4542098006124178,0.0484418542441797
C72Y,1082.0,2090.0,-0.6642068437519466,0.03826690539138055
C72_,1571.0,61.0,-6.300505679183212,0.13072479627605368
D118A,836.0,889.0,-1.5253234082562042,0.04881278769185916
D118C,694.0,1066.0,-0.99481024031118,0.04940306158347876
D118E,557.0,1292.0,-0.4001607534442222,0.051292994494425474
D118F,462.0,632.0,-1.1619795489837976,0.0617121732083809
D118G,905.0,1124.0,-1.3013536239251913,0.045346615399423855
D118H,813.0,1051.0,-1.2435714627059147,0.047361867212900685
D118I,578.0,939.0,-0.9139567868601652,0.053448188192379405
D118K,377.0,536.0,-1.1063457305651525,0.06767399747469874
D118L,953.0,1433.0,-1.0255174365958677,0.04253025195292466
D118M,417.0,535.0,-1.2545189789242706,0.06579385633730275
D118N,1523.0,898.0,-2.3761248550667418,0.04280013334515513
D118P,658.0,26.0,-6.274974061046909,0.20007040899166476
D118Q,568.0,774.0,-1.1675669795368533,0.05580491841086189
D118R,803.0,544.0,-2.175787638773749,0.05608207886438557
D118S,422.0,493.0,-1.3896631319061816,0.0667806265260745
D118T,428.0,663.0,-0.9826167299707356,0.06250080357994543
D118V,557.0,667.0,-1.3539976938319658,0.057932817680535154
D118W,666.0,683.0,-1.5776399941366543,0.0550206318176745
D118Y,334.0,452.0,-1.177539462385739,0.07258061955181282
D118_,664.0,17.0,-6.900752778819601,0.24567586909463085
D179A,309.0,721.0,-0.3916371137567758,0.06844536582380184
D179C,381.0,577.0,-1.0152353973888886,0.06647825815885586
D179E,573.0,1160.0,-0.5964978356635795,0.05166154602055228
D179F,561.0,1114.0,-0.624339065192971,0.0523625915407483
D179G,580.0,1068.0,-0.7332273800380804,0.05217386882263329
D179H,678.0,1546.0,-0.42483166217068113,0.04672702011030319
D179I,506.0,853.0,-0.8606060979538928,0.05665905302544614
D179K,965.0,1803.0,-0.7122112554291098,0.04065181850391885
D179L,934.0,1836.0,-0.6389388410221422,0.04095113250221862
D179M,418.0,670.0,-0.93335768414721,0.06282106227109015
D179N,891.0,2161.0,-0.33581063658758037,0.040580192304549526
D179P,976.0,1632.0,-0.872320793401081,0.04121898314627518
D179Q,1197.0,2260.0,-0.6971089047784949,0.036600196570331624
D179R,780.0,1438.0,-0.7314936728570949,0.045156659129995634
D179S,1205.0,2251.0,-0.7124755092612132,0.03654855977336749
D179T,829.0,1975.0,-0.36160430769766183,0.04212206285333662
D179V,958.0,1725.0,-0.7655107513166,0.04105144073496199
D179W,887.0,1482.0,-0.8734699482241135,0.04317204937664954
D179Y,866.0,1654.0,-0.6804904885107597,0.04267312860715387
D179_,393.0,8.0,-7.230622825145052,0.35700153101636806
D239A,967.0,1853.0,-0.6757349031442379,0.04044083983219424
D239C,1664.0,1207.0,-2.0772293309074477,0.03861521771319631
D239E,977.0,2282.0,-0.3901429763256079,0.039031073690755105
D239F,1307.0,1127.0,-1.8277727188471395,0.04140159685663727
D239G,743.0,1331.0,-0.7729349787060844,0.04646363765599028
D239H,1608.0,2493.0,-0.9813905648614942,0.032934659214080904
D239I,1263.0,1273.0,-1.6026251658065345,0.040484351471641165
D239K,2167.0,787.0,-3.075254794869413,0.042353049290364445
D239L,833.0,1320.0,-0.9498597170074783,0.044941287932770406
D239M,2166.0,2754.0,-1.267508961755329,0.029773626505716064
D239N,1174.0,1876.0,-0.9377800351949013,0.03803302856791372
D239P,1330.0,1817.0,-1.1638735896729173,0.036931183457758046
D239Q,1249.0,3125.0,-0.29092707749911995,0.03438483154148831
D239R,1149.0,213.0,-4.0454011440766,0.07501075444768736
D239S,749.0,2361.0,0.042344410604882476,0.042665287659805665
D239T,1700.0,1927.0,-1.4331820306139558,0.034188507754707304
D239V,1466.0,2206.0,-1.024458469875246,0.034599338881518955
D239W,459.0,104.0,-3.755806198376659,0.1088794998306331
D239Y,633.0,386.0,-2.327592924526015,0.06505416126000853
D239_,1608.0,36.0,-7.094737824909551,0.16868205035770822
D260A,1181.0,3300.0,-0.13155364048244333,0.03480583037167362
D260C,1400.0,2684.0,-0.6750499415921114,0.033890131712580526
D260E,1117.0,3745.0,0.1313246132470658,0.034985035069516446
D260F,792.0,612.0,-1.985966276052638,0.05438983463763315
D260G,845.0,2559.0,-0.015457390814433758,0.04044598410341538
D260H,941.0,2468.0,-0.22293657560506297,0.039109541915519366
D260I,927.0,1187.0,-1.2573275740657701,0.044529467349720776
D260K,984.0,326.0,-3.207759614988251,0.06438419035465998
D260L,704.0,674.0,-1.6768287815150265,0.054458933548630066
D260M,1403.0,2128.0,-1.013023217635753,0.035275479590978924
D260N,977.0,1635.0,-0.8711486304832547,0.04119261576325628
D260P,1010.0,2779.0,-0.15380140725860603,0.037571440533623296
D260Q,1196.0,2108.0,-0.7963505974798828,0.03704292137062867
D260R,1555.0,270.0,-4.139841969748723,0.06639527677205218
D260S,1368.0,3440.0,-0.28366887358942705,0.032914574277291296
D260T,601.0,1445.0,-0.34838428020841583,0.049168954850534595
D260V,758.0,1380.0,-0.7496129212120985,0.04588637925978153
D260W,1956.0,1493.0,-2.003692773701484,0.03525218106926067
D260Y,1201.0,1711.0,-1.1034028279469625,0.038454729440115
D260_,959.0,33.0,-6.474573671425786,0.17719558658344717
D290A,858.0,1322.0,-0.9903361337795706,0.04453756924082831
D290C,1050.0,1675.0,-0.9402362153193096,0.04013809668161977
D290E,344.0,659.0,-0.6761530020641526,0.0669776340285724
D290F,1032.0,1572.0,-1.0068494114698385,0.040826396969628295
D290G,1077.0,2131.0,-0.629497138364588,0.03820263213683579
D290H,1190.0,2974.0,-0.2925670547521415,0.035188904249966166
D290I,907.0,861.0,-1.6890913195211033,0.048224826958469295
D290K,1211.0,2766.0,-0.4224072621307018,0.03534080031781876
D290L,538.0,737.0,-1.1599516501900817,0.057246997877119225
D290M,2567.0,21235.0,1.434281110715149,0.022323393214321082
D290N,1070.0,2454.0,-0.41648600794289514,0.03746665942997914
D290P,1592.0,2869.0,-0.7642992575359546,0.03222378947192176
D290Q,1437.0,3770.0,-0.2225046073156074,0.031981623303920015
D290R,898.0,1149.0,-1.258414917803937,0.045227993013636385
D290S,970.0,2420.0,-0.2950613726331719,0.038804924970069085
D290T,1475.0,2581.0,-0.8067918605188851,0.03357216543807317
D290V,1502.0,11814.0,1.3615295589639111,0.02849742716660744
D290W,1141.0,2037.0,-0.7778612291531957,0.037802323695821975
D290Y,1460.0,2774.0,-0.6880081183069833,0.03327310242116321
D290_,734.0,14.0,-7.3252737134890085,0.2698178093799723
D307A,635.0,14.0,-7.116253306621475,0.2702111199588503
D307C,660.0,9.0,-7.808819823247166,0.335506487960419
D307E,536.0,16.0,-6.679217559607409,0.25374846264730594
D307F,1272.0,28.0,-7.119027075072126,0.1911789111525295
D307G,939.0,46.0,-5.965124016597875,0.15119867893239478
D307H,1238.0,43.0,-6.461209882620553,0.15530562888084412
D307I,1260.0,144.0,-4.743197139373106,0.08831359058296046
D307K,1432.0,24.0,-7.512265209649419,0.2059352215966937
D307L,1254.0,18.0,-7.735609717559749,0.237452803444998
D307M,874.0,11.0,-7.9247662686147615,0.30336835130728784
D307N,1675.0,70.0,-6.1944677479849535,0.12223898185088833
D307P,1220.0,37.0,-6.656836883435468,0.16703614391296878
D307Q,844.0,16.0,-7.334217735597519,0.25240337863389944
D307R,1230.0,30.0,-6.971085771773325,0.18492406821971255
D307S,830.0,25.0,-6.666554611781286,0.20310217803055125
D307T,1323.0,31.0,-7.028949486313978,0.18183838371469502
D307V,1435.0,87.0,-5.657738618006625,0.11068637975909525
D307W,1492.0,34.0,-7.069157245017515,0.1735944615676355
D307Y,819.0,15.0,-7.383888041201559,0.2605857281333336
D307_,1040.0,21.0,-7.243380284321133,0.22049851576123192
D323A,1125.0,1704.0,-1.0150068794721259,0.039209891172781786
D323C,1338.0,3273.0,-0.3234737443597515,0.03338549524601949
D323E,200.0,582.0,-0.07303104764353918,0.08233843033959921
D323F,1707.0,1088.0,-2.2637825495794015,0.03958045490960109
D323G,906.0,1682.0,-0.7214154524455649,0.0419517690347319
D323H,1859.0,3020.0,-0.9139840603454861,0.030507851686794787
D323I,867.0,854.0,-1.6357985264909356,0.04884689623943133
D323K,2025.0,19647.0,1.6643059774892697,0.024625324644646146
D323L,1122.0,10290.0,1.5830840888305917,0.032405599068546787
D323M,1213.0,2185.0,-0.7649544177765444,0.03665709867452805
D323N,1592.0,3556.0,-0.45459287296322337,0.031161424505107886
D323P,1057.0,1768.0,-0.871865447059637,0.03966555263448143
D323Q,1620.0,28806.0,2.538292362751666,0.026714765206748543
D323R,966.0,1025.0,-1.5284749002820153,0.04552438655413689
D323S,1013.0,1921.0,-0.6907862429566256,0.039615655309223355
D323T,921.0,1030.0,-1.4526332378869986,0.04602512860998988
D323V,1678.0,11309.0,1.1386465653890219,0.02731396413828845
D323W,1426.0,3199.0,-0.4483614527344786,0.03279539031583314
D323Y,849.0,673.0,-1.9491564612901104,0.052205248902929394
D323_,1402.0,59.0,-6.1843962272031545,0.13312109347398998
D32A,615.0,1498.0,-0.32963737544720306,0.04853066730698049
D32C,432.0,2374.0,0.8441865430078268,0.05289303367683687
D32E,488.0,887.0,-0.7519631977814818,0.05690522739680447
D32F,621.0,1124.0,-0.7580363904986624,0.050612601095913576
D32G,1101.0,3973.0,0.23740199614001334,0.03495195073950373
D32H,811.0,1744.0,-0.5093861522984815,0.04322158243752719
D32I,718.0,665.0,-1.7246307582311093,0.054388956696516874
D32K,1046.0,1707.0,-0.9074279902230877,0.040043938571603196
D32L,830.0,489.0,-2.3772676065708884,0.057545080409946756
D32M,280.0,374.0,-1.1964043629321273,0.07941479640690534
D32N,766.0,1778.0,-0.39917454917863715,0.04392694026496904
D32P,365.0,167.0,-2.7420043564951966,0.0937496663441948
D32Q,552.0,1966.0,0.21850149603579538,0.048804603865414124
D32R,954.0,795.0,-1.8770342375407525,0.04865939186877925
D32S,394.0,922.0,-0.38745270401098164,0.06069824665150967
D32T,528.0,922.0,-0.8097857112632951,0.055137773091996946
D32V,666.0,1019.0,-1.0004503911406122,0.05044310812311521
D32W,1332.0,771.0,-2.4027862924728236,0.045928517452237354
D32Y,1187.0,1337.0,-1.4423246893172754,0.04064571330311443
D32_,757.0,72.0,-5.008046042268557,0.12357034522520519
D352A,1232.0,71.0,-5.730850805343341,0.12229427163000706
D352C,2127.0,230.0,-4.8230611814519175,0.06985316138875733
D352E,1163.0,2590.0,-0.4589086897400536,0.03616103278226108
D352F,1602.0,34.0,-7.171783193224499,0.17346185782806176
D352G,1092.0,1241.0,-1.4294741831966666,0.04222820587481627
D352H,1149.0,241.0,-3.8672292970212805,0.07128256051583612
D352I,1485.0,45.0,-6.658086127352703,0.15150037870724287
D352K,1321.0,158.0,-4.677556473529316,0.08454225851620874
D352L,961.0,13.0,-7.820861432377952,0.27922429383438524
D352M,1203.0,106.0,-5.1183792243443245,0.10161694838529473
D352N,1074.0,1432.0,-1.1989687151124677,0.04112289793819307
D352P,1034.0,47.0,-6.073141503581704,0.14933473129056804
D352Q,1356.0,1353.0,-1.6171981717594086,0.0392203274813042
D352R,2017.0,242.0,-4.673082525922208,0.06848012546043336
D352S,1924.0,1011.0,-2.5423218865424566,0.03963005526470818
D352T,1363.0,2538.0,-0.7171012494520017,0.03448714795927826
D352V,1145.0,79.0,-5.471183982830662,0.11658329264248338
D352W,1271.0,41.0,-6.567858683463587,0.15884821669168175
D352Y,1364.0,32.0,-7.027190590347651,0.17898338873417666
D352_,1754.0,37.0,-7.180600883257053,0.16628749242777704
D39A,661.0,398.0,-2.345870274771352,0.06392980263429625
D39C,318.0,39.0,-4.641159085279775,0.16982547355748975
D39E,597.0,118.0,-3.952848836525355,0.10104729352339388
D39F,505.0,77.0,-4.3271971102430795,0.12258535374025835
D39G,820.0,1552.0,-0.6935784115574704,0.043880595146960855
D39H,1095.0,339.0,-3.3055471660310394,0.06264728824671081
D39I,1382.0,34.0,-6.958668094790005,0.17374804763787235
D39K,743.0,79.0,-4.8472773175133295,0.11859252173555984
D39L,1052.0,23.0,-7.128746480798937,0.21088293046531661
D39M,806.0,67.0,-5.202352282040927,0.1273793890592039
D39N,647.0,1054.0,-0.9099742168523584,0.05055702057745213
D39P,362.0,37.0,-4.904045365651418,0.17275347345805517
D39Q,923.0,76.0,-5.2160879949990795,0.11958787189884662
D39R,1448.0,198.0,-4.4844292249767435,0.07617438227349016
D39S,1215.0,1088.0,-1.7732792274134122,0.04247153464143509
D39T,435.0,157.0,-3.0841949745789625,0.09343180599866369
D39V,634.0,26.0,-6.221370147423959,0.20021412787247875
D39W,1582.0,106.0,-5.51348930862226,0.1006323167255352
D39Y,654.0,127.0,-3.9783734607418726,0.09728364695906608
D39_,566.0,14.0,-6.950301537452288,0.27056611805073494
D63A,1453.0,40.0,-6.79654304929584,0.16044831452259775
D63C,1155.0,30.0,-6.88032106948193,0.1850667524337379
D63E,865.0,18.0,-7.199849581041505,0.2382067338606474
D63F,904.0,111.0,-4.6396519445108035,0.10087647632300872
D63G,1322.0,28.0,-7.174650152329704,0.19110113201696083
D63H,679.0,11.0,-7.560549303838265,0.30390942279979566
D63I,2362.0,39.0,-7.5340301202627415,0.1616152978506276
D63K,1018.0,27.0,-6.850117139318821,0.1951084746447592
D63L,1117.0,25.0,-7.0949960900108655,0.20233866929565486
D63M,1107.0,27.0,-6.971033660653966,0.19490598365119083
D63N,641.0,17.0,-6.8498946736874275,0.24578581998294702
D63P,833.0,16.0,-7.315291457978248,0.25243437016670384
D63Q,739.0,26.0,-6.442458438296154,0.19965369135998337
D63R,1321.0,35.0,-6.851733371975925,0.1714116324531911
D63S,925.0,17.0,-7.379016772323843,0.24480951908290913
D63T,814.0,22.0,-6.82281832375684,0.2161574967081804
D63V,303.0,11.0,-6.396481888785329,0.30690132945455206
D63W,817.0,14.0,-7.4798277320175455,0.26956121053706955
D63Y,607.0,11.0,-7.3988367660886025,0.30419668674033207
D63_,1822.0,30.0,-7.537946604341265,0.18420845228901636
E152A,731.0,1356.0,-0.7225980854766361,0.0465522458394051
E152C,424.0,688.0,-0.9156716122240152,0.0622381374288468
E152D,738.0,972.0,-1.2166720647602318,0.049451741645088
E152F,1054.0,2935.0,-0.13652599209631067,0.03675806721705282
E152G,510.0,932.0,-0.7441829567778147,0.055636132959663714
E152H,542.0,1168.0,-0.5063416046197506,0.052562581988101806
E152I,659.0,1125.0,-0.8424372932143687,0.049678890952650365
E152K,484.0,89.0,-4.0570003784787385,0.115596060954076
E152L,661.0,1025.0,-0.9811088740810225,0.050498715003146274
E152M,521.0,667.0,-1.2576055284532037,0.058993732009348786
E152N,331.0,667.0,-0.6031692676584672,0.06769023729618362
E152P,416.0,1045.0,-0.28517622148715205,0.058501286945052286
E152Q,496.0,1414.0,-0.10265164516867831,0.05277291468418944
E152R,1258.0,216.0,-4.15597623913328,0.07406757122776605
E152S,512.0,1012.0,-0.6310232030486125,0.05479874947506914
E152T,807.0,1694.0,-0.5442189208122645,0.043487249480577535
E152V,426.0,898.0,-0.538158641801088,0.05935166084783645
E152W,1119.0,1357.0,-1.3357944329425555,0.04113690399437598
E152Y,409.0,757.0,-0.7258266144993906,0.061867584982141496
E152_,1019.0,31.0,-6.652293729397808,0.1824573655538456
E192A,497.0,941.0,-0.6930676813729404,0.05600360234775196
E192C,1031.0,922.0,-1.775206878856494,0.04600209988849551
E192D,1427.0,3102.0,-0.4937949637335879,0.03293662281797933
E192F,921.0,397.0,-2.8280443300268088,0.06054978401388529
E192G,423.0,997.0,-0.37708665048542134,0.05855504108034
E192H,618.0,929.0,-1.0259389126380327,0.05249947651610539
E192I,997.0,282.0,-3.4358645099867653,0.0679018120220124
E192K,124.0,143.0,-1.4083432872438912,0.12295555044377203
E192L,878.0,307.0,-3.1299545793095236,0.06676710002481255
E192M,789.0,613.0,-1.9781358327044964,0.0544094603906632
E192N,1497.0,2445.0,-0.906246349036897,0.033744304021758924
E192P,1166.0,1916.0,-0.8974779269250996,0.03796349672791444
E192Q,1070.0,2076.0,-0.6578137428074973,0.038444082964439755
E192R,1585.0,1406.0,-1.786887943340005,0.03746767810664117
E192S,320.0,512.0,-0.9359478572306061,0.07169151109091196
E192T,1053.0,3661.0,0.18371972105393652,0.035839793892867206
E192V,464.0,557.0,-1.3504555252728272,0.063341214338582
E192W,1241.0,182.0,-4.383427974556376,0.07976015582207405
E192Y,971.0,921.0,-1.6902721889125152,0.04666158606710329
E192_,741.0,27.0,-6.391930323198913,0.19604723336429816
E222A,793.0,18.0,-7.074471828523383,0.23842694940642892
E222C,945.0,25.0,-6.853755489425595,0.2027409179711636
E222D,765.0,758.0,-1.6272645814437983,0.0518468883023345
E222F,1248.0,29.0,-7.0409382446390705,0.18797295365502187
E222G,1195.0,28.0,-7.028939753469655,0.19131134783122125
E222H,1222.0,34.0,-6.781156131042363,0.17402047063856416
E222I,972.0,21.0,-7.145825945362674,0.22065099645567468
E222K,914.0,21.0,-7.05706473867303,0.22079888172343842
E222L,956.0,20.0,-7.192235492913107,0.22601484512905162
E222M,1021.0,13.0,-7.9082350802714,0.2791147733562335
E222N,1143.0,24.0,-7.187061667897421,0.2063634641419458
E222P,1172.0,24.0,-7.223208521788681,0.20631100646577238
E222Q,1040.0,22.0,-7.176297301102621,0.21553910657390762
E222R,1202.0,42.0,-6.45257515859404,0.15715431785587025
E222S,999.0,17.0,-7.49004692941327,0.24464591192340027
E222T,933.0,16.0,-7.4788501871867075,0.2521793911767279
E222V,677.0,39.0,-5.731264096476537,0.16484301417633485
E222W,1142.0,20.0,-7.448713162422907,0.22563764120942714
E222Y,1363.0,152.0,-4.7785608631905605,0.08587123188767494
E222_,753.0,20.0,-6.8478788079003765,0.22663781605867817
E268A,1197.0,1125.0,-1.7035002356699742,0.04226085018623406
E268C,730.0,794.0,-1.4927619057765051,0.05187444257650752
E268D,774.0,1570.0,-0.5936532187946924,0.04461608624784442
E268F,919.0,2178.0,-0.36914474327919766,0.04011166561147635
E268G,400.0,745.0,-0.7167791326362387,0.06248107654095599
E268H,1266.0,1010.0,-1.9399220795909917,0.042914519049385674
E268I,1144.0,3069.0,-0.19032917256146664,0.03551956881728259
E268K,596.0,502.0,-1.8616232901321457,0.061086004541920154
E268L,787.0,886.0,-1.4430618414542709,0.049608173519529584
E268M,1058.0,1661.0,-0.9632953606607018,0.040111065151208845
E268N,1172.0,1979.0,-0.8582088331948601,0.03768582968716189
E268P,1339.0,1623.0,-1.3364977023112825,0.0377444449275014
E268Q,918.0,1617.0,-0.7972560296571292,0.04206449428964388
E268R,1467.0,716.0,-2.6488299196562575,0.04625981747008881
E268S,868.0,1362.0,-0.9640491290015492,0.044135620784024006
E268T,901.0,1483.0,-0.8950895534263577,0.04296339655745417
E268V,1099.0,1193.0,-1.4956012337771831,0.04254185387416872
E268W,1072.0,1362.0,-1.268583924113333,0.04157787489769327
E268Y,1103.0,869.0,-1.9580040429565253,0.046032905624729156
E268_,1149.0,36.0,-6.609852800458519,0.16941682879123918
E356A,1020.0,1568.0,-0.9936513921014454,0.04098557236326608
E356C,1612.0,2432.0,-1.0207143888456924,0.03306372072209868
E356D,1319.0,2060.0,-0.9708070177665995,0.0361284163021298
E356F,1447.0,441.0,-3.328194473576457,0.054957129363116294
E356G,1255.0,2201.0,-0.8035360159583638,0.03623295232921102
E356H,1410.0,2252.0,-0.9384950169700947,0.034856077690485904
E356I,1066.0,1031.0,-1.6621655021476522,0.044381119443393006
E356K,1288.0,2122.0,-0.8937151956594631,0.03618461500667195
E356L,2079.0,817.0,-2.9614739119181097,0.04203161852775474
E356M,1713.0,3812.0,-0.4599845257675459,0.03012938952965257
E356N,1066.0,1625.0,-1.005775231711084,0.04018882797884695
E356P,2433.0,4435.0,-0.7478077486510752,0.026423014872093604
E356Q,975.0,1835.0,-0.7017038518158296,0.04040136416700741
E356R,1805.0,2130.0,-1.3751494823992383,0.032942047250178956
E356S,1540.0,2837.0,-0.7325713393421638,0.032611558866049946
E356T,1549.0,2302.0,-1.0424552134122198,0.033788462004582596
E356V,906.0,1165.0,-1.2512593967977566,0.04498650763884347
E356W,1311.0,947.0,-2.0832299811485253,0.04336368652138564
E356Y,976.0,465.0,-2.6836370440270434,0.05689248294281276
E356_,872.0,15.0,-7.474351653693988,0.26044329754048734
E376A,1123.0,5485.0,0.6741206202154144,0.033681785225680286
E376C,1173.0,2456.0,-0.5479017338328358,0.03635045638122307
E376D,1875.0,3576.0,-0.6825503752538471,0.02957457230458777
E376F,684.0,413.0,-2.3418435598746097,0.06280843392733759
E376G,721.0,1574.0,-0.48764932366557723,0.04565026677313474
E376H,823.0,1680.0,-0.5845149011029527,0.043266270686073374
E376I,1323.0,1958.0,-1.0484386893594335,0.03644527910317012
E376K,1367.0,5064.0,0.27525360086083905,0.03147505472477359
E376L,1573.0,2800.0,-0.7820987188861159,0.03247382038723885
E376M,1883.0,6642.0,0.204576377112752,0.027263620845932618
E376N,1235.0,2477.0,-0.6099258867570372,0.03570862844300535
E376P,1719.0,2085.0,-1.33552649056884,0.03351160620559362
E376Q,1259.0,2780.0,-0.4712025257665866,0.034866450421232875
E376R,2290.0,3354.0,-1.0634697641646111,0.02822256986415346
E376S,651.0,1526.0,-0.3849900495000691,0.04746643000161716
E376T,1068.0,2478.0,-0.39974600205209576,0.03743733437852816
E376V,803.0,1074.0,-1.1944852890721727,0.047308435750900206
E376W,1196.0,1319.0,-1.4727768060010575,0.04069325912479164
E376Y,1674.0,3054.0,-0.7466062162230935,0.03140843692506228
E376_,1669.0,363.0,-3.814914258481878,0.05844301664618589
E385A,1325.0,3113.0,-0.38169589286924577,0.03372873184685208
E385C,744.0,1637.0,-0.4763336387404493,0.04490680722934272
E385D,1451.0,3853.0,-0.20507438798949895,0.031786727370678045
E385F,1576.0,3451.0,-0.4832608908312035,0.031400120119119336
E385G,1011.0,2751.0,-0.1698387394395926,0.037607131250273235
E385H,2013.0,4798.0,-0.3609210308261144,0.027692450656827707
E385I,2156.0,22921.0,1.7962319860390585,0.02385647496891865
E385K,872.0,2250.0,-0.24648802747184195,0.04065589589217649
E385L,1063.0,2257.0,-0.5277452143076111,0.03801937056711922
E385M,491.0,1015.0,-0.566333227249765,0.055529396981147824
E385N,1350.0,3696.0,-0.16100428991208648,0.03275638646523546
E385P,1841.0,4359.0,-0.37049980595069343,0.02888379395255185
E385Q,1459.0,10203.0,1.1919302930996798,0.029070433722496573
E385R,1332.0,3289.0,-0.3099543750111433,0.03341364293715543
E385S,1083.0,2131.0,-0.6375120572161137,0.03813524780080347
E385T,957.0,2613.0,-0.16489611525011316,0.03859151633792418
E385V,1129.0,2375.0,-0.5411275328292575,0.03699278534985636
E385W,1106.0,1864.0,-0.8609576862109058,0.03875967398680668
E385Y,1191.0,2220.0,-0.7156222074625971,0.036766227657249025
E385_,1260.0,2379.0,-0.6970767037881958,0.03571653640206359
E82A,1444.0,543.0,-3.0250329174762944,0.050948859190769226
E82C,661.0,59.0,-5.0996435902537804,0.13609114692146052
E82D,619.0,826.0,-1.1978063247271917,0.05373830519596041
E82F,714.0,100.0,-4.449802873824673,0.10705710752018874
E82G,592.0,239.0,-2.9225534209345954,0.07703745567427511
E82H,561.0,27.0,-5.990463798324485,0.19714844071706364
E82I,401.0,8.0,-7.259695016994778,0.35693043023747106
E82K,391.0,13.0,-6.523515493653822,0.2819274972707523
E82L,991.0,27.0,-6.811336926540945,0.19517704734354835
E82M,760.0,57.0,-5.350734350867202,0.13754358597080543
E82N,897.0,64.0,-5.422757711085406,0.1296111774138705
E82P,412.0,95.0,-3.730530936843558,0.11407899451689062
E82Q,955.0,132.0,-4.468871475490811,0.09318785711926339
E82R,1079.0,24.0,-7.103931877828021,0.20648915666051373
E82S,609.0,111.0,-4.069779130453527,0.10349826174397203
E82T,427.0,91.0,-3.8441757327789237,0.11572101205087304
E82V,442.0,15.0,-6.494085983525528,0.2625763272795268
E82W,519.0,351.0,-2.178253059730501,0.06955106321607399
E82Y,839.0,251.0,-3.3549460212431317,0.07237036336020626
E82_,1144.0,22.0,-7.313799563767067,0.21533623819470168
F10A,618.0,724.0,-1.3856234148127706,0.05532609464610326
F10C,461.0,617.0,-1.193507029807674,0.06206088285666723
F10D,506.0,281.0,-2.4625472815943414,0.07480990116011516
F10E,18.0,4.0,-3.7811268956413464,0.5522345069449174
F10H,651.0,21.0,-6.5675344935012445,0.22179752241969505
F10I,545.0,519.0,-1.6845232213976704,0.06183249493658245
F10K,428.0,242.0,-2.436580698484959,0.08080927069377951
F10L,394.0,119.0,-3.3411522987153885,0.10489206571784762
F10M,191.0,318.0,-0.8785788936806371,0.09187799931370767
F10N,1709.0,1407.0,-1.894531112695041,0.0368448727511786
F10P,737.0,674.0,-1.7429170543962593,0.05387183649476208
F10Q,671.0,47.0,-5.4492975374822015,0.15107628566403
F10R,1008.0,23.0,-7.067108013620352,0.21098128520190956
F10S,804.0,934.0,-1.3977783051848114,0.04874527192667911
F10T,291.0,241.0,-1.8859785775428302,0.08744825338299714
F10V,952.0,1054.0,-1.4671629343969972,0.04539658905911787
F10W,1036.0,2319.0,-0.45153174360989823,0.038185647883330676
F10Y,1370.0,3921.0,-0.09696395870241803,0.032351840307056734
F10_,1562.0,32.0,-7.222740058735396,0.17872359036984808
F129A,918.0,31.0,-6.501707294312558,0.18275299822167204
F129C,594.0,16.0,-6.827444861840086,0.25338926339317763
F129D,803.0,16.0,-7.262375597168237,0.2525231869847115
F129E,668.0,19.0,-6.749042118859713,0.23272851099096853
F129G,574.0,44.0,-5.319175450086867,0.15660754164999047
F129H,564.0,16.0,-6.752678385319792,0.25356589610914665
F129I,367.0,277.0,-2.0198841710266766,0.07997739016932075
F129K,653.0,17.0,-6.876652895017659,0.2457274940998756
F129L,923.0,165.0,-4.097795676590482,0.08488424009217883
F129M,613.0,30.0,-5.966398240857756,0.18712349998133854
F129N,814.0,16.0,-7.282004161132141,0.25248986434562376
F129P,1023.0,13.0,-7.911058331514141,0.2791113432310511
F129Q,209.0,3.0,-7.731667528105407,0.5805790706328187
F129R,664.0,19.0,-6.740377387834434,0.2327478843418873
F129S,233.0,9.0,-6.306723811718875,0.33961910459655625
F129T,557.0,16.0,-6.734660871723688,0.2536098290003498
F129V,462.0,16.0,-6.4648817216919525,0.25433658953355015
F129W,528.0,251.0,-2.686823268363515,0.07706810047083681
F129Y,521.0,828.0,-0.9456657278391969,0.056468995045322386
F129_,411.0,9.0,-7.125505435474955,0.3368716457812636
F13A,767.0,1908.0,-0.2992514158731705,0.04346899810534689
F13C,857.0,1130.0,-1.2150512599933174,0.04597258977665577
F13D,397.0,20.0,-5.924385130669722,0.2292499166778031
F13E,704.0,207.0,-3.37989831628051,0.07945314618534041
F13G,769.0,1686.0,-0.4814640268667745,0.04421733892203574
F13H,823.0,2314.0,-0.12258962248281158,0.04133867289723035
F13I,994.0,176.0,-4.11160582409609,0.08215354543671573
F13K,548.0,421.0,-1.9943505745119827,0.06528176065556368
F13L,415.0,358.0,-1.8271490702957758,0.07255675103320913
F13M,504.0,680.0,-1.1818992522222942,0.05929871658432459
F13N,645.0,165.0,-3.5807709260327645,0.08759158575791887
F13P,389.0,30.0,-5.310294874152043,0.1896168175321945
F13Q,1412.0,1790.0,-1.2717855149340282,0.036449279013644253
F13R,1274.0,46.0,-6.405288191210228,0.1502697984333428
F13S,1288.0,1466.0,-1.4272517061790388,0.03898972475819178
F13T,177.0,40.0,-3.759401188594108,0.17522794715201873
F13V,736.0,456.0,-2.304662762081654,0.06011069055737693
F13W,733.0,973.0,-1.2053811042580511,0.049534433448369136
F13Y,635.0,525.0,-1.8884372650802534,0.05950787793347508
F13_,506.0,7.0,-7.787610498126371,0.38038307197409443
F140A,829.0,24.0,-6.723685051960322,0.20716480013533706
F140C,417.0,29.0,-5.459462635799936,0.1921733064272703
F140D,607.0,11.0,-7.3988367660886025,0.30419668674033207
F140E,1287.0,30.0,-7.036438990295257,0.184826686997202
F140G,753.0,19.0,-6.921841443157565,0.23236518642462997
F140H,651.0,320.0,-2.638565571996602,0.06872161685670738
F140I,776.0,21.0,-6.820930032789948,0.22123903232573766
F140K,457.0,10.0,-7.12671471066068,0.3196090101812338
F140L,703.0,27.0,-6.315982522360148,0.19623318559586458
F140M,841.0,177.0,-3.8622949448870703,0.0830670115305104
F140N,731.0,38.0,-5.8794430678304686,0.16654885166880884
F140P,423.0,13.0,-6.637001758229471,0.2815841697895688
F140Q,585.0,6.0,-8.218955340967208,0.4100736606182044
F140R,375.0,7.0,-7.355373668692144,0.38128943267963306
F140S,857.0,50.0,-5.713026384519279,0.14568641628442183
F140T,551.0,19.0,-6.47125092086281,0.23341042252924557
F140V,654.0,27.0,-6.211750006342383,0.19650454667667902
F140W,1006.0,25.0,-6.943998634422975,0.20258261490977056
F140Y,450.0,1082.0,-0.3483179895798374,0.05663975881506563
F140_,1116.0,19.0,-7.489450468462352,0.23143384706766143
F149A,680.0,1417.0,-0.5547807840590506,0.047307097701778385
F149C,545.0,1051.0,-0.6665810663036389,0.05336645026254824
F149D,466.0,120.0,-3.571209144446966,0.10266547231958599
F149E,284.0,57.0,-3.9306576775631648,0.14533915048054988
F149G,513.0,949.0,-0.7265665150263088,0.05535966924800783
F149H,358.0,226.0,-2.277616134568902,0.08531989575422959
F149I,272.0,719.0,-0.21165071112484757,0.07161578199924606
F149K,804.0,84.0,-4.872583329259476,0.11492951764725186
F149L,610.0,1284.0,-0.5402512161635231,0.049797701593962164
F149M,553.0,1070.0,-0.66175605035001,0.05295790622114251
F149N,432.0,228.0,-2.5359704648100463,0.08223270242512125
F149P,674.0,286.0,-2.850707262404921,0.07100508657719613
F149Q,463.0,388.0,-1.8689523742639862,0.06927277453514494
F149R,653.0,168.0,-3.5725608359784387,0.08686242193173814
F149S,824.0,1219.0,-1.0490266460601987,0.04577771163092287
F149T,225.0,577.0,-0.25539565395270536,0.07898735785809395
F149V,518.0,1114.0,-0.5092925269975739,0.053756918020101414
F149W,933.0,1892.0,-0.5940475913709351,0.04076790242487403
F149Y,538.0,467.0,-1.818182402184017,0.06373120777387568
F149_,527.0,10.0,-7.332319314123683,0.31915400775051506
F159A,536.0,958.0,-0.7762220572441674,0.05450826393530867
F159C,438.0,2937.0,1.1313096087967587,0.051819096745550866
F159D,956.0,147.0,-4.315114271026,0.08893793383437798
F159E,399.0,28.0,-5.446413871429906,0.1956257180945166
F159G,864.0,6731.0,1.3477002285768198,0.03698166691371516
F159H,675.0,1929.0,-0.09912301422105507,0.04540422586315397
F159I,404.0,648.0,-0.9323777822479258,0.06387531511964296
F159K,784.0,23.0,-6.704542023460938,0.21165193830960877
F159L,916.0,3986.0,0.5075072200932134,0.03747335245914395
F159M,1161.0,3966.0,0.158305060566037,0.034280390421706414
F159N,710.0,1684.0,-0.36801339997375493,0.04543055283476631
F159P,754.0,2112.0,-0.12804175293354803,0.04314404392345673
F159Q,324.0,6.0,-7.366532395075732,0.4117491458881398
F159R,837.0,20.0,-7.000454643006245,0.22634359922905592
F159S,1151.0,5444.0,0.6277664930232554,0.03337924312062698
F159T,526.0,1195.0,-0.4301422973045055,0.052911257636963575
F159V,1471.0,4695.0,0.06031832037911222,0.03089467082596589
F159W,466.0,295.0,-2.2735999112961798,0.07481494411352695
F159Y,592.0,575.0,-1.65603735549968,0.05907575143454565
F159_,1092.0,26.0,-7.0057787143741335,0.19855522491557362
F161A,834.0,444.0,-2.5234753689168876,0.05926981929690519
F161C,1211.0,613.0,-2.5962311205976514,0.05018700362958197
F161D,570.0,573.0,-1.606429768998261,0.05967586606017927
F161E,1141.0,1098.0,-1.6694230983071172,0.04299812307496441
F161G,555.0,460.0,-1.884851398159368,0.06353989837055234
F161H,745.0,528.0,-2.110697393574232,0.05742691832850513
F161I,854.0,798.0,-1.7118489941018336,0.04985726794379048
F161K,809.0,228.0,-3.4410632927003375,0.07538922190741752
F161L,770.0,1204.0,-0.9691045687229316,0.04680732720766968
F161M,653.0,597.0,-1.743352844097827,0.057167014069582536
F161N,1085.0,6714.0,1.0154634902930844,0.033649314108586244
F161P,723.0,1069.0,-1.0498150138899334,0.04878765459272244
F161Q,620.0,247.0,-2.9417248914429726,0.07565037915256353
F161R,425.0,11.0,-6.884613268791723,0.30535404159861423
F161S,852.0,631.0,-2.0472103509256554,0.05310498700837682
F161T,1180.0,1115.0,-1.6957452928979269,0.04249690518475956
F161V,1088.0,902.0,-1.8844793398756021,0.04571026056088195
F161W,723.0,920.0,-1.2663689149643833,0.050316349265360466
F161Y,713.0,781.0,-1.482584146212619,0.05238875616448451
F161_,683.0,62.0,-5.075336762867786,0.13286166561357915
F16A,831.0,893.0,-1.5101923631767038,0.04883489330751039
F16C,269.0,38.0,-4.437211729448433,0.1734585932662394
F16D,1331.0,33.0,-6.947477317794728,0.1763713215534438
F16E,644.0,16.0,-6.944040733486057,0.2531312236379458
F16G,809.0,418.0,-2.566622935672304,0.06074577756375637
F16H,270.0,1499.0,0.8589224068979453,0.06657594951448724
F16I,577.0,9.0,-7.6149282619602525,0.3358311288758025
F16K,1044.0,50.0,-5.997777971678861,0.14496733974634374
F16L,1033.0,32.0,-6.626190589286691,0.17963843082026104
F16M,232.0,197.0,-1.8499209842599447,0.0971994191323305
F16N,486.0,826.0,-0.8488296072181436,0.05770522931398132
F16Q,330.0,40.0,-4.658080064234091,0.1675877272647219
F16R,1170.0,21.0,-7.413303744436587,0.22025612315318
F16S,884.0,883.0,-1.6156357694506296,0.048222219885401235
F16T,165.0,36.0,-3.810086809433864,0.1840977626330067
F16V,1236.0,75.0,-5.6564665193252734,0.11917337914738538
F16W,444.0,1320.0,-0.042118071593439055,0.05542071009402432
F16Y,1020.0,3629.0,0.21698987988698537,0.036299081983343084
F16_,337.0,11.0,-6.549907882888922,0.30635841086383986
F170A,888.0,2120.0,-0.3585796144145954,0.04073687389601295
F170C,950.0,1600.0,-0.8619365390014098,0.04170491762886373
F170D,1002.0,128.0,-4.582571341319912,0.09418899771224601
F170E,422.0,538.0,-1.2636470533780368,0.06549806995285251
F170G,456.0,914.0,-0.6108583686756122,0.05786793465191827
F170H,787.0,2089.0,-0.20563732995509376,0.04255597604630234
F170I,643.0,1040.0,-0.9203185352508791,0.05077793364178375
F170K,910.0,131.0,-4.410208318253913,0.09377407797059525
F170L,916.0,1222.0,-1.1981820183613374,0.04440381300785979
F170M,1006.0,2062.0,-0.5785961728968898,0.03925140974164354
F170N,808.0,912.0,-1.4393263608653548,0.04894661594672513
F170P,839.0,2334.0,-0.1379520250322379,0.041012335316019256
F170Q,781.0,1443.0,-0.7283344842782169,0.04511178104765702
F170R,759.0,13.0,-7.480428882376972,0.2797197527297776
F170S,486.0,1026.0,-0.5360159676798171,0.05562287086881953
F170T,689.0,1374.0,-0.6182071789686479,0.047337490934998915
F170V,1002.0,2128.0,-0.5273948324002342,0.03911010352411707
F170W,766.0,1454.0,-0.6894007959962023,0.04533103492252417
F170Y,809.0,1837.0,-0.4308728169471978,0.042919984581452415
F170_,942.0,22.0,-7.033514180838631,0.2157710293405154
F188A,824.0,2939.0,0.2205936607366974,0.04019342851343618
F188C,823.0,18734.0,2.8946031137017947,0.03647073459262936
F188D,649.0,2430.0,0.29064678197212146,0.04487775406819891
F188E,314.0,1094.0,0.1867406600207424,0.06450088328170428
F188G,784.0,2702.0,0.17108619676538694,0.04131915236620977
F188H,838.0,2441.0,-0.07156401568649517,0.040800162192986024
F188I,730.0,2138.0,-0.06372238719103063,0.04358041384016983
F188K,522.0,1427.0,-0.16315676090457032,0.05175057113360848
F188L,1753.0,19548.0,1.8651127604840332,0.026139760254377323
F188M,783.0,24543.0,3.356134795593488,0.03714231088774099
F188N,408.0,1234.0,-0.017325187590895297,0.05764520870803131
F188P,982.0,2600.0,-0.20929530509318361,0.03827031534103938
F188Q,637.0,2373.0,0.28332739826393993,0.045309197252670914
F188R,541.0,1363.0,-0.28093387549194926,0.05141739553620777
F188S,984.0,3271.0,0.11898843164898043,0.03719743765776354
F188T,807.0,5067.0,1.0364733641378598,0.03870633833937757
F188V,813.0,1987.0,-0.3247487255813848,0.0423668439151984
F188W,736.0,1672.0,-0.43021665333469805,0.04492708872343575
F188Y,634.0,1688.0,-0.20125690613878788,0.04723726603297739
F188_,1126.0,28.0,-6.9431367024805155,0.1914453193680644
F204A,1143.0,459.0,-2.9302433920171804,0.05581369294095296
F204C,1058.0,846.0,-1.9366094981465274,0.04678539662709621
F204D,511.0,16.0,-6.610309166889499,0.25392824641518635
F204E,642.0,20.0,-6.617805552891637,0.22714379628909598
F204G,1184.0,611.0,-2.56841622503618,0.05042722923329565
F204H,365.0,79.0,-3.821831679062158,0.1243300457410343
F204I,851.0,789.0,-1.723135355708716,0.050041672082417124
F204K,225.0,40.0,-4.105559442190905,0.17175471477194676
F204L,1149.0,2067.0,-0.7668488418088062,0.0376269664285009
F204M,509.0,740.0,-1.0741520894377157,0.058117248705080914
F204N,446.0,12.0,-6.828770857239194,0.2925196274919282
F204P,729.0,23.0,-6.599608571987261,0.21187914562590823
F204Q,1031.0,46.0,-6.099969915324094,0.15088410063056068
F204R,477.0,17.0,-6.423567321168865,0.24687450931382318
F204S,676.0,47.0,-5.460007858537931,0.1510398006900101
F204T,542.0,223.0,-2.8952139219733217,0.07994230309198784
F204V,626.0,625.0,-1.6163092866997548,0.05708832222024229
F204W,1270.0,2795.0,-0.47598926818733833,0.03473988212157912
F204Y,433.0,987.0,-0.42533849777076593,0.058174393075875
F204_,882.0,33.0,-6.353822825293605,0.17745226936783795
F216A,573.0,1868.0,0.09086710024472566,0.048396103596010494
F216C,955.0,4107.0,0.4904978589573936,0.03677334841148341
F216D,1350.0,241.0,-4.099808036865742,0.0703677784422525
F216E,439.0,368.0,-1.8685116893698819,0.07111155649289738
F216G,486.0,1384.0,-0.10420639287733913,0.05330846579812726
F216H,344.0,365.0,-1.5285173699743835,0.07555280783594695
F216I,1009.0,3574.0,0.2106003421840672,0.03650413372894173
F216K,843.0,495.0,-2.382094930823806,0.05716703875236711
F216L,607.0,2427.0,0.38538500761598016,0.04605575421434404
F216M,668.0,2064.0,0.013505499474335991,0.04520133755423494
F216N,632.0,1202.0,-0.6865732485238354,0.049758183662513014
F216P,958.0,875.0,-1.744744066725965,0.04741685442845742
F216Q,628.0,1904.0,-0.01382123728180229,0.04668214026605578
F216R,715.0,17.0,-7.007511229379001,0.24545715120520956
F216S,486.0,1210.0,-0.29804178936132075,0.05427424660659804
F216T,1131.0,2246.0,-0.6242501902641084,0.037297225567868894
F216V,991.0,3551.0,0.22725504652531026,0.03677451748152687
F216W,778.0,701.0,-1.7643565303028348,0.05266428826555417
F216Y,722.0,767.0,-1.526776287900919,0.0524449225054918
F216_,1218.0,34.0,-6.776426017901454,0.17402819200935188
F221A,1074.0,3339.0,0.02241013176892359,0.0359480675085953
F221C,823.0,2057.0,-0.2924359141181654,0.04198664233681979
F221D,801.0,190.0,-3.6897477620095493,0.08107396824998833
F221E,757.0,276.0,-3.0695946767178137,0.0707511640205519
F221G,1047.0,1313.0,-1.287400173749817,0.04217099832552389
F221H,463.0,783.0,-0.8560154764364345,0.05914885481355659
F221I,1228.0,2156.0,-0.8019612955708606,0.03660367357603651
F221K,1527.0,26.0,-7.489502156692295,0.19789721920790596
F221L,360.0,622.0,-0.8251020624271401,0.06668639573426403
F221M,1873.0,1983.0,-1.5316695054762324,0.03316424931702589
F221N,534.0,509.0,-1.6831756148744077,0.06244121727767341
F221P,1359.0,1088.0,-1.9348671115217577,0.04143214355684931
F221Q,1086.0,1523.0,-1.1261148292431322,0.04048555178198652
F221R,1868.0,21.0,-8.088285062187516,0.219529941640851
F221S,822.0,1776.0,-0.5025910011893533,0.0429100648698288
F221T,860.0,1347.0,-0.9666676353522146,0.044349134432815206
F221V,766.0,1206.0,-0.9591961176349901,0.04686501967245121
F221W,630.0,606.0,-1.670035984191423,0.05743777277077943
F221Y,1004.0,484.0,-2.666667734826275,0.05589063063538458
F221_,928.0,25.0,-6.827566245110324,0.20278871900198656
F250A,1258.0,2197.0,-0.8096048101201774,0.03621814278258933
F250C,603.0,1193.0,-0.6296505525368596,0.05057911420937275
F250D,997.0,19.0,-7.3267803940032845,0.23166479062838677
F250E,1536.0,92.0,-5.675255987212962,0.10761554191372351
F250G,709.0,2127.0,-0.029053920879982265,0.04407090241006108
F250H,1384.0,195.0,-4.44123721167246,0.07689059663370215
F250I,1115.0,1934.0,-0.8194642508076191,0.03841349910011742
F250K,1115.0,34.0,-6.648956688975496,0.17424595615198837
F250L,728.0,1322.0,-0.7532999390526589,0.04681575586854461
F250M,555.0,1453.0,-0.22554389502179273,0.050514150577064994
F250N,630.0,47.0,-5.358337998897799,0.15139692773220786
F250P,977.0,42.0,-6.153571493952803,0.15776270396959394
F250Q,688.0,112.0,-4.23280485177973,0.10219063124330655
F250R,1030.0,48.0,-6.037182454056679,0.14785649083505345
F250S,1221.0,1374.0,-1.4436853680694108,0.040105790283733796
F250T,454.0,709.0,-0.9709209551506781,0.0606192672417055
F250V,2003.0,1908.0,-1.684103747375456,0.032939921987184324
F250W,877.0,1020.0,-1.3960847580249256,0.0467151363137231
F250Y,1054.0,975.0,-1.726402490137704,0.04512285086514779
F250_,3057.0,42.0,-7.799247531673906,0.1555398881515739
F254A,950.0,2620.0,-0.15044514270803688,0.03867792643334012
F254C,807.0,3053.0,0.30557100307970675,0.04035308145021278
F254D,866.0,46.0,-5.848367178788096,0.15149524812038148
F254E,1431.0,50.0,-6.452676194674936,0.14407113346532266
F254G,730.0,1128.0,-0.9862111305760202,0.048146077453260105
F254H,1043.0,1826.0,-0.8060611799990047,0.03959910689948003
F254I,857.0,1917.0,-0.45252893700787844,0.04183511417187404
F254K,785.0,195.0,-3.6231657819189858,0.08039586333526813
F254L,1216.0,3044.0,-0.29018485088623613,0.034821821500479376
F254M,1102.0,3141.0,-0.10291163555621718,0.035881545063264686
F254N,1023.0,1643.0,-0.930481842675424,0.04059347405005404
F254P,1087.0,888.0,-1.9057202405953326,0.045910257512015745
F254Q,4240.0,122.0,-6.73299922181062,0.09216062915595043
F254R,1237.0,24.0,-7.301080805517536,0.2062023211567676
F254S,523.0,2518.0,0.6533707200707664,0.048691189173172854
F254T,984.0,2586.0,-0.22001988432309805,0.038270478229491645
F254V,739.0,1977.0,-0.19434847935841937,0.043825330117843876
F254W,938.0,2245.0,-0.35495619329479666,0.0396636179861396
F254Y,1259.0,1367.0,-1.4952688016200746,0.039843217399828046
F254_,1352.0,30.0,-7.107521549430457,0.1847256045769614
F258A,979.0,3858.0,0.36445852540018553,0.03663774795358642
F258C,1441.0,3121.0,-0.49907022364015985,0.032803206710292805
F258D,1107.0,26.0,-7.02546090121994,0.19852397592734264
F258E,876.0,431.0,-2.6372288529150456,0.05935785395002523
F258G,678.0,2761.0,0.4118147999840085,0.04357492814965552
F258H,764.0,1406.0,-0.7340594275201449,0.04562674049604211
F258I,679.0,1454.0,-0.5154703914931851,0.047139888644454044
F258K,1133.0,1897.0,-0.8704361668302187,0.038359270780731605
F258L,1209.0,3255.0,-0.18516705806220912,0.034583598687135425
F258M,1102.0,2947.0,-0.19488821572248938,0.03617241107129979
F258N,647.0,640.0,-1.6296964194121095,0.05630035802788111
F258P,1711.0,431.0,-3.6030578006333545,0.054463432369931515
F258Q,8892.0,2242.0,-3.6017197140315984,0.02490326112917111
F258R,962.0,997.0,-1.5624467720249138,0.04587126293034255
F258S,1488.0,4950.0,0.12004436159019427,0.030589897845345385
F258T,911.0,2627.0,-0.08611995937409578,0.03924318102564784
F258V,2128.0,3171.0,-1.0385653595073094,0.02910263050688588
F258W,935.0,1735.0,-0.7221125780891109,0.04132258939140135
F258Y,996.0,1295.0,-1.2352717500421768,0.04287055347329282
F258_,997.0,23.0,-7.051277942427747,0.2110072226775642
F259A,1808.0,863.0,-2.6809563318010907,0.04211309740027526
F259C,1126.0,415.0,-3.054004491228919,0.05795994853314114
F259D,1783.0,64.0,-6.413876531692489,0.12745623518424065
F259E,1508.0,52.0,-6.471716003548702,0.14125112691583083
F259G,1352.0,1071.0,-1.9501367280247206,0.041653585196104306
F259H,995.0,143.0,-4.412597849979681,0.0897731395943842
F259I,982.0,315.0,-3.25434294432253,0.06522657071869387
F259K,1447.0,42.0,-6.720201152224544,0.15670552004998523
F259L,871.0,302.0,-3.142095818463549,0.06723782152769572
F259M,616.0,648.0,-1.5409405505436373,0.056817425972632826
F259N,803.0,140.0,-4.133890936999194,0.09192031897963795
F259P,1170.0,1026.0,-1.8034789244412046,0.04348593429422055
F259Q,1014.0,254.0,-3.6111175362134587,0.07060254959944132
F259R,1057.0,48.0,-6.074513135583946,0.14777260356642707
F259S,1672.0,622.0,-3.0405766524057403,0.047617825485345454
F259T,927.0,158.0,-4.16657189268449,0.08642415142307644
F259V,3131.0,460.0,-4.380893843559351,0.05054636589075661
F259W,1429.0,7636.0,0.8038001236491565,0.029873519602718213
F259Y,1771.0,7950.0,0.5523814606327182,0.02742479019940824
F259_,1377.0,28.0,-7.233456099075299,0.19102206643883549
F262A,751.0,2167.0,-0.08520106824991647,0.043066101419750355
F262C,1158.0,2318.0,-0.6127637777602661,0.03683257371880629
F262D,696.0,103.0,-4.37032649240287,0.10585952903577549
F262E,905.0,198.0,-3.806363297828562,0.07884728096443586
F262G,3567.0,28802.0,1.399379474582497,0.019410054253161176
F262H,1147.0,1329.0,-1.4015288654089,0.04106038636534169
F262I,1163.0,1952.0,-0.8669059141546427,0.03786573456341298
F262K,1001.0,623.0,-2.2981320174299436,0.05163124299661884
F262L,787.0,1507.0,-0.676767738299497,0.0446752845606406
F262M,1005.0,2429.0,-0.340844283274909,0.038319562841276376
F262N,934.0,747.0,-1.9363132963840854,0.04970921519656351
F262P,977.0,479.0,-2.6423204103484226,0.056328089156686544
F262Q,1822.0,2125.0,-1.3920641031152434,0.03288029791219535
F262R,820.0,481.0,-2.3835774723119645,0.05796671236608033
F262S,861.0,2815.0,0.09503529245578335,0.03972843796810918
F262T,1014.0,1671.0,-0.8933543691269996,0.04057471619474514
F262V,1078.0,2003.0,-0.7202037934853784,0.03858195656484369
F262W,671.0,1935.0,-0.08606800610038068,0.045483706011251485
F262Y,1029.0,1903.0,-0.726976715960161,0.039483854033677705
F262_,1713.0,41.0,-6.998416875734515,0.15820792593548125
F266A,1056.0,3432.0,0.0864274037816859,0.03605577254539154
F266C,1417.0,2794.0,-0.6345156114589212,0.03354554231772128
F266D,1868.0,6088.0,0.09046569415137418,0.027591119730110646
F266E,1384.0,2121.0,-0.9981058004148351,0.03543578967642223
F266G,777.0,1493.0,-0.6717840988185593,0.044927231871044714
F266H,1091.0,2458.0,-0.4421763963090024,0.03721691301933594
F266I,890.0,1323.0,-1.0420723410474375,0.04405812783768871
F266K,839.0,1852.0,-0.47167087876979874,0.042349951087598904
F266L,908.0,2291.0,-0.27879919158592337,0.039993521088897886
F266M,933.0,1623.0,-0.8152954163439379,0.041828490103245394
F266N,735.0,1576.0,-0.5135619507004643,0.0453511081391909
F266P,939.0,735.0,-1.9673794998322363,0.04987144126678931
F266Q,1291.0,2921.0,-0.43603573460787093,0.034331009878572294
F266R,698.0,824.0,-1.3745887157230392,0.05203753739859016
F266S,864.0,2490.0,-0.08697123521630257,0.04025769971570362
F266T,546.0,1401.0,-0.25453488185076445,0.0510580319803135
F266V,1822.0,4094.0,-0.4460191072203652,0.02923674513213132
F266W,1401.0,2146.0,-0.99881331073547,0.035234009064914855
F266Y,628.0,356.0,-2.4328726222108514,0.0668051252248692
F271A,1591.0,3400.0,-0.5184067701036748,0.031374064219449466
F271C,1421.0,1977.0,-1.1375993949655068,0.035654210314665154
F271D,1279.0,102.0,-5.262247909166071,0.10318187230201936
F271E,836.0,127.0,-4.3325809649506235,0.09555750780668905
F271G,1232.0,4026.0,0.09433393333771001,0.03349253890976416
F271H,976.0,488.0,-2.6139880747056807,0.05599465657940408
F271I,849.0,266.0,-3.2883039213800043,0.07070207324362777
F271K,852.0,14.0,-7.54034435870075,0.26946793156866017
F271L,1354.0,2775.0,-0.5787482797685164,0.03406742735164709
F271M,847.0,886.0,-1.5490588767180773,0.04869253125578495
F271N,1159.0,499.0,-2.8297552381279685,0.054115217300814325
F271P,957.0,127.0,-4.527594765445793,0.09476286465820549
F271Q,1161.0,75.0,-5.566156502304068,0.11939245528272956
F271R,1163.0,19.0,-7.548964015680513,0.23135560093623758
F271S,1228.0,2281.0,-0.7206523937092371,0.03625481298905761
F271T,1138.0,1128.0,-1.6267362337099343,0.042742571587271204
F271V,1861.0,3343.0,-0.7689409933044669,0.02996928108259009
F271W,1121.0,269.0,-3.6730702953072383,0.06834522801560272
F271Y,1759.0,11815.0,1.1337824045017393,0.02673617890491564
F271_,1337.0,30.0,-7.091425982958252,0.18474806372135102
F300A,1900.0,4158.0,-0.48411663998087295,0.0287836106739137
F300C,1297.0,3090.0,-0.36158095202200613,0.034004575996176394
F300D,633.0,511.0,-1.922879623388119,0.05998621760892043
F300E,532.0,345.0,-2.2388180414570904,0.06956877308912332
F300G,1129.0,2752.0,-0.3285754083838377,0.03620477982038552
F300H,973.0,1641.0,-0.859945363134873,0.04121653838809107
F300I,712.0,445.0,-2.2920626039821226,0.060936842155427225
F300K,877.0,686.0,-1.9683665423239942,0.05157156303354407
F300L,825.0,842.0,-1.5845770953197746,0.049612744662850955
F300M,1204.0,3668.0,-0.006852658634603159,0.03413017491342125
F300N,670.0,1402.0,-0.5487607498981149,0.047617856664530334
F300P,1269.0,2913.0,-0.41519564000056786,0.03453964308063377
F300Q,834.0,630.0,-2.018692809905817,0.05336652832003759
F300R,1674.0,27.0,-7.567673552230297,0.19411948962710782
F300S,557.0,1426.0,-0.257793890980782,0.05057905516327794
F300T,804.0,1599.0,-0.6221092452903223,0.04394128064713566
F300V,781.0,1136.0,-1.0734402473923295,0.04714181625699094
F300W,1254.0,5740.0,0.580501541275555,0.03214562323196285
F300Y,1175.0,2708.0,-0.4094428247509194,0.035805237098000854
F300_,1322.0,16.0,-7.981618827887955,0.25155331321802343
F303A,1073.0,3590.0,0.12832148503635032,0.035667801750661345
F303C,1042.0,19649.0,2.623012740959343,0.032745387453879914
F303D,1196.0,483.0,-2.9221073450161192,0.0544807074356482
F303E,339.0,56.0,-4.211574352901861,0.14444861960753638
F303G,971.0,4360.0,0.5527705292339942,0.0363441377021442
F303H,516.0,1096.0,-0.5272128243721488,0.0539632368862332
F303I,919.0,99.0,-4.828437266433097,0.10606507862355238
F303K,371.0,34.0,-5.061430018012392,0.1793324996514652
F303L,871.0,2216.0,-0.2667996519655169,0.04075582790050334
F303M,895.0,4786.0,0.804844848192817,0.03725495707862083
F303N,848.0,4324.0,0.7362138206472135,0.03836902069533504
F303P,1309.0,1189.0,-1.7527181260668794,0.040824692111810154
F303Q,1104.0,1173.0,-1.5265407836322975,0.04266122490060706
F303R,879.0,42.0,-6.001077743441107,0.1581239490776691
F303S,644.0,2288.0,0.21493550602234013,0.04529365858993613
F303T,877.0,1361.0,-0.9799903871609628,0.044007611550795106
F303V,1324.0,4338.0,0.09811650393886717,0.03236487776057761
F303W,1795.0,8933.0,0.7011516394426773,0.027031978702914482
F303Y,1751.0,4733.0,-0.17943220896646084,0.029052789297142462
F303_,1233.0,45.0,-6.389797981624263,0.15195391419821463
F306A,1017.0,9918.0,1.6717139588659915,0.033849442249452834
F306C,1651.0,3057.0,-0.7252304431914403,0.031535542360182904
F306D,1446.0,286.0,-3.9519428904716656,0.06518913220010156
F306E,1036.0,2303.0,-0.4615201092417429,0.038224855322539344
F306G,1580.0,4328.0,-0.1602327129849752,0.030424398419133844
F306H,1476.0,12981.0,1.5226253809584525,0.028569587939590822
F306I,881.0,1023.0,-1.398412908403377,0.04662887527259485
F306K,979.0,30.0,-6.641811228309987,0.1854867906692143
F306L,942.0,1490.0,-0.9524951231213779,0.042360121025591085
F306M,824.0,751.0,-1.7478325839954385,0.05105684341586718
F306N,882.0,1442.0,-0.9047886047153053,0.0434618686010224
F306P,1045.0,4091.0,0.35493745960689527,0.03553942344381832
F306Q,1002.0,4871.0,0.6673211821745957,0.0355664705322055
F306R,796.0,16.0,-7.2497441981878215,0.25254486945004695
F306S,951.0,3337.0,0.19702073723964997,0.03758811887298521
F306T,1161.0,724.0,-2.2953017256432426,0.04800207264475783
F306V,813.0,1939.0,-0.36002761498709734,0.042513619356386395
F306W,726.0,975.0,-1.188575260448097,0.049645801073836926
F306Y,848.0,2335.0,-0.1527273104168172,0.040855582598126154
F306_,1605.0,34.0,-7.174482325992686,0.17345849466046212
F317A,1576.0,63.0,-6.258554925233538,0.1287116702124074
F317C,1628.0,845.0,-2.5600720978095564,0.043120161767745226
F317D,291.0,7.0,-6.989513331159727,0.3822974547997364
F317E,1206.0,29.0,-6.991550620262654,0.1880471648174467
F317G,1519.0,58.0,-6.324688794112838,0.13400900807946686
F317H,2101.0,318.0,-4.337941847213599,0.060681136491789536
F317I,1285.0,1186.0,-1.7296662685551887,0.04102500254352051
F317K,1614.0,44.0,-6.8106771914512425,0.152981590465464
F317L,1391.0,894.0,-2.251772773712866,0.043579139223962754
F317M,1723.0,2687.0,-0.9729322403784781,0.03184688562509754
F317N,788.0,23.0,-6.711883905393536,0.2116366425831679
F317P,1054.0,21.0,-7.262671438672689,0.2204695530878613
F317Q,985.0,21.0,-7.164993160211222,0.220620226535225
F317R,1470.0,37.0,-6.92576987960682,0.16661835265632965
F317S,1254.0,44.0,-6.446576527071478,0.15356182461890594
F317T,1078.0,1334.0,-1.3066039360018502,0.041700579248135874
F317V,1502.0,479.0,-3.2627695945161745,0.053057489383466695
F317W,1053.0,860.0,-1.9060966529425984,0.04662745260753569
F317Y,1533.0,2276.0,-1.0438630677215643,0.03396116029005977
F317_,726.0,13.0,-7.4162994089383325,0.2798267783200541
F327A,101.0,57.0,-2.439214076605732,0.1658387041098236
F327C,1921.0,874.0,-2.750146193746704,0.041549906474230014
F327D,1179.0,20.0,-7.494713833586004,0.22557673923168925
F327E,1660.0,67.0,-6.244674571323893,0.12484885009747232
F327G,1537.0,43.0,-6.773313466115182,0.15479891568811505
F327H,1699.0,797.0,-2.7060274693397948,0.04364574455593117
F327I,1037.0,787.0,-2.011978790168037,0.04792312909658684
F327K,779.0,202.0,-3.5612179924358403,0.07934490606507708
F327L,1738.0,3143.0,-0.7592923768964592,0.030906643108147013
F327M,1743.0,3562.0,-0.5828921360372363,0.03026787247473101
F327N,969.0,162.0,-4.194431544636406,0.08524155762447863
F327P,1288.0,43.0,-6.518330709139655,0.15520464532896067
F327Q,1712.0,433.0,-3.5972217365893835,0.054361822877338886
F327R,923.0,195.0,-3.856801028036199,0.07920251005764564
F327S,1707.0,566.0,-3.206574918915127,0.049135083688361586
F327T,989.0,1033.0,-1.5512056494197388,0.04517566296120642
F327V,1572.0,1101.0,-2.127785678866722,0.04007578813808553
F327W,1164.0,2667.0,-0.4178830743613178,0.035996311415511136
F327Y,1352.0,2096.0,-0.9814630786459628,0.035754999958710815
F327_,1556.0,38.0,-6.969331352878178,0.16435698659132444
F335A,1282.0,804.0,-2.287125021200792,0.0456669935898864
F335C,1311.0,678.0,-2.565303089241266,0.047951629274779854
F335D,2390.0,44.0,-7.377044328806576,0.1523226853255357
F335E,728.0,36.0,-5.951491619076598,0.170895742891573
F335G,1777.0,343.0,-3.9871321142677685,0.05949616370402903
F335H,1037.0,15.0,-7.7243648752892184,0.2600927646999884
F335I,977.0,4035.0,0.4321241589485103,0.036510894257518876
F335K,1551.0,60.0,-6.30586410415814,0.13179648736729233
F335L,1254.0,350.0,-3.4550836625895043,0.06096053309667289
F335M,879.0,466.0,-2.5295215207097455,0.0578377363417157
F335N,1143.0,30.0,-6.865253752529549,0.1850913084696764
F335P,1791.0,50.0,-6.776415833469308,0.14358282813860573
F335Q,1488.0,55.0,-6.371549364926029,0.13752176211031494
F335R,1297.0,35.0,-6.825281587068399,0.17145248694129125
F335S,306.0,102.0,-3.198871069280182,0.11459716889679859
F335T,1379.0,636.0,-2.7305144205686953,0.04857101797726953
F335V,932.0,781.0,-1.8690072698903384,0.049142921767131136
F335W,951.0,347.0,-3.0684861290604983,0.06320568446236098
F335Y,1224.0,911.0,-2.0400794054545184,0.04445619352660318
F335_,1084.0,27.0,-6.940743471743075,0.1949551460501105
F341A,2389.0,3258.0,-1.1664247168610524,0.02805713493582142
F341C,2126.0,17453.0,1.4232527254192144,0.024276427715835918
F341D,1514.0,44.0,-6.718402408553763,0.15311528268761923
F341E,1555.0,275.0,-4.113370729863689,0.06588624782783987
F341G,1546.0,2274.0,-1.0573139086929761,0.03388601057275444
F341H,1073.0,1602.0,-1.0357832243499807,0.04022259507370753
F341I,2062.0,1110.0,-2.507481511690779,0.038046551054478114
F341K,1027.0,43.0,-6.191637143933365,0.15583898997843246
F341L,1475.0,2256.0,-1.0009541289672823,0.03439339346168975
F341M,1027.0,1622.0,-0.9546703713694091,0.040643608670259776
F341N,1095.0,472.0,-2.8280575713045844,0.0556193888247968
F341P,1126.0,34.0,-6.663119679847181,0.1742208135450568
F341Q,1736.0,566.0,-3.230878667147449,0.04903539892458771
F341R,1922.0,46.0,-6.99852743183339,0.14938667203629163
F341S,1758.0,3470.0,-0.6330063126842584,0.030309934802087306
F341T,1007.0,1177.0,-1.388954288411008,0.04363866191300053
F341V,1774.0,816.0,-2.734358260959728,0.04302154600125237
F341W,984.0,1224.0,-1.2991323936210062,0.04353068097454164
F341Y,1479.0,6184.0,0.44990798908451124,0.02999198031949114
F341_,790.0,17.0,-7.151418725212757,0.24518653715426664
F351A,997.0,252.0,-3.5981298487098634,0.07094208224278695
F351C,864.0,1218.0,-1.1185967934715189,0.04516734323948901
F351D,1348.0,39.0,-6.724846246567781,0.16259757232427804
F351E,1646.0,452.0,-3.478549361345437,0.05368010544198054
F351G,1074.0,34.0,-6.594907466094471,0.17434417202588806
F351H,928.0,308.0,-3.2051660168339726,0.06622617302196214
F351I,1217.0,3679.0,-0.018026280974450692,0.03398796479588293
F351K,1575.0,79.0,-5.931184773158764,0.11555615911410853
F351L,1709.0,13819.0,1.4014186640743924,0.02681756382238923
F351M,1218.0,2332.0,-0.6769548591334411,0.036214769243984014
F351N,872.0,77.0,-5.115229834018102,0.11913767658727621
F351P,908.0,19.0,-7.191880605231491,0.2318768761798544
F351Q,1443.0,41.0,-6.750964599980685,0.1585527545188171
F351R,1306.0,23.0,-7.440764005914298,0.21044414930425326
F351S,1227.0,620.0,-2.5987864733493398,0.049895391134583855
F351T,1710.0,1681.0,-1.6386793111791138,0.03523288126875031
F351V,704.0,1652.0,-0.383448263095187,0.045688523100265714
F351W,1564.0,222.0,-4.430556026711099,0.0721482312402559
F351Y,842.0,258.0,-3.3204132405479907,0.07159005992297215
F351_,1349.0,50.0,-6.367543483717594,0.1442184756230209
F47A,844.0,8224.0,1.670507165103568,0.03698782002064491
F47C,677.0,2116.0,0.03009454040103421,0.04484812344975533
F47D,614.0,1042.0,-0.8509677903768127,0.051478201408424205
F47E,411.0,2957.0,1.2328908655128838,0.05322493619725496
F47G,469.0,2334.0,0.7011172974410718,0.05120821654017408
F47H,654.0,5212.0,1.3804523955146428,0.042220572343587344
F47I,691.0,3576.0,0.7575694207673243,0.04229044688875903
F47K,2273.0,1464.0,-2.2486814793656955,0.03441924282059343
F47L,837.0,2636.0,0.04103622290684683,0.04044469866087113
F47M,511.0,4242.0,1.4393217368739246,0.047479782354772224
F47N,601.0,4960.0,1.4308792723200257,0.04389945198442805
F47P,1143.0,107.0,-5.031023354939869,0.10139767049465381
F47Q,540.0,4325.0,1.3876425835503894,0.04631106195169198
F47R,1224.0,1367.0,-1.4545944042601295,0.04012722137568444
F47S,699.0,6580.0,1.6207019203347666,0.04054939843037372
F47T,1101.0,5994.0,0.8306910622181545,0.033716075510321554
F47V,1369.0,6054.0,0.530755217147544,0.030940558973108802
F47W,1387.0,4957.0,0.22348912386058162,0.03137504439365504
F47Y,1427.0,11462.0,1.3917898539751867,0.029149515123085615
F47_,658.0,172.0,-3.549619925332631,0.08599437651407359
F57A,595.0,1511.0,-0.2694754680751368,0.049031995405077286
F57C,522.0,1331.0,-0.2636307952786332,0.05223662347137334
F57D,946.0,23.0,-6.975525401475537,0.21113531285292944
F57E,397.0,66.0,-4.202421699842762,0.13315303833636716
F57G,687.0,2246.0,0.09495849100056475,0.04430011786459203
F57H,1009.0,283.0,-3.4480183929369366,0.0677214741794393
F57I,710.0,1711.0,-0.34506591374045126,0.04532730467609659
F57K,1030.0,259.0,-3.6055814958180736,0.06995286066856536
F57L,629.0,1191.0,-0.6929721880933641,0.04991098996153824
F57M,605.0,1253.0,-0.5636358211510784,0.050126111273955845
F57N,762.0,282.0,-3.0480664656745216,0.07014253948166002
F57P,272.0,295.0,-1.4968986883872395,0.08442591186140515
F57Q,881.0,459.0,-2.5546356663346668,0.058097730001465786
F57R,508.0,19.0,-6.35402931531749,0.23373925951298033
F57S,321.0,632.0,-0.6366737109333078,0.06898626500300341
F57T,746.0,1428.0,-0.6772636484910519,0.045852190515974396
F57V,1668.0,4646.0,-0.13613853481295113,0.02960470914079296
F57W,184.0,254.0,-1.1489017327841644,0.09712375454985031
F57Y,588.0,639.0,-1.4940050382901529,0.05768236860736417
F57_,1109.0,28.0,-6.921189436965683,0.19148087072166414
F6A,382.0,560.0,-1.0621606714909122,0.0668213923870492
F6C,728.0,916.0,-1.2825977755353195,0.0502690979236622
F6D,992.0,29.0,-6.709735319377074,0.18852217383978878
F6E,606.0,490.0,-1.9205332648573021,0.06125843636999944
F6G,587.0,931.0,-0.9485912728560866,0.05328540487243219
F6H,543.0,706.0,-1.2352930048187414,0.05761667124594508
F6I,730.0,1565.0,-0.5138191124785818,0.0455027621526196
F6K,699.0,530.0,-2.013296370976911,0.05812946854896079
F6L,1415.0,1031.0,-2.0707567791352575,0.04169310549234348
F6M,407.0,1180.0,-0.07833991664682127,0.05801789462859242
F6N,793.0,834.0,-1.5412772328122895,0.050216810915731006
F6P,455.0,136.0,-3.3561883806427124,0.09803998172289469
F6Q,1123.0,8475.0,1.3018414398770384,0.03271301795607698
F6R,314.0,191.0,-2.331165190221685,0.09209573014128485
F6S,395.0,448.0,-1.4323610980047148,0.06946479737616633
F6T,1133.0,144.0,-4.589922550242189,0.0888158236458329
F6V,444.0,216.0,-2.653496923251245,0.08332646874651498
F6W,517.0,1197.0,-0.40283174187826365,0.05320993361735598
F6Y,952.0,1948.0,-0.581050405682646,0.04031670973220999
F6_,959.0,32.0,-6.518954133102741,0.17984622037195297
F78A,423.0,295.0,-2.133930766835576,0.07625883209091365
F78C,605.0,427.0,-2.1166919883599222,0.06368998613520334
F78D,525.0,36.0,-5.4798782539717505,0.1724426660004566
F78E,967.0,286.0,-3.3714680750974937,0.06776562754574482
F78G,559.0,2738.0,0.6781788631043586,0.04707216892430691
F78H,311.0,25.0,-5.2503868620766285,0.20799283799238732
F78I,318.0,986.0,0.018527289569647998,0.0649648155670818
F78K,427.0,4.0,-8.348526665503769,0.5017769501436837
F78L,539.0,3688.0,1.1604557674509781,0.04677697778413487
F78M,508.0,1055.0,-0.559674983827068,0.0545711193192577
F78N,1762.0,192.0,-4.811971613782579,0.07640208970282951
F78P,777.0,19.0,-6.967105585108137,0.23227690581173702
F78Q,601.0,199.0,-3.208550925650229,0.08216095489791837
F78R,1140.0,25.0,-7.124400468000001,0.202294031664836
F78S,1872.0,4976.0,-0.20360161302264634,0.02822822999971992
F78T,794.0,1340.0,-0.8589881714953966,0.045468413558242306
F78V,459.0,668.0,-1.0726587409823738,0.061133206307180506
F78W,619.0,8.0,-7.886019519448583,0.35569806215049776
F78Y,571.0,347.0,-2.3325416292392385,0.0685180830811289
F78_,660.0,12.0,-7.394182683355071,0.29127437036522213
F83A,540.0,961.0,-0.7824375364372491,0.05435138470336989
F83C,526.0,1355.0,-0.2488614894861323,0.0519691258078113
F83D,724.0,7212.0,1.702317011977386,0.039768549817006164
F83E,423.0,521.0,-1.3133835622760754,0.06591693883853439
F83G,599.0,1010.0,-0.8602852721590883,0.05216506475245451
F83H,274.0,942.0,0.16751097347207278,0.06908505816003355
F83I,536.0,871.0,-0.913573490182233,0.055456404873211886
F83K,707.0,304.0,-2.8316146969887566,0.06903228371251742
F83L,669.0,910.0,-1.1701482328279669,0.05152978316512307
F83M,544.0,992.0,-0.7472813637156541,0.053925313349705406
F83N,390.0,376.0,-1.6667429409295131,0.07269954689058097
F83P,268.0,326.0,-1.3313734695465236,0.0828267963422207
F83Q,461.0,466.0,-1.5984399877400284,0.06615671246109173
F83R,594.0,86.0,-4.401913764394663,0.11563611873399288
F83S,622.0,1460.0,-0.38303428538175677,0.04852114561888853
F83T,365.0,914.0,-0.2897288959261015,0.06241325551412023
F83V,276.0,614.0,-0.4604612417399423,0.0728929260463659
F83W,695.0,1989.0,-0.09705796766930685,0.04475795416632713
F83Y,540.0,1063.0,-0.6369057161815324,0.053424957121964746
F83_,685.0,14.0,-7.225599044469528,0.2699983401849744
F85A,1380.0,8442.0,0.9989049607764913,0.030079414790575767
F85C,542.0,138.0,-3.587549519178533,0.09566880223813423
F85D,387.0,9.0,-7.03870278475558,0.337095516827613
F85E,346.0,222.0,-2.254191928463044,0.08634856716677643
F85G,488.0,72.0,-4.374644395032994,0.12648233886071936
F85H,331.0,448.0,-1.1773467235792143,0.07290290365423432
F85I,1182.0,754.0,-2.262589534829427,0.04726460039623456
F85K,669.0,19.0,-6.751200194744748,0.2327237036013005
F85L,447.0,570.0,-1.2633227327997405,0.06366415920534697
F85M,488.0,1281.0,-0.221703734318889,0.05377225985778728
F85N,648.0,15.0,-7.046023050869224,0.26120321869375906
F85P,414.0,14.0,-6.4991396103186645,0.2717621599738593
F85Q,263.0,427.0,-0.914850653770217,0.07877617592196044
F85R,566.0,7.0,-7.949272143872483,0.38010760207246574
F85S,981.0,27.0,-6.796705153971499,0.19520339612138365
F85T,637.0,50.0,-5.285030366609469,0.14706297436915688
F85V,184.0,56.0,-3.3300306942829927,0.1528074784459415
F85W,668.0,1965.0,-0.05740780664675782,0.04547054434019091
F85Y,347.0,601.0,-0.8215910989744994,0.06787717377963336
F85_,470.0,16.0,-6.489649095326082,0.2542641535230952
F91A,599.0,996.0,-0.8804227169515135,0.05229828637217363
F91C,484.0,714.0,-1.0530954312049357,0.059399471257070985
F91D,846.0,1633.0,-0.6652158521776146,0.043082117037704204
F91E,876.0,1627.0,-0.720798981963517,0.04263622185867415
F91G,574.0,1493.0,-0.2349268035432841,0.049735313089929546
F91H,843.0,1287.0,-1.003601242921916,0.044998931660604875
F91I,389.0,395.0,-1.5919209214483754,0.07186023271111557
F91K,706.0,182.0,-3.569673757111052,0.08350028568537356
F91L,585.0,1002.0,-0.837639140626206,0.05262176434973601
F91M,560.0,1152.0,-0.5733741105339734,0.0521096342423298
F91N,524.0,869.0,-0.8842244213098311,0.05586393141848577
F91P,933.0,1208.0,-1.24133490781285,0.04428646692021677
F91Q,411.0,973.0,-0.370721719521689,0.05935025741339905
F91R,246.0,39.0,-4.270803913227304,0.1725138014128948
F91S,567.0,1284.0,-0.43479250224359145,0.051030687056144206
F91T,660.0,1089.0,-0.8915454427415535,0.0499507490828859
F91V,926.0,1677.0,-0.7572112428547761,0.04168794637495927
F91W,186.0,349.0,-0.7061146658783306,0.09112072226909876
F91Y,624.0,950.0,-1.0076293055778471,0.05212333912475807
F91_,681.0,17.0,-6.937223793107065,0.24559934539499642
G101A,646.0,145.0,-3.7694069606577303,0.09222647856455443
G101C,645.0,115.0,-4.10156507645924,0.1015231166689185
G101D,499.0,252.0,-2.599590600794577,0.07767720336357938
G101E,665.0,649.0,-1.6491381837422514,0.055733550540726304
G101F,530.0,17.0,-6.5755673901562455,0.2464495650095677
G101H,611.0,196.0,-3.2542715887182405,0.08246270980446112
G101I,1043.0,26.0,-6.939545636642399,0.19866353059868058
G101K,557.0,12.0,-7.14939802853431,0.2917549145735981
G101L,302.0,10.0,-6.529085297021871,0.32136106189065056
G101M,643.0,30.0,-6.0353288064567785,0.18692002368273958
G101N,793.0,325.0,-2.9008578068053943,0.06632895380793566
G101P,593.0,14.0,-7.017530428627568,0.2704174240009514
G101Q,699.0,35.0,-5.933476984178046,0.17336535379930476
G101R,1349.0,39.0,-6.725916090400605,0.16259588129968913
G101S,593.0,286.0,-2.6659936995045896,0.07241807102634482
G101T,697.0,17.0,-6.970727164658873,0.24553071271307392
G101V,396.0,17.0,-6.155084671613904,0.24774143778871655
G101W,524.0,50.0,-5.003308689879991,0.1482094628869398
G101Y,1133.0,344.0,-3.3336410424596963,0.062057880615976564
G101_,558.0,23.0,-6.21396094408798,0.21286881320276427
G102A,710.0,16.0,-7.0847969873458725,0.25284595375031893
G102C,625.0,20.0,-6.579089056544416,0.2272370358372222
G102D,757.0,14.0,-7.369786353452415,0.269741093480761
G102E,483.0,9.0,-7.3583849981402905,0.3363329086117176
G102F,584.0,10.0,-7.480482049479444,0.3188637372122322
G102H,300.0,2.0,-8.835674134314885,0.7077480791911734
G102I,696.0,16.0,-7.056065677525303,0.25290196999393977
G102K,830.0,17.0,-7.22267652829887,0.24506210641620887
G102L,858.0,23.0,-6.834664429769702,0.21139190295968743
G102M,946.0,19.0,-7.251027853051074,0.23178146502319705
G102N,850.0,16.0,-7.344437457256518,0.2523868106861078
G102P,604.0,10.0,-7.529061411935558,0.31877481894038057
G102Q,899.0,26.0,-6.7252017152226795,0.19904966588945083
G102R,853.0,18.0,-7.179695424466816,0.23824086814876286
G102S,338.0,8.0,-7.013122732492026,0.35758092927739554
G102T,515.0,13.0,-6.920910434541469,0.2808333032934432
G102V,657.0,14.0,-7.165389324517742,0.2701135277028363
G102W,738.0,19.0,-6.8928127839574085,0.23242325924861798
G102Y,674.0,18.0,-6.839902766052441,0.23889338536197377
G102_,690.0,33.0,-5.999645082879982,0.17833897013534664
G106A,395.0,762.0,-0.6660821023423447,0.062494669987518105
G106C,571.0,26.0,-6.070380563276125,0.20064824351612315
G106D,813.0,10.0,-7.957762074421072,0.31810655547006683
G106E,811.0,20.0,-6.954929487254626,0.2264281927555353
G106F,662.0,17.0,-6.896400819920398,0.24568512865025793
G106H,611.0,17.0,-6.780743801956967,0.24594158994511148
G106I,753.0,19.0,-6.921841443157565,0.23236518642462997
G106K,546.0,15.0,-6.79893434800801,0.2617544721340264
G106L,978.0,28.0,-6.739838184250062,0.19179599359895644
G106M,617.0,13.0,-7.181603860622429,0.2802612239397561
G106N,275.0,8.0,-6.715540882652053,0.3585273490828216
G106P,212.0,15.0,-5.434139288955157,0.26720908299961743
G106Q,531.0,7.0,-7.857183631900551,0.38026075214495847
G106R,708.0,23.0,-6.55743970472832,0.211975136476978
G106S,511.0,99.0,-3.9817082301390556,0.11008443272637816
G106T,642.0,25.0,-6.296021662616408,0.2039688655072392
G106V,434.0,8.0,-7.373785087438739,0.3566647207200259
G106W,709.0,19.0,-6.834978394720234,0.23254245546238403
G106Y,572.0,14.0,-6.965514364033091,0.270531869073522
G106_,1289.0,8.0,-8.944248354232975,0.3545157511340268
G111A,377.0,1154.0,-2.182644265680267e-05,0.059838755974241674
G111C,383.0,275.0,-2.091900836804986,0.0794280357271589
G111D,457.0,10.0,-7.12671471066068,0.3196090101812338
G111E,549.0,11.0,-7.253948909764412,0.3044826191314427
G111F,377.0,10.0,-6.8490917676628325,0.3203345641656107
G111H,697.0,15.0,-7.15118632870157,0.26099546938532364
G111I,483.0,9.0,-7.3583849981402905,0.3363329086117176
G111K,509.0,17.0,-6.51724180981257,0.2466074394352113
G111L,401.0,10.0,-6.938127190567494,0.3200866864787443
G111M,547.0,9.0,-7.537899147383472,0.3359726105636179
G111N,313.0,8.0,-6.902265552245657,0.3579111827530099
G111P,408.0,199.0,-2.6497664419403213,0.08681864433667662
G111Q,226.0,0.0,-16.078101843031398,10.00022431081148
G111R,820.0,24.0,-6.7079370509744285,0.20719675111223798
G111S,532.0,544.0,-1.581823048628129,0.061478036579456045
G111T,464.0,34.0,-5.384127842614939,0.1778199264970338
G111V,574.0,7.0,-7.969520472470791,0.3800752107724926
G111W,818.0,23.0,-6.765788447433263,0.21152666025347328
G111Y,884.0,18.0,-7.231195459437211,0.238154573712496
G111_,505.0,20.0,-6.271521739633914,0.22807203876059398
G114A,334.0,834.0,-0.293829470637089,0.06522754241997564
G114C,790.0,377.0,-2.681270980567307,0.0630867645470235
G114D,892.0,11.0,-7.954176365941213,0.30333029616469626
G114E,564.0,57.0,-4.920436691702987,0.1391958479614702
G114F,1070.0,19.0,-7.428724793672892,0.23151705542989678
G114H,835.0,20.0,-6.997003259101851,0.22634992048528757
G114I,791.0,16.0,-7.240653576681321,0.2525605907134262
G114K,724.0,13.0,-7.412319612919595,0.2798335769011839
G114L,320.0,10.0,-6.612605965531685,0.3210711538099084
G114M,569.0,15.0,-6.858460981349442,0.26161302290193017
G114N,610.0,13.0,-7.165142882241688,0.2802944019370264
G114P,471.0,11.0,-7.03287417215593,0.304977543567251
G114Q,832.0,13.0,-7.612910857368432,0.2795130462069734
G114R,2095.0,233.0,-4.782496209565082,0.06950301831279423
G114S,430.0,795.0,-0.7274000592717726,0.06037430486972755
G114T,552.0,123.0,-3.7799216556598862,0.10001332570717403
G114V,690.0,18.0,-6.873750040196241,0.23882136926128947
G114W,876.0,24.0,-6.803242886362943,0.20700854047214148
G114Y,778.0,29.0,-6.359169354271794,0.18925613912825306
G114_,819.0,15.0,-7.383888041201559,0.2605857281333336
G130A,442.0,902.0,-0.5849384378029869,0.05858934181870169
G130C,613.0,515.0,-1.8653130193867709,0.0602883752500058
G130D,876.0,23.0,-6.86461730636927,0.2113352515207319
G130E,307.0,7.0,-7.066730249882733,0.38206316075678787
G130F,839.0,51.0,-5.653838856316813,0.14442147930631402
G130H,596.0,17.0,-6.744884346853054,0.24602531462705507
G130I,193.0,9.0,-6.035007536521157,0.3409260236553702
G130K,605.0,20.0,-6.532168772222881,0.22735338417884668
G130L,416.0,135.0,-3.237554794691172,0.09935960287561431
G130M,630.0,4701.0,1.2855212597846193,0.04314719225611809
G130N,561.0,44.0,-5.2861260664389045,0.1567363761042444
G130P,395.0,7.0,-7.430333778481323,0.38111234222293894
G130Q,257.0,17.0,-5.531372304396905,0.2504825950571475
G130R,1346.0,20.0,-7.685827007017596,0.22534336596982302
G130S,290.0,231.0,-1.942150199057032,0.08853619291770441
G130T,632.0,118.0,-4.035041125166549,0.10058725145313291
G130V,381.0,407.0,-1.518767478314576,0.07171630693636658
G130W,362.0,12.0,-6.527724350246003,0.29340754063944224
G130Y,1031.0,32.0,-6.623394694881757,0.1796436575136728
G130_,471.0,16.0,-6.492715333204043,0.2542552706137971
G139A,515.0,341.0,-2.2087892553082433,0.07025566706845164
G139C,943.0,30.0,-6.587760701953417,0.18559187382090223
G139D,692.0,12.0,-7.4624876859394025,0.2911540762135173
G139E,867.0,19.0,-7.125221052523246,0.23198914949679889
G139F,338.0,21.0,-5.621920718227691,0.22498124052715657
G139H,890.0,45.0,-5.919506932398497,0.15297892498897583
G139I,443.0,13.0,-6.703649253913855,0.28139459795381194
G139K,497.0,11.0,-7.110391361739837,0.3047954016339882
G139L,693.0,20.0,-6.728085954156246,0.2268913323078863
G139M,1191.0,45.0,-6.339799007700914,0.15204799282630574
G139N,216.0,7.0,-6.559542704008589,0.38385472671383325
G139P,919.0,14.0,-7.649554555268978,0.26930911317843453
G139Q,829.0,15.0,-7.4013964785700495,0.2605574667149016
G139R,891.0,20.0,-7.090651407353568,0.22618359338188143
G139S,1106.0,1269.0,-1.4156638480731285,0.041878996810419074
G139T,708.0,293.0,-2.8868226908570715,0.06990669349088277
G139V,816.0,24.0,-6.700882379683748,0.20721117616157578
G139W,671.0,20.0,-6.681544050770197,0.226995565620573
G139Y,893.0,20.0,-7.093886114689304,0.22617803683049859
G139_,823.0,15.0,-7.390916934368035,0.26057434152083586
G143A,266.0,113.0,-2.8490328984335678,0.11255982932399444
G143C,657.0,250.0,-3.0079323838642384,0.07472329233194992
G143D,647.0,20.0,-6.628997794102362,0.22711729837575506
G143E,705.0,21.0,-6.68249851019214,0.22153213273411637
G143F,581.0,49.0,-5.181417798985744,0.14895242031557623
G143H,1112.0,31.0,-6.778295281893532,0.18223231901883605
G143I,359.0,11.0,-6.641140512155098,0.30606150139750726
G143K,1195.0,30.0,-6.929438417945874,0.1849884390108694
G143L,816.0,15.0,-7.378593806293475,0.2605943410207453
G143M,729.0,112.0,-4.316313922071995,0.10178988733546465
G143N,481.0,11.0,-7.0631833695185025,0.30490517175600845
G143P,314.0,11.0,-6.447926986262309,0.3067129225533057
G143Q,642.0,12.0,-7.354290569091743,0.29134728145281075
G143R,917.0,24.0,-6.869233014013918,0.20688522662846473
G143S,532.0,256.0,-2.6692560555897744,0.07646858764280738
G143T,684.0,474.0,-2.14310277777303,0.060276949375236234
G143V,535.0,15.0,-6.769572831642964,0.26182639159497423
G143W,1121.0,289.0,-3.569610686772265,0.06643661754356761
G143Y,802.0,15.0,-7.35362719940302,0.26063538255593877
G143_,405.0,4.0,-8.272214338941785,0.5019036929562024
G145A,684.0,1110.0,-0.9155195045229272,0.049239651470964194
G145C,589.0,784.0,-1.2014229280657434,0.055090303517984926
G145D,753.0,99.0,-4.541025730539418,0.10718991125149899
G145E,766.0,23.0,-6.671033193681562,0.21172273151759552
G145F,779.0,57.0,-5.3863577976081,0.13742687673720505
G145H,921.0,29.0,-6.602597476214283,0.18872816487236443
G145I,486.0,98.0,-3.9239879941890266,0.11100583272905527
G145K,318.0,10.0,-6.603561109468344,0.3211017574923731
G145L,846.0,147.0,-4.1387632783239034,0.08969928113851232
G145M,493.0,361.0,-2.063580965676996,0.06971403270310482
G145N,143.0,6.0,-6.186610086269637,0.4164655479738858
G145P,523.0,204.0,-2.9722015165810856,0.08291811259566094
G145Q,605.0,7.0,-8.045403590118,0.3799577623336592
G145S,371.0,407.0,-1.48039668806212,0.07220783053619799
G145T,380.0,549.0,-1.0832078123163056,0.06719117282816196
G145V,480.0,500.0,-1.5551103693577444,0.06438115791273133
G145W,603.0,24.0,-6.2644774747268945,0.20825307594211667
G145Y,752.0,15.0,-7.2607588206685865,0.26079437291662
G145_,122.0,1.0,-8.530503149621484,0.9991780336692022
G147A,740.0,300.0,-2.916537032924409,0.06889295230967739
G147C,636.0,291.0,-2.7419835759746727,0.07120599634066432
G147D,471.0,1525.0,0.08098625165636975,0.053296474002590605
G147E,957.0,2277.0,-0.3634681337112351,0.03931637249426646
G147F,929.0,40.0,-6.151264448466527,0.1616534868229706
G147H,401.0,616.0,-0.9946872987499198,0.06464315301042993
G147I,578.0,15.0,-6.881101426750605,0.26156071812906206
G147K,258.0,5.0,-7.300475425521538,0.4511521924271591
G147L,718.0,19.0,-6.853176356244987,0.23250443976982785
G147M,595.0,119.0,-3.9358339680653085,0.1007223054927228
G147N,570.0,556.0,-1.649879255216689,0.06012127370668555
G147P,695.0,21.0,-6.661888524955229,0.22157819038691517
G147Q,1153.0,911.0,-1.9538690862162147,0.04501845754926767
G147R,299.0,9.0,-6.666525674212696,0.3382215910588745
G147S,425.0,251.0,-2.373754801885468,0.07999046443220569
G147T,832.0,1640.0,-0.6349710179118953,0.04328215073663557
G147V,954.0,258.0,-3.5005802619537416,0.07060955580156045
G147W,324.0,451.0,-1.1368817743078825,0.07324789277123882
G147Y,714.0,1314.0,-0.7340427861956274,0.04715138795953784
G147_,806.0,17.0,-7.180345548160455,0.24513529047405258
G148A,98.0,61.0,-2.2978860810115807,0.1632650595866394
G148C,502.0,92.0,-4.0618563865861095,0.11367523751738215
G148D,767.0,28.0,-6.389234354853849,0.19252787511035363
G148E,808.0,20.0,-6.949582931836925,0.22643830175373922
G148F,1310.0,31.0,-7.014703344674115,0.18185900735990576
G148H,469.0,12.0,-6.901313483534811,0.29233162841781235
G148I,361.0,15.0,-6.20204577452924,0.26354115763017144
G148K,478.0,18.0,-6.344173569628103,0.2401632746707634
G148L,558.0,14.0,-6.929764971881251,0.2706129220466646
G148M,1024.0,26.0,-6.91302245077169,0.19870829820315428
G148N,259.0,3.0,-8.04110335832749,0.5797831077018698
G148P,1535.0,137.0,-5.099897809756895,0.08950911928046552
G148Q,861.0,26.0,-6.662894545361227,0.19917294371474698
G148R,1105.0,20.0,-7.401197304342411,0.225702603532783
G148S,544.0,74.0,-4.491843906079454,0.12414335534113613
G148T,352.0,5.0,-7.748664856479205,0.45000367815238485
G148V,1134.0,27.0,-7.005798768520375,0.19485080111562836
G148W,843.0,34.0,-6.245521689917629,0.175074343754942
G148Y,947.0,17.0,-7.412927470061413,0.24475822008323553
G148_,876.0,22.0,-6.928719144701802,0.21595628429558608
G163A,1138.0,2991.0,-0.2198833573365686,0.035703580870091456
G163C,828.0,1864.0,-0.44331335302346986,0.04249560275122886
G163D,609.0,2231.0,0.25915630133875034,0.04638879399971849
G163E,581.0,657.0,-1.4366505216369294,0.05748800903345021
G163F,985.0,1180.0,-1.3534140466829845,0.04386743811613018
G163H,800.0,2820.0,0.2036074836769295,0.04082005155214859
G163I,690.0,1459.0,-0.5337022601981349,0.046865063559175656
G163K,402.0,15.0,-6.357238363012936,0.26300463057705614
G163L,756.0,232.0,-3.318221184634104,0.07546241735503308
G163M,683.0,1054.0,-0.9880929078586451,0.04974483461389694
G163N,2559.0,27882.0,1.8316740217124459,0.02209807915656067
G163P,873.0,1369.0,-0.964939955908827,0.044018185644725816
G163Q,529.0,622.0,-1.3803600757660375,0.059663206341423226
G163R,1035.0,27.0,-6.874010112857619,0.19506712305343585
G163S,730.0,2000.0,-0.15998377464851732,0.043949121841576365
G163T,1058.0,2572.0,-0.33245986774730163,0.03735846877420587
G163V,359.0,1209.0,0.13772738621649427,0.06061554513052145
G163W,589.0,915.0,-0.9785074735418915,0.05340722645345663
G163Y,917.0,1935.0,-0.5366712056687781,0.04085311990092555
G163_,762.0,26.0,-6.486674482396601,0.19955138072040068
G166A,561.0,483.0,-1.8299762850696126,0.06256623284930452
G166C,423.0,592.0,-1.1290730799007527,0.06414713185388136
G166D,462.0,2494.0,0.8184684100479442,0.05125523952325206
G166E,662.0,254.0,-2.9959705711375975,0.07422322845218411
G166F,912.0,3804.0,0.4463966341367156,0.03769672736247182
G166H,586.0,72.0,-4.638658967931525,0.12512033898445737
G166I,1134.0,1130.0,-1.6191006787958067,0.042760471485467216
G166K,663.0,11.0,-7.52614711245503,0.3039678893943991
G166L,615.0,928.0,-1.020472373355247,0.05258562520622311
G166M,561.0,894.0,-0.9417383744372412,0.05443104540117914
G166N,678.0,970.0,-1.0973097877147566,0.05067055623236274
G166P,1141.0,731.0,-2.256351244823863,0.04802156195407046
G166Q,663.0,172.0,-3.560541046362129,0.08592771337656332
G166R,368.0,5.0,-7.812793411963462,0.4498664239852951
G166S,667.0,667.0,-1.614002856189991,0.05531852634687353
G166T,671.0,169.0,-3.6032285125740993,0.08642212664522961
G166V,854.0,676.0,-1.9512112313291778,0.052075887857296325
G166W,1239.0,38.0,-6.6406678522241345,0.16485643947908665
G166Y,1135.0,2911.0,-0.25518806915572334,0.03586441760317662
G166_,711.0,35.0,-5.958033740082426,0.17329570444574946
G187A,831.0,1938.0,-0.39236458416430064,0.04220227156284757
G187C,2246.0,84913.0,3.626546501713632,0.022774861426682343
G187D,380.0,1358.0,0.22338195820006845,0.05856248681197764
G187E,607.0,1268.0,-0.5512289220625615,0.04997739682245441
G187F,330.0,406.0,-1.3149973366967869,0.07453112296197058
G187H,556.0,1117.0,-0.6075434902055719,0.052492470872822765
G187I,384.0,690.0,-0.7685294664675153,0.06414855237765847
G187K,1697.0,1849.0,-1.4902448951992975,0.034522242665558436
G187L,384.0,612.0,-0.9415915106568766,0.06557242288435533
G187M,541.0,1064.0,-0.6382183123601015,0.0533846328274728
G187N,817.0,1824.0,-0.45531485901829427,0.04282407496939948
G187P,769.0,1583.0,-0.5724067509083515,0.04465159255632282
G187Q,823.0,1901.0,-0.4062186004478967,0.04245906012420561
G187R,549.0,917.0,-0.8738978172744369,0.054531134755830844
G187S,840.0,1432.0,-0.8444396967797259,0.0441640660044977
G187T,930.0,1846.0,-0.6249106220778691,0.040971327682162426
G187V,1271.0,2235.0,-0.799696950948471,0.03599839891222795
G187W,901.0,992.0,-1.4751913104579337,0.04668622400121366
G187Y,1382.0,1902.0,-1.1532460797350699,0.036208105705328994
G187_,610.0,18.0,-6.695965663053207,0.2392189571197154
G18A,279.0,180.0,-2.246242632764311,0.09592200696885211
G18C,920.0,55.0,-5.677886590646374,0.13902208913220893
G18D,349.0,15.0,-6.153275347928243,0.26372179054479067
G18E,409.0,13.0,-6.588446105474838,0.28172781610246844
G18H,680.0,23.0,-6.499225929825871,0.21211227136708208
G18I,423.0,14.0,-6.530165764516448,0.2716675934051646
G18K,257.0,7.0,-6.810269096049668,0.38289154483026483
G18L,790.0,24.0,-6.654166462645726,0.20730847331984056
G18M,558.0,12.0,-7.151985776606435,0.2917494007743009
G18N,99.0,3.0,-6.653741708696989,0.5851389468179304
G18P,805.0,327.0,-2.913674806820291,0.06604479248096
G18Q,582.0,24.0,-6.213339489004211,0.20839668875639236
G18R,525.0,10.0,-7.3268338793260375,0.3191653318991554
G18S,1477.0,3365.0,-0.4260716578140933,0.032185446796610805
G18T,1206.0,69.0,-5.741295482819661,0.12402224643703903
G18V,506.0,6.0,-8.009659951425808,0.41039892808363865
G18W,610.0,17.0,-6.778380703296098,0.2459470443571144
G18Y,610.0,10.0,-7.543321870123489,0.3187492758427284
G18_,47.0,3.0,-5.579135144624026,0.5946088352484982
G20A,516.0,906.0,-0.8018749068038655,0.05570790857456361
G20C,601.0,13.0,-7.143698984667566,0.28033818896977913
G20D,606.0,9.0,-7.685673540276563,0.33570762977832624
G20E,741.0,21.0,-6.754347801034834,0.2213765472902555
G20F,494.0,8.0,-7.560597049198151,0.35627219811800215
G20H,577.0,145.0,-3.6064467852051623,0.09322463146467298
G20I,484.0,16.0,-6.531994498163906,0.2541431062920218
G20K,970.0,25.0,-6.891425513926322,0.202673646946031
G20L,331.0,9.0,-6.813206742252906,0.3377432925618704
G20M,1066.0,16.0,-7.671106709868742,0.25191411823218823
G20N,587.0,13.0,-7.109695069575921,0.2804089564555733
G20P,1372.0,244.0,-4.105281674397219,0.06991948169381854
G20Q,857.0,19.0,-7.1084844575783,0.23201815398372758
G20R,926.0,29.0,-6.6104084288028835,0.18871263238027328
G20S,2201.0,18143.0,1.4291733635231907,0.023898495358517406
G20T,370.0,15.0,-6.237571236091295,0.2634132970309094
G20V,729.0,17.0,-7.0354864145479645,0.24540243384232682
G20W,388.0,16.0,-6.213051478018313,0.255146817782068
G20Y,852.0,20.0,-7.026080147225828,0.2262971303399595
G20_,1307.0,66.0,-5.921444627202825,0.12639623595775132
G217A,1222.0,332.0,-3.493960346613073,0.062385614864762365
G217C,689.0,22.0,-6.5822967275956135,0.21667241400737583
G217D,1152.0,26.0,-7.082945886804134,0.19843508467975163
G217E,478.0,13.0,-6.813350788816584,0.2811007662963152
G217F,449.0,13.0,-6.723057564922933,0.28134099640716576
G217H,345.0,6.0,-7.457132233560588,0.41152096101482477
G217I,876.0,18.0,-7.218080108687083,0.238176261489989
G217K,480.0,34.0,-5.433036406698998,0.17761782068181528
G217L,1054.0,52.0,-5.9549585627495345,0.1422586126771314
G217M,1116.0,27.0,-6.982715360601937,0.19488729454491474
G217N,1183.0,15.0,-7.914397337856625,0.2598638812652648
G217P,304.0,37.0,-4.652134595401268,0.17427212468474146
G217Q,970.0,26.0,-6.8348641721643,0.19884504524499175
G217R,830.0,18.0,-7.140261488055979,0.23830903637628412
G217S,749.0,18.0,-6.992117750004643,0.23858224518351884
G217T,479.0,14.0,-6.70952976985007,0.27115845937094274
G217V,263.0,4.0,-7.649374463083995,0.5032299464124702
G217W,810.0,9.0,-8.104271658863107,0.33508808926119754
G217Y,1088.0,13.0,-7.999929900501036,0.2790067088232105
G217_,596.0,12.0,-7.247031336810805,0.2915535190502406
G246A,1309.0,833.0,-2.266073254915834,0.04501205890682465
G246C,1017.0,1130.0,-1.4620011813108844,0.043930695231028785
G246D,739.0,69.0,-5.034719404598156,0.12611700421680744
G246E,840.0,37.0,-6.11842231816935,0.1681424098169309
G246F,928.0,2096.0,-0.4385695129085114,0.04020391918011121
G246H,1117.0,1567.0,-1.125630571241036,0.0399385617615913
G246I,823.0,1937.0,-0.37915331953993103,0.0423437743107594
G246K,1001.0,48.0,-5.995980496607996,0.14795157498515113
G246L,993.0,899.0,-1.7574739390952203,0.04670179274095172
G246M,1618.0,2179.0,-1.1845505631204376,0.033743899011093516
G246N,2185.0,1118.0,-2.5807096462516386,0.03760044884911428
G246P,804.0,29.0,-6.406594100802226,0.18914629602451755
G246Q,750.0,212.0,-3.4367803727677444,0.07817773187536914
G246R,904.0,17.0,-7.345886541644188,0.24486080473096297
G246S,3174.0,677.0,-3.8430604808346245,0.043056073753353186
G246T,964.0,1118.0,-1.400189781024018,0.0446482203671521
G246V,1341.0,1991.0,-1.043822384621751,0.03618905641676849
G246W,1224.0,6293.0,0.7481320345509399,0.03221143928000096
G246Y,1322.0,880.0,-2.201144122936147,0.04420925486183854
G246_,774.0,21.0,-6.817206994786484,0.22124655750715408
G247A,1233.0,2950.0,-0.35546751161514845,0.03480932194323059
G247C,1166.0,1956.0,-0.8676692716903283,0.03782266476315745
G247D,985.0,28.0,-6.750127338809761,0.19177704984577645
G247E,909.0,128.0,-4.4420425053818295,0.09472946303424121
G247F,910.0,290.0,-3.263782607718513,0.06788762438932942
G247H,662.0,61.0,-5.053738230246154,0.1340260809540107
G247I,1447.0,49.0,-6.497857791301306,0.14545364544509687
G247K,1204.0,23.0,-7.323445436967519,0.21059821210285698
G247L,1024.0,30.0,-6.7066455311163935,0.18536575317454418
G247M,1278.0,1407.0,-1.4752693988902186,0.0394319293903791
G247N,1139.0,129.0,-4.756228466259381,0.09322540471887979
G247P,2106.0,92.0,-6.130580665389797,0.10679372166353708
G247Q,992.0,63.0,-5.590704805260209,0.13015465670794593
G247R,1326.0,29.0,-7.128400405891379,0.18784753871321752
G247S,1110.0,2117.0,-0.6825474458211547,0.03788061076369673
G247T,609.0,331.0,-2.4935939713738424,0.06873681320800416
G247V,1411.0,368.0,-3.5529141941852833,0.05905686433588163
G247W,788.0,157.0,-3.9413603464737488,0.08774807161454624
G247Y,1472.0,104.0,-5.436996180981846,0.10176191291917919
G247_,1474.0,38.0,-6.891226332783622,0.16446571405240804
G248A,746.0,1819.0,-0.32811625650788034,0.04418028696170487
G248C,885.0,49.0,-5.7885485610721,0.14695446056860698
G248D,1311.0,78.0,-5.684878662999137,0.11680463871736155
G248E,1181.0,19.0,-7.571121694538325,0.23132727710142872
G248F,754.0,22.0,-6.712355463101425,0.21638350122904818
G248H,785.0,21.0,-6.837565821234377,0.2212056404333473
G248I,1191.0,41.0,-6.474068828759248,0.15901447603217372
G248K,1137.0,28.0,-6.957162005337397,0.19142287864433555
G248L,1269.0,38.0,-6.67518345865431,0.16479856038410928
G248M,925.0,60.0,-5.560196983465709,0.13344153141935758
G248N,1102.0,27.0,-6.96450272157405,0.19491649760448332
G248P,1494.0,61.0,-6.228003119977318,0.1308502148963143
G248Q,763.0,14.0,-7.381175960436408,0.2697218378479325
G248R,1445.0,34.0,-7.022979516659095,0.1736572400610108
G248S,1027.0,2346.0,-0.4222439224926573,0.03823139492533067
G248T,785.0,24.0,-6.645006579677006,0.20732791773166886
G248V,1771.0,31.0,-7.449697878298066,0.1813118726302354
G248W,698.0,15.0,-7.153254679389016,0.2609915317122267
G248Y,1282.0,18.0,-7.767468380104748,0.2374161266089847
G248_,628.0,11.0,-7.4479040139600405,0.3041061266046122
G251A,1164.0,54.0,-6.043735950155062,0.13941259809910497
G251C,1005.0,38.0,-6.338689877272159,0.16542540501619238
G251D,1470.0,40.0,-6.813324386561439,0.16042351013865572
G251E,1722.0,24.0,-7.778317163126799,0.20564949080617695
G251F,581.0,21.0,-6.403417783722454,0.2222143267409749
G251H,1104.0,22.0,-7.262453140682006,0.21540976334291995
G251I,1255.0,39.0,-6.621713907310504,0.1627665280894941
G251K,1233.0,15.0,-7.974119569389125,0.2597979192074162
G251L,696.0,13.0,-7.355418023323764,0.27993284075841096
G251M,1147.0,59.0,-5.894777556912432,0.13371535377039181
G251N,854.0,49.0,-5.737107767461097,0.14709394692440922
G251P,1239.0,44.0,-6.429215505691553,0.15359325558607484
G251Q,1168.0,47.0,-6.248943991439225,0.14896278188783615
G251R,1099.0,25.0,-7.071558502016664,0.20237489910386952
G251S,1612.0,27.0,-7.513226099677055,0.1941786594936163
G251T,1160.0,45.0,-6.301750723566706,0.15212176091422214
G251V,622.0,32.0,-5.894346048817322,0.1814100663756123
G251W,1079.0,40.0,-6.367206652712836,0.16118998292121206
G251Y,1745.0,64.0,-6.382797041365724,0.12750413779809958
G251_,815.0,19.0,-7.035990180105648,0.23214770095794438
G291A,997.0,2497.0,-0.2894811372470487,0.03827742809655447
G291C,834.0,1870.0,-0.4490934583315225,0.04237294480117601
G291D,1153.0,2622.0,-0.42873469383970253,0.03619897135507707
G291E,954.0,2389.0,-0.28966625735441376,0.03909570352015106
G291F,1604.0,1997.0,-1.2978444352374279,0.03443645874434822
G291H,1297.0,3030.0,-0.3898699039999505,0.034098673795647405
G291I,1064.0,807.0,-2.012856110362395,0.04733567756947188
G291K,1585.0,2308.0,-1.0718453238879557,0.033553957946893316
G291L,2704.0,11692.0,0.4983477198489492,0.0227383634600137
G291M,1554.0,4680.0,-0.02348703117051798,0.030312618191539166
G291N,1080.0,2794.0,-0.24271034251913903,0.03668118646227791
G291P,1004.0,25.0,-6.941127627135476,0.2025875020213282
G291Q,877.0,1946.0,-0.4641489304778341,0.041422136466833535
G291R,1623.0,4039.0,-0.298673027164162,0.030420521592344676
G291S,1168.0,16436.0,2.20073272607445,0.031283903726747386
G291T,1090.0,2615.0,-0.351527763405886,0.03689869988658415
G291V,962.0,2106.0,-0.4836143652987781,0.03969893385747215
G291W,1977.0,4862.0,-0.31577016398310676,0.027806009259709275
G291Y,2160.0,11540.0,0.8035317213322468,0.02472447004711656
G291_,1171.0,20.0,-7.4848912747043475,0.22558958249011143
G305A,2423.0,571.0,-3.6992152985432045,0.04717707269359119
G305C,1123.0,33.0,-6.7023266818802485,0.17676537537398218
G305D,924.0,19.0,-7.217080884230427,0.23183575138379112
G305E,1361.0,29.0,-7.1659864174892345,0.18779591085498604
G305F,3477.0,162.0,-6.037695301778442,0.08075732463079896
G305H,949.0,14.0,-7.695897284740885,0.2692452426240021
G305I,1035.0,20.0,-7.306782585460845,0.22583815066445226
G305K,1141.0,20.0,-7.447449314420565,0.22563934179096243
G305L,1394.0,33.0,-7.014196817892284,0.17627503759484148
G305M,722.0,12.0,-7.523713618933649,0.2910509450957163
G305N,1558.0,54.0,-6.464336990961499,0.13863122939723715
G305P,1101.0,497.0,-2.7614836438525554,0.054607439759175286
G305Q,936.0,21.0,-7.091378732201295,0.2207406416840016
G305R,1050.0,29.0,-6.7917118182075455,0.18837443445744254
G305S,951.0,25.0,-6.862886404859407,0.20272445243055934
G305T,1214.0,29.0,-7.001089055787632,0.18803263578123913
G305V,961.0,19.0,-7.273723862447196,0.23174586975456224
G305W,921.0,22.0,-7.000988626520723,0.21582711087283427
G305Y,1466.0,24.0,-7.546118586864839,0.20589589586831217
G305_,1114.0,87.0,-5.292440010720382,0.11158975499161966
G322A,1023.0,1743.0,-0.8452422572752889,0.040161066804712806
G322C,1024.0,1190.0,-1.3972589633078512,0.043342422615022386
G322D,581.0,991.0,-0.8436662355355793,0.052838394064277684
G322E,638.0,1169.0,-0.7403665267987671,0.04984457633126372
G322F,760.0,643.0,-1.8551800831351875,0.05415386864995689
G322H,2141.0,3624.0,-0.8547074539892594,0.02836706313207964
G322I,1176.0,1578.0,-1.1897968362505553,0.039315722209106445
G322K,1020.0,1520.0,-1.0385053373340751,0.04123052892953472
G322L,898.0,1506.0,-0.8680749221995523,0.04288663104664294
G322M,1136.0,1816.0,-0.9372062437940727,0.038634379299659655
G322N,2797.0,4468.0,-0.9382558532355825,0.025357868410309316
G322P,724.0,1126.0,-0.9768647452723593,0.04828013602138105
G322Q,756.0,1354.0,-0.7732416849575534,0.04607563749816973
G322R,1312.0,1693.0,-1.2461910775168494,0.037610328898711146
G322S,1255.0,1842.0,-1.0604208222696316,0.03743494596832901
G322T,1037.0,1683.0,-0.9153889136676527,0.040251309935131735
G322V,1569.0,3148.0,-0.6094172797316224,0.03188556300355168
G322W,1915.0,747.0,-2.9721553207916145,0.04384682669962928
G322Y,1641.0,1845.0,-1.4449582508253065,0.03482910926877832
G322_,1025.0,14.0,-7.807040074931616,0.2691001137820558
G326A,703.0,803.0,-1.422130113374612,0.05224416655208024
G326C,1591.0,865.0,-2.4931570433601413,0.042968257155594325
G326D,1343.0,43.0,-6.578656961738423,0.15510218095788864
G326E,1328.0,35.0,-6.85935799450971,0.17139999293379826
G326F,1131.0,17.0,-7.669087590159082,0.2444070308321186
G326H,1807.0,40.0,-7.1111029073854795,0.160027608532398
G326I,1159.0,26.0,-7.091685660731535,0.19842187413860948
G326L,1513.0,37.0,-6.967365433177156,0.16656032578343297
G326M,1510.0,24.0,-7.588781746186898,0.20584762232814094
G326N,1770.0,25.0,-7.759111499550521,0.20152086373094222
G326P,2247.0,50.0,-7.10364898596144,0.1431877097009442
G326Q,1857.0,92.0,-5.949049962846567,0.1070913978579519
G326R,1737.0,87.0,-5.933283887212044,0.11013771984842426
G326S,1223.0,2012.0,-0.8958015807906943,0.03709924240208069
G326T,930.0,22.0,-7.015018034835052,0.21580276759557881
G326V,751.0,16.0,-7.165789761154953,0.2526938575693486
G326W,514.0,8.0,-7.617853230473757,0.35616164317970433
G326Y,1828.0,36.0,-7.279735409015736,0.16846005577689568
G326_,1234.0,25.0,-7.238708074093579,0.20212881082085535
G329A,1280.0,1920.0,-1.02904411246271,0.0369290952926038
G329C,1058.0,540.0,-2.5842980909202726,0.05346654815320843
G329D,1330.0,35.0,-6.861529077215119,0.17139668971658079
G329E,1439.0,147.0,-4.905093274555169,0.08694172827334266
G329F,2151.0,1990.0,-1.7262414075507575,0.03207945580495132
G329H,1083.0,934.0,-1.8275395189799788,0.04533970024920012
G329I,1372.0,71.0,-5.886127835913413,0.12195517541924418
G329K,877.0,23.0,-6.866263260434114,0.21133217196821774
G329L,1137.0,42.0,-6.372371202925386,0.15730556101797635
G329M,1736.0,954.0,-2.4777018205500596,0.04106000672154179
G329N,1219.0,170.0,-4.456021303775766,0.08224371293785779
G329P,1183.0,29.0,-6.963771019279316,0.1880900238375235
G329Q,855.0,2377.0,-0.13886808216675028,0.04064427530845112
G329R,2038.0,46.0,-7.083072719984603,0.14928752075357463
G329S,1560.0,3827.0,-0.31934046251091,0.031048441046726105
G329T,1365.0,128.0,-5.028585955005388,0.09276943798279427
G329V,1700.0,232.0,-4.487287194713026,0.07042779593827601
G329W,2213.0,29.0,-7.867318720735291,0.1870412492353153
G329Y,1158.0,25.0,-7.147001700225587,0.20226032819236817
G329_,1658.0,65.0,-6.286650100037013,0.126677011007542
G330A,1636.0,695.0,-2.8490787818705754,0.04595383539796408
G330C,988.0,22.0,-7.102297449760465,0.21565646930086388
G330D,1538.0,52.0,-6.500134891631712,0.141205333149675
G330E,1132.0,24.0,-7.173110345165727,0.20638406132902418
G330F,1794.0,27.0,-7.6675533381309755,0.19401654246556355
G330H,1757.0,60.0,-6.4857785185553585,0.13150939752714305
G330I,1104.0,22.0,-7.262453140682006,0.21540976334291995
G330K,585.0,17.0,-6.718009096015008,0.24608942222111055
G330L,1299.0,41.0,-6.599295839240021,0.1587948270236331
G330M,839.0,23.0,-6.802357973489666,0.21145432121961433
G330N,1240.0,24.0,-7.3045753975990495,0.2061975786898987
G330P,1360.0,37.0,-6.813561169814969,0.16678338248113286
G330Q,1178.0,31.0,-6.861477306117337,0.1820940274552426
G330R,1460.0,36.0,-6.955439696980857,0.1688688078025097
G330S,1386.0,97.0,-5.4506632413761835,0.10531569078585121
G330T,1196.0,27.0,-7.0825948582709914,0.19473346314104534
G330V,1321.0,46.0,-6.4575529773011855,0.15017684797084382
G330W,1407.0,34.0,-6.984532622153067,0.17371104540284343
G330Y,672.0,44.0,-5.5465822808653975,0.15579430434952957
G330_,1000.0,35.0,-6.450106411076573,0.17211897396813075
G339A,2218.0,179.0,-5.245156638321915,0.07809493103200056
G339C,1500.0,45.0,-6.672585599897288,0.15147815298564782
G339D,14.0,0.0,-12.06624409662081,10.003571325831563
G339E,1016.0,23.0,-7.078512664197252,0.2109627723942497
G339F,2320.0,58.0,-6.935688450493452,0.13315826432467895
G339H,765.0,24.0,-6.607774153949759,0.20740821778204774
G339I,1783.0,32.0,-7.413651163412583,0.17850145752341845
G339K,1439.0,29.0,-7.246385368150019,0.18768984489963245
G339L,1485.0,32.0,-7.149809015192673,0.17881643416217446
G339M,1273.0,54.0,-6.1728762499020995,0.13914852907512953
G339N,925.0,23.0,-6.94313892976314,0.21119213633332204
G339P,1257.0,30.0,-7.002411854028799,0.18487684578128855
G339Q,1783.0,37.0,-7.204258704657944,0.16625960817646437
G339R,1578.0,64.0,-6.237668085237656,0.12774173978246622
G339S,1144.0,44.0,-6.314127337264078,0.15381128179309767
G339T,1543.0,40.0,-6.883245829095008,0.16032317070175997
G339V,1167.0,22.0,-7.342516824152911,0.21529623297463474
G339W,1878.0,32.0,-7.4885411141346765,0.17842197038350435
G339Y,976.0,21.0,-7.151750718490315,0.22064144194378568
G339_,1497.0,30.0,-7.254499585634077,0.18453158996871202
G343A,977.0,474.0,-2.657458689483155,0.05652322242089334
G343C,1204.0,690.0,-2.417161055279081,0.04838900501445171
G343D,1254.0,47.0,-6.351440218272289,0.14876557108752453
G343E,858.0,22.0,-6.898766268102233,0.21601172382151596
G343F,1386.0,27.0,-7.295303072610542,0.1944389461306228
G343H,1169.0,28.0,-6.9972043336440235,0.19135998380935504
G343I,1514.0,31.0,-7.223500254335686,0.18157599848364364
G343K,1721.0,139.0,-5.243997761093601,0.08852380911571396
G343L,1797.0,42.0,-7.032724697318839,0.1562754610205454
G343M,1484.0,120.0,-5.242277139256556,0.09522695214775347
G343N,1182.0,69.0,-5.712295853991429,0.12409010283484116
G343P,1647.0,31.0,-7.344974834584587,0.1814290673005608
G343Q,1449.0,203.0,-4.44944770804408,0.07535035265320036
G343R,1896.0,41.0,-7.144849875666752,0.1580297549625974
G343S,876.0,2032.0,-0.40011459818676887,0.04117458687650997
G343T,1912.0,401.0,-3.867382806188391,0.055483301791947263
G343V,1717.0,48.0,-6.774422551701033,0.14653697592008189
G343W,1383.0,31.0,-7.092937108099298,0.18174819442627232
G343Y,3631.0,78.0,-7.1545708763471945,0.11469942634269029
G343_,1352.0,47.0,-6.459997187835009,0.1485711709384462
G348A,1379.0,238.0,-4.148541680085815,0.07062822101355298
G348C,1317.0,214.0,-4.235519040326995,0.07411921536306812
G348D,1197.0,29.0,-6.980743955250025,0.18806374074712864
G348E,1257.0,30.0,-7.002411854028799,0.18487684578128855
G348F,1384.0,31.0,-7.093979887048274,0.18174675716055017
G348H,1464.0,33.0,-7.084881315466889,0.1761777209351794
G348I,874.0,95.0,-4.815501369429785,0.10830994000333026
G348K,1307.0,35.0,-6.8363621635070215,0.1714352830864341
G348L,908.0,21.0,-7.047562975206997,0.2208152524029654
G348M,1098.0,15.0,-7.8068262625884906,0.25998975732113055
G348N,1859.0,44.0,-7.014562205066093,0.15271448161470336
G348P,1373.0,34.0,-6.949242172977079,0.17376169631741648
G348Q,867.0,16.0,-7.373006276655541,0.2523411078183704
G348R,1870.0,47.0,-6.927937350472094,0.1478800521806153
G348S,1428.0,52.0,-6.393076090268689,0.1413825678330204
G348T,928.0,20.0,-7.1493501353855535,0.2260846537268259
G348V,1998.0,24.0,-7.992787446204549,0.20545436073193687
G348W,1036.0,23.0,-7.1066359909877805,0.210917734445055
G348Y,1009.0,28.0,-6.784857535191728,0.1917140818592497
G348_,1579.0,33.0,-7.193976215337519,0.17603647952174906
G34A,703.0,2123.0,-0.019508805656072603,0.04421727914470862
G34C,1356.0,1247.0,-1.734897639521071,0.04001324079096646
G34D,841.0,8461.0,1.7166321735067989,0.03699890897266591
G34E,929.0,1651.0,-0.7844200288402465,0.041758688800895415
G34F,1441.0,903.0,-2.2882693340112863,0.04316304809167142
G34H,1129.0,2686.0,-0.36359644484467957,0.03632787830572114
G34I,1121.0,401.0,-3.097091885214148,0.05871490154394962
G34K,1263.0,2030.0,-0.9293820837687514,0.03668857235179691
G34L,1031.0,670.0,-2.2358066487063644,0.05024063391493322
G34M,32.0,63.0,-0.6369447234207097,0.21719212171318947
G34N,2967.0,33907.0,1.9004990191424853,0.020693371750157046
G34P,1012.0,12.0,-8.010846440762808,0.2903683226547502
G34Q,955.0,1822.0,-0.6820597238135262,0.04071409368233946
G34R,867.0,789.0,-1.7500079043912393,0.049824530661292686
G34S,480.0,947.0,-0.6336876578720316,0.05657674921676546
G34T,594.0,504.0,-1.8510377164640701,0.061067540653223534
G34V,1119.0,1301.0,-1.3965937340266112,0.041520648176569
G34W,789.0,1124.0,-1.1034634756668629,0.047103783514980624
G34Y,515.0,778.0,-1.0188146029794645,0.057347397102043736
G34_,1250.0,28.0,-7.093856698953819,0.19121509440414905
G364A,1375.0,3243.0,-0.37611149468648675,0.03312561711444791
G364C,1608.0,3155.0,-0.6416346567364806,0.03163109937853098
G364D,1137.0,1486.0,-1.227803974550893,0.04017619051145907
G364E,1559.0,2656.0,-0.8453724596648295,0.0328575847034747
G364F,1685.0,3095.0,-0.7368159387547673,0.03127702963936786
G364H,1326.0,1701.0,-1.2547028892238696,0.03746614082351708
G364I,1825.0,3000.0,-0.8969399156426827,0.030707620995555004
G364K,1323.0,39.0,-6.697839013902039,0.16264067280943492
G364L,2162.0,4819.0,-0.45763925737301125,0.027050464210019044
G364M,1084.0,1643.0,-1.0140396606955289,0.03991019041729357
G364N,2134.0,4076.0,-0.6804122018701029,0.027850007051036813
G364P,2148.0,850.0,-2.951451846809071,0.04127574942228215
G364Q,1958.0,2234.0,-1.4237553456127627,0.03193793596218209
G364R,280.0,8.0,-6.741535154403796,0.35843678613606594
G364S,1045.0,2277.0,-0.4903789767170421,0.03818094586623891
G364T,1484.0,2823.0,-0.6862694304989385,0.033011593405346575
G364V,1392.0,2550.0,-0.7406695268272658,0.034237764684434006
G364W,1374.0,2570.0,-0.7106213872640894,0.034330508985371634
G364Y,913.0,1569.0,-0.8328508758499549,0.042359253829106526
G364_,1627.0,35.0,-7.152315102391329,0.17099583495529044
G369A,1817.0,2774.0,-1.003596227296542,0.031185368889367574
G369C,1444.0,2291.0,-0.9480998334860598,0.03450635089298848
G369D,923.0,141.0,-4.324551656682046,0.09075676871199628
G369E,1180.0,261.0,-3.7906249554334934,0.06885059796250621
G369F,1194.0,35.0,-6.7059069036234575,0.17164633734341975
G369H,2646.0,27.0,-8.228183920086334,0.19355344424096896
G369I,835.0,90.0,-4.82763913435907,0.11121668350706983
G369K,1050.0,25.0,-7.005757056224573,0.20247978131541397
G369L,823.0,928.0,-1.440772464887421,0.048521234753524496
G369M,1007.0,1371.0,-1.1688417721087951,0.042238745747287844
G369N,953.0,949.0,-1.620070919271452,0.04652655339571241
G369P,1739.0,35.0,-7.248358212937639,0.17088004863426773
G369Q,1105.0,30.0,-6.816475152649863,0.1851725645780586
G369R,2092.0,69.0,-6.535943360801991,0.1225983127034586
G369S,1212.0,2140.0,-0.7937869201998957,0.03679737488815463
G369T,1830.0,1452.0,-1.9478029990415182,0.03601151419144496
G369V,1968.0,680.0,-3.1471125401928455,0.04517053985277361
G369W,1491.0,31.0,-7.201415453626165,0.1816040525972107
G369Y,1411.0,25.0,-7.432082200972991,0.2018771957364883
G369_,2348.0,52.0,-7.1105085608225576,0.14040885956108157
G37A,541.0,1633.0,-0.020196396797079963,0.050223942025798544
G37C,632.0,39.0,-5.63203433838984,0.16516170776459035
G37D,597.0,10.0,-7.5122440739372145,0.31880526545351817
G37E,496.0,7.0,-7.758813808641326,0.380435440385119
G37F,913.0,27.0,-6.6930679730515825,0.19539776485907576
G37H,762.0,19.0,-6.938982349691041,0.23233143348664168
G37I,274.0,6.0,-7.124722600356939,0.41243246293963515
G37K,541.0,21.0,-6.3005100500631706,0.2225004739457217
G37L,527.0,10.0,-7.332319314123683,0.31915400775051506
G37M,814.0,18.0,-7.112179287742121,0.23835871746957074
G37N,287.0,4.0,-7.775357813429643,0.5029139502163759
G37P,598.0,1186.0,-0.6261281966503942,0.050764747731839026
G37Q,599.0,15.0,-6.932587061990884,0.26144474866728945
G37R,879.0,27.0,-6.638316889418658,0.19550614246556666
G37S,372.0,371.0,-1.6178861861460039,0.07379111384938747
G37T,572.0,17.0,-6.685588178800525,0.24616834163780113
G37V,968.0,40.0,-6.210592273691116,0.16151929390416012
G37W,572.0,28.0,-5.966029336389403,0.19367870278603364
G37Y,749.0,11.0,-7.70210146234655,0.3036828947533279
G37_,750.0,35.0,-6.035073720725094,0.17308456533017225
G41A,484.0,54.0,-4.777741257728172,0.14367618583164773
G41C,787.0,17.0,-7.145929777268476,0.24519637665552357
G41D,773.0,15.0,-7.300494051732124,0.2607251037385265
G41E,555.0,15.0,-6.822520739852554,0.26169773543446195
G41F,1303.0,36.0,-6.791309602403236,0.1691129836870537
G41H,506.0,23.0,-6.072835863912905,0.21330094838966981
G41I,824.0,34.0,-6.212633790768815,0.17515244159709875
G41K,765.0,20.0,-6.8706883902744345,0.2265918544673207
G41L,1101.0,178.0,-4.24280023421906,0.08116404656675073
G41M,579.0,27.0,-6.036025576242611,0.1970078530020138
G41N,487.0,5.0,-8.216999838675855,0.4491278525011628
G41P,773.0,10.0,-7.884976054516819,0.3182065803647897
G41Q,725.0,17.0,-7.027548704308336,0.24541785297708188
G41R,461.0,12.0,-6.876492845252273,0.2923949052511154
G41S,893.0,24.0,-6.830971878364628,0.20695604518129998
G41T,1068.0,22.0,-7.214625056078003,0.21548062109521396
G41V,401.0,9.0,-7.089970153589949,0.33696168670012666
G41W,340.0,7.0,-7.214021779674888,0.38164921837159155
G41Y,2157.0,14.0,-8.880434955112046,0.26814711579941936
G41_,375.0,10.0,-6.841418043866772,0.3203566434764168
G58A,269.0,1306.0,0.6654313786379982,0.06741445253974708
G58C,764.0,2472.0,0.08001829649245629,0.042131888889473085
G58D,880.0,14.0,-7.586993913227237,0.26939862977148965
G58E,525.0,18.0,-6.479477672255755,0.23977305453590592
G58F,302.0,25.0,-5.208022213676895,0.20822305010931824
G58H,1308.0,36.0,-6.796835017008955,0.16910430976766894
G58I,8640.0,9265.0,-1.5132433049667808,0.016892517091899286
G58K,424.0,7.0,-7.532542891942486,0.38088511503900585
G58L,589.0,652.0,-1.467400892500109,0.05738611691577594
G58M,187.0,419.0,-0.45013359833128064,0.08829251994649151
G58N,163.0,2.0,-7.955624015200193,0.7097243932278403
G58P,282.0,53.0,-4.025412731582288,0.14990671206811318
G58Q,1146.0,23.0,-7.2522176954045685,0.21069798715218185
G58R,1773.0,53.0,-6.677795178595551,0.13960680996053465
G58S,1570.0,1536.0,-1.6455889958436831,0.036737713705283954
G58T,289.0,895.0,0.016781533488583023,0.06811077301018847
G58V,898.0,1288.0,-1.093662477368432,0.044177464787790104
G58W,1336.0,38.0,-6.749410827151965,0.16467861743797374
G58Y,703.0,13.0,-7.369855200151319,0.2799072868676608
G58_,467.0,21.0,-6.088308231498006,0.22315767521667115
G59A,741.0,17.0,-7.059040822044494,0.24535716963862006
G59C,1078.0,24.0,-7.102594203495612,0.20649123838046948
G59D,327.0,5.0,-7.6423831967074,0.45024492492810364
G59E,1008.0,20.0,-7.2686478299387005,0.22589543976348622
G59F,601.0,9.0,-7.673720935571822,0.3357280755771498
G59H,826.0,25.0,-6.6595851411391225,0.20311654057644912
G59I,1022.0,34.0,-6.523309352515266,0.17447998251805052
G59K,951.0,23.0,-6.983130478816288,0.21112215115684307
G59L,594.0,14.0,-7.019961213925524,0.27041217491390535
G59M,1350.0,36.0,-6.8424315403029805,0.16903396903251175
G59N,1238.0,31.0,-6.933148487952579,0.18198102517695577
G59P,450.0,13.0,-6.7262670499975385,0.2813322008046703
G59Q,1066.0,30.0,-6.764636698786711,0.1852619415599962
G59R,1038.0,39.0,-6.34783539002724,0.1632774268600078
G59S,556.0,13.0,-7.031420819489621,0.28057826568078037
G59T,1153.0,21.0,-7.39218790942206,0.22028472803034949
G59V,250.0,4.0,-7.576242610819392,0.5034263423499165
G59W,785.0,16.0,-7.229668675391166,0.2525797192638868
G59Y,824.0,28.0,-6.4926508134021494,0.19229351583728402
G59_,909.0,29.0,-6.583676821106099,0.1887661346314604
G66A,1486.0,7757.0,0.7700539808920213,0.02938608846450434
G66C,614.0,568.0,-1.7263486791890594,0.05874396919670273
G66D,857.0,358.0,-2.873315009006533,0.06341726229105345
G66E,815.0,719.0,-1.7948087813801168,0.05176353554960248
G66F,1304.0,664.0,-2.587680915472653,0.04831718392395253
G66H,626.0,938.0,-1.030585256207658,0.05220334135863387
G66I,324.0,129.0,-2.942558298098601,0.1043999289450551
G66K,915.0,718.0,-1.9637864295053316,0.05047084361684504
G66L,651.0,263.0,-2.921564906825365,0.07348397837270734
G66M,364.0,239.0,-2.220909959796228,0.08362288081646961
G66N,952.0,1186.0,-1.2969353149068974,0.044218275717003125
G66P,389.0,1044.0,-0.189746472553888,0.059917917167682806
G66Q,639.0,5529.0,1.4991079113256434,0.042514332924732216
G66R,642.0,899.0,-1.1282614618216975,0.05226496319837512
G66S,1252.0,2955.0,-0.3750859289265662,0.03462380044700614
G66T,649.0,1615.0,-0.29877237087557607,0.04713473329086538
G66V,567.0,255.0,-2.7668232132391664,0.07580722745240899
G66W,768.0,634.0,-1.8906223564782927,0.05423109928409973
G66Y,166.0,96.0,-2.404016420631079,0.12845621348223032
G66_,699.0,10.0,-7.739802071770557,0.3184216986328668
G74A,625.0,607.0,-1.6561618449871762,0.05752457978962398
G74C,598.0,9.0,-7.666501549482699,0.3357405065584532
G74D,658.0,16.0,-6.9750671524736445,0.25306595820731365
G74E,710.0,13.0,-7.384149333144333,0.27988223458477435
G74F,662.0,13.0,-7.283162998865988,0.28006460963343566
G74H,620.0,14.0,-7.081765479895334,0.27028160908786747
G74I,390.0,9.0,-7.049843055607072,0.33706603466449314
G74K,1288.0,28.0,-7.137060857009797,0.19115336830822566
G74L,728.0,13.0,-7.420268256549083,0.27982001692943126
G74M,689.0,20.0,-6.7197347055814305,0.22690979221013804
G74N,966.0,15.0,-7.62204509783377,0.2602289787191195
G74P,228.0,17.0,-5.358644909176763,0.251468494634211
G74Q,625.0,19.0,-6.653051691801605,0.2329496740723043
G74R,773.0,21.0,-6.815341866679767,0.22125033460374738
G74S,611.0,135.0,-3.7921325784532867,0.09542104976417108
G74T,787.0,14.0,-7.425855962501043,0.2696477385121289
G74V,558.0,7.0,-7.928735578301446,0.38014091925872684
G74W,617.0,18.0,-6.712426641433948,0.23918008138726568
G74Y,689.0,9.0,-7.870856861673632,0.3354114378640764
G74_,1113.0,35.0,-6.604558539039535,0.17182379265942868
G88A,387.0,455.0,-1.38047544847345,0.06959418091939899
G88C,495.0,598.0,-1.3412909168854084,0.06127036485968522
G88D,678.0,725.0,-1.5173085138503275,0.05399888315491029
G88E,420.0,631.0,-1.0267636648979304,0.06346132833227157
G88F,579.0,391.0,-2.180385616569951,0.06592608587091892
G88H,294.0,248.0,-1.8594697890505296,0.08657380607067258
G88I,663.0,282.0,-2.847287165354328,0.07152572953623403
G88K,488.0,338.0,-2.1438476379369256,0.07119911692957101
G88L,618.0,400.0,-2.2415969717855333,0.06465073749027937
G88M,313.0,222.0,-2.1095869437300436,0.08809523982049186
G88N,244.0,152.0,-2.29677689491826,0.10362620725644017
G88P,581.0,765.0,-1.2170872444053158,0.0555877395590977
G88Q,1063.0,862.0,-1.9163815139833185,0.04650255728427394
G88R,1129.0,3593.0,0.056131829862739124,0.03501047683359672
G88S,252.0,473.0,-0.7056131543880202,0.07838303563212105
G88T,641.0,1004.0,-0.9666479862243582,0.051163733666821296
G88V,397.0,242.0,-2.328111541260278,0.08193029025749275
G88W,938.0,694.0,-2.048649708626055,0.0506820649278525
G88Y,559.0,420.0,-2.0264532701612588,0.06504964272894743
G88_,700.0,21.0,-6.672230320905942,0.2215549982680163
H123A,1030.0,3190.0,0.016899746259581683,0.036688234675400756
H123C,652.0,1623.0,-0.2982969638916355,0.04702702966149813
H123D,704.0,1184.0,-0.863989417007204,0.048235934654662194
H123E,341.0,715.0,-0.5458534832886164,0.06627767892388887
H123F,436.0,433.0,-1.6239637369891007,0.06829805580485336
H123G,561.0,735.0,-1.2242654649645681,0.056610146526441946
H123I,636.0,812.0,-1.2615548109242267,0.05353034477198748
H123K,651.0,1278.0,-0.6408553408031459,0.04878754725819851
H123L,731.0,824.0,-1.4412321524057683,0.05141236630864839
H123M,586.0,723.0,-1.3109125386700988,0.05613595832893415
H123N,688.0,1282.0,-0.7160967800980513,0.047907994373055034
H123P,335.0,485.0,-1.0801925233586438,0.07147364719416588
H123Q,796.0,1559.0,-0.6442311342840767,0.04426490586023946
H123R,256.0,321.0,-1.287584780171362,0.08416025624828707
H123S,435.0,1144.0,-0.21902366425420539,0.05687353975219384
H123T,486.0,1039.0,-0.5178512203170635,0.0555131429314273
H123V,427.0,529.0,-1.3049777182097317,0.06552764703806463
H123W,841.0,764.0,-1.7525342895069533,0.050592622556176144
H123Y,820.0,1017.0,-1.3033823998504168,0.04758629409683056
H123_,761.0,15.0,-7.277922385607915,0.2607642202709089
H155A,1002.0,2794.0,-0.1345625785201987,0.037650844873109865
H155C,893.0,2269.0,-0.26868812487622495,0.04027670162458795
H155D,413.0,737.0,-0.7784953750695802,0.06196584652040959
H155E,366.0,603.0,-0.8937039948402443,0.06672478280844388
H155F,1080.0,3492.0,0.07901016358622837,0.035692701460417475
H155G,851.0,1196.0,-1.1230213938993074,0.04552879633592624
H155I,849.0,2069.0,-0.32891568976443164,0.041507215421590686
H155K,747.0,731.0,-1.6452392703088652,0.05261486547911446
H155L,1187.0,2723.0,-0.41613266469273036,0.0356563754687838
H155M,1196.0,2982.0,-0.2959472127183638,0.035116111025476515
H155N,622.0,1438.0,-0.40493882753396715,0.04862900587870205
H155P,399.0,648.0,-0.9144116832044906,0.06411764558939011
H155Q,815.0,1661.0,-0.586831763341614,0.04348224588357312
H155R,763.0,442.0,-2.4016258119110008,0.06028826277220718
H155S,441.0,812.0,-0.7333167312937912,0.05967175016306881
H155T,371.0,906.0,-0.3259339552008296,0.06213508894082449
H155V,749.0,1826.0,-0.3283650753245331,0.0440955932985517
H155W,838.0,2805.0,0.12896369306691735,0.04014338939801444
H155Y,1176.0,3233.0,-0.1550252142665185,0.034947471277623925
H155_,1146.0,37.0,-6.566563543328438,0.1671944995971109
H178A,1713.0,38547.0,2.8780106233153835,0.025911265216423517
H178C,429.0,1099.0,-0.25688152431970757,0.057467742137746726
H178D,668.0,2492.0,0.28536539658478866,0.04427131846783906
H178E,766.0,1741.0,-0.4295134979152211,0.04406278234116405
H178F,936.0,2063.0,-0.47384789004035177,0.04018428599375078
H178G,960.0,2548.0,-0.2057532554799426,0.03867560621256407
H178I,547.0,1296.0,-0.3695651186744291,0.051588784542339304
H178K,438.0,917.0,-0.5480291973784865,0.058610895822430856
H178L,943.0,2409.0,-0.2609074487794949,0.03920747358166588
H178M,824.0,1946.0,-0.37421748329628723,0.04229814465184119
H178N,677.0,1464.0,-0.5013264970016653,0.047136207547011255
H178P,941.0,8546.0,1.5689661894859919,0.035233296688855206
H178Q,666.0,1711.0,-0.25277040883937474,0.046342341749217024
H178R,728.0,1679.0,-0.4084222059955973,0.045065287469212845
H178S,647.0,1689.0,-0.2296849017459639,0.04689688191949542
H178T,544.0,2012.0,0.2729295429141878,0.048958150373167586
H178V,950.0,2269.0,-0.3579544936478678,0.03943380407298697
H178W,605.0,1482.0,-0.32147856729655455,0.048880549132023096
H178Y,505.0,980.0,-0.6575183414594994,0.0553375109821911
H178_,1015.0,25.0,-6.956847929530511,0.20256085981186078
H354A,2526.0,7607.0,-0.023533705101831615,0.02426978591430129
H354C,1942.0,3167.0,-0.908432063083199,0.029872549409927864
H354D,1530.0,2614.0,-0.8412792782248637,0.03313348862397002
H354E,1252.0,2218.0,-0.7889830715666655,0.036211238890974835
H354F,1289.0,1894.0,-1.0588223642326193,0.03695203716106641
H354G,647.0,450.0,-2.1378338054827584,0.061882368800427925
H354I,1160.0,2035.0,-0.8031042146308209,0.03761838875529525
H354K,1763.0,5401.0,0.0011857054430683966,0.0285314891701002
H354L,725.0,678.0,-1.7106971985296546,0.05399888315491029
H354M,1494.0,10207.0,1.1582957448945481,0.028792273418515497
H354N,1087.0,1918.0,-0.7947578265492599,0.03876869891570635
H354P,1425.0,32.0,-7.090308412498803,0.1788956971230332
H354Q,1952.0,34389.0,2.524912378732317,0.024557179743751788
H354R,2190.0,5773.0,-0.21561658926775573,0.026296812435119204
H354S,2649.0,4986.0,-0.7015703697562703,0.025293166088224454
H354T,831.0,1634.0,-0.6385237864653499,0.04332470281741105
H354V,2234.0,19648.0,1.5226727950810148,0.023668647440356815
H354W,1034.0,1468.0,-1.1083911985680803,0.04135198262515487
H354Y,253.0,364.0,-1.089219179143365,0.0822269650745952
H354_,2499.0,76.0,-6.653026486103712,0.11669621110966506
H379A,866.0,1757.0,-0.5933360430044523,0.042255808633858354
H379C,1009.0,2890.0,-0.0958688440877431,0.03740018156465432
H379D,1579.0,2869.0,-0.7524701674613263,0.032303932610494725
H379E,1636.0,3342.0,-0.5834683726181216,0.031179286343492898
H379F,1301.0,3694.0,-0.10844713550303808,0.033181707119994394
H379G,790.0,1640.0,-0.5602410647018106,0.044014119364389044
H379I,694.0,1867.0,-0.18630155718240626,0.045146436853071466
H379K,914.0,1927.0,-0.5379206525537947,0.040923125027827884
H379L,1036.0,2654.0,-0.2568669781501356,0.03746616529336687
H379M,1974.0,4565.0,-0.4045141339056406,0.02805929755243653
H379N,967.0,1668.0,-0.8274776322069846,0.041174213055325024
H379P,1075.0,1806.0,-0.8655470552200022,0.0393143009212243
H379Q,1703.0,3093.0,-0.7530782648662036,0.031179942762747187
H379R,921.0,2479.0,-0.18552749089721843,0.03938064167709711
H379S,1129.0,2426.0,-0.510475623513714,0.03687295437417025
H379T,1433.0,3191.0,-0.4590384036626327,0.032755088176926364
H379V,735.0,2297.0,0.029918497859558357,0.043099394785583306
H379W,1209.0,3053.0,-0.27759671865254365,0.03487624094519483
H379Y,656.0,1734.0,-0.21168034970445593,0.046505360029175664
H379_,460.0,776.0,-0.8595928362308634,0.0593649099640393
H89A,605.0,988.0,-0.9064362006665885,0.05221766280218314
H89C,875.0,1868.0,-0.5198720878629439,0.041711589321202544
H89D,732.0,804.0,-1.478652768252549,0.05168704617909246
H89E,942.0,1696.0,-0.765672459960733,0.04138674404876669
H89F,528.0,763.0,-1.0828661441569034,0.05715055466989133
H89G,584.0,1192.0,-0.5846714949830032,0.05111655451452109
H89I,797.0,1589.0,-0.6185443830519022,0.044110039940856396
H89K,458.0,247.0,-2.5048125047263214,0.07933133741608141
H89L,560.0,1189.0,-0.5277665019376396,0.05184980019410357
H89M,544.0,1380.0,-0.2710292113864652,0.0512300448542934
H89N,1080.0,7229.0,1.1287505593920866,0.03355491681778246
H89P,366.0,670.0,-0.7417032938865908,0.06547033211182991
H89Q,705.0,1522.0,-0.503740644675605,0.04622909327837772
H89R,495.0,162.0,-3.2253776608313736,0.09085319620687773
H89S,207.0,548.0,-0.20950109814634477,0.08195823502970985
H89T,581.0,1454.0,-0.2906005644860512,0.04970490431705028
H89V,367.0,3041.0,1.4366564261805692,0.05581436262688279
H89W,723.0,1478.0,-0.5824343320480576,0.04605839451207637
H89Y,555.0,987.0,-0.7834519203451356,0.05363407368730789
H89_,344.0,8.0,-7.038507306457868,0.3575087703429009
I100A,512.0,960.0,-0.7071254099487492,0.05528495484109523
I100C,732.0,1428.0,-0.6499320363878818,0.04613090424076663
I100D,945.0,24.0,-6.9126251433761485,0.20680712320587044
I100E,803.0,36.0,-6.092951305494212,0.17051997518545808
I100F,713.0,875.0,-1.3186256620752328,0.05105910807496211
I100G,547.0,551.0,-1.6034915618756402,0.06086585907779415
I100H,975.0,57.0,-5.710132965264961,0.1364847844529547
I100K,1108.0,17.0,-7.639446807005126,0.24444457484283716
I100L,215.0,244.0,-1.4314663431166696,0.09386598279755598
I100M,978.0,613.0,-2.287941464058516,0.052110102218751744
I100N,412.0,13.0,-6.598989342875108,0.2816962192224112
I100P,234.0,11.0,-6.023686664300629,0.3084826195413246
I100Q,360.0,22.0,-5.6458087867084945,0.2197118063874591
I100R,354.0,11.0,-6.620906596004932,0.30612576478826986
I100S,779.0,718.0,-1.7316407670376135,0.052326880219919686
I100T,509.0,811.0,-0.9419771525055802,0.05709038382963707
I100V,259.0,570.0,-0.47602342604306713,0.0753451626975922
I100W,574.0,886.0,-0.987755745003823,0.05415227532391656
I100Y,481.0,395.0,-1.8981805667809155,0.06835366777487814
I100_,940.0,25.0,-6.846101998086692,0.20275479878262215
I116A,477.0,243.0,-2.5870066845070285,0.07920311019552051
I116C,706.0,386.0,-2.4850532517872566,0.06378636653177179
I116D,747.0,25.0,-6.514553449630338,0.2034314629658435
I116E,745.0,26.0,-6.454124342275388,0.19962639773755814
I116F,593.0,353.0,-2.362350237043459,0.06768143546657053
I116G,311.0,76.0,-3.646702685232042,0.12819195731933586
I116H,478.0,183.0,-2.9991211738349337,0.08728042329425986
I116K,421.0,17.0,-6.243402311251503,0.24743862215276902
I116L,815.0,815.0,-1.614002856189991,0.05015616793651806
I116M,751.0,523.0,-2.1359964429220364,0.0574911565814304
I116N,530.0,275.0,-2.5605383569488582,0.07473066188209156
I116P,675.0,16.0,-7.0118665184881985,0.25299032589146636
I116Q,395.0,315.0,-1.9404944052143414,0.07594581909245243
I116R,1382.0,54.0,-6.291400552545856,0.13892572521237548
I116S,688.0,397.0,-2.4072570435336136,0.06351361310098924
I116T,534.0,541.0,-1.5952143536141472,0.0615036774454735
I116V,701.0,1157.0,-0.8911084522542811,0.04850251025164236
I116W,561.0,16.0,-6.744984130317195,0.2535845911750657
I116Y,635.0,33.0,-5.8798071238297585,0.17869054888340016
I116_,561.0,6.0,-8.158520542122265,0.4101628140923343
I12A,427.0,19.0,-6.1034422753101385,0.23453665338292962
I12C,573.0,308.0,-2.509585981968524,0.07108798519715244
I12D,491.0,78.0,-4.26802428508706,0.1221358724390831
I12E,547.0,554.0,-1.5956580461813958,0.060785074450788755
I12F,489.0,763.0,-0.9721648589041232,0.05845708109883948
I12G,1334.0,26.0,-7.294562127971178,0.1981364539389784
I12H,423.0,752.0,-0.7839427788479814,0.06128183597075127
I12K,499.0,118.0,-3.694162466488696,0.10266211358575518
I12L,1497.0,1425.0,-1.6851146713779728,0.03783426004425604
I12M,998.0,1436.0,-1.0890632369060427,0.041952967840227964
I12N,767.0,1764.0,-0.41246140907597617,0.04395836369644293
I12P,1300.0,903.0,-2.139711707635623,0.044026308753554656
I12Q,836.0,1368.0,-0.9035161844216422,0.04459630378383542
I12R,883.0,24.0,-6.814725323852433,0.20698668158613254
I12S,1241.0,196.0,-4.276518432408338,0.07726098215126134
I12T,1202.0,683.0,-2.429473148256159,0.048556470248102584
I12V,524.0,240.0,-2.740502683163256,0.07833605269723644
I12W,1077.0,200.0,-4.042890463445681,0.07739463844520808
I12Y,374.0,1279.0,0.15987593840929826,0.059306522231062815
I12_,1265.0,23.0,-7.394746851981102,0.2105031036353345
I135A,685.0,200.0,-3.390055772402163,0.08075435763843271
I135C,935.0,159.0,-4.169867152807645,0.08614002256166794
I135D,593.0,27.0,-6.07049374454942,0.19690434342675958
I135E,858.0,26.0,-6.657859014050799,0.1991831378233949
I135F,823.0,241.0,-3.3858198083612043,0.07366098732752627
I135G,554.0,41.0,-5.36986722487839,0.1620216085742197
I135H,628.0,122.0,-3.977790991341121,0.09924749064015137
I135K,302.0,14.0,-6.044070315427047,0.2734052297175957
I135L,825.0,719.0,-1.8124026268304458,0.05161967960419728
I135M,733.0,1613.0,-0.476152258949611,0.04523140932091316
I135N,646.0,128.0,-3.949302837304093,0.09706460174468962
I135P,643.0,18.0,-6.77197394414879,0.2390430459648315
I135Q,598.0,166.0,-3.4629023174524223,0.08807740863129432
I135R,684.0,21.0,-6.638872206056149,0.22163039766049475
I135S,547.0,182.0,-3.201552346442938,0.0859302468352451
I135T,321.0,295.0,-1.7358572380460284,0.08103435639633758
I135V,387.0,691.0,-0.7776671121919279,0.06397462920782719
I135W,1010.0,3478.0,0.16988964749222024,0.03659635919589604
I135Y,513.0,139.0,-3.4978011342329633,0.09594107761045276
I135_,842.0,20.0,-7.009047151169004,0.2263279267055071
I136A,259.0,57.0,-3.7977237489541293,0.14650365413213062
I136C,736.0,509.0,-2.146034224437395,0.05818039789173698
I136D,785.0,16.0,-7.229668675391166,0.2525797192638868
I136E,436.0,58.0,-4.523990555712079,0.1399771985394764
I136F,451.0,432.0,-1.6760975703988121,0.06777676985257008
I136G,1304.0,2915.0,-0.4534569567004354,0.034228655291886935
I136H,728.0,257.0,-3.1161366293965793,0.07298075262778388
I136K,433.0,67.0,-4.30595488711596,0.13150758475464072
I136L,587.0,180.0,-3.3193108826911226,0.08555979770989518
I136M,695.0,725.0,-1.5530356978465445,0.053663796924398134
I136N,554.0,113.0,-3.907464434537057,0.1035156006439197
I136P,471.0,58.0,-4.635387021734395,0.13936709764955052
I136Q,360.0,736.0,-0.5823144690666835,0.06479244842755613
I136R,727.0,15.0,-7.21198218262564,0.2608820275379098
I136S,841.0,312.0,-3.0445335425151594,0.0667514460179375
I136T,690.0,328.0,-2.6868803277752873,0.06752499878245694
I136V,816.0,2342.0,-0.09291435755299382,0.04140220283100803
I136W,758.0,116.0,-4.3219705671224045,0.10000436954305586
I136Y,394.0,200.0,-2.592162969083641,0.08717476827615374
I136_,827.0,14.0,-7.497378769521599,0.269533757108549
I141A,379.0,634.0,-0.8717331742888828,0.06540182383916623
I141C,684.0,695.0,-1.5909865372909113,0.0544286570708056
I141D,662.0,8.0,-7.982909813175073,0.3555505306292221
I141E,592.0,15.0,-6.915628519615816,0.2614824966419478
I141F,999.0,587.0,-2.38111689497293,0.05259489551756305
I141G,662.0,585.0,-1.7923945800953813,0.0572853144480886
I141H,321.0,8.0,-6.938675043749009,0.3577999390474681
I141K,721.0,16.0,-7.106976912190477,0.25280345879035004
I141L,505.0,17.0,-6.505859765876269,0.24663898728404096
I141M,788.0,292.0,-3.046199018444467,0.06895827177418572
I141N,718.0,17.0,-7.013551747230153,0.2454452474635823
I141P,815.0,18.0,-7.113950530847923,0.23835555556202304
I141Q,604.0,14.0,-7.0440464303407335,0.27036063457522275
I141R,435.0,11.0,-6.91816504815847,0.305265462564871
I141S,443.0,407.0,-1.736277879973537,0.06910796654793805
I141T,797.0,888.0,-1.4580247588113933,0.04942151766418493
I141V,512.0,1363.0,-0.2014506020827973,0.05242557341860413
I141W,827.0,18.0,-7.135037544046141,0.2383182059322914
I141Y,644.0,19.0,-6.696255509353762,0.23284833512329314
I141_,900.0,10.0,-8.104430008201604,0.3179196159842822
I146A,354.0,536.0,-1.015533053635627,0.06893547242243483
I146C,579.0,1286.0,-0.4627611652240873,0.05065933655240053
I146D,636.0,111.0,-4.132362662158261,0.1031609584285797
I146E,630.0,361.0,-2.417338784131597,0.06647530613225615
I146F,350.0,494.0,-1.1168587516496418,0.07030643860978099
I146G,1083.0,457.0,-2.8587517814887073,0.05633091511075581
I146H,223.0,96.0,-2.8298546758766614,0.1223166755761782
I146K,721.0,29.0,-6.249399924508737,0.1895244020980292
I146L,340.0,842.0,-0.30574266680075723,0.06473335987728734
I146M,291.0,705.0,-0.3374278644951554,0.07011712479459865
I146N,347.0,135.0,-2.975913825002804,0.10173644207290895
I146P,283.0,122.0,-2.827856490336001,0.10858718669335167
I146Q,365.0,184.0,-2.6021546740418264,0.09075142856461438
I146R,685.0,9.0,-7.862456989086808,0.33542407130086654
I146S,511.0,1131.0,-0.46781459977327877,0.05387724852931608
I146T,386.0,1076.0,-0.1350214980523381,0.05984688308899234
I146V,351.0,857.0,-0.32620295006973965,0.06385493538561249
I146W,658.0,551.0,-1.8700338636685299,0.058277494797480074
I146Y,488.0,497.0,-1.587638687533456,0.06420945296699575
I146_,431.0,16.0,-6.3646789853520485,0.254642449808006
I15A,529.0,1489.0,-0.12101631259490908,0.05122103238127606
I15C,1022.0,42.0,-6.21853557273659,0.15761980774583567
I15D,906.0,5170.0,0.8985653357775796,0.03686254687744578
I15E,656.0,4065.0,1.017466333080411,0.04280248150959005
I15F,493.0,1377.0,-0.13215263467711846,0.05306836273469683
I15G,120.0,839.0,1.1915305243728689,0.09790915899924015
I15H,944.0,12289.0,2.088419888481987,0.03467517691702747
I15K,325.0,1249.0,0.3282261583231536,0.06276261681457435
I15L,726.0,1629.0,-0.44806872105992035,0.04530943424470693
I15M,976.0,6515.0,1.124796702485792,0.03521015385072763
I15N,709.0,8648.0,1.9944874543808844,0.03984638557297359
I15P,1298.0,1461.0,-1.4433383014210097,0.03894292828150049
I15Q,341.0,4943.0,2.2435010174333714,0.05653719809090291
I15R,1035.0,8.0,-8.627629604957875,0.35478416378194066
I15S,562.0,3042.0,0.8223543333911518,0.046580482492315174
I15T,832.0,1217.0,-1.0653346071268315,0.045664845647741203
I15V,1374.0,1135.0,-1.8896903518419834,0.04087211529909174
I15W,587.0,4.0,-8.807641889838795,0.501140489939621
I15Y,255.0,7.0,-6.798998423979754,0.3829313917168208
I15_,371.0,7.0,-7.33990267470961,0.38132713128578943
I167A,972.0,1005.0,-1.565836061091586,0.045667215121362806
I167C,950.0,1569.0,-0.8901629136560931,0.04185270156452835
I167D,555.0,494.0,-1.781976376056373,0.06235145083041955
I167E,697.0,382.0,-2.481571806120221,0.06414137297910442
I167F,567.0,933.0,-0.8954844915265792,0.05382490837031009
I167G,340.0,367.0,-1.503760661111552,0.07568021489863487
I167H,562.0,623.0,-1.465343336850876,0.05870367964849963
I167K,803.0,36.0,-6.092951305494212,0.17051997518545808
I167L,1315.0,9109.0,1.1782176385256853,0.03052729052866024
I167M,830.0,1258.0,-1.014060089189746,0.045402583231812
I167N,744.0,929.0,-1.293630742382672,0.04982134277586977
I167P,807.0,4429.0,0.8423229426459109,0.03907185267805278
I167Q,715.0,572.0,-1.9359259067684675,0.056643504348555924
I167R,1097.0,24.0,-7.127800319354131,0.2064523312216919
I167S,329.0,492.0,-1.033446652060733,0.07164903258777514
I167T,515.0,822.0,-0.9394473568750534,0.0567443710350498
I167V,355.0,583.0,-0.8983418902627296,0.06777715004792306
I167W,995.0,1244.0,-1.291787703684781,0.04324986295892712
I167Y,607.0,456.0,-2.026657678011266,0.06246628886877836
I167_,1217.0,29.0,-7.004649772951389,0.18802723635205248
I171A,356.0,810.0,-0.42798090301689307,0.06407141393672013
I171C,113.0,278.0,-0.31531651778858993,0.11183671544080534
I171D,599.0,76.0,-4.592321804586017,0.12201339449530195
I171E,866.0,773.0,-1.7778994627285183,0.05010038886552968
I171F,798.0,2021.0,-0.2734051263014745,0.042539426355804134
I171G,1362.0,2756.0,-0.5971590292004558,0.03404021074798985
I171H,805.0,1983.0,-0.3133895132322939,0.04252279444153396
I171K,924.0,1728.0,-0.7108716600353082,0.0415044971824911
I171L,857.0,1989.0,-0.39933627026788443,0.041608818426981733
I171M,568.0,1332.0,-0.3843861769572108,0.05072436358835557
I171N,867.0,2024.0,-0.39090697678044606,0.04134176461380591
I171P,636.0,1075.0,-0.8567741303469196,0.05063802710521748
I171Q,683.0,1559.0,-0.423351280594388,0.04655344963514009
I171R,1276.0,2326.0,-0.7477851923659076,0.035711304166808365
I171S,504.0,1023.0,-0.592706872040317,0.05498434986866096
I171T,734.0,1682.0,-0.4176881966559973,0.04492871695771896
I171V,1270.0,2790.0,-0.47857241995101685,0.03474910921400063
I171W,769.0,2145.0,-0.13409274647133174,0.04275809937095656
I171Y,343.0,1272.0,0.27678461435232826,0.06134499003487462
I171_,849.0,31.0,-6.388978971679507,0.18299504920807563
I177A,2076.0,1945.0,-1.7080386766195024,0.03251942472026709
I177C,549.0,1149.0,-0.5485158348699715,0.052473407107977404
I177D,710.0,771.0,-1.4950926282957813,0.052603369359815626
I177E,538.0,466.0,-1.8212749309471983,0.06376724685113486
I177F,293.0,152.0,-2.5607865240416308,0.1002649038148078
I177G,672.0,361.0,-2.5104467573000067,0.06572490416188784
I177H,539.0,264.0,-2.64372231897305,0.07552927925164418
I177K,633.0,611.0,-1.6650351551735225,0.057254448396951436
I177L,387.0,997.0,-0.24876572610727443,0.060403601624690585
I177M,227.0,174.0,-1.9975884899543326,0.10106221850794625
I177N,708.0,379.0,-2.5155366796765577,0.06412913380392038
I177P,1903.0,17342.0,1.5739132176279118,0.025393509365687815
I177Q,561.0,208.0,-3.045376456246392,0.08155761253471662
I177R,1183.0,575.0,-2.6548061737404884,0.05144011220533657
I177S,1603.0,1600.0,-1.6167053596949774,0.036200912726529394
I177T,444.0,425.0,-1.6770982389143647,0.06831376803667298
I177V,400.0,884.0,-0.46997623351113127,0.06076865957434595
I177W,264.0,30.0,-4.751080208229343,0.1927994937744194
I177Y,342.0,97.0,-3.431835988556098,0.11529870044406641
I177_,897.0,15.0,-7.515131042730392,0.260381931338489
I199A,961.0,2188.0,-0.4270068728733287,0.039487868550139756
I199C,693.0,1555.0,-0.44802707351751536,0.04634378991660997
I199D,827.0,8046.0,1.6682939955055365,0.037351626312947035
I199E,994.0,2491.0,-0.28860431385464214,0.038329534948848915
I199F,1012.0,1693.0,-0.8716359072931725,0.04050284009328813
I199G,1285.0,2572.0,-0.6128861908750469,0.03505265466781574
I199H,785.0,2368.0,-0.021110620054446194,0.041926700306193825
I199K,459.0,870.0,-0.6914964571835149,0.05822110795089195
I199L,699.0,1459.0,-0.5523980847021681,0.04666556034153173
I199M,1124.0,1512.0,-1.1861900458955645,0.04015876802423342
I199N,421.0,1117.0,-0.20628716091304433,0.05772496156772463
I199P,631.0,1292.0,-0.5801203936001826,0.04919788936700879
I199Q,1528.0,3496.0,-0.4199475297195576,0.031657067337627055
I199R,957.0,2286.0,-0.35777704657794107,0.03929437782154221
I199S,1775.0,4807.0,-0.17669020393325052,0.028863301841765946
I199T,1447.0,3262.0,-0.44131654349965377,0.03254724630495421
I199V,482.0,1244.0,-0.24613975623084183,0.05422343935263436
I199W,612.0,1465.0,-0.35471947511471225,0.04876713020750433
I199Y,610.0,1478.0,-0.33725162394144714,0.0487604999863918
I199_,587.0,69.0,-4.702510598652727,0.12749857090142716
I19A,267.0,1467.0,0.843910169574059,0.06699641973177545
I19C,415.0,1616.0,0.3472152645511244,0.05558841701191905
I19D,563.0,96.0,-4.165906819548584,0.1106952241886581
I19E,677.0,1525.0,-0.44243320212443127,0.04684549096051204
I19F,500.0,45.0,-5.087642334853535,0.15581697150981805
I19G,1019.0,8163.0,1.3879301590929103,0.03413988915704319
I19H,1062.0,11335.0,1.8019135517773726,0.033038107143661316
I19K,423.0,359.0,-1.8506705954177907,0.07218816800936809
I19L,629.0,1305.0,-0.56109685266581,0.0491707337668325
I19M,1837.0,16903.0,1.5878459357356312,0.02579161633339588
I19N,1172.0,7320.0,1.0288578838205504,0.03242731006128455
I19P,821.0,21.0,-6.902254583374648,0.22107934819362587
I19Q,1051.0,10542.0,1.7122988082836579,0.03328675210200108
I19R,641.0,315.0,-2.6389520920732084,0.06925477617899287
I19S,745.0,4513.0,0.9847554235192035,0.04031785000884601
I19T,358.0,3497.0,1.6740472745782258,0.0560433778826672
I19V,292.0,1100.0,0.29942410217344495,0.06629710749420548
I19W,464.0,63.0,-4.494506039007918,0.13448905634134417
I19Y,468.0,140.0,-3.3550123393505915,0.09664748841936409
I19_,632.0,35.0,-5.788111274985898,0.17380219977059827
I205A,1658.0,3364.0,-0.5932735701986185,0.031017422682712053
I205C,1077.0,3294.0,-0.0011895666830676888,0.03596889485015264
I205D,453.0,5.0,-8.112591340036875,0.44929938654993873
I205E,1064.0,252.0,-3.691961678624133,0.07049553785170586
I205F,415.0,675.0,-0.9122400807016309,0.06287068941799087
I205G,743.0,581.0,-1.9688214893278486,0.055934794539054325
I205H,750.0,388.0,-2.5648188528090206,0.0630258064708033
I205K,1160.0,1018.0,-1.8023883653144592,0.04365837511405308
I205L,785.0,1485.0,-0.6943131473591597,0.04482129876919207
I205M,870.0,2019.0,-0.39945868862654166,0.041308448104934
I205N,1104.0,125.0,-4.756640685149859,0.09469336043229172
I205P,1213.0,145.0,-4.678370002078791,0.08821652456652122
I205Q,917.0,661.0,-2.0862682251808593,0.051623837786147
I205R,863.0,1022.0,-1.37004272522159,0.04689224556217834
I205S,1216.0,1368.0,-1.444079172989488,0.04018748597132808
I205T,738.0,4756.0,1.0740366223322595,0.04033533231415702
I205V,474.0,1371.0,-0.08175316269082344,0.053858453171536966
I205W,723.0,1168.0,-0.9220377366231238,0.04796819101989231
I205Y,1265.0,1761.0,-1.1367485441464211,0.03768351221884874
I205_,827.0,26.0,-6.604769326009426,0.19929277466337075
I209A,592.0,1713.0,-0.08116273336476354,0.04831782250713618
I209C,935.0,2113.0,-0.4377569611475671,0.04005557847362635
I209D,384.0,9.0,-7.027475820566503,0.3371254569985319
I209E,1201.0,23.0,-7.319846225844551,0.2106031376534351
I209F,1448.0,3021.0,-0.5530434623277101,0.03291354814441092
I209G,1018.0,2339.0,-0.4138565597145005,0.03836044172877779
I209H,380.0,22.0,-5.7238091895635375,0.21937886621943853
I209K,1099.0,151.0,-4.477491375543417,0.08714167428928188
I209L,548.0,1300.0,-0.36775425993486177,0.05153341278536574
I209M,858.0,2234.0,-0.23343357984939495,0.040924280248004236
I209N,599.0,69.0,-4.731705605970583,0.12736466661544854
I209P,855.0,32.0,-6.3533495677199285,0.1801984959752463
I209Q,1842.0,950.0,-2.5692691450787297,0.04070858973772366
I209R,1167.0,26.0,-7.101609570101477,0.19840696937834326
I209S,1411.0,2131.0,-1.0191937055746845,0.03520876049514779
I209T,843.0,2208.0,-0.22487780014244052,0.0412408245602962
I209V,652.0,2129.0,0.09321387335800502,0.04544341811676001
I209W,720.0,582.0,-1.9209758585417296,0.0562915330873392
I209Y,545.0,276.0,-2.59556501968937,0.07429380469645122
I209_,603.0,12.0,-7.263876727251676,0.2915201151963413
I23A,633.0,2687.0,0.4716986383405253,0.04487313577158268
I23C,582.0,1166.0,-0.6115385412846681,0.05135652515615606
I23D,829.0,21.0,-6.916244293517693,0.2210527636192134
I23E,348.0,113.0,-3.2366811793033117,0.10855385139999202
I23F,879.0,3803.0,0.4991873930436759,0.03823972617808521
I23G,968.0,3492.0,0.23696097779062963,0.0371631371683024
I23H,912.0,2509.0,-0.15400618381498798,0.039455371548942984
I23K,596.0,15.0,-6.92534351089575,0.2614608184635258
I23L,1404.0,3553.0,-0.27451431823986905,0.032486623445425404
I23M,630.0,8077.0,2.0663718359333934,0.042104253297737954
I23N,674.0,1695.0,-0.283550972710227,0.046209394015369346
I23P,851.0,131.0,-4.313502003987863,0.09417941919277634
I23Q,909.0,2649.0,-0.07091763698263431,0.03923367162688565
I23R,1363.0,19.0,-7.777896660785706,0.23108276998200444
I23S,693.0,2531.0,0.2547622759110988,0.04358627504554763
I23T,281.0,1190.0,0.46827746467418674,0.06678775977457727
I23V,1521.0,4200.0,-0.1486397315202148,0.030939232481013962
I23W,421.0,3227.0,1.3242687860403182,0.05241000321657359
I23Y,655.0,2982.0,0.5726934019617138,0.04386025640683565
I23_,419.0,16.0,-6.323942318599487,0.2547728858154
I240A,1897.0,655.0,-3.1481413025861666,0.04599481667160294
I240C,1744.0,11124.0,1.0591938729900616,0.026925274551894054
I240D,1066.0,534.0,-2.6112851644146176,0.053594637549389666
I240E,777.0,305.0,-2.963079478830382,0.0680238878302747
I240F,849.0,1742.0,-0.5771034021108488,0.042586095238653116
I240G,782.0,288.0,-3.0550710080146137,0.06937248194492376
I240H,871.0,3194.0,0.2606047859386367,0.03902386531717071
I240K,936.0,11.0,-8.02364042530997,0.303243416351255
I240L,4096.0,3336.0,-1.910098480326777,0.024608593705589932
I240M,2396.0,7467.0,0.025893877564512113,0.02475816034883657
I240N,2628.0,6647.0,-0.2752680972075989,0.024344264225962416
I240P,1257.0,22.0,-7.44969602773553,0.21515370288711128
I240Q,1348.0,1126.0,-1.873614415227312,0.04112917943890688
I240R,1296.0,35.0,-6.824168834284069,0.1714542218328782
I240S,1439.0,209.0,-4.3974355996728995,0.07443833581605859
I240T,982.0,2621.0,-0.19768961913877536,0.03823003323350817
I240V,887.0,1541.0,-0.8171489067266968,0.04287180452696383
I240W,1176.0,27.0,-7.058265734054928,0.1947699698665436
I240Y,1354.0,1158.0,-1.8395935383431863,0.04078947101532167
I240_,1270.0,45.0,-6.432453337997441,0.15187614685832346
I242A,1380.0,1792.0,-1.2371028893408176,0.036665359569880006
I242C,1312.0,9825.0,1.290677303507088,0.03042456148238231
I242D,829.0,1479.0,-0.7788324588195579,0.04409160440751129
I242E,505.0,1412.0,-0.1306364111429552,0.052440944427590494
I242F,970.0,2765.0,-0.10278968351634887,0.03813480187132289
I242G,875.0,1477.0,-0.8586946722881308,0.043377080701787245
I242H,941.0,1466.0,-0.9743898712159913,0.042502883572873816
I242K,1308.0,2167.0,-0.8856706157779435,0.035884105783536485
I242L,1323.0,2167.0,-0.9021210115053089,0.035763124646793744
I242M,710.0,2173.0,-0.0002192917357515256,0.04393524317110887
I242N,995.0,1771.0,-0.7822134280498148,0.040389950942722866
I242P,1332.0,2335.0,-0.8041790411151668,0.035223463301753806
I242Q,1037.0,2234.0,-0.5067970187655115,0.038387758300461754
I242R,1077.0,1345.0,-1.293417602407847,0.04163735034267242
I242S,1227.0,1967.0,-0.9331455709565288,0.03721637635483755
I242T,1494.0,2662.0,-0.7806766700478236,0.03326678694808228
I242V,1307.0,1902.0,-1.0727482041727496,0.03677700695104714
I242W,1353.0,2085.0,-0.9901210553455368,0.03578254331406678
I242Y,1553.0,3927.0,-0.27563870383132016,0.030987757000551265
I242_,786.0,16.0,-7.2315053104890445,0.2525765109930332
I244A,824.0,8857.0,1.812083140701508,0.03725809960843293
I244C,917.0,8643.0,1.6225216026167923,0.035607367830814314
I244D,935.0,29.0,-6.624362450352691,0.18868508937641518
I244E,736.0,32.0,-6.137133642177779,0.18072243407948754
I244F,1008.0,7307.0,1.243768374335343,0.0345049575477673
I244G,1201.0,5832.0,0.6657421737878297,0.032646340778973486
I244H,1310.0,12464.0,1.6361157100387946,0.030087663826340063
I244K,1030.0,23.0,-7.098256406491184,0.21093106318351568
I244L,1493.0,4940.0,0.1122872775509931,0.03055978043321118
I244M,2099.0,11018.0,0.7780798762476571,0.025077063724120476
I244N,1381.0,10292.0,1.2837262363446578,0.029714542411258475
I244P,914.0,17.0,-7.36175775968269,0.24483609042222676
I244Q,1391.0,1031.0,-2.0460773218717296,0.04183907685178213
I244R,565.0,10.0,-7.432765378630808,0.3189540149318332
I244S,1136.0,2967.0,-0.228968601476347,0.03576306962703811
I244T,1023.0,6528.0,1.0598201635233768,0.0345308145432446
I244V,1640.0,6807.0,0.4393137612309279,0.028606700627432275
I244W,1711.0,9403.0,0.8442716043364356,0.027431416413830245
I244Y,1226.0,29328.0,2.9662336751280596,0.030189976665262273
I244_,857.0,18.0,-7.186444808320576,0.23822938438664154
I249A,776.0,2653.0,0.15948010850620875,0.041560282772022575
I249C,389.0,1236.0,0.05380841217152543,0.05866316143259718
I249D,376.0,11.0,-6.70788751311672,0.3058556990522811
I249E,1493.0,36.0,-6.98768527493784,0.16882397729958323
I249F,1453.0,6527.0,0.5533747614450042,0.03005194803071526
I249G,455.0,683.0,-1.0279944074612626,0.06102085597861156
I249H,830.0,31.0,-6.356326143349633,0.18306870395513947
I249K,1311.0,34.0,-6.882578729975491,0.17386078045535663
I249L,973.0,3477.0,0.22331782279193568,0.03710829634892242
I249M,671.0,2081.0,0.018874869518286097,0.04508336956438948
I249N,836.0,34.0,-6.233492144352259,0.17510270766893415
I249P,1271.0,80.0,-5.603654101518721,0.11552877186385206
I249Q,660.0,20.0,-6.657697667154965,0.2270502689149159
I249R,702.0,18.0,-6.898624351428034,0.23876949803095052
I249S,1342.0,3697.0,-0.15203933216393484,0.03282260420429783
I249T,2081.0,11176.0,0.8110465576861543,0.0251335796728795
I249V,968.0,2355.0,-0.3313635266812618,0.03897893518568185
I249W,413.0,675.0,-0.9052706942301123,0.0629634177600734
I249Y,797.0,669.0,-1.866572906207213,0.05301998615131542
I249_,384.0,11.0,-6.738260362815673,0.3057651120676609
I256A,1027.0,1626.0,-0.9511169553923171,0.04062494656164667
I256C,1518.0,1822.0,-1.3506532735192156,0.03562702848555956
I256D,1026.0,20.0,-7.2941826709526785,0.22585691361029134
I256E,1806.0,56.0,-6.624980498820734,0.13590196835581836
I256F,1564.0,2258.0,-1.0842007178412567,0.03382208595006788
I256G,956.0,1892.0,-0.6291807564868188,0.040450416037764086
I256H,1354.0,25.0,-7.372592382378782,0.20195107561494102
I256K,952.0,21.0,-7.1158315168796955,0.2206999668581734
I256L,668.0,1648.0,-0.31121946435940107,0.04653449875658249
I256M,959.0,925.0,-1.6660797528510836,0.04674927753577623
I256N,626.0,15.0,-6.996192677339232,0.2613070109385214
I256P,835.0,12.0,-7.733488275301958,0.2907287751857683
I256Q,888.0,27.0,-6.653013234280153,0.19547665257301264
I256R,860.0,19.0,-7.113525854331824,0.23200938219604997
I256S,1066.0,533.0,-2.613989322655839,0.05362740413437391
I256T,1077.0,932.0,-1.8226171620373801,0.045421689847671864
I256V,919.0,3585.0,0.3498218219125322,0.037798812854784626
I256W,783.0,700.0,-1.775658056973124,0.05260567916261928
I256Y,1067.0,298.0,-3.4541439057565864,0.06598843834668215
I256_,1284.0,35.0,-6.810748422557447,0.17147524991560598
I272A,1031.0,1702.0,-0.8908216685224515,0.04023862414186479
I272C,970.0,2302.0,-0.36718028107649925,0.039076895312066755
I272D,1153.0,15.0,-7.877340094474417,0.25990619569490886
I272E,1246.0,47.0,-6.342207012360404,0.14878277827593472
I272F,1345.0,6870.0,0.7386924437454314,0.03083395293517794
I272G,1761.0,99.0,-5.766687902982062,0.10358344176671262
I272H,6787.0,156.0,-7.057068583299687,0.08135643411224344
I272K,1581.0,96.0,-5.655520860097324,0.1054029048007184
I272L,1558.0,3916.0,-0.2843229004359924,0.030965947891483266
I272M,886.0,3057.0,0.17272352830285076,0.03895453778802464
I272N,530.0,24.0,-6.078315127589215,0.208800750003221
I272P,1463.0,48.0,-6.5434637406210285,0.1468815844439761
I272Q,1666.0,194.0,-4.71619699516934,0.07626462837387595
I272R,1172.0,20.0,-7.486122758113357,0.22558796753447216
I272S,612.0,508.0,-1.8827011861371057,0.06053188398708134
I272T,1147.0,3088.0,-0.1852034009369783,0.03545911294256711
I272V,1329.0,3833.0,-0.08587705424330228,0.032787420130053924
I272W,1272.0,228.0,-4.093943864496475,0.07234371746938359
I272Y,1087.0,204.0,-4.027656292836384,0.07670305602808829
I272_,1429.0,39.0,-6.80903105983718,0.16246821668348896
I277A,1489.0,3869.0,-0.23639184146321757,0.03149182076970953
I277C,848.0,2206.0,-0.23471670812081147,0.04116092857158531
I277D,1972.0,5046.0,-0.2585266583871726,0.027693984235980042
I277E,1377.0,1034.0,-2.027291754564357,0.04189275994564875
I277F,1238.0,10240.0,1.4341193949780733,0.031098032648170938
I277G,1146.0,2831.0,-0.3093056438955797,0.03588184948500975
I277H,678.0,1055.0,-0.9761246394930838,0.0498442210892811
I277K,1087.0,2664.0,-0.3207685708367132,0.03683764740676476
I277L,1608.0,3993.0,-0.30180254963612496,0.030561542525026707
I277M,749.0,1668.0,-0.458931803466613,0.04467992850258382
I277N,1537.0,17716.0,1.9128524039457924,0.02772622467280025
I277P,1255.0,75.0,-5.678474963548492,0.1191219784692745
I277Q,934.0,1507.0,-0.9238237673730376,0.04237807822227915
I277R,1594.0,1934.0,-1.3350682818355262,0.03472884401401129
I277S,1198.0,2507.0,-0.5486750559685145,0.035990035723877045
I277T,662.0,1607.0,-0.33454886459474853,0.04684558064074957
I277V,1737.0,3444.0,-0.6265195841466542,0.03045890165233025
I277W,954.0,1566.0,-0.8989857248321336,0.04181454448132494
I277Y,920.0,1232.0,-1.1927103376825805,0.04427538811133886
I277_,1382.0,34.0,-6.958668094790005,0.17374804763787235
I281A,952.0,3095.0,0.08689258168939507,0.03788394685612494
I281C,849.0,1636.0,-0.6676747411732631,0.043020567147866715
I281D,696.0,143.0,-3.8969948592507277,0.0921464189957279
I281E,740.0,451.0,-2.3283882007491954,0.060251658810050616
I281F,969.0,1982.0,-0.5816220738677584,0.03997753091724053
I281G,1272.0,2877.0,-0.43654263306003305,0.03457490396950632
I281H,1374.0,1805.0,-1.2203885304110869,0.036653701777882665
I281K,1350.0,1227.0,-1.7518259431977512,0.04021701255225415
I281L,1258.0,3238.0,-0.2500388053793019,0.034138269752350105
I281M,1257.0,3655.0,-0.07412362983590803,0.03362765593984389
I281N,169.0,248.0,-1.06071317411591,0.10005292948324217
I281P,1709.0,1315.0,-1.9920899243883334,0.03751357269403066
I281Q,1275.0,1640.0,-1.2508068067474536,0.038154207049042536
I281R,1379.0,30.0,-7.136048645735448,0.18468640282855006
I281S,1796.0,3569.0,-0.623274295393708,0.02997770970745975
I281T,907.0,2056.0,-0.43334593668456645,0.04062740695541683
I281V,1153.0,3139.0,-0.16909825671168743,0.035320681016774366
I281W,1471.0,1743.0,-1.3692290638097173,0.036265807140660994
I281Y,1187.0,1386.0,-1.3903972787543077,0.040319126523922014
I281_,596.0,14.0,-7.0248105320856205,0.2704017292789554
I288A,758.0,2040.0,-0.18571541827560445,0.043256456707570556
I288C,1122.0,2530.0,-0.44094530306371116,0.036717796370715414
I288D,913.0,995.0,-1.4899224929800265,0.046497062728087686
I288E,1519.0,3432.0,-0.4380804671737164,0.031802225042399
I288F,1453.0,3499.0,-0.346100700468881,0.03218237399477764
I288G,1165.0,2558.0,-0.47932329052258993,0.03620737740918585
I288H,612.0,1319.0,-0.506174485134256,0.04953572606899453
I288K,762.0,1826.0,-0.35319002575320635,0.04383656492840036
I288L,1044.0,2768.0,-0.20728923193584148,0.03715910607677304
I288M,1117.0,2703.0,-0.3390781085077501,0.036426482546055156
I288N,981.0,1743.0,-0.7847617575238175,0.040678757804125755
I288P,1254.0,1749.0,-1.1340131711080321,0.03782693998095101
I288Q,934.0,2462.0,-0.21567613590823864,0.039223820607375524
I288R,796.0,1618.0,-0.5906407919939207,0.04399991293742373
I288S,1007.0,2364.0,-0.382844727853878,0.038441285291976754
I288T,1175.0,2623.0,-0.4554525834195573,0.035971955005499885
I288V,970.0,1926.0,-0.6244591878800962,0.04014733954776443
I288W,893.0,2109.0,-0.37418515638357164,0.04068965435328174
I288Y,1081.0,2644.0,-0.3236550918090728,0.03694533502670456
I288_,996.0,32.0,-6.57356850130447,0.17973849607583903
I295A,1272.0,1265.0,-1.6219640791314331,0.040476517740227036
I295C,1448.0,1838.0,-1.269929806068924,0.03600490533504896
I295D,1420.0,1377.0,-1.6583649091854027,0.03862790563006079
I295E,922.0,1639.0,-0.7840325026252737,0.04190936531798273
I295F,922.0,802.0,-1.815165028927117,0.04891970710290891
I295G,913.0,1650.0,-0.7602306550728333,0.04198831683163047
I295H,1129.0,2832.0,-0.28723476109142343,0.03606274264384953
I295K,1342.0,3168.0,-0.37482138865170533,0.03350358281608515
I295L,1855.0,2096.0,-1.4377842204008924,0.03283079612491741
I295M,1037.0,1209.0,-1.3926064849739461,0.0430478505291271
I295N,1253.0,2171.0,-0.821034413491077,0.03633699072520923
I295P,1065.0,74.0,-5.461005806425347,0.12046713033581798
I295Q,1153.0,1029.0,-1.7781508791345688,0.043598011223442486
I295R,950.0,41.0,-6.147897907039471,0.1596828123928856
I295S,326.0,372.0,-1.4235776714799098,0.07627039999258957
I295T,1533.0,3154.0,-0.5731827297855911,0.032109994189542634
I295V,1325.0,2738.0,-0.5668783883465416,0.034374752481387036
I295W,811.0,58.0,-5.419349035174463,0.13613640641636654
I295Y,1052.0,2426.0,-0.408565777334438,0.03774181134296661
I295_,679.0,11.0,-7.560549303838265,0.30390942279979566
I298A,1342.0,3642.0,-0.1736633944429542,0.032884770760965694
I298C,1141.0,3517.0,0.010035145129426937,0.034963302192579454
I298D,561.0,851.0,-1.012853258534168,0.05494776889067425
I298E,1181.0,2607.0,-0.4716279199591664,0.035944368596694115
I298F,869.0,2346.0,-0.18123837708236756,0.040480537899310345
I298G,936.0,3259.0,0.1858350744349826,0.03790633013599022
I298H,852.0,870.0,-1.583841236014436,0.04883431971544969
I298K,831.0,74.0,-5.103076572560477,0.12155955793485525
I298L,787.0,1644.0,-0.5512376539848631,0.04405206298587667
I298M,1100.0,3054.0,-0.1408147092104155,0.036030605853522586
I298N,882.0,1412.0,-0.9351194681194412,0.04363104212843548
I298P,1532.0,2788.0,-0.750192834635127,0.03275819876728832
I298Q,1288.0,6159.0,0.6435518199359436,0.03162971397406004
I298R,1278.0,860.0,-2.1854766407707507,0.04479874138640952
I298S,644.0,2005.0,0.024451580583238375,0.04596961073691171
I298T,2160.0,29587.0,2.1618511554009796,0.023631398560017173
I298V,870.0,2125.0,-0.32563711448281385,0.04100831206498553
I298W,1075.0,1303.0,-1.336504780394577,0.041944740853707564
I298Y,1369.0,4369.0,0.06017056683538469,0.0319534539718126
I298_,980.0,24.0,-6.96509201803973,0.20671573258778994
I304A,1091.0,1474.0,-1.1799208693746994,0.040702418770133766
I304C,988.0,2309.0,-0.38932598397881346,0.03881887566415955
I304D,2203.0,137.0,-5.62112579932581,0.0883987855335019
I304E,566.0,217.0,-2.9970688735532987,0.08022792142601844
I304F,1732.0,620.0,-3.0960867261792746,0.047454448112007906
I304G,1096.0,1943.0,-0.7879704917098724,0.03858431529162347
I304H,760.0,185.0,-3.6524180053010893,0.08235635348860003
I304K,1029.0,843.0,-1.901638208715049,0.047113872320169704
I304L,1258.0,2613.0,-0.5594336006573446,0.035203553987782826
I304M,2331.0,1917.0,-1.8961001870292473,0.031817099778811836
I304N,1310.0,9400.0,1.2290816107214906,0.030519164126473597
I304P,657.0,31.0,-6.0191127543359375,0.1839331195163831
I304Q,1788.0,777.0,-2.8163525903229827,0.043680078683273886
I304R,679.0,227.0,-3.1946798268892227,0.07706820491587867
I304S,1004.0,1307.0,-1.233506315570911,0.04269419943018447
I304T,1606.0,4296.0,-0.19448638062632062,0.030283969741997544
I304V,1410.0,3328.0,-0.3750484821638502,0.032731914953673086
I304W,1752.0,14387.0,1.423681022384239,0.0264945976658909
I304Y,904.0,244.0,-3.5034013143356075,0.07256761476498202
I304_,959.0,24.0,-6.933841406417906,0.20676977134632532
I309A,1078.0,3041.0,-0.11782285678150917,0.03630642997933824
I309C,806.0,1913.0,-0.36702808419087507,0.04272118184901029
I309D,2233.0,424.0,-4.010822372802443,0.05355319349059254
I309E,1240.0,466.0,-3.0259217926115864,0.05489995782478229
I309F,1601.0,4047.0,-0.2761287613744767,0.03055135485990037
I309G,1147.0,297.0,-3.5632974145637775,0.06557747743065902
I309H,1502.0,665.0,-2.789449333944643,0.047235525578058025
I309K,1250.0,78.0,-5.61613960934413,0.11696386851372761
I309L,1144.0,1755.0,-0.9966232682308336,0.03880205043871659
I309N,1002.0,1345.0,-1.1892828637061603,0.0424637079152696
I309P,1008.0,35.0,-6.461601935415937,0.17209591758668616
I309Q,1523.0,252.0,-4.209375383197524,0.0684571002377521
I309R,1146.0,48.0,-6.1911437429700635,0.14752379555959422
I309S,913.0,1423.0,-0.973759622889899,0.04312421092195104
I309T,1964.0,4211.0,-0.5136388300034258,0.02843094545067393
I309V,1796.0,4377.0,-0.3288525590147757,0.029102230144093005
I309Y,1445.0,3104.0,-0.5109491275548357,0.032800673861805324
I309_,2194.0,49.0,-7.098353000581458,0.14464255660928962
I313A,1169.0,295.0,-3.60045436360684,0.06562639591174739
I313C,1737.0,1616.0,-1.7181727902549135,0.03544282068947403
I313D,1021.0,21.0,-7.21677988031615,0.22053908627167843
I313E,1619.0,63.0,-6.2973901329504764,0.12864618812401918
I313F,1190.0,1334.0,-1.4492070718726433,0.04064027808539752
I313G,2919.0,128.0,-6.125153587965305,0.09064300944259408
I313H,1261.0,48.0,-6.329103826469556,0.14725383745191312
I313K,2102.0,100.0,-6.0075562215098,0.1026470593423089
I313L,1009.0,2689.0,-0.1998682084555341,0.03774437830218826
I313M,969.0,1758.0,-0.7546430384454661,0.040773638962853236
I313N,799.0,142.0,-4.106223891093548,0.09140563426975698
I313P,980.0,12.0,-7.964491270564512,0.29042387647030976
I313Q,1006.0,970.0,-1.6665759766866444,0.045679608944018686
I313R,912.0,22.0,-6.9868214491757445,0.21585193177705161
I313S,1625.0,922.0,-2.431597149293063,0.04197203027512196
I313T,989.0,1485.0,-1.0275872235137564,0.04178746011537524
I313V,852.0,1646.0,-0.6639720241074025,0.04292910935180472
I313W,1014.0,36.0,-6.429533326469364,0.16975844898349124
I313Y,869.0,38.0,-6.128924704605759,0.16589540196741454
I313_,2222.0,49.0,-7.116648208706403,0.14462270127773455
I320A,881.0,1922.0,-0.4886173136986809,0.04143709828267182
I320C,1425.0,6555.0,0.5876230817455448,0.030265295172812488
I320D,1401.0,91.0,-5.55830122478816,0.1084585537412742
I320E,1492.0,2073.0,-1.1395329854029095,0.03484696108988093
I320F,1489.0,1782.0,-1.3548508663283334,0.035978254580080804
I320G,1445.0,662.0,-2.7401574179731427,0.04758436187832128
I320H,1760.0,4288.0,-0.3292782118743962,0.02937806261787287
I320K,1510.0,6899.0,0.5778283916837834,0.02947675635100605
I320L,717.0,1628.0,-0.43095844001914774,0.04550396786013761
I320M,1353.0,2763.0,-0.5839345747781794,0.03409839487188156
I320N,1105.0,1435.0,-1.2370014913214282,0.04078617416551504
I320P,1111.0,23.0,-7.207469864625201,0.21076321064797263
I320Q,1175.0,2097.0,-0.7783421499609062,0.037277467673222216
I320R,1177.0,1835.0,-0.9733415087609183,0.038160846083497554
I320S,1342.0,1783.0,-1.2040834836922985,0.0369822098109519
I320T,1446.0,1873.0,-1.2407217834386075,0.03587675697118147
I320V,1394.0,4384.0,0.03900732243565885,0.031735472269364656
I320W,1082.0,292.0,-3.5036270081523293,0.06641106604697719
I320Y,459.0,628.0,-1.1617409089662294,0.061908130868325945
I320_,1605.0,30.0,-7.354998013102239,0.1844097572369529
I342A,789.0,1682.0,-0.5219320637067195,0.0438591086065092
I342C,1074.0,2106.0,-0.6424979956143311,0.038309334926691384
I342D,2013.0,373.0,-4.046070982095943,0.05691524713409804
I342E,1259.0,904.0,-2.0918819615757718,0.044296059445718336
I342F,882.0,3785.0,0.4874273377383762,0.03820546623194218
I342G,1548.0,4614.0,-0.03839651658282239,0.030404036530478525
I342H,998.0,1443.0,-1.0820477349737736,0.04191268806047859
I342K,1425.0,1381.0,-1.6592511333076438,0.038568649724818736
I342L,1520.0,2523.0,-0.8829377467665189,0.033405477798546246
I342M,988.0,2233.0,-0.4376106932764525,0.03900826957415701
I342N,1248.0,1966.0,-0.9583616905153951,0.0370351671321558
I342P,622.0,691.0,-1.4622340419857114,0.055825906320948755
I342Q,704.0,1365.0,-0.6587591625460902,0.04706074049944399
I342R,1355.0,29.0,-7.159612249164538,0.18780457291704541
I342S,1039.0,1385.0,-1.1993160029768095,0.04178701537300629
I342T,1272.0,1789.0,-1.1219514170885372,0.037507456211194765
I342V,1499.0,3734.0,-0.29728707259613874,0.031568958198374096
I342W,681.0,908.0,-1.1989706530803987,0.051297175726919865
I342Y,1609.0,22332.0,2.180865053508051,0.02698078041429133
I342_,1869.0,37.0,-7.2722181984635945,0.16618198030135461
I346A,927.0,873.0,-1.7005895785336964,0.04781090699745192
I346C,1129.0,1549.0,-1.1577146629492807,0.039912265453758956
I346D,970.0,406.0,-2.8704872152243865,0.05962880420812111
I346E,1541.0,1724.0,-1.4521109373792207,0.035925640659049275
I346F,1735.0,7049.0,0.40847381785234527,0.02792692265462058
I346G,1223.0,991.0,-1.917467535945696,0.04345583870648025
I346H,1001.0,3279.0,0.09780105869637978,0.03695463000324809
I346K,1235.0,1448.0,-1.384454013943615,0.03952210229994221
I346L,1245.0,2149.0,-0.8264879902667346,0.03647218816341231
I346M,2260.0,3471.0,-0.994976490837356,0.028147114627391678
I346N,1055.0,1504.0,-1.1024453705212522,0.04091981271070233
I346P,2396.0,7396.0,0.012110389814181222,0.024784110399954044
I346Q,822.0,1497.0,-0.7491468475318266,0.04411589264898681
I346R,1252.0,889.0,-2.107977389170749,0.044556099097277015
I346S,845.0,600.0,-2.1079847253597492,0.05396054483595159
I346T,496.0,668.0,-1.1845023633336753,0.059789259280653935
I346V,1246.0,2970.0,-0.36085071454040474,0.034654646761294344
I346W,828.0,2208.0,-0.19897624672894665,0.04150054149234389
I346Y,922.0,2473.0,-0.1905890858229249,0.03937811609580658
I346_,1364.0,27.0,-7.272219627384265,0.1944688682322251
I355A,2401.0,3394.0,-1.1146534528752121,0.027799490692750294
I355C,1392.0,2727.0,-0.6438524408735828,0.033864010364951194
I355D,2093.0,2205.0,-1.5387968621174295,0.03151153833327304
I355E,1368.0,1284.0,-1.7054251940324887,0.03964192861558461
I355F,1276.0,4405.0,0.1735028026366603,0.03274737730406388
I355G,1258.0,2734.0,-0.49412772672581795,0.03496216401479555
I355H,213.0,367.0,-0.8291046441882317,0.08649289124222605
I355K,544.0,1215.0,-0.4547397448484718,0.05218164005743279
I355L,519.0,1634.0,0.040579715469296396,0.05099431409505774
I355M,1227.0,2896.0,-0.37508327895440097,0.03495676643906093
I355N,1361.0,3327.0,-0.3244543207120194,0.0331210235715017
I355P,872.0,628.0,-2.0875600039802586,0.052922497427413014
I355Q,1648.0,2064.0,-1.289277892356254,0.033955408598832504
I355R,1140.0,2402.0,-0.5388071784889643,0.03681286256343068
I355S,1834.0,3456.0,-0.6998969695265265,0.02993806730490383
I355T,1287.0,2940.0,-0.4222050572774494,0.034333849174979836
I355V,1155.0,2564.0,-0.46350630996199627,0.03629725900377255
I355W,1484.0,3376.0,-0.4281844923560949,0.03212072729577336
I355Y,399.0,763.0,-0.6787257948271774,0.06227748571177728
I355_,939.0,28.0,-6.6811294896266125,0.1919066703189488
I359A,1309.0,1620.0,-1.306476256176178,0.03798552101201957
I359C,743.0,1014.0,-1.1653845090637036,0.04892590353005101
I359D,1526.0,87.0,-5.746442243754123,0.1104985027470438
I359E,1028.0,739.0,-2.090191363039633,0.048863057696821234
I359F,1742.0,3680.0,-0.5350460752905404,0.030124267152097203
I359G,1578.0,993.0,-2.2822290526224207,0.04126054182299841
I359H,2781.0,1642.0,-2.3741488752546385,0.03209789466817621
I359K,1308.0,42.0,-6.5744998307127185,0.15693966973191079
I359L,1110.0,2281.0,-0.5749027584874833,0.03742964912179003
I359M,1340.0,4642.0,0.17850300738221403,0.031990163667571944
I359N,2779.0,3859.0,-1.1403430997422772,0.026089418468598715
I359P,1238.0,1763.0,-1.1039851663111957,0.037903076881954406
I359Q,1660.0,2951.0,-0.7839859790739259,0.03166949010470459
I359R,538.0,9.0,-7.513964928351538,0.33601811917811947
I359S,1511.0,1953.0,-1.2438167283326136,0.035150002830001616
I359T,894.0,13487.0,2.3011329104819205,0.0354172938156053
I359V,1784.0,4013.0,-0.44444180711404746,0.029519621400335403
I359W,1758.0,89.0,-5.917834895339789,0.10892750465938596
I359Y,972.0,318.0,-3.2259018799213726,0.06507714471788108
I359_,1482.0,26.0,-7.446347829079066,0.1979474528532022
I363A,1460.0,2224.0,-1.006817831749356,0.034586827601112105
I363C,1299.0,1255.0,-1.6637165334221624,0.04035228588777793
I363D,1416.0,76.0,-5.83350126551048,0.11800024121377528
I363E,714.0,536.0,-2.0276872197315434,0.057687615705044736
I363F,1119.0,1214.0,-1.4964454798049411,0.04217875138982422
I363G,1779.0,2634.0,-1.0478166535703775,0.03167717205113627
I363H,1195.0,36.0,-6.666484137353881,0.16931792732647447
I363K,1270.0,26.0,-7.22363250344,0.19823175877311708
I363L,738.0,1774.0,-0.3487009841120505,0.04450138685596978
I363M,1771.0,10910.0,1.0090053044346572,0.026795373790666495
I363N,882.0,58.0,-5.540424344530237,0.13577136931840167
I363P,1628.0,40.0,-6.9606079786212955,0.16021760816236585
I363Q,1698.0,1002.0,-2.3749509048777733,0.04060298358916936
I363R,1309.0,26.0,-7.267268765277356,0.19817257861729493
I363S,1019.0,1024.0,-1.6069412614857406,0.044939750374227025
I363T,1747.0,5123.0,-0.06189901464606917,0.028797358836145665
I363V,1345.0,3211.0,-0.3585925972551176,0.03341557943930646
I363W,2342.0,1869.0,-1.9394758039773388,0.03199546588821666
I363Y,1570.0,50.0,-6.586416189147255,0.14385625804944913
I363_,1437.0,50.0,-6.458712542311007,0.14406100701851374
I372A,1459.0,309.0,-3.853267196010847,0.0631127645486724
I372C,1194.0,1046.0,-1.8049211316006142,0.043072163753782165
I372D,1412.0,38.0,-6.829230326724725,0.16455625157250267
I372E,962.0,52.0,-5.823193803890558,0.14257715635013576
I372F,1819.0,2562.0,-1.1198802236144956,0.03165046113323043
I372G,1256.0,1346.0,-1.5141616785027558,0.04000989999808079
I372H,1065.0,435.0,-2.905749361913779,0.057440748692477346
I372K,1125.0,35.0,-6.620029809539535,0.17179590270861125
I372L,1789.0,5685.0,0.05399857902616345,0.02822327258937652
I372M,729.0,924.0,-1.2720329955223626,0.05015621823467983
I372N,536.0,96.0,-4.095006188720937,0.11109861433562748
I372P,1208.0,269.0,-3.780903544959698,0.06787359727356876
I372Q,2159.0,2348.0,-1.492934228980316,0.030834256564509176
I372R,2193.0,77.0,-6.445725639963492,0.11620242861317377
I372S,1515.0,168.0,-4.786711162330539,0.08169315685393637
I372T,1687.0,475.0,-3.442441590864254,0.05253253385593133
I372V,689.0,961.0,-1.1339763345814147,0.05053328809220932
I372W,1420.0,1100.0,-1.9823873066086235,0.04092660014515826
I372Y,1028.0,622.0,-2.338847474915876,0.05140163363098902
I372_,1100.0,19.0,-7.468617153078034,0.23146200313374643
I375A,664.0,1545.0,-0.3956635541147637,0.04706304260474569
I375C,1198.0,2922.0,-0.3276816913083307,0.035194194299712794
I375D,1018.0,635.0,-2.294903372965485,0.0511739243520987
I375E,1108.0,2527.0,-0.42454238483865847,0.036877189206502126
I375F,888.0,1853.0,-0.5527800172820667,0.041562717688672604
I375G,1179.0,2413.0,-0.5807449166697243,0.03639056131300972
I375H,895.0,1587.0,-0.7876673442366879,0.042533578101034475
I375K,566.0,793.0,-1.1274913396434378,0.055582865575199814
I375L,2033.0,4574.0,-0.4441606478726916,0.02778833572126191
I375M,1478.0,3680.0,-0.29794920012729476,0.03178061300067412
I375N,549.0,1240.0,-0.43855543368930494,0.05186124871447207
I375P,1671.0,800.0,-2.676633284597886,0.04370478693770326
I375Q,2008.0,3471.0,-0.8244137886116945,0.029116827293162544
I375S,415.0,867.0,-0.5511003225342881,0.06020509354054295
I375T,853.0,2334.0,-0.161826673691575,0.0407731521946167
I375V,1726.0,18363.0,1.7972869752320668,0.02637255740356332
I375W,1131.0,2653.0,-0.3839844278532647,0.03637003432654417
I375Y,2003.0,3650.0,-0.7482720634174358,0.02889470617374132
I375_,1429.0,32.0,-7.0943523813161615,0.17889020698093785
I53A,447.0,1033.0,-0.4055276472015832,0.057156056725509295
I53C,1121.0,2875.0,-0.2552350298728401,0.03607715539685505
I53D,669.0,9.0,-7.828359715579761,0.3354761107333864
I53E,802.0,37.0,-6.051636040723489,0.16831005676066937
I53F,224.0,570.0,-0.26657876356921584,0.07924724079353548
I53G,1289.0,2992.0,-0.3991513151456685,0.03423004842725812
I53H,1142.0,821.0,-2.0901064404709446,0.046425688984424465
I53K,391.0,150.0,-2.9961496836374666,0.09636070341237886
I53L,2762.0,2990.0,-1.499571089665055,0.027535173394664495
I53M,534.0,1426.0,-0.19695742090121016,0.0513377543774908
I53N,934.0,1003.0,-1.5111767678911887,0.04614471739333948
I53P,648.0,138.0,-3.8452461266057254,0.0940782725911833
I53Q,847.0,510.0,-2.3458563237013594,0.056595521333765914
I53R,1410.0,29.0,-7.217014144896314,0.18772791615327858
I53S,382.0,1023.0,-0.19286491835008235,0.060472503117212154
I53T,414.0,1014.0,-0.3216684962798295,0.058849534614321596
I53V,796.0,2573.0,0.07859574784773216,0.04131100405397248
I53W,681.0,1009.0,-1.0468102716942065,0.05021116644545165
I53Y,1093.0,800.0,-2.064219517857169,0.04718657277016194
I53_,751.0,151.0,-3.928190885016992,0.08952821768886025
I54A,1038.0,1108.0,-1.5198522965732817,0.04390426343676656
I54C,739.0,311.0,-2.8626357741715385,0.06804539603022566
I54D,119.0,2.0,-7.5017463478775,0.7113204457991666
I54E,1571.0,5349.0,0.15357668072789332,0.02975176011612854
I54F,958.0,372.0,-2.978702168583234,0.061592319199487176
I54G,1072.0,590.0,-2.475509908060819,0.051859398457958464
I54H,512.0,165.0,-3.24762138589291,0.08986105490758699
I54K,573.0,77.0,-4.50944547112927,0.12162310793695769
I54L,1017.0,1943.0,-0.6800433951131799,0.039492068228483224
I54M,705.0,998.0,-1.1125923059634912,0.04982064960240649
I54N,585.0,251.0,-2.8347193012077696,0.07586145974727677
I54P,1546.0,62.0,-6.253907807504765,0.12974953228904484
I54Q,1081.0,1815.0,-0.8664052281987615,0.03921358867028865
I54R,1321.0,28.0,-7.173558450329923,0.19110263019765647
I54S,841.0,603.0,-2.0939438838694686,0.05393586336217081
I54T,795.0,1316.0,-0.8868773169331456,0.04560046074908842
I54V,595.0,940.0,-0.9542406668540737,0.05297306914584157
I54Y,2593.0,23277.0,1.552203220461194,0.022142642160159026
I54_,1140.0,33.0,-6.7240023869584356,0.17672781104894594
I5C,1049.0,36.0,-6.478489877337063,0.16966150769129126
I5D,317.0,25.0,-5.277954244089901,0.20784649282972514
I5E,377.0,15.0,-6.264609764878138,0.2633180300153861
I5F,492.0,923.0,-0.706344216241253,0.0563699783330911
I5G,974.0,133.0,-4.486404725525577,0.09277175635990623
I5H,441.0,997.0,-0.4372062508627508,0.05772525276897237
I5K,439.0,1334.0,-0.010559082614381765,0.05558017246026138
I5L,1588.0,39.0,-6.961235045035872,0.162252442886968
I5M,735.0,748.0,-1.5887091771585808,0.052527038675763936
I5N,484.0,1502.0,0.01978280173691882,0.052853865570483397
I5P,271.0,164.0,-2.338565161395027,0.09924098699315266
I5Q,901.0,2492.0,-0.14630802174996038,0.03965894169121374
I5R,925.0,1679.0,-0.753932900715947,0.041693429016282334
I5S,944.0,770.0,-1.9079278164975024,0.04919023080835737
I5T,570.0,292.0,-2.5789723100609567,0.0723918434918335
I5V,178.0,26.0,-4.38882284099471,0.21006212590695358
I5W,975.0,1777.0,-0.7480399769059218,0.04062089490553073
I5Y,1433.0,3400.0,-0.36751254383303067,0.0324597008676576
I5_,531.0,9.0,-7.495070970097634,0.3360545768339147
I70A,627.0,601.0,-1.6751023128781828,0.05762308810698311
I70C,556.0,683.0,-1.3172069853830184,0.05765691434929952
I70D,874.0,64.0,-5.385283428913456,0.12972430075290303
I70E,1070.0,43.0,-6.250811194376794,0.15571339425043507
I70F,792.0,2050.0,-0.24196246008864986,0.042568725386432006
I70G,432.0,692.0,-0.934274678005159,0.06181836795849118
I70H,615.0,36.0,-5.708143220266269,0.17163256466759136
I70K,974.0,24.0,-6.95623213180468,0.20673093588657565
I70L,1152.0,1713.0,-1.0416225228753841,0.03890371879624885
I70M,791.0,1008.0,-1.2642607435431277,0.04814502812298423
I70N,385.0,368.0,-1.6791538046901167,0.07332350346427811
I70P,397.0,1348.0,0.14958109082688953,0.05763979582212544
I70Q,654.0,67.0,-4.900867239068436,0.1285062565371197
I70R,918.0,27.0,-6.700947180416215,0.1953824992394822
I70S,1394.0,1101.0,-1.95441619433804,0.04107670257875827
I70T,671.0,1243.0,-0.7245711253383682,0.04854351732930119
I70V,473.0,1223.0,-0.2435092453183083,0.0547125083805784
I70W,1097.0,2728.0,-0.2997306003237856,0.03660354971536775
I70Y,182.0,7.0,-6.312462318933441,0.3849795313141864
I70_,503.0,18.0,-6.417719851388821,0.23994671096783404
I71A,127.0,24.0,-4.017237638069052,0.22267553108473767
I71C,789.0,288.0,-3.067927537045364,0.06929066520455626
I71D,1395.0,34.0,-6.972175503836292,0.17372864194424198
I71E,600.0,14.0,-7.034460540746754,0.2703810457277299
I71F,1096.0,154.0,-4.445167883216799,0.08641278181407014
I71G,620.0,95.0,-4.320143067576807,0.11045256287853925
I71H,722.0,37.0,-5.900034634339064,0.16871997608121772
I71K,722.0,26.0,-6.408883370696292,0.1997334653470844
I71L,996.0,310.0,-3.2978483300019876,0.06550871653831151
I71M,582.0,1135.0,-0.6504136943680967,0.05158407316664136
I71N,1006.0,213.0,-3.8536544360317446,0.07583089569903206
I71P,889.0,817.0,-1.735848766735514,0.04909689937559641
I71Q,835.0,354.0,-2.852006217628282,0.06390659567673111
I71R,1170.0,68.0,-5.718633014647691,0.12498038707222225
I71S,439.0,36.0,-5.221787154148279,0.17352117989971744
I71T,578.0,81.0,-4.448925396206639,0.11889454351931406
I71V,983.0,1621.0,-0.8923878633847941,0.041180900325986244
I71W,939.0,60.0,-5.5818685431796,0.1333811242217889
I71Y,897.0,59.0,-5.540095561351395,0.13462086995308603
I71_,105.0,5.0,-6.003575163420916,0.45736788753237206
I73A,461.0,1040.0,-0.4402754061537202,0.0565010010690064
I73C,693.0,1370.0,-0.6307645078570685,0.04727140639010401
I73D,546.0,274.0,-2.6087016847505655,0.0744490006182039
I73E,1137.0,3546.0,0.02694880576970693,0.034974139066039654
I73F,499.0,966.0,-0.6610334594720815,0.05568516309969475
I73G,357.0,740.0,-0.5624225750153924,0.0649157811293762
I73H,250.0,383.0,-0.9986065977885463,0.08168489123520735
I73K,1385.0,244.0,-4.118887070462388,0.06987054248021546
I73L,811.0,1844.0,-0.42894798525169975,0.042860359181365056
I73M,616.0,1318.0,-0.5166672160094334,0.04943433439463675
I73N,356.0,661.0,-0.7212485244400728,0.06620747571841913
I73P,345.0,308.0,-1.7776638438144525,0.07878323494972356
I73Q,695.0,781.0,-1.445695571422137,0.052734287869055325
I73R,686.0,49.0,-5.421084411114444,0.14806548363459518
I73S,299.0,484.0,-0.9191597355360646,0.07397382192684519
I73T,626.0,800.0,-1.2601705258351696,0.053935948204401916
I73V,714.0,1478.0,-0.5643630106471811,0.046247265641963374
I73W,768.0,785.0,-1.5824169199378204,0.05135775563587896
I73Y,797.0,888.0,-1.4580247588113933,0.04942151766418493
I73_,404.0,13.0,-6.570700991830052,0.281781512216046
I76A,460.0,764.0,-0.8820765583740311,0.05953513869161093
I76C,491.0,964.0,-0.6407071511279998,0.05599674631934238
I76D,564.0,166.0,-3.3784534499922323,0.08864781599594446
I76E,659.0,628.0,-1.6835156816579984,0.056315562244058245
I76F,1591.0,918.0,-2.4073639853827418,0.04218445064500744
I76G,747.0,930.0,-1.2978841832746895,0.049755512079373315
I76H,735.0,527.0,-2.0939363972891885,0.05761689396565184
I76K,633.0,25.0,-6.275654184422914,0.20402314533824759
I76L,640.0,893.0,-1.1334209723809305,0.05238289259924675
I76M,430.0,788.0,-0.7401591287838816,0.060466770245565876
I76N,730.0,737.0,-1.6002348885675035,0.05280493824944298
I76P,497.0,1032.0,-0.5598926905708481,0.05516065963786977
I76Q,726.0,1112.0,-0.9988944193399645,0.04835646333703453
I76R,406.0,13.0,-6.577825250355101,0.281759876297749
I76S,1016.0,1867.0,-0.7361878030975584,0.03976860085136219
I76T,643.0,1570.0,-0.3261421873902295,0.047474287220447296
I76V,373.0,935.0,-0.2882353694920221,0.06174207733434392
I76W,850.0,859.0,-1.5988077439044828,0.049012968806519584
I76Y,656.0,627.0,-1.6792322108340674,0.056399658365329175
I76_,615.0,13.0,-7.1769198577387545,0.2802706266990879
K125A,952.0,43.0,-6.082235547608092,0.15608491143734096
K125C,547.0,33.0,-5.664595019974476,0.1793980324707031
K125D,958.0,28.0,-6.710029682994982,0.19185163321723306
K125E,895.0,13.0,-7.71821379080615,0.2793616658041768
K125F,860.0,27.0,-6.606790746471409,0.1955704104242036
K125G,805.0,41.0,-5.908961912205691,0.16027539009000383
K125H,542.0,29.0,-5.837700124864724,0.1907289702296704
K125I,1627.0,72.0,-6.111884897205156,0.12067836624127602
K125L,979.0,92.0,-5.0254638799201,0.10932295028671474
K125M,418.0,33.0,-5.276565268645648,0.18096359074730603
K125N,809.0,59.0,-5.39112902835081,0.1350705094291367
K125P,531.0,10.0,-7.343228007075179,0.3191316141784908
K125Q,903.0,145.0,-4.252592427477748,0.08980627563276025
K125R,770.0,981.0,-1.2646121954340739,0.04878243121692439
K125S,675.0,172.0,-3.586419291347185,0.08577154879870594
K125T,682.0,165.0,-3.6612422912858786,0.08711014002874841
K125V,664.0,31.0,-6.034402393870363,0.18388949676930275
K125W,643.0,22.0,-6.482612980163509,0.21691187845194862
K125Y,946.0,24.0,-6.914150981469209,0.20680441877914413
K125_,537.0,10.0,-7.359437930693429,0.3190986464681452
K127A,875.0,827.0,-1.6953975867710884,0.04912945008126576
K127C,702.0,280.0,-2.940016086711795,0.07111586123808875
K127D,562.0,22.0,-6.288367606795965,0.2174279306266368
K127E,659.0,138.0,-3.869530407108229,0.0939412740409346
K127F,1115.0,35.0,-6.607148633254833,0.17181910296228706
K127G,592.0,77.0,-4.55650669993993,0.12139263074403575
K127H,597.0,107.0,-4.09401233158524,0.10526926624711297
K127I,813.0,252.0,-3.303794971315093,0.07252432169305542
K127L,596.0,393.0,-2.214773371152668,0.06545206090679792
K127M,364.0,126.0,-3.1444427117604716,0.10365683258804598
K127N,561.0,153.0,-3.4884033996539143,0.09154072064837668
K127P,912.0,32.0,-6.446457917521721,0.17999555603681056
K127Q,486.0,545.0,-1.448706153683446,0.06288150055890282
K127R,488.0,886.0,-0.7535905851700804,0.05691640652778759
K127S,295.0,251.0,-1.847021873831058,0.0862282099343913
K127T,791.0,504.0,-2.2642464313053052,0.05753240565116948
K127V,911.0,291.0,-3.2604010170885234,0.06779140346830892
K127W,611.0,17.0,-6.780743801956967,0.24594158994511148
K127Y,915.0,53.0,-5.723453920936105,0.14148827869052716
K127_,394.0,7.0,-7.426676847571202,0.38112077162663555
K181A,738.0,1721.0,-0.39245964592729266,0.04469600541578041
K181C,689.0,1104.0,-0.9338464431035982,0.049181604324529844
K181D,855.0,1354.0,-0.9507776608957483,0.04438251354534488
K181E,662.0,1153.0,-0.8135227456786689,0.04939159775327447
K181F,941.0,2256.0,-0.3525113530370847,0.039593332410878486
K181G,1722.0,17390.0,1.7220904802230896,0.026455709445351475
K181H,700.0,1253.0,-0.7740523646014443,0.04783631267407511
K181I,946.0,2158.0,-0.42422864511854197,0.039776182855898935
K181L,763.0,1940.0,-0.26771263746480223,0.04344817182610501
K181M,1092.0,3014.0,-0.14930472030672792,0.036183006982052145
K181N,707.0,2864.0,0.4042311478729532,0.04272296227092874
K181P,1066.0,77.0,-5.405034221088424,0.11825856267878107
K181Q,867.0,2172.0,-0.2890926493656405,0.04093257667198122
K181R,1367.0,3253.0,-0.36325139548638274,0.03317551366550201
K181S,861.0,3489.0,0.40471297764044234,0.038855173567385874
K181T,2608.0,48243.0,2.595295760669524,0.02158346742431225
K181V,1165.0,2176.0,-0.7126600080594425,0.03714299401395762
K181W,1150.0,3813.0,0.11528105220162832,0.0345470869576989
K181Y,856.0,1816.0,-0.528930264781728,0.042196587235985995
K181_,772.0,24.0,-6.620915082640943,0.2073796430633236
K182A,1662.0,5778.0,0.1836407820288093,0.028921179538615574
K182C,1028.0,1239.0,-1.3446693231926794,0.04291308347328283
K182D,402.0,887.0,-0.47228387576743547,0.06063470028531857
K182E,849.0,2037.0,-0.35140324511902055,0.041598576861021405
K182F,448.0,874.0,-0.6498840046880829,0.05863384913432815
K182G,1426.0,2638.0,-0.7265369215362032,0.0337937055714304
K182H,670.0,1826.0,-0.16756272332457822,0.04584583651583059
K182I,598.0,1141.0,-0.6819329351599226,0.05109122145100693
K182L,1025.0,2193.0,-0.5167284502923586,0.03864295631396097
K182M,463.0,1119.0,-0.3408951851979767,0.05581318116043642
K182N,681.0,1700.0,-0.29420751155420444,0.046025238886339075
K182P,1797.0,3738.0,-0.5573308647533417,0.02976046901892194
K182Q,1846.0,4466.0,-0.3394267428487301,0.028762926700607448
K182R,801.0,1991.0,-0.3003945478754346,0.04257188127066081
K182S,1303.0,2434.0,-0.7125159168574164,0.03521337864957118
K182T,1039.0,2180.0,-0.5448776429301772,0.038507813471932335
K182V,398.0,906.0,-0.42728056115270174,0.06064588876978115
K182W,565.0,1027.0,-0.7519009337787796,0.0529647438820335
K182Y,565.0,921.0,-0.9090624372445131,0.05401229750841741
K182_,694.0,17.0,-6.964504260842803,0.24554334172950845
K190A,1172.0,2025.0,-0.82505870318266,0.03753322960303547
K190C,1021.0,1531.0,-1.0295161465250722,0.041161505032207904
K190D,1154.0,2831.0,-0.31934173651308306,0.03579745808217379
K190E,332.0,726.0,-0.48524013186098447,0.06671605900433354
K190F,852.0,1352.0,-0.947839302292814,0.04444117692023168
K190G,643.0,1257.0,-0.6469198086179704,0.04911626969026092
K190H,851.0,1743.0,-0.5796699995326264,0.042549712796888885
K190I,2289.0,2595.0,-1.4329865237095452,0.029730600727140018
K190L,1066.0,1423.0,-1.1972780277143489,0.041261323490206954
K190M,1115.0,3136.0,-0.12212934537012465,0.03574091547711055
K190N,851.0,1618.0,-0.6870303217791172,0.04306740109581861
K190P,1418.0,2678.0,-0.6967092150226484,0.033768458756695936
K190Q,910.0,2034.0,-0.45363038824456225,0.040647413848568265
K190R,964.0,1301.0,-1.1814908222592786,0.04321632561418616
K190S,688.0,1374.0,-0.616111791400562,0.04735976719712741
K190T,637.0,1306.0,-0.5782248383686461,0.048961296466351924
K190V,2004.0,15246.0,1.3134672586076515,0.025025467020116612
K190W,962.0,361.0,-3.0280159465268213,0.0622188087874415
K190_,592.0,9.0,-7.651953485422966,0.3357657450678175
K198A,676.0,1239.0,-0.7399315178355579,0.04845665700412036
K198C,802.0,1359.0,-0.8531389146631012,0.04521482684248284
K198D,400.0,656.0,-0.9003211161369897,0.063921733941495
K198E,838.0,1925.0,-0.4141762807480456,0.04212439394648103
K198F,752.0,1283.0,-0.8432941927684494,0.04659259881907178
K198G,548.0,1504.0,-0.157462821429168,0.05051095898323279
K198H,1200.0,2274.0,-0.6918106859107853,0.036534391399787106
K198I,1305.0,2496.0,-0.6784400038604153,0.03505139990762494
K198L,1364.0,2601.0,-0.6827851314924418,0.03434067633744494
K198M,625.0,1352.0,-0.5008482116114017,0.04900303523295
K198N,616.0,1427.0,-0.40203308764222356,0.048844649342394186
K198P,868.0,2358.0,-0.1722165881829687,0.04047011778960532
K198Q,812.0,1720.0,-0.5311553031191281,0.04329650629980048
K198R,1295.0,2947.0,-0.427714138637338,0.034252085339449095
K198S,1729.0,4091.0,-0.37149200551576866,0.029740336770484425
K198T,966.0,2371.0,-0.31861113745711744,0.038969612821566565
K198V,821.0,1971.0,-0.35053945963850897,0.04227350967742244
K198W,1171.0,1631.0,-1.1359906246874383,0.03909941508458106
K198Y,575.0,809.0,-1.121432366766311,0.05510773462529923
K198_,874.0,20.0,-7.06285957027339,0.22623184507142804
K202A,1305.0,2176.0,-0.8763785314718318,0.03588200003574357
K202C,1257.0,2350.0,-0.7113320872852285,0.03581553134428972
K202D,499.0,683.0,-1.1611648819121516,0.05941177345610261
K202E,610.0,1184.0,-0.6572263886829335,0.0504538245469894
K202F,1569.0,21987.0,2.1947221177417617,0.027285701927417607
K202G,918.0,1553.0,-0.8555175110632449,0.0423663447973702
K202H,719.0,1536.0,-0.5188989885529285,0.04586417153575057
K202I,751.0,1204.0,-0.9330595046695924,0.047156989303780414
K202L,476.0,1213.0,-0.26447519921621243,0.054652312628795524
K202M,721.0,1491.0,-0.5658040966579367,0.0460359988580176
K202N,821.0,1170.0,-1.1029536951280523,0.046199448832529806
K202P,511.0,1033.0,-0.5985720647634745,0.05465013511891219
K202Q,1233.0,2725.0,-0.469925832399424,0.035209063077173496
K202R,1036.0,2322.0,-0.4496665994280198,0.03817835220163021
K202S,730.0,1236.0,-0.8543005726206427,0.047334794322510775
K202T,990.0,1924.0,-0.6554015615950162,0.03989388659238906
K202V,943.0,1822.0,-0.6638169538021419,0.04087740343711521
K202W,948.0,2164.0,-0.42326987270090743,0.039731974894714195
K202Y,472.0,1001.0,-0.5294357994990753,0.05638504911069739
K202_,672.0,4.0,-9.002739510805023,0.5009254587856021
K232A,424.0,709.0,-0.872295170774315,0.0618913228731464
K232C,1113.0,968.0,-1.8153755546213128,0.044645215480690024
K232D,750.0,27.0,-6.4093471426446325,0.19600592800289093
K232E,1136.0,484.0,-2.84486963070362,0.054845515023520114
K232F,30.0,11.0,-3.0606317062239103,0.3524350022782195
K232G,708.0,359.0,-2.593748563422933,0.06526508042367805
K232H,969.0,1881.0,-0.6570787966890599,0.04031493445732181
K232I,576.0,862.0,-1.0323921086103693,0.054386063308243617
K232L,1130.0,905.0,-1.934332757384639,0.04529449910226596
K232M,959.0,1537.0,-0.9334940687784821,0.0418931905020858
K232N,1286.0,261.0,-3.9147277307597017,0.0683414466080674
K232P,1317.0,43.0,-6.550453214639251,0.15514956049365544
K232Q,861.0,1036.0,-1.3470668262823402,0.046779823714129025
K232R,966.0,2066.0,-0.5172656477965267,0.039760461463505196
K232S,814.0,1637.0,-0.6060581443840372,0.0436009118711001
K232T,751.0,497.0,-2.209560094556994,0.058354568848826206
K232V,1122.0,1336.0,-1.362157583936841,0.04124849824037227
K232W,1146.0,296.0,-3.5669046693509427,0.06566993638299537
K232Y,1460.0,74.0,-5.916117080149858,0.11940811524882436
K232_,1264.0,33.0,-6.872963784600723,0.17648418312088607
K238A,1105.0,3853.0,0.18792364852344168,0.03501699725055954
K238C,993.0,2008.0,-0.598116553627035,0.039581918270606774
K238D,2163.0,5612.0,-0.23852561166649622,0.026498897173502126
K238E,1099.0,2449.0,-0.4580087049152999,0.03714729671345887
K238F,895.0,6997.0,1.3527599904406387,0.0363580486708787
K238G,734.0,1214.0,-0.8880941741241895,0.04741075052046561
K238H,1278.0,2339.0,-0.742003951447848,0.03566064159233134
K238I,1282.0,1401.0,-1.4859431182330898,0.039439567167818754
K238L,530.0,734.0,-1.1442227180897948,0.057539722581072046
K238M,1139.0,1783.0,-0.9674684751795253,0.03873613725714315
K238N,1261.0,1490.0,-1.3732605595193395,0.03906193953260171
K238P,1374.0,873.0,-2.268325275682607,0.04398798192849958
K238Q,782.0,1255.0,-0.931562957794724,0.04623035786159437
K238R,887.0,2305.0,-0.23625212099767712,0.040285284720189385
K238S,907.0,2251.0,-0.3026207522912294,0.04010551416461066
K238T,1114.0,2537.0,-0.4266358333848004,0.036790030670079334
K238V,782.0,1098.0,-1.124370623920611,0.04744658160422321
K238W,878.0,1748.0,-0.6205986943570494,0.04210346614068454
K238Y,776.0,1405.0,-0.7575696063244166,0.0454099708874402
K238_,1638.0,34.0,-7.203844204533031,0.1734223087601798
K261A,1024.0,1622.0,-0.9504499462060769,0.04067868650335154
K261C,812.0,915.0,-1.441712840201908,0.048847514981734244
K261D,891.0,378.0,-2.8510200792328773,0.061882453748205446
K261E,1323.0,488.0,-3.0528442064689214,0.053541330622240334
K261F,917.0,1297.0,-1.1138226249374226,0.04385417071823118
K261G,2034.0,16280.0,1.3867000524036244,0.02479411730781991
K261H,1246.0,1506.0,-1.3405871534909464,0.039092858097295416
K261I,1187.0,1557.0,-1.222556734995715,0.0393242047682091
K261L,802.0,910.0,-1.4317406824583756,0.049065668559249896
K261M,1165.0,1544.0,-1.2076630982092844,0.03959431135644318
K261N,1811.0,1551.0,-1.83758938069279,0.03547679237142209
K261P,1770.0,1452.0,-1.8997089780789702,0.03626779028928309
K261Q,1577.0,2197.0,-1.1356532282354563,0.03392578685627716
K261R,638.0,1735.0,-0.17070981986572953,0.0469619278581279
K261S,3657.0,17419.0,0.6379232984755328,0.019812610621541327
K261T,1043.0,1452.0,-1.1367044569328701,0.04134183875273248
K261V,69.0,131.0,-0.6892032573295701,0.1489474477945556
K261W,1513.0,2352.0,-0.9775301849718394,0.03387899034226406
K261Y,3318.0,1313.0,-2.9514431865981803,0.03353621704071436
K261_,3890.0,37.0,-8.329717774260896,0.16534351123836305
K264A,1150.0,1457.0,-1.2726384832918338,0.04021912860246835
K264C,2305.0,4732.0,-0.5763227433311142,0.026586610294875468
K264D,1047.0,1793.0,-0.837894543267848,0.039680040963322324
K264E,1586.0,3631.0,-0.4190338202364545,0.031106302835417664
K264F,913.0,990.0,-1.4971904202152704,0.04655161248043575
K264G,1515.0,3386.0,-0.4537439386040347,0.03189166139567675
K264H,840.0,328.0,-2.9706695601423396,0.06558073741768716
K264I,1453.0,367.0,-3.5991562100674823,0.05894600468454256
K264L,672.0,533.0,-1.9483229575307845,0.05853113756265524
K264M,1055.0,1298.0,-1.3149580318441343,0.042189476950467576
K264N,1258.0,2315.0,-0.7341278211096158,0.03589642572129433
K264P,1411.0,591.0,-2.8694766223246235,0.04962272169636716
K264Q,1159.0,1480.0,-1.2612889464769568,0.04000199991861789
K264R,1227.0,3641.0,-0.04481115991234841,0.03393113484647509
K264S,1283.0,2078.0,-0.9183326743390525,0.0363638605176773
K264T,1516.0,2033.0,-1.1906648145756153,0.034830895963178905
K264V,647.0,217.0,-3.1900293416782945,0.07883741056496218
K264W,1032.0,62.0,-5.670815106776746,0.13098510465464527
K264Y,832.0,647.0,-1.976815714268116,0.05300154109697672
K264_,1377.0,32.0,-7.0408754056042255,0.1789640526093304
K31A,608.0,1971.0,0.08276528265916117,0.04705047768649175
K31C,999.0,768.0,-1.993376879611394,0.04862860189579361
K31D,424.0,1226.0,-0.08220230503933923,0.056883851282082856
K31E,317.0,958.0,-0.01849049139137371,0.06526858834354596
K31F,1030.0,1797.0,-0.8110627630999065,0.03986261222017188
K31G,1108.0,3678.0,0.11695164401157054,0.035158052393266866
K31H,703.0,1342.0,-0.6812245505986345,0.04721535094505182
K31I,470.0,1014.0,-0.5046943333726848,0.05635141024155725
K31L,604.0,1181.0,-0.6466260157746664,0.050636135037643644
K31M,1003.0,2034.0,-0.5940120737934427,0.03937413189252774
K31N,735.0,1925.0,-0.22497269931429642,0.0440645786312768
K31P,2702.0,635.0,-3.7031846537781017,0.04479460645192637
K31Q,755.0,3019.0,0.38550502140448994,0.041441570211627365
K31R,624.0,1322.0,-0.5309108205403232,0.049200060091532404
K31S,435.0,1158.0,-0.2014756155062729,0.056780557339914405
K31T,636.0,1386.0,-0.49018654402551487,0.048533301970092674
K31V,276.0,694.0,-0.2837669430392138,0.07159358997472223
K31W,544.0,1991.0,0.25779253445887207,0.04901165895683872
K31Y,959.0,1104.0,-1.4108673802647491,0.04483541516605309
K31_,615.0,11.0,-7.417726350892181,0.3041614616079107
K377A,1141.0,2674.0,-0.3853094311989036,0.03622251026259125
K377C,1493.0,3315.0,-0.4632134623387709,0.032142334316478754
K377D,1013.0,1588.0,-0.965431274632035,0.040970228272017135
K377E,1069.0,2551.0,-0.3592096505902358,0.03727103574732833
K377F,938.0,2389.0,-0.2652651718161705,0.039323704141065896
K377G,1250.0,4318.0,0.17442409188370345,0.033064562965734276
K377H,1395.0,3283.0,-0.37925917576193546,0.03291083142876769
K377I,1308.0,2824.0,-0.5036312294688887,0.03435564154051284
K377L,952.0,2052.0,-0.5060137275105063,0.03999274629344408
K377M,1300.0,2990.0,-0.4123752675728598,0.03413730299868404
K377N,1302.0,3330.0,-0.25921687555048756,0.03361586257439777
K377P,3251.0,5823.0,-0.7731257535566933,0.023259681143326175
K377Q,1306.0,6776.0,0.7612672040918782,0.03122425272707022
K377R,1461.0,3321.0,-0.4293468420144011,0.03236131624958229
K377S,1132.0,2248.0,-0.6242411057322004,0.03728144126986586
K377T,950.0,1938.0,-0.5854414459492308,0.04037693983185523
K377V,1109.0,2638.0,-0.36382519712724015,0.03663962753907637
K377W,1403.0,4081.0,-0.07360190229840446,0.03192920664656101
K377_,1558.0,1022.0,-2.2222980368803733,0.04101209545006645
K382A,1779.0,4600.0,-0.24344047889672815,0.029003185702974252
K382C,1721.0,3887.0,-0.43859751716949047,0.03000008107140799
K382D,1167.0,2460.0,-0.5381555994410743,0.03640160245059619
K382E,1765.0,9256.0,0.776711209530982,0.027134673436880235
K382F,957.0,4031.0,0.4605326010664452,0.03680599825231122
K382G,1253.0,3076.0,-0.31834059127267356,0.0344217701742713
K382H,841.0,3349.0,0.37953696767650325,0.03936147570830209
K382I,467.0,993.0,-0.5256480522901423,0.056656901938146924
K382L,1189.0,2579.0,-0.49694633778090136,0.035923043676723034
K382M,963.0,2276.0,-0.3731186441895158,0.03923594982481705
K382N,1306.0,3202.0,-0.3201909862484422,0.033759121986230954
K382P,1344.0,3399.0,-0.27543212226240854,0.03316517687402566
K382Q,2016.0,4168.0,-0.5661469122627412,0.028242441403520786
K382R,1810.0,4651.0,-0.2524564824051927,0.028795377413026072
K382S,1224.0,2713.0,-0.4657238355754467,0.03531663408645726
K382T,2376.0,5673.0,-0.3584293571679802,0.02566769326047159
K382V,1189.0,2754.0,-0.4022299068991959,0.03557845231898682
K382W,1770.0,7768.0,0.5197846906896562,0.027484272236630858
K382Y,1340.0,3015.0,-0.44408383603816404,0.03375826577261781
K382_,1199.0,2262.0,-0.6982412401018996,0.0365758069972385
K384A,1054.0,2664.0,-0.27629191298798705,0.037226537982446455
K384C,941.0,1873.0,-0.6209262135344016,0.04072187991774996
K384D,662.0,1650.0,-0.2964530030960679,0.046672172598300116
K384E,1062.0,2667.0,-0.28557697265824356,0.037124735772610454
K384F,1502.0,2763.0,-0.7346564905488808,0.03300579076746266
K384G,2903.0,6914.0,-0.3620297075880132,0.023468861893457905
K384H,208.0,481.0,-0.40458885588416926,0.08335528536979217
K384I,1463.0,3199.0,-0.4853169845649483,0.032523877363994556
K384L,1533.0,3149.0,-0.575471625177812,0.03211783226920905
K384M,965.0,2117.0,-0.4805905696752708,0.03962709399767772
K384N,1052.0,21155.0,2.715776187959344,0.03255019193387456
K384P,957.0,1885.0,-0.6360365840902258,0.04046116517196192
K384Q,1048.0,2353.0,-0.447147887323907,0.037958668304617374
K384R,1097.0,2633.0,-0.3508665324918221,0.036783770182569474
K384S,1220.0,3271.0,-0.19115965932228285,0.03445380887539705
K384T,2869.0,23198.0,1.4013732936698509,0.021291852803930776
K384V,1620.0,3260.0,-0.6051291849028724,0.03139603840430653
K384W,1614.0,3154.0,-0.6474651391120267,0.031596124903432554
K384Y,1426.0,7424.0,0.7662116987371808,0.029960624339069868
K384_,1425.0,4285.0,-0.02567632842415568,0.031572214167075376
K3A,1847.0,29.0,-7.6065004277461,0.18728046150140115
K3C,876.0,174.0,-3.945779977844291,0.08336677517577004
K3D,201.0,379.0,-0.6990342179550639,0.08760715293281249
K3E,939.0,1461.0,-0.9762492304473076,0.04255693784586525
K3F,682.0,1368.0,-0.6097888780815746,0.047528165659762464
K3G,1583.0,151.0,-5.003957231095716,0.0855305180551618
K3H,201.0,698.0,0.1819775735887985,0.08043136617750396
K3I,628.0,1130.0,-0.7665267532908748,0.05038812176538027
K3L,1055.0,18.0,-7.486317538422688,0.23776932176238358
K3M,722.0,1020.0,-1.1155102840060058,0.04926548969922771
K3N,547.0,738.0,-1.1819296987810421,0.056963136287841866
K3P,511.0,33.0,-5.5663793361832195,0.1797566209547166
K3Q,1996.0,1204.0,-2.34327443021332,0.03732614287127268
K3R,1137.0,9134.0,1.3920005702181308,0.03241395135412597
K3S,1977.0,2242.0,-1.4325303116474641,0.03183592684931557
K3T,746.0,348.0,-2.7140690633840814,0.06538829263762932
K3V,762.0,14.0,-7.379283925908774,0.26972502615709115
K3W,368.0,352.0,-1.678131411674248,0.07496552148608635
K3Y,731.0,1750.0,-0.35460273724990987,0.04473342386257045
K3_,840.0,23.0,-6.804076470245481,0.2114509661209837
K64A,383.0,878.0,-0.41714754485286143,0.06173751405543026
K64C,821.0,1170.0,-1.1029536951280523,0.046199448832529806
K64D,1244.0,1226.0,-1.6350301923619526,0.04100231277839166
K64E,736.0,1175.0,-0.9391270942928536,0.0476593887976203
K64F,514.0,993.0,-0.6639910370015576,0.054901823356233614
K64G,479.0,909.0,-0.6897624651667833,0.05700368899985754
K64H,433.0,1285.0,-0.044695517887832104,0.0561186520644727
K64I,1167.0,2598.0,-0.4594127957338552,0.03610379809907195
K64L,1165.0,2097.0,-0.7660114534420384,0.03737532260966142
K64M,770.0,2373.0,0.009766236856433963,0.04221106158120394
K64N,286.0,758.0,-0.2078515650074113,0.06983773061020616
K64P,1128.0,1971.0,-0.8088476177472854,0.03815173158680703
K64Q,988.0,2411.0,-0.3269627704836111,0.038582159137752634
K64R,426.0,851.0,-0.6157140675745598,0.05986752561563872
K64S,1485.0,20930.0,2.203025593474667,0.027979599469811222
K64T,611.0,1274.0,-0.5538941514968716,0.04983213001827376
K64V,515.0,777.0,-1.0206701356925665,0.05736181792034578
K64W,797.0,1417.0,-0.7838226474196119,0.044967591499764155
K64Y,987.0,4271.0,0.49943781298065026,0.03617984492790034
K64_,763.0,16.0,-7.18865960835097,0.25265241790518256
K67A,1028.0,1937.0,-0.7000257526399949,0.03937888191955601
K67C,998.0,1375.0,-1.1516869217281602,0.04231955774787364
K67D,701.0,498.0,-2.107263169025061,0.05912857636682021
K67E,2166.0,2150.0,-1.6246993897541575,0.031440039174206236
K67F,411.0,797.0,-0.6585785260679629,0.06123237534232605
K67G,791.0,5910.0,1.2873898767483367,0.03866645230858716
K67H,216.0,460.0,-0.5234357347053367,0.08285508223577902
K67I,574.0,74.0,-4.5692866054601335,0.12375581238776948
K67L,739.0,400.0,-2.499560675764509,0.06256822456894993
K67M,395.0,676.0,-0.8388474449502707,0.06381640148926468
K67N,815.0,896.0,-1.477305783504569,0.04903795820133993
K67P,379.0,663.0,-0.8072081396364341,0.0648722533131433
K67Q,1202.0,1767.0,-1.0581415501194753,0.038204072422956
K67R,606.0,1382.0,-0.4246483067822462,0.04934982385079109
K67S,226.0,517.0,-0.4201972780850953,0.08012780484827234
K67T,611.0,798.0,-1.2287920228513327,0.054327112160971996
K67V,733.0,397.0,-2.498660389639385,0.06280724219022275
K67W,701.0,453.0,-2.2438949833148545,0.0607918869982403
K67Y,109.0,154.0,-1.115439313089464,0.12541227511837502
K67_,1421.0,25.0,-7.442270695665263,0.20186484283998907
K68A,5568.0,4026.0,-2.081813902721423,0.02212839392852751
K68C,699.0,580.0,-1.8832381769788915,0.05671319480659945
K68D,568.0,1043.0,-0.737238100410992,0.052734993366897326
K68E,399.0,367.0,-1.7346083869304536,0.07275031141665499
K68F,677.0,958.0,-1.1131392846216022,0.05081925873611164
K68G,316.0,391.0,-1.3067675641441765,0.07605011328897048
K68H,192.0,376.0,-0.6444132746047746,0.0890463327634948
K68I,1002.0,3537.0,0.2056305350940857,0.036638808225029455
K68L,1301.0,4619.0,0.21394876224901926,0.03235450155007989
K68M,764.0,1073.0,-1.1240027614174872,0.04798463000979686
K68N,991.0,1037.0,-1.5485445703299954,0.045111705470259514
K68P,695.0,976.0,-1.1241406626549049,0.05025028802320704
K68Q,919.0,1940.0,-0.5360912322973723,0.04080774759673972
K68R,794.0,1115.0,-1.124175289462639,0.047095291558046294
K68S,850.0,1174.0,-1.1481098782261867,0.04571566263876462
K68T,1162.0,18601.0,2.3866837134867978,0.031241348809868775
K68V,636.0,723.0,-1.4290367040789285,0.054928067675474646
K68W,689.0,316.0,-2.7385575653513587,0.06839223733788498
K68Y,384.0,541.0,-1.1194914758338168,0.06718762596450692
K68_,1039.0,79.0,-5.331033324201145,0.11696479790871248
L115A,329.0,471.0,-1.096376600416332,0.07227864159118896
L115C,799.0,1731.0,-0.49867426146065963,0.04348482226251619
L115D,172.0,99.0,-2.4108491465805617,0.1263933896586608
L115E,490.0,530.0,-1.5007944677931508,0.06316023348307358
L115F,421.0,406.0,-1.6663420960319835,0.06999941126431897
L115G,283.0,324.0,-1.4188175469223614,0.08174014990196268
L115H,558.0,1027.0,-0.7339155086240465,0.05317392683019357
L115I,516.0,972.0,-0.700430724477541,0.055031141192767065
L115K,250.0,506.0,-0.59682276132731,0.07770308293155773
L115M,333.0,656.0,-0.6358505500332416,0.06774188803071177
L115N,350.0,291.0,-1.8803302680861531,0.07971858515677671
L115P,896.0,20.0,-7.098724617533881,0.22616974826053446
L115Q,432.0,1395.0,0.07713599489393719,0.055617313255820706
L115R,344.0,444.0,-1.2458611899761047,0.07225494675398733
L115S,228.0,529.0,-0.39980496109119024,0.07961017240340129
L115T,240.0,389.0,-0.9172901310539601,0.08245486419329567
L115V,725.0,1694.0,-0.3896332643902838,0.04506983658101084
L115W,277.0,80.0,-3.405688683655182,0.1271617050701457
L115Y,498.0,314.0,-2.27936706388519,0.07248646304208123
L115_,752.0,23.0,-6.644421814065186,0.21178011853364545
L142A,264.0,718.0,-0.1705914951240839,0.07240274261158149
L142C,418.0,1045.0,-0.29209546949709786,0.058402906345578084
L142D,761.0,8.0,-8.183972214819892,0.35527407984547277
L142E,895.0,24.0,-6.834199349293529,0.20694999951715906
L142F,525.0,1137.0,-0.49917472094011917,0.05334706108817713
L142G,916.0,1544.0,-0.8607560130292056,0.04243864865583491
L142H,842.0,53.0,-5.603503777801971,0.14182271724646522
L142I,555.0,847.0,-1.0041376194675662,0.055173150216405835
L142K,446.0,26.0,-5.7139406090018365,0.20186762248181794
L142M,940.0,2105.0,-0.45092377889730706,0.04000698885894732
L142N,491.0,73.0,-4.363589278193887,0.1256783825089577
L142P,598.0,220.0,-3.056603366439883,0.07924105214123414
L142Q,256.0,45.0,-4.1218855507535395,0.16181800279252329
L142R,583.0,19.0,-6.552693048360022,0.2331969397211876
L142S,1164.0,956.0,-1.8980086944781958,0.044348583670606824
L142T,1402.0,6907.0,0.6865618166253729,0.030326979472490453
L142V,601.0,1971.0,0.09947133902382355,0.0472536081736567
L142W,609.0,557.0,-1.7427655452003439,0.05915228338098652
L142Y,957.0,47.0,-5.961497270361534,0.14959503499451973
L142_,845.0,18.0,-7.166101184441055,0.23826416013517704
L14A,851.0,1100.0,-1.2437342069526798,0.04632321804536566
L14C,479.0,956.0,-0.617032921652032,0.056527310336777666
L14D,861.0,689.0,-1.9355079280070386,0.05171525890536522
L14E,919.0,920.0,-1.6124338735980857,0.047294351782564886
L14F,774.0,567.0,-2.0629808826099687,0.05583273107658347
L14G,619.0,556.0,-1.768854741839867,0.058955026523562805
L14H,774.0,1148.0,-1.045291758033878,0.047167033884722445
L14I,454.0,342.0,-2.0226884222200407,0.07202894788017225
L14K,64.0,23.0,-3.0900391812315764,0.24319458881798384
L14M,398.0,642.0,-0.9242117660647189,0.06427901200863895
L14N,736.0,866.0,-1.3793445400220108,0.05074526412320763
L14P,323.0,238.0,-2.0545594962004596,0.08578500501221095
L14Q,1090.0,895.0,-1.8983685199686562,0.045786595087983384
L14R,563.0,14.0,-6.942634542520493,0.27058351462253455
L14S,546.0,775.0,-1.1087153043925904,0.056422139108573875
L14T,645.0,537.0,-1.8783754301274858,0.05894242816475486
L14V,185.0,118.0,-2.2626969916413113,0.11807055071719294
L14W,373.0,121.0,-3.238090890734913,0.10491118476343596
L14Y,349.0,16.0,-6.060226017032676,0.2557105646524049
L14_,363.0,8.0,-7.116066094669371,0.35729591892286466
L165A,655.0,1361.0,-0.5589140266026398,0.04819882021099868
L165C,1579.0,2800.0,-0.7875911844799122,0.03243660518101575
L165D,475.0,287.0,-2.340859737695923,0.0751738089779031
L165E,985.0,805.0,-1.905134522541351,0.04815726606723331
L165F,459.0,484.0,-1.5374915858104767,0.06562284930057896
L165G,691.0,1066.0,-0.9885603783721741,0.04946633325650282
L165H,941.0,739.0,-1.9626190240721018,0.04977482483225363
L165I,531.0,742.0,-1.1313032563172722,0.05738098988341028
L165K,747.0,27.0,-6.403564867302341,0.19601958683136717
L165M,1129.0,2466.0,-0.4868824706917465,0.03678217868540353
L165N,622.0,731.0,-1.3810494888604605,0.05511211390431877
L165P,599.0,99.0,-4.210936794344874,0.10877083558381041
L165Q,792.0,586.0,-2.0485962184195925,0.055052242495087354
L165R,1053.0,30.0,-6.746934864134695,0.1852931949218594
L165S,1260.0,9313.0,1.2718094878075266,0.03102748340827372
L165T,529.0,1305.0,-0.311308893614922,0.05213717147399466
L165V,860.0,2905.0,0.14211493332568192,0.03960673721907394
L165W,1234.0,1979.0,-0.9325780394503118,0.03711270568202931
L165Y,929.0,1380.0,-1.0430901660978593,0.04315936364353202
L165_,532.0,11.0,-7.2085698459745045,0.30457818178958357
L168A,658.0,1520.0,-0.40610345550070726,0.04732132408532461
L168C,866.0,1767.0,-0.5851482409302582,0.04221767867506563
L168D,508.0,249.0,-2.6426560717267744,0.07775636131791124
L168E,562.0,802.0,-1.1009784318538047,0.05556868342814253
L168F,608.0,1348.0,-0.46533861434767143,0.049479567624136085
L168G,452.0,1203.0,-0.20178081668027303,0.05572497000825432
L168H,693.0,1102.0,-0.9448136161689611,0.04911310379737006
L168I,626.0,1299.0,-0.5608479275826737,0.04928406586320035
L168K,607.0,1051.0,-0.8220186491018202,0.051580700000337806
L168M,666.0,1703.0,-0.25953169404093135,0.04637195414440831
L168N,1039.0,2024.0,-0.651995977829821,0.03896417471785247
L168P,869.0,3930.0,0.5630854434280472,0.03829974653709623
L168Q,1050.0,2674.0,-0.2654010632781407,0.037256215907076916
L168R,586.0,21.0,-6.415780072873156,0.2221812812954274
L168S,692.0,1043.0,-1.0221146572496371,0.0496539320010179
L168T,1115.0,1585.0,-1.1065675627336429,0.039867873669605064
L168V,577.0,1407.0,-0.328038501102875,0.050054797788969256
L168W,1010.0,1279.0,-1.2733448891628072,0.04282087673925623
L168Y,780.0,1254.0,-0.9290185284099968,0.04627267243541879
L168_,767.0,15.0,-7.289252361307667,0.2607445097420226
L176A,823.0,1743.0,-0.5314038750320762,0.04301692458356078
L176C,802.0,1340.0,-0.8734512195631199,0.04533005510207896
L176D,563.0,1077.0,-0.6782036631974382,0.05259607811975683
L176E,493.0,1326.0,-0.18660001573754847,0.053330873894395454
L176F,788.0,1195.0,-1.0132660082634546,0.04655658999189952
L176G,778.0,837.0,-1.5085466957477962,0.05041570133355572
L176H,103.0,258.0,-0.2893602713019261,0.11681308868578293
L176I,364.0,466.0,-1.2576200268802582,0.07038989654203803
L176K,428.0,1696.0,0.3724254109693117,0.054659827445678974
L176M,973.0,3554.0,0.25491834719666606,0.037024242565672244
L176N,1269.0,3013.0,-0.366500832920579,0.03437431361358309
L176P,645.0,206.0,-3.26061001446892,0.08041256379869659
L176Q,224.0,604.0,-0.18299355803177786,0.07862170002668277
L176R,199.0,497.0,-0.2935689028109074,0.08425312240472371
L176S,1069.0,2713.0,-0.270383839608189,0.03695568695425504
L176T,840.0,2425.0,-0.08449056748735906,0.040798468277151265
L176V,625.0,1196.0,-0.6777245818601898,0.049977708758574414
L176W,913.0,1675.0,-0.7385357144743159,0.04188046296892263
L176Y,756.0,1893.0,-0.2897980466590786,0.04373415845268428
L176_,746.0,20.0,-6.834404753260211,0.22666530537492835
L17A,556.0,2476.0,0.54083154948645,0.04758243326613611
L17C,1064.0,3656.0,0.1667554503637012,0.035707794396716154
L17D,376.0,78.0,-3.8830429089968934,0.12465976365390764
L17E,1967.0,10743.0,0.8353192140131722,0.02575176048377225
L17F,561.0,925.0,-0.8925603810362128,0.05408560230279757
L17G,164.0,1032.0,1.039598407622627,0.08442662859784393
L17H,566.0,143.0,-3.598714367092275,0.09391993827315623
L17I,460.0,519.0,-1.4399057440467464,0.06451584686625288
L17K,556.0,437.0,-1.9614473936933212,0.0644087689797922
L17M,1325.0,3914.0,-0.05135866214288409,0.03273968991977204
L17N,628.0,810.0,-1.2468506690377543,0.05374539565461989
L17P,1065.0,69.0,-5.561920589805637,0.12446403259592158
L17Q,908.0,1002.0,-1.4718860408278553,0.04648641791818658
L17R,1013.0,30.0,-6.69106414290419,0.18539435420994677
L17S,603.0,1454.0,-0.34421949704786226,0.04906917598811981
L17T,282.0,801.0,-0.10792892361001183,0.06968558655728058
L17V,1284.0,3215.0,-0.28983606961552155,0.03393427056829592
L17W,543.0,2358.0,0.5045163085472177,0.0482426852992438
L17Y,589.0,734.0,-1.2964952658309432,0.05587331085424885
L17_,2132.0,33.0,-7.6271701123477795,0.1755692879243665
L191A,520.0,1468.0,-0.11675233265444529,0.051632526311015337
L191C,582.0,1616.0,-0.14068257716740806,0.04897627129763993
L191D,846.0,2868.0,0.14730057666854623,0.03990459254425096
L191E,787.0,2546.0,0.07978135724935775,0.04153416523393652
L191F,1223.0,2208.0,-0.761692350322587,0.03649979265670889
L191G,1025.0,2697.0,-0.21827997010343658,0.03752418921096692
L191H,842.0,2707.0,0.07078808840284978,0.04023343363821257
L191I,480.0,1142.0,-0.36356393926818154,0.05496019075895585
L191K,251.0,528.0,-0.5411824440164681,0.07706810047083681
L191M,902.0,9220.0,1.7395501263025195,0.03576001221186304
L191N,491.0,1218.0,-0.30330119035195136,0.0540306698318746
L191P,684.0,1574.0,-0.4116474716880383,0.04646472286735084
L191Q,1063.0,2963.0,-0.13509452958877333,0.03660468722475623
L191R,758.0,3102.0,0.4189116947313707,0.04127104305603306
L191S,848.0,2080.0,-0.31956557452046486,0.041493154354695576
L191T,1194.0,15729.0,2.1055381881797937,0.03102860418670767
L191V,797.0,2013.0,-0.27731824784184234,0.0425809990997781
L191W,747.0,876.0,-1.3841830734079394,0.050417191583082596
L191Y,926.0,1366.0,-1.0531344895176158,0.04328561619467684
L191_,439.0,15.0,-6.484260776717871,0.2626057650447818
L195A,1629.0,40610.0,3.025765161056275,0.026460873119697692
L195C,1189.0,1571.0,-1.2120713410126074,0.03923330941046777
L195D,678.0,1744.0,-0.2509730007701725,0.0459345106589496
L195E,441.0,846.0,-0.6741395093978362,0.05925559016160527
L195F,804.0,1514.0,-0.7009134722419041,0.044338998699069064
L195G,897.0,2237.0,-0.295627124291415,0.040292972163743564
L195H,466.0,1162.0,-0.29581319066206646,0.055390775872691485
L195I,864.0,1998.0,-0.4045589676458494,0.04146776542174915
L195K,930.0,5125.0,0.8482338293402538,0.036497429878241144
L195M,724.0,1575.0,-0.4927233966485902,0.04558285377138458
L195N,938.0,2340.0,-0.2951633693465121,0.039434995606594095
L195P,1112.0,3135.0,-0.11870257315131116,0.0357761694337763
L195Q,620.0,1481.0,-0.3577848639380008,0.048474484635940285
L195R,914.0,1629.0,-0.7802892507498678,0.04206700927176137
L195S,1038.0,2822.0,-0.17110009837476436,0.03714058121258843
L195T,1610.0,3264.0,-0.5944270280166091,0.031451062412514254
L195V,775.0,1590.0,-0.5772538479544735,0.044507486511326126
L195W,1071.0,1342.0,-1.288579384923536,0.04171969067841004
L195Y,684.0,1432.0,-0.5480506110393506,0.04713777294323906
L195_,1175.0,23.0,-7.288271097396408,0.21064687427526796
L196A,680.0,1593.0,-0.38587540031230727,0.046475720769736925
L196C,566.0,1337.0,-0.37389204751655747,0.05075799800693404
L196D,828.0,2643.0,0.06045893074503628,0.040592547833950686
L196E,546.0,4680.0,1.4855094772952104,0.04590018090548351
L196F,674.0,1669.0,-0.30585215877874106,0.04630873199365752
L196G,725.0,1974.0,-0.16894635727359475,0.04413114465698556
L196H,954.0,2127.0,-0.4572523339916925,0.03974964325123423
L196I,622.0,4535.0,1.2520931960701547,0.04347276661140291
L196K,770.0,1968.0,-0.2602143918617239,0.04322609737121946
L196M,1332.0,3492.0,-0.22355007921182413,0.03314810250152412
L196N,453.0,1374.0,-0.01322515471356045,0.05474428821241401
L196P,750.0,1956.0,-0.23107084670397704,0.0436605536812527
L196Q,431.0,1512.0,0.19667157772980826,0.05516508526809816
L196R,970.0,2487.0,-0.2556620731822452,0.038661221200789846
L196S,517.0,1502.0,-0.07537252871921396,0.05159124591970081
L196T,1627.0,2253.0,-1.1443722573838513,0.03346877059468202
L196V,541.0,1406.0,-0.2361231669365349,0.05119873754248535
L196W,1783.0,3215.0,-0.7634944255877336,0.030554442154634088
L196Y,719.0,2660.0,0.2733450722545756,0.042760065935878507
L196_,1033.0,35.0,-6.496946204403767,0.1720261492900979
L210A,908.0,161.0,-4.109560748385823,0.08587075974665259
L210C,822.0,363.0,-2.7931495096861116,0.06350558103661368
L210D,1156.0,24.0,-7.203377520241906,0.2063396248137868
L210E,1001.0,90.0,-5.089230140618068,0.11032022145265975
L210F,452.0,991.0,-0.48145793119879077,0.057298303204669804
L210G,997.0,117.0,-4.704978999294497,0.098035506959084
L210H,999.0,57.0,-5.745215068943595,0.13639448985163216
L210I,1053.0,1880.0,-0.7777816575038763,0.039284274512277145
L210K,609.0,16.0,-6.863423560734041,0.2533074310460486
L210M,1611.0,2834.0,-0.7991234565691618,0.03217559757187294
L210N,1038.0,38.0,-6.385300363189837,0.165329765939053
L210P,361.0,10.0,-6.7865277773139345,0.3205180023540626
L210Q,597.0,49.0,-5.220609901363453,0.14879750187630283
L210R,257.0,4.0,-7.61608130360537,0.5033181313565185
L210S,969.0,232.0,-3.676327421103477,0.07351070466877198
L210T,760.0,349.0,-2.736752883641322,0.06513603562492218
L210V,915.0,796.0,-1.8150038116947922,0.04910023846684908
L210W,571.0,43.0,-5.344774831274468,0.15831416000695098
L210Y,884.0,43.0,-5.975321509398839,0.15634352998132262
L210_,702.0,21.0,-6.676346370661265,0.22154581325222195
L212A,931.0,2844.0,-0.002944887475026192,0.03856685215041992
L212C,694.0,1781.0,-0.25433559517509696,0.045431972778634304
L212D,535.0,14.0,-6.8690398528328345,0.27075523068091867
L212E,622.0,18.0,-6.724070544456627,0.23915284495878367
L212F,673.0,1317.0,-0.6454364027981008,0.04802958736140224
L212G,1157.0,2166.0,-0.7093642862830567,0.03725129142009083
L212H,2882.0,128.0,-6.106749776089986,0.09066726706534063
L212I,320.0,537.0,-0.8671708910282465,0.07105454682498559
L212K,405.0,173.0,-2.8411049576184304,0.09116343080210731
L212M,852.0,2204.0,-0.24281435499726545,0.041098627177812215
L212N,1084.0,41.0,-6.338261367924825,0.15927485925251342
L212P,1303.0,73.0,-5.771613122016148,0.12052340540211989
L212Q,1256.0,126.0,-4.9312406728984355,0.09377490960718955
L212R,742.0,4.0,-9.145695439328971,0.5007853161758503
L212S,431.0,855.0,-0.6257829047927865,0.05959355929479058
L212T,1136.0,2645.0,-0.39470521400439385,0.03633218831071841
L212V,724.0,1403.0,-0.6595590933496842,0.046428797625411654
L212W,2027.0,930.0,-2.7380379282678735,0.04037670485057908
L212Y,373.0,402.0,-1.5059857754090853,0.07231927230345048
L212_,1617.0,99.0,-5.6436134021913436,0.10382725474204346
L214A,573.0,228.0,-2.943466073775687,0.07869324213118116
L214C,482.0,970.0,-0.6050663133992726,0.05627829531178845
L214D,946.0,27.0,-6.744292745190659,0.19529997320736675
L214E,316.0,5.0,-7.593018655130596,0.4503631188120366
L214F,1289.0,2634.0,-0.5830054894187153,0.03488727581016017
L214G,622.0,22.0,-6.4347095804713454,0.21703287410272296
L214H,680.0,15.0,-7.115562936429272,0.26106417219402356
L214I,774.0,2884.0,0.28364919995733384,0.04123585781290323
L214K,880.0,20.0,-7.072729701752315,0.22621460337247165
L214M,983.0,1177.0,-1.354154276527586,0.04391557428442933
L214N,996.0,39.0,-6.288247179825488,0.16340178166175157
L214P,1422.0,28.0,-7.279848673008697,0.19096190369554947
L214Q,716.0,51.0,-5.425130587063403,0.14512860268214497
L214R,960.0,28.0,-6.713038401493799,0.19184596567043488
L214S,738.0,338.0,-2.7405772918952147,0.06614507618854672
L214T,990.0,2386.0,-0.34491776957739706,0.03861196830265874
L214V,883.0,3499.0,0.3724422500897111,0.038470361222722634
L214W,908.0,209.0,-3.733139073204926,0.07711973218670624
L214Y,1339.0,1505.0,-1.445396518266806,0.03837904879396256
L214_,464.0,8.0,-7.47021270091407,0.35645582418821725
L218A,1078.0,1675.0,-0.9782037086397954,0.03982875974326916
L218C,690.0,1402.0,-0.5911953920896682,0.04716142061968915
L218D,868.0,17.0,-7.287259473560677,0.24495446862609754
L218E,819.0,824.0,-1.6052220775355828,0.049962459705213694
L218F,1566.0,1692.0,-1.5023581864024398,0.03593413619115103
L218G,1318.0,1957.0,-1.0437130446688077,0.03648817259153707
L218H,903.0,3777.0,0.45042787784850624,0.03786622111081836
L218I,1355.0,3948.0,-0.07118071089328293,0.032449617261268764
L218K,677.0,9.0,-7.845509083687561,0.3354497845598605
L218M,1224.0,608.0,-2.623451243773377,0.05023325733222269
L218N,1069.0,519.0,-2.656443963909032,0.054072855072866154
L218P,748.0,2131.0,-0.10359495551100739,0.04321834262820889
L218Q,598.0,5603.0,1.6139576965681335,0.04373067457935838
L218R,1083.0,26.0,-6.993839210852399,0.19857438737090644
L218S,1620.0,1764.0,-1.4911468353817812,0.035296655826626236
L218T,484.0,2119.0,0.5162787798274531,0.05098700880796028
L218V,785.0,2979.0,0.31004717299235907,0.04088073718662851
L218W,688.0,2193.0,0.0584080951509911,0.04439757967222815
L218Y,847.0,3523.0,0.4423548061435447,0.03906603837028435
L218_,783.0,32.0,-6.22643900681654,0.18049665893103164
L21A,373.0,312.0,-1.87162489573109,0.07712069965654905
L21C,514.0,396.0,-1.990262421795169,0.06732280268722118
L21D,674.0,423.0,-2.2860810832014424,0.06252480612932003
L21E,393.0,109.0,-3.464108391729977,0.10853395046339237
L21F,385.0,392.0,-1.5880083167933652,0.07218014982561886
L21G,488.0,574.0,-1.3798376963562475,0.06207215017464345
L21H,542.0,679.0,-1.2888895038500783,0.05813260988596842
L21I,607.0,1643.0,-0.17745378409645873,0.04814293200300015
L21K,399.0,18.0,-6.083557673598136,0.24102405462788054
L21M,593.0,2424.0,0.4172644558892271,0.04648155890237861
L21N,693.0,528.0,-2.0063137734178387,0.05829723584569877
L21P,2334.0,75.0,-6.573586846084934,0.11756566902533598
L21Q,1719.0,965.0,-2.44696499599929,0.040983806990701914
L21R,965.0,25.0,-6.883969786069405,0.20268682406852473
L21S,898.0,710.0,-1.9528950225906083,0.05082998892979999
L21T,471.0,304.0,-2.245641766208802,0.07398747338219222
L21V,399.0,622.0,-0.9734899853315007,0.06461870943200952
L21W,1062.0,720.0,-2.1747113580076025,0.04890975240434241
L21Y,383.0,470.0,-1.3186934640234114,0.06928344503405201
L21_,1017.0,25.0,-6.959687853363449,0.20255607732207812
L224A,1071.0,45.0,-6.186585431808465,0.1523570369485717
L224C,652.0,921.0,-1.115680127028372,0.051779985622049586
L224D,752.0,28.0,-6.360740814214768,0.19259540046136422
L224E,610.0,49.0,-5.251687697549728,0.14867750379261777
L224F,388.0,590.0,-1.0093572842595426,0.06583177996112179
L224G,977.0,26.0,-6.845237880496328,0.19882647154895833
L224H,985.0,693.0,-2.1212650570122724,0.050198429281278954
L224I,850.0,38.0,-6.097031739910809,0.165972908624762
L224K,645.0,22.0,-6.487093333575361,0.21690076257788482
L224M,282.0,408.0,-1.0811446653695995,0.07783686420676272
L224N,362.0,372.0,-1.5746910034653823,0.074243773983249
L224P,1494.0,78.0,-5.873389777630752,0.11640400551655812
L224Q,660.0,107.0,-4.238745117872737,0.1045070961992522
L224R,649.0,20.0,-6.633450491394419,0.2271068126757007
L224S,1066.0,177.0,-4.204321056635281,0.08154237796976839
L224T,600.0,180.0,-3.3509123475749787,0.08534383036870456
L224V,782.0,41.0,-5.867142263612583,0.16038932664335143
L224W,849.0,17.0,-7.255329356628745,0.2450070890158095
L224Y,297.0,208.0,-2.1278614749512714,0.09075260186561515
L224_,1090.0,21.0,-7.311124254629565,0.2203984777914286
L227A,580.0,130.0,-3.7714580347409745,0.09735249246321187
L227C,782.0,2055.0,-0.22011640319928638,0.042744066546936695
L227D,723.0,8.0,-8.110072404657384,0.3553712641237825
L227E,666.0,53.0,-5.265210249688279,0.1429249024236409
L227F,583.0,557.0,-1.679820256958621,0.0597680509312241
L227G,1166.0,25.0,-7.15693414995898,0.20224568113359195
L227H,541.0,36.0,-5.523188612545935,0.17227925615784676
L227I,298.0,572.0,-0.6733232299259493,0.07187139097786857
L227K,749.0,45.0,-5.670670366525369,0.15366868343711246
L227M,974.0,1797.0,-0.73041290841973,0.040556713337642936
L227N,539.0,40.0,-5.365882361265089,0.1640447752088618
L227P,1848.0,30.0,-7.55838829055271,0.18418749170231113
L227Q,1043.0,19.0,-7.391853503936839,0.2315692981128379
L227R,1014.0,17.0,-7.511547784996259,0.24461564710371708
L227S,1152.0,615.0,-2.5194743224805665,0.05055414328860208
L227T,898.0,297.0,-3.2102228609144055,0.06739545170956482
L227V,1062.0,2472.0,-0.3951156275916956,0.03752097265680475
L227W,442.0,555.0,-1.2855680998629646,0.06423274206339506
L227Y,1486.0,1015.0,-2.16395273952951,0.04147093574806902
L227_,1846.0,45.0,-6.97202384945318,0.15106514318170147
L253A,996.0,2811.0,-0.11714640238450702,0.037701904018661136
L253C,1222.0,3725.0,-0.006014648736970329,0.033888982369592556
L253D,1520.0,32.0,-7.183417184133604,0.1787730723468847
L253E,1189.0,38.0,-6.581240869481494,0.16495934489901284
L253F,1522.0,3647.0,-0.3532665384336289,0.03151042188780724
L253G,1454.0,2748.0,-0.6956527935342129,0.03336669650641984
L253H,1285.0,559.0,-2.814836446315912,0.05127147732290148
L253I,1452.0,4564.0,0.0382477072495111,0.031136628273162645
L253K,625.0,57.0,-5.068595222317096,0.13857286993212387
L253M,740.0,2093.0,-0.11404032326136893,0.043483300883678876
L253N,1047.0,77.0,-5.379088470855408,0.11833051532997839
L253P,922.0,149.0,-4.24337610160244,0.08864101473375978
L253Q,1481.0,324.0,-3.806473992981215,0.061832216078834344
L253R,1273.0,31.0,-6.973369272241467,0.18191999722429752
L253S,871.0,1999.0,-0.4154783545463765,0.04135243195872644
L253T,2716.0,3004.0,-1.468602032176047,0.02761809355045948
L253V,399.0,1287.0,0.07552359819914134,0.057834947512112087
L253W,710.0,1456.0,-0.5778938413029477,0.04644268401823086
L253Y,1380.0,2904.0,-0.5406351561842082,0.03362539848716753
L253_,691.0,17.0,-6.958254398903797,0.24555607974496696
L269A,921.0,2161.0,-0.3835858337405522,0.040127231266472656
L269C,696.0,2114.0,-0.011200594420439636,0.04440134217849568
L269D,1157.0,1860.0,-0.9290938121184391,0.03825718030607626
L269E,1248.0,2411.0,-0.6639947156686556,0.03574525324898034
L269F,1065.0,1895.0,-0.7826643714670931,0.03909403512490206
L269G,1013.0,1948.0,-0.6706501886323828,0.039524486531523566
L269H,1032.0,2754.0,-0.1979260084790857,0.03733327347544127
L269I,447.0,1205.0,-0.1833367484285402,0.05593423470798758
L269K,1523.0,1239.0,-1.9117404392433883,0.03905603739219459
L269M,1015.0,3329.0,0.09959640691595517,0.03670538292399893
L269N,1086.0,1426.0,-1.2210561449334758,0.04103343454547841
L269P,1672.0,4019.0,-0.3487461650630572,0.03014272058280717
L269Q,1315.0,3453.0,-0.22122211445392104,0.03334271221201816
L269R,820.0,767.0,-1.7103989724664803,0.05084235293236507
L269S,1503.0,3189.0,-0.5287488426254958,0.032258209353857356
L269T,1244.0,4163.0,0.12862608515281204,0.03325276574959346
L269V,796.0,2488.0,0.03013096780310498,0.04147139775451704
L269W,1021.0,1386.0,-1.1730621860596786,0.041983346871533274
L269Y,1290.0,1420.0,-1.4754840159592453,0.03925674138260054
L269_,878.0,18.0,-7.221370141106612,0.23817080268001203
L26A,521.0,440.0,-1.8577776074107328,0.065220457984951
L26C,469.0,580.0,-1.3075437656127864,0.0625934698460371
L26D,518.0,31.0,-5.676177374025431,0.18504002342539416
L26E,717.0,2276.0,0.05243889500173626,0.04353997738199936
L26F,747.0,1334.0,-0.7774328360871294,0.04636780450971923
L26G,803.0,4072.0,0.728248389125822,0.03940275410159211
L26H,789.0,1424.0,-0.7621590689796003,0.04507035478990488
L26I,373.0,111.0,-3.3625275210559487,0.10840098844222498
L26K,916.0,28.0,-6.645352315847044,0.1919763263183236
L26M,865.0,2807.0,0.08424263096351847,0.0396735493585003
L26N,1008.0,1355.0,-1.1872093086718971,0.042328939813687454
L26P,721.0,24.0,-6.522314816476317,0.20760043271604714
L26Q,448.0,985.0,-0.47739541998294577,0.0575238621371596
L26R,573.0,16.0,-6.775517959909589,0.2535109774784804
L26S,307.0,1015.0,0.111133531628135,0.0656057804011337
L26T,470.0,1748.0,0.28094722481350054,0.05254880564867128
L26V,739.0,567.0,-1.9962225633895851,0.05637803251061931
L26W,418.0,130.0,-3.2989177167915074,0.10072580031761307
L26Y,288.0,2356.0,1.418151996970396,0.06291447878527837
L26_,773.0,23.0,-6.684157045128724,0.2116948118887595
L276A,1190.0,5786.0,0.6675922635292002,0.032784802994594395
L276C,1255.0,4954.0,0.3668950648652398,0.03256296423231447
L276D,1788.0,113.0,-5.597835317221131,0.09731258394999626
L276E,1118.0,664.0,-2.3656590747062243,0.049619868600967086
L276F,559.0,762.0,-1.1670670169255102,0.056239479568881194
L276G,663.0,2201.0,0.11706030835730363,0.044992147217828266
L276H,1453.0,371.0,-3.583517510111199,0.0586962963906414
L276I,1122.0,1783.0,-0.9457735959926072,0.038907461570442135
L276K,924.0,471.0,-2.5861536313486706,0.05715785252951475
L276M,1597.0,3284.0,-0.5739176824811234,0.03150173787760382
L276N,919.0,1215.0,-1.2111871334475337,0.04441677044676471
L276P,1204.0,21.0,-7.454630258518562,0.22020132634153874
L276Q,1088.0,676.0,-2.3005781796771565,0.049599000186022896
L276R,1406.0,21.0,-7.678389739316627,0.2199302133214789
L276S,1161.0,8449.0,1.2493990510291817,0.03227010455249908
L276T,857.0,3096.0,0.23902333155246058,0.03938943338902641
L276V,1435.0,1656.0,-1.4073522619423926,0.03691075595345977
L276W,1344.0,1071.0,-1.9415747780376185,0.041706399305160506
L276Y,1545.0,586.0,-3.012621843202002,0.04914655720202196
L276_,1191.0,36.0,-6.661646972896183,0.169326226397118
L283A,616.0,878.0,-1.102719256020662,0.05314106721029095
L283C,2502.0,2790.0,-1.4568201188542673,0.0286318681661825
L283D,1047.0,116.0,-4.78795700234802,0.09816685201037105
L283E,945.0,83.0,-5.122975402275454,0.11474587042160661
L283F,990.0,1773.0,-0.7733171858569357,0.04044486346138229
L283G,1221.0,1604.0,-1.220394736028216,0.038782923859578364
L283H,1573.0,43.0,-6.806714757021609,0.15475081360376067
L283I,1658.0,577.0,-3.1367873372680415,0.04896823919784385
L283K,1090.0,46.0,-6.1802529601993665,0.15071002588371474
L283M,1067.0,1411.0,-1.2108483408024933,0.04132304563160765
L283N,1477.0,1334.0,-1.7609129687111968,0.038579095589407565
L283P,1526.0,67.0,-6.123247055081299,0.12506051759671696
L283Q,1656.0,652.0,-2.958748244303642,0.046896305373807526
L283R,1566.0,64.0,-6.226655162572678,0.12776074539343424
L283S,1070.0,1709.0,-0.9384662971454762,0.03976667386576622
L283T,763.0,634.0,-1.881199225690267,0.05430970965504546
L283V,1022.0,398.0,-2.974535584740993,0.05960408757009319
L283W,1769.0,733.0,-2.8850402742242838,0.044622968971661896
L283Y,1076.0,87.0,-5.2423693132954226,0.11173170902393444
L283_,1506.0,30.0,-7.263147076654897,0.18452077308995385
L285A,962.0,2487.0,-0.24371434356171218,0.038771936393305804
L285C,997.0,2192.0,-0.477428356293637,0.03899852339746399
L285D,1182.0,2451.0,-0.5618687268541844,0.03627251251990767
L285E,1579.0,2113.0,-1.1937235691569335,0.034179676724149954
L285F,1244.0,4971.0,0.384538066661666,0.032660403909956996
L285G,1174.0,3101.0,-0.21270937500252174,0.03515594748360976
L285H,2010.0,3154.0,-0.9640183008666572,0.02960152401162534
L285I,1165.0,2824.0,-0.3365999973712821,0.03569526141565965
L285K,1467.0,414.0,-3.439144041367119,0.056202693599567984
L285M,1287.0,3160.0,-0.3180969955709436,0.033987247556010465
L285N,583.0,1158.0,-0.6239476787920077,0.05138550776617328
L285P,1003.0,2911.0,-0.07681905040340631,0.03744604086888534
L285Q,1081.0,5715.0,0.7883732977074187,0.034084046212774034
L285R,1270.0,279.0,-3.800453977206078,0.06658212872119675
L285S,671.0,1650.0,-0.31593426018822157,0.04645461495523378
L285T,929.0,2400.0,-0.24472847032470924,0.039430485293458425
L285V,647.0,6073.0,1.6165489732034781,0.042094153040951675
L285W,1489.0,2243.0,-1.0229202466987815,0.03433802865509484
L285Y,888.0,1335.0,-1.025800135775527,0.044009715587389454
L285_,1861.0,35.0,-7.346177791831606,0.17076970991812496
L286A,2004.0,20800.0,1.7616197530747468,0.024673061582986024
L286C,1281.0,3316.0,-0.24183623654604958,0.03382136658765238
L286D,2134.0,5261.0,-0.31223000054183636,0.02683956963301138
L286E,1123.0,2855.0,-0.26787783186414416,0.036088904845021794
L286F,1191.0,3134.0,-0.21817859948006824,0.03493403931988247
L286G,1294.0,909.0,-2.1234835519116366,0.0439837813923731
L286H,680.0,378.0,-2.461134418023529,0.06463499695792133
L286I,1108.0,3044.0,-0.1560006599268018,0.03595436725539422
L286K,733.0,11.0,-7.670949362460488,0.30373087227786305
L286M,1217.0,2745.0,-0.4405324737720342,0.03532232856069709
L286N,831.0,1618.0,-0.6527200748716,0.04339448890478866
L286P,1024.0,27.0,-6.858595210205715,0.19509372419386492
L286Q,1035.0,1257.0,-1.3336514359294895,0.04270124613180509
L286R,1696.0,62.0,-6.387502832812842,0.12952889232783737
L286S,1117.0,1863.0,-0.8760095395615233,0.038648369518204016
L286T,1030.0,3056.0,-0.04501193605178777,0.036875086204579716
L286V,1420.0,4586.0,0.07733555507481826,0.03136811165988837
L286W,1602.0,142.0,-5.1098215799878535,0.08790709307838543
L286Y,1336.0,1364.0,-1.5840794413106893,0.03928502778987875
L286_,1531.0,47.0,-6.639375071460378,0.1482798601705556
L30A,465.0,27.0,-5.719699052817342,0.1980795285832533
L30C,513.0,1323.0,-0.2472377432714108,0.05260052745559257
L30D,617.0,6.0,-8.295787926629039,0.40996555211221036
L30E,1629.0,37.0,-7.073939370485979,0.1664189824941904
L30F,250.0,190.0,-2.0099133098488213,0.09656295598897777
L30G,579.0,14.0,-6.983062260320759,0.27049280376278056
L30H,1004.0,26.0,-6.884566285373454,0.19875724094311645
L30I,809.0,1279.0,-0.9532047528708274,0.04560281725647222
L30K,629.0,21.0,-6.517937742316792,0.22191860237717934
L30M,1419.0,1680.0,-1.3704177920877507,0.03690033580826808
L30N,1208.0,28.0,-7.044549460005598,0.19128781049706217
L30P,1416.0,29.0,-7.22314020433804,0.18771991204157765
L30Q,552.0,15.0,-6.814701376665188,0.26171644346275563
L30R,417.0,12.0,-6.731776780292298,0.2927860213555271
L30S,893.0,54.0,-5.661380733643054,0.14034451057640543
L30T,673.0,432.0,-2.2535660899217964,0.06214746026311728
L30V,1537.0,744.0,-2.6607354902450124,0.045347164984942255
L30W,1135.0,761.0,-2.190720548017909,0.04750553912497922
L30Y,719.0,66.0,-5.059258188831373,0.12884760229704909
L30_,642.0,19.0,-6.691768188148826,0.232858721947296
L331A,1054.0,2927.0,-0.14046373625014308,0.03677073202830349
L331C,1209.0,3914.0,0.08081840825717546,0.0338274892484122
L331D,550.0,7.0,-7.9079024509465805,0.3801752026061619
L331E,1011.0,23.0,-7.07139532955369,0.21097430875627746
L331F,1204.0,1041.0,-1.8238663034420428,0.0430447094705586
L331G,1235.0,37.0,-6.6744666338304635,0.16700634120765923
L331H,1614.0,39.0,-6.984664564821227,0.16222117961011917
L331I,1371.0,5122.0,0.2874681193876132,0.031405552040243256
L331K,698.0,29.0,-6.202628360811707,0.18964493113829
L331M,891.0,2264.0,-0.26863605433885596,0.04031996507334076
L331N,1719.0,49.0,-6.746360836649918,0.14507726537149562
L331P,2547.0,51.0,-7.255883569122332,0.14162732788361326
L331Q,1690.0,34.0,-7.248931823058212,0.1733681423081295
L331R,641.0,35.0,-5.808510752922309,0.1737382780640779
L331S,1401.0,49.0,-6.4512501525581705,0.14553162379845888
L331T,1158.0,545.0,-2.7012959617417582,0.052536298706537844
L331V,1610.0,3212.0,-0.6175961209139986,0.03152981526003346
L331W,1061.0,400.0,-3.0213331378435067,0.05919560160330965
L331Y,1623.0,91.0,-5.770505860369251,0.10800752866750735
L331_,1219.0,49.0,-6.250492860196693,0.14589729456325295
L33A,2029.0,1416.0,-2.1329473777325774,0.03550696350397134
L33C,593.0,549.0,-1.7252268619195972,0.05974492625112291
L33D,671.0,181.0,-3.5042677211114386,0.08412211939780902
L33E,288.0,429.0,-1.039110483977817,0.07658154622107859
L33F,342.0,417.0,-1.3279593844914812,0.07337301073569198
L33G,635.0,762.0,-1.3509722369026926,0.054302676249390704
L33H,953.0,1251.0,-1.2214727920242527,0.04370748925029597
L33I,675.0,718.0,-1.5249077943009075,0.05418377394160936
L33K,923.0,601.0,-2.2329601388292657,0.052999634607030915
L33M,312.0,809.0,-0.23943758915111513,0.06710281444114731
L33N,878.0,1157.0,-1.2159107989102225,0.04544138553013155
L33P,628.0,11.0,-7.4479040139600405,0.3041061266046122
L33Q,1495.0,2273.0,-1.0095539594768228,0.034212873010168156
L33R,907.0,663.0,-2.066090682805923,0.051696035779826656
L33S,413.0,451.0,-1.4870201475655405,0.06855784549883234
L33T,419.0,230.0,-2.4792909458888666,0.0824372398079406
L33V,825.0,1049.0,-1.2674579368671752,0.04719184082928055
L33W,636.0,77.0,-4.659934603658456,0.1209103488754306
L33Y,536.0,65.0,-4.657529213308836,0.13156583630200103
L33_,680.0,17.0,-6.935103772386575,0.2456037415209211
L345A,2195.0,3923.0,-0.7762693556378308,0.027787922937567874
L345C,1545.0,2882.0,-0.7145436907359506,0.032494747616049945
L345D,1390.0,838.0,-2.3440587533366317,0.044434288890644325
L345E,1090.0,790.0,-2.078401406616459,0.047380513925050036
L345F,1098.0,2360.0,-0.5101010770836227,0.03736507858809204
L345G,883.0,2080.0,-0.3779140732624926,0.04092603678698699
L345H,1701.0,977.0,-2.4139492448061675,0.04090355192092298
L345I,734.0,1364.0,-0.7200202582165867,0.046445616328165074
L345K,1453.0,295.0,-3.9142117245297507,0.06433992286204501
L345M,829.0,1401.0,-0.8569970124128039,0.04451642852281557
L345N,796.0,979.0,-1.315465814985794,0.0483672328428749
L345P,1735.0,1054.0,-2.3330582794958246,0.03983474259906312
L345Q,1091.0,1303.0,-1.3578190254267692,0.041781805408972944
L345R,1043.0,581.0,-2.458120946379882,0.05236017487095735
L345S,810.0,1781.0,-0.4773188633455545,0.04310122251710454
L345T,958.0,931.0,-1.6552469076318586,0.04668636118926497
L345V,1834.0,9579.0,0.7708721982436222,0.02667080390908835
L345W,1124.0,1703.0,-1.0145708205735566,0.03922436710096977
L345Y,1262.0,5796.0,0.5853338857345092,0.03204064284001912
L345_,1586.0,43.0,-6.8185887821332045,0.1547339765291136
L350A,468.0,957.0,-0.5820082126706128,0.05695007641130505
L350D,835.0,335.0,-2.93159217100688,0.06514798180115103
L350E,943.0,2597.0,-0.15249626187229914,0.038822363467582624
L350F,1521.0,4139.0,-0.1697467602191578,0.030995888498656855
L350G,2662.0,3715.0,-1.133152752829516,0.02658040313204149
L350H,1016.0,441.0,-2.818034183286736,0.057562558329269896
L350I,1559.0,5151.0,0.11022230269105293,0.029954180841508613
L350K,1285.0,1323.0,-1.571958476464422,0.03994671210675149
L350M,1050.0,2467.0,-0.3816423603691348,0.03767498413145876
L350N,1164.0,1373.0,-1.3757641756121233,0.040609229558874756
L350P,1189.0,381.0,-3.255862936560761,0.05939126543888217
L350Q,604.0,850.0,-1.121095477188769,0.05379351297266412
L350R,918.0,1743.0,-0.6890037839685332,0.04152970609372484
L350S,1169.0,3424.0,-0.06360321207030406,0.034773027755802814
L350T,844.0,2456.0,-0.07301841881535331,0.04066531830610838
L350V,2439.0,4850.0,-0.6223108074951318,0.026035958265922927
L350W,1294.0,2284.0,-0.7942826553738023,0.03566933656809747
L350Y,1030.0,1898.0,-0.7321736068064766,0.03948943575741655
L350_,1021.0,28.0,-6.801914058914688,0.19168370057112902
L35A,1585.0,2131.0,-1.1869574355604091,0.034086000975913126
L35C,1006.0,1272.0,-1.275537489647303,0.04291697575283822
L35D,948.0,48.0,-5.917498292426235,0.14814019952455293
L35E,858.0,144.0,-4.188828323099696,0.090394321550082
L35F,216.0,239.0,-1.4680299777173023,0.09420734698282773
L35G,429.0,325.0,-2.0145300247030855,0.07395579736406294
L35H,532.0,256.0,-2.6692560555897744,0.07646858764280738
L35I,841.0,535.0,-2.2665599535631262,0.055855653314070434
L35K,1167.0,1180.0,-1.5980206938431856,0.04202409658415801
L35M,1463.0,3630.0,-0.30296896426075515,0.03194819594191957
L35N,577.0,121.0,-3.867472904655986,0.10029225110619618
L35P,110.0,1.0,-8.381138424871018,0.9996253178979948
L35Q,732.0,410.0,-2.450207116527798,0.06218319725785268
L35R,109.0,93.0,-1.8430056009716438,0.14137427622828386
L35S,562.0,267.0,-2.687704882714952,0.07474081492137122
L35T,315.0,13.0,-6.2117076167498,0.28301967558059477
L35V,1423.0,199.0,-4.452035825125509,0.07608739996973085
L35W,1140.0,970.0,-1.8469778102636702,0.0443822718752855
L35Y,287.0,506.0,-0.7959379639375612,0.07431102372792746
L35_,487.0,13.0,-6.840261385153267,0.28103199158847403
L367A,1247.0,3803.0,-0.005334158103408093,0.03356413802254994
L367C,1080.0,3096.0,-0.09463739546180605,0.03620217241122613
L367D,1488.0,21.0,-7.7601671058983115,0.21984108972438698
L367E,827.0,41.0,-5.947859981625201,0.16017226756386782
L367F,1815.0,4386.0,-0.34107125179599196,0.02899383330706012
L367G,1194.0,2675.0,-0.4502734908589572,0.035679516025269704
L367H,918.0,2354.0,-0.2554641814290193,0.039696389582866115
L367I,1029.0,2262.0,-0.4776545514379196,0.03841322832906874
L367K,1568.0,88.0,-5.7691263491957265,0.10982613434297944
L367M,1935.0,4462.0,-0.40865013145796825,0.028330037085552456
L367N,1401.0,942.0,-2.1866558294277287,0.04286040361019258
L367P,1273.0,45.0,-6.435857233468539,0.1518700378394429
L367Q,1678.0,1757.0,-1.547631767197878,0.035025366397494234
L367R,1637.0,16.0,-8.289948872938094,0.25126383599370344
L367S,1948.0,8187.0,0.4573327178867519,0.02640402741796079
L367T,1646.0,3522.0,-0.5165769513759897,0.03087299895735785
L367V,1884.0,7664.0,0.41028996476640955,0.026887660813148365
L367W,962.0,1751.0,-0.7499393290384919,0.04089343176664594
L367Y,1026.0,1274.0,-1.3016710467349384,0.042676177512504895
L367_,1562.0,44.0,-6.76343136388643,0.15304898869500572
L374A,2148.0,4680.0,-0.49049195346794505,0.027219579348486796
L374C,1623.0,3757.0,-0.40308978911889115,0.030724449851391705
L374D,1587.0,1247.0,-1.9618410405925304,0.038648641664286505
L374E,1781.0,2894.0,-0.9136285660987093,0.03112401051215744
L374F,1195.0,2769.0,-0.4016552832456419,0.03549135873664203
L374G,1059.0,2417.0,-0.42349562659812623,0.03767885392545708
L374H,2138.0,9592.0,0.5515617057074227,0.025172637082835774
L374I,861.0,2154.0,-0.29107980725226845,0.04107749574369239
L374K,1412.0,2530.0,-0.7726100748896219,0.034134281865056015
L374M,1276.0,4992.0,0.35397833257543354,0.03233723227534545
L374N,465.0,864.0,-0.720216587625476,0.05804798843069138
L374P,1237.0,507.0,-2.900773911727021,0.05331446473096866
L374Q,2017.0,2551.0,-1.2751525384614766,0.030813447126096575
L374R,1181.0,1731.0,-1.0624099776095015,0.03855014729869338
L374S,1054.0,2461.0,-0.3906408908937937,0.0376401168883658
L374T,1208.0,2699.0,-0.45420493155372554,0.03549644350353777
L374V,2172.0,5479.0,-0.27911836478216356,0.026544327513013447
L374W,1723.0,5784.0,0.13313611568683115,0.028547393584336198
L374Y,1131.0,2312.0,-0.5824669035301051,0.037126447757815643
L374_,2310.0,73.0,-6.597664063110326,0.11912739395343948
L383A,998.0,2500.0,-0.2891951669988888,0.03825801785151729
L383C,1679.0,4344.0,-0.24258625476482854,0.029790513215270535
L383D,1192.0,2604.0,-0.4866642062891664,0.03584167687676727
L383E,1266.0,2887.0,-0.42471555182964416,0.03461135455325165
L383F,1157.0,2659.0,-0.4135149869651622,0.03608407053039242
L383G,2060.0,5387.0,-0.22716945367617614,0.02706935225085291
L383H,1423.0,12536.0,1.525057674227814,0.02905493951488609
L383I,514.0,1130.0,-0.4775356486489324,0.053778424341158655
L383K,8.0,16.0,-0.614903696082445,0.4328586264929945
L383M,674.0,1549.0,-0.4134982997056964,0.04680720776619897
L383N,1291.0,9932.0,1.3295826822750603,0.030609728107323122
L383P,1655.0,5499.0,0.11832911976874527,0.02911632588850822
L383Q,1752.0,4640.0,-0.2088859510602621,0.029119981742762435
L383R,897.0,2255.0,-0.2840649986870849,0.040248668908972364
L383S,1841.0,6403.0,0.1842499437849412,0.027586957287239287
L383T,927.0,3307.0,0.22086774494890182,0.03798431958492163
L383V,1221.0,3240.0,-0.2060796062856216,0.034486500200361515
L383W,1529.0,3028.0,-0.628230728573786,0.032341172232262565
L383Y,741.0,1474.0,-0.6218214612522841,0.0457123010163627
L383_,1292.0,2642.0,-0.5819841653573832,0.03484495777345396
L40A,1620.0,409.0,-3.599797553231518,0.05589178561327991
L40C,894.0,69.0,-5.309416486945211,0.12518343664898993
L40D,1051.0,138.0,-4.542934540856955,0.09087904623596756
L40E,588.0,29.0,-5.955221346024396,0.19035022202365726
L40F,1334.0,2702.0,-0.5957393234637554,0.03437147051414769
L40G,1053.0,17.0,-7.565995042069598,0.24454097782885995
L40H,600.0,711.0,-1.3691195508566336,0.05598903848864188
L40I,1017.0,132.0,-4.559617595472141,0.09284471854053604
L40K,786.0,28.0,-6.424536634930794,0.19244601105923892
L40M,9.0,1.0,-4.771174669251735,1.0493562239801444
L40N,1216.0,347.0,-3.4231088056480674,0.0613661678179499
L40P,883.0,22.0,-6.940201582191292,0.2159353311813256
L40Q,715.0,761.0,-1.5240508640037742,0.05267170568150828
L40R,938.0,23.0,-6.9632732707181635,0.21115666167725217
L40S,1625.0,507.0,-3.294365344842975,0.05147243996353743
L40T,886.0,177.0,-3.9374949719178636,0.08270270451311805
L40V,1793.0,286.0,-4.2622488955203295,0.06415439330935568
L40W,72.0,118.0,-0.9013629115568147,0.14974145001956973
L40Y,1001.0,2248.0,-0.44681078960264653,0.038800933749461496
L40_,1037.0,24.0,-7.046653448679491,0.20658002614848953
L42A,810.0,1743.0,-0.5084336337199984,0.04324299244375298
L42C,901.0,2456.0,-0.1673014445445924,0.039733029372846
L42D,417.0,843.0,-0.5985350915624537,0.06038156290666
L42E,576.0,1108.0,-0.6701977174999945,0.05196425178019352
L42F,249.0,616.0,-0.30725276577568916,0.07550454826032818
L42G,1254.0,2931.0,-0.3891538188162258,0.034645413679843536
L42H,912.0,1495.0,-0.9009692701053318,0.04274405940096768
L42I,805.0,1675.0,-0.5569117574466746,0.04359948986609253
L42K,729.0,1006.0,-1.1493687197973959,0.049268983774948164
L42M,798.0,1709.0,-0.5153207477830435,0.04358824123840701
L42N,653.0,1218.0,-0.71465386826174,0.04913313546390022
L42P,686.0,105.0,-4.321705742098068,0.10508230507946209
L42Q,962.0,3538.0,0.26481147368617464,0.03719971182005772
L42R,719.0,1415.0,-0.6372743483814611,0.04646712374388318
L42S,918.0,1840.0,-0.6108710234934698,0.04116396022867716
L42T,1804.0,13055.0,1.2413214656657177,0.02631735472625929
L42V,704.0,1197.0,-0.8482354780257229,0.04814076068747516
L42W,609.0,1055.0,-0.8212840051113233,0.05149321351862429
L42Y,575.0,1304.0,-0.4327068743511582,0.050671974860485226
L42_,417.0,11.0,-6.857198462433564,0.30542794393171946
L43A,75.0,71.0,-1.6930635915207937,0.1657581459316926
L43C,749.0,777.0,-1.5610546703442214,0.051805057137500055
L43D,708.0,92.0,-4.557910020964234,0.11109670050225608
L43E,946.0,1325.0,-1.1279269473636049,0.04328355490759103
L43F,857.0,1098.0,-1.2564956062076638,0.046252238949287094
L43G,808.0,1009.0,-1.293507436666422,0.047857731481579804
L43H,602.0,459.0,-2.0052647234486196,0.06246108636868554
L43I,988.0,278.0,-3.4433917225820734,0.06834333896254727
L43K,1135.0,396.0,-3.1330990979692235,0.05888906372116732
L43M,370.0,773.0,-0.551080040549162,0.063702100012569
L43N,793.0,712.0,-1.7694444112600305,0.05222237417266906
L43P,350.0,3.0,-8.475491700306812,0.5789167974847584
L43Q,449.0,484.0,-1.5057135771505576,0.06599150299338327
L43R,1419.0,28.0,-7.276801818899015,0.19096579640501016
L43S,1577.0,2351.0,-1.0379139891465345,0.03348348929261819
L43T,654.0,703.0,-1.509770340172226,0.05489232225611089
L43V,136.0,19.0,-4.4528851471843875,0.24498566653738266
L43W,239.0,46.0,-3.9910544753886565,0.16118317060010864
L43Y,1042.0,80.0,-5.317047843346556,0.11627469606698072
L43_,1054.0,32.0,-6.655224923800154,0.179584739300557
L49A,494.0,1440.0,-0.07053617682168678,0.05272924904752468
L49C,385.0,1013.0,-0.218322263346308,0.060383572123416204
L49D,288.0,7.0,-6.974563506104554,0.3823442657852231
L49E,1305.0,210.0,-4.249533786944976,0.07476388988209288
L49F,712.0,2391.0,0.13364789897041263,0.04340957863280779
L49G,781.0,1284.0,-0.8967593436001682,0.04605308928437744
L49H,528.0,2530.0,0.64650307286293,0.048485486913102976
L49I,701.0,1183.0,-0.8590475170696248,0.04830629491054821
L49K,938.0,225.0,-3.6736170395957366,0.07464594563522355
L49M,706.0,711.0,-1.603821623544186,0.053707951682776894
L49N,1090.0,1686.0,-0.984731133701092,0.03965126265547633
L49P,985.0,19.0,-7.309310790235716,0.23169116161303221
L49Q,2009.0,21864.0,1.829998518307204,0.02460037455086928
L49R,515.0,14.0,-6.8140744408284455,0.2708892409623907
L49S,815.0,1584.0,-0.6553110790053767,0.04381747959177762
L49T,269.0,528.0,-0.6410974066662503,0.07531879589176611
L49V,707.0,1302.0,-0.7330648529953727,0.04737229115593891
L49W,738.0,1245.0,-0.8595577960103551,0.04711565718145056
L49Y,545.0,686.0,-1.282055950520581,0.0579156022056721
L49_,86.0,3.0,-6.45067186939197,0.5864419427657992
L61A,1268.0,3085.0,-0.3312938134933603,0.03427052572367499
L61C,578.0,1465.0,-0.2722587015728495,0.049742804840721355
L61D,466.0,135.0,-3.401297500240805,0.09805314381014438
L61E,528.0,936.0,-0.7880441661497892,0.0549904695442996
L61G,344.0,984.0,-0.09778038229214481,0.06312547535098893
L61H,529.0,1319.0,-0.29591425316004916,0.05205911411188307
L61I,851.0,1633.0,-0.673717220550138,0.04300144191573066
L61K,502.0,526.0,-1.5466287321055994,0.06288704393635992
L61M,621.0,1736.0,-0.13091600315177576,0.04741304818101201
L61N,399.0,758.0,-0.6882108787680359,0.06234685415826184
L61P,1010.0,18.0,-7.423430441736199,0.23785811162170242
L61Q,392.0,922.0,-0.3801109154845772,0.06080481748810867
L61R,199.0,467.0,-0.3833903399440617,0.08501669515540024
L61S,588.0,1639.0,-0.13509079508683186,0.048707897878652075
L61T,1579.0,3595.0,-0.42702738040433186,0.031195434235000027
L61V,445.0,1248.0,-0.12628302292041216,0.05576826791666444
L61W,712.0,1772.0,-0.2985855194329803,0.04506094893859073
L61Y,698.0,1671.0,-0.35460209947705934,0.04574678412230448
L61_,876.0,14.0,-7.580421334162541,0.2694082598578073
L65A,1177.0,2949.0,-0.28889871936492373,0.035360866292873765
L65C,1153.0,3089.0,-0.19226334027284775,0.03539360172033766
L65D,665.0,461.0,-2.1425808460845035,0.06111113394175914
L65E,949.0,1124.0,-1.3698431798680168,0.04477817591401113
L65F,1058.0,2895.0,-0.1617877880280112,0.036773307747175916
L65G,981.0,1852.0,-0.6972507155365086,0.04026158281416944
L65H,1025.0,7601.0,1.2765502914698046,0.03418837907115671
L65I,1308.0,3524.0,-0.18415840859662325,0.03331623253848987
L65K,165.0,496.0,-0.026187107162186862,0.09021092351066354
L65M,894.0,1905.0,-0.5225671592483545,0.04129371514447489
L65N,1163.0,2176.0,-0.7101811712868775,0.03716285925631523
L65P,801.0,401.0,-2.612184896221544,0.061675042162228286
L65Q,572.0,1315.0,-0.41304135948628584,0.05069867096620397
L65R,1384.0,2664.0,-0.6692577253031495,0.034052836301667395
L65S,726.0,1654.0,-0.4260962242755477,0.04520692783173589
L65T,73.0,238.0,0.09085334848056092,0.13401470654274794
L65V,116.0,264.0,-0.42765945035631425,0.11166631287596085
L65W,688.0,2101.0,-0.0034212667811308606,0.04462188218110277
L65Y,1024.0,2493.0,-0.33034399047634455,0.0379388726913229
L65_,803.0,18.0,-7.092550723778217,0.23839401536402444
L69A,789.0,1051.0,-1.2003419504193982,0.04775521284964433
L69C,1183.0,3535.0,-0.03475082883750957,0.03449448630283642
L69D,481.0,874.0,-0.752419957093732,0.05731312317500874
L69E,578.0,623.0,-1.5058419885346472,0.058282657012696235
L69F,691.0,1725.0,-0.29417662481429385,0.04570062807214488
L69G,1036.0,1892.0,-0.7451210708798408,0.039439366663817935
L69H,596.0,1134.0,-0.685977935677089,0.05119896677107041
L69I,606.0,1331.0,-0.4788949512628289,0.04962993556951452
L69K,1232.0,1716.0,-1.1359588622355803,0.03815904181285078
L69M,626.0,1451.0,-0.40120300238881956,0.04845902660809396
L69N,627.0,472.0,-2.02367388368787,0.061442278923767565
L69P,608.0,1530.0,-0.28262873104674746,0.048579665008007096
L69Q,740.0,1149.0,-0.979228173769422,0.04778421388519975
L69R,928.0,1021.0,-1.47621811649209,0.046029126580149876
L69S,795.0,1762.0,-0.46582565663126463,0.04344033890428829
L69T,1165.0,3676.0,0.04379549658965587,0.03452650247497555
L69V,885.0,3103.0,0.19589982816968998,0.03890863696864672
L69W,2065.0,60967.0,3.2698052644093374,0.023713815200657996
L69Y,642.0,1758.0,-0.16072725344615613,0.046777309425742465
L69_,1247.0,27.0,-7.142838440565742,0.19464564327204525
L75A,448.0,584.0,-1.2315407185517753,0.06329357030922828
L75C,997.0,538.0,-2.5039778426767487,0.05406832751213686
L75D,643.0,18.0,-6.77197394414879,0.2390430459648315
L75E,832.0,35.0,-6.184764757657723,0.17270454490443485
L75F,605.0,335.0,-2.4667576841279093,0.06855314964785605
L75G,528.0,860.0,-0.910214674043754,0.05584231606486546
L75H,503.0,21.0,-6.1954418706220515,0.22281404418015846
L75I,537.0,690.0,-1.2523345396168963,0.05807840077287675
L75K,451.0,6.0,-7.84365347695784,0.410692440131055
L75M,571.0,985.0,-0.8273804965248406,0.053180677846366736
L75N,924.0,33.0,-6.420936277656443,0.1773070029074074
L75P,450.0,344.0,-2.001509414038747,0.07204685034081956
L75Q,626.0,47.0,-5.349148973766185,0.1514304193545718
L75R,563.0,17.0,-6.662708357287927,0.24622509747337967
L75S,291.0,204.0,-2.1264317148122727,0.0916499432431523
L75T,483.0,385.0,-1.941159996485025,0.0687704093809108
L75V,577.0,1091.0,-0.6950067581334878,0.0520705066413425
L75W,497.0,78.0,-4.28554675762001,0.12203517889818799
L75Y,472.0,245.0,-2.559979647488218,0.07913121259499761
L75_,1258.0,23.0,-7.386741452738412,0.2105135513357679
L77A,349.0,777.0,-0.4593380639822344,0.06491468015425975
L77C,431.0,1210.0,-0.12477713288138048,0.056641458282103166
L77D,701.0,1381.0,-0.6357860196202063,0.0470351406295084
L77E,491.0,215.0,-2.805351502872611,0.08215380957899077
L77F,435.0,871.0,-0.612362139781407,0.05923321479639418
L77G,696.0,2657.0,0.31862086200284434,0.0432990465503467
L77H,1428.0,729.0,-2.583998428843531,0.046191796523385446
L77I,225.0,242.0,-1.5089253142213215,0.0929407937502891
L77K,668.0,18.0,-6.827002469601989,0.23892127497419488
L77M,462.0,590.0,-1.2611875279331821,0.06261809166759494
L77N,685.0,979.0,-1.0988043091820634,0.050427733354230626
L77P,502.0,308.0,-2.318741768116963,0.07280332128017326
L77Q,962.0,348.0,-3.080925984704889,0.06304486055993301
L77R,980.0,17.0,-7.462344280606761,0.2446855716849774
L77S,1158.0,30289.0,3.095071951157479,0.030955601079947236
L77T,766.0,1532.0,-0.6140122731672459,0.044943150776078376
L77V,964.0,777.0,-1.9251178022665485,0.048846718651650516
L77W,378.0,628.0,-0.881639724882004,0.0655701727520948
L77Y,1047.0,2768.0,-0.21142892270139058,0.037122158455938296
L77_,627.0,28.0,-6.098477419999046,0.1932824089852397
L8A,663.0,1503.0,-0.43325078359084124,0.047278832543116656
L8C,962.0,245.0,-3.5872141133993027,0.07199055395344062
L8D,252.0,117.0,-2.7208520067746234,0.11214302547158482
L8E,217.0,202.0,-1.7173376692144773,0.09808168089092098
L8F,70.0,29.0,-2.8850135672832646,0.22094395089225696
L8G,731.0,2066.0,-0.11511866603450116,0.043745613117593174
L8H,754.0,429.0,-2.427575236855623,0.060982570591956144
L8I,709.0,312.0,-2.7982165632471565,0.06838951955064834
L8K,1013.0,2121.0,-0.5478998492564155,0.038991205987361596
L8M,808.0,1759.0,-0.4916842247282709,0.043217977829791386
L8N,631.0,1621.0,-0.252844639099993,0.047574613411685104
L8P,695.0,895.0,-1.2491327902943201,0.05116461406198747
L8Q,454.0,287.0,-2.2756259266348993,0.07581871388551424
L8R,195.0,33.0,-4.1765759189558915,0.18837058174544147
L8S,458.0,733.0,-0.9355490737746361,0.06007728249841592
L8T,605.0,121.0,-3.9358355710108155,0.09989158451404126
L8V,444.0,230.0,-2.562898439853589,0.08161814839957614
L8W,742.0,72.0,-4.979172314169215,0.12367835072590322
L8Y,793.0,531.0,-2.192602884708477,0.056620715415122744
L8_,1102.0,22.0,-7.259837216191459,0.2154135790253942
L94A,559.0,1026.0,-0.7379040604066835,0.05315270168197656
L94C,702.0,1016.0,-1.0806517411029608,0.04970318878856376
L94D,606.0,1079.0,-0.7817081262216545,0.051367273808684194
L94E,711.0,2132.0,-0.029730407130606373,0.044013344493418066
L94F,559.0,719.0,-1.250865111701029,0.05693295677196748
L94G,491.0,1285.0,-0.22604758176021456,0.05363306835715915
L94H,423.0,609.0,-1.0882287078869606,0.06377854679608472
L94I,462.0,1139.0,-0.31221842645050213,0.055714399343152136
L94K,730.0,62.0,-5.171346288395896,0.1325064490181669
L94M,286.0,588.0,-0.5742277557113855,0.07251700598343915
L94N,339.0,458.0,-1.1799515884297085,0.07207501299009925
L94P,510.0,601.0,-1.3771393954889293,0.060714868487975734
L94Q,845.0,1219.0,-1.0853332149308734,0.04544710469054284
L94R,851.0,108.0,-4.592014051860935,0.1024458875953061
L94S,883.0,1447.0,-0.9014296455617785,0.04341950938464889
L94T,552.0,1382.0,-0.29000110897802145,0.050959088613872
L94V,540.0,1681.0,0.024267422004291994,0.05008374566294145
L94W,362.0,199.0,-2.477191480216505,0.08859408171523374
L94Y,280.0,101.0,-3.0849830802637035,0.11633139940230065
L94_,777.0,22.0,-6.755704971865131,0.2162927691119248
L96A,368.0,636.0,-0.8246983763936289,0.06596440971019278
L96C,630.0,650.0,-1.5689156712634027,0.05645704406492719
L96D,814.0,1467.0,-0.7642425739117771,0.044405273450259526
L96E,545.0,912.0,-0.871235913977479,0.05470823965304752
L96F,761.0,1607.0,-0.5356112662395685,0.044698997806381736
L96G,639.0,630.0,-1.6344666362206874,0.05669109887034472
L96H,735.0,667.0,-1.7540583436508959,0.054050320689985346
L96I,499.0,1208.0,-0.3385110908464357,0.05379088338281333
L96K,272.0,7.0,-6.892104292488307,0.38261125355189063
L96M,648.0,2035.0,0.036945045831522805,0.04578501611374314
L96N,283.0,156.0,-2.473217380394968,0.1000248625720661
L96P,882.0,514.0,-2.3930014418236647,0.056044134370110514
L96Q,481.0,404.0,-1.8656787407250137,0.0679398901757606
L96R,718.0,24.0,-6.516299484663122,0.20761438921944117
L96S,765.0,595.0,-1.976567547438421,0.055222278475048986
L96T,642.0,850.0,-1.2091188112145943,0.052874837554709196
L96V,517.0,1096.0,-0.5300059851851744,0.05392849488954401
L96W,1178.0,1931.0,-0.9009990067911966,0.03779466230829489
L96Y,346.0,933.0,-0.18292404587439481,0.0634316428704731
L96_,718.0,14.0,-7.29347793246272,0.2698740618550942
M103A,320.0,700.0,-0.48474431297868215,0.06793479910491876
M103C,338.0,608.0,-0.7669737333407038,0.06829996855913595
M103D,569.0,12.0,-7.180148807264496,0.29169002147973455
M103E,268.0,9.0,-6.508618771509158,0.33879297360545507
M103F,390.0,1080.0,-0.14454120636948353,0.05959561841368992
M103G,566.0,994.0,-0.801570032584487,0.05323967407691889
M103H,926.0,250.0,-3.5030448279165585,0.07170373430461938
M103I,418.0,718.0,-0.8335363751646359,0.06202184365590463
M103K,496.0,10.0,-7.244858183815955,0.31933974360755507
M103L,865.0,1814.0,-0.5456091635515667,0.04205953445460121
M103N,907.0,80.0,-5.116869082363248,0.11688731725002652
M103P,564.0,15.0,-6.845727716215359,0.26164279772799637
M103Q,518.0,123.0,-3.6882072020120633,0.10060600676448749
M103R,372.0,12.0,-6.567036202970612,0.29328097458795777
M103S,481.0,847.0,-0.7976907410771945,0.05763042620627476
M103T,461.0,656.0,-1.1050830944302694,0.061279694127297515
M103V,688.0,1018.0,-1.0487525622812877,0.04997458783984801
M103W,430.0,743.0,-0.8249914388681496,0.06109899983911984
M103Y,546.0,708.0,-1.2391604928662812,0.05749401081239892
M103_,648.0,27.0,-6.198453387980947,0.19654056659739574
M107A,653.0,1336.0,-0.5812490398571057,0.048389576049542256
M107C,456.0,990.0,-0.495625220486418,0.05713762975975034
M107D,657.0,9.0,-7.802247269135021,0.33551679801982875
M107E,908.0,19.0,-7.191880605231491,0.2318768761798544
M107F,838.0,1440.0,-0.832963390707449,0.04415230873251093
M107G,921.0,1488.0,-0.9219073600309144,0.042655440419609746
M107H,901.0,674.0,-2.0327759780742864,0.05152869753545619
M107I,241.0,159.0,-2.2139783660744676,0.1024685397382452
M107K,726.0,77.0,-4.850874574359553,0.12010163045884396
M107L,343.0,764.0,-0.45866197147447885,0.06546704401778941
M107N,427.0,435.0,-1.587224146425842,0.0685736598176983
M107P,329.0,9.0,-6.804463374133101,0.33777047857837156
M107Q,759.0,465.0,-2.3208600079584505,0.05941111552073771
M107R,749.0,13.0,-7.461294969193124,0.2797511930780632
M107S,493.0,669.0,-1.173591990433625,0.059873082037236625
M107T,635.0,592.0,-1.7151606220057802,0.05766821106937119
M107V,650.0,377.0,-2.3998619787092865,0.06521173950492712
M107W,685.0,2301.0,0.13406744294595097,0.04422791009442925
M107Y,615.0,937.0,-1.006548280145985,0.05248712082550017
M107_,564.0,18.0,-6.5828535119297715,0.239498246895675
M109A,339.0,42.0,-4.626525995362702,0.16375379470496543
M109C,389.0,53.0,-4.489473652477558,0.14661745046363456
M109D,323.0,12.0,-6.363273629742746,0.29397535552752985
M109E,230.0,11.0,-5.998813067852499,0.3086030491835995
M109F,296.0,491.0,-0.883896363886441,0.07400382563465475
M109G,949.0,217.0,-3.7426646208418957,0.07565378916454185
M109H,709.0,2191.0,0.013715332023037874,0.043914820030242
M109I,306.0,181.0,-2.3715122532192723,0.09409626602273155
M109K,926.0,12.0,-7.882722573295246,0.2905263021103284
M109L,575.0,1497.0,-0.23357794888444072,0.049686838913851436
M109N,410.0,658.0,-0.9315524439250646,0.06340648395761771
M109P,712.0,11.0,-7.629013985795251,0.3037971026234642
M109Q,534.0,1068.0,-0.6140163643808023,0.05357824643503338
M109R,671.0,18.0,-6.833467036769661,0.2389072682296023
M109S,937.0,589.0,-2.2837751731297677,0.05316645630470396
M109T,675.0,792.0,-1.3833930854186427,0.052969362998188815
M109V,1022.0,352.0,-3.151723849738686,0.062297479521109256
M109W,456.0,31.0,-5.4922628872190735,0.1857478935867121
M109Y,679.0,1720.0,-0.2730906303009659,0.045997911810470284
M109_,486.0,11.0,-7.078102480783876,0.3048700964969059
M132A,853.0,220.0,-3.5689964115167374,0.07602138320414285
M132C,777.0,390.0,-2.6084249065260687,0.06255161952327344
M132D,554.0,7.0,-7.9183566191949835,0.380157937554528
M132E,460.0,52.0,-4.758807136907666,0.14650126642602174
M132F,490.0,802.0,-0.9031938225890732,0.05787335730745548
M132G,755.0,36.0,-6.0040291044039185,0.1707519639754449
M132H,1216.0,4857.0,0.3839105075093019,0.033014136437554416
M132I,801.0,295.0,-3.0550592513233505,0.06855525530297313
M132K,987.0,38.0,-6.3126166274561335,0.16548024235744208
M132L,515.0,552.0,-1.5139088991633782,0.061765320499395884
M132N,846.0,34.0,-6.25064666140891,0.17506233009236216
M132P,596.0,31.0,-5.878533961903816,0.18435609510945564
M132Q,502.0,1311.0,-0.2291121740809432,0.053070202953850704
M132R,773.0,15.0,-7.300494051732124,0.2607251037385265
M132S,478.0,247.0,-2.5664742066511996,0.07875347038479376
M132T,780.0,545.0,-2.1312127750212317,0.05637860521838506
M132V,649.0,207.0,-3.262543102296916,0.08020708433771598
M132W,307.0,50.0,-4.231999994185783,0.1526921977493507
M132Y,1407.0,1099.0,-1.9704309248532645,0.0410160991869213
M132_,814.0,18.0,-7.112179287742121,0.23835871746957074
M150A,607.0,715.0,-1.3777597208005758,0.055746611713892294
M150C,760.0,1101.0,-1.0792655902234838,0.047809127652334284
M150D,387.0,101.0,-3.5518755740203165,0.1120071695130859
M150E,615.0,917.0,-1.0376752584022064,0.05270838673376285
M150F,707.0,1349.0,-0.6819043392650768,0.047089012119924466
M150G,671.0,940.0,-1.1276610185982658,0.05114482170921139
M150H,476.0,756.0,-0.9465894205363181,0.059035697590160724
M150I,508.0,519.0,-1.583097416508922,0.06290384645660824
M150K,176.0,10.0,-5.750146374746518,0.3250281200628731
M150L,543.0,628.0,-1.4041940911594573,0.059123612925279026
M150N,626.0,765.0,-1.3247099529697364,0.054463516125702334
M150P,960.0,693.0,-2.084176119696311,0.05046107409459112
M150Q,1041.0,2138.0,-0.575718182588087,0.0386006967232483
M150R,459.0,26.0,-5.755390136357656,0.20171027882789105
M150S,573.0,1002.0,-0.807738171373658,0.05296081414854794
M150T,505.0,793.0,-0.9629757532999861,0.05747051867446373
M150V,325.0,440.0,-1.1769506523638071,0.07356077479345058
M150W,666.0,884.0,-1.2054840058075555,0.05190733514324067
M150Y,994.0,1885.0,-0.6907629500235668,0.0399776290278863
M150_,682.0,27.0,-6.272230204211066,0.19634475398384862
M157A,1043.0,1677.0,-0.9288645544392864,0.04020878643464954
M157C,860.0,1342.0,-0.9720327747098958,0.04438030722352887
M157D,419.0,869.0,-0.5616147528380102,0.059991634350363726
M157E,661.0,1730.0,-0.2259664817010636,0.04639559590932995
M157F,775.0,364.0,-2.704239697517953,0.06402473560125219
M157G,740.0,1355.0,-0.741316029055687,0.046379074867689475
M157H,859.0,1449.0,-0.859682136273471,0.04377146017438867
M157I,1002.0,2526.0,-0.28003941230941365,0.0381517869224995
M157K,926.0,1049.0,-1.4340741036635274,0.04576969811828108
M157L,890.0,1923.0,-0.5025300423746275,0.041295090987250406
M157N,748.0,1426.0,-0.6831482198311223,0.0458238086517093
M157P,603.0,1074.0,-0.78124926234499,0.05148903650398522
M157Q,839.0,1550.0,-0.7284852440975147,0.043574322682086275
M157R,582.0,123.0,-3.8562711946086363,0.09954540406576845
M157S,1194.0,2245.0,-0.7030959044045062,0.03666919415430287
M157T,1341.0,2140.0,-0.9397053135682629,0.03570262864618329
M157V,518.0,1281.0,-0.30777297230927214,0.05265721465980322
M157W,551.0,1455.0,-0.21312419454523024,0.05063411060749866
M157Y,429.0,979.0,-0.4236905366090671,0.058430057201951845
M157_,739.0,11.0,-7.682710368674777,0.30371263814398736
M172A,975.0,2032.0,-0.5545842749914316,0.039742139231074704
M172C,406.0,854.0,-0.5412651543920344,0.0607916405461139
M172D,195.0,148.0,-2.0118563106731715,0.10929741977155676
M172E,1669.0,1881.0,-1.4414879362623405,0.03453216515986335
M172F,845.0,1896.0,-0.44807660254335424,0.04210136444593662
M172G,748.0,1710.0,-0.4211275567538637,0.044534885053334396
M172H,578.0,545.0,-1.6988146077064945,0.06022114375215598
M172I,494.0,583.0,-1.3750224727882783,0.061653633538606645
M172K,436.0,820.0,-0.7027225766831284,0.05978884731273872
M172L,864.0,1771.0,-0.5785504131701256,0.042234193775000844
M172N,732.0,528.0,-2.0853009604186337,0.057634092709683865
M172P,1086.0,779.0,-2.093326490641468,0.04760426414817043
M172Q,462.0,1228.0,-0.20367653078018755,0.055140407080336636
M172R,570.0,338.0,-2.3679241565233697,0.06909798188784302
M172S,627.0,800.0,-1.2624732749488023,0.053912325421193306
M172T,340.0,409.0,-1.3474439176828685,0.07380854643425051
M172V,644.0,619.0,-1.6711232303350112,0.05683253705986935
M172W,478.0,645.0,-1.1817221282574524,0.060860936285593144
M172Y,584.0,1135.0,-0.6553628254489077,0.05152700762729516
M172_,551.0,13.0,-7.0183884907935665,0.2806073474880754
M1A,649.0,7.0,-8.146685309289538,0.3798102739839235
M1C,797.0,13.0,-7.550907814692726,0.2796074458426213
M1D,1300.0,36.0,-6.787984167301729,0.16911821984986636
M1E,1023.0,70.0,-5.483118286940666,0.12378556003856603
M1F,1145.0,29.0,-6.916668948652693,0.1881645835242398
M1G,379.0,4.0,-8.17649272301092,0.5020724001343702
M1H,1569.0,46.0,-6.705766136797341,0.1497779479547163
M1I,718.0,13.0,-7.400313926175743,0.2798541988816571
M1K,621.0,18.0,-6.721749269896073,0.23915825740480195
M1L,949.0,16.0,-7.503380932655447,0.25214356057001813
M1N,1193.0,30.0,-6.927021863012153,0.18499223072282475
M1P,575.0,9.0,-7.609918986113277,0.33584010346359544
M1Q,260.0,5.0,-7.311615553001711,0.4511191504336377
M1R,814.0,19.0,-7.034218936999846,0.23215094741679854
M1S,635.0,7.0,-8.115223913041671,0.37985499110272575
M1T,984.0,15.0,-7.648679951143736,0.2601925925711484
M1V,680.0,9.0,-7.851887902236421,0.3354400714199053
M1W,673.0,18.0,-6.837760711285734,0.23889799932200614
M1Y,1096.0,36.0,-6.5417224079508305,0.16954099170222467
M1_,695.0,14.0,-7.246507731197456,0.2699594399493523
M263A,961.0,1311.0,-1.165947514602406,0.043185948507444054
M263C,860.0,2505.0,-0.07161183387293502,0.04029467386798748
M263D,1893.0,3949.0,-0.5531938673103802,0.029037403698184576
M263E,1109.0,1849.0,-0.8765222033131916,0.03878425768230635
M263F,1033.0,846.0,-1.902110454905512,0.04702921992581556
M263G,1538.0,1295.0,-1.8621045014200388,0.03852361875836298
M263H,626.0,1194.0,-0.6824455450979494,0.04996614911299046
M263I,1400.0,814.0,-2.3963215652664127,0.04477108788872114
M263K,684.0,29.0,-6.173398072531198,0.189722224858599
M263L,1064.0,3975.0,0.28744392368462,0.03539909669827145
M263N,1205.0,3086.0,-0.2573052382997014,0.034865387043186806
M263P,838.0,931.0,-1.462173652054993,0.04826063679077181
M263Q,1331.0,1578.0,-1.3684179187039245,0.038035539482119546
M263R,1602.0,1456.0,-1.7518657453731592,0.03705007234151291
M263S,1079.0,2375.0,-0.47577750368539284,0.037543440049686266
M263T,857.0,1495.0,-0.8112316652648817,0.04355941846300399
M263V,1143.0,835.0,-2.066975501310236,0.0461969370666901
M263W,1318.0,1897.0,-1.0886368887180522,0.03670897024625239
M263Y,1302.0,3715.0,-0.10137729106727278,0.03314973751912321
M263_,1096.0,32.0,-6.711597330595531,0.1794834850955133
M296A,1011.0,1218.0,-1.3452741453584744,0.04326435927725521
M296C,1192.0,2254.0,-0.6949052789905608,0.03666410306242718
M296D,1206.0,31.0,-6.895367389848028,0.18203990256896227
M296E,1105.0,2059.0,-0.7161114450828547,0.03810935640476129
M296F,1122.0,176.0,-4.286359087368259,0.08145205083471305
M296G,1274.0,256.0,-3.929107388364373,0.06893985911835948
M296H,1074.0,143.0,-4.5228223460114805,0.08936045878772605
M296I,1008.0,2467.0,-0.32274924380803327,0.03819798682384354
M296K,1018.0,197.0,-3.98341382320453,0.07822964052401413
M296L,1155.0,6214.0,0.8136163644994499,0.03299096257877168
M296N,2150.0,261.0,-4.656169239677646,0.06601566867197328
M296P,987.0,26.0,-6.859929253375107,0.1988003917811169
M296Q,1543.0,4041.0,-0.2250343463432123,0.03093914007385708
M296R,1523.0,2980.0,-0.645611098764844,0.03246301607339793
M296S,1051.0,240.0,-3.744612830316834,0.07196973223289761
M296T,785.0,1521.0,-0.6597561552648861,0.04464314682005963
M296V,971.0,260.0,-3.5149218991278763,0.07026766678953551
M296W,921.0,17.0,-7.372764630748895,0.24481910828377443
M296Y,1411.0,222.0,-4.282034502229638,0.07262711180422267
M296_,752.0,20.0,-6.845961630383535,0.22664171197423974
M308A,711.0,400.0,-2.4438366400362934,0.06299262689468696
M308C,1227.0,1787.0,-1.0716021554124069,0.03789811081622481
M308D,1124.0,25.0,-7.1040088593127075,0.20232489159625977
M308E,754.0,23.0,-6.648253624768894,0.2117717908804582
M308F,918.0,1292.0,-1.1209673941294591,0.0438746411032666
M308G,4397.0,850.0,-3.984973950680321,0.038282732190052654
M308H,1369.0,46.0,-6.509044574393817,0.1500884538536188
M308I,553.0,1126.0,-0.5881606901164309,0.052517241991410515
M308K,2174.0,61.0,-6.769171891770876,0.13004775530809087
M308L,959.0,2376.0,-0.3050797121367834,0.039055079129279954
M308N,620.0,76.0,-4.642033201300596,0.12178146179225367
M308P,1287.0,37.0,-6.733967173593325,0.16690836617881397
M308Q,2332.0,237.0,-4.912556995068595,0.06862746859468175
M308R,1037.0,139.0,-4.5131720871348495,0.09066267968225164
M308S,1275.0,220.0,-4.1488704140654304,0.07342505757068121
M308T,638.0,293.0,-2.7366319902319693,0.07100640758214403
M308V,879.0,2251.0,-0.2573818735835234,0.04054099252603975
M308W,1934.0,406.0,-3.8660109441828037,0.05515194912619884
M308Y,7841.0,306.0,-6.293391651799702,0.0587969830489754
M308_,981.0,22.0,-7.092039648588908,0.21567321309669643
M338A,972.0,2653.0,-0.1654158040665168,0.0383067868209256
M338C,1495.0,9831.0,1.1031816503816514,0.02884951225432532
M338D,1455.0,107.0,-5.379214397968155,0.10046832882621236
M338E,1343.0,34.0,-6.917370086975231,0.1738085049304165
M338F,1208.0,2081.0,-0.8293513558858816,0.03701387810506235
M338G,877.0,2694.0,0.005087151784330501,0.03966251739851332
M338H,1267.0,34.0,-6.833327951053939,0.17393694272803328
M338I,963.0,733.0,-2.00772075515244,0.049642041119661036
M338K,1565.0,55.0,-6.44433701860858,0.13740149239526384
M338L,752.0,1239.0,-0.8936387763931668,0.04688868840975369
M338N,2725.0,103.0,-6.339408077161691,0.10067993867687491
M338P,1418.0,39.0,-6.79788275429782,0.1624849221030452
M338Q,1028.0,567.0,-2.472411070239227,0.05289682477124175
M338R,2543.0,62.0,-6.97189529169817,0.1287685892265285
M338S,1759.0,2766.0,-0.9609601684713831,0.03149153465130769
M338T,2003.0,2192.0,-1.483918100072442,0.03189254601128784
M338V,158.0,162.0,-1.5779358559048227,0.1120841443947908
M338W,649.0,73.0,-4.766077578722791,0.12369011981276301
M338Y,1877.0,220.0,-4.706798188093725,0.07169165723737608
M338_,845.0,18.0,-7.166101184441055,0.23826416013517704
M361A,1193.0,96.0,-5.2492805032077134,0.10637425070642607
M361C,1998.0,1458.0,-2.0685660453395207,0.035327721544312254
M361D,1140.0,176.0,-4.309320032788451,0.08136562062292606
M361E,1385.0,2765.0,-0.6166145508434111,0.03384320248233941
M361F,775.0,1904.0,-0.31724863118349234,0.04332662944486274
M361G,2500.0,109.0,-6.133404330459001,0.09815881155430829
M361H,857.0,710.0,-1.8854755505547143,0.051351357889823125
M361I,582.0,641.0,-1.4746999340738052,0.05779191261083545
M361K,1364.0,172.0,-4.601292732235962,0.08129225980643308
M361L,1023.0,990.0,-1.6613081008866581,0.045268995132802546
M361N,757.0,460.0,-2.332649990569359,0.05963669893763746
M361P,1595.0,36.0,-7.083026915508286,0.16869707392235875
M361Q,514.0,1196.0,-0.3956417362925002,0.053322456941009906
M361R,1776.0,45.0,-6.916253186189289,0.15113579490766657
M361S,839.0,242.0,-3.407624200398571,0.07338681848829882
M361T,871.0,548.0,-2.282489919084534,0.055086842581454944
M361V,891.0,594.0,-2.198957261092957,0.05354884465221249
M361W,1112.0,978.0,-1.7992514963715767,0.04453583369777165
M361Y,979.0,395.0,-2.923437275606319,0.06012241734181242
M361_,1318.0,32.0,-6.977697685478536,0.17905485352974204
M388A,1030.0,3148.0,-0.002221076546310208,0.03674518908646511
M388C,933.0,1913.0,-0.5781228900699986,0.040696681143141775
M388D,1849.0,4673.0,-0.27640375898130154,0.028574610299040307
M388E,690.0,1544.0,-0.45200993521017274,0.04646075892215768
M388F,1227.0,2935.0,-0.35578444423607714,0.034891076029609884
M388G,1370.0,3619.0,-0.21259418580650769,0.03267910499174603
M388H,1312.0,1360.0,-1.5621643127669218,0.03948622019918063
M388I,705.0,3416.0,0.6625937158699866,0.042105134469361566
M388K,867.0,2528.0,-0.07012122436796275,0.04013279023062438
M388L,1114.0,3105.0,-0.1351671245945445,0.03579667200412904
M388N,1165.0,2437.0,-0.549233023652473,0.03647443202603017
M388P,1540.0,3672.0,-0.36037258757493307,0.031358577897972535
M388Q,1992.0,5023.0,-0.27967559883784476,0.027618343364914484
M388R,1516.0,2829.0,-0.7139848497361725,0.032783995544868036
M388S,1073.0,2879.0,-0.19009357766512824,0.03661943400030729
M388T,1453.0,3068.0,-0.5357443029756164,0.032800217222343504
M388V,1419.0,3331.0,-0.3829279274140429,0.03265898768229077
M388W,1193.0,2299.0,-0.6675962508156523,0.036535863722608586
M388Y,1178.0,2054.0,-0.8119114368223901,0.03738215265789255
M388_,1493.0,4226.0,-0.1129305035676893,0.03111432569583417
M52A,434.0,968.0,-0.45670918900072266,0.05829944353846449
M52C,1009.0,3335.0,0.11074775849611296,0.03677775405034276
M52D,363.0,13.0,-6.416319280360286,0.28227713229615603
M52E,1849.0,43.0,-7.0399399419723405,0.15444390697498478
M52F,1120.0,1057.0,-1.6975254440053504,0.043595843565622246
M52G,984.0,347.0,-3.117698594784546,0.06292610530860897
M52H,966.0,31.0,-6.575235548841836,0.18260485091471637
M52I,609.0,623.0,-1.5812134534136506,0.05752219916446423
M52K,1017.0,14.0,-7.7957359551136,0.26911437252627607
M52L,1174.0,2276.0,-0.658940656938789,0.03678084343211642
M52N,1338.0,30.0,-7.092504625441743,0.18474655086437464
M52P,745.0,14.0,-7.346733785787561,0.2697805309167045
M52Q,811.0,17.0,-7.189267513496981,0.2451196884353056
M52R,1152.0,16.0,-7.783038978230869,0.25177508510802654
M52S,1269.0,1177.0,-1.722579716363155,0.04122268635606278
M52T,638.0,1936.0,-0.012567393360038537,0.046320442265540704
M52V,2076.0,4201.0,-0.597080029276249,0.027953797696465246
M52W,938.0,18.0,-7.316736073035976,0.238017811881166
M52Y,657.0,14.0,-7.165389324517742,0.2701135277028363
M52_,1048.0,166.0,-4.272313285766726,0.08390236254347
M84A,333.0,735.0,-0.4718044786919968,0.06652159119036628
M84C,907.0,1954.0,-0.5067553676202188,0.0409386778762496
M84D,719.0,675.0,-1.7051058167496098,0.05416589643356639
M84E,395.0,751.0,-0.6870599150107282,0.06264826600485375
M84F,79.0,34.0,-2.8300791115021777,0.20523505070010456
M84G,708.0,775.0,-1.4835576677163003,0.05257755150923272
M84H,749.0,669.0,-1.7769600607076104,0.053772903859202775
M84I,495.0,914.0,-0.7292505768355708,0.05635534317408341
M84K,764.0,455.0,-2.3616961252241566,0.0597354237368559
M84L,433.0,786.0,-0.7538555320835636,0.0603601482233173
M84N,308.0,164.0,-2.5231962657265736,0.09698206325818329
M84P,337.0,139.0,-2.8916055866782333,0.10110727784279318
M84Q,604.0,704.0,-1.3929793696777892,0.05601535199570289
M84R,732.0,406.0,-2.464350952179876,0.062376106324786025
M84S,681.0,1782.0,-0.22624531156475225,0.04573024009754574
M84T,929.0,2897.0,0.026795777186575442,0.03851339665875834
M84V,469.0,1157.0,-0.31129211113777977,0.055300370950591426
M84W,1898.0,39055.0,2.748945275245272,0.024782172735390323
M84Y,583.0,1086.0,-0.7165580030059271,0.05193959801062718
M84_,740.0,16.0,-7.144502409711975,0.25273301832335027
M95A,351.0,702.0,-0.6140234069622812,0.06584137284272427
M95C,1420.0,2380.0,-0.8689363104440528,0.03443937073409878
M95D,612.0,702.0,-1.4160665007688369,0.055858078413777504
M95E,381.0,742.0,-0.6523930893787879,0.06351359950945179
M95F,819.0,1020.0,-1.2973725321889704,0.04757155053114099
M95G,319.0,640.0,-0.6095100579746138,0.06898447013707998
M95H,558.0,864.0,-0.983245822611237,0.054874038968650146
M95I,660.0,1708.0,-0.24224622299793985,0.04650041705630164
M95K,685.0,209.0,-3.3265559362252306,0.07941017780346046
M95L,697.0,1093.0,-0.96494751553033,0.0491048665635868
M95N,825.0,1003.0,-1.332150378090315,0.04765279755435363
M95P,800.0,220.0,-3.4764517904583867,0.07653048987426461
M95Q,802.0,1910.0,-0.3621147949684689,0.0428031339536502
M95R,697.0,104.0,-4.35845996839827,0.10540798525546428
M95S,587.0,3077.0,0.7760692904486008,0.04571895528598041
M95T,559.0,611.0,-1.4856809556447503,0.05905247455587705
M95V,629.0,1732.0,-0.15271045486439228,0.04721066911363351
M95W,702.0,939.0,-1.1943539158231822,0.05050857431804006
M95Y,1153.0,1715.0,-1.04119089306875,0.03888528908948743
M95_,421.0,10.0,-7.008343478078895,0.31990158479620595
N11A,515.0,404.0,-1.9642122989014066,0.06692219130752869
N11C,493.0,261.0,-2.531514684679154,0.07695005404319133
N11D,776.0,1468.0,-0.6942882092556344,0.04507239753225797
N11E,1745.0,255.0,-4.388612432831013,0.06749934093717687
N11F,263.0,254.0,-1.66423521509273,0.08832142006678946
N11G,714.0,434.0,-2.3322188520077596,0.06137033930413682
N11H,1067.0,175.0,-4.222067288798119,0.08193192969496167
N11I,1034.0,266.0,-3.5727006078633137,0.06919573229629383
N11K,377.0,103.0,-3.4858212488601374,0.11145370545094352
N11L,711.0,213.0,-3.35295154593873,0.07850317711920256
N11M,1173.0,331.0,-3.439271461254803,0.0627315548893625
N11P,399.0,313.0,-1.9642190110400364,0.07591226859377308
N11Q,432.0,179.0,-2.885027381184149,0.08923410161136382
N11R,615.0,12.0,-7.292304668750916,0.29146461207889734
N11S,577.0,617.0,-1.517305306623558,0.05844206579389481
N11T,383.0,137.0,-3.097103720576249,0.09985649086640198
N11V,756.0,270.0,-3.099395334341575,0.07133010530462741
N11W,261.0,13.0,-5.940415070429975,0.2841775944748828
N11Y,1180.0,1786.0,-1.0160617837181594,0.038328074392200435
N11_,700.0,15.0,-7.1573825059582985,0.26098368994007254
N128A,322.0,417.0,-1.2410263677695044,0.07460027619476808
N128C,373.0,464.0,-1.2990612667199297,0.06998358952408669
N128D,689.0,93.0,-4.503070036445038,0.11074553444910638
N128E,339.0,91.0,-3.5112337066694526,0.11831843725151332
N128F,596.0,1266.0,-0.5271224976629538,0.05029305057145678
N128G,614.0,416.0,-2.175646800137214,0.06398523190910385
N128H,805.0,1213.0,-1.0224900220754787,0.04613349832224015
N128I,537.0,434.0,-1.921223525871965,0.06502261647617726
N128K,821.0,606.0,-2.052061050147582,0.05412793464845053
N128L,625.0,678.0,-1.4965755770080902,0.056005021759370166
N128M,460.0,475.0,-1.567710194303361,0.06588450641045179
N128P,854.0,35.0,-6.222416852442349,0.1726148825442889
N128Q,894.0,1153.0,-1.2469607046810864,0.045249690046911636
N128R,582.0,1043.0,-0.7723657128392274,0.052331927890904587
N128S,794.0,1301.0,-0.9015998873820177,0.0457137522411325
N128T,711.0,877.0,-1.3112794140427182,0.05107221744889331
N128V,804.0,704.0,-1.8056203799064603,0.0522099947860556
N128Y,849.0,1171.0,-1.1501029118720334,0.04575466820499991
N128_,770.0,15.0,-7.294884156103859,0.26073476911740395
N137A,1208.0,30.0,-6.945048124481817,0.18496409706599712
N137C,408.0,12.0,-6.700299311969819,0.2928763401054766
N137D,337.0,9.0,-6.839123340639752,0.3376636579582367
N137E,837.0,19.0,-7.074417278263434,0.23207823057380733
N137F,614.0,12.0,-7.289956952099826,0.29146915487417197
N137G,515.0,6.0,-8.035094500548078,0.4103568502086524
N137H,944.0,15.0,-7.588809116411372,0.2602753276943892
N137I,706.0,14.0,-7.269162613434307,0.26991791628548417
N137K,1061.0,19.0,-7.416538767669592,0.2315341755242068
N137L,429.0,7.0,-7.549455878316728,0.38084903034175477
N137M,491.0,17.0,-6.46530021710787,0.2467534186968267
N137P,840.0,60.0,-5.421134523948051,0.13385079354269183
N137Q,946.0,29.0,-6.6412360895016285,0.18865213211969023
N137R,615.0,14.0,-7.070083864025731,0.2703058653096019
N137S,504.0,185.0,-3.0598519623830898,0.08631850564250867
N137T,465.0,15.0,-6.5672687157056195,0.2623631582012197
N137V,776.0,17.0,-7.125623053799608,0.24523310222592024
N137W,1022.0,27.0,-6.855774718714141,0.19509862189078467
N137Y,775.0,21.0,-6.819069714753054,0.22124279009354716
N137_,555.0,9.0,-7.558845705659704,0.3359333925681786
N200A,1181.0,2414.0,-0.5825923843023144,0.03636846070707625
N200C,901.0,2704.0,-0.028517392385316143,0.03926028877537922
N200D,1146.0,2593.0,-0.4359947192048068,0.03633082014527018
N200E,662.0,1137.0,-0.8336828283618711,0.04951499270528885
N200F,1267.0,1212.0,-1.6780291651387813,0.04093921122710161
N200G,960.0,3422.0,0.21971978063076136,0.03735726558541397
N200H,481.0,1044.0,-0.4960061178864281,0.05566406067379589
N200I,914.0,1432.0,-0.9662431436562313,0.043059059920303226
N200K,560.0,987.0,-0.7963907439630002,0.05348389403675424
N200L,1595.0,1820.0,-1.4236219479637322,0.03518645207074652
N200M,1313.0,2768.0,-0.5380316051415646,0.034417477471975697
N200P,3464.0,53610.0,2.3379845480245742,0.019209881940629385
N200Q,1130.0,1700.0,-1.0247951632072798,0.03917733166857528
N200R,768.0,1671.0,-0.49247949012260683,0.04429661844225523
N200S,430.0,1006.0,-0.38780032579756174,0.05814840306971176
N200T,508.0,1220.0,-0.3500386844203449,0.05338365070127785
N200V,913.0,1330.0,-1.0712683301069168,0.04369022617731455
N200W,1003.0,2136.0,-0.5234204446674697,0.039074866564970494
N200Y,497.0,653.0,-1.2201726508131525,0.060042365291810625
N200_,977.0,40.0,-6.223943651093719,0.1614898328106101
N234A,1295.0,3820.0,-0.053389679616383745,0.03310072190536633
N234C,844.0,2925.0,0.179106703301386,0.03985452069787117
N234D,1028.0,2270.0,-0.47115850166502327,0.03840525275237882
N234E,1296.0,3572.0,-0.1513435869223887,0.03336520597748359
N234F,1215.0,3431.0,-0.11633771323392317,0.03429550147799427
N234G,863.0,2923.0,0.1460027269831805,0.03952887276927248
N234H,853.0,1962.0,-0.4123050212121351,0.04175744435611257
N234I,828.0,11392.0,2.1682274599392652,0.03683991403921041
N234K,675.0,1615.0,-0.3554405385798711,0.046500906531974695
N234L,1225.0,3198.0,-0.22962193241942153,0.03450649048463584
N234M,932.0,2482.0,-0.20091126757199707,0.03921138464877954
N234P,1847.0,6461.0,0.19256517446068067,0.0275295061747108
N234Q,1411.0,4106.0,-0.0729939276484135,0.03184244334283802
N234R,940.0,2070.0,-0.47511312858182464,0.0401072497887192
N234S,908.0,2073.0,-0.4230558715575956,0.04056332530111935
N234T,567.0,2814.0,0.6971785148106449,0.04669781206552226
N234V,681.0,1807.0,-0.20614625422936061,0.04564527521199577
N234W,1574.0,4626.0,-0.05867917815728019,0.030218745017126843
N234Y,973.0,2534.0,-0.23310717570190054,0.03852341706687503
N234_,1271.0,37.0,-6.715919291490584,0.16693766450951988
N2A,881.0,1725.0,-0.6446284306924346,0.04214796842375527
N2C,83.0,1.0,-7.974860802769307,1.0011031089849725
N2D,999.0,1799.0,-0.7653706746450508,0.040231030589020604
N2E,400.0,1727.0,0.4961656083788242,0.0560415605265076
N2F,589.0,1776.0,-0.02172718417593078,0.04819240084658729
N2G,801.0,19.0,-7.0109926727864895,0.2321938847490472
N2H,784.0,2273.0,-0.07834278600988842,0.04215593395666799
N2I,769.0,1539.0,-0.613074514159031,0.04485337363694359
N2K,2569.0,3894.0,-1.0139587732309239,0.02660344430395228
N2L,905.0,27.0,-6.680371044719911,0.19542253816453178
N2M,675.0,83.0,-4.637554681673344,0.11657565977647397
N2P,714.0,1540.0,-0.5050793221890286,0.045951829162881236
N2Q,942.0,3598.0,0.3193820600042905,0.037432269902624285
N2R,732.0,2602.0,0.21568838798111756,0.04256880776975409
N2S,849.0,293.0,-3.1488345001967932,0.06820834841735161
N2T,931.0,2492.0,-0.19356156753456766,0.03920546364701719
N2V,508.0,12.0,-7.016551696260407,0.2920515287765013
N2W,531.0,24.0,-6.081034577680757,0.20879224136544972
N2Y,630.0,1051.0,-0.8756730935403834,0.0509943691727248
N2_,688.0,15.0,-7.1324365082983965,0.2610314207909688
N315A,1179.0,5936.0,0.7179147113179103,0.03283772398795096
N315C,973.0,1335.0,-1.157678844943204,0.04287750328582983
N315D,1263.0,580.0,-2.7367192388429737,0.05076958868700807
N315E,1495.0,1475.0,-1.6334332552904982,0.03753047980171993
N315F,981.0,1168.0,-1.362289978037495,0.04401361398719876
N315G,1018.0,810.0,-1.9437429653411327,0.04773410566346437
N315H,1356.0,2245.0,-0.8866488027583328,0.035278514206555076
N315I,385.0,391.0,-1.591693269477168,0.07222532827499592
N315K,1085.0,40.0,-6.3752067566181685,0.16117408481432216
N315L,628.0,705.0,-1.447146666849215,0.05542954529051343
N315M,716.0,1024.0,-1.097824693935654,0.04934435189544827
N315P,1569.0,31.0,-7.274980067287962,0.1815122314722059
N315Q,892.0,588.0,-2.215222049473179,0.05369728649193268
N315R,755.0,37.0,-5.96451156829398,0.1685404809804928
N315S,1778.0,3895.0,-0.4826392622312743,0.029679097784606458
N315T,812.0,1463.0,-0.7646326251311635,0.04446029483004063
N315V,1173.0,1053.0,-1.7696990315882655,0.043172326911050184
N315W,2326.0,2259.0,-1.6561694983109274,0.030565930664418678
N315Y,654.0,372.0,-2.4279741483650943,0.0654126283856067
N315_,858.0,25.0,-6.714420355812821,0.2030053633308616
N319A,735.0,623.0,-1.8525114142222279,0.055021086334589936
N319C,1058.0,1544.0,-1.0686740231809422,0.040675771800315355
N319D,1476.0,3282.0,-0.46112571728676865,0.03230908663695888
N319E,1704.0,4211.0,-0.30877035673085773,0.02976587472892558
N319F,849.0,524.0,-2.3101900588945563,0.05610602924494927
N319G,1877.0,2655.0,-1.1137218976144463,0.031162352122561264
N319H,1529.0,1668.0,-1.4884727603967352,0.03626593871286328
N319I,1358.0,1109.0,-1.906224584994956,0.04122814922938021
N319K,2159.0,1426.0,-2.21238868294992,0.035015941626361596
N319L,869.0,468.0,-2.506836278621824,0.0578716233286158
N319M,1078.0,1290.0,-1.354991168001547,0.04200602969578057
N319P,2481.0,61.0,-6.959740865481764,0.12982873654202937
N319Q,1028.0,2887.0,-0.12428104987495558,0.037159330874861805
N319R,1079.0,1504.0,-1.134896932250725,0.04066138497698536
N319S,1573.0,11068.0,1.2007932489008835,0.028067025268929915
N319T,2138.0,10866.0,0.7314789176189063,0.024928664684997597
N319V,1433.0,2122.0,-1.0476200784224465,0.035082284874582835
N319W,1590.0,1290.0,-1.915656445937135,0.03828574425633455
N319Y,956.0,587.0,-2.3176434847151217,0.05302118648676094
N319_,1729.0,34.0,-7.2818462529759,0.17332964531963857
N332A,2266.0,608.0,-3.5119901269147733,0.04634325918542047
N332C,1246.0,691.0,-2.4645400091769485,0.048077046488660465
N332D,1093.0,1583.0,-1.0796390874219783,0.04010356871127054
N332E,1526.0,2055.0,-1.1846218581236996,0.03469298054839301
N332F,951.0,46.0,-5.983444005937133,0.15115423507079423
N332G,1453.0,286.0,-3.9589099930876444,0.06516357353954724
N332H,1029.0,1190.0,-1.4042861617436975,0.043287648226027646
N332I,1560.0,214.0,-4.479808017472914,0.0733170098996162
N332K,1765.0,44.0,-6.939704031615136,0.15280824978233665
N332L,846.0,93.0,-4.799219831074618,0.10952275918875055
N332M,1767.0,328.0,-4.0435013568238425,0.06063249009896669
N332P,1039.0,22.0,-7.174909440329615,0.21554125333897908
N332Q,1325.0,960.0,-2.0788847651476967,0.04310511179903608
N332R,729.0,18.0,-6.953071374305074,0.23865899386610476
N332S,1764.0,1776.0,-1.6042218906575214,0.03452004729107485
N332T,1427.0,906.0,-2.2693994218719227,0.04319942217100194
N332V,1816.0,694.0,-3.001746647273512,0.045312721729694944
N332W,1116.0,39.0,-6.452365002086341,0.1630711059167551
N332Y,1410.0,262.0,-4.0420144701367455,0.06773142999908933
N332_,1778.0,86.0,-5.983618078955324,0.11068272289159042
N340A,568.0,1230.0,-0.49932104562476987,0.05133436925910718
N340C,812.0,587.0,-2.08211527011707,0.05474252442685785
N340D,534.0,714.0,-1.1949253346851458,0.05774814524088215
N340E,1147.0,3167.0,-0.1487594027168342,0.035345024849811876
N340F,1540.0,328.0,-3.845130871338949,0.061316535573641945
N340G,1370.0,3820.0,-0.13461286501342729,0.03245588792120324
N340H,1127.0,842.0,-2.034593900393623,0.0462236031290483
N340I,880.0,96.0,-4.810266190255327,0.10776648827650484
N340K,909.0,40.0,-6.119866487958495,0.16172672331048957
N340L,1831.0,335.0,-4.064366461013669,0.05994010132598369
N340M,1693.0,1584.0,-1.7100119076164382,0.03582815475381565
N340P,1682.0,37.0,-7.120130193153601,0.16636085701612563
N340Q,1980.0,7066.0,0.2213852181542575,0.02661304381519093
N340R,593.0,11.0,-7.365172915494018,0.30426060722676246
N340T,1370.0,2028.0,-1.04812451375351,0.03584270437397073
N340V,1424.0,227.0,-4.263134377667528,0.07189588380528056
N340W,1389.0,74.0,-5.844195815460808,0.11955462514340903
N340Y,1525.0,803.0,-2.539331700072157,0.04430272532394802
N340_,1574.0,42.0,-6.84157096674463,0.15652750482116579
N387A,1198.0,2710.0,-0.4363446316287236,0.035572509942904874
N387C,1922.0,6402.0,0.12190623188869276,0.027169342303633843
N387D,1613.0,3964.0,-0.31679763681557427,0.03055997902722234
N387E,2277.0,3048.0,-1.193275847522297,0.02879129900722247
N387F,986.0,1653.0,-0.8685815872856439,0.040997915517770586
N387G,1295.0,3533.0,-0.1660682618538596,0.03342040006376252
N387H,1158.0,2775.0,-0.3531575976153212,0.0358551673376741
N387I,590.0,951.0,-0.9252817516146319,0.05299135536270131
N387K,295.0,723.0,-0.3207511134255787,0.06953061123801453
N387L,1677.0,3759.0,-0.4495413945478246,0.030397539692202487
N387M,1260.0,9668.0,1.325780925509655,0.030963881522277293
N387P,2054.0,3284.0,-0.9369875414486715,0.02920688070986542
N387Q,1411.0,4765.0,0.14174817310647692,0.03130908668786775
N387R,1425.0,2853.0,-0.6124900959318498,0.03337574016736144
N387S,924.0,2285.0,-0.3077827474087824,0.03976880407888941
N387T,1094.0,2905.0,-0.20508565173135374,0.03633159621175025
N387V,1570.0,4081.0,-0.2358503586755356,0.030719042312579544
N387W,1273.0,1884.0,-1.0484399858699147,0.037121504426695345
N387Y,1068.0,1772.0,-0.8835412660429212,0.03952638718574654
N387_,893.0,2456.0,-0.15443465729662265,0.03985795173723789
N90A,419.0,531.0,-1.2722485013945608,0.0658138674903588
N90C,329.0,453.0,-1.1525913929045473,0.07285987678512258
N90D,402.0,806.0,-0.6104365069997755,0.061561865378650694
N90E,759.0,1602.0,-0.5363105013524185,0.0447594134121688
N90F,655.0,688.0,-1.543090254370786,0.05515292428314818
N90G,271.0,612.0,-0.4387937165926008,0.07338626937651463
N90H,507.0,1245.0,-0.3179316336153173,0.05326572676048726
N90I,831.0,3129.0,0.29876567014892785,0.03980739149671099
N90K,411.0,394.0,-1.6749441058966603,0.07094167349310486
N90L,534.0,1006.0,-0.7002968737464181,0.054114079262259814
N90M,223.0,392.0,-0.8002208024139597,0.08424216727115724
N90P,619.0,285.0,-2.7329530330399017,0.07201260423214036
N90Q,492.0,2121.0,0.49398902317016447,0.05065210827493652
N90R,670.0,157.0,-3.7073290367670877,0.08901246924152302
N90S,555.0,1348.0,-0.33375732807089076,0.05104201366329002
N90T,492.0,2145.0,0.5102219739210634,0.050600008590516346
N90V,374.0,784.0,-0.5462076445753343,0.06333168873804937
N90W,326.0,301.0,-1.729107658160097,0.08031950509426351
N90Y,302.0,525.0,-0.8162542738858249,0.07264680188184792
N90_,1089.0,21.0,-7.309800085836097,0.22040038895201597
P110A,635.0,25.0,-6.280205204871324,0.20401095144455497
P110C,414.0,49.0,-4.692520419339727,0.15126494418718728
P110D,756.0,22.0,-6.716177123435757,0.2163753938711267
P110E,774.0,21.0,-6.817206994786484,0.22124655750715408
P110F,858.0,26.0,-6.657859014050799,0.1991831378233949
P110G,522.0,14.0,-6.833551439675087,0.27084117691560483
P110H,1151.0,37.0,-6.572844278017176,0.1671831634560326
P110I,666.0,984.0,-1.0508737183866188,0.0507879154283391
P110K,635.0,11.0,-7.463895793487925,0.30407726527332496
P110L,1648.0,159.0,-4.987538449595812,0.08341096236970032
P110M,479.0,12.0,-6.931750574575254,0.29225548645312494
P110N,511.0,6.0,-8.02384557869457,0.41037536903450866
P110Q,2156.0,30.0,-7.780779596638855,0.18397752370252157
P110R,1059.0,33.0,-6.61767211985283,0.17691752897006682
P110S,429.0,18.0,-6.188144046421074,0.2406602170150997
P110T,1003.0,462.0,-2.7323428622859867,0.05677268629944567
P110V,687.0,418.0,-2.330796498879602,0.06252642414169192
P110W,493.0,12.0,-6.973311709931299,0.2921540461739132
P110Y,965.0,20.0,-7.205753676344634,0.2259932626148337
P110_,294.0,16.0,-5.8128228687101915,0.25675648057323636
P121A,767.0,1668.0,-0.4931922104840494,0.04432791804228441
P121C,303.0,551.0,-0.7512897610283273,0.07194966137541386
P121D,249.0,559.0,-0.447332445544137,0.07659284106225671
P121E,87.0,256.0,-0.057055815350981476,0.1243411147887458
P121F,215.0,349.0,-0.9151382427296948,0.08705100483994811
P121G,498.0,842.0,-0.8563402006371232,0.05707284573642443
P121H,221.0,408.0,-0.7295099927123916,0.08388853332598127
P121I,479.0,897.0,-0.7089345621197998,0.05713263011978341
P121K,389.0,560.0,-1.0883575088492146,0.06646799203281517
P121L,315.0,617.0,-0.644106612317362,0.06969150044222001
P121M,438.0,875.0,-0.6156671590893064,0.05905574097445463
P121N,655.0,1041.0,-0.9456077663503155,0.05048745761687466
P121Q,382.0,842.0,-0.4737758935072751,0.06218561275046964
P121R,972.0,5345.0,0.845146729493147,0.03574311053818739
P121S,581.0,935.0,-0.927584056034803,0.053407224343014495
P121T,465.0,1460.0,0.036641747654837964,0.05382473190621624
P121V,424.0,675.0,-0.9431922711386456,0.062462613125206685
P121W,332.0,288.0,-1.8191106474019367,0.08090576429539188
P121Y,596.0,569.0,-1.6808853857362998,0.059134982179370604
P121_,434.0,17.0,-6.2872760941840635,0.24729481518112442
P144A,692.0,21.0,-6.655647674971991,0.22159226534242848
P144C,560.0,11.0,-7.282569071526739,0.3044238612603904
P144D,719.0,21.0,-6.710866624891028,0.2214697890851836
P144E,437.0,9.0,-7.213998232890547,0.3366567273366236
P144F,955.0,21.0,-7.1203706288900435,0.22069249124334128
P144G,343.0,96.0,-3.450996909201586,0.11572654047834943
P144H,722.0,21.0,-6.716873607966238,0.2214567420625352
P144I,1018.0,32.0,-6.605088102282207,0.17967812779927197
P144K,888.0,17.0,-7.320123733125734,0.24490149996361654
P144L,650.0,18.0,-6.787594683111846,0.2390080122660981
P144M,724.0,19.0,-6.865182042988839,0.23247961769217154
P144N,517.0,8.0,-7.626248988727585,0.3561457948585286
P144Q,1854.0,34.0,-7.382549065388069,0.1732171230243964
P144R,680.0,11.0,-7.5626724444855915,0.3039058596267459
P144S,674.0,80.0,-4.688520621686635,0.11850645032955888
P144T,340.0,8.0,-7.021633981276801,0.35755659495879893
P144V,754.0,18.0,-7.0017164270867065,0.23856369047852422
P144W,923.0,36.0,-6.293879629834355,0.17004458037163633
P144Y,739.0,17.0,-7.0551416965757605,0.2453646121631737
P144_,809.0,19.0,-7.025329954701944,0.2321672994071934
P158A,839.0,1761.0,-0.5443596656549854,0.04267810229482552
P158C,844.0,1879.0,-0.45936210894559437,0.04217462261017008
P158D,1158.0,2533.0,-0.48479779533230793,0.036332095899716095
P158E,1167.0,3839.0,0.10391453856929189,0.03433741503129824
P158F,840.0,58.0,-5.470035834483666,0.13597997187604868
P158G,1736.0,2704.0,-0.9746776273828663,0.031741742668662705
P158H,1017.0,524.0,-2.570670472146845,0.05434444396750716
P158I,1262.0,1965.0,-0.975189543855369,0.03691847197037201
P158K,747.0,13.0,-7.457437545093512,0.2797575817275625
P158L,1019.0,1705.0,-0.8713908647944937,0.040367499604939225
P158M,1189.0,3524.0,-0.04654568674084647,0.03444542090533614
P158N,911.0,650.0,-2.1010078332407502,0.05194039106261899
P158Q,708.0,321.0,-2.7551543529846807,0.06774408271541572
P158R,770.0,16.0,-7.201834825208292,0.25262883820618587
P158S,1178.0,19406.0,2.4280769737913785,0.03101778873990904
P158T,688.0,1579.0,-0.41548398754902216,0.04635147268585431
P158V,897.0,1892.0,-0.537279116019052,0.04129209086643365
P158W,969.0,58.0,-5.676140885810784,0.1353959815770322
P158Y,1143.0,28.0,-6.96475508805333,0.19141081921442496
P158_,714.0,16.0,-7.092901923148961,0.2528303503723643
P180A,530.0,1041.0,-0.6401104140700662,0.053935572503842226
P180C,442.0,848.0,-0.6740005879953861,0.059188742109304075
P180D,635.0,1437.0,-0.4357839712237048,0.04829442300406411
P180E,656.0,1687.0,-0.25132404284286114,0.0466777814642783
P180F,833.0,1868.0,-0.4489063978239338,0.04239667891051911
P180G,747.0,2631.0,0.20241441456639908,0.042195211822531505
P180H,819.0,2043.0,-0.29525956268184306,0.042096837639076165
P180I,619.0,1258.0,-0.5908940870847834,0.04971994157040114
P180K,939.0,1465.0,-0.9723047709026753,0.04253497554057063
P180L,769.0,1799.0,-0.38787391403668803,0.04379404124186179
P180M,944.0,4779.0,0.7258348828079866,0.03647249283061839
P180N,671.0,1657.0,-0.30982671903710823,0.04642705006024757
P180Q,379.0,940.0,-0.30356266538817067,0.06135107858230407
P180R,597.0,1395.0,-0.3895543944190667,0.04953320220096027
P180S,657.0,1323.0,-0.6041661242119503,0.04836923191526714
P180T,350.0,700.0,-0.6140234656775148,0.06593402618865389
P180V,836.0,1491.0,-0.7793050270113033,0.04391500672803315
P180W,409.0,1011.0,-0.3084136106048456,0.059124626500264545
P180Y,927.0,1954.0,-0.5382218125444913,0.04064712393592635
P180_,767.0,22.0,-6.737017193036798,0.21633155390091519
P193A,557.0,1121.0,-0.6049788420022901,0.05243125183749736
P193C,557.0,941.0,-0.8574960303086785,0.05403398402585961
P193D,1094.0,2381.0,-0.49205510180708867,0.037359628281511625
P193E,818.0,1557.0,-0.6854150309692422,0.04389099153163311
P193F,492.0,342.0,-2.138651985966466,0.07083822196295854
P193G,695.0,2156.0,0.019255372418877315,0.04432077979141546
P193H,965.0,1534.0,-0.9453107662117093,0.04183095129636342
P193I,645.0,476.0,-2.052332501983268,0.06093310532001179
P193K,225.0,333.0,-1.0484264751656172,0.08665358220941582
P193L,973.0,730.0,-2.028541261604288,0.04959099189616072
P193M,640.0,781.0,-1.3267562825798462,0.053893900258529644
P193N,894.0,1740.0,-0.6532701327484016,0.04189210693589489
P193Q,426.0,803.0,-0.6994721983793406,0.06045130936601978
P193R,617.0,1120.0,-0.7538570194723162,0.05074694087458068
P193S,689.0,1445.0,-0.5455202063102256,0.04695825848990477
P193T,1114.0,5071.0,0.5725080799992899,0.03400795416750531
P193V,649.0,1303.0,-0.608467312896634,0.04868208796291685
P193W,605.0,140.0,-3.7254319714433217,0.09411108212658692
P193Y,1156.0,4680.0,0.4033548784515868,0.0337698495563793
P193_,1031.0,20.0,-7.301196204521597,0.22584644950239632
P207A,405.0,564.0,-1.136239643750649,0.06560317529266124
P207C,328.0,130.0,-2.9491200594405456,0.1039330896480173
P207D,411.0,14.0,-6.488647490857676,0.27179459491676705
P207E,648.0,13.0,-7.252326065772118,0.28012286666914443
P207F,1124.0,469.0,-2.874967138443223,0.05552932614762006
P207G,570.0,488.0,-1.8380793747764352,0.062170548381082866
P207H,1046.0,19.0,-7.395997157992787,0.23156336077804396
P207I,1279.0,1558.0,-1.3293259069461607,0.03854066270525955
P207K,879.0,20.0,-7.071089362021884,0.22621746073405122
P207L,810.0,189.0,-3.713480009629224,0.08116009844877378
P207M,641.0,645.0,-1.6050281920738856,0.05632126762696279
P207N,666.0,47.0,-5.4385071097673165,0.1511133094438924
P207Q,987.0,33.0,-6.516092514095563,0.17711209690810348
P207R,658.0,17.0,-6.887657319326515,0.24570381556339158
P207S,461.0,45.0,-4.970483431572357,0.15635894267198724
P207T,1042.0,609.0,-2.3888341565583326,0.051607910368390034
P207V,852.0,674.0,-1.9521032233628413,0.05214437859297304
P207W,860.0,286.0,-3.2022907014265787,0.06870838365399723
P207Y,823.0,23.0,-6.774579927764635,0.21150910410705512
P207_,517.0,12.0,-7.0418869854306605,0.29199285751165743
P237A,1461.0,3438.0,-0.3793951678764662,0.03220260099477289
P237C,969.0,1767.0,-0.7472761108356059,0.0407380953125404
P237D,1078.0,37.0,-6.478314471425809,0.16735902467561165
P237E,1084.0,467.0,-2.828855574270981,0.05590586774329362
P237F,661.0,1028.0,-0.9768925603546696,0.050470517753014234
P237G,1392.0,4349.0,0.029514594573172737,0.03178060090298533
P237H,3824.0,1969.0,-2.5716187139765445,0.028828086845063956
P237I,1135.0,450.0,-2.9486788985311776,0.056257496466689635
P237K,1413.0,71.0,-5.9286085149627405,0.1218684381827583
P237L,1033.0,43.0,-6.2000411348876225,0.15582084354758743
P237M,1322.0,124.0,-5.0282075785594795,0.09424422162352745
P237N,1508.0,35.0,-7.042737979716398,0.17113759603264392
P237Q,1075.0,16.0,-7.6832358182818465,0.25189852989970274
P237R,1246.0,51.0,-6.224394592157198,0.14306727282980247
P237S,1248.0,2503.0,-0.6099682955219974,0.03553136884328618
P237T,928.0,852.0,-1.7372728443497163,0.04809317312726242
P237V,1386.0,4493.0,0.08274175015892515,0.03171351482032395
P237W,1514.0,55.0,-6.396539877302981,0.13747979552816908
P237Y,837.0,1041.0,-1.299335693162421,0.047085220440803044
P237_,1194.0,52.0,-6.1348849274557615,0.14186708287185856
P24A,1098.0,4108.0,0.2895456437953401,0.034869025593468155
P24C,453.0,1317.0,-0.07435135883817434,0.0550312277555877
P24D,554.0,19.0,-6.479084436557055,0.23338936955223769
P24E,770.0,22.0,-6.7426489878329905,0.21631981342281797
P24F,1183.0,36.0,-6.651923715287032,0.1693429916627275
P24G,476.0,616.0,-1.2420409670200732,0.061529099083056545
P24H,942.0,36.0,-6.323275726539907,0.169980314416475
P24I,343.0,364.0,-1.5282754086961674,0.0756586263171498
P24K,568.0,24.0,-6.1782118765759755,0.20849827033636645
P24L,671.0,21.0,-6.611189056002892,0.22169428723484835
P24M,722.0,49.0,-5.494873623229528,0.14781984005496548
P24N,1162.0,17.0,-7.7080983892724095,0.2443587711372161
P24Q,409.0,9.0,-7.118468056379094,0.3368893036321383
P24R,226.0,8.0,-6.432443410622689,0.3596250986981336
P24S,586.0,1697.0,-0.08000497880989688,0.04855317499652858
P24T,632.0,4379.0,1.1785825973856925,0.0432700719396159
P24V,851.0,1897.0,-0.45752356218320944,0.04199884802185124
P24W,575.0,19.0,-6.532759465278264,0.23324810061294204
P24Y,459.0,6.0,-7.869019639589462,0.4106453901078605
P24_,600.0,12.0,-7.2566813454719385,0.29153433616359886
P27A,1162.0,1519.0,-1.2274939730270447,0.039756570113564
P27C,432.0,139.0,-3.249878893685147,0.09782725522214221
P27D,313.0,27.0,-5.148646060145401,0.2006982669719693
P27E,914.0,42.0,-6.057408114859558,0.15798613774667905
P27F,503.0,23.0,-6.064257049071008,0.21332857544704295
P27G,1066.0,560.0,-2.542699333483882,0.05277730065488645
P27H,395.0,222.0,-2.4452673715676223,0.08424705721216544
P27I,1063.0,35.0,-6.53824715292296,0.17194672466309863
P27K,645.0,19.0,-6.698493946818367,0.23284316569364474
P27L,595.0,19.0,-6.5820863342831935,0.2331227579469082
P27M,774.0,17.0,-7.121900015796144,0.24523989115086128
P27N,724.0,93.0,-4.574554738595258,0.11042831180255643
P27Q,884.0,37.0,-6.192078505043268,0.16796611826112853
P27R,1427.0,32.0,-7.092331813845746,0.17889294822574214
P27S,1067.0,292.0,-3.4834868725933053,0.0665088126241895
P27T,892.0,109.0,-4.646602253681796,0.10176550275487933
P27V,730.0,115.0,-4.280159775534821,0.10063013418765215
P27W,774.0,30.0,-6.302839837861241,0.18621461397683453
P27Y,1802.0,55.0,-6.64777216018752,0.13709534068202497
P27_,58.0,1.0,-7.4578772774241,1.0036927321815636
P311A,1221.0,62.0,-5.913433172441331,0.13041130661920186
P311C,1157.0,152.0,-4.5421660500489605,0.08662848779859479
P311D,1007.0,21.0,-7.196860893891082,0.22056995496863765
P311E,797.0,43.0,-5.825856645465873,0.15673793365258892
P311F,795.0,19.0,-7.000145426481183,0.23221417283026335
P311G,1534.0,86.0,-5.770662528266977,0.11108611455297697
P311H,2254.0,71.0,-6.602330755266084,0.12078021735787225
P311I,1050.0,83.0,-5.274976969074432,0.11428384312998899
P311K,1070.0,19.0,-7.428724793672892,0.23151705542989678
P311L,1442.0,551.0,-3.001933618669455,0.05069525741228784
P311M,1389.0,33.0,-7.009012893259553,0.17628236194179459
P311N,1761.0,444.0,-3.601741883358288,0.053681850147144515
P311Q,1957.0,64.0,-6.548212865279626,0.12726046569693703
P311R,1554.0,41.0,-6.857879089767211,0.15839658006903562
P311S,1341.0,87.0,-5.559997823071268,0.11090681675677949
P311T,1415.0,1715.0,-1.3365981163462481,0.03676247172755548
P311V,676.0,252.0,-3.0375664617896936,0.07422296224347358
P311W,2236.0,39.0,-7.454941687893427,0.16168908886396646
P311Y,1751.0,59.0,-6.505086910638572,0.13258605816276497
P311_,1058.0,33.0,-6.6163091708507515,0.17692005132506755
P344A,716.0,676.0,-1.6969380049186693,0.05419944795656763
P344C,1106.0,269.0,-3.6536355772790055,0.06843367918704103
P344D,683.0,531.0,-1.9771705272932065,0.05838659670668062
P344E,1047.0,314.0,-3.3513956685152966,0.06481817825523963
P344F,1743.0,31.0,-7.426706366534017,0.1813368847756808
P344G,694.0,452.0,-2.2326046166374685,0.06095018806208679
P344H,1136.0,245.0,-3.827065852106335,0.07087611421194386
P344I,1440.0,76.0,-5.857748641949609,0.1179503575515875
P344K,987.0,18.0,-7.390197471411822,0.23790660566299238
P344L,1065.0,26.0,-6.969659623503635,0.19861367810673036
P344M,825.0,276.0,-3.193693925039108,0.06997747650105927
P344N,933.0,233.0,-3.6155035283605406,0.07365558184918478
P344R,1910.0,50.0,-6.869222632537658,0.14346163887970137
P344S,378.0,437.0,-1.4047609637023273,0.0706780968799039
P344T,1385.0,952.0,-2.154850616071604,0.0428265004852931
P344V,1306.0,78.0,-5.679365916454191,0.11681713854930753
P344W,1340.0,21.0,-7.609026650977534,0.220009839153684
P344Y,1328.0,165.0,-4.622643503504061,0.08291518988277116
P344_,1157.0,35.0,-6.660493317864153,0.1717243371356526
P358A,1731.0,5622.0,0.08546910454522161,0.02858764247667601
P358C,679.0,1026.0,-1.0184627907342056,0.050090570890753874
P358D,1229.0,41.0,-6.519379956734095,0.15893282576158654
P358E,784.0,250.0,-3.262889110600705,0.07305489376729246
P358F,1205.0,1465.0,-1.3321374628068705,0.039675450735476875
P358G,1086.0,520.0,-2.6764289715208243,0.05390292513121289
P358H,1157.0,1570.0,-1.1736304416278207,0.03953376967969123
P358I,1562.0,2109.0,-1.1808406100695041,0.034293446160004175
P358K,1132.0,29.0,-6.900195453198147,0.1881912327856637
P358L,890.0,107.0,-4.6700787805960795,0.10261670175187261
P358M,2069.0,1595.0,-1.989378005209114,0.03423392791820639
P358N,1226.0,204.0,-4.201261826745684,0.07602011640353414
P358Q,1293.0,1647.0,-1.2648869744588733,0.03797675131767079
P358R,1225.0,46.0,-6.34870511580571,0.15037422981584553
P358S,1202.0,1212.0,-1.6020501524575579,0.04145719595837421
P358T,1302.0,528.0,-2.916106227050724,0.052188411957779964
P358V,1610.0,1038.0,-2.247252162915818,0.0405731385544784
P358W,1519.0,723.0,-2.685046717222639,0.04585971881304898
P358Y,1312.0,55.0,-6.1899438590467915,0.13784914171710522
P358_,2493.0,28.0,-8.08980573235382,0.19016924110841524
P56A,420.0,488.0,-1.397515822646164,0.06702027747042791
P56C,664.0,445.0,-2.1913700691054885,0.06176427358321277
P56D,913.0,20.0,-7.125840445654808,0.22612380306177016
P56E,332.0,9.0,-6.817558635513583,0.3377298215675321
P56F,521.0,126.0,-3.661775690523516,0.09958368653384174
P56I,315.0,856.0,-0.17177283347614036,0.06636562823042011
P56K,368.0,10.0,-6.814233946322675,0.3204357984467771
P56L,405.0,304.0,-2.027841605885209,0.07628973640655255
P56M,1441.0,8438.0,0.9358195938848599,0.029566072233337612
P56N,1501.0,47.0,-6.610824953918884,0.14832387337896558
P56Q,346.0,11.0,-6.587930215822999,0.30623241955735536
P56R,835.0,25.0,-6.675219368826622,0.20308441694867654
P56S,701.0,448.0,-2.259906945869716,0.06099417815997774
P56T,175.0,66.0,-3.020683712425635,0.14465428641915565
P56V,856.0,1448.0,-0.8556308459943782,0.04382347748773663
P56W,658.0,63.0,-4.998459650675039,0.1321056927279092
P56Y,927.0,405.0,-2.8086302283528886,0.060079076343480996
P56_,46.0,0.0,-13.781734597293235,10.00108974507908
Q124A,369.0,602.0,-0.9078753175526426,0.0665788194305589
Q124C,863.0,1023.0,-1.3686317902127598,0.04688204600812525
Q124D,235.0,923.0,0.35962127533275456,0.07348628118124946
Q124E,549.0,1133.0,-0.5687465943824881,0.052590386498186016
Q124F,712.0,127.0,-4.100958269250143,0.09664136802521876
Q124G,726.0,854.0,-1.379739312975266,0.0510883698501507
Q124H,700.0,737.0,-1.5396941936039914,0.05335792607962072
Q124I,497.0,305.0,-2.3184211923778992,0.07315939135286628
Q124K,410.0,757.0,-0.7293495950317315,0.061819373807464675
Q124L,487.0,1166.0,-0.35444599592110393,0.054522060369522805
Q124M,667.0,802.0,-1.3480910217642519,0.05298847710211472
Q124N,614.0,8296.0,2.1420807198063225,0.042554217252553865
Q124P,404.0,11.0,-6.811507484983479,0.30555423604316584
Q124R,463.0,657.0,-1.1091308798499941,0.06118423797695586
Q124S,919.0,1669.0,-0.7531627225198196,0.041820671776605076
Q124T,452.0,701.0,-0.9809225218917552,0.06083204065884682
Q124V,651.0,1046.0,-0.9298578217229423,0.05053486006152354
Q124W,452.0,89.0,-3.9583182138572877,0.1162270051581139
Q124Y,800.0,673.0,-1.8633929483127218,0.05289168138726704
Q124_,549.0,14.0,-6.906306422897962,0.27066719684227586
Q189A,606.0,1633.0,-0.18388273615096562,0.0482098275239206
Q189C,831.0,1222.0,-1.057684508021544,0.0456438651354661
Q189D,57.0,270.0,0.6297230766626871,0.1459658604447921
Q189E,718.0,1838.0,-0.25793408258540307,0.044704457332966185
Q189F,1421.0,1690.0,-1.3638877802701717,0.03683912122250722
Q189G,1281.0,2708.0,-0.5340515276491953,0.03480793656411637
Q189H,447.0,1148.0,-0.25324665841821226,0.05630135462140747
Q189I,289.0,344.0,-1.362671765168784,0.08017894792064324
Q189K,1556.0,1968.0,-1.2751166368773186,0.0348206900112753
Q189L,1910.0,6182.0,0.08049294008858077,0.027331313850311706
Q189M,1298.0,1756.0,-1.178003293584938,0.037437501121305845
Q189N,203.0,365.0,-0.7676176612285195,0.08790449505737104
Q189P,867.0,1688.0,-0.6527999439436352,0.04251454278528239
Q189R,969.0,1790.0,-0.7286186681440254,0.04064874847918411
Q189S,512.0,950.0,-0.7222321441503681,0.055384031222260106
Q189T,1014.0,1608.0,-0.948798357749804,0.04086262118296983
Q189V,1071.0,1970.0,-0.7347718537690593,0.03876845749408186
Q189W,951.0,670.0,-2.1192807393194038,0.05104617765237763
Q189Y,925.0,1641.0,-0.7869596931653051,0.04185849691436043
Q189_,1265.0,63.0,-5.941427025890329,0.12931623213422494
Q194A,1024.0,2186.0,-0.5199326595803075,0.03867416416999227
Q194C,933.0,1637.0,-0.8029041704386035,0.04176545525892305
Q194D,956.0,2249.0,-0.3798103944515727,0.03939971841318655
Q194E,673.0,1203.0,-0.7760540678135719,0.04877288048011181
Q194F,964.0,1304.0,-1.1781679402575884,0.043195861888815155
Q194G,624.0,1195.0,-0.6766212194003725,0.05001034956731482
Q194H,658.0,1468.0,-0.4563224747825414,0.047566916805342696
Q194I,778.0,1151.0,-1.0489630923423858,0.047072457627569314
Q194K,465.0,761.0,-0.9033491862876959,0.05938196804304463
Q194L,756.0,1128.0,-1.0367002213608352,0.047654321437814416
Q194M,761.0,1616.0,-0.5275540471613844,0.044660214882079906
Q194N,462.0,1005.0,-0.4927889832640755,0.05675520990816351
Q194P,1071.0,1655.0,-0.9861348725604673,0.03999509490324919
Q194R,1202.0,1938.0,-0.9248757396631007,0.0375448612404529
Q194S,1370.0,2559.0,-0.712603494862011,0.03438577266517264
Q194T,165.0,255.0,-0.9860024918237595,0.10021645165245367
Q194V,984.0,1824.0,-0.7236340993343546,0.04032587265147201
Q194W,784.0,822.0,-1.5457189673008163,0.050534223151033696
Q194Y,970.0,1358.0,-1.1285802784521284,0.04276648654646445
Q194_,1018.0,33.0,-6.560707640605252,0.1770249771417196
Q255A,1427.0,1426.0,-1.6150142021321643,0.03825842199477304
Q255C,684.0,1094.0,-0.9364662528817744,0.049373261178443505
Q255D,807.0,23.0,-6.746256518169613,0.21156604423502082
Q255E,855.0,23.0,-6.82961126104142,0.21140157525240963
Q255F,699.0,29.0,-6.204693750408554,0.18963952745460216
Q255G,1191.0,1873.0,-0.9608297804996093,0.03788412667488927
Q255H,1965.0,82.0,-6.1965958629661495,0.11297885530962658
Q255I,734.0,253.0,-3.1506081670583077,0.07332445546451252
Q255K,1394.0,46.0,-6.535152500011575,0.1500448069567598
Q255L,585.0,236.0,-2.9236161526911424,0.07751235158590405
Q255M,1279.0,296.0,-3.725312580391945,0.06497539938707947
Q255N,1011.0,1727.0,-0.8415236867343268,0.04037113950193558
Q255P,927.0,216.0,-3.7154896557303827,0.07595943576327095
Q255R,1115.0,91.0,-5.228890620503571,0.10929931400983253
Q255S,1086.0,905.0,-1.8770346051537512,0.04568857146319597
Q255T,1001.0,1951.0,-0.6512380702578078,0.03966395866012354
Q255V,1025.0,502.0,-2.6438528329781414,0.05503885892132367
Q255W,542.0,31.0,-5.741516894450098,0.18480890134489683
Q255Y,731.0,15.0,-7.219898116071745,0.260867601929483
Q255_,1565.0,39.0,-6.940186923229346,0.1622809595092527
Q325A,1160.0,102.0,-5.121357607448668,0.10356981022453313
Q325C,1080.0,29.0,-6.832353421043122,0.18830420342521795
Q325D,546.0,55.0,-4.925164421983371,0.14167450316725197
Q325E,963.0,303.0,-3.2821882288275983,0.06633487388113476
Q325F,1345.0,29.0,-7.148925649528012,0.18781918051940835
Q325G,1573.0,265.0,-4.1834119934458425,0.06686441460529492
Q325H,1151.0,137.0,-4.684550123217886,0.09071506524717543
Q325I,856.0,15.0,-7.447634624560758,0.26048444492096057
Q325K,1476.0,42.0,-6.748828755862129,0.15666219062548964
Q325L,1666.0,40.0,-6.993895477592772,0.1601738793224791
Q325M,1854.0,46.0,-6.946560614992666,0.1494505287460813
Q325N,781.0,541.0,-2.1436886158499036,0.0564842594709991
Q325P,1281.0,65.0,-5.914479129703944,0.12737569029320786
Q325R,2144.0,40.0,-7.357810052049258,0.15975559726981403
Q325S,1155.0,2692.0,-0.3932244295110703,0.03604090144594898
Q325T,968.0,1614.0,-0.8764471953809192,0.04140417356895874
Q325V,1193.0,49.0,-6.2193890352006855,0.1459585512635526
Q325W,1367.0,25.0,-7.386377785082301,0.20193368590567198
Q325Y,667.0,17.0,-6.907256200934584,0.24566208323099756
Q325_,1215.0,25.0,-7.216322176261283,0.20216015545323382
Q378A,1010.0,2291.0,-0.4323886773483565,0.038577992161093186
Q378C,2463.0,3696.0,-1.0284566813413414,0.02717080941410463
Q378D,2608.0,30105.0,1.9149794339755275,0.02187086502783203
Q378E,1334.0,3045.0,-0.42332537143878124,0.033759580513432697
Q378F,833.0,2410.0,-0.08136944332839935,0.04095223290929355
Q378G,1007.0,2352.0,-0.3901866720585909,0.03846934650197701
Q378H,2420.0,3185.0,-1.2177179630980755,0.028086932044231943
Q378I,770.0,2563.0,0.12088716426187318,0.04183938628174492
Q378K,785.0,1811.0,-0.4079912809149553,0.04344802355681424
Q378L,708.0,1970.0,-0.137641545527452,0.0445163411306321
Q378M,1952.0,8255.0,0.46630666287194655,0.026365025630798126
Q378N,1453.0,2973.0,-0.5811231723098471,0.03295860309832007
Q378P,2279.0,4459.0,-0.6456866760497513,0.026920913924546933
Q378R,891.0,2896.0,0.08655019927179186,0.03910636900105893
Q378S,1255.0,2961.0,-0.3756123530673374,0.034586306008057024
Q378T,747.0,1626.0,-0.49186618732561094,0.04489271761367817
Q378V,628.0,1737.0,-0.14625623339226834,0.04721987736959365
Q378W,878.0,2562.0,-0.06903602577932233,0.03988660543240657
Q378Y,773.0,1627.0,-0.5403387207229704,0.04438414423719724
Q378_,1195.0,934.0,-1.96951564572875,0.044375094269897754
Q386A,1380.0,2754.0,-0.6171477794599967,0.03390313967612201
Q386C,1044.0,2232.0,-0.5177948961095424,0.03830868648020983
Q386D,1385.0,3650.0,-0.2159988324211488,0.03252186743701674
Q386E,1326.0,3588.0,-0.1779106005118054,0.03308370764020544
Q386F,1849.0,3358.0,-0.7531493569190744,0.030005148559527926
Q386G,783.0,1990.0,-0.26832981345077656,0.04291056393359023
Q386H,972.0,2519.0,-0.2401890682850807,0.03856761485691418
Q386I,1243.0,2672.0,-0.5099153519810988,0.0352197730734189
Q386K,1722.0,5308.0,0.010074711748671028,0.028823511292599267
Q386L,1787.0,3951.0,-0.46932906604722424,0.029569872519879525
Q386M,1350.0,4856.0,0.23279844248762993,0.031754514622521025
Q386N,1591.0,3808.0,-0.35490849245031963,0.03086777407007527
Q386P,1510.0,3331.0,-0.4726012748578352,0.032002188638502314
Q386R,1021.0,2402.0,-0.3797576952971884,0.03817622164347193
Q386S,1139.0,3106.0,-0.16672079492823944,0.03551894486601485
Q386T,1523.0,3617.0,-0.36613068406358273,0.03153964995098005
Q386V,1243.0,2966.0,-0.3593172971963545,0.03468912796496054
Q386W,1328.0,2859.0,-0.5077532003885734,0.03412420496161772
Q386Y,959.0,1694.0,-0.7931782290668847,0.041167230216127476
Q386_,781.0,2008.0,-0.25164932795226314,0.04289618149413601
Q4A,612.0,1193.0,-0.6510238514927051,0.05033745854255148
Q4C,748.0,2054.0,-0.15668911318271483,0.043421384499818326
Q4D,1215.0,828.0,-2.1672509474202677,0.045743162747072304
Q4E,971.0,3115.0,0.06767587998860414,0.0375841100723911
Q4F,480.0,1323.0,-0.1513152566702285,0.05385931376215871
Q4G,643.0,13.0,-7.241151163337271,0.2801442844962853
Q4H,733.0,1493.0,-0.587683813086727,0.04577891773096037
Q4I,983.0,1509.0,-0.9956784878076572,0.041733120457156395
Q4K,654.0,1313.0,-0.608509552449183,0.0485007318761909
Q4L,708.0,282.0,-2.942026272287338,0.07085242789211244
Q4M,846.0,2135.0,-0.27850665049617707,0.041377343656994914
Q4N,436.0,518.0,-1.36538413124992,0.06546505634784831
Q4P,967.0,161.0,-4.200383371157071,0.08547861365193243
Q4R,492.0,1623.0,0.10790948928312805,0.052060558251365845
Q4S,420.0,746.0,-0.7852315641278835,0.06150645380702823
Q4T,588.0,502.0,-1.8421274438380992,0.06127256402976587
Q4V,993.0,2060.0,-0.5612316668686086,0.03942280181171889
Q4W,678.0,15.0,-7.111313526011369,0.26107248015440054
Q4Y,666.0,1243.0,-0.7137806976234833,0.04865861974764743
Q4_,1010.0,27.0,-6.838734983133509,0.1951284127530366
Q51A,444.0,434.0,-1.6468667414230076,0.06795571693847816
Q51C,614.0,678.0,-1.4709584563633937,0.05626034155534044
Q51D,535.0,20.0,-6.354775641357913,0.22782848811613965
Q51E,835.0,330.0,-2.953286589617891,0.06549416169143574
Q51F,1609.0,45.0,-6.773786773682708,0.15132900841153696
Q51G,1837.0,2019.0,-1.4777142799127074,0.03318642282043047
Q51H,2260.0,39.0,-7.470344203834956,0.16167440176047418
Q51I,430.0,8.0,-7.360427013802806,0.3566947657926967
Q51K,422.0,12.0,-6.74897198564749,0.2927374973717896
Q51L,392.0,13.0,-6.527200446337625,0.28191592665503645
Q51M,1058.0,492.0,-2.7185965761873803,0.05513014807833764
Q51N,1491.0,1061.0,-2.1048545361106354,0.04092515193520606
Q51P,333.0,4.0,-7.989822310105959,0.5024352246716548
Q51R,490.0,9.0,-7.3791431316092515,0.33628893764580536
Q51S,809.0,2464.0,-0.007224185799240779,0.041274746937159226
Q51T,1148.0,1684.0,-1.0612373597272686,0.03907143221503959
Q51V,462.0,6.0,-7.878418133497023,0.41062816508159194
Q51W,564.0,139.0,-3.63453492806099,0.09501804481684663
Q51Y,597.0,11.0,-7.37487157920884,0.30424203970690966
Q51_,1085.0,37.0,-6.48765224966355,0.1673411439318973
R156A,663.0,673.0,-1.592405545017379,0.05527945786190128
R156C,813.0,854.0,-1.5430229905762038,0.04962486482568381
R156D,443.0,459.0,-1.5628165365209936,0.06706393012564822
R156E,634.0,516.0,-1.9111094272336722,0.059807129083669225
R156F,626.0,826.0,-1.2140293118298189,0.053569965744730455
R156G,708.0,231.0,-3.2298172887826384,0.07617683325986649
R156H,844.0,1621.0,-0.6724418628178634,0.04316715171897481
R156I,736.0,1111.0,-1.0199283270640604,0.04817097322313367
R156K,430.0,561.0,-1.2303465795680557,0.06457329398389311
R156L,466.0,465.0,-1.6171020282715531,0.06601554095159134
R156M,724.0,1056.0,-1.0694608886840422,0.04888599680663035
R156N,326.0,338.0,-1.5618531452554194,0.07802285873423863
R156P,507.0,232.0,-2.741830069517712,0.07965042556222189
R156Q,372.0,422.0,-1.432067073513113,0.07154995065468844
R156S,543.0,723.0,-1.2009660216177727,0.05732693090844202
R156T,373.0,528.0,-1.1126519112085713,0.06809170551629279
R156V,944.0,1108.0,-1.3829060015535397,0.044983478129690335
R156W,625.0,768.0,-1.3167570329848948,0.054440098656026656
R156Y,395.0,556.0,-1.1207812024745198,0.06627061071329425
R156_,1087.0,31.0,-6.745490732581838,0.18228905711713184
R310A,1082.0,1047.0,-1.6614414673634954,0.044056669794659914
R310C,1420.0,2210.0,-0.9758510480746092,0.03490545222555328
R310D,1219.0,34.0,-6.7776100008986075,0.17402625694822602
R310E,484.0,11.0,-7.072153337115793,0.30488404012210474
R310F,930.0,694.0,-2.0362926344104118,0.05077245557539982
R310G,1545.0,2597.0,-0.8647674628788073,0.03307547074679273
R310H,1146.0,2065.0,-0.764473721147378,0.03766344982668459
R310I,1269.0,1299.0,-1.580293757139028,0.04024321596615953
R310K,1759.0,21907.0,2.024554144219908,0.025996781557487057
R310L,1052.0,1850.0,-0.7996182055141308,0.03940536114656656
R310M,1833.0,3341.0,-0.7479332119032387,0.03010888590070308
R310N,875.0,4029.0,0.5890511201623339,0.03811466349994245
R310P,624.0,86.0,-4.472995694792863,0.11528563238548467
R310Q,1248.0,1031.0,-1.889574024599721,0.04281216988064935
R310S,1556.0,1213.0,-1.9732627442827138,0.039099213105892844
R310T,1367.0,2249.0,-0.8957365768959957,0.03518305262611376
R310V,2415.0,3123.0,-1.2430948301994271,0.0282128415462781
R310W,1533.0,534.0,-3.135431300548973,0.050858815713361864
R310Y,921.0,563.0,-2.3240591296509585,0.05407046780859564
R310_,756.0,38.0,-5.927957243465349,0.16641299070706006
R324A,1062.0,1339.0,-1.2796334719236606,0.041834372151572145
R324C,1793.0,1518.0,-1.8542050959953391,0.03575139331785998
R324D,1076.0,577.0,-2.5130261148217112,0.0521930567375996
R324E,749.0,436.0,-2.394626612402927,0.06074787732412236
R324F,1217.0,2842.0,-0.3904322478035809,0.035145883726634755
R324G,1435.0,655.0,-2.745474809206825,0.0478041532317357
R324H,1526.0,1770.0,-1.4000097613227127,0.03580441064902429
R324I,1067.0,164.0,-4.315720866845725,0.08423818075546023
R324K,1032.0,4846.0,0.6173375753839281,0.0351713200223855
R324L,1515.0,4913.0,0.08327700297452933,0.030418521030015036
R324M,1192.0,2126.0,-0.7792508122728137,0.03702657656657271
R324N,1367.0,4694.0,0.16579426251886842,0.0317213583080686
R324P,3061.0,84.0,-6.801305736892693,0.11086802045016973
R324Q,5010.0,2262.0,-2.7612110319626244,0.02652109832773321
R324S,871.0,1023.0,-1.3819437960894767,0.0467684034105694
R324T,1912.0,258.0,-4.503594036875134,0.0667870657053672
R324V,1757.0,1185.0,-2.1822260249262064,0.03840191429358358
R324W,1487.0,976.0,-2.2214493710625263,0.041937497087210944
R324Y,1256.0,808.0,-2.2504057536834257,0.04577623851262022
R324_,705.0,19.0,-6.826816140216634,0.23255966083323298
R380A,1220.0,2667.0,-0.4856725949899534,0.03544433240263243
R380C,1379.0,3114.0,-0.43886219755536127,0.0332861955282917
R380D,3671.0,2274.0,-2.3049413020788374,0.02781797913411504
R380E,2242.0,5179.0,-0.4061192250470267,0.026472608454048648
R380F,1712.0,3128.0,-0.7444488600271386,0.03107224440240173
R380G,1612.0,3873.0,-0.34940832338119776,0.030663075857129917
R380H,1634.0,3394.0,-0.5594288532732898,0.031117706346274403
R380I,1740.0,3246.0,-0.7144310091800832,0.03073212368482625
R380K,1198.0,2598.0,-0.4972358229221836,0.035795406465529804
R380L,1367.0,2733.0,-0.6145359141786524,0.03404561715517925
R380M,2114.0,6108.0,-0.08328263326530383,0.026427971261262024
R380N,989.0,1929.0,-0.6501992472786196,0.03988980213692095
R380P,1026.0,1884.0,-0.7372410258742441,0.03958681190911944
R380Q,1107.0,2669.0,-0.344366399879668,0.03660175578509926
R380S,1261.0,7692.0,0.9947780655638292,0.03137998910002045
R380T,1709.0,4134.0,-0.339621816341654,0.029811298673045012
R380V,1096.0,2953.0,-0.18407757571736916,0.03623149903061825
R380W,1596.0,2560.0,-0.9323231014227709,0.03284614933689059
R380Y,1452.0,1354.0,-1.7148158514727503,0.03858666914407171
R380_,878.0,1553.0,-0.7912450131509523,0.042948033842561406
R98A,636.0,24.0,-6.341344996724615,0.2080463858627538
R98C,536.0,11.0,-7.219376398559296,0.3045551538577052
R98D,512.0,16.0,-6.613129630810808,0.25392072053007003
R98E,472.0,11.0,-7.035933907011305,0.3049701691778682
R98F,403.0,3.0,-8.678911196173225,0.5785921924723284
R98G,843.0,15.0,-7.425556719004781,0.2605190222286313
R98H,354.0,4.0,-8.07804692311438,0.5022579229105917
R98I,684.0,18.0,-6.861150186822918,0.23884798300909457
R98K,770.0,59.0,-5.319848674724862,0.13530206312569676
R98L,725.0,26.0,-6.414865446028729,0.1997191180922934
R98M,909.0,21.0,-7.049150954631051,0.22081250903324043
R98N,533.0,20.0,-6.34937238401341,0.2278438795842039
R98P,753.0,13.0,-7.468979013088322,0.2797385171569436
R98Q,987.0,36.0,-6.3905980531278175,0.1698378885701099
R98T,350.0,6.0,-7.477890196355326,0.4114706500715175
R98V,816.0,17.0,-7.198134642250778,0.2451042766207092
R98W,704.0,19.0,-6.824768340635202,0.23256399252423665
R98Y,675.0,9.0,-7.841240815190916,0.33545630779403957
R98_,763.0,14.0,-7.381175960436408,0.2697218378479325
S104A,509.0,2483.0,0.6723213107540467,0.04928507388257943
S104C,538.0,1257.0,-0.3897116227279813,0.0521145247744898
S104D,971.0,34.0,-6.449458098426963,0.17462719090556744
S104E,289.0,40.0,-4.46668973449977,0.1688653990913061
S104F,448.0,732.0,-0.9056704338044321,0.060496926794272925
S104G,606.0,4111.0,1.148076519597347,0.0442161800056135
S104H,302.0,459.0,-1.0100735917472088,0.0745079457022436
S104I,490.0,18.0,-6.379943961516514,0.24005659069326235
S104K,785.0,23.0,-6.706380999683334,0.21164809986832964
S104L,413.0,13.0,-6.602486702326781,0.28168578815617973
S104M,651.0,2537.0,0.3483747402713808,0.04463096527219913
S104N,924.0,2749.0,-0.04107107152867062,0.03882898725822773
S104P,762.0,14.0,-7.379283925908774,0.26972502615709115
S104Q,436.0,1711.0,0.35841220642369453,0.05421862281437171
S104R,799.0,17.0,-7.16776136937465,0.24515745966906757
S104T,570.0,114.0,-3.935829714648291,0.10289411631963985
S104V,907.0,29.0,-6.580499112437334,0.18877255984831248
S104W,251.0,132.0,-2.541100476588338,0.10779968591713623
S104Y,231.0,801.0,0.17986209288528876,0.07509277169692667
S104_,1250.0,9.0,-8.730199671214788,0.3344390355579441
S120A,281.0,381.0,-1.1747954639499456,0.0790245456275049
S120C,551.0,921.0,-0.8728645372890727,0.05442698961290846
S120D,441.0,50.0,-4.754525715617023,0.14941621946820474
S120E,642.0,83.0,-4.565241575466267,0.1169018094613265
S120F,1115.0,955.0,-1.8374717603102395,0.04478443880745296
S120G,347.0,576.0,-0.8828862363813457,0.06840706005426064
S120H,1034.0,1583.0,-0.9995826252154982,0.040749234913289197
S120I,855.0,737.0,-1.8282599552905134,0.05087331539059236
S120K,807.0,234.0,-3.4000192247186938,0.07466021184614874
S120L,937.0,339.0,-3.080739470841328,0.06386449345990455
S120M,526.0,149.0,-3.4336839305002815,0.09313295388692226
S120N,308.0,39.0,-4.59506414362275,0.170125789057592
S120P,788.0,46.0,-5.712197432514381,0.15187201373070544
S120Q,2155.0,9572.0,0.5371244839495755,0.02510358136402738
S120R,797.0,23.0,-6.728267793186433,0.21160278461501097
S120T,962.0,1746.0,-0.754064830248061,0.04091342324699216
S120V,381.0,324.0,-1.8477933793757613,0.07597770124762741
S120W,664.0,28.0,-6.181193936408479,0.19305237668461314
S120Y,484.0,107.0,-3.791294089492194,0.1071105859024303
S120_,892.0,18.0,-7.244192653599305,0.23813327302670292
S122A,794.0,2086.0,-0.22048586459446273,0.0424322711063061
S122C,570.0,1044.0,-0.7409264600376719,0.05266767490636859
S122D,265.0,392.0,-1.0491591988449764,0.07991296144118151
S122E,491.0,895.0,-0.7478514614373015,0.05670633044575996
S122F,698.0,546.0,-1.9683231875709968,0.05766971546235421
S122G,235.0,653.0,-0.13961991801083684,0.07647347094253348
S122H,938.0,1863.0,-0.6240426463119402,0.0407987260700383
S122I,1006.0,1769.0,-0.7997052987347866,0.0402616119355176
S122K,338.0,677.0,-0.6118916415896276,0.06706160578603701
S122L,750.0,8682.0,1.9190444915812286,0.038861032139664506
S122M,428.0,684.0,-0.9376299432609398,0.06212925640725228
S122N,533.0,885.0,-0.8824716996272857,0.055387288302227035
S122P,431.0,1010.0,-0.3854265264158201,0.05806810271093037
S122Q,460.0,985.0,-0.5155297088095896,0.05701550198905297
S122R,431.0,600.0,-1.136737652880723,0.06362746446905966
S122T,1181.0,2127.0,-0.7651972206980737,0.037128964137495925
S122V,464.0,950.0,-0.5802160541460841,0.057178929928503146
S122W,517.0,404.0,-1.9698040387784372,0.06686604807011452
S122Y,493.0,511.0,-1.562268242421169,0.0636156337032729
S122_,653.0,12.0,-7.37879988497541,0.29130224920148134
S133A,418.0,568.0,-1.1716239832517825,0.06491920526910668
S133C,376.0,163.0,-2.819813416491959,0.09410515537569401
S133D,550.0,13.0,-7.015767838239408,0.2806132269333137
S133E,695.0,19.0,-6.806206154979723,0.2326035349436509
S133F,887.0,20.0,-7.08416015315044,0.22619478124286155
S133G,332.0,749.0,-0.44024457160619423,0.06639831844775003
S133H,832.0,13.0,-7.612910857368432,0.2795130462069734
S133I,920.0,24.0,-6.8739450900612855,0.20687663245370674
S133K,252.0,6.0,-7.003975037420777,0.41281852083883314
S133L,612.0,14.0,-7.063029221482338,0.2703206082208253
S133M,870.0,89.0,-4.9029955071057,0.11156069365507447
S133N,601.0,83.0,-4.470034802054251,0.11735540355794095
S133P,403.0,11.0,-6.807932119368556,0.30556428605598857
S133Q,512.0,22.0,-6.153943793435507,0.2178271427081241
S133R,622.0,16.0,-6.893895417846647,0.2532396822289367
S133T,565.0,31.0,-5.8014738268541794,0.18460559521731174
S133V,641.0,21.0,-6.545201652677767,0.221851536622512
S133W,822.0,33.0,-6.252183757351666,0.1776852951789523
S133Y,589.0,14.0,-7.007766123129961,0.27043859754891125
S133_,674.0,12.0,-7.424464796253083,0.29122034232776084
S138A,966.0,6616.0,1.1618485301051296,0.03532729872174839
S138C,612.0,1411.0,-0.4089017749491859,0.04903423284191771
S138D,468.0,10.0,-7.161028333199897,0.31952854323621066
S138E,621.0,38.0,-5.644168425940384,0.16727471320403672
S138F,423.0,670.0,-0.9505119972262932,0.06259559813675591
S138G,217.0,386.0,-0.7831261584419291,0.08520782006210811
S138H,458.0,50.0,-4.809093443901928,0.14913431128925278
S138I,663.0,813.0,-1.3197603889523242,0.05291458787196275
S138K,725.0,125.0,-4.149960244548016,0.0971613860195496
S138L,213.0,423.0,-0.6242322480049154,0.08438192428054335
S138M,560.0,1004.0,-0.7717537119646529,0.05332327799684896
S138N,437.0,77.0,-4.118551447407511,0.12383572707024804
S138P,1084.0,23.0,-7.171976128027953,0.21081638876075587
S138Q,526.0,198.0,-3.0235197912583605,0.0837438839022733
S138R,812.0,24.0,-6.6937930419903795,0.20722574230885588
S138T,667.0,713.0,-1.5177889363692039,0.054437269707999295
S138V,829.0,1196.0,-1.0852348136007715,0.045869979716565326
S138W,715.0,55.0,-5.314200467397058,0.14013842584236968
S138Y,813.0,303.0,-3.0379105470973586,0.06776357316247057
S138_,580.0,18.0,-6.623210543911374,0.23939611580440406
S154A,470.0,617.0,-1.2214004366921047,0.06172533631514078
S154C,551.0,1358.0,-0.3126591598561985,0.05111657519618805
S154D,557.0,1024.0,-0.7355481857152535,0.05323097247020173
S154E,718.0,6047.0,1.4601432663337106,0.04024664966952892
S154F,689.0,1066.0,-0.9843787112921625,0.049508775091475325
S154G,226.0,283.0,-1.2895364327021008,0.08955283687796636
S154H,564.0,1148.0,-0.5886602944103965,0.05201705799498982
S154I,823.0,2270.0,-0.1502860685649594,0.04143986390687466
S154K,827.0,55.0,-5.524141822307089,0.13946100451790264
S154L,760.0,1390.0,-0.7429979005509901,0.04579164779269545
S154M,491.0,1216.0,-0.3056720753333009,0.0540431644053618
S154N,813.0,1352.0,-0.880242036418311,0.04507017009773373
S154P,627.0,120.0,-3.9993366831126487,0.09994595241369093
S154Q,355.0,647.0,-0.7480745092632013,0.06651373383820079
S154R,813.0,22.0,-6.821044903365508,0.21616099189636317
S154T,655.0,1153.0,-0.7981866681947656,0.049554747274414626
S154V,654.0,1200.0,-0.7383410281721634,0.049234526086846
S154W,272.0,623.0,-0.4184072266622838,0.07309671444839154
S154Y,252.0,555.0,-0.47497007284871096,0.07636458212758515
S154_,802.0,18.0,-7.090752995117432,0.23839727201301825
S173A,914.0,565.0,-2.307936404069264,0.05408921957762117
S173C,517.0,279.0,-2.503878210959381,0.07469928416679178
S173D,757.0,298.0,-2.9589544718733567,0.06883503591106083
S173E,512.0,224.0,-2.8066117069037153,0.08049134636971775
S173F,896.0,89.0,-4.945478357238198,0.11141110925591853
S173G,430.0,292.0,-2.1723552910383574,0.07623484197342643
S173H,505.0,232.0,-2.736127822846444,0.07969944426110837
S173I,847.0,51.0,-5.667529852798726,0.14438250026631588
S173K,932.0,136.0,-4.390635562453528,0.09212509962957836
S173L,801.0,153.0,-4.002197166255504,0.08857554956649745
S173M,418.0,92.0,-3.797677739880008,0.1154225051673092
S173N,919.0,1459.0,-0.9471655497954137,0.04283931915027406
S173P,915.0,88.0,-4.99205100449279,0.11187901045658452
S173Q,623.0,327.0,-2.5439234223140206,0.06873721475809834
S173R,677.0,51.0,-5.344327994104158,0.14540552202081117
S173T,649.0,497.0,-1.9989686841859449,0.060120910014986324
S173V,655.0,241.0,-3.0564267804723606,0.0757468364885806
S173W,543.0,26.0,-5.997843318550884,0.20087314783851526
S173Y,436.0,42.0,-4.989559389211466,0.16173764300400514
S173_,427.0,5.0,-8.027318298763483,0.4494489375837918
S183A,476.0,1166.0,-0.32148648172368244,0.05495548509029834
S183C,767.0,1646.0,-0.5123470479041892,0.044418208562339745
S183D,869.0,1964.0,-0.4376452646992428,0.041491935156510514
S183E,438.0,1025.0,-0.38740058426038626,0.057622362831685536
S183F,1170.0,2114.0,-0.7605415154885131,0.03727481416186494
S183G,932.0,1937.0,-0.558588793647683,0.04063118283969267
S183H,1171.0,2143.0,-0.7421176700464738,0.03717903460906288
S183I,1364.0,9670.0,1.2116603041736127,0.02997046089673242
S183K,530.0,898.0,-0.8532909257468759,0.055335465671456814
S183L,814.0,1631.0,-0.6113556517257477,0.04362667445617346
S183M,424.0,740.0,-0.8105563799148694,0.06141214533453288
S183N,1967.0,33307.0,2.4677467944095213,0.024496797664542817
S183P,503.0,1032.0,-0.5772048925617392,0.05494268347736695
S183Q,477.0,866.0,-0.7536386831309017,0.057556900092241105
S183R,1058.0,2021.0,-0.680279659415751,0.03875121051507691
S183T,580.0,1308.0,-0.4407789648084055,0.05050061302483145
S183V,701.0,3342.0,0.6392062643337901,0.04227786493164984
S183W,452.0,983.0,-0.4931514535679966,0.05736991934864767
S183Y,605.0,1016.0,-0.8661191478972716,0.05194989013367633
S183_,1112.0,29.0,-6.8744785123081575,0.1882334406091158
S186A,868.0,1700.0,-0.6442431920078162,0.042449686170661374
S186C,898.0,1330.0,-1.047369178809114,0.043899099688860466
S186D,1148.0,3149.0,-0.15823972627410043,0.03535981102363585
S186E,914.0,2353.0,-0.24977725905944048,0.03975866024550936
S186F,615.0,921.0,-1.0313959042342606,0.05266344011104514
S186G,773.0,1502.0,-0.6556674209357318,0.044956672654362956
S186H,727.0,1345.0,-0.7264330707103106,0.04669763758662889
S186I,590.0,1153.0,-0.6474091425599031,0.05122367866363498
S186K,1125.0,2543.0,-0.4374035463132575,0.03665786870978921
S186L,1054.0,1827.0,-0.8204068804405518,0.0394687666759803
S186M,852.0,1458.0,-0.838944510036125,0.04383200951850284
S186N,857.0,2410.0,-0.12234766706074662,0.04053969816818592
S186P,635.0,1573.0,-0.3053262302760267,0.0476674498882905
S186Q,825.0,2091.0,-0.27228640631085455,0.041857232006415765
S186R,712.0,1173.0,-0.8937569524183537,0.04815252713446409
S186T,853.0,7146.0,1.4525005168702378,0.03706671002747001
S186V,807.0,3450.0,0.4819392316526123,0.03988332749780999
S186W,1699.0,863.0,-2.591248018495611,0.04253230232353766
S186Y,824.0,1586.0,-0.6693347395887939,0.04365517283804069
S186_,621.0,65.0,-4.8698857969875196,0.13059177797399066
S219A,852.0,987.0,-1.4018085180034614,0.0474187691450268
S219C,489.0,912.0,-0.7148171807040473,0.05659603098513793
S219D,707.0,546.0,-1.9868061030615456,0.05751138149352222
S219E,793.0,3332.0,0.45697891052116546,0.04028425071013365
S219F,1026.0,2051.0,-0.614713122515476,0.03903713097906851
S219G,604.0,2212.0,0.2587107113526166,0.0465764190618603
S219H,544.0,914.0,-0.8654260779446501,0.054717136246820085
S219I,279.0,153.0,-2.480693743187368,0.10090245311397829
S219K,901.0,22.0,-6.9693149239514565,0.2158829378202212
S219L,839.0,105.0,-4.612164141287623,0.10380976375028819
S219M,896.0,367.0,-2.9016983168656623,0.06246970411101325
S219N,698.0,2475.0,0.2121118876784509,0.04357024862154018
S219P,863.0,643.0,-2.0385389583896307,0.052684005671569806
S219Q,414.0,2339.0,0.884157653363804,0.053894484523861336
S219R,723.0,22.0,-6.651787407174536,0.21651485856855127
S219T,1395.0,2409.0,-0.8258379377719227,0.03454898815323406
S219V,1784.0,1007.0,-2.439048548343829,0.04019026417591555
S219W,880.0,1337.0,-1.0105844232915064,0.04411317090602135
S219Y,777.0,2295.0,-0.05150748744158751,0.042242114463097856
S219_,752.0,23.0,-6.644421814065186,0.21178011853364545
S226A,831.0,2261.0,-0.16997322628659361,0.04131971364175573
S226C,905.0,378.0,-2.8735121892024464,0.061742014776179265
S226D,775.0,54.0,-5.456919328474109,0.14095062714172715
S226E,2165.0,124.0,-5.739848177437116,0.0926684466805322
S226F,734.0,21.0,-6.740654507246782,0.22140561306339812
S226G,1141.0,2709.0,-0.36654857279630626,0.036155754887591804
S226H,610.0,91.0,-4.358738769779717,0.11264459369289134
S226I,2502.0,415.0,-4.205872406960139,0.053581178713418755
S226K,337.0,61.0,-4.079676621115661,0.13935462021984996
S226L,815.0,70.0,-5.155187705462929,0.12478916672889338
S226M,761.0,149.0,-3.9665091150702088,0.08992600145354909
S226N,1253.0,702.0,-2.4498372980232146,0.04779375400928004
S226P,1141.0,7204.0,1.044485891983845,0.0328163320414857
S226Q,862.0,78.0,-5.079976483873941,0.11849317401045878
S226R,1036.0,67.0,-5.564520567428956,0.1262935905313702
S226T,1098.0,2010.0,-0.7416913707987502,0.03833969277948691
S226V,890.0,477.0,-2.5138048911417883,0.057285762211876236
S226W,1386.0,37.0,-6.840881576819289,0.16674202672584018
S226Y,365.0,4.0,-8.122192798627264,0.5021731704640165
S226_,1047.0,23.0,-7.121873283927894,0.21089369305543146
S230A,782.0,2217.0,-0.11064653989232198,0.04232608586319905
S230C,1107.0,3473.0,0.035515454019119375,0.035397068266482264
S230D,1168.0,2189.0,-0.7077769370343221,0.03707651724486955
S230E,654.0,957.0,-1.064781551486071,0.05133841963625279
S230F,599.0,1071.0,-0.7756828986075481,0.051621728677439624
S230G,867.0,3282.0,0.3064562398900801,0.03898415227544209
S230H,519.0,1319.0,-0.26838159486821045,0.052407757795898256
S230I,690.0,853.0,-1.3080574719194162,0.05180016524711393
S230K,451.0,460.0,-1.5854970543551508,0.06672926707821521
S230L,1066.0,1028.0,-1.666369529486202,0.04441299639995564
S230M,936.0,5385.0,0.9103503194288924,0.03627325313031141
S230N,583.0,1194.0,-0.579780471146603,0.0511315355816474
S230P,1037.0,24.0,-7.046653448679491,0.20658002614848953
S230Q,1517.0,1182.0,-1.9739912109228204,0.03958398071028466
S230R,933.0,861.0,-1.7298654065887362,0.04790522030015064
S230T,592.0,1767.0,-0.03638610227542305,0.048132857505629865
S230V,629.0,881.0,-1.127927414734505,0.05278772870792026
S230W,867.0,1807.0,-0.554518904630708,0.042053218244907674
S230Y,747.0,2410.0,0.0758368153547977,0.04260621744055833
S230_,662.0,18.0,-6.813985779677507,0.2389496667864126
S236A,1089.0,2853.0,-0.22453525439660815,0.036475413413296055
S236C,658.0,1534.0,-0.3928763829512354,0.0472578410148754
S236D,533.0,930.0,-0.8109192273825325,0.054891513237716606
S236E,1107.0,3184.0,-0.08982624377428383,0.03576432767214751
S236F,690.0,1934.0,-0.12709677722679924,0.04503330244079677
S236G,757.0,1393.0,-0.7341815047961111,0.045831648573632436
S236H,1513.0,4488.0,-0.045348488536296916,0.030747904466626792
S236I,897.0,2129.0,-0.3670161037424142,0.04057339295235621
S236K,1180.0,7435.0,1.0415327407322046,0.032305306338394846
S236L,1068.0,5034.0,0.6227800708652453,0.03459267514683611
S236M,903.0,2050.0,-0.43118577835922434,0.04070495680959751
S236N,1178.0,2471.0,-0.5452537931314216,0.03626659080042462
S236P,1064.0,2254.0,-0.5310206500342414,0.03801549825739322
S236Q,1215.0,3476.0,-0.09753881141306575,0.03424044719840414
S236R,537.0,1621.0,-0.020130724233511366,0.05040580936992295
S236T,371.0,949.0,-0.259037639738521,0.06173134031477216
S236V,984.0,2856.0,-0.07674670751621893,0.037789842905598565
S236W,823.0,2039.0,-0.3051158707118553,0.04203771770817648
S236Y,750.0,1953.0,-0.23328525643961306,0.04366954620845088
S236_,956.0,21.0,-7.121880498145802,0.2206900097418838
S241A,1165.0,2090.0,-0.7708353495280882,0.03739668304719689
S241C,1245.0,3147.0,-0.27617842336942644,0.034389706323016994
S241D,1008.0,21.0,-7.1982928351713955,0.2205677217706671
S241E,1059.0,28.0,-6.854633275000858,0.19159200629073042
S241F,1383.0,88.0,-5.588003176995832,0.11021383452523158
S241G,954.0,126.0,-4.53446901614283,0.0951092461787576
S241H,1227.0,20.0,-7.552284885579761,0.2255031825464296
S241I,1417.0,47.0,-6.527741304987165,0.14845694546244678
S241K,1337.0,24.0,-7.413233898326124,0.20605565731237674
S241L,656.0,22.0,-6.511489612826072,0.21684082699808535
S241M,923.0,1579.0,-0.8394007316545729,0.0421711234700544
S241N,1334.0,41.0,-6.637652783586953,0.1587312182371165
S241P,855.0,242.0,-3.4348774879503248,0.07323469932065597
S241Q,1308.0,29.0,-7.108682321001239,0.18787516020995773
S241R,905.0,25.0,-6.791359627047908,0.20285623018668006
S241T,1424.0,3060.0,-0.5104257661442282,0.033026082709248
S241V,653.0,670.0,-1.5769253129600713,0.05554789569242782
S241W,1030.0,104.0,-4.921867052791284,0.10318434023885202
S241Y,1558.0,27.0,-7.464069899404523,0.1942340151996077
S241_,1119.0,35.0,-6.612314913172074,0.17180977347860918
S267A,1274.0,4632.0,0.2482589100737269,0.032595946921391485
S267C,1261.0,3615.0,-0.09458293466281376,0.033635146683204484
S267D,946.0,2913.0,0.008580458816081382,0.03823666261031249
S267E,1456.0,3813.0,-0.2250928056313657,0.03179232660508626
S267F,872.0,2009.0,-0.409934695664548,0.04130637969677188
S267G,741.0,1027.0,-1.1431175440198569,0.04883537005789197
S267H,1947.0,11404.0,0.9362061542883651,0.025748399183798544
S267I,946.0,2598.0,-0.15652321138901204,0.03877711733793165
S267K,568.0,2856.0,0.7160099404418139,0.046608526869700975
S267L,566.0,1363.0,-0.3461061566388395,0.05061726120675014
S267M,609.0,1854.0,-0.00789165334437758,0.04736099809850485
S267N,952.0,1573.0,-0.8895236467764738,0.04180689612089462
S267P,1425.0,4096.0,-0.09075566206926977,0.03174229122616385
S267Q,975.0,3397.0,0.18677368821768603,0.037171098901114766
S267R,795.0,1830.0,-0.4111962366256865,0.043196926702919525
S267T,1237.0,3553.0,-0.09181827014943433,0.0339342889388329
S267V,743.0,2191.0,-0.05386032014153397,0.0431737302290996
S267W,1221.0,2353.0,-0.6675704203012991,0.0361339901266141
S267Y,871.0,2207.0,-0.2726708771864068,0.04077839763978304
S267_,1094.0,33.0,-6.664581832814876,0.17683213038773818
S275A,1266.0,2414.0,-0.6828600041589139,0.035578297166986544
S275C,1140.0,2565.0,-0.44408488538072444,0.03645176096707821
S275D,832.0,538.0,-2.2429707361111397,0.05587748834686926
S275E,866.0,668.0,-1.988516840573066,0.052090193099452724
S275F,1074.0,2690.0,-0.289398746414979,0.03693940198433342
S275G,1361.0,2893.0,-0.5261092131438221,0.033794863050349414
S275H,1648.0,4588.0,-0.13685931705513044,0.02977306528981111
S275I,1572.0,611.0,-2.9773453542131403,0.04831610762258213
S275K,1391.0,3386.0,-0.33054941367996626,0.03280119676997172
S275L,1725.0,3858.0,-0.45275069863441963,0.030009853936168337
S275M,949.0,2070.0,-0.48886031348586556,0.0399812792665181
S275N,1281.0,3943.0,0.008012775235722636,0.03310484781988953
S275P,947.0,954.0,-1.6033781274342935,0.046538646975733164
S275Q,1950.0,2643.0,-1.1753024950618132,0.030868397107175663
S275R,1628.0,31.0,-7.328235081354274,0.1814485945045089
S275T,2562.0,3130.0,-1.325111696586883,0.0277757069765566
S275V,1394.0,468.0,-3.1886325052689193,0.05399763894203384
S275W,826.0,2006.0,-0.333905211051607,0.04208116751931697
S275Y,1480.0,5719.0,0.3361556482233934,0.03020281626804116
S275_,975.0,47.0,-5.988380286204286,0.14953054484173772
S279A,1905.0,1700.0,-1.7782581943115914,0.03427604153793418
S279C,1025.0,740.0,-2.084024169324195,0.04887347839129253
S279D,1109.0,167.0,-4.345268836453201,0.0833729818080861
S279E,1240.0,3152.0,-0.2680824995274502,0.03442944303874043
S279F,1844.0,38.0,-7.214326500236693,0.16405135189374942
S279G,1400.0,2166.0,-0.9844000847152179,0.03518014439721169
S279H,1101.0,33.0,-6.673783479744235,0.17681569747724282
S279I,1302.0,49.0,-6.345523428285116,0.1457179673271643
S279K,1488.0,16.0,-8.1522699600551,0.2513855285315813
S279L,1245.0,67.0,-5.829639969002683,0.12565045069957909
S279M,1135.0,42.0,-6.369831268570004,0.15731048691299782
S279N,1665.0,1024.0,-2.3153038942077093,0.04048250879930394
S279P,1457.0,24.0,-7.537234421583918,0.20590612772780834
S279Q,1171.0,1197.0,-1.5823210473520568,0.04184569443950169
S279R,1020.0,17.0,-7.520059201159883,0.24460378939221286
S279T,1118.0,731.0,-2.2269729014967767,0.04820892331030517
S279V,744.0,19.0,-6.904494431356258,0.23239975087348755
S279W,971.0,44.0,-6.077585732740258,0.1543167122669325
S279Y,873.0,19.0,-7.135170598567346,0.23197206405357246
S279_,1522.0,40.0,-6.86347625503397,0.16035105559541937
S299A,1096.0,30.0,-6.804676688542823,0.18519262922945576
S299C,1081.0,36.0,-6.521841315377428,0.16957832484082483
S299D,152.0,21.0,-4.469021023760644,0.23288748529762346
S299E,1302.0,852.0,-2.225801116753294,0.04475960190331991
S299F,873.0,32.0,-6.383406453670317,0.1801315720217315
S299G,1805.0,50.0,-6.787649270779845,0.14356774677111778
S299H,510.0,14.0,-6.799999530253481,0.27092437481185966
S299I,1367.0,140.0,-4.901424874577971,0.08908172697711707
S299K,1212.0,20.0,-7.53453948090725,0.2255255456846806
S299L,1167.0,3341.0,-0.09653547878786561,0.03489820820423521
S299M,1155.0,3595.0,0.024087585075504236,0.03472233106744131
S299N,1300.0,395.0,-3.332564495190054,0.05798698037482832
S299P,1391.0,44.0,-6.596160465714529,0.15330588464350434
S299Q,1142.0,160.0,-4.449344164044151,0.08477583403431424
S299R,633.0,9.0,-7.7485602307903445,0.33560278422448014
S299T,1217.0,526.0,-2.8241817466807007,0.05276811574108839
S299V,612.0,9.0,-7.699887166099617,0.33568353420190955
S299W,1234.0,31.0,-6.928479605661926,0.18198821887944802
S299Y,2449.0,29.0,-8.01350741527433,0.18692480824718308
S299_,1414.0,23.0,-7.555390385449173,0.2103051536035523
S318A,786.0,426.0,-2.497663227321449,0.060673674229969596
S318C,1366.0,588.0,-2.8300583056408533,0.04994390827634851
S318D,1526.0,44.0,-6.729792090469665,0.1530983209382241
S318E,676.0,20.0,-6.692254371825926,0.226971284778146
S318F,1495.0,54.0,-6.404787632199971,0.13872874686591494
S318G,1829.0,65.0,-6.42826035476682,0.12645424592955323
S318H,2269.0,865.0,-3.0052771071510205,0.040724199246734614
S318I,1152.0,56.0,-5.976327857799768,0.13705358891067385
S318K,975.0,32.0,-6.542825289852441,0.1797986415245747
S318L,990.0,34.0,-6.477415042827428,0.17457059059148905
S318M,980.0,22.0,-7.090568276378589,0.21567562448653402
S318N,1371.0,29.0,-7.176547844447326,0.18778164169413006
S318P,1509.0,28.0,-7.365519428988533,0.19085571738856488
S318Q,1089.0,142.0,-4.552955628564656,0.08956397935546329
S318T,1208.0,117.0,-4.981931516722765,0.09713788846087339
S318V,1158.0,52.0,-6.090717719810357,0.14195881684496026
S318W,695.0,11.0,-7.5941502180639056,0.3038536376686246
S318Y,358.0,8.0,-7.0960566890016,0.3573497540185567
S318_,1344.0,24.0,-7.420767514811227,0.2060462046029568
S333A,4114.0,1177.0,-3.419421579126242,0.03397596003465502
S333C,1581.0,1390.0,-1.7997540870507795,0.03759800413511518
S333D,539.0,21.0,-6.295166827937645,0.22251588569388303
S333E,1248.0,41.0,-6.541512796509851,0.1588938504341
S333F,1008.0,83.0,-5.21608385251333,0.11445732204035172
S333G,1150.0,2421.0,-0.5400402240675009,0.036664587403795065
S333H,1394.0,200.0,-4.415099728616635,0.07601834346513262
S333I,1483.0,105.0,-5.433932556180515,0.10128618084014843
S333K,1263.0,25.0,-7.272220050289663,0.20208277840493497
S333L,880.0,300.0,-3.166512184354233,0.06731460845267795
S333M,800.0,239.0,-3.3569499090128323,0.07413226892447859
S333N,1356.0,989.0,-2.0693136605337603,0.042547072431751
S333P,811.0,24.0,-6.69201525092995,0.20722940613514232
S333Q,1699.0,568.0,-3.1947089659439256,0.04909983707912067
S333R,1160.0,71.0,-5.643974081496485,0.12250007626162364
S333T,1541.0,1106.0,-2.0925146503100533,0.04018407115529006
S333V,1204.0,468.0,-2.9772389693457075,0.055035878554692885
S333W,2410.0,9579.0,0.37683457081102345,0.024104242808010556
S333Y,1272.0,99.0,-5.297394813879934,0.10463188234694402
S333_,938.0,19.0,-7.238775722293701,0.23180091234824043
S337A,973.0,3680.0,0.3051802931239358,0.03689391034508806
S337C,1312.0,191.0,-4.394061497087127,0.0778408688787872
S337D,1065.0,23.0,-7.146465039222538,0.21085541817754716
S337E,1723.0,32.0,-7.364267443777306,0.17855615551449988
S337F,2102.0,50.0,-7.007411973642771,0.14329486903400807
S337G,913.0,1418.0,-0.9788377164281572,0.04315293109209027
S337H,3048.0,49.0,-7.572650535291964,0.1442004357097375
S337I,589.0,9.0,-7.64462406774724,0.3357785564172162
S337K,783.0,21.0,-6.8338855216890755,0.2212129949491608
S337L,1380.0,38.0,-6.796158742042294,0.16460614229121492
S337M,1899.0,50.0,-6.860889943516921,0.14347220822316847
S337N,954.0,18.0,-7.341137158574219,0.23798024938859863
S337P,2037.0,56.0,-6.798627680415743,0.1356707552112007
S337Q,1249.0,40.0,-6.5782834449818,0.16079822519618409
S337R,1199.0,25.0,-7.197197679633538,0.2021873175062038
S337T,2504.0,136.0,-5.8164585468045455,0.08839368500173002
S337V,1665.0,82.0,-5.957590050647051,0.11338392953988749
S337W,831.0,43.0,-5.886124657637108,0.1565740891643806
S337Y,2010.0,30.0,-7.679618406002132,0.18406906162974013
S337_,1483.0,49.0,-6.533311225196892,0.14539596635504262
S366A,947.0,1821.0,-0.6707155764522046,0.040826271250009497
S366C,1633.0,3141.0,-0.6703079456023282,0.031502676325466564
S366D,2180.0,86.0,-6.2776893935193065,0.11021321202924092
S366E,1301.0,55.0,-6.1777971941186305,0.13787251415568763
S366F,884.0,18.0,-7.231195459437211,0.238154573712496
S366G,971.0,1745.0,-0.7683256106933971,0.0407995305334314
S366H,1702.0,44.0,-6.887267187700331,0.15287685497598513
S366I,897.0,253.0,-3.439932517489561,0.07161641769562689
S366K,1354.0,65.0,-5.994435785744923,0.12721037469238725
S366L,1334.0,117.0,-5.12506860055683,0.09673459167165978
S366M,892.0,193.0,-3.822387143360877,0.07977359166864254
S366N,1793.0,188.0,-4.867505086564705,0.07706017747997675
S366P,2051.0,65.0,-6.593531917718105,0.12622003450314345
S366Q,782.0,94.0,-4.670303780454753,0.10944224891224916
S366R,1244.0,51.0,-6.222077027878781,0.14307178211244656
S366T,1651.0,2330.0,-1.1170155680345828,0.033114288755004745
S366V,721.0,348.0,-2.6648933629248637,0.06574273742900302
S366W,637.0,21.0,-6.5361708096439965,0.22187361335990352
S366Y,810.0,19.0,-7.0271121380280945,0.23216401295167802
S366_,1404.0,42.0,-6.67667947135187,0.15677303794310035
S38A,542.0,1433.0,-0.21134555340542427,0.05103430031155599
S38C,475.0,778.0,-0.9021720431106965,0.058755705443525943
S38D,937.0,382.0,-2.9084568962985182,0.06120980764009991
S38E,815.0,2131.0,-0.22735515917492233,0.04192759743435757
S38F,1101.0,674.0,-2.3219885271980427,0.04953380702595339
S38G,720.0,1577.0,-0.48289989669857825,0.04565812686657291
S38H,598.0,1161.0,-0.6568639723955867,0.05094325691519698
S38I,942.0,928.0,-1.6356048796288851,0.04691287683651613
S38K,720.0,2179.0,-0.01641888780665557,0.04369756478033265
S38L,763.0,687.0,-1.7653737224994233,0.05317767635661928
S38M,1168.0,1924.0,-0.893939184692707,0.037915543431852855
S38N,837.0,1629.0,-0.653324160315778,0.04324675932224961
S38P,1480.0,1528.0,-1.5679557948865117,0.03730684455983006
S38Q,1332.0,3967.0,-0.03955573538303625,0.03262679417568025
S38R,503.0,1086.0,-0.5036244552924503,0.054502453552460875
S38T,867.0,1844.0,-0.5252769152631309,0.04192098763817568
S38V,856.0,691.0,-1.9229239178042548,0.05174022877437577
S38W,826.0,1698.0,-0.5743890535801226,0.04314217589234051
S38Y,780.0,1192.0,-1.0021710423535959,0.04671870657687169
S38_,580.0,23.0,-6.269747741593561,0.2127090906854219
S50A,291.0,1071.0,0.2658284598336751,0.06657093728221908
S50C,533.0,950.0,-0.7802227567424547,0.05468492908434351
S50D,767.0,635.0,-1.8864689320660526,0.05422384971986994
S50E,417.0,21.0,-5.924936769324887,0.2237321842405374
S50F,914.0,1039.0,-1.429075171314894,0.04602410389925184
S50G,686.0,473.0,-2.1503617787802574,0.06027859046943303
S50H,376.0,494.0,-1.220233641264219,0.06888713827538173
S50I,759.0,284.0,-3.032180021588533,0.0700013717131932
S50K,804.0,450.0,-2.4512592404748794,0.05939378778402255
S50L,608.0,626.0,-1.5719122049800944,0.05747879543335961
S50M,727.0,999.0,-1.155478945359664,0.04937784362697563
S50N,804.0,1230.0,-1.0006181618186014,0.04602663041156508
S50P,1105.0,340.0,-3.3144131987526304,0.06251194058470466
S50Q,868.0,679.0,-1.9682816980114195,0.05183122979831179
S50R,849.0,28.0,-6.5357705142176235,0.19220057532738133
S50T,812.0,773.0,-1.685013273057974,0.05086098519048254
S50V,1073.0,597.0,-2.4598393755091124,0.05165902771503214
S50W,526.0,3744.0,1.217419300046446,0.04722162012645093
S50Y,125.0,110.0,-1.798411690180874,0.13096230882537524
S50_,658.0,13.0,-7.274419498272105,0.28008100276820647
S55A,420.0,272.0,-2.240766842794905,0.07822349189168508
S55C,1580.0,43.0,-6.813120604036908,0.15474171328606534
S55D,1149.0,20.0,-7.45752923274306,0.22562581966673553
S55E,313.0,2.0,-8.89687229347544,0.7076502720143191
S55F,473.0,16.0,-6.4988283274176775,0.25423761655115595
S55G,1583.0,2164.0,-1.1629660593660107,0.03399259601967793
S55H,605.0,8.0,-7.853015791719911,0.35575060628547817
S55I,853.0,23.0,-6.8262326221490035,0.2114080609964048
S55K,830.0,23.0,-6.786798685738167,0.2114848784584291
S55L,695.0,18.0,-6.884166505721998,0.23879953993989125
S55M,498.0,9.0,-7.402506651708338,0.3362401919941606
S55N,856.0,17.0,-7.267175460518061,0.24498743210929327
S55P,665.0,10.0,-7.667865012016426,0.31853652890671297
S55Q,1267.0,37.0,-6.711371821461561,0.16694510389350398
S55R,1277.0,41.0,-6.57465312482959,0.15883658048162272
S55T,1351.0,44.0,-6.554066027576102,0.15337528857293928
S55V,1031.0,29.0,-6.7653670762293405,0.18842101361618294
S55W,669.0,25.0,-6.35545366921233,0.2038147097912417
S55Y,747.0,21.0,-6.765982345138262,0.2213520643723456
S55_,930.0,41.0,-6.117201436399393,0.15975367704772317
S79A,472.0,793.0,-0.8654812223360056,0.05866260214307016
S79C,359.0,893.0,-0.29935055531441357,0.06298356596990018
S79D,731.0,189.0,-3.5654314326450116,0.08197791936109335
S79E,487.0,765.0,-0.962475645880879,0.05849958926671775
S79F,641.0,857.0,-1.195037681313952,0.05280690442438942
S79G,471.0,547.0,-1.3981933387132788,0.06334746151297486
S79H,1237.0,375.0,-3.335859047235177,0.05946999261435561
S79I,766.0,317.0,-2.8868377318247704,0.06724302320880361
S79K,863.0,15.0,-7.4593842506340176,0.26046625600790224
S79L,670.0,222.0,-3.2075608229866406,0.07783636815171284
S79M,693.0,901.0,-1.2353359084089632,0.051132472832545246
S79N,364.0,111.0,-3.3272912973013673,0.10870629373206593
S79P,145.0,81.0,-2.453983336593966,0.13893133101353394
S79Q,1116.0,2676.0,-0.35226930346771734,0.03648867717188823
S79R,331.0,3.0,-8.394970361306743,0.5790584201519251
S79T,428.0,406.0,-1.6901320989172381,0.06972138189778727
S79V,566.0,540.0,-1.681844274730092,0.06066510000349216
S79W,420.0,432.0,-1.5733618258336302,0.06897347669403707
S79Y,581.0,876.0,-1.0216185119921315,0.054077387272047216
S79_,448.0,13.0,-6.719840923959427,0.2813498309980538
S81A,340.0,1270.0,0.28718791750748984,0.061564347675468714
S81C,919.0,868.0,-1.6963717526657245,0.04797782262194896
S81D,330.0,63.0,-4.00285988326483,0.13770399963034302
S81E,642.0,18.0,-6.769728538891101,0.2390481127182342
S81F,500.0,52.0,-4.879098861642885,0.1459065292565819
S81G,616.0,2137.0,0.18056512660485335,0.046400187077070006
S81H,313.0,3.0,-8.314304307894666,0.5792084109301735
S81I,432.0,10.0,-7.045553684624211,0.3198070429093191
S81K,933.0,25.0,-6.835318437521994,0.20277448023085384
S81L,460.0,11.0,-6.998781705939497,0.3050607655725056
S81M,534.0,77.0,-4.407751912863797,0.12214595470604249
S81N,704.0,851.0,-1.340422692984471,0.051547960718201544
S81P,387.0,130.0,-3.1877511054924437,0.10167257321504031
S81Q,445.0,50.0,-4.767552101859915,0.14934799923487646
S81R,870.0,40.0,-6.056602305961523,0.161879112919972
S81T,597.0,333.0,-2.4561924524023198,0.0688448270113956
S81V,761.0,101.0,-4.5274201406798005,0.10618727156016901
S81W,1109.0,91.0,-5.221106345860424,0.10932150851679309
S81Y,480.0,67.0,-4.454619005623925,0.13064501250533264
S81_,578.0,7.0,-7.979539054360671,0.38005935035183525
S92A,1685.0,13265.0,1.3627938484886757,0.027028469216459194
S92C,389.0,693.0,-0.780933927878336,0.06383801521911568
S92D,727.0,6375.0,1.5183776352112481,0.03992546755165197
S92E,1173.0,2486.0,-0.5303860690371964,0.0362828087357817
S92F,593.0,982.0,-0.8863215736482433,0.052595772974763665
S92G,618.0,1084.0,-0.8033268781981198,0.05101255797754713
S92H,379.0,513.0,-1.1772518216478112,0.06818662709308493
S92I,2300.0,1599.0,-2.1384640286600507,0.033494047806280146
S92K,648.0,223.0,-3.152910529400514,0.07803187474175538
S92L,517.0,878.0,-0.8499576703133975,0.05598947507153023
S92M,693.0,1176.0,-0.8510506036880825,0.04852831223138719
S92N,381.0,811.0,-0.5241120160023138,0.06260444880019815
S92P,461.0,813.0,-0.7955278038908329,0.05882882861948841
S92Q,363.0,828.0,-0.4243639560560961,0.06343613712183757
S92R,524.0,123.0,-3.7048215969615734,0.10049609177337497
S92T,323.0,674.0,-0.5528116896796531,0.06812650335195031
S92V,547.0,1085.0,-0.6259336294232325,0.05302314775341716
S92W,512.0,778.0,-1.0103861450472644,0.05744650501501909
S92Y,297.0,529.0,-0.7812193677893724,0.072930768540908
S92_,633.0,15.0,-7.012235264983195,0.2612732080952477
S97A,638.0,1253.0,-0.6402558693497635,0.04926596534820825
S97C,325.0,274.0,-1.860258418936123,0.08238940350677733
S97D,482.0,66.0,-4.482309430583872,0.13147451894318263
S97E,571.0,356.0,-2.295601101905559,0.06798438231438578
S97F,638.0,22.0,-6.471350842435749,0.21693997049587646
S97G,449.0,160.0,-3.102588361356232,0.09240354350195613
S97H,1420.0,122.0,-5.15483264396193,0.09466759455525128
S97I,638.0,340.0,-2.5220047148317857,0.06760286297195633
S97K,540.0,5.0,-8.366034566147798,0.4489034412031746
S97L,544.0,12.0,-7.1153279713951,0.2918284286642534
S97M,467.0,20.0,-6.158663226265311,0.22842499387533252
S97N,395.0,268.0,-2.1736052013592397,0.07952653079585592
S97P,440.0,77.0,-4.128421466343865,0.12377271817285272
S97Q,740.0,419.0,-2.434562947302479,0.06164085121075948
S97R,448.0,18.0,-6.250663704770946,0.24045474645105747
S97T,397.0,494.0,-1.2986379571585926,0.06785839906946708
S97V,576.0,485.0,-1.8620822211464558,0.06212549952501275
S97W,684.0,13.0,-7.330327406011399,0.27997785858761015
S97Y,490.0,29.0,-5.692191847224794,0.19124154975594754
S97_,537.0,14.0,-6.874422949098604,0.27074237517471667
T113A,701.0,288.0,-2.8973189764317615,0.07042938590467875
T113C,771.0,229.0,-3.3653418314767256,0.07566574618508039
T113D,344.0,15.0,-6.1324574772458895,0.2638007347138003
T113E,580.0,69.0,-4.68520329217666,0.12757917265537264
T113F,508.0,212.0,-2.8747274375801872,0.08213956046313903
T113G,950.0,199.0,-3.869104629631555,0.07835290155833137
T113H,380.0,490.0,-1.2472290482222954,0.06880383664524335
T113I,745.0,181.0,-3.655193244653881,0.08323763618990408
T113K,419.0,7.0,-7.51542927710512,0.3809220573840191
T113L,775.0,298.0,-2.992857039416222,0.0686118181342376
T113M,859.0,390.0,-2.7531666668276635,0.061561767219841204
T113N,457.0,263.0,-2.4111109361477494,0.077794320421289
T113P,375.0,887.0,-0.3719815538365774,0.06209397817183784
T113Q,220.0,341.0,-0.9817579090953252,0.08682970015379045
T113R,788.0,21.0,-6.84306872694458,0.22119467820345148
T113S,582.0,846.0,-1.0743720813078674,0.05442321401166143
T113V,202.0,125.0,-2.3063860620716072,0.11406705747385869
T113W,706.0,106.0,-4.349491112641021,0.1044565289774553
T113Y,532.0,281.0,-2.5348347489962206,0.07416157832013495
T113_,470.0,9.0,-7.319023392028799,0.33641802747616717
T184A,1255.0,3145.0,-0.2886371115353521,0.03429947484592636
T184C,873.0,1813.0,-0.5596860582173564,0.04193703316949719
T184D,740.0,2349.0,0.052433327286958153,0.04288039072933514
T184E,507.0,2326.0,0.5837683354959191,0.04963821121854809
T184F,696.0,1164.0,-0.8720793431244971,0.048554543316100915
T184G,823.0,1773.0,-0.50678404831039,0.042903941989370586
T184H,433.0,1258.0,-0.07533171412636364,0.05626726659145133
T184I,856.0,1988.0,-0.39837739784537973,0.041628233112414086
T184K,1046.0,3316.0,0.05054885733138459,0.03632168239131779
T184L,1665.0,1809.0,-1.4943333152615126,0.03485784125752568
T184M,254.0,700.0,-0.15151261924718096,0.07366876856872177
T184N,928.0,2145.0,-0.40523073929433284,0.04006814757145008
T184P,751.0,1769.0,-0.3779646758020503,0.04425507523292507
T184Q,653.0,1787.0,-0.16163213860795,0.04639663390151774
T184R,493.0,1245.0,-0.2775343410413287,0.0537889057767818
T184S,810.0,1830.0,-0.4381629481725984,0.0429264641353198
T184V,621.0,1363.0,-0.4798951145580821,0.049047262127399946
T184W,1223.0,1795.0,-1.0604471750445885,0.03790037367712472
T184Y,746.0,1489.0,-0.616916287821911,0.045538284211158186
T184_,400.0,112.0,-3.450411384525273,0.1071885971983602
T185A,871.0,2710.0,0.023534131472650266,0.039733843694420234
T185C,646.0,1371.0,-0.5283921647710272,0.048363586489130396
T185D,737.0,2001.0,-0.17303057863226723,0.043798000893496315
T185E,529.0,1400.0,-0.20993262340412144,0.051636107604517006
T185F,848.0,1385.0,-0.9062596460964585,0.04430498150826221
T185G,637.0,1804.0,-0.11218344610820985,0.04675294945549213
T185H,269.0,681.0,-0.2739866767299377,0.07243911035290918
T185I,985.0,1854.0,-0.7015641069783483,0.040202899125416976
T185K,389.0,892.0,-0.4167502144347406,0.06126479602146186
T185L,660.0,1196.0,-0.7563331924707386,0.04912153836155271
T185M,903.0,2029.0,-0.4460407501577457,0.040766925365864494
T185N,466.0,1145.0,-0.3170754767471715,0.055505991367699146
T185P,1032.0,2539.0,-0.31519372937350987,0.03774282339940536
T185Q,1270.0,2924.0,-0.410894467686699,0.03451195490215634
T185R,1243.0,2341.0,-0.7007096619242077,0.03596315296568445
T185S,1247.0,9752.0,1.3532237147032276,0.03108286848359766
T185V,2407.0,5232.0,-0.4938796934595131,0.025850877977421395
T185W,922.0,1205.0,-1.227812040345511,0.04445378643924126
T185Y,442.0,511.0,-1.4047303419304518,0.06542923415605062
T185_,382.0,9.0,-7.01994234457849,0.33714567685937735
T197A,1163.0,1899.0,-0.9066188552945613,0.03805406111279813
T197C,710.0,1623.0,-0.4212422165031029,0.04567552493360714
T197D,745.0,4398.0,0.947516332751015,0.04038963960216875
T197E,1008.0,2324.0,-0.4088965308685566,0.038523083464901485
T197F,698.0,814.0,-1.3922040435512981,0.05218058958958066
T197G,850.0,1899.0,-0.4543070727382714,0.04200869529228268
T197H,497.0,1300.0,-0.2268269200021873,0.053319230725022725
T197I,814.0,1520.0,-0.7130404641592039,0.044136833904053256
T197K,633.0,1215.0,-0.673334864351621,0.04964348829182959
T197L,1287.0,1796.0,-1.133230736576869,0.03735596437726332
T197M,596.0,1328.0,-0.4581452877682155,0.04992508525249508
T197N,584.0,2079.0,0.2178288636710537,0.04748664208225892
T197P,742.0,1664.0,-0.44884928785181444,0.044836728480015964
T197Q,652.0,1793.0,-0.154585318366526,0.04640176444354508
T197R,1533.0,8192.0,0.8038475123566404,0.02891479190814807
T197S,420.0,917.0,-0.48748906704950024,0.05943971655157754
T197V,691.0,1444.0,-0.5507006169769948,0.046918616792124786
T197W,832.0,1422.0,-0.8407440191930142,0.044348868395056695
T197Y,1484.0,15753.0,1.7940519424287782,0.02826682508467939
T197_,790.0,26.0,-6.538735466933151,0.19943480532089536
T206A,903.0,1941.0,-0.5100091748360702,0.04104006222500569
T206C,607.0,1182.0,-0.6525528042105435,0.05054818899551437
T206D,683.0,221.0,-3.241797909006526,0.07778478713683842
T206E,750.0,455.0,-2.3350144350579294,0.059939578020166875
T206F,362.0,875.0,-0.34073290160811354,0.06298319041453652
T206G,957.0,1263.0,-1.2137426992746274,0.043570220232579226
T206H,710.0,846.0,-1.3611674839353691,0.051498869445499786
T206I,615.0,2431.0,0.36887119790911527,0.045815118068700846
T206K,488.0,757.0,-0.980601208954428,0.0585816388639065
T206L,919.0,723.0,-1.9600678148236934,0.05032810087572289
T206M,706.0,1269.0,-0.7680599415388416,0.04760367579538393
T206N,552.0,342.0,-2.3046587501764453,0.06926136051924427
T206P,661.0,1280.0,-0.6605917775803993,0.0485362120015004
T206Q,783.0,1064.0,-1.1715937839860064,0.047735178332449356
T206R,962.0,250.0,-3.558068945402437,0.07142138196866046
T206S,892.0,1556.0,-0.81128331295543,0.04272489460156382
T206V,750.0,1351.0,-0.7649462393729412,0.04620807385020312
T206W,1027.0,826.0,-1.9282219327479124,0.04739222522478249
T206Y,1032.0,2245.0,-0.49273793527589316,0.038420030387158834
T206_,756.0,7.0,-8.366849919316692,0.3795230819620551
T211A,1051.0,2828.0,-0.18599203069842574,0.036969647466037474
T211C,1093.0,2785.0,-0.26462694875556103,0.03654659235284685
T211D,359.0,5.0,-7.777072472524259,0.4499421292751518
T211E,723.0,20.0,-6.7892253851603535,0.22675934995061198
T211F,922.0,34.0,-6.374754343052993,0.17478382999397715
T211G,504.0,252.0,-2.613974232140291,0.07754913077101808
T211H,757.0,27.0,-6.422749669374268,0.1959744747899827
T211I,400.0,297.0,-2.0435274173162874,0.0769968250461689
T211K,502.0,10.0,-7.26220507973829,0.31930201323107066
T211L,612.0,173.0,-3.436702654134881,0.0864618789256878
T211M,483.0,194.0,-2.9299248981847965,0.085360456642221
T211N,1109.0,395.0,-3.1033141487382343,0.05911827268505419
T211P,1131.0,25.0,-7.112965673641497,0.2023112835206594
T211Q,532.0,445.0,-1.8716184641613758,0.06471852896746362
T211R,972.0,14.0,-7.730445151604901,0.26919893573249887
T211S,1121.0,2698.0,-0.3469063084386512,0.036392029522837
T211V,1016.0,5020.0,0.6907727800831598,0.03528638028243903
T211W,937.0,20.0,-7.163274228594815,0.22606176263357777
T211Y,654.0,59.0,-5.084284187851663,0.13615062416869628
T211_,2576.0,50.0,-7.3007806348851165,0.14298909613166805
T223A,747.0,1864.0,-0.29479271762280135,0.04400944825350327
T223C,945.0,1177.0,-1.2972777794534451,0.044378867447875246
T223D,1116.0,1616.0,-1.0799166850436848,0.03970567884332376
T223E,451.0,1200.0,-0.20218775498983987,0.05578759439352204
T223F,1344.0,195.0,-4.3989267170532065,0.07703030443764967
T223G,802.0,3346.0,0.44674677048358635,0.040092570762838495
T223H,517.0,1258.0,-0.3311235563637851,0.0528279127692725
T223I,897.0,942.0,-1.5433845498108836,0.04730811972063744
T223K,914.0,18.0,-7.279342719439799,0.23807660949930515
T223L,861.0,355.0,-2.8921731864128972,0.06356046192271367
T223M,1121.0,1254.0,-1.452253151151611,0.041847079600398907
T223N,383.0,1321.0,0.17218456653867964,0.05856259890265903
T223P,585.0,2063.0,0.2042147671555954,0.04749510159966954
T223Q,1118.0,2807.0,-0.2859017450879193,0.036226798116316565
T223R,1855.0,36.0,-7.300888410593394,0.16843642149169383
T223S,704.0,1931.0,-0.15831504734499102,0.04472115427159113
T223V,1743.0,2633.0,-1.0188707020539138,0.03186215943652758
T223W,442.0,666.0,-1.0225380263751553,0.061851069289589874
T223Y,1014.0,1295.0,-1.261111497851771,0.042662183950662694
T223_,764.0,20.0,-6.8688013054140855,0.2265956298061727
T229A,696.0,1236.0,-0.7854923801197025,0.048036438990869734
T229C,1545.0,357.0,-3.7275826416945717,0.059245004440831736
T229D,2182.0,125.0,-5.739545158650754,0.09230025273452372
T229E,1108.0,1126.0,-1.5907541183034803,0.04303828612134313
T229F,1011.0,2236.0,-0.46887348304978005,0.03870424593278969
T229G,743.0,705.0,-1.6897407628581629,0.053159947939286224
T229H,228.0,157.0,-2.152243507696272,0.10400229419209675
T229I,1737.0,851.0,-2.6433609260228494,0.04257299390396211
T229K,1441.0,97.0,-5.506805922124348,0.10518487020485787
T229L,515.0,833.0,-0.9202694869547505,0.056602643156998346
T229M,385.0,672.0,-0.8104160725888416,0.06439791759231853
T229N,905.0,247.0,-3.4873671403456976,0.072215391852809
T229P,1183.0,1355.0,-1.4181616263047694,0.040558437934673494
T229Q,733.0,1140.0,-0.9768611620338756,0.04799069408007566
T229R,764.0,26.0,-6.490456073376834,0.19954277286592556
T229S,1133.0,403.0,-3.1052759083933497,0.058528764823729235
T229V,543.0,372.0,-2.1596402200076206,0.06775964916746922
T229W,966.0,620.0,-2.2537494953182975,0.05205522783296504
T229Y,624.0,1512.0,-0.3371762291564302,0.04822440533599019
T229_,474.0,43.0,-5.076176315201507,0.15944199753451785
T245A,854.0,1988.0,-0.3950027105347864,0.04166108035509097
T245C,1258.0,3259.0,-0.24071246765317778,0.03410911096706857
T245D,1556.0,92.0,-5.693919710751968,0.10757665557558259
T245E,946.0,722.0,-2.003839471250333,0.050037757826983456
T245F,1253.0,937.0,-2.033264434856969,0.04389745162164665
T245G,927.0,2379.0,-0.2542983270805985,0.039506499368814715
T245H,1307.0,78.0,-5.68047015225133,0.11681463103921995
T245I,1215.0,1411.0,-1.3982428314782824,0.03991784381072864
T245K,1385.0,38.0,-6.801376413572389,0.16459819591153055
T245L,2827.0,11895.0,0.4590047368860608,0.022349117382127463
T245M,1074.0,3009.0,-0.12772138110254705,0.03640204402102471
T245N,734.0,57.0,-5.300515667786766,0.1377129083998805
T245P,1328.0,1919.0,-1.0829066370354266,0.03654848788190977
T245Q,864.0,755.0,-1.808555113486615,0.05043375201160533
T245R,2589.0,50.0,-7.308042978549122,0.1429822799757764
T245S,1679.0,6286.0,0.29053088820271133,0.02857194523007236
T245V,1376.0,5342.0,0.3428888657408815,0.03123488310895305
T245W,806.0,386.0,-2.6761623717459715,0.062393664894234944
T245Y,1509.0,106.0,-5.445332955838936,0.10078413588237267
T245_,1372.0,31.0,-7.081416516756562,0.18176414186470713
T270A,1087.0,2558.0,-0.3793461646154217,0.03704817385887605
T270C,1248.0,2139.0,-0.8366891231957156,0.036475542333088605
T270D,1069.0,2269.0,-0.5282152376473324,0.03791898402282067
T270E,6188.0,32140.0,0.7628200883636511,0.01594993011448601
T270F,870.0,1491.0,-0.836816811258327,0.043379510727438765
T270G,703.0,2282.0,0.0846851412445977,0.043844596119787645
T270H,777.0,1591.0,-0.5800650238287481,0.04446571541230396
T270I,1518.0,390.0,-3.5746011300381584,0.05731036180465844
T270K,1137.0,2263.0,-0.6210048392405767,0.037189684652371525
T270L,1049.0,479.0,-2.744903607436447,0.055701009056295214
T270M,937.0,2014.0,-0.5100683594049489,0.04031662058738594
T270N,1754.0,3975.0,-0.433701339306547,0.029721666058048175
T270P,724.0,2242.0,0.016708327785862842,0.04346157262318163
T270Q,664.0,1733.0,-0.2299997507305589,0.04631107527266681
T270R,1034.0,1981.0,-0.6760168314691306,0.03916101641765329
T270S,701.0,1727.0,-0.3132333493134949,0.045466825032466414
T270V,1450.0,2132.0,-1.0578515010733511,0.034933865089535186
T270W,988.0,1502.0,-1.009705987234942,0.041708435542750215
T270Y,1326.0,3446.0,-0.2361676235170176,0.03325682444022506
T270_,1398.0,27.0,-7.307740086501294,0.19442302004168505
T294A,868.0,2182.0,-0.2841287113395934,0.040890549810365696
T294C,683.0,1407.0,-0.5713488803434723,0.04729183831798766
T294D,1232.0,2930.0,-0.36411123384931976,0.03485198773072529
T294E,1315.0,3886.0,-0.05078701326718438,0.0328552493544975
T294F,2055.0,26202.0,2.058457311950458,0.024217023141502345
T294G,1375.0,3797.0,-0.14858116859915205,0.03243942233583696
T294H,1249.0,3410.0,-0.1650119138700985,0.03399370435999671
T294I,1045.0,2275.0,-0.4916467173102044,0.03818600150828329
T294K,2721.0,42202.0,2.341094693382375,0.02128120554044166
T294L,1064.0,2638.0,-0.3040645326531557,0.037156398813421504
T294M,757.0,2127.0,-0.1235603033944308,0.043044321454440294
T294N,310.0,533.0,-0.8321550093088943,0.07185766046097637
T294P,840.0,1410.0,-0.8667758695652497,0.04428724882511035
T294Q,1442.0,3121.0,-0.5000710457633128,0.0327958705805648
T294R,951.0,1915.0,-0.6041833468174369,0.04043992705821918
T294S,1049.0,2740.0,-0.22885012860397058,0.037147348392665744
T294V,1074.0,2359.0,-0.4788287480951059,0.037638812784423645
T294W,1569.0,2628.0,-0.8698866381068182,0.03285641772002631
T294Y,1498.0,3607.0,-0.3462466879335748,0.03172497095143079
T294_,923.0,25.0,-6.819772171843666,0.20280311102165074
T314A,737.0,1486.0,-0.6023151313039765,0.04573248556944766
T314C,1134.0,919.0,-1.917283753519535,0.04507368902509025
T314D,1964.0,168.0,-5.1611861212558665,0.0807643027827109
T314E,1900.0,59.0,-6.622906599295153,0.1324170565780915
T314F,1915.0,588.0,-3.3174421863805286,0.04779670905026974
T314G,1867.0,1443.0,-1.9856512133958621,0.03592067960283357
T314H,1258.0,952.0,-2.016097613599751,0.043669198951790174
T314I,1627.0,1245.0,-2.000068644224228,0.03846445546459429
T314K,742.0,16.0,-7.148396273267636,0.25272581228016333
T314L,1564.0,1186.0,-2.0131364189895793,0.03929667764792002
T314M,844.0,968.0,-1.4162409972670487,0.0477446418591559
T314N,994.0,2760.0,-0.14066163290187816,0.03781570025897029
T314P,1414.0,49.0,-6.464575222263506,0.14550907642752034
T314Q,2330.0,3436.0,-1.0536047676469869,0.027962501868610497
T314R,988.0,52.0,-5.8616675570558225,0.14248119449107371
T314S,1354.0,1676.0,-1.3062104931457186,0.037374934057638864
T314V,1619.0,1535.0,-1.6908666985989251,0.03648022102850747
T314W,675.0,84.0,-4.620278759263708,0.11595899247474145
T314Y,503.0,184.0,-3.0648057662547377,0.08651128750127515
T314_,1910.0,43.0,-7.086767106300583,0.1543879785227148
T334A,1919.0,4030.0,-0.543581667018727,0.028825751171106806
T334C,1803.0,3910.0,-0.4972379572893977,0.029530754776288096
T334D,1326.0,27.0,-7.23145706158041,0.19452287881405328
T334E,1336.0,153.0,-4.740235813834393,0.08570706801438863
T334F,2752.0,69678.0,3.048142947552608,0.020962014806643416
T334G,1462.0,1984.0,-1.173536738046875,0.03535114042159155
T334H,1384.0,86.0,-5.622209007699217,0.11140366576379965
T334I,2921.0,3709.0,-1.2694359958436179,0.025954664804313937
T334K,1505.0,33.0,-7.124728980370959,0.1761249026191729
T334L,1220.0,1067.0,-1.8073221321592143,0.04264442887162907
T334M,1232.0,1854.0,-1.024367796893193,0.03758638984842903
T334N,1526.0,44.0,-6.729792090469665,0.1530983209382241
T334P,1499.0,41.0,-6.805893309936451,0.1584710921027187
T334Q,892.0,91.0,-4.906965760325815,0.11032021920392739
T334R,1248.0,25.0,-7.2549834826560975,0.20210632248935104
T334S,1805.0,2900.0,-0.9299518110084879,0.030992313728505638
T334V,1744.0,882.0,-2.597544250725725,0.04205768375737854
T334W,2524.0,279.0,-4.791331746666479,0.06357656355896071
T334Y,1527.0,364.0,-3.6826623767271403,0.05885350793327571
T334_,829.0,27.0,-6.553826815681772,0.19568154313407457
T336A,1674.0,1750.0,-1.5499478362967398,0.03507815366681035
T336C,1546.0,917.0,-2.3675431355970242,0.04241474457429793
T336D,739.0,1091.0,-1.052004322598842,0.04828485380521093
T336E,1161.0,1111.0,-1.677511452431343,0.042697593530914166
T336F,716.0,127.0,-4.109040502350868,0.09660076550544777
T336G,1188.0,1229.0,-1.5650531817407005,0.04143778888747462
T336H,1474.0,14903.0,1.7237826716955058,0.02841136303747251
T336I,332.0,141.0,-2.8494320739845325,0.10082329422067407
T336K,794.0,27.0,-6.491594488447019,0.19581735938999897
T336L,1338.0,564.0,-2.860299107393974,0.05081417460205569
T336M,1400.0,1473.0,-1.5406727636838058,0.03814244605816325
T336N,1188.0,1950.0,-0.8990683137831867,0.0376330333786051
T336P,1341.0,46.0,-6.4792315850781135,0.150139254428066
T336Q,745.0,1514.0,-0.5909598174600603,0.04543616448447672
T336R,2590.0,83.0,-6.577531569447891,0.11177890594275129
T336S,1754.0,4948.0,-0.11781141309562226,0.028877451237828953
T336V,1573.0,655.0,-2.8779418610563687,0.047160382503200766
T336W,1427.0,253.0,-4.109731988529807,0.06866485598323532
T336Y,1759.0,1065.0,-2.3378995639477496,0.03961241575436291
T336_,1296.0,45.0,-6.461690331327023,0.15182413376755097
T36A,1655.0,2112.0,-1.2622261247641045,0.03375488297830969
T36C,753.0,1945.0,-0.24496621272168273,0.043632824206108894
T36D,375.0,730.0,-0.6530156963502582,0.06401658666380945
T36E,971.0,1375.0,-1.1121188037712795,0.04264746781757467
T36F,864.0,1998.0,-0.4045589676458494,0.04146776542174915
T36G,553.0,1180.0,-0.5205812442801792,0.0521288746446329
T36H,607.0,1531.0,-0.27931133918884843,0.048603152957905765
T36I,1474.0,2183.0,-1.0474304291226888,0.034614853984002616
T36K,729.0,1837.0,-0.28065388580805184,0.04447212282320992
T36L,530.0,1661.0,0.03396641759295438,0.05050231430981983
T36M,305.0,520.0,-0.8443200324444842,0.07254863564254016
T36N,744.0,3033.0,0.4133534810464514,0.04165881649903353
T36P,713.0,190.0,-3.5218498189932648,0.08201871333198266
T36Q,999.0,6516.0,1.091414937302675,0.03487323748927042
T36R,5.0,26.0,0.7621810345577931,0.48796437699348233
T36S,1101.0,2921.0,-0.20636313132633344,0.03622551400253055
T36V,1333.0,2934.0,-0.47581667133088246,0.033951376239511125
T36W,779.0,2669.0,0.16258810154210313,0.04147330332783821
T36Y,518.0,1192.0,-0.4116583713056192,0.05320777538436534
T36_,246.0,26.0,-4.855581512308875,0.20633300807920274
T60A,587.0,1220.0,-0.5585668687480201,0.05084188692417601
T60C,1206.0,2357.0,-0.6472868465533637,0.03626472694301578
T60D,1248.0,1707.0,-1.1621608404188164,0.03806282756563455
T60E,815.0,1233.0,-1.0167080219343765,0.045822328645183
T60F,655.0,1708.0,-0.23127527203711473,0.04662461234900029
T60G,1135.0,2152.0,-0.6910230827675106,0.037515529100142525
T60H,597.0,1478.0,-0.3061738277551722,0.0491251747024617
T60I,1068.0,3006.0,-0.12107820290175475,0.03647836719965371
T60K,2322.0,2513.0,-1.4999606294025414,0.029837461439442846
T60L,845.0,2544.0,-0.023938834328324,0.04047445769272953
T60M,544.0,1587.0,-0.069396713813477,0.0502991134895718
T60N,774.0,1224.0,-0.9528116223161112,0.04659016337354213
T60P,275.0,148.0,-2.5077922835555073,0.1022458567457593
T60Q,394.0,896.0,-0.4287202683321949,0.060956945330764685
T60R,1492.0,1458.0,-1.6472594466299126,0.03765350858374939
T60S,734.0,1203.0,-0.901225844541389,0.047490115883338006
T60V,331.0,355.0,-1.5130179951751241,0.07680860882043962
T60W,370.0,1246.0,0.13767662365216538,0.05972332038471217
T60Y,655.0,1559.0,-0.3629615116798792,0.04722086948537604
T60_,623.0,20.0,-6.574465104120897,0.22724833712935785
V108A,475.0,671.0,-1.1156264749045501,0.06047473154259474
V108C,613.0,666.0,-1.4943696256849828,0.05651953005242227
V108D,808.0,17.0,-7.18392095807928,0.2451290266068074
V108E,690.0,39.0,-5.758704223077955,0.16475858285683193
V108F,321.0,24.0,-5.354913787927303,0.21172190274047406
V108G,979.0,1282.0,-1.2249908420872408,0.04316420629273668
V108H,533.0,1033.0,-0.6593831412768703,0.053906083238026745
V108I,861.0,1689.0,-0.6419268850420803,0.04260484789904563
V108K,627.0,249.0,-2.9462876278342858,0.07531571836548757
V108L,611.0,654.0,-1.515886152958994,0.05680974031817128
V108M,1011.0,4065.0,0.3934587780202614,0.03601104437223777
V108N,535.0,2050.0,0.3239903284235002,0.04917936561259476
V108P,648.0,11.0,-7.493132558925544,0.30402531303840524
V108Q,496.0,2202.0,0.536377052420864,0.05031801358962214
V108R,668.0,10.0,-7.674358676672271,0.3185259283639471
V108S,437.0,739.0,-0.8560752626549313,0.06085328569828616
V108T,544.0,1342.0,-0.3113125108302546,0.05142991343463519
V108W,597.0,12.0,-7.249449897067574,0.2915486993486035
V108Y,592.0,8.0,-7.821678348827795,0.35580161507033453
V108_,766.0,23.0,-6.671033193681562,0.21172273151759552
V112A,693.0,4017.0,0.921171121227573,0.04187607383088516
V112C,681.0,577.0,-1.8530825171866496,0.05712410172364618
V112D,386.0,38.0,-4.958190148405895,0.17017977585708718
V112E,383.0,113.0,-3.3749344770072094,0.10733757913446397
V112F,559.0,23.0,-6.216544058851023,0.21286128304477497
V112G,914.0,1478.0,-0.920628680328039,0.042805944729246634
V112H,697.0,437.0,-2.2875159178081637,0.06151959333157722
V112I,388.0,246.0,-2.2713797304726935,0.08187681074071704
V112K,393.0,24.0,-5.646861569323346,0.21036981928429188
V112L,584.0,289.0,-2.628876516660058,0.07234687895883203
V112M,624.0,219.0,-3.1245752603967434,0.07893176505833042
V112N,351.0,536.0,-1.0032550721729265,0.06911036159796088
V112P,422.0,13.0,-6.633587174635329,0.2815941165285523
V112Q,1694.0,461.0,-3.4915752970035117,0.0531144913665718
V112R,717.0,17.0,-7.011541050132668,0.24544920437356763
V112S,776.0,1235.0,-0.9436272815223017,0.046476195975421145
V112T,960.0,1318.0,-1.1567628787341802,0.04315158123218888
V112W,627.0,18.0,-6.735621222167277,0.23912603988776657
V112Y,1076.0,29.0,-6.827000236207515,0.18831334277623415
V112_,647.0,12.0,-7.365482810302468,0.29132662329217823
V119A,626.0,1345.0,-0.5106435654239023,0.04901623230630803
V119C,603.0,609.0,-1.599718865897005,0.057983101119422106
V119D,428.0,657.0,-0.9957320310415732,0.06261089697498402
V119E,407.0,507.0,-1.2970528948271731,0.06701472477932918
V119F,715.0,916.0,-1.2566029273108272,0.05051689359693033
V119G,567.0,749.0,-1.2123920553186238,0.056217582188748325
V119H,320.0,211.0,-2.214808473333406,0.08902638821808789
V119I,263.0,793.0,-0.02178145129924758,0.07158797740443237
V119K,619.0,897.0,-1.0788415036962045,0.05283920062302784
V119L,370.0,657.0,-0.7856517889534134,0.0654702991377325
V119M,747.0,1171.0,-0.9654489213912107,0.047479652477326655
V119N,888.0,505.0,-2.428266823439456,0.056284596608034594
V119P,471.0,34.0,-5.405729635012458,0.17772984405117612
V119Q,452.0,627.0,-1.1418690941751493,0.06220044125302863
V119R,428.0,399.0,-1.715222456485722,0.07003056777914134
V119S,469.0,865.0,-0.7309047284826553,0.05787823651156293
V119T,402.0,945.0,-0.3809046492170509,0.06006141634432707
V119W,417.0,296.0,-2.108438921720218,0.07640662168918694
V119Y,269.0,352.0,-1.2260462458259767,0.08136243528550688
V119_,381.0,12.0,-6.601523663267055,0.29317270217704494
V153A,196.0,445.0,-0.43109235971460436,0.08608486857179137
V153C,505.0,1289.0,-0.26212326108795914,0.053081367184686444
V153D,416.0,569.0,-1.162167057078098,0.06498392332143209
V153E,513.0,803.0,-0.9675718505135187,0.05706380470348944
V153F,747.0,770.0,-1.5702532302767498,0.05195226808958431
V153G,602.0,1195.0,-0.6248395222051055,0.05059247590340518
V153H,513.0,1003.0,-0.6467257198938077,0.05484489343567814
V153I,785.0,2595.0,0.11095430462029565,0.041483824008172215
V153K,305.0,98.0,-3.2518585389570793,0.11637570664930577
V153L,687.0,1602.0,-0.3925227068154449,0.04627615237848603
V153M,1032.0,1869.0,-0.7571855183495266,0.03956904139301214
V153N,624.0,1166.0,-0.7120637488045842,0.050218000364492574
V153P,764.0,891.0,-1.3921527542505086,0.049928837488627795
V153Q,435.0,730.0,-0.8671351953703308,0.06107639101503189
V153R,669.0,102.0,-4.327320045889711,0.10658043921806788
V153S,833.0,1362.0,-0.9046712802719918,0.04468062603166102
V153T,605.0,989.0,-0.904976736256593,0.05220786268412417
V153W,204.0,469.0,-0.4130240434976127,0.08423511599227887
V153Y,564.0,1204.0,-0.5199481288344314,0.05162615283510049
V153_,781.0,25.0,-6.578766914215159,0.20328817795483925
V174A,833.0,3414.0,0.4210587081220414,0.039434249395579136
V174C,819.0,3271.0,0.3837803415911569,0.0398545586625575
V174D,769.0,1609.0,-0.5489038275900242,0.044537141198805
V174E,914.0,2203.0,-0.34480866711074665,0.0401209159770075
V174F,1121.0,3339.0,-0.039381589856409605,0.035400935481727985
V174G,866.0,1899.0,-0.48121094285683697,0.041749189330045657
V174H,249.0,636.0,-0.2611570876642171,0.07516574259593888
V174I,520.0,1621.0,0.02627886243410682,0.051006105948195005
V174K,524.0,1161.0,-0.466288706686913,0.053210554529608454
V174L,1016.0,2264.0,-0.4580371275008881,0.03856967727545141
V174M,938.0,2685.0,-0.09675060313887052,0.038732523399540926
V174N,1422.0,4253.0,-0.033450219504617795,0.031623426269207014
V174P,461.0,654.0,-1.1094882062965494,0.0613177177809146
V174Q,442.0,1083.0,-0.3211072065408169,0.05698621169879882
V174R,360.0,887.0,-0.3130894677338629,0.06298227677037495
V174S,631.0,1538.0,-0.3286727463579835,0.04792322330296225
V174T,859.0,2422.0,-0.11854486597460312,0.04048079266424449
V174W,788.0,1937.0,-0.3164572971688324,0.0429763026165234
V174Y,629.0,1442.0,-0.41707654518900217,0.0484247857300372
V174_,654.0,20.0,-6.644522478945609,0.22708087692230422
V175A,449.0,951.0,-0.5312899207903428,0.057795493822703506
V175C,751.0,1725.0,-0.41430215391832004,0.04441768272629169
V175D,684.0,1721.0,-0.28283669805052725,0.04587706007002227
V175E,577.0,1768.0,0.0014553514091115716,0.04858357170519419
V175F,894.0,1547.0,-0.822883207632783,0.042739297086320786
V175G,762.0,1749.0,-0.41534615398159946,0.04411070524955259
V175H,559.0,2028.0,0.2451159135662868,0.048411305928633755
V175I,669.0,1448.0,-0.5000309712062316,0.04740287433580571
V175K,900.0,3207.0,0.219213059753117,0.0385304977068809
V175L,658.0,1447.0,-0.47710937846883006,0.04767071986110763
V175M,562.0,1380.0,-0.31799184097325295,0.0506521841788939
V175N,844.0,3710.0,0.5220882218297529,0.038936418677690154
V175P,1121.0,1987.0,-0.7882028707519639,0.03817073479515346
V175Q,323.0,1092.0,0.14333247667875337,0.06382245275993234
V175R,1066.0,3335.0,0.031467259377349066,0.03605010737504426
V175S,779.0,3580.0,0.5862470080539701,0.0403074801934077
V175T,715.0,1357.0,-0.6896068283843633,0.046874082873479564
V175W,635.0,1369.0,-0.505721087745223,0.048650968809565154
V175Y,388.0,975.0,-0.2846796753265384,0.060535669087376426
V175_,693.0,10.0,-7.727365147225992,0.3184411469687836
V203A,490.0,960.0,-0.6437646140444757,0.05607240012766839
V203C,1205.0,2810.0,-0.392472710585384,0.03531887333137058
V203D,1022.0,2304.0,-0.44126519032243294,0.038394966637706994
V203E,442.0,912.0,-0.5690322222689055,0.05848551120375967
V203F,653.0,1004.0,-0.9934062075545897,0.050882803525790304
V203G,655.0,1340.0,-0.5813479266392916,0.04831812184321702
V203H,1046.0,1384.0,-1.210045133170433,0.04171612995848918
V203I,1278.0,34552.0,3.1427957529636865,0.02954812902902717
V203K,327.0,592.0,-0.7577160648560941,0.06934590598146417
V203L,1847.0,1359.0,-2.0566384615834896,0.03659137747530733
V203M,760.0,1766.0,-0.39759965031910927,0.044087457763597133
V203N,839.0,1616.0,-0.6683266416465363,0.04327092004007335
V203P,1175.0,3900.0,0.1168019320045115,0.034192831816427585
V203Q,940.0,1976.0,-0.542160617838471,0.04039272639164042
V203R,1121.0,2337.0,-0.5541380966054215,0.03717033022805132
V203S,762.0,2260.0,-0.045555535670064984,0.042620162084945734
V203T,734.0,1513.0,-0.5704529566324421,0.04566176721733786
V203W,992.0,1427.0,-1.0894339803737356,0.042077355589252664
V203Y,843.0,1206.0,-1.0973826363548094,0.045575098812195444
V203_,1168.0,22.0,-7.343752526741403,0.21529452919213474
V213A,711.0,1547.0,-0.49246208955751225,0.04598414698769598
V213C,1405.0,17217.0,2.00117945818232,0.02883581735973919
V213D,1015.0,571.0,-2.443908880682355,0.052897810398361805
V213E,523.0,239.0,-2.7437704066372532,0.07847049287025944
V213F,933.0,1683.0,-0.7629235564607093,0.04156509316450947
V213G,1214.0,141.0,-4.719913778643039,0.08931458800330142
V213H,667.0,155.0,-3.7193499574519526,0.08951038016087472
V213I,1300.0,2537.0,-0.6493963710463388,0.03500104567824575
V213K,1345.0,61.0,-6.076430214388379,0.1311332454862284
V213L,799.0,9630.0,1.977248975592425,0.0376440487413222
V213M,946.0,939.0,-1.6247177681884972,0.046730142576391485
V213N,558.0,1132.0,-0.5934790351059167,0.052317784390096704
V213P,1228.0,42.0,-6.483448569131495,0.15709826670868657
V213Q,913.0,244.0,-3.5176932445885827,0.07249244453310781
V213R,2005.0,45.0,-7.091222913389992,0.15092289170090845
V213S,651.0,959.0,-1.0551367017159592,0.05138579833910108
V213T,543.0,1018.0,-0.707301794856078,0.05371758459533869
V213W,757.0,725.0,-1.676314320101504,0.05255436608667
V213Y,858.0,36.0,-6.18852781380351,0.17028574518966944
V213_,753.0,19.0,-6.921841443157565,0.23236518642462997
V22A,621.0,4134.0,1.1208506172219548,0.04374767962755378
V22C,698.0,1582.0,-0.4335637473533307,0.04611328495500506
V22D,732.0,624.0,-1.844297064498229,0.05504837453342846
V22E,695.0,5308.0,1.319062591477612,0.04109630519836399
V22F,768.0,445.0,-2.4012901962777544,0.060090685259569496
V22G,1161.0,11061.0,1.6380279668064328,0.03183410502973998
V22H,906.0,697.0,-1.992350475577127,0.05099140892707629
V22I,333.0,592.0,-0.7839468115143662,0.06894749483074043
V22K,1157.0,26.0,-7.089193980349666,0.1984256323572661
V22L,803.0,1550.0,-0.6652151920682527,0.04418320036078036
V22M,1001.0,2997.0,-0.03193534518905494,0.03734086860258813
V22N,568.0,1553.0,-0.16292397094445565,0.04966011280593797
V22P,818.0,112.0,-4.482493797517996,0.10105412812245752
V22Q,815.0,4424.0,0.8264621243162869,0.03891916808030949
V22R,3461.0,102.0,-6.698413475054649,0.10076495946171118
V22S,747.0,3024.0,0.40326059299353556,0.04160577440848046
V22T,1149.0,1770.0,-0.9906366991073003,0.03869065217895408
V22W,373.0,1615.0,0.5002540285718649,0.05798075584192907
V22Y,961.0,4052.0,0.46201152992745165,0.03672936916118037
V22_,254.0,5.0,-7.2779337374409705,0.45121982984452913
V233A,1612.0,48438.0,3.2952041405150463,0.026507962051037826
V233C,1278.0,3249.0,-0.26790179703581085,0.03394018439636742
V233D,1154.0,934.0,-1.919148680430749,0.04470883053573661
V233E,1189.0,1916.0,-0.9256586141286087,0.037744368132222046
V233F,1458.0,3041.0,-0.5534529103409156,0.03280835305666334
V233G,667.0,1621.0,-0.33289016130205784,0.04666702047583097
V233H,1169.0,1561.0,-1.196810347874803,0.03946795059343594
V233I,725.0,1512.0,-0.553607974373608,0.04585134860907541
V233K,855.0,1216.0,-1.1058609618275543,0.04531690836924412
V233L,1127.0,1689.0,-1.0303253030162383,0.03925620894990059
V233M,1227.0,2286.0,-0.7163181485081731,0.03625074137965475
V233N,531.0,814.0,-0.9976953684527672,0.05633270279866878
V233P,1128.0,267.0,-3.6928170341839,0.06850823752399603
V233Q,804.0,1885.0,-0.3847160295351797,0.04284799121522525
V233R,1314.0,1939.0,-1.0526588673896127,0.03658469455502948
V233S,1646.0,16836.0,1.740502409812179,0.026992772760113713
V233T,1092.0,2609.0,-0.35748645004968527,0.036887846765387484
V233W,895.0,1482.0,-0.8864233806918786,0.04305518311934234
V233Y,2333.0,7035.0,-0.021642873161435983,0.02514876925872941
V233_,1062.0,90.0,-5.174571104755456,0.11005985172436668
V25A,762.0,611.0,-1.9326167949092312,0.0548692693852159
V25C,434.0,572.0,-1.21569077157353,0.06414046400342183
V25D,1081.0,1827.0,-0.8568981946625263,0.03916741967186227
V25E,976.0,1539.0,-0.9569680848540987,0.04166571235076595
V25F,613.0,220.0,-3.092344365599689,0.07898244275691624
V25G,471.0,251.0,-2.522015705249675,0.07854098140325341
V25H,1787.0,5629.0,0.04133064734580838,0.028265325980915506
V25I,293.0,756.0,-0.24654744114800486,0.0692623288076211
V25K,835.0,18.0,-7.148926245101316,0.23829389942930407
V25L,1198.0,67.0,-5.774122589449884,0.12577578039657647
V25M,765.0,106.0,-4.465281100956071,0.10393232590898398
V25N,964.0,743.0,-1.98966934048988,0.04944587046094282
V25P,975.0,475.0,-2.651461986197517,0.05650250353547391
V25Q,758.0,82.0,-4.822347994841019,0.11650992358568923
V25R,530.0,32.0,-5.66342785427405,0.18217759972448042
V25S,1040.0,1069.0,-1.574324907818018,0.04425672516553084
V25T,617.0,1546.0,-0.28881898187884847,0.04826208847189883
V25W,588.0,289.0,-2.6387241345670125,0.07226633239360816
V25Y,831.0,334.0,-2.928977397517289,0.06526071447041881
V25_,853.0,24.0,-6.764858202142676,0.20708287120699975
V280A,798.0,1365.0,-0.8395700662213468,0.04524816080664555
V280C,1227.0,2146.0,-0.8074930642530456,0.03664224198961643
V280D,1368.0,645.0,-2.6986881995515217,0.04840491639018214
V280E,1011.0,1699.0,-0.8651057794074433,0.04048915306849429
V280F,1475.0,3971.0,-0.1852215976794227,0.03148761930822795
V280G,1065.0,1862.0,-0.8080090120402472,0.03921346612214886
V280H,894.0,1278.0,-1.098466605215057,0.044302435301573045
V280I,651.0,1699.0,-0.2300601218039544,0.04675827553361108
V280K,1032.0,526.0,-2.5862976744546637,0.0541458305168208
V280L,1491.0,3653.0,-0.32120708676433285,0.031719343160943714
V280M,1025.0,2188.0,-0.5200215091400162,0.038656436752037296
V280N,903.0,1035.0,-1.417172018869783,0.04620893041620004
V280P,1149.0,78.0,-5.4945913269646045,0.11726409246761858
V280Q,748.0,876.0,-1.3861130746869161,0.05039944012640303
V280R,1253.0,26.0,-7.204190575224542,0.19825870230350945
V280S,627.0,815.0,-1.2356735475093448,0.05369854064312443
V280T,1317.0,2617.0,-0.6233497189897061,0.034685655636098725
V280W,1491.0,6357.0,0.47805556808640626,0.029827445977616555
V280Y,42.0,84.0,-0.6141745749357614,0.18912663648077896
V280_,1320.0,33.0,-6.935504766454482,0.17638906975408805
V282A,740.0,402.0,-2.4943162337845974,0.0624541188630119
V282C,768.0,724.0,-1.6991183282078524,0.052392235432202595
V282D,1291.0,179.0,-4.464390943972252,0.08014081978994028
V282E,1052.0,307.0,-3.3907937213196613,0.06534116436166597
V282F,1575.0,1482.0,-1.7018086623467243,0.03703187066913309
V282G,1002.0,107.0,-4.84108223605421,0.10200293441532572
V282H,685.0,229.0,-3.194717308620734,0.07673420234815256
V282I,1480.0,2057.0,-1.1390609725170027,0.03497852455535223
V282K,1475.0,365.0,-3.6287196971592595,0.05898555785729797
V282L,996.0,1451.0,-1.0711775262789498,0.04189110492803107
V282M,962.0,2666.0,-0.1434444601739422,0.03842220923383771
V282N,1153.0,265.0,-3.7352891765746907,0.06857420243861154
V282P,1324.0,1388.0,-1.5458989128469742,0.039209957548338885
V282Q,1116.0,1098.0,-1.6374616170917156,0.04322581865439835
V282R,924.0,30.0,-6.55839609728069,0.18565060963088664
V282S,1391.0,437.0,-3.284397449594981,0.055397317721866686
V282T,287.0,452.0,-0.9587491700158441,0.07588295693826273
V282W,1221.0,1082.0,-1.7883640394524374,0.04248392106971297
V282Y,1689.0,438.0,-3.56114501320929,0.0541922435988991
V282_,1529.0,26.0,-7.49139048889805,0.19789505494270662
V284A,1363.0,2883.0,-0.5332231620281753,0.033796650723879704
V284C,970.0,2020.0,-0.5557119466564302,0.03984529863341357
V284D,872.0,1590.0,-0.7473836018430511,0.042864743831570004
V284E,921.0,1974.0,-0.5141622837141542,0.04066978177612562
V284F,1070.0,2019.0,-0.6979790796408611,0.03862054523257589
V284G,521.0,1227.0,-0.3782388175656717,0.05287742241873251
V284H,1485.0,2226.0,-1.0300154285263292,0.034413863207147996
V284I,619.0,1459.0,-0.3770477059529105,0.04860619930424508
V284K,1399.0,1385.0,-1.6285127381787783,0.0387103498203977
V284L,1553.0,5681.0,0.25707746687121436,0.029692077339024955
V284M,982.0,2668.0,-0.17204840324825632,0.0381420282606349
V284N,1216.0,2647.0,-0.4917943040657349,0.03552224607118593
V284P,1309.0,106.0,-5.2402067079962436,0.10128520137697052
V284Q,937.0,1668.0,-0.7820112680562499,0.04157432886667715
V284R,695.0,422.0,-2.3337594064651412,0.06221031968028657
V284S,1129.0,2795.0,-0.30620767600664855,0.03612749344010268
V284T,632.0,2046.0,0.08079104938382908,0.04618109106245005
V284W,1054.0,2332.0,-0.4683174358698805,0.03793752484769096
V284Y,958.0,1425.0,-1.0411434332150957,0.04251192142816986
V284_,823.0,19.0,-7.050082379340172,0.23212201169851213
V287A,1248.0,2794.0,-0.4512951661150879,0.03494091753900482
V287C,920.0,2468.0,-0.1903760637755081,0.03941843493888451
V287D,1174.0,2285.0,-0.6532470742663827,0.03675731096218358
V287E,1618.0,4600.0,-0.10658638300352807,0.029951920563733823
V287F,997.0,2263.0,-0.43143977648050935,0.03881458322468922
V287G,1199.0,2412.0,-0.6056106588293737,0.036198024009840936
V287H,860.0,1973.0,-0.4160299283108566,0.041608899794122085
V287I,2180.0,4068.0,-0.7140143834051336,0.027680633881237322
V287K,1035.0,1898.0,-0.7391599694577895,0.039430006540214474
V287L,1157.0,2618.0,-0.43593358190697185,0.036165589142928785
V287M,673.0,1292.0,-0.6730854663962882,0.04818229345110727
V287N,525.0,954.0,-0.752343369871527,0.05490552092506757
V287P,1632.0,913.0,-2.451950186581713,0.042067839983314655
V287Q,934.0,1835.0,-0.6397248324232097,0.040954756362079556
V287R,947.0,1878.0,-0.626249676234532,0.040621633993235394
V287S,747.0,1390.0,-0.7181070553620348,0.046040992731865384
V287T,800.0,1966.0,-0.3168221349930693,0.042665118643896716
V287W,695.0,1744.0,-0.2867001847663895,0.04554012503103765
V287Y,890.0,2510.0,-0.11820319539363133,0.03979536694450059
V287_,996.0,20.0,-7.25137001094431,0.22592189367025295
V28A,325.0,350.0,-1.5070908229377356,0.07743108674186507
V28C,883.0,2608.0,-0.051555136281514535,0.039719109762169434
V28D,489.0,1141.0,-0.3916272934450431,0.05461728688043895
V28E,611.0,986.0,-0.9235965697463664,0.052081728888035805
V28F,1661.0,4152.0,-0.2922536967751168,0.030076138401210897
V28G,552.0,2025.0,0.2611598685505605,0.048652540206396734
V28H,1233.0,1530.0,-1.3026462743065377,0.03906785752763657
V28I,315.0,759.0,-0.34528159056281904,0.0674810466493056
V28K,586.0,1470.0,-0.287174075829153,0.0494813759341304
V28L,1.0,16.0,2.37254325357447,1.025973515916336
V28M,717.0,5433.0,1.3076837010774076,0.04050215158236891
V28N,543.0,1902.0,0.19447130326890072,0.04928518909575104
V28P,595.0,2619.0,0.5240328917551897,0.04608851539058634
V28Q,1200.0,3124.0,-0.23365021285794096,0.034858447455346546
V28R,668.0,2008.0,-0.026178007064399544,0.04535055267617947
V28S,579.0,1974.0,0.1554662719465485,0.047909837158951724
V28T,860.0,3956.0,0.5876178764018354,0.03843488892147601
V28W,522.0,1847.0,0.20903947164820025,0.050187361563190196
V28Y,848.0,984.0,-1.399411156766388,0.04750962822178451
V28_,1210.0,29.0,-6.996327720978918,0.18803987642492853
V297A,982.0,3298.0,0.13378329605976447,0.03719161573149706
V297C,521.0,1320.0,-0.2728369653741556,0.05233165903319993
V297D,966.0,1049.0,-1.495084454117106,0.04527857431605923
V297E,616.0,1076.0,-0.8093370466280376,0.05113113752678326
V297F,1145.0,5681.0,0.6967843880724516,0.03333261792280247
V297G,1241.0,2817.0,-0.4313529117817376,0.034963769202606014
V297H,1622.0,2682.0,-0.8884709538532847,0.03242001325771921
V297I,1160.0,2664.0,-0.4145406005945089,0.03604329427494852
V297K,996.0,1461.0,-1.0612689355962388,0.041834764941651406
V297L,1105.0,2251.0,-0.5874898159040498,0.03756191922028283
V297M,624.0,1295.0,-0.5606806719466695,0.049360072853364335
V297N,1138.0,1693.0,-1.0409255965011432,0.03912894616207255
V297P,1833.0,3004.0,-0.9013278972988088,0.030661420306908063
V297Q,1316.0,2271.0,-0.8268392492327319,0.035523075917897357
V297R,1511.0,1762.0,-1.3922939525481297,0.03593085330950125
V297S,1136.0,2082.0,-0.7400013927652971,0.03771289690500925
V297T,1034.0,2145.0,-0.5612686207784785,0.03866510687970692
V297W,1803.0,2023.0,-1.4479068032324993,0.03332603465459229
V297Y,1179.0,2530.0,-0.5124357237946757,0.03612628050838249
V297_,771.0,15.0,-7.29675654613565,0.260731539006976
V301A,665.0,91.0,-4.483281911672654,0.11204117049509094
V301C,1180.0,268.0,-3.752443205258567,0.06812002691433357
V301D,1885.0,140.0,-5.364973254969735,0.08794618639594565
V301E,851.0,180.0,-3.85510188688668,0.08241362033123731
V301F,739.0,1376.0,-0.7171776930980895,0.04627725282103362
V301G,1187.0,305.0,-3.5744064967575175,0.06467393198095213
V301H,1631.0,13959.0,1.4833562376633216,0.02732103412686231
V301I,789.0,1753.0,-0.4622841205964354,0.04358373576519704
V301K,1083.0,210.0,-3.9805194892263485,0.07580708466590702
V301L,904.0,86.0,-5.007765277345894,0.11311242667097365
V301M,1283.0,119.0,-5.04438056284438,0.09614445357291125
V301N,1029.0,72.0,-5.450918781535851,0.12214930028657456
V301P,715.0,301.0,-2.862154859236319,0.06915500101773037
V301Q,839.0,41.0,-5.968643213386539,0.16011827185624272
V301R,1490.0,40.0,-6.8328204304532,0.1603950484253168
V301S,1685.0,297.0,-4.118176598648563,0.06341956995793895
V301T,948.0,1183.0,-1.294514769797507,0.044292506677698774
V301W,900.0,1396.0,-0.9807065165985378,0.043463888165154604
V301Y,734.0,1191.0,-0.9156889530233538,0.04757821280669667
V301_,1460.0,35.0,-6.996070234742634,0.17120127924554718
V302A,1292.0,702.0,-2.4940566058413935,0.047541061327061825
V302C,1803.0,3584.0,-0.6228355918077555,0.029922044293316026
V302D,1115.0,350.0,-3.2855914588068167,0.061770524781398176
V302E,919.0,56.0,-5.650327082752439,0.13785414630821025
V302F,1803.0,20.0,-8.107545277105515,0.22492515232807758
V302G,952.0,40.0,-6.18654705020714,0.16157303072725848
V302H,1517.0,64.0,-6.180792333099574,0.12784144074934894
V302I,844.0,973.0,-1.4088083163469696,0.04768901669783346
V302K,892.0,24.0,-6.829355431275165,0.20695907811320785
V302L,1140.0,1901.0,-0.8762832146401438,0.03827407751335458
V302M,1336.0,104.0,-5.297139515089941,0.10210113173453847
V302N,1259.0,145.0,-4.732068300124725,0.088045639082042
V302P,1067.0,63.0,-5.695851933451602,0.12988217217061399
V302Q,1207.0,152.0,-4.603202345160916,0.0864215926925198
V302R,1042.0,33.0,-6.594325030396103,0.1769610623797222
V302S,2715.0,413.0,-4.330711749585958,0.05339714609139034
V302T,1232.0,1800.0,-1.0670119008571648,0.03780102848389032
V302W,1343.0,28.0,-7.197387109608565,0.1910701829741766
V302Y,1029.0,15.0,-7.713192071529839,0.260107176464217
V302_,1108.0,27.0,-6.972336308159545,0.1949038921797521
V353A,1711.0,3229.0,-0.6977591389985061,0.030916437803573615
V353C,764.0,1949.0,-0.2629247900740781,0.043401013278498844
V353D,455.0,833.0,-0.7415672939811468,0.05882094217339606
V353E,746.0,1261.0,-0.8566900142277927,0.04685256972413358
V353F,1154.0,2325.0,-0.6034216604620637,0.03685556750834423
V353G,1795.0,2994.0,-0.8759156975052136,0.030867195253381073
V353H,1350.0,4178.0,0.015842995420171313,0.03227641884811164
V353I,1293.0,2535.0,-0.6427448507071913,0.0350649190353507
V353K,1121.0,4550.0,0.4070677120753481,0.03425661981494667
V353L,1162.0,2758.0,-0.36699765271008733,0.03584468747332351
V353M,1909.0,9705.0,0.7319021832404422,0.026240328700735015
V353N,1423.0,2373.0,-0.8762304762796589,0.03443581039293702
V353P,1519.0,1510.0,-1.6225761198714186,0.03717868132614253
V353R,1371.0,2791.0,-0.588454656716547,0.03390230196648959
V353S,1255.0,2525.0,-0.60541261440141,0.035419316726416905
V353T,966.0,2170.0,-0.44641119399896745,0.03946766907917351
V353W,1554.0,2301.0,-1.0477313902481291,0.0337605069681308
V353Y,1327.0,6776.0,0.7382539050822063,0.031029612646967724
V353_,1648.0,47.0,-6.745616362145119,0.14812341397910422
V365A,1508.0,3791.0,-0.2840665896254415,0.03144186834947533
V365C,676.0,1747.0,-0.2442314829353638,0.045971275695013164
V365D,1689.0,1203.0,-2.1035320910736908,0.0385356283651529
V365E,1626.0,1342.0,-1.890943564405208,0.03770725208768673
V365F,1369.0,4571.0,0.1253771340695402,0.03179478647975187
V365G,1127.0,1888.0,-0.8696367667688225,0.03845315782418754
V365H,803.0,1065.0,-1.2066257384278574,0.047391522298218317
V365I,906.0,1064.0,-1.3820900253332802,0.0458831660820081
V365K,1046.0,18.0,-7.4739575087350625,0.23778647115015614
V365L,892.0,1864.0,-0.5507250453170753,0.04146353863004577
V365M,1550.0,4180.0,-0.1827739856438484,0.03075832517179287
V365N,986.0,1792.0,-0.7520983515005346,0.04042158655054099
V365P,965.0,2105.0,-0.48879156688001935,0.03966105620332664
V365Q,1314.0,2940.0,-0.45215804904348555,0.0341005524198106
V365R,1578.0,47.0,-6.682997713309595,0.1482142465482993
V365S,948.0,2252.0,-0.3657638049606131,0.03950408228727576
V365T,1281.0,3195.0,-0.29546414743932203,0.03398978756405078
V365W,1288.0,5610.0,0.5088566918331976,0.03187989729055668
V365Y,1811.0,4244.0,-0.38536931312128786,0.029145974684499365
V365_,1151.0,37.0,-6.572844278017176,0.1671831634560326
V370A,910.0,1938.0,-0.5233811453378676,0.04094588861718857
V370C,1221.0,2838.0,-0.39719819926957456,0.035114630131280834
V370D,2015.0,134.0,-5.524377289114745,0.08955494797310548
V370E,1821.0,961.0,-2.536118352556828,0.04063743672947345
V370F,1360.0,3230.0,-0.3660814842179767,0.03326512945643289
V370G,1424.0,3303.0,-0.400180796294904,0.03266006699323936
V370H,1418.0,1191.0,-1.8656850364259099,0.04008142611253683
V370I,1151.0,2620.0,-0.42733090565874576,0.03622379986807514
V370K,798.0,241.0,-3.341316673331491,0.0739189158331143
V370L,1345.0,10055.0,1.2882228560443378,0.030076990664995668
V370M,753.0,1939.0,-0.24942354153614854,0.04365105121234803
V370N,1319.0,2153.0,-0.9071033381830382,0.03583704723337192
V370P,644.0,701.0,-1.4916509218353573,0.05514496944853337
V370Q,1808.0,2202.0,-1.3295844927929927,0.03269416449878354
V370R,1285.0,36.0,-6.771241033010751,0.169144764901962
V370S,1865.0,3569.0,-0.6776622786038642,0.029632135611454977
V370T,1459.0,3415.0,-0.3871028245655377,0.03224755393784056
V370W,982.0,2437.0,-0.3027003061509781,0.03860494825625414
V370Y,667.0,1175.0,-0.7971101171674633,0.049111791316439224
V370_,1293.0,27.0,-7.195098838957126,0.1945723451060721
V371A,1318.0,3062.0,-0.39788517814710556,0.03386718193556004
V371C,775.0,1615.0,-0.5547465890015157,0.04439798087637526
V371D,965.0,138.0,-4.419773942366187,0.09134437039805617
V371E,704.0,1354.0,-0.6704322889139931,0.047123931430013276
V371F,1740.0,4010.0,-0.4094926191720245,0.029761868882742903
V371G,793.0,1699.0,-0.5147194760593239,0.043718185715490215
V371H,1035.0,1814.0,-0.8044651539703711,0.039738176594398426
V371I,924.0,1850.0,-0.6124501573700831,0.04104218013633862
V371K,1475.0,1219.0,-1.8890176306349966,0.03949661861960201
V371L,1057.0,3261.0,0.011326983361694687,0.03625468059896513
V371M,934.0,2138.0,-0.41924415665393333,0.04000075712092798
V371N,1001.0,1837.0,-0.7380997628632917,0.04006291840963002
V371P,1820.0,3621.0,-0.6215570724346282,0.029787533206083242
V371Q,1052.0,1903.0,-0.7588681318326591,0.03921387741161475
V371R,1346.0,1480.0,-1.4770850607257664,0.03847455267039243
V371S,1638.0,3454.0,-0.537674761061274,0.031011272223579852
V371T,1154.0,2222.0,-0.6687932723199923,0.03712506105721299
V371W,888.0,1275.0,-1.092142122057325,0.04440838412564638
V371Y,1387.0,2117.0,-1.0039529612261213,0.03542630692740614
V371_,1647.0,111.0,-5.50509062240044,0.09837195675972887
V373A,828.0,1200.0,-1.0786765245327903,0.04585547768305942
V373C,1897.0,3550.0,-0.7099070515179555,0.029504546413486023
V373D,1906.0,58.0,-6.652113115097864,0.13350935155304358
V373E,1085.0,21.0,-7.304491223290724,0.2204080686557131
V373F,1528.0,223.0,-4.3904765326016415,0.07211264377712272
V373G,1211.0,978.0,-1.9222925127291264,0.043702688788451516
V373H,1452.0,46.0,-6.593962978739267,0.14994929015162287
V373I,1866.0,9751.0,0.7715920856878618,0.026460155888929
V373K,815.0,23.0,-6.76048772853011,0.21153729662937468
V373L,913.0,2208.0,-0.33995871707751935,0.04012303972692065
V373M,1033.0,1626.0,-0.9595209463465748,0.0405552804147672
V373N,1439.0,221.0,-4.316895920340153,0.07267247007267068
V373P,1193.0,106.0,-5.106336725386337,0.10165122652865538
V373Q,730.0,43.0,-5.69917504659785,0.15710485254362344
V373R,1659.0,32.0,-7.3096589515214285,0.17861884029707556
V373S,1284.0,1768.0,-1.1525328598030482,0.03749801803284968
V373T,2011.0,3682.0,-0.7414295669135429,0.028819037461471787
V373W,1478.0,180.0,-4.651509927605433,0.07933168283485136
V373Y,2107.0,240.0,-4.748033595494009,0.06857683880307279
V373_,913.0,28.0,-6.640619629486042,0.19198566869268455
V44A,798.0,1331.0,-0.8759601761317377,0.04545448104408435
V44C,904.0,1363.0,-1.021617346063307,0.04360660899715757
V44D,319.0,25.0,-5.2870275423896365,0.2077989122474315
V44E,554.0,638.0,-1.410335837068291,0.05860101265396995
V44F,587.0,2160.0,0.26557814966008575,0.04720373791404605
V44G,797.0,1163.0,-1.0688090852714485,0.046649874578044946
V44H,305.0,99.0,-3.2372132498495985,0.11593211156562518
V44I,742.0,1179.0,-0.9459374364821391,0.047513614055123776
V44K,909.0,23.0,-6.917966133080007,0.2112371817741895
V44L,167.0,481.0,-0.08787045788410008,0.09015712855113259
V44M,467.0,2458.0,0.7819625813502409,0.051086187008961566
V44N,248.0,95.0,-2.9982498756165628,0.12090900262098252
V44P,467.0,102.0,-3.808745712667463,0.10957155573989899
V44Q,976.0,1062.0,-1.4921733399493737,0.045031921427057454
V44R,1505.0,29.0,-7.311081823395497,0.1876086434237461
V44T,702.0,980.0,-1.1326979672541553,0.050065581447887496
V44W,735.0,205.0,-3.4560724511272713,0.07937266599751594
V44Y,411.0,1192.0,-0.0778519179560595,0.05773762659660768
V44_,479.0,10.0,-7.194544751444894,0.3194517530879718
V7A,41.0,179.0,0.511989677758848,0.17329818282675072
V7C,1595.0,5912.0,0.27608038450278993,0.029287985409168136
V7D,74.0,75.0,-1.5946401304246969,0.16402721409652654
V7E,645.0,452.0,-2.1269696935981983,0.061841632878873044
V7F,12.0,0.0,-11.844023291895626,10.004165413979969
V7G,654.0,396.0,-2.3377786897640513,0.0641552876067843
V7H,251.0,108.0,-2.8305828080322764,0.11534292603121948
V7I,838.0,1451.0,-0.8219847589215226,0.04409265098352823
V7K,586.0,93.0,-4.269470398504069,0.11189133646750513
V7L,888.0,24.0,-6.822871470558703,0.20697127770038948
V7M,352.0,1344.0,0.31885269717724096,0.06038670408708979
V7N,372.0,566.0,-1.0085167169831308,0.06720518270017223
V7P,431.0,187.0,-2.818608780801263,0.08791543081858608
V7Q,370.0,929.0,-0.2858729920898462,0.061973606467372266
V7R,550.0,31.0,-5.7626552743445805,0.18473628329962063
V7S,2084.0,11647.0,0.868522674644836,0.025047687604204675
V7T,798.0,663.0,-1.8813790511296027,0.05313260362066963
V7W,408.0,223.0,-2.4854989645860543,0.08364632528898021
V7Y,731.0,47.0,-5.572854412498698,0.1506709118467003
V7_,748.0,19.0,-6.912229976441733,0.23238428684610082
V80A,714.0,1039.0,-1.072809501634036,0.04924102776064019
V80C,702.0,1034.0,-1.0553162047488618,0.04953052927220447
V80D,667.0,28.0,-6.1876973585234625,0.19303483267423305
V80E,497.0,307.0,-2.308992087600841,0.07301327553776896
V80F,605.0,705.0,-1.3933181234534269,0.055972925604315896
V80G,444.0,803.0,-0.7591770715859631,0.059659027758546056
V80H,361.0,78.0,-3.824310678465733,0.1251021954589927
V80I,268.0,515.0,-0.6716892422534242,0.0757271252008525
V80K,371.0,9.0,-6.977790012906694,0.337260759715419
V80L,407.0,560.0,-1.1536145079469877,0.06560722559541626
V80M,884.0,953.0,-1.5055741932803146,0.047351868153972465
V80N,1091.0,198.0,-4.076021984429979,0.07764351506817026
V80P,986.0,23.0,-7.035272245839888,0.21103373557860877
V80Q,357.0,230.0,-2.2482707558267556,0.08491385404515561
V80R,657.0,21.0,-6.580770118275515,0.22176589702982513
V80S,579.0,465.0,-1.9303293796152605,0.06276353110833956
V80T,690.0,1105.0,-0.9346326060443575,0.04915187795350255
V80W,417.0,486.0,-1.3930988378396787,0.06721070169252032
V80Y,246.0,226.0,-1.7363332094104589,0.09247238483215833
V80_,665.0,12.0,-7.405070835146786,0.29125481465361464
V87A,213.0,525.0,-0.3125791147901502,0.08161509947599302
V87C,367.0,860.0,-0.3854687939735655,0.06284251853777827
V87D,405.0,746.0,-0.7327654164207456,0.06221915303678391
V87E,874.0,1782.0,-0.5862191149734324,0.042035690899930526
V87F,408.0,908.0,-0.4598991819854019,0.060115832685316666
V87G,535.0,992.0,-0.7232140498785729,0.05421127057931454
V87H,416.0,1252.0,-0.02444688407358342,0.05713306921220414
V87I,1221.0,24918.0,2.737039079309687,0.030344839577814815
V87K,343.0,725.0,-0.5342525988225839,0.06600258919897199
V87L,649.0,1169.0,-0.7650281977716205,0.04957737937348939
V87M,611.0,826.0,-1.1790396004902508,0.053934748384244606
V87N,609.0,982.0,-0.9247310578401535,0.052172907656968734
V87P,848.0,1441.0,-0.8490756916631392,0.043987187329152126
V87Q,766.0,1335.0,-0.8125874388920584,0.04600225654789368
V87R,602.0,984.0,-0.9051173309848428,0.052335794365175665
V87S,911.0,1297.0,-1.10435204876197,0.043935981065212994
V87T,527.0,515.0,-1.6472327478904036,0.06245711034643853
V87W,380.0,702.0,-0.7285486583107756,0.0641691077683408
V87Y,615.0,1644.0,-0.1954655555095517,0.047915990956869874
V87_,1031.0,31.0,-6.669183845814715,0.18242606256669333
V93A,738.0,1671.0,-0.434994759073315,0.04489007925858233
V93C,451.0,827.0,-0.7392575039065994,0.059060177114962434
V93D,283.0,806.0,-0.10405814888544018,0.06953996696774506
V93E,606.0,1342.0,-0.4670209398196219,0.04956785529706135
V93F,843.0,3389.0,0.3932393876203024,0.03928079088928684
V93G,865.0,1965.0,-0.43025491808627425,0.0415528918831858
V93H,773.0,3276.0,0.46937792188721517,0.04075018111406538
V93I,321.0,617.0,-0.6713272250074853,0.06926449731949318
V93K,334.0,16.0,-5.996848939738203,0.2559620436674002
V93L,372.0,505.0,-1.1730323033265826,0.06877457490181005
V93M,673.0,1091.0,-0.9170383775517061,0.04963997852154415
V93N,390.0,1531.0,0.35889782904351186,0.05726154014152426
V93P,691.0,487.0,-2.118758048886111,0.059684056070850054
V93Q,717.0,945.0,-1.2156665003794798,0.05014532989427406
V93R,549.0,38.0,-5.4663843534668155,0.16790476496151713
V93S,552.0,1106.0,-0.6114047340764559,0.052701004769602
V93T,506.0,1295.0,-0.2582774193291204,0.053010601769601574
V93W,562.0,1007.0,-0.7725925523133856,0.05323579744794519
V93Y,596.0,964.0,-0.9202912808731831,0.05269574363383391
V93_,682.0,11.0,-7.566909375155664,0.3038987645033342
V99A,328.0,954.0,-0.07373826622671675,0.06448703857205132
V99C,148.0,319.0,-0.5060958593146303,0.09976312837796249
V99D,505.0,117.0,-3.723682980182315,0.1028985931223066
V99E,620.0,493.0,-1.94467743087921,0.06085159978482728
V99F,478.0,875.0,-0.741744151190856,0.057415451640530274
V99G,814.0,1121.0,-1.1523221314107435,0.046714263356408756
V99H,491.0,364.0,-2.0457771788631094,0.0696094766255608
V99I,480.0,1029.0,-0.5138822204463018,0.055828141179293626
V99K,688.0,16.0,-7.039387177402829,0.25293499699893873
V99L,648.0,1522.0,-0.3821130003003326,0.0475593895082694
V99M,689.0,1687.0,-0.32213115761240285,0.04588906210631266
V99N,760.0,193.0,-3.5913456608555583,0.08098477896124917
V99P,663.0,45.0,-5.4947160166338485,0.15423113008216055
V99Q,325.0,258.0,-1.9470599812875022,0.08375160138121902
V99R,782.0,9.0,-8.053518996126261,0.3351540406007577
V99S,363.0,760.0,-0.5479937462678093,0.06428219637786732
V99T,601.0,956.0,-0.9443661427565049,0.05264564132780484
V99W,654.0,944.0,-1.08451340900928,0.051478373929593216
V99Y,1001.0,1771.0,-0.7908868845458921,0.04031530889440976
V99_,234.0,2.0,-8.47723372668607,0.7084119162082119
W201A,870.0,1037.0,-1.3606769385872077,0.046641253123119106
W201C,651.0,1082.0,-0.8810406330387934,0.05021916121063139
W201D,678.0,119.0,-4.124226604765621,0.09969575367543732
W201E,597.0,126.0,-3.8582197244355427,0.0983492525935028
W201F,866.0,959.0,-1.466840681433009,0.047530481097885616
W201G,462.0,270.0,-2.3889140952224697,0.07700458045673077
W201H,484.0,513.0,-1.5300527628621312,0.06385167435612245
W201I,656.0,970.0,-1.0497210428003285,0.05115630729014668
W201K,1055.0,1246.0,-1.3739438829648156,0.04256881080387735
W201L,425.0,722.0,-0.8494808239067995,0.06164082855126927
W201M,611.0,845.0,-1.1462304334630122,0.05368180263934318
W201N,401.0,466.0,-1.3972801561856087,0.06856576156338506
W201P,1314.0,3271.0,-0.29824294124617623,0.033592093554219
W201Q,975.0,516.0,-2.532020847264744,0.05500237274237261
W201R,462.0,584.0,-1.2759338620827618,0.06275697828665437
W201S,1013.0,7145.0,1.2042847584213199,0.03447895684247842
W201T,1007.0,1507.0,-1.0323918759317632,0.04145223713339877
W201V,758.0,1111.0,-1.0624198402670686,0.04775991288545557
W201Y,534.0,895.0,-0.8689658128264179,0.05524141220113654
W201_,633.0,13.0,-7.218538279886088,0.28018813009002036
W274A,1260.0,3733.0,-0.04709866648780281,0.033514301425176085
W274C,730.0,1884.0,-0.24618436555832446,0.04429797462579683
W274D,987.0,1217.0,-1.3117984403587029,0.04354917287398241
W274E,1146.0,794.0,-2.143393406862663,0.0468370182516708
W274F,1539.0,9492.0,1.0107081583748991,0.028579777531991844
W274G,696.0,1395.0,-0.6109073316874172,0.04706681705294382
W274H,1543.0,15272.0,1.693067779404481,0.027843253535090352
W274I,494.0,884.0,-0.7744804124533644,0.05671986429942156
W274K,383.0,6.0,-7.607876114964573,0.4111714150220547
W274L,832.0,11276.0,2.1465091276970187,0.036773306142549304
W274M,1254.0,2622.0,-0.5498785212106219,0.035220905259317384
W274N,917.0,1856.0,-0.5968077442215947,0.04112145925494404
W274P,1025.0,37.0,-6.405581895062215,0.1675022632646553
W274Q,1280.0,848.0,-2.208004754712227,0.04496842042416923
W274R,1451.0,45.0,-6.624670943375541,0.15155244549654356
W274S,1393.0,2821.0,-0.5959966907995407,0.03367545793474827
W274T,850.0,1900.0,-0.4535475636679269,0.042005396425901516
W274V,970.0,2213.0,-0.424064411363994,0.03929979655776828
W274Y,766.0,2309.0,-0.022163566232441312,0.04242918322583929
W274_,861.0,24.0,-6.778325541073802,0.2070565696731629
W293A,1574.0,3572.0,-0.431711443440963,0.03125632678757289
W293C,531.0,1276.0,-0.3491741560284156,0.052235813249496735
W293D,741.0,1570.0,-0.5307940250430425,0.045256288330610864
W293E,1701.0,43625.0,3.066689078294663,0.02593245482848275
W293F,1864.0,1795.0,-1.668420574617469,0.033989135484234566
W293G,1328.0,2512.0,-0.6944266590705519,0.03482495552214341
W293H,924.0,2730.0,-0.05107699070949856,0.038861574288412346
W293I,576.0,2443.0,0.4704911494752064,0.046979736533644095
W293K,1252.0,2580.0,-0.5708722840588969,0.035326967376944636
W293L,411.0,1042.0,-0.27187913385984697,0.05877412761310222
W293M,661.0,1957.0,-0.04809573089815711,0.04566731403574534
W293N,1136.0,2836.0,-0.2941157711115059,0.0359800718277731
W293P,1398.0,3231.0,-0.40539232081137166,0.03296189879119818
W293Q,939.0,1906.0,-0.5926595948073432,0.04063608206884703
W293R,965.0,2773.0,-0.09116583479484586,0.03819111441078929
W293S,734.0,2175.0,-0.04685244545625,0.043403119958467545
W293T,1376.0,3512.0,-0.2621968581252152,0.03275911623785271
W293V,648.0,1658.0,-0.25863812982806156,0.04698938491788812
W293Y,1182.0,2913.0,-0.31273444311671206,0.0353693033635325
W293_,1008.0,19.0,-7.3426104651958894,0.23164116624694459
WT,21508.0,65836.0,0.0,0.011107075395827913
Y131A,429.0,397.0,-1.7258387859418791,0.07008180790745012
Y131C,705.0,922.0,-1.226864179294342,0.05064276941356222
Y131D,725.0,154.0,-3.8489797210474084,0.08907333914625187
Y131E,862.0,766.0,-1.784344235842477,0.05027155157179392
Y131F,397.0,1121.0,-0.11645096033780877,0.05892846939722941
Y131G,401.0,144.0,-3.0914720745093938,0.09746460478392929
Y131H,498.0,886.0,-0.7828545860442864,0.056553786806019045
Y131I,474.0,1018.0,-0.5112405235083584,0.05615738880503195
Y131K,440.0,752.0,-0.8407873215411552,0.06053204716404145
Y131L,1709.0,1882.0,-1.4748894011283284,0.034324400215379164
Y131M,677.0,1261.0,-0.7166721885629412,0.04828852597774087
Y131N,880.0,1443.0,-0.9005133815401436,0.043485976771206455
Y131P,404.0,4.0,-8.268647812092926,0.5019097811591058
Y131Q,871.0,888.0,-1.5861162155322948,0.048331040243267495
Y131R,970.0,1788.0,-0.7317195764076025,0.04064334825435484
Y131S,710.0,614.0,-1.8235800482466598,0.05566643871455063
Y131T,512.0,976.0,-0.6832789143536946,0.0551303009413937
Y131V,733.0,1422.0,-0.6579760311316436,0.04614272819774459
Y131W,700.0,999.0,-1.1008792686923226,0.049912178510813046
Y131_,701.0,22.0,-6.6072068304653895,0.21661507431492905
Y160A,617.0,991.0,-0.9303971124803043,0.05187942164676168
Y160C,752.0,1451.0,-0.6657691457181745,0.04561390401130413
Y160D,733.0,1538.0,-0.5448427579869355,0.045564374915584634
Y160E,859.0,1726.0,-0.6073088645248728,0.042487472067861076
Y160F,132.0,273.0,-0.5656962805633485,0.10630021990611772
Y160G,323.0,655.0,-0.5940647535384915,0.06844163349457877
Y160H,1966.0,27911.0,2.2134889101540383,0.02462023819892216
Y160I,869.0,2176.0,-0.28976235342553736,0.040889791117764675
Y160L,827.0,2878.0,0.18509206939281508,0.04022836179279105
Y160M,993.0,2521.0,-0.26988116673958107,0.03828040205385936
Y160N,860.0,1618.0,-0.7022076722702186,0.0429243973831518
Y160P,1207.0,991.0,-1.8984689645446933,0.04358037018390111
Y160Q,765.0,1978.0,-0.2435036479588062,0.043294510439317514
Y160R,1095.0,1246.0,-1.4276312543261183,0.04216015901554469
Y160S,1400.0,2166.0,-0.9844000847152179,0.03518014439721169
Y160T,734.0,1592.0,-0.4970250814751358,0.04530120946506174
Y160V,1242.0,3292.0,-0.20771092742362107,0.03421397145551649
Y160W,847.0,1605.0,-0.6918714776851314,0.043189770141649396
Y160_,1329.0,37.0,-6.780295870392989,0.16683479177540145
Y225A,1507.0,2284.0,-1.014122879170416,0.03410389449443728
Y225C,775.0,91.0,-4.704120802246333,0.11108462103969842
Y225E,559.0,101.0,-4.0823788205263085,0.1084000471688731
Y225F,638.0,872.0,-1.1632372132026205,0.05268617421857078
Y225G,774.0,489.0,-2.276491094068162,0.058297551320139064
Y225H,545.0,468.0,-1.83374620100889,0.06350762758357585
Y225I,1099.0,119.0,-4.821052661331198,0.0968207035138451
Y225K,768.0,20.0,-6.876334879749511,0.22658058706566508
Y225L,659.0,102.0,-4.305592627488828,0.10668679258760187
Y225M,1187.0,786.0,-2.2087153728685145,0.046651740507969684
Y225N,782.0,1178.0,-1.0229100313998307,0.04679026412093285
Y225P,683.0,61.0,-5.098791921676759,0.1338527048014999
Y225Q,510.0,602.0,-1.3747409393150143,0.06069210331420913
Y225R,609.0,10.0,-7.540954894414303,0.31875349821521226
Y225S,512.0,198.0,-2.9846015519267484,0.08405367572611602
Y225T,758.0,17.0,-7.091764691262982,0.24529548517901686
Y225V,820.0,754.0,-1.735060702401853,0.05106293413676982
Y225W,571.0,164.0,-3.413735086298378,0.08893905538269893
Y225_,412.0,12.0,-6.714374153887269,0.2928357147415653
Y228A,728.0,129.0,-4.110478225578562,0.09584689965234368
Y228C,754.0,102.0,-4.499875927489394,0.10578698603099497
Y228D,325.0,12.0,-6.372178908108622,0.29394295140091087
Y228E,917.0,31.0,-6.500134891631712,0.1827562481976306
Y228F,416.0,938.0,-0.4410177611059751,0.05942691854614039
Y228G,901.0,86.0,-5.002969663881334,0.11312870638763127
Y228H,833.0,741.0,-1.7828436589766161,0.0511043911612392
Y228I,767.0,940.0,-1.3205721388506841,0.04928758462850529
Y228K,929.0,42.0,-6.080892291325611,0.1579302202386334
Y228L,857.0,624.0,-2.0717457456623,0.053207795583132884
Y228M,1082.0,1812.0,-0.8701257716333366,0.03921431845713548
Y228N,513.0,57.0,-4.78370289787496,0.139827556733111
Y228P,787.0,14.0,-7.425855962501043,0.2696477385121289
Y228Q,1165.0,31.0,-6.845467858489006,0.1821200355184093
Y228R,684.0,20.0,-6.709227200823454,0.22693316854524695
Y228S,1020.0,19.0,-7.359683810174717,0.23161597266866632
Y228T,376.0,73.0,-3.97860790210372,0.12813251409326212
Y228V,1140.0,660.0,-2.4024895473102568,0.04953783814853911
Y228W,457.0,811.0,-0.786508886526299,0.059015675102370234
Y228_,878.0,24.0,-6.806532918782472,0.20700225974684397
Y231A,401.0,1321.0,0.10592841281095033,0.05755331008176545
Y231C,1063.0,4856.0,0.5776133676294273,0.03476116896372074
Y231D,600.0,1657.0,-0.14847899753874394,0.04828891291924199
Y231E,641.0,1971.0,0.006513471058371856,0.04614190854850346
Y231F,622.0,2175.0,0.19200949810067414,0.04614263492331459
Y231G,588.0,10410.0,2.531984097612644,0.043109120826803474
Y231H,1013.0,3522.0,0.1837477333356894,0.036507114752284194
Y231I,1058.0,3032.0,-0.09508160790629017,0.03656047631168917
Y231K,537.0,2430.0,0.5639385357428583,0.048325637274074844
Y231L,732.0,1319.0,-0.7644826162838809,0.04675392479529521
Y231M,918.0,3251.0,0.21030336322929344,0.03819153087539378
Y231N,853.0,2351.0,-0.15135674044184722,0.040735142890064635
Y231P,317.0,10.0,-6.599017327434877,0.3211172030338391
Y231Q,919.0,3189.0,0.18095330029325662,0.038254253936213824
Y231R,728.0,2497.0,0.16416857013790853,0.04284588708577806
Y231S,1160.0,4384.0,0.30411099059822133,0.03393886806233696
Y231T,658.0,2229.0,0.14621881841696194,0.04505604249458643
Y231V,529.0,1801.0,0.15343643624197156,0.05007245748153956
Y231W,959.0,2436.0,-0.26910056458598497,0.03892213897387448
Y231_,729.0,17.0,-7.0354864145479645,0.24540243384232682
Y235A,882.0,2016.0,-0.4213669790338468,0.041127689468112114
Y235C,722.0,729.0,-1.6000830706179245,0.05308888043660634
Y235D,688.0,65.0,-5.017698831104256,0.129989998433829
Y235E,1028.0,212.0,-3.8916529347029334,0.07583663619069157
Y235F,1375.0,4654.0,0.14502934352662322,0.03168311014162671
Y235G,1150.0,1760.0,-1.0000656365091665,0.03872234248904708
Y235H,653.0,800.0,-1.3210899075562939,0.053320146792400644
Y235I,794.0,89.0,-4.771120700754562,0.11205269418924409
Y235K,690.0,21.0,-6.651472059429472,0.22160171613837626
Y235L,1184.0,1383.0,-1.3898725339446116,0.0403649797963887
Y235M,767.0,1664.0,-0.4966560449962776,0.04434417047855704
Y235N,1625.0,1127.0,-2.14195113577552,0.03955209177175669
Y235P,1598.0,85.0,-5.846502922236111,0.1115830804191284
Y235Q,1267.0,656.0,-2.563641055234142,0.048737155454562725
Y235R,1316.0,32.0,-6.975506820840999,0.17905807335351673
Y235S,1327.0,1451.0,-1.4851246365769581,0.03878701473528608
Y235T,1237.0,1610.0,-1.233790370160314,0.038616040950234375
Y235V,1136.0,178.0,-4.287948196446081,0.08099147752868771
Y235W,902.0,2134.0,-0.37165125242956965,0.04048357798767449
Y235_,1038.0,94.0,-5.078865161566756,0.10799181300681575
Y257A,1172.0,3194.0,-0.1676189059490376,0.035042897433655594
Y257C,1211.0,3801.0,0.036169186335056835,0.033919441967547696
Y257D,2277.0,160.0,-5.444909507749529,0.08216121581879145
Y257E,1011.0,800.0,-1.9517101846530283,0.0479664240601757
Y257F,945.0,2313.0,-0.3226328538764873,0.03939810283411073
Y257G,1759.0,5165.0,-0.059995398465924055,0.02870184017815957
Y257H,1461.0,4462.0,-0.003275162136223475,0.03114892964974601
Y257I,1218.0,3110.0,-0.2616096149332572,0.034702121810232994
Y257K,2006.0,8288.0,0.43269408970522827,0.026092945186137716
Y257L,2017.0,3670.0,-0.7504370986882902,0.02880877897464272
Y257M,989.0,2153.0,-0.4917048492761662,0.03920792918250106
Y257N,1163.0,3335.0,-0.09417527056671648,0.034948112572401394
Y257P,1531.0,86.0,-5.767838346692434,0.11109186384046689
Y257Q,925.0,2574.0,-0.13752606512685084,0.03913121305236304
Y257R,1077.0,3061.0,-0.10702674350041619,0.03628869802404111
Y257S,906.0,2573.0,-0.10814467115758486,0.03942174536925588
Y257T,1253.0,2954.0,-0.3767260747668182,0.03461624876813388
Y257V,857.0,3155.0,0.26625777813649876,0.039312686198208456
Y257W,1232.0,2486.0,-0.6011847227050513,0.03571577077236024
Y257_,383.0,7.0,-7.385826661665136,0.38121638711299943
Y265A,1099.0,3137.0,-0.10081724162252836,0.03592169642743456
Y265C,1023.0,3221.0,0.040690035947029024,0.03673762020818618
Y265D,630.0,1305.0,-0.5633886277675071,0.04914506696920172
Y265E,1624.0,13294.0,1.419141066842001,0.027434743759210553
Y265F,745.0,2422.0,0.086870269865301,0.04262426111053075
Y265G,798.0,2184.0,-0.16150212453303237,0.04210313589470558
Y265H,1596.0,3751.0,-0.38119343800915395,0.03090050025351723
Y265I,588.0,2077.0,0.20659271043245298,0.04736872642181035
Y265K,940.0,2377.0,-0.2756028931689034,0.03932173217641015
Y265L,670.0,2318.0,0.17662940073532685,0.04456010685266741
Y265M,1102.0,3526.0,0.06389639459724172,0.035393827523296464
Y265N,1224.0,3189.0,-0.23250957934035643,0.0345289341285537
Y265P,1243.0,4735.0,0.31552671347412087,0.03282339279789756
Y265Q,3015.0,3441.0,-1.4233335586346567,0.026152815712021733
Y265R,1044.0,2587.0,-0.3048527562271133,0.037497672252349956
Y265S,1162.0,3718.0,0.06390531005185096,0.034514090425137346
Y265T,998.0,3268.0,0.09728336543347638,0.03700910895439184
Y265V,1381.0,3384.0,-0.32099279075513865,0.032883106318766925
Y265W,930.0,68.0,-5.387430288264667,0.1258596871853456
Y265_,1215.0,26.0,-7.159760834499261,0.1983216410403919
Y278A,1614.0,54.0,-6.515282014893799,0.13855088670899696
Y278C,822.0,25.0,-6.652581838393232,0.20313104187172662
Y278D,1150.0,27.0,-7.026011812407211,0.19481931606620081
Y278E,980.0,461.0,-2.7020012815022296,0.05701957257624779
Y278F,1005.0,295.0,-3.382376949022434,0.0666814377451521
Y278G,876.0,29.0,-6.530327994395362,0.1888758723477715
Y278H,1288.0,163.0,-4.596114274895174,0.0835025030722103
Y278I,911.0,30.0,-6.537954522470594,0.18569219767734707
Y278K,1433.0,131.0,-5.0653026913458765,0.0916107008625181
Y278L,3982.0,45.0,-8.081110325336407,0.15010029335219197
Y278M,1415.0,46.0,-6.55672383826936,0.1500093260848887
Y278N,1065.0,25.0,-7.026220965265657,0.2024466553910079
Y278P,898.0,23.0,-6.900401478038657,0.21126907582676765
Y278Q,5335.0,95.0,-7.42527065313276,0.10379948221447156
Y278R,952.0,53.0,-5.7806431382799675,0.14133809787312365
Y278S,1705.0,57.0,-6.516424245272868,0.13486649956465327
Y278T,1283.0,114.0,-5.1063029951249925,0.0980421396048776
Y278V,702.0,29.0,-6.210872237136313,0.18962340785814433
Y278W,1632.0,3878.0,-0.36533622987173153,0.030533409886274364
Y278_,1792.0,47.0,-6.866470053559698,0.1479587305115101
Y292A,1201.0,2146.0,-0.7765942208361842,0.036882206406590214
Y292C,1769.0,896.0,-2.595358320809519,0.04174961633221623
Y292D,931.0,931.0,-1.614002856189991,0.047009447985464754
Y292E,724.0,1246.0,-0.8307687382732416,0.04738609217304298
Y292F,1370.0,3210.0,-0.385611488240444,0.03321341220944378
Y292G,1332.0,2129.0,-0.9374250434305047,0.03580685069462402
Y292H,802.0,1779.0,-0.464620366420351,0.04325114096999595
Y292I,1605.0,229.0,-4.423102640420915,0.0710728793873644
Y292K,659.0,1673.0,-0.2699290498037916,0.04665657806771085
Y292L,1457.0,37.0,-6.912954689514114,0.16663656576013752
Y292M,1069.0,649.0,-2.333965592255983,0.05037793975889147
Y292N,1333.0,4453.0,0.126090392109536,0.03219367459452213
Y292P,1876.0,4685.0,-0.2936182470219184,0.028428444861922614
Y292Q,810.0,1232.0,-1.009000514067525,0.04591206753273744
Y292R,2689.0,32024.0,1.9600040896658233,0.021559086449430116
Y292S,1589.0,2376.0,-1.0335901520370725,0.03334486274476174
Y292T,1069.0,1381.0,-1.244554438629411,0.04148778404032047
Y292V,1518.0,897.0,-2.3729881771076897,0.04283988240106996
Y292W,683.0,1464.0,-0.5140560545149544,0.04699836606153487
Y292_,1018.0,73.0,-5.415516699250419,0.12141147414054423
Y29A,811.0,1954.0,-0.3453566141452544,0.04250273036429312
Y29C,996.0,2753.0,-0.14722513804234882,0.03780116834276784
Y29D,958.0,437.0,-2.7463772785553937,0.058256254241383816
Y29E,922.0,981.0,-1.5245174114703604,0.046536309456488206
Y29F,1558.0,5309.0,0.1547355094339813,0.029864477241825522
Y29G,267.0,304.0,-1.4267778506510647,0.08423910687169468
Y29H,896.0,1595.0,-0.782024125931045,0.04248173550333105
Y29I,378.0,882.0,-0.39163224389027196,0.061974916021952514
Y29K,259.0,617.0,-0.3617167839369566,0.07445305655505266
Y29L,752.0,668.0,-1.7848850029710013,0.0537441782051905
Y29M,1043.0,4082.0,0.35452387050248824,0.035572805515692814
Y29N,684.0,1747.0,-0.2612043119328922,0.04578271574699479
Y29P,1134.0,347.0,-3.3223870750494626,0.06184877794565576
Y29Q,637.0,1553.0,-0.328323662455106,0.047701451628270365
Y29R,936.0,1634.0,-0.8101818917579333,0.041737747601303284
Y29S,289.0,590.0,-0.5843828615703446,0.07222643543401272
Y29T,814.0,3424.0,0.4585656359998289,0.03977719095486244
Y29W,1063.0,4053.0,0.3168357100389665,0.035343156232419654
Y29_,41.0,0.0,-13.615762884517208,10.001222224312135
Y316A,1326.0,1139.0,-1.8333140983316696,0.04115557197966275
Y316C,1312.0,1953.0,-1.0400822359781339,0.036550007152405535
Y316D,1441.0,412.0,-3.42033194446476,0.056416015698969854
Y316E,1477.0,1267.0,-1.8352545388635857,0.03908947175013807
Y316F,1830.0,3271.0,-0.7761182182806339,0.030229863295038094
Y316G,1205.0,221.0,-4.060864421597452,0.07359507004412374
Y316H,301.0,679.0,-0.4403814507834163,0.06968905716175382
Y316I,1168.0,1546.0,-1.209505831171584,0.03955587139610168
Y316K,1912.0,784.0,-2.900148963906852,0.04312988886891439
Y316L,1074.0,1882.0,-0.8047359885646825,0.039039984551290645
Y316M,1545.0,2120.0,-1.1575479621836888,0.03436021611983429
Y316N,1667.0,3818.0,-0.41844473352386924,0.030388756728929985
Y316P,1154.0,27.0,-7.0310211317371945,0.1948115804410889
Y316Q,1768.0,1620.0,-1.740126572328725,0.03527848299970544
Y316R,960.0,769.0,-1.9340499312900041,0.049027671626541605
Y316S,1611.0,1019.0,-2.27480009609953,0.04078917517665378
Y316T,717.0,877.0,-1.3234028033278413,0.050956865125290844
Y316V,2454.0,9322.0,0.31149707636824386,0.02400943285829674
Y316W,585.0,1212.0,-0.5631344450553941,0.05095224972441352
Y316_,2363.0,59.0,-6.9375253222794955,0.1320270916197896
Y360A,969.0,1354.0,-1.1313479214269266,0.04280434135338332
Y360C,1363.0,2829.0,-0.5605017266079564,0.03389446032458998
Y360D,1637.0,1196.0,-2.066836538864384,0.038841560085564
Y360E,711.0,1715.0,-0.34372762348457453,0.04529040208052307
Y360F,1189.0,2297.0,-0.6640065674250266,0.03657961103491794
Y360G,1003.0,1529.0,-1.0057410036531547,0.04138478650625619
Y360H,704.0,1506.0,-0.5169393332205603,0.04632627921442067
Y360I,1698.0,3637.0,-0.5150949189878848,0.03042300727712114
Y360K,1439.0,2001.0,-1.1383510968152963,0.035445075720496974
Y360L,1059.0,2724.0,-0.2509870690609892,0.037054926205893374
Y360M,875.0,1780.0,-0.5894889198994777,0.04202763662598451
Y360N,910.0,572.0,-2.283844886481405,0.05393323437423505
Y360P,1493.0,32.0,-7.157560197582541,0.1788063445907547
Y360Q,1029.0,2049.0,-0.6203328334103331,0.03900681968588596
Y360R,1420.0,309.0,-3.8141785140616915,0.06326171970426908
Y360S,1213.0,1306.0,-1.507428356699024,0.040641973317223204
Y360T,1515.0,2639.0,-0.8133333551177993,0.03317642520242111
Y360V,1480.0,3218.0,-0.4934409706923759,0.03237446102219448
Y360W,546.0,1247.0,-0.4225291007439811,0.05191406397458518
Y360_,1355.0,40.0,-6.695801916016934,0.16060335319537647
Y9A,574.0,272.0,-2.6914190361724746,0.07402802792739291
Y9C,820.0,699.0,-1.844331264788285,0.05207471155314954
Y9D,369.0,424.0,-1.4135644791588096,0.07162452208768189
Y9E,1461.0,1256.0,-1.8321209583976925,0.03927230040177837
Y9F,918.0,1533.0,-0.874217522595818,0.0424653715418496
Y9G,685.0,538.0,-1.9624949169252597,0.05813964031726416
Y9H,944.0,1193.0,-1.2762707676116092,0.04426296776652617
Y9I,740.0,327.0,-2.7922128685156142,0.066865739436676
Y9K,894.0,1414.0,-0.9525734071029301,0.04344476792207733
Y9L,330.0,31.0,-5.025707166967069,0.18798818263961997
Y9M,394.0,775.0,-0.6380201763457167,0.06236983359796699
Y9N,696.0,1149.0,-0.89079144158275,0.04866989801315813
Y9P,652.0,211.0,-3.241585576216388,0.07958966176803228
Y9Q,1337.0,1238.0,-1.7249901441813291,0.04021652697742999
Y9R,606.0,628.0,-1.5625569247556834,0.05748175954799141
Y9S,626.0,639.0,-1.5843500510276805,0.05678047965874627
Y9T,864.0,526.0,-2.329960639422138,0.05585859034478436
Y9V,891.0,876.0,-1.6384971408559403,0.04822390383959059
Y9W,777.0,2593.0,0.12461984266716186,0.04164517356340842
Y9_,948.0,15.0,-7.5949092514641405,0.26026674122464155
