f_score,counts_input,counts_selected,SE,eps,mut
-1.3570964719022156,832.0,927.0,0.14636562270052172,2.7755575615628914e-17,A105C
-2.356822587184978,589.0,338.0,0.07080989460833564,1.7936282137348084e-48,A105D
-1.2925706201511586,308.0,360.0,0.08015726435085806,1.2215682359222629e-138,A105E
-2.1256076829578334,605.0,413.0,0.06598229217516005,1.8287165850224242e-60,A105F
-0.660853346127465,392.0,730.0,0.08415281456233314,8.673617379884035e-19,A105G
-0.9248611015880803,844.0,1272.0,0.07961299344977756,0.0,A105H
-2.2475136583859197,614.0,370.0,0.23053637774448674,0.0,A105I
-2.798868345386417,580.0,242.0,0.17479878097721901,2.0816681711721685e-17,A105K
-1.7585894850586687,714.0,620.0,0.07834335134562008,8.673617379884035e-19,A105L
-1.494885878574957,717.0,737.0,0.054512255064013825,5.847197778715674e-78,A105M
-0.3070283060424744,525.0,1241.0,0.29152172648002067,8.326672684688674e-17,A105N
-3.0215814241356096,488.0,171.0,0.2515954187346719,4.163336342344337e-17,A105P
-1.2979409060952176,512.0,634.0,0.06196559085196009,1.5010869716558246e-16,A105Q
-2.8409547714976964,1371.0,546.0,0.20590754006737663,1.3877787807814457e-17,A105R
-1.2839593218877046,689.0,826.0,0.07777182163001797,1.734723475976807e-18,A105S
-1.3258135993184472,752.0,842.0,0.052322477260722935,5.941986313427795e-115,A105T
-2.4046082670133466,577.0,327.0,0.0762330777964664,2.855482056319733e-09,A105V
-2.374283448129071,648.0,358.0,0.19877000784949223,0.0,A105W
-2.1612743212963728,1066.0,688.0,0.05098771539825354,2.4927064767324655e-158,A105Y
-2.741863718736904,486.0,216.0,0.08466614816999056,5.1224309487624424e-17,A105_
-1.5212403652224125,768.0,772.0,0.12918790026344723,0.0,A117C
-2.7892319598703463,1025.0,422.0,0.060055180940725636,7.150905160633936e-15,A117D
-2.2240590989931652,1124.0,690.0,0.08661706767010538,3.469446951953614e-18,A117E
-2.090430465737285,555.0,375.0,0.142118756659988,0.0,A117F
0.8132588134692532,308.0,1622.0,0.06355237493961334,4.830623981490199e-31,A117G
-1.848348074899595,764.0,625.0,0.05623740677386699,7.512109420050909e-67,A117H
-2.4830787925120745,567.0,295.0,0.2792424254386193,0.0,A117I
-2.7574058253154035,804.0,337.0,0.1129628048516472,0.0,A117K
-2.790341212740753,491.0,204.0,0.08537680728004171,5.9282839888607445e-30,A117L
-2.709477666981476,369.0,169.0,0.3555862536328235,0.0,A117M
-3.1746268832594735,1551.0,488.0,0.05370820429043033,6.045261577456446e-07,A117N
-1.8956375489200998,523.0,410.0,0.06827758393958669,2.030113353486664e-132,A117P
-2.6137460795336445,841.0,401.0,0.07075700166720388,2.0091133617894386e-14,A117Q
-2.7966668840350413,350.0,145.0,0.22644660248281742,5.551115123125783e-17,A117R
-0.7880300497424828,547.0,935.0,0.13306000218608566,0.0,A117S
-1.9231457972342074,1112.0,867.0,0.17712330644425106,0.0,A117T
-1.090760693976463,430.0,551.0,0.06647679373852079,2.776334130435359e-71,A117V
-2.471948518636333,643.0,319.0,0.0971724122488777,0.0,A117W
-0.8501247439256042,2040.0,3304.0,0.04949201402289086,0.0,A117Y
-2.825720672390717,2019.0,816.0,0.10141825262579227,0.0,A117_
-0.315538434993936,443.0,1037.0,0.05885371274216886,1.1975593672518931e-52,A126C
-2.681392008225247,435.0,205.0,0.20571272469499155,0.0,A126D
-1.6706650241928787,506.0,441.0,0.06764458432033187,3.368649382393853e-88,A126E
-1.279819009263878,415.0,482.0,0.0693545213218762,0.0,A126F
-0.9079141315127797,295.0,442.0,0.0775945322693193,8.415642043795398e-159,A126G
-1.1267827398342165,714.0,935.0,0.10750546256948824,0.0,A126H
-0.36621033072923,398.0,901.0,0.0623768075392713,8.503928814967321e-49,A126I
-0.3782550078117921,507.0,1100.0,0.05574855168546702,5.495801161994728e-41,A126L
-0.834918854028197,374.0,617.0,0.22963821216043845,0.0,A126M
-1.614347925148111,365.0,344.0,0.23994646307528048,0.0,A126N
-0.6172560913966312,589.0,1086.0,0.053104443393670375,1.0014440531910005e-137,A126P
-0.5594606283458784,406.0,787.0,0.24377038974066145,1.3877787807814457e-17,A126Q
-0.28257654573570645,679.0,1556.0,0.09203274331226692,0.0,A126R
-0.35104646689721436,483.0,1096.0,0.13669096961749555,0.0,A126S
-0.34713242909005587,505.0,1127.0,0.05549180427723765,8.686167749612111e-201,A126T
-0.49833612419577894,116.0,237.0,0.11747779297911433,5.938638075294437e-08,A126V
-1.8222389606316922,333.0,280.0,0.08389291466781197,1.1961179298082129e-195,A126W
-1.4885905139369027,529.0,549.0,0.19222860141573012,1.3877787807814457e-17,A126Y
-2.7747411155882906,537.0,228.0,0.09559610486805044,1.3877787807814457e-17,A126_
-1.954077420204024,465.0,346.0,0.07347286887328076,2.8804374286301374e-307,A134C
-2.8731918249833877,448.0,169.0,0.09318531772190132,6.408814088218046e-32,A134D
-2.781734154569263,782.0,319.0,0.14825308310065416,6.938893903907228e-18,A134E
-2.4643809017081924,461.0,236.0,0.08259006508466553,2.6580680234500394e-222,A134F
-0.5942711815534015,388.0,723.0,0.06523871217922529,6.549671307034233e-60,A134G
-2.6562531047309177,809.0,368.0,0.21920903006846024,1.3877787807814457e-17,A134H
-2.5050232234927767,595.0,310.0,0.3130824669140822,0.0,A134I
-2.763651108918734,418.0,171.0,0.16247062626090994,6.938893903907228e-18,A134K
-2.8098853778258426,470.0,198.0,0.08747342472754104,2.3623842156802817e-58,A134L
-2.6190356115129725,719.0,330.0,0.06874309507244306,6.727035830684123e-145,A134M
-2.577748414122395,914.0,443.0,0.25355877247983877,0.0,A134N
-2.72063884408367,891.0,376.0,0.06339876147116294,2.688912933272801e-56,A134P
-2.7409224192608335,601.0,260.0,0.21625053003922406,0.0,A134Q
-2.8979374654721655,445.0,173.0,0.10405882035624808,1.938987165273076e-14,A134R
-0.5058762052012524,2169.0,4452.0,0.19294718309138437,0.0,A134S
-2.60177885356612,358.0,172.0,0.3383185449330449,0.0,A134T
-2.016570454152098,692.0,499.0,0.08003948191187435,1.734723475976807e-18,A134V
-2.9013911952837197,862.0,331.0,0.1035644134886632,0.0,A134W
-3.1408553693805366,400.0,133.0,0.34704136615298775,0.0,A134Y
-2.7562564747799003,838.0,358.0,0.0969618088670873,0.0,A134_
-0.18339529387488196,396.0,999.0,0.06129837863127863,8.95583716890257e-205,A151C
-0.8606325815885828,615.0,965.0,0.05354385330654106,7.63248868997626e-68,A151D
-1.1831754459383041,1267.0,1619.0,0.10100910918124607,3.469446951953614e-18,A151E
-1.1742624350788542,648.0,827.0,0.054705037123220834,3.442095164700991e-64,A151F
-1.0446631102483863,605.0,858.0,0.3314450689415546,0.0,A151H
-1.2013697527514653,551.0,712.0,0.09450672093519592,0.0,A151I
-2.53361698993743,631.0,329.0,0.33084318950564834,8.326672684688674e-17,A151K
-1.6134929405942016,170.0,164.0,0.11239774509154576,1.0107876515609708e-57,A151L
-2.425340534298434,405.0,220.0,0.27824777480693214,0.0,A151M
-0.643842600844078,571.0,1106.0,0.17441176047217574,0.0,A151N
-1.5966276729222633,668.0,623.0,0.14392605077760595,0.0,A151P
-0.7446980880337124,296.0,506.0,0.07548466391613232,4.246809439871161e-131,A151Q
-2.168409527231241,337.0,215.0,0.0896192509148417,1.1477027181311916e-25,A151R
-0.1641868921260951,472.0,1222.0,0.05607101272315571,3.1682623912148735e-283,A151S
-0.327700367017288,601.0,1378.0,0.050768542440728946,4.7002216120089464e-192,A151T
-0.47166375914620495,568.0,1224.0,0.05861213676117544,5.988931139205844e-13,A151V
-1.581340874794174,391.0,383.0,0.10245919767684722,0.0,A151W
-1.4292217328021355,353.0,385.0,0.26531201530121795,2.7755575615628914e-17,A151Y
-2.6970973125397504,258.0,124.0,0.330129704198086,0.0,A151_
-0.2521316996679183,145.0,366.0,0.11080139309393464,1.9610407048231693e-12,A162C
-1.6214281834586215,475.0,458.0,0.21255551408599463,0.0,A162D
-0.982728531028837,627.0,903.0,0.058857296284635166,7.285657971020654e-12,A162E
-2.6904332454085793,460.0,210.0,0.08859515322206875,3.245452036002624e-07,A162F
-0.15379988051052032,505.0,1284.0,0.10982019189148401,1.0408340855860843e-17,A162G
-1.3632152075807478,801.0,884.0,0.06977697543481527,1.734723475976807e-18,A162H
-2.6298105602370283,845.0,397.0,0.11780373922447283,0.0,A162I
-0.8831429751314104,603.0,917.0,0.07253611778761282,8.673617379884035e-19,A162K
-2.443675175731778,949.0,508.0,0.1416474607934418,0.0,A162L
-2.48882463125553,647.0,333.0,0.08876980382171415,0.0,A162M
-2.389712888236923,1374.0,758.0,0.06388630016874448,4.336808689942018e-19,A162N
-1.7521343011905488,485.0,420.0,0.06891498074900756,3.930603493352509e-73,A162P
-1.0254174115277737,411.0,595.0,0.10617331694369223,0.0,A162Q
-2.525867413956923,991.0,489.0,0.11738143850969622,1.3877787807814457e-17,A162R
-0.7969685347099266,585.0,966.0,0.06188790145649386,3.612778479156198e-15,A162S
-2.1657711860772024,859.0,543.0,0.0732510611779054,0.0,A162T
-2.171107417481952,482.0,323.0,0.11355477940839263,3.469446951953614e-18,A162V
-2.940126948792195,570.0,221.0,0.18812039343230755,0.0,A162W
-1.9856478291863358,844.0,605.0,0.05518804502073026,3.2334025064145165e-11,A162Y
-4.147476225357944,1001.0,169.0,0.10948356113864667,0.0,A162_
-0.08899550654470599,974.0,2675.0,0.07802119144148016,1.734723475976807e-18,A164C
-0.31523940778411486,899.0,2090.0,0.041795382911885136,7.750421454151953e-09,A164D
-0.5559228818935363,682.0,1369.0,0.0975942226856535,5.204170427930421e-18,A164E
0.04864799585175136,621.0,1811.0,0.08275907840305458,1.734723475976807e-18,A164F
-0.11063467861973693,714.0,1927.0,0.11069116033196279,0.0,A164G
-0.16614115976053642,809.0,2113.0,0.15136908434889193,0.0,A164H
-0.026051079690047323,1378.0,3901.0,0.0331344084661058,2.768982200826518e-30,A164I
-0.5851210498273802,1204.0,2314.0,0.1568601367398054,0.0,A164K
-0.04284369295614147,550.0,1505.0,0.0963517194019899,3.469446951953614e-18,A164L
-0.20099917525211392,1462.0,3599.0,0.03768629517170056,5.745187312000688e-16,A164M
-0.25366446514513913,1043.0,2515.0,0.05808843857648479,4.336808689942018e-19,A164N
-0.6484251032139621,718.0,1300.0,0.11641708071005985,0.0,A164P
-0.0952467570863309,748.0,2020.0,0.04449351857935895,2.8721730466568746e-72,A164Q
-1.338782066769941,531.0,619.0,0.08139069696717874,0.0,A164R
-0.3918167998302824,700.0,1515.0,0.09322060323494791,1.734723475976807e-18,A164S
-0.2528914483739615,926.0,2196.0,0.0804866072576546,0.0,A164T
-0.8000010279928106,985.0,1657.0,0.08505581734321778,0.0,A164V
-0.026047430880660676,649.0,1826.0,0.04738790618044621,2.5247936088200367e-87,A164W
-0.1415343569110305,697.0,1826.0,0.046403715947669094,2.810392968375204e-23,A164Y
-2.622946862962055,664.0,300.0,0.0721235336436317,1.17855457874345e-15,A164_
-0.7724375603451887,800.0,1331.0,0.1079575661604865,0.0,A169C
-1.0997836866819029,287.0,415.0,0.3202604038234963,2.7755575615628914e-17,A169D
-1.3247052626896456,1123.0,1285.0,0.151718650947072,0.0,A169E
-2.0180013293842913,796.0,568.0,0.05727022467588446,2.7769669786643233e-37,A169F
-0.26256457444340525,570.0,1375.0,0.0517697882765227,1.0247848228548506e-54,A169G
-1.37393743618532,1563.0,1716.0,0.18953524835552288,2.7755575615628914e-17,A169H
-0.6407776257103879,540.0,1003.0,0.06549581979824169,2.6020852139652106e-18,A169I
-2.277544466227565,477.0,271.0,0.11254956275825519,0.0,A169K
-2.0146412295624976,746.0,511.0,0.09650996048836828,0.0,A169L
-2.1386674614452157,517.0,340.0,0.07232579997183948,4.573836276967193e-151,A169M
-0.3424643318720093,615.0,1425.0,0.09515740993477981,0.0,A169N
-0.745430478793267,680.0,1162.0,0.0751637332734256,8.673617379884035e-19,A169P
-1.7725887551991741,1495.0,1291.0,0.039869502268287324,5.018508886112826e-09,A169Q
-2.309197739387922,826.0,484.0,0.07259943486556478,0.0,A169R
-0.27833479315654436,816.0,1924.0,0.04356895868937211,0.0,A169S
-0.46371718359911573,688.0,1437.0,0.21687470817511828,2.7755575615628914e-17,A169T
-0.5445673578567698,898.0,1754.0,0.04282469439608797,1.0231394031868842e-59,A169V
-0.32333262428494397,795.0,1878.0,0.11414529881301835,6.938893903907228e-18,A169W
-1.563918416430586,1112.0,1085.0,0.09125796098850744,3.469446951953614e-18,A169Y
-2.720925124949922,1019.0,448.0,0.07882203110120588,2.6020852139652106e-18,A169_
0.04649285435093741,896.0,2649.0,0.0822359485368973,3.469446951953614e-18,A208C
-2.918342703823901,1008.0,393.0,0.10934887268995053,0.0,A208D
-2.630031925524626,455.0,201.0,0.08683884339475982,1.3593886507052215e-39,A208E
-1.4887355941601073,1039.0,1074.0,0.10104759904362119,0.0,A208F
-0.070476796365585,886.0,2464.0,0.13601608698741735,0.0,A208G
-3.0544013026768644,490.0,176.0,0.09067919661461304,5.813070253711352e-26,A208H
0.005985529145099029,481.0,1458.0,0.17266276310335626,1.3877787807814457e-17,A208I
-2.4180394150664246,691.0,373.0,0.3351778611775046,8.326672684688674e-17,A208K
-0.5327820385248017,1498.0,3029.0,0.03378640302698383,2.223911466449322e-07,A208L
-0.16744740659785676,679.0,1749.0,0.0641249555178419,4.336808689942018e-19,A208M
-1.7884812165815511,417.0,352.0,0.21000915091300829,0.0,A208N
-2.540119283511085,971.0,478.0,0.062434612749800646,3.901508586687252e-11,A208P
-2.345318136312647,877.0,504.0,0.05781851491852435,2.7405406177225695e-20,A208Q
-2.6851922406872974,671.0,295.0,0.17414111424603212,0.0,A208R
-0.1831529972121352,804.0,2042.0,0.04332174771105737,5.189411321040179e-34,A208S
-0.07531331130792289,675.0,1846.0,0.05748758980568763,4.336808689942018e-19,A208T
-0.07154745057166642,958.0,2723.0,0.03924685822327781,7.715260143955969e-51,A208V
-2.380745070060364,1252.0,683.0,0.08508861237547986,3.469446951953614e-18,A208W
-2.9548962844405673,399.0,149.0,0.20680002726873933,0.0,A208Y
-3.1485461242415487,578.0,194.0,0.14700322995535411,6.938893903907228e-18,A208_
-0.19120080976749113,677.0,1721.0,0.12921291214100283,0.0,A215C
-2.188753537630435,719.0,462.0,0.061609684708664764,1.7569076991594506e-16,A215D
-1.012503736457873,505.0,708.0,0.08305636528742907,2.6020852139652106e-18,A215E
-1.42826026693534,842.0,857.0,0.05068053875144635,6.517100551245392e-60,A215F
-0.44684643774962735,508.0,1083.0,0.15284898910467026,0.0,A215G
0.40615323960710503,557.0,2144.0,0.18234184069076328,0.0,A215H
-1.150069967178083,1170.0,1492.0,0.04849068017199468,8.890457814381136e-18,A215I
-2.1735135143407707,791.0,517.0,0.05869779379459742,4.0366810481458276e-178,A215K
-1.5073882182303184,594.0,593.0,0.060210899267008865,7.098444370726923e-112,A215L
0.14888664057794207,647.0,2033.0,0.0955227974939411,6.938893903907228e-18,A215M
0.3212864033328978,780.0,2871.0,0.0593124665519185,0.0,A215N
-1.9729532394013154,1012.0,761.0,0.14114613042630952,0.0,A215P
-0.41909822366305743,845.0,1818.0,0.08554774335694032,1.734723475976807e-18,A215Q
-2.692511554013769,725.0,313.0,0.06960465347909725,3.1080384679796805e-50,A215R
0.3326061568260801,876.0,3197.0,0.053498015820625494,0.0,A215S
0.10310850924100456,847.0,2720.0,0.04641677493272924,1.5364771087378326e-14,A215T
1.0292588578506185,2774.0,16413.0,0.022419035778454825,2.4160401120929715e-146,A215V
-2.2544847020092966,1381.0,814.0,0.07531097619602291,3.469446951953614e-18,A215W
-1.0905140897316277,952.0,1258.0,0.04489421187578736,7.0102786627327804e-133,A215Y
-2.590137111893315,543.0,254.0,0.1770193090866206,2.0816681711721685e-17,A215_
-1.0070420350455962,653.0,926.0,0.05311741524297458,5.5794766154684145e-124,A220C
-2.6354805914115773,575.0,266.0,0.15499942597727837,0.0,A220D
-3.109508001411051,154.0,50.0,0.6744461675643374,0.0,A220E
-2.81033451085806,992.0,408.0,0.26222368534410184,0.0,A220F
-0.45182825727256654,795.0,1667.0,0.04496621294671488,6.194997057752992e-195,A220G
-2.394230973904249,793.0,428.0,0.06609526846423064,1.8381616804846387e-09,A220H
-1.771596212912514,458.0,389.0,0.07167374687710804,4.742308739602229e-48,A220I
-2.862404830751066,549.0,225.0,0.08153639835454735,3.818484859621559e-208,A220K
-2.531493637262066,717.0,369.0,0.06642945816308464,4.667831017755016e-72,A220L
-2.349921577948313,470.0,270.0,0.185848475491473,0.0,A220M
-2.4009280461064137,492.0,271.0,0.20707309618551234,0.0,A220N
-1.8034366342828643,557.0,469.0,0.1936130438933314,1.3877787807814457e-17,A220P
-0.9093929016485519,795.0,1271.0,0.2089714666259767,0.0,A220Q
-2.753570816488833,1048.0,426.0,0.09876299722099514,0.0,A220R
-0.3880208611498563,849.0,1863.0,0.043323161662062994,3.295356558935298e-30,A220S
-1.2705342237812167,1177.0,1407.0,0.07667166809089278,0.0,A220T
-1.501574088124424,895.0,892.0,0.04946428382751381,2.1824089754311085e-68,A220V
-2.4669929222948204,1015.0,533.0,0.1281145062378274,6.938893903907228e-18,A220W
-2.748992197109915,674.0,287.0,0.12474040248139294,0.0,A220Y
-2.930857160776236,217.0,85.0,0.1305000851165074,1.0733983175165421e-37,A220_
0.02556744494669636,1544.0,4574.0,0.11771099118947817,3.469446951953614e-18,A243C
-3.0502987298875137,2691.0,962.0,0.05470393161887555,0.0,A243D
-3.58747128613069,2957.0,717.0,0.2459302138814984,1.3877787807814457e-16,A243E
-1.1744033206729947,1092.0,1387.0,0.1163006780199682,1.0408340855860843e-17,A243F
-1.1598687206447735,783.0,999.0,0.08503054863775758,0.0,A243G
-1.9813928895260289,1431.0,1018.0,0.08879573622058433,1.734723475976807e-18,A243H
-0.7374525932339088,937.0,1644.0,0.04294771888385981,1.5811773789810557e-24,A243I
-2.5492102951376054,1095.0,544.0,0.16900319577318573,0.0,A243K
-1.0534033013553217,1131.0,1577.0,0.04086171081380374,7.095437914618549e-82,A243L
-0.8262736056542198,857.0,1412.0,0.10524670135206081,6.938893903907228e-18,A243M
-0.9649028245700443,838.0,1233.0,0.046653017399588464,1.2921091276828384e-45,A243N
-2.248575407238124,1042.0,635.0,0.07394179647781197,0.0,A243P
-1.3221337923246408,685.0,800.0,0.05402489433524945,1.25600964991245e-25,A243Q
-2.681292328666957,1268.0,583.0,0.15936820521319914,6.938893903907228e-18,A243R
-0.06575544031821787,782.0,2181.0,0.09151369006637632,0.0,A243S
-0.26358792669243586,945.0,2265.0,0.07181364930410854,1.734723475976807e-18,A243T
-0.25780312695152124,885.0,2166.0,0.15317468368722004,6.938893903907228e-18,A243V
-1.6240576215373446,1136.0,1048.0,0.18023952997237025,0.0,A243W
-2.425989709412348,744.0,397.0,0.06455701522287569,1.6285975769253062e-38,A243Y
-2.962861391519394,1379.0,505.0,0.17847345334001236,6.938893903907228e-18,A243_
0.023772952982411878,1109.0,3282.0,0.1390656965525336,0.0,A252C
-2.7857307778952327,965.0,410.0,0.06085166504594097,2.4762130122371957e-58,A252D
-2.6543247727564947,1125.0,514.0,0.13738716318356806,0.0,A252E
-0.12764432011361768,1398.0,3676.0,0.03321499149484947,5.289930380813687e-99,A252F
-0.476835144555744,1467.0,3050.0,0.048476611048943755,0.0,A252G
-2.7249380824287606,1137.0,487.0,0.05597665240420223,5.743866117633696e-39,A252H
-1.1551446445062552,1482.0,1922.0,0.03654577573446366,7.17514400274998e-95,A252I
-2.879150969549304,969.0,383.0,0.1391292637047786,0.0,A252K
-0.6366502862777311,1097.0,2085.0,0.08133291705799926,1.734723475976807e-18,A252L
-0.4973823550354848,518.0,1049.0,0.13481377520171242,0.0,A252M
-2.5024883138792906,620.0,309.0,0.08113059376750768,1.7562340470789195e-14,A252N
-2.788049342122325,587.0,240.0,0.1210054876950687,0.0,A252P
-2.8819339985167303,1200.0,464.0,0.104404795128463,0.0,A252Q
-2.868691083354375,744.0,293.0,0.073232611815818,2.520267948132862e-07,A252R
-0.6549691804568226,1727.0,3162.0,0.03178201345452335,1.3667423826850897e-82,A252S
-0.6596438079397917,686.0,1275.0,0.05971109903634674,4.336808689942018e-19,A252T
-0.5543644898546958,747.0,1454.0,0.07565105704768964,2.6020852139652106e-18,A252V
-2.38856231581392,1541.0,848.0,0.04479686588067704,1.279771190338719e-39,A252W
-2.633376308417803,1501.0,689.0,0.08899567878978631,0.0,A252Y
-2.844294249183248,1056.0,432.0,0.07556989497670684,0.0,A252_
0.3735595724247385,1135.0,4199.0,0.03506945023111661,3.061490279103252e-110,A273C
-2.5355194914961166,1050.0,531.0,0.09566352346526573,8.673617379884035e-18,A273D
-0.6607747610378469,415.0,754.0,0.07551337880662842,8.673617379884035e-19,A273E
0.1340900217894974,1383.0,4293.0,0.05632148579976795,0.0,A273F
-0.3097216751986098,1056.0,2508.0,0.03839043448948128,8.903110932591625e-09,A273G
-1.192494006338969,1518.0,1889.0,0.0595799291452203,8.673617379884035e-19,A273H
-0.034476480102731535,886.0,2476.0,0.04085866745080401,1.1190458960346367e-248,A273I
0.13453319577504802,1356.0,4251.0,0.06658634568467602,0.0,A273K
0.2664212538431565,1279.0,4415.0,0.044736811766858675,0.0,A273L
0.045415118297635476,1145.0,3470.0,0.035838820391023686,2.0813527075227315e-47,A273M
0.2731920952890323,707.0,2409.0,0.0443446494736622,1.3999061072908422e-57,A273N
-2.634884053575782,1059.0,482.0,0.1086346191880372,3.469446951953614e-18,A273P
-0.342656447615737,2339.0,5300.0,0.06518334522397748,0.0,A273Q
-0.08073392698464324,1158.0,3173.0,0.09200428142304692,0.0,A273R
0.09253197016483324,779.0,2404.0,0.17645206727131846,0.0,A273S
0.188480908487878,690.0,2250.0,0.045174788366213324,0.0,A273T
0.05727650058079559,1145.0,3386.0,0.03584129410078751,5.719686244235489e-36,A273V
-0.2817605175010528,1252.0,2954.0,0.0424547694694213,1.3010426069826053e-18,A273W
0.11846545379271638,641.0,1955.0,0.2714818361024942,0.0,A273Y
-2.5588847303856452,714.0,348.0,0.1275082737073769,3.469446951953614e-18,A273_
-0.2357951868905477,1635.0,3940.0,0.0746382159215506,1.734723475976807e-18,A289C
-1.5398906322716104,697.0,714.0,0.07145128510253254,1.734723475976807e-18,A289D
-0.4660902212550871,764.0,1604.0,0.06722183851497476,0.0,A289E
-0.37048882516548554,1630.0,3666.0,0.16305090123881963,2.7755575615628914e-17,A289F
-0.2572987266204494,838.0,2023.0,0.08268942414659801,3.469446951953614e-18,A289G
-0.21589464840842038,899.0,2210.0,0.06962897508606884,1.734723475976807e-18,A289H
-0.5413938003588091,870.0,1709.0,0.04358765532662936,1.2754975063272257e-49,A289I
-1.0203711492482745,1110.0,1591.0,0.10942421014582633,0.0,A289K
-0.489214035612663,901.0,1890.0,0.16392965179285648,0.0,A289L
0.26021647875613263,1488.0,5092.0,0.09560861215225416,6.938893903907228e-18,A289M
-0.03307541455747957,1379.0,3802.0,0.06055465037798011,0.0,A289N
-2.5783680356990364,1081.0,516.0,0.05542714575360225,1.3716107241652427e-84,A289P
-0.8302164553954833,1106.0,1788.0,0.11776830327732524,3.469446951953614e-18,A289Q
-1.873498083703022,993.0,795.0,0.04984953193718009,1.4398769476218357e-13,A289R
0.11384352343982954,648.0,2030.0,0.04996057271140433,1.9900515794719215e-10,A289S
-0.2880387410675254,683.0,1640.0,0.12347210973194052,6.938893903907228e-18,A289T
-0.3430524588991924,1169.0,2687.0,0.09122818117004766,5.204170427930421e-18,A289V
-0.3720737308975116,933.0,2033.0,0.04145121483248124,2.476356166274191e-14,A289W
-0.3226592208144236,826.0,1915.0,0.1252298530835389,3.469446951953614e-18,A289Y
-2.6843884283502844,759.0,342.0,0.14554609297623786,6.938893903907228e-18,A289_
-0.29345021489388456,676.0,1610.0,0.13148932271587782,6.938893903907228e-18,A312C
-2.604068799950122,1136.0,542.0,0.05434152856448587,6.263471470744367e-07,A312D
-2.5325501897482052,1100.0,542.0,0.08939455770480746,1.734723475976807e-18,A312E
-1.8592354372405684,2159.0,1695.0,0.034339033074752084,3.0480724451421324e-30,A312F
0.04646313519193409,2496.0,7373.0,0.06769437442569443,3.469446951953614e-18,A312G
-2.146726493739063,1282.0,824.0,0.05417889996547144,2.0925101928970236e-16,A312H
-0.946855961797145,1186.0,1759.0,0.039532939899140425,2.4302637764842873e-91,A312I
-2.5648285134001103,1137.0,558.0,0.18618399348516368,0.0,A312K
-0.40508363835619043,1826.0,4013.0,0.030045372320905216,2.4505952573870942e-08,A312L
-0.7793312524391337,1189.0,1979.0,0.05655598544168813,0.0,A312M
-0.9803955572515111,1023.0,1518.0,0.04232270224840941,6.019108475160827e-47,A312N
-2.79400172713226,1561.0,644.0,0.07533616802746732,8.673617379884035e-19,A312P
-1.1085301570161081,1559.0,2033.0,0.03567020869967237,9.493694396975271e-17,A312Q
-2.9624809661500953,1039.0,398.0,0.06079066852034703,2.328051087856579e-52,A312R
-0.2285546243808873,1420.0,3525.0,0.12400411987669942,1.734723475976807e-17,A312S
0.1132802613109962,1073.0,3326.0,0.050399398470642225,0.0,A312T
-0.632267626387608,970.0,1821.0,0.04154403128671026,2.2565451098843673e-34,A312V
-1.7444964423974492,1410.0,1223.0,0.10796893896960078,3.469446951953614e-18,A312W
-2.225765242183027,919.0,560.0,0.07688649198604539,8.673617379884035e-19,A312Y
-2.9842679680459696,1128.0,411.0,0.2922188822208203,0.0,A312_
-0.4685222255099436,1113.0,2351.0,0.06097601239487406,0.0,A321C
-2.202941558411686,1278.0,789.0,0.09464721378664853,1.734723475976807e-18,A321D
-2.3316514141168594,1172.0,663.0,0.07410772635446969,8.673617379884035e-19,A321E
-1.5507644006670198,809.0,795.0,0.19357336908182685,1.3877787807814457e-17,A321F
-0.10822218899580477,1875.0,4993.0,0.03695693535822652,2.168404344971009e-19,A321G
-2.1473536122906287,1080.0,694.0,0.13674928629822017,0.0,A321H
-1.6625912818985167,572.0,525.0,0.2155795954987311,1.3877787807814457e-17,A321I
-2.4310094385454146,1123.0,596.0,0.11322632377506901,0.0,A321K
-1.3997433948312872,807.0,882.0,0.06886136945704235,1.734723475976807e-18,A321L
-1.5177812928254164,1358.0,1380.0,0.040148076135850516,7.826629234237505e-68,A321M
-1.7804501021660368,1012.0,846.0,0.08699505487921821,3.469446951953614e-18,A321N
-2.4759767800376253,428.0,217.0,0.2048520368006148,1.3877787807814457e-17,A321P
-1.6417151309582028,2167.0,2013.0,0.1289501888850951,0.0,A321Q
-2.2490519828530413,1366.0,839.0,0.0457928946098665,5.900236309282517e-95,A321R
-0.593788743001329,1594.0,2992.0,0.050370575799148484,0.0,A321S
-0.9571122997836357,1420.0,2108.0,0.16775892639663784,0.0,A321T
-0.633445078536999,1063.0,1966.0,0.03990607746848641,1.4820550503109145e-118,A321V
-1.7998283113395042,934.0,788.0,0.07892793544159518,8.673617379884035e-19,A321W
-1.9567449237554089,1340.0,989.0,0.05183892935198533,1.0842021724855044e-18,A321Y
-2.6881333634630304,1322.0,579.0,0.2523917791260204,1.3877787807814457e-17,A321_
-1.1597786073384686,1068.0,1358.0,0.07871789107619477,1.734723475976807e-18,A328C
-2.8341435586370642,2151.0,857.0,0.15547216287036128,0.0,A328D
-2.7696801119551093,1332.0,567.0,0.05196087986860784,3.1738481978905582e-52,A328E
-1.436273332734003,707.0,745.0,0.05474542915401288,1.6964399445093548e-82,A328F
-0.3660875291004322,1331.0,2915.0,0.059131802845979776,1.734723475976807e-18,A328G
-1.6238652398636975,26.0,22.0,0.4383827444855888,5.551115123125783e-17,A328I
-2.444685292810456,681.0,361.0,0.067253933223465,1.4548456075435485e-113,A328K
-1.6433117890132476,1215.0,1124.0,0.043279277408271324,5.328019709654321e-25,A328L
-1.644901263746488,1811.0,1698.0,0.1904509304096139,0.0,A328M
-2.5235960012137846,969.0,488.0,0.05753279876075235,3.245807624805064e-164,A328N
-2.720127624312533,1123.0,482.0,0.05657971044558907,2.160175680141493e-34,A328P
-2.5242990846621334,1030.0,526.0,0.10997176016660773,0.0,A328Q
-2.7611867024819907,1198.0,511.0,0.05491848538035577,9.634173572740937e-46,A328R
-0.8166635862305949,1643.0,2710.0,0.03318364464033404,9.690792639083657e-184,A328S
-1.2096323248260268,1587.0,2016.0,0.035544787337573984,2.154130796368089e-99,A328T
-0.9933334261012953,1473.0,2131.0,0.03588983887215992,5.753813356707527e-15,A328V
-2.0920268205389814,1627.0,1070.0,0.08093420035846155,0.0,A328W
-1.9039014119284312,1121.0,890.0,0.058196634151049594,4.336808689942018e-19,A328Y
-2.67107824682696,1143.0,518.0,0.17761709727092884,0.0,A328_
-0.41116870659722204,1026.0,2245.0,0.0794733859792568,0.0,A347C
-1.722665852955093,1115.0,984.0,0.04589493319383837,1.1536980010137558e-32,A347D
-1.3963140027075267,1434.0,1568.0,0.1628852318176403,0.0,A347E
-1.0261634539926217,1001.0,1398.0,0.1764327008983012,0.0,A347F
-0.09115652579996589,2338.0,6402.0,0.03166808513551693,2.168404344971009e-19,A347G
-1.9705360597918655,1188.0,870.0,0.04656827322352702,9.42439088087747e-76,A347H
-0.45738208194601043,836.0,1737.0,0.04387416188823525,5.620062129226997e-67,A347I
-2.820138610968284,1249.0,527.0,0.053779529078106465,2.751172131528278e-54,A347K
-0.8513220802968945,1019.0,1582.0,0.04218958986412915,2.2770663806623637e-17,A347L
-0.5146448232485392,1106.0,2248.0,0.07175429316313704,2.6020852139652106e-18,A347M
-0.8980274349772702,1127.0,1750.0,0.04011034123352552,0.0,A347N
-2.6817569287093384,1773.0,786.0,0.12873735587732232,3.469446951953614e-18,A347P
-1.5137727739275761,1601.0,1642.0,0.100280786252177,3.469446951953614e-18,A347Q
-2.8345676710715355,1323.0,542.0,0.08844628761654831,1.734723475976807e-18,A347R
-0.7524898571864558,1941.0,3376.0,0.06134599558619132,4.336808689942018e-18,A347S
-0.985321622616692,672.0,943.0,0.059572109365627575,9.380950877213579e-15,A347T
-0.7691738627396146,397.0,662.0,0.11882188974741399,0.0,A347V
-2.7352714259986155,1380.0,599.0,0.05083384710208751,2.8004769282179717e-247,A347W
-2.460047852352152,1404.0,730.0,0.07774879812651403,0.0,A347Y
-2.706348471894018,944.0,435.0,0.11470648102594713,0.0,A347_
-0.10781089958255342,1684.0,4421.0,0.030453910338034563,2.774650033510302e-103,A349C
-0.13955605181072112,957.0,2519.0,0.03976091984618769,1.3908146171264357e-79,A349D
-0.005641074269726689,873.0,2484.0,0.04098734961517777,3.4351021472108915e-36,A349E
-0.5164254200010329,1590.0,3260.0,0.05215539404947891,0.0,A349F
-0.0048624988785176985,1478.0,4291.0,0.03194904262242383,2.3143059582304857e-67,A349G
-0.1263520375386394,955.0,2562.0,0.09666831369108937,3.469446951953614e-18,A349H
-0.3204510194998566,907.0,2094.0,0.08453015010777931,0.0,A349I
0.03867921479551901,761.0,2248.0,0.08717015172245252,0.0,A349K
-0.1763925384513966,1044.0,2720.0,0.18478779087334968,1.3877787807814457e-17,A349L
-0.13248701204613048,1053.0,2782.0,0.05433310637190082,0.0,A349M
-0.07062664347815978,815.0,2235.0,0.0626489088939526,8.673617379884035e-19,A349N
-0.2938740638814214,442.0,1047.0,0.058550049786313986,5.869812861888947e-53,A349P
-0.35891054597409666,1787.0,3971.0,0.03033524621902212,0.0,A349Q
0.05800374232081985,1330.0,3979.0,0.06241539379990981,0.0,A349R
0.005423556881355541,834.0,2500.0,0.07979776042110452,0.0,A349S
-0.40223606719573873,783.0,1716.0,0.12930985399024625,0.0,A349T
-0.20322679523589365,1313.0,3274.0,0.03450890204479432,1.821187249033708e-15,A349V
-0.10766143346597444,1123.0,2982.0,0.03674456769599363,1.0090484678043035e-196,A349W
0.02627834521942217,1061.0,3109.0,0.08319844177949187,1.734723475976807e-18,A349Y
-2.841578297295327,1404.0,557.0,0.05193063603291413,1.0092912265725023e-173,A349_
-0.09626687200105834,1584.0,4312.0,0.031120849331049926,2.5045202878736737e-13,A357C
-0.6714904372731738,1479.0,2757.0,0.034161966557105516,7.051768024991817e-55,A357D
-1.224164209641775,1065.0,1303.0,0.04334805652026215,1.8674324971848917e-81,A357E
-1.1359082736611716,1988.0,2628.0,0.051978625725489405,8.673617379884035e-19,A357F
-0.31667063768769227,1294.0,2961.0,0.0795285076469553,0.0,A357G
-1.7527902516221614,1700.0,1451.0,0.13260255288106448,0.0,A357H
-0.08615982208137567,1632.0,4453.0,0.04433086931348914,0.0,A357I
-2.4182813216369077,717.0,379.0,0.15249590149223352,0.0,A357K
-1.4769951247471418,2254.0,2348.0,0.058381063679372784,8.673617379884035e-19,A357L
0.015994988771156658,409.0,1213.0,0.059175705940041685,2.7861389824925542e-27,A357M
-1.0348968751672807,973.0,1342.0,0.04399728902834558,3.915913068351039e-71,A357N
-2.818517172243743,1456.0,586.0,0.05069999097632719,1.0315710583723335e-53,A357P
-1.5296223144584626,1917.0,1877.0,0.09519899277628087,0.0,A357Q
-1.9999998381344588,1340.0,957.0,0.08949526003763975,0.0,A357R
0.010487801445361124,1175.0,3384.0,0.04672724256696863,0.0,A357S
0.03297692796038712,959.0,2810.0,0.07132628680462838,0.0,A357T
0.11558501947432734,639.0,1999.0,0.04743719649318408,4.51568383952554e-07,A357V
-0.38907165826845347,1471.0,3279.0,0.17157883075615926,0.0,A357W
-0.9454314052728083,1389.0,2098.0,0.11948399424469534,0.0,A357Y
-2.7107382285364436,1268.0,537.0,0.05334062894404311,4.932071126007987e-108,A357_
-0.9591346057850354,1678.0,2497.0,0.03344909642108416,3.4445107326977585e-63,A362C
-2.688661807039283,1617.0,718.0,0.11186579370297277,6.938893903907228e-18,A362D
-2.9156890698375557,1611.0,621.0,0.048960784003237764,5.734504753630838e-23,A362E
-2.5782782223233567,606.0,293.0,0.14913983949141024,6.938893903907228e-18,A362F
-0.5557563352723264,1052.0,2045.0,0.0398063401607888,6.017174159311457e-158,A362G
-2.5536213611765706,1485.0,726.0,0.1538295166407193,0.0,A362H
-2.7561012491396775,1226.0,528.0,0.05408120293985662,3.234121733015129e-86,A362I
-2.6856133456510722,1462.0,662.0,0.04886975934193275,1.876819073303245e-43,A362K
-2.356538421374881,1246.0,713.0,0.06375397179398883,0.0,A362L
-1.6489997407289294,958.0,862.0,0.06596136893667817,0.0,A362M
-2.597114419316922,761.0,368.0,0.1375295947342104,1.0408340855860843e-17,A362N
-1.5028693550008743,1400.0,1458.0,0.03945691281119752,1.7915738563290614e-79,A362P
-2.4770657118989985,1563.0,824.0,0.15031260515576442,0.0,A362Q
-2.6586641662943666,1834.0,834.0,0.043764595972625824,5.514275175008373e-11,A362R
-1.448358281355231,1049.0,1105.0,0.10434931262007123,0.0,A362S
-1.639380448893091,1920.0,1807.0,0.044795954236622776,2.168404344971009e-19,A362T
-2.6573001536094836,1192.0,547.0,0.05342940151258916,5.8063823721045667e-08,A362V
-2.756668873993785,804.0,354.0,0.18576700640145613,0.0,A362W
-2.9486169603854995,693.0,263.0,0.1410430952474716,6.938893903907228e-18,A362Y
-2.692772617318007,872.0,390.0,0.06323266760781306,3.796447784986888e-24,A362_
-0.17104010475378023,1843.0,4730.0,0.02927634610557998,1.0723429662315804e-89,A368C
-1.8943920505235041,886.0,669.0,0.05318588019367376,1.909869941818226e-46,A368D
-1.2199309261529196,947.0,1178.0,0.05142745664015479,4.999776634373454e-14,A368E
-0.8123722305611162,2078.0,3413.0,0.029708427304987864,4.516211873000855e-16,A368F
-0.24372445773882356,730.0,1729.0,0.045857816370559225,2.473253747068835e-56,A368G
-1.1060719620722845,1355.0,1813.0,0.24320468793645028,9.71445146547012e-17,A368H
-0.2045217178820023,1035.0,2585.0,0.03932490332134566,8.813783847162401e-08,A368I
-0.6023044487493903,354.0,691.0,0.06786048141278549,1.1400072235822524e-18,A368K
-0.1500943213347065,2184.0,5615.0,0.027098350726250327,0.0,A368L
-0.5801035232594597,1484.0,2854.0,0.18969853614311918,0.0,A368M
-0.31070152907986726,1142.0,2651.0,0.14457664466909595,0.0,A368N
-1.3978674390260362,1501.0,1624.0,0.10006591343353811,3.469446951953614e-18,A368P
1.3783543136876273,1799.0,13553.0,0.057619098015720384,8.673617379884035e-19,A368Q
-2.8913812019895047,1007.0,407.0,0.06067097846393616,3.258010084170706e-112,A368R
-0.2589718243513051,1383.0,3363.0,0.059469378525713004,0.0,A368S
-0.1838560357054413,1472.0,3745.0,0.032535376258070445,5.640653507428898e-112,A368T
-0.03250861328850552,1028.0,2820.0,0.03836287989427468,2.976996016453945e-07,A368V
-0.6089667619537459,1197.0,2256.0,0.08359549228467521,0.0,A368W
-1.6329786399329986,983.0,913.0,0.11604913080469213,3.469446951953614e-18,A368Y
-2.507179617931204,1182.0,602.0,0.21321171700970876,0.0,A368_
-0.7008582300349598,1625.0,2843.0,0.06648718450764468,0.0,A381C
0.028652356454793696,604.0,1789.0,0.13946327558063612,0.0,A381D
-0.1160785967122891,1270.0,3388.0,0.13845588190494432,6.938893903907228e-18,A381E
1.295971124901447,708.0,4893.0,0.043840514333689865,1.9894576613822997e-09,A381F
-0.17790989651912575,1141.0,2948.0,0.1689066273225491,0.0,A381G
-0.11962212955609648,669.0,1788.0,0.10030729115031399,0.0,A381H
-0.04591105724383043,658.0,1818.0,0.05774417380561776,0.0,A381I
-0.14135768924588102,393.0,1012.0,0.06153087983345093,6.884643699275216e-32,A381K
-0.033006374535997716,1220.0,3445.0,0.0891687722491251,0.0,A381L
-0.0032861956399984154,1057.0,3008.0,0.0900888922551852,0.0,A381M
-0.12360570168508789,1340.0,3534.0,0.038438674486578055,3.303347179128835e-15,A381N
0.408802376458601,2106.0,8108.0,0.08170462961895064,0.0,A381P
-0.1742609294258071,991.0,2536.0,0.039251509847482616,9.203733559561645e-95,A381Q
-0.27231008664120676,1390.0,3314.0,0.03377363349261189,4.288021794829201e-115,A381R
-0.10018319773343387,1051.0,2805.0,0.037933686424660655,4.142332817870255e-93,A381S
-0.1655745028373156,1841.0,4762.0,0.054282517265632955,0.0,A381T
-0.14554675009788776,1079.0,2803.0,0.10196414462992409,0.0,A381V
-0.2593243759952971,844.0,2033.0,0.06516220916051958,0.0,A381W
-0.1647451612504605,870.0,2269.0,0.1452128613624752,1.3877787807814457e-17,A381Y
-0.3927999933427216,1866.0,4072.0,0.044943066476588286,0.0,A381_
0.0260524734321343,373.0,1067.0,0.062140564104634054,2.776267799691333e-50,A45C
-2.9055556420779456,814.0,315.0,0.06840988938641497,5.492935812627092e-200,A45D
-2.944327413965511,468.0,174.0,0.1494924761110942,1.0408340855860843e-17,A45E
-1.0034837823909477,527.0,769.0,0.06151523529571411,3.646281001093432e-09,A45F
-1.271299895774244,1007.0,1190.0,0.10718469898377526,3.469446951953614e-18,A45G
-2.196501638024748,312.0,195.0,0.4994072349278279,0.0,A45H
-2.6518636859164864,1028.0,487.0,0.057634323458518426,4.411494971673358e-07,A45I
-2.7194979935815566,1035.0,449.0,0.07420904174598662,0.0,A45K
-2.451253345397109,403.0,202.0,0.14217904045729315,3.469446951953614e-18,A45L
0.04266060788170456,512.0,1530.0,0.05291339326476059,3.775332160777941e-49,A45M
-2.4259663813607424,705.0,370.0,0.08559683961878241,0.0,A45N
-2.8364788720489336,1619.0,654.0,0.05709333794189767,1.3010426069826053e-18,A45P
-2.775612140331064,1822.0,779.0,0.22765774229608943,5.551115123125783e-17,A45Q
-2.753334358847981,812.0,342.0,0.33614334559239,0.0,A45R
0.043533992311043615,878.0,2605.0,0.058180665641328046,4.336808689942018e-19,A45S
-0.9517340490799888,557.0,819.0,0.057064064273716276,1.0369611090006747e-201,A45T
-2.5723204261727908,1083.0,534.0,0.1282185563690635,3.469446951953614e-18,A45V
-2.7092873236158272,1287.0,561.0,0.14587304491687716,6.938893903907228e-18,A45W
-2.7489886535198362,925.0,393.0,0.101934551303529,1.734723475976807e-18,A45Y
-3.0713555389878358,638.0,213.0,0.11341730893191321,0.0,A45_
-0.14645738779937756,964.0,2478.0,0.1260703349828101,0.0,A46C
-0.28353842027642495,373.0,872.0,0.09214548000972732,0.0,A46D
-0.48926327512171713,580.0,1189.0,0.08789392161169923,0.0,A46E
0.0954404417046746,409.0,1277.0,0.05844868975626865,7.826417448312004e-19,A46F
0.15924520477542728,705.0,2317.0,0.09196379507039323,3.469446951953614e-18,A46G
-0.4785738323122978,884.0,1854.0,0.07102056514949381,3.469446951953614e-18,A46H
-0.2260971451518128,684.0,1686.0,0.07573342806386524,0.0,A46I
-2.0744165440310356,929.0,641.0,0.11870627459848938,0.0,A46K
-0.4955704927495525,428.0,865.0,0.061412456342050316,6.45470131175241e-09,A46L
-0.29352514204952856,664.0,1567.0,0.084266981889798,3.469446951953614e-18,A46M
-0.4293979941872163,371.0,748.0,0.23033830158501672,1.3877787807814457e-17,A46N
-1.6267575209681417,624.0,598.0,0.08243570613567883,0.0,A46P
-0.37366191755569766,788.0,1799.0,0.044528576054842436,5.839422588282325e-151,A46Q
-2.632653034217278,1494.0,700.0,0.056605522175241584,6.288372600415926e-18,A46R
-0.20888817455272998,1118.0,2713.0,0.03866715191976234,1.3446998678646365e-08,A46S
-0.3294080557860655,158.0,368.0,0.14565393795969464,0.0,A46T
-0.7620516816851555,1037.0,1780.0,0.04100978525004681,2.951182357315244e-93,A46V
0.20292381679117572,1173.0,3956.0,0.07249684614773823,1.734723475976807e-18,A46W
-0.5190732842498654,700.0,1410.0,0.053734573585711,8.16770696215885e-14,A46Y
-2.6271136495438583,353.0,165.0,0.12566990413663137,0.0,A46_
-1.7860552217199626,457.0,389.0,0.1708548164775737,2.7755575615628914e-17,A48C
-3.094632084830458,323.0,109.0,0.2860373205626549,0.0,A48D
-2.584598359614789,582.0,279.0,0.11183451284804138,0.0,A48E
-1.7778937293512398,394.0,340.0,0.07655709550997863,1.0406606648427104e-187,A48F
-0.07129908900919922,476.0,1315.0,0.07828914388067705,0.0,A48G
-1.2497292812620653,3049.0,3736.0,0.09032404471324282,0.0,A48H
-2.6480053565793975,1108.0,515.0,0.06932831564342101,0.0,A48I
-2.945489911525212,728.0,273.0,0.08568961878533314,2.0816681711721685e-17,A48K
-2.8970826063156667,309.0,123.0,0.10950704387207832,2.0047616188956898e-237,A48L
-2.137679619757304,752.0,498.0,0.1721426309820797,0.0,A48M
-1.022087360305841,443.0,632.0,0.2559805856030092,0.0,A48N
-2.8141931112629863,1337.0,550.0,0.05274971163848421,3.000934059376118e-10,A48P
-2.3866009829887638,490.0,269.0,0.2200182160530817,0.0,A48Q
-2.8502968875483243,519.0,204.0,0.1305237824352484,0.0,A48R
-0.39026315587505467,1030.0,2235.0,0.03945571638867322,1.531004513056787e-198,A48S
-2.588135633493093,626.0,298.0,0.07287251333132376,2.9336204895445505e-56,A48T
-2.706993704469456,422.0,185.0,0.32715058976328615,0.0,A48V
-2.8927878155350593,654.0,252.0,0.17962513294566668,0.0,A48W
-1.026741671857699,1046.0,1484.0,0.04242386637870914,6.033271494274171e-32,A48Y
-2.774819089575366,867.0,366.0,0.06421197635453839,1.9088280918177425e-31,A48_
-0.4756682401540572,1021.0,2101.0,0.04016549412104228,2.6334149092123815e-07,A62C
-2.7046266990738292,837.0,370.0,0.06823548573412788,5.314011094874338e-09,A62D
-2.733142257133436,591.0,255.0,0.18858705549030425,6.938893903907228e-18,A62E
-2.661818591907638,408.0,181.0,0.1352227995980335,0.0,A62F
-0.0794100110660705,1255.0,3415.0,0.09131302930833778,5.204170427930421e-18,A62G
-2.9452128507360094,604.0,234.0,0.20121840971265995,0.0,A62H
-2.6150040584345704,497.0,236.0,0.08109127678222137,1.2900168161083817e-11,A62I
-3.131593068832642,548.0,186.0,0.1373892376832116,0.0,A62K
-1.9788118950763076,46.0,37.0,0.2743218205438537,1.2698175844150228e-15,A62L
-2.7738936028178283,79.0,32.0,0.45110730460384657,0.0,A62M
-2.1388474405481617,996.0,642.0,0.13070072368348395,0.0,A62N
-2.7789763748801395,810.0,353.0,0.10647319444499802,0.0,A62P
-2.609734083474562,782.0,373.0,0.0764101524140006,1.0061396160665481e-16,A62Q
-2.780083040081808,547.0,236.0,0.2116816677827716,1.3877787807814457e-17,A62R
0.1374318914364364,564.0,1836.0,0.10983822146273466,6.938893903907228e-18,A62S
-1.5817421546693151,80.0,76.0,0.16476305845331973,9.31088228399841e-207,A62T
-1.8178490332263928,855.0,711.0,0.2729566079865824,0.0,A62V
-2.973387749643533,373.0,135.0,0.10298188662731483,4.422180085669884e-174,A62W
-2.0797052884234493,394.0,266.0,0.08215779289615234,7.343172709266271e-106,A62Y
-2.7245670911992943,561.0,241.0,0.07927608104233701,1.8441442967055488e-151,A62_
-0.8730530291668993,831.0,1329.0,0.0853827136592371,0.0,A86C
-1.4522096440204877,538.0,560.0,0.10310914385717712,3.469446951953614e-18,A86D
-1.1631837825205906,595.0,770.0,0.10121015045717063,1.734723475976807e-18,A86E
0.08254595499863027,660.0,1990.0,0.04655265627712545,1.561979103222344e-61,A86F
-0.017414744767645606,448.0,1273.0,0.07662146890024597,8.673617379884035e-19,A86G
-0.5722169492497378,457.0,906.0,0.05952552201105415,7.021324019636736e-99,A86H
-1.0088582885960078,609.0,882.0,0.13551139719501373,3.469446951953614e-18,A86I
-1.4313332638985055,392.0,430.0,0.08032066575891181,2.2384568157396423e-13,A86K
-1.3487469328164423,567.0,637.0,0.2195770235376885,2.7755575615628914e-17,A86L
-1.02973910741215,286.0,422.0,0.17988921763041274,0.0,A86M
-0.9669104099160305,530.0,771.0,0.1451416988704984,6.938893903907228e-18,A86N
-1.0254273395156688,599.0,824.0,0.056001377036488824,8.55750218926187e-19,A86P
-0.6710619298211635,262.0,465.0,0.09027555146094712,2.0775438661080337e-13,A86Q
-2.338921979384533,818.0,462.0,0.09161236514522725,0.0,A86R
-0.4520651146732218,287.0,605.0,0.07366854717578876,2.1983658024773684e-30,A86S
-1.0618837666600496,668.0,937.0,0.16654554277461156,6.938893903907228e-18,A86T
-0.751083670919976,290.0,503.0,0.07656906930688455,8.313913230381777e-13,A86V
-0.15879202088708855,316.0,813.0,0.06837326045159209,1.6574153404009424e-156,A86W
-1.2700966618692382,1049.0,1257.0,0.043851876425865896,2.0258082715954024e-122,A86Y
-2.8305376149999484,618.0,241.0,0.07819513803304114,7.00704527408e-312,A86_
-0.06354943432126402,810.0,2264.0,0.11542689930316265,1.3877787807814457e-17,C72A
-1.0337079409171792,684.0,964.0,0.06554680928871928,4.336808689942018e-19,C72D
-0.21585254910233875,485.0,1210.0,0.2009059584751987,4.163336342344337e-17,C72E
-0.44258294646889396,204.0,435.0,0.08759383683197722,4.98116135179875e-80,C72F
-0.0474576869071608,960.0,2690.0,0.22423132037509563,8.326672684688674e-17,C72G
0.42321061644759106,1615.0,6165.0,0.0687304499275963,8.673617379884035e-19,C72H
-0.23367344617511182,839.0,2087.0,0.12717385575352178,3.469446951953614e-18,C72I
-0.34096382965648725,63.0,147.0,0.7967975737448012,4.440892098500626e-16,C72K
-0.2535831771990865,826.0,2040.0,0.04292572780418488,1.3870115484144878e-11,C72L
-0.23338756633527455,976.0,2374.0,0.17923931883334684,0.0,C72M
0.03916532338746824,681.0,1950.0,0.1453986699391723,0.0,C72N
-1.2547396634783317,591.0,719.0,0.30802899884694673,0.0,C72P
-0.4218911916017602,574.0,1257.0,0.05613870896531293,6.563575973960595e-11,C72Q
-1.0217474951883763,752.0,1064.0,0.15506562805878665,0.0,C72R
-0.062164147941837576,427.0,1142.0,0.05867457388505562,2.9540206211058183e-65,C72S
-0.16413569662357044,335.0,881.0,0.1650035944930152,0.0,C72T
0.08962183546103408,606.0,1863.0,0.1229969662624908,0.0,C72V
0.09990124134413916,559.0,1744.0,0.30950460799517115,0.0,C72W
-0.34964774891050665,880.0,1942.0,0.04899457259129893,1.5792488844423858e-15,C72Y
-2.300518260609418,1590.0,939.0,0.043227344999659294,3.3857610839749557e-19,C72_
-0.874189461535787,826.0,1280.0,0.046529599959075615,1.4049316457915882e-88,D118A
-0.3164425884169094,627.0,1473.0,0.1186474096515793,0.0,D118C
-0.32631000130794396,577.0,1329.0,0.11292544084716165,6.938893903907228e-18,D118E
-0.7822253076836512,432.0,706.0,0.10423775291310705,0.0,D118F
-1.1953665931141733,908.0,1150.0,0.04654413283547375,3.4521150316309463e-25,D118G
-0.7839904109350357,730.0,1228.0,0.048847853669096566,1.673863352769176e-23,D118H
-0.7115766707781217,585.0,1076.0,0.1014339290580103,0.0,D118I
-0.4919883999149596,375.0,761.0,0.06530336393102908,1.6106041265885768e-106,D118K
-0.7258201885398614,931.0,1654.0,0.18037559916776044,2.0816681711721685e-17,D118L
-0.7187539484938857,444.0,747.0,0.20885541345704564,1.3877787807814457e-17,D118M
-2.066875701255814,1492.0,1023.0,0.04256686588953147,1.6231095412609852e-292,D118N
-2.574713761182395,629.0,304.0,0.0720772804629836,1.2339238443964372e-168,D118P
-0.5637890055852547,502.0,984.0,0.06388233934703177,3.0595317945802947e-14,D118Q
-1.052031834354209,785.0,1114.0,0.04858615476639959,1.020097900796853e-127,D118R
-0.8232952475148269,427.0,708.0,0.11657608608124077,0.0,D118S
-0.5598904543083553,391.0,744.0,0.09408344006190131,5.204170427930421e-18,D118T
-0.6380317311610555,442.0,824.0,0.08743201165962808,0.0,D118V
-1.3113883863357032,656.0,769.0,0.07911992944906664,0.0,D118W
-0.9426714496978004,283.0,428.0,0.0790004963695064,5.886493797633702e-93,D118Y
-2.839418257800679,574.0,232.0,0.34964651636919397,1.3877787807814457e-16,D118_
-0.1737101649140998,288.0,762.0,0.2610998165414871,0.0,D179A
-0.170947297116819,322.0,811.0,0.24953127542606526,0.0,D179C
-0.38522598472641933,526.0,1145.0,0.06995805660862227,0.0,D179E
-0.11503708535167291,444.0,1182.0,0.05771041254275033,4.30814171275549e-18,D179F
-0.36412493209267216,533.0,1216.0,0.06212641937643239,2.229119666630197e-16,D179G
-0.2400599357453267,623.0,1512.0,0.04939453705659709,6.546369197304642e-128,D179H
-0.41508976393671587,476.0,1050.0,0.19664160471468417,0.0,D179I
-0.37839383428243795,858.0,1911.0,0.1375250537752987,1.3877787807814457e-17,D179K
-0.3770711743632865,842.0,1837.0,0.043459353089006364,1.1291407981550827e-141,D179L
-0.526377197858905,405.0,814.0,0.1549999806400663,0.0,D179M
-0.11060311961698135,881.0,2280.0,0.05107018619763797,8.673617379884035e-19,D179N
-0.49855285660112897,963.0,2004.0,0.04104696248665133,2.4033792120131327e-221,D179P
-0.2410824238832002,1090.0,2656.0,0.03783291551322082,2.136150929147443e-09,D179Q
-0.40546885675760114,708.0,1530.0,0.14154788223342346,6.938893903907228e-18,D179R
-0.3827811115090709,1100.0,2475.0,0.04106760294627316,4.700230894598423e-11,D179S
-0.2155056842562103,869.0,2173.0,0.06712315693015598,8.673617379884035e-19,D179T
-0.3008911104636955,864.0,2000.0,0.05088471071564395,8.673617379884035e-19,D179V
-0.30822136448016046,816.0,1879.0,0.1565306452614133,1.3877787807814457e-17,D179W
-0.1635471328649506,780.0,2012.0,0.04399051089840923,4.142803304916729e-86,D179Y
-2.865535104282258,336.0,132.0,0.30695283202511564,0.0,D179_
-0.12121061503727991,914.0,2448.0,0.13394048755719545,0.0,D239A
-1.1387153097614857,1410.0,1871.0,0.1071783473311558,0.0,D239C
0.016478755741158372,894.0,2618.0,0.06399240089345307,0.0,D239E
-1.23839404472547,1335.0,1624.0,0.038883575002505895,7.896296141233041e-197,D239F
-0.6855521800069697,773.0,1356.0,0.04708831615150704,4.142318220265958e-44,D239G
-0.689169284681141,1524.0,2686.0,0.12437883080336057,0.0,D239H
-0.952989117138793,1130.0,1690.0,0.08562099407402848,0.0,D239I
-1.921289379585984,2196.0,1668.0,0.08891631719053532,0.0,D239K
-0.9865179899191697,802.0,1183.0,0.158829771885169,0.0,D239L
-1.1071308791961567,2174.0,2927.0,0.06599245386551947,0.0,D239M
-0.8836739860424604,1228.0,1879.0,0.054400726998759,0.0,D239N
-0.5359571490442787,1159.0,2321.0,0.037795299536277444,3.691080511270342e-161,D239P
-0.6108109250707044,1309.0,2447.0,0.07375202921500185,0.0,D239Q
-1.9999186180814572,1190.0,849.0,0.07824336992111552,0.0,D239R
0.13119323872861408,747.0,2330.0,0.08810595361034075,0.0,D239S
-1.4724784498699635,1792.0,1853.0,0.035166638717578934,1.472785571295243e-23,D239T
-0.8562196809038704,1394.0,2205.0,0.0660501740757401,8.673617379884035e-19,D239V
-1.7529348619777685,441.0,387.0,0.07209974720830098,1.6469542925811313e-186,D239W
-1.4433923949267449,630.0,665.0,0.057746005536852635,2.8840024588830094e-141,D239Y
-2.923133485349142,1522.0,585.0,0.0612454192836415,1.734723475976807e-18,D239_
0.010436408702377617,1074.0,3119.0,0.07358929769039643,0.0,D260A
-0.06592193984548,1299.0,3545.0,0.04705728751276675,0.0,D260C
0.05704983751100394,1081.0,3173.0,0.06741700792375802,2.6020852139652106e-18,D260E
-0.33725519178452423,728.0,1627.0,0.06970460931086193,8.673617379884035e-19,D260F
0.15915690297432045,785.0,2496.0,0.05262409853463667,0.0,D260G
0.03564814697925776,918.0,2788.0,0.15868906944008151,0.0,D260H
-0.41056319174043937,979.0,2118.0,0.04049916827492797,2.4692388021506765e-101,D260I
-1.271969958611802,1012.0,1224.0,0.07093024152733053,0.0,D260K
-0.5877345709347187,693.0,1318.0,0.12110783904812726,6.938893903907228e-18,D260L
-0.17614572100100553,1322.0,3389.0,0.06993424469825008,0.0,D260M
-0.2220658588686717,896.0,2145.0,0.04151169661375268,6.809732679054861e-116,D260N
0.1156638332164879,992.0,3072.0,0.09167498026272854,0.0,D260P
-0.2279742145173915,1171.0,2906.0,0.03631548080661169,7.403519995037176e-13,D260Q
-1.311882162134677,1554.0,1760.0,0.06441010022174558,0.0,D260R
0.030835384119456244,1282.0,3733.0,0.11721594822404936,0.0,D260S
0.034143335431050165,513.0,1504.0,0.13763536936473267,0.0,D260T
-0.24277817934345178,728.0,1719.0,0.04740515628988595,9.466373004790867e-08,D260V
-0.9653974568349102,1977.0,2927.0,0.03101815155724968,2.277116709981752e-63,D260W
-0.23074106215690515,1081.0,2641.0,0.037936060159739056,4.719645308929628e-41,D260Y
-2.7057343506262876,1012.0,431.0,0.11686037238261575,0.0,D260_
-0.18222494080047263,816.0,2098.0,0.1508868885044636,0.0,D290A
-0.338891128073152,919.0,2073.0,0.08592246590011078,0.0,D290C
-0.3597948119626477,382.0,862.0,0.12033481644794826,0.0,D290E
-0.44939424638483033,1053.0,2188.0,0.07003961308798433,0.0,D290F
-0.1085140080049068,946.0,2554.0,0.06088610858534026,1.734723475976807e-18,D290G
-0.030582994698233803,1120.0,3135.0,0.06025242560030538,0.0,D290H
-0.5501664221841371,889.0,1735.0,0.12939844739413542,3.469446951953614e-18,D290I
0.05823940298875641,1141.0,3495.0,0.03586134710788831,1.487725272427597e-28,D290K
-0.5971309426486067,564.0,1094.0,0.12117470239504992,0.0,D290L
0.27118551465143964,2455.0,8425.0,0.046003839358732396,0.0,D290M
-0.14375086040493032,1098.0,2841.0,0.048377158965549096,4.336808689942018e-19,D290N
-0.6115011821035421,1475.0,2784.0,0.034009709738084884,6.942769411695324e-26,D290P
0.10630202879802524,1313.0,4044.0,0.07445645988413564,5.204170427930421e-18,D290Q
-0.1008151698005273,778.0,2111.0,0.06079405572528458,0.0,D290R
-0.1504837786820499,983.0,2553.0,0.04632658661050424,3.903127820947816e-18,D290S
-0.29949613914336387,1405.0,3325.0,0.11073002243136748,0.0,D290T
0.14984982903751054,1534.0,4984.0,0.10188302438277677,0.0,D290V
-0.3792852340996035,1066.0,2338.0,0.038811611309460765,6.844624309310464e-62,D290W
-0.11583774723238256,1277.0,3417.0,0.050292509159924524,8.673617379884035e-19,D290Y
-2.5244138118345565,687.0,345.0,0.06800302058385381,7.932837546767036e-40,D290_
-2.838320841455472,611.0,251.0,0.17041143150441412,2.0816681711721685e-17,D307A
-2.8247066050823197,693.0,278.0,0.07321260594794084,5.855552169811207e-203,D307C
-2.437278035350643,622.0,347.0,0.18409628997176292,0.0,D307E
-2.884201174880765,1201.0,470.0,0.056540435477394756,6.642867145195908e-07,D307F
-2.8202338642493836,844.0,345.0,0.06586985225736296,3.6968196261215124e-85,D307G
-2.7042717948882027,1250.0,571.0,0.056831523090662354,1.925034459095143e-11,D307H
-2.6838951393238273,1292.0,584.0,0.059695847384986046,2.743031496388326e-16,D307I
-2.7763543348384867,1344.0,570.0,0.16203421787241976,2.0816681711721685e-17,D307K
-2.7243102193954445,1224.0,526.0,0.05419631909059401,1.194637398112629e-50,D307L
-2.8098894925232303,778.0,331.0,0.0753497821310175,2.401903329007915e-12,D307M
-2.7398861438848074,1608.0,685.0,0.05803668366135365,4.336808689942018e-19,D307N
-2.729203667435741,1200.0,536.0,0.12144459078139482,3.469446951953614e-18,D307P
-2.821904903584359,783.0,323.0,0.06842446529262962,3.0727457376427377e-59,D307Q
-2.7950096349306586,1135.0,468.0,0.05677601450600003,9.611806477289726e-58,D307R
-2.703720922070526,779.0,356.0,0.08246016688458624,0.0,D307S
-3.0086628333720786,1182.0,432.0,0.11037798056255568,0.0,D307T
-2.546864350840047,1293.0,627.0,0.09971334973455945,1.734723475976807e-18,D307V
-2.4613295016976755,1444.0,756.0,0.08062081016521315,0.0,D307W
-2.8600396994162525,761.0,303.0,0.23943128347291623,0.0,D307Y
-2.691223293955349,1009.0,451.0,0.05857249759388521,5.331026430532471e-85,D307_
-0.2140503552352209,1007.0,2576.0,0.038900665260502836,5.936540756528561e-85,D323A
-0.08821981496066301,1191.0,3231.0,0.08348340605903497,0.0,D323C
-0.016058517881522672,198.0,571.0,0.19506244847321175,2.0816681711721685e-17,D323E
-0.7780477028016188,1610.0,2687.0,0.033392119271419905,8.580783309753258e-134,D323F
-0.1907901829518721,933.0,2372.0,0.08070659873354256,0.0,D323G
-0.3560895706020873,1746.0,3940.0,0.03058639800231358,6.6429317640933795e-136,D323H
-0.6106399697269422,865.0,1628.0,0.043949416812525656,3.761501380239577e-244,D323I
0.9307318627125433,2082.0,11626.0,0.035651543630670815,0.0,D323K
0.8495137066047739,985.0,5032.0,0.18117726530714093,0.0,D323L
-0.2205077947278327,1172.0,2890.0,0.03647788929351797,9.204330836312195e-14,D323M
-0.18512248987687455,1603.0,4182.0,0.1093778126864593,3.469446951953614e-18,D323N
-0.25666565539011926,1009.0,2368.0,0.1035405489844997,0.0,D323P
0.9084220000334989,1604.0,8939.0,0.02874733193593458,4.016414612799708e-223,D323Q
-0.44509228700748715,935.0,2017.0,0.14496671534165112,0.0,D323R
-0.10174369820798032,908.0,2468.0,0.04064562336782441,1.997474273851483e-13,D323S
-0.6457626460044523,945.0,1730.0,0.042284932169105095,4.552713815064043e-94,D323T
0.6271364699086246,1641.0,7224.0,0.028997774026101965,1.875614904194116e-22,D323V
-0.24546174218451358,1280.0,3084.0,0.05896670308907014,8.673617379884035e-19,D323W
-0.5315813700453191,725.0,1419.0,0.047589382647020076,1.8593956927855922e-102,D323Y
-2.608465798586749,1309.0,627.0,0.10982648653347678,0.0,D323_
-0.33053063127363075,648.0,1500.0,0.0619855547168875,0.0,D32A
0.2539466948783365,438.0,1435.0,0.05624690953638349,1.378064189639959e-145,D32C
-0.5000274248261908,447.0,894.0,0.17708826453119492,6.938893903907228e-18,D32E
-0.49793577093483893,548.0,1130.0,0.29812466245963753,5.551115123125783e-17,D32F
-0.062240096156174075,1019.0,2762.0,0.09716137515922871,0.0,D32G
-0.20259308742807317,699.0,1753.0,0.04645219313294693,5.636793818208906e-58,D32H
-1.1934781155981269,721.0,922.0,0.05194264824711763,1.869817314382069e-42,D32I
-0.4882798720751782,951.0,2002.0,0.04129379656400513,1.2937321355639978e-54,D32K
-1.3880764299017907,830.0,935.0,0.12090212177985966,1.734723475976807e-17,D32L
-1.063986194560319,303.0,413.0,0.07818539535816735,0.0,D32M
-0.3205965585919575,729.0,1693.0,0.04622259019706837,3.013192754183981e-35,D32N
-1.6813696328275594,379.0,335.0,0.11307200840601052,0.0,D32P
-0.10801693180444466,559.0,1506.0,0.06630202545622554,0.0,D32Q
-0.7866710789139709,872.0,1456.0,0.04467703880514244,1.7657425950268583e-62,D32R
-0.36713381768666775,418.0,933.0,0.2268056416579718,0.0,D32S
-0.48054790270893855,538.0,1095.0,0.1828320457140748,0.0,D32T
-0.72467741237198,581.0,1013.0,0.19974794668196372,0.0,D32V
-1.4032982491270418,1179.0,1291.0,0.08858840244607138,1.734723475976807e-18,D32W
-1.0536661151831979,985.0,1341.0,0.051193550514075994,1.6761765586625899e-16,D32Y
-2.7616323292800646,722.0,303.0,0.07065439828100904,9.41839483735024e-200,D32_
-2.249888284421823,1101.0,661.0,0.11949981857579497,0.0,D352A
-2.303542749036303,2037.0,1171.0,0.05040313701678849,4.336808689942018e-19,D352C
-0.6600109223083843,1136.0,2078.0,0.03882304845911049,2.845170672814998e-61,D352E
-2.6731986195681148,1475.0,663.0,0.10889375329110687,1.0408340855860843e-17,D352F
-1.3081424376580777,1076.0,1261.0,0.059462549048889604,1.3010426069826053e-18,D352G
-2.1427085096108325,1079.0,712.0,0.050226775823542354,9.578709790917071e-53,D352H
-2.169302968283647,1466.0,913.0,0.10869782745336426,0.0,D352I
-1.6099318250164365,1391.0,1302.0,0.07426485380810634,0.0,D352K
-2.8053571933027204,986.0,403.0,0.06094152510846503,1.1949868666580646e-25,D352L
-2.1034272472606426,1152.0,784.0,0.0481999732681912,5.122541030969153e-27,D352M
-1.1986430430396815,951.0,1198.0,0.05749888067060687,4.336808689942018e-19,D352N
-2.523596471673981,1057.0,527.0,0.12202053462304599,0.0,D352P
-1.6095554429852386,1341.0,1258.0,0.04124409864526999,6.501790791361342e-220,D352Q
-2.2358413774555914,1898.0,1149.0,0.03936081357094934,1.0136401739728464e-64,D352R
-1.7174244938821088,1783.0,1554.0,0.03660763298030887,8.636129829874882e-55,D352S
-0.9037113034809655,1282.0,2038.0,0.03748319561670773,6.767816055306107e-17,D352T
-2.473192466668654,1081.0,577.0,0.0535328261026968,6.721263321250772e-110,D352V
-2.5177586032054653,1091.0,553.0,0.054046766116290806,1.2022692614298378e-18,D352W
-2.448253897050692,1292.0,691.0,0.09943146385796622,1.734723475976807e-18,D352Y
-2.67945593565261,1639.0,732.0,0.22511228590006105,0.0,D352_
-0.9409324286377173,640.0,974.0,0.11216805202243604,6.938893903907228e-18,D39A
-3.332334047843005,361.0,108.0,0.11173507201274169,1.1414840572976366e-29,D39C
-1.827507204960289,601.0,480.0,0.09531974791290918,1.734723475976807e-18,D39E
-1.8083764525543207,504.0,401.0,0.0887510314964791,0.0,D39F
-0.6105129448163604,770.0,1433.0,0.04668509252350625,1.5604952676615837e-40,D39G
-1.5700390110611304,1168.0,1139.0,0.04367975684931159,1.0759280078732926e-152,D39H
-2.626193801565785,1285.0,599.0,0.05126634378813279,3.6432305862650916e-16,D39I
-2.106787288293044,656.0,440.0,0.0934219085645138,0.0,D39K
-2.6105123811626054,895.0,425.0,0.061100894065891545,9.677329631724486e-86,D39L
-2.198391326323625,804.0,509.0,0.09527132966680843,0.0,D39M
-0.532345254274566,615.0,1267.0,0.05114405736724247,1.6451267685435662e-104,D39N
-2.5069890266765773,360.0,175.0,0.09552842650137464,5.616873824078564e-10,D39P
-1.9753435581392824,811.0,583.0,0.13347661628591223,1.0408340855860843e-17,D39Q
-2.0090213987998453,1439.0,1025.0,0.053967037445594015,0.0,D39R
-0.7468653731230104,1155.0,2012.0,0.07005608871075245,0.0,D39S
-1.826625692270723,414.0,339.0,0.0762816370931861,5.652971352085179e-08,D39T
-2.3272921730023346,547.0,313.0,0.2202904728947683,0.0,D39V
-2.6308426518189973,1401.0,653.0,0.04919303022296906,3.955606878873587e-34,D39W
-1.721644839492493,633.0,552.0,0.2501835156540432,1.3877787807814457e-17,D39Y
-3.026125177782888,602.0,214.0,0.2128065754878122,0.0,D39_
-2.6652393664440086,1394.0,625.0,0.05469824700837551,3.0996468412813893e-12,D63A
-3.1372721247511817,1143.0,359.0,0.2401839736644544,4.163336342344337e-17,D63C
-2.4397276130971073,866.0,455.0,0.05984429366372085,1.0949147783928807e-40,D63E
-2.479461628409098,826.0,426.0,0.23169450647617745,0.0,D63F
-2.87549505989745,1239.0,496.0,0.054904167531250166,2.0363713629506477e-22,D63G
-2.7745311879557626,641.0,277.0,0.12114893528324333,0.0,D63H
-3.871357468453217,2601.0,513.0,0.08619938496477898,1.0408340855860843e-17,D63I
-2.705210479221848,974.0,419.0,0.10543709824518935,0.0,D63K
-2.7794850442917145,1033.0,437.0,0.1348090057389915,1.3877787807814457e-17,D63L
-2.71162022997111,1120.0,497.0,0.08184687076104272,0.0,D63M
-2.938176853778132,535.0,205.0,0.08436999282692303,2.9790543358752075e-125,D63N
-2.5816824619290677,783.0,379.0,0.08666126352944019,0.0,D63P
-2.9140729171178394,668.0,254.0,0.08269228089721521,9.838723152161277e-12,D63Q
-2.840043870130189,1235.0,506.0,0.1786641057385532,2.0816681711721685e-17,D63R
-2.5767702418062304,803.0,383.0,0.19787428597625417,2.7755575615628914e-17,D63S
-2.7045471917465025,733.0,324.0,0.06889754612927246,1.0661920450565689e-301,D63T
-3.0291835830404303,309.0,117.0,0.28922463182103786,5.551115123125783e-17,D63V
-2.7702790436383973,774.0,330.0,0.26720197598864015,2.7755575615628914e-17,D63W
-2.9229511443196925,648.0,247.0,0.1103173325413259,0.0,D63Y
-2.703557076172985,1701.0,766.0,0.045276629358858005,2.4388011308079133e-12,D63_
-0.35907093995698897,706.0,1602.0,0.06514956461197077,0.0,E152A
-0.3447305173622477,354.0,812.0,0.15271940715001855,0.0,E152C
-0.46665195465516274,729.0,1502.0,0.10176264249112027,0.0,E152D
-0.5113613637699644,952.0,1921.0,0.11443945464963365,0.0,E152F
-0.4121685090234895,504.0,1059.0,0.056126865402947965,2.1329112940310424e-103,E152G
-0.3569350086980899,550.0,1228.0,0.07196165984990908,8.673617379884035e-19,E152H
-0.6361693769732055,692.0,1260.0,0.2114666812452693,0.0,E152I
-0.9474232381647028,478.0,719.0,0.16880275414592077,1.3877787807814457e-17,E152K
-0.9278578573872533,599.0,880.0,0.055012320196872695,1.6100543259075496e-184,E152L
-0.5991703355937011,443.0,831.0,0.13584047435432023,0.0,E152M
-0.5053391745813114,371.0,755.0,0.23603675358803644,0.0,E152N
-0.3975891425454269,358.0,798.0,0.11190468088581781,3.469446951953614e-18,E152P
-0.2602059565709627,525.0,1273.0,0.053781715445566855,1.904778733429739e-148,E152Q
-1.13886343683366,1146.0,1482.0,0.061887444532361,3.469446951953614e-18,E152R
-0.2821464924082548,473.0,1127.0,0.10250318676237896,0.0,E152S
-0.23053949273447785,738.0,1853.0,0.2793839238069929,5.551115123125783e-17,E152T
-0.77531327203583,450.0,749.0,0.07594738597617656,1.734723475976807e-18,E152V
-0.7133708416335355,1070.0,1847.0,0.05061065094556753,2.168404344971009e-19,E152W
-0.5295901061835053,376.0,761.0,0.3324776179136948,8.326672684688674e-17,E152Y
-2.8589494189621245,929.0,378.0,0.06678214782258672,4.3936674588287636e-09,E152_
-0.22198347609574234,501.0,1282.0,0.05475085337177204,1.8271758896271156e-11,E192A
-0.6505193942904431,876.0,1574.0,0.06339749373216713,0.0,E192C
-0.20623276252572575,1438.0,3562.0,0.0329872760243638,2.248025014948334e-37,E192D
-1.2411704208371204,818.0,1023.0,0.12162126556665498,0.0,E192F
-0.498349892525408,472.0,983.0,0.2433604125728142,0.0,E192G
-0.4149926568906921,624.0,1319.0,0.05038248542845813,2.0424130351044124e-60,E192H
-1.466814060827095,897.0,947.0,0.08209846785881099,1.734723475976807e-18,E192I
-0.48131367481482973,121.0,261.0,0.29963172551441636,0.0,E192K
-1.395605455804924,830.0,928.0,0.0498374663481321,1.8123362851851826e-190,E192L
-1.15342471718239,744.0,971.0,0.050752299155752634,2.13969275197901e-145,E192M
-0.34406824412877907,1347.0,3061.0,0.03447576548014423,1.0587946751430087e-84,E192N
-0.21656015287388022,1122.0,2774.0,0.0451181252192099,2.168404344971009e-19,E192P
-0.23104257443622048,883.0,2161.0,0.07712621917818932,3.469446951953614e-18,E192Q
-1.3164182632961958,1616.0,1864.0,0.0571652460286377,1.734723475976807e-18,E192R
-0.38887298832479655,353.0,794.0,0.2570266017531867,0.0,E192S
-0.2688349862230259,962.0,2290.0,0.09547293397868536,3.469446951953614e-18,E192T
-0.9519875776198847,384.0,597.0,0.23606373508895306,6.938893903907228e-17,E192V
-1.5279326252540273,1080.0,1090.0,0.08658106367730149,0.0,E192W
-0.8682547040266646,943.0,1481.0,0.15789641558471582,0.0,E192Y
-2.6067657326647544,786.0,363.0,0.12531117639809114,3.469446951953614e-18,E192_
-2.6430044864769577,673.0,308.0,0.10097404855499877,3.469446951953614e-18,E222A
-2.7568048288488103,915.0,391.0,0.2682371085059224,0.0,E222C
-2.143734499592542,740.0,480.0,0.060902883973197645,1.7803603547195796e-100,E222D
-2.947116077383959,1257.0,463.0,0.1611231662200889,0.0,E222F
-2.82717539689864,1089.0,441.0,0.058517703476312716,1.333442425307581e-73,E222G
-2.7899548808027177,1107.0,460.0,0.10700566169288218,0.0,E222H
-2.8931707950320913,874.0,345.0,0.2094862798824643,0.0,E222I
-2.639429837612972,871.0,393.0,0.0629036749190715,2.7862316067480725e-142,E222K
-2.6883419724993654,857.0,379.0,0.15972233513934195,2.7755575615628914e-17,E222L
-2.9941038663922903,969.0,353.0,0.06431852001882017,5.216894840571921e-49,E222M
-3.0629223471569014,1005.0,356.0,0.09791956998967727,1.734723475976807e-18,E222N
-2.978963028222428,1120.0,407.0,0.10954054783217246,0.0,E222P
-2.7336103557878406,924.0,393.0,0.062197270207625506,1.0285637737997717e-121,E222Q
-2.673062890285987,1077.0,499.0,0.11213185307273486,3.469446951953614e-18,E222R
-2.844096074107544,923.0,379.0,0.18136547029844036,0.0,E222S
-2.8549570177719374,827.0,323.0,0.22488555908812558,0.0,E222T
-2.90548802725542,641.0,266.0,0.12575466546311123,0.0,E222V
-2.681931170662544,1035.0,462.0,0.1851323328240196,0.0,E222W
-2.4856027949663435,1289.0,666.0,0.06363949699927186,1.3010426069826053e-18,E222Y
-2.7839426590348384,704.0,296.0,0.07133913118842455,4.3802086689629007e-94,E222_
-0.42664324344497134,1206.0,2581.0,0.04589264019081388,0.0,E268A
-0.2802406594100728,728.0,1781.0,0.11179945647119058,1.0408340855860843e-17,E268C
-0.3027611922969185,821.0,1952.0,0.04333270179128001,1.4306488134719703e-50,E268D
-0.09745415577873928,766.0,2092.0,0.09514103403098557,3.469446951953614e-18,E268F
-0.31954835540884075,415.0,947.0,0.1356283699163193,1.3877787807814457e-17,E268G
-0.41179048990197475,1183.0,2553.0,0.03694901780306586,1.7609279793932868e-83,E268H
0.07800455595467548,1060.0,3197.0,0.03708938296108889,1.517279134012232e-47,E268I
-0.7580496121432194,490.0,837.0,0.08926243650235355,0.0,E268K
-0.4687114470486725,710.0,1467.0,0.047562297213957876,7.673804718752799e-144,E268L
-0.370866350435863,987.0,2201.0,0.04016767176247785,7.552728427549853e-65,E268M
-0.4445662543642524,1120.0,2390.0,0.05152863274352951,1.3010426069826053e-18,E268N
-0.2127237188016904,1221.0,2970.0,0.03575582123970421,2.7727045192263438e-204,E268P
-0.2133982800814478,781.0,1948.0,0.15149505638311123,0.0,E268Q
-1.4582031545127143,1352.0,1415.0,0.05830011835426907,0.0,E268R
-0.4209311558140261,915.0,1980.0,0.04180885160989438,4.0300742903118233e-231,E268S
-0.05600811455825111,831.0,2333.0,0.04212651382688107,0.0,E268T
-0.11910908766423753,1026.0,2674.0,0.03851088248262967,6.2951501704040915e-58,E268V
-0.4726910160031353,896.0,1891.0,0.042294846318931094,1.1079469394203985e-12,E268W
-0.7382718159874042,1086.0,1943.0,0.058531959995753446,0.0,E268Y
-2.6129420506173946,1070.0,501.0,0.09372005640134726,0.0,E268_
-0.2374541963781657,945.0,2273.0,0.12820412226597547,3.469446951953614e-18,E356A
-0.572602198783453,1473.0,2912.0,0.05214094034011405,0.0,E356C
-0.28578889451837014,1138.0,2688.0,0.07209300224479327,0.0,E356D
-1.6522924170756528,1359.0,1220.0,0.04163844525471755,3.3348414044845305e-07,E356F
-0.35472526534964893,1256.0,2787.0,0.07442863221107171,0.0,E356G
-0.8004820039127596,1307.0,2141.0,0.11446109459558083,0.0,E356H
-1.1007689186404377,1016.0,1352.0,0.043411855247840005,3.5965754049296217e-59,E356I
-0.4966379601632709,1202.0,2521.0,0.0433367982588221,1.4094628242311558e-17,E356K
-1.6253622706785633,1980.0,1832.0,0.12989871822528867,0.0,E356L
-0.42553929864700496,1613.0,3482.0,0.08661780234733923,0.0,E356M
-0.40866347486176513,984.0,2179.0,0.07917371152442292,0.0,E356N
-0.30754192242053285,2385.0,5547.0,0.03764545860824235,0.0,E356P
-0.003707714678368215,913.0,2617.0,0.04015269913876259,1.2879284193077786e-231,E356Q
-0.6890663511677425,1580.0,2818.0,0.0810177365808529,6.938893903907228e-18,E356R
-0.23086583513093178,1262.0,3159.0,0.13947922291490603,0.0,E356S
-0.7231824492640276,1580.0,2755.0,0.07678508057594777,0.0,E356T
-0.6742923865364083,839.0,1521.0,0.1391259670365038,0.0,E356V
-1.7059789179138232,1326.0,1195.0,0.04194419599865593,5.741360988227687e-86,E356W
-1.4479805399258674,921.0,963.0,0.23623077920621227,0.0,E356Y
-3.022478957795529,856.0,307.0,0.06831321700347241,1.6633345924296696e-15,E356_
0.28480878422224426,1004.0,3423.0,0.037474431388657775,4.516665204966084e-33,E376A
-0.48369334763655486,1203.0,2496.0,0.15545467218432052,0.0,E376C
-0.15358670078390685,1737.0,4606.0,0.029933352002240413,4.330403081854356e-11,E376D
-1.5137304110687635,642.0,644.0,0.16228282167426955,2.0816681711721685e-17,E376F
-0.41423320442222983,699.0,1495.0,0.047546439437654964,2.028099511934428e-13,E376G
-0.25960198341638924,793.0,1953.0,0.18469890564174524,0.0,E376H
-0.5794805636526957,1247.0,2386.0,0.03676271904656564,1.5255374150274175e-105,E376I
-0.2900919866837419,1274.0,3010.0,0.1166871932702909,0.0,E376K
-0.7507014169929905,1492.0,2595.0,0.11268842100556647,3.469446951953614e-18,E376L
0.07130576279945676,1819.0,5494.0,0.028846063417557834,3.164721331760871e-266,E376M
-0.5224389377162998,1249.0,2515.0,0.036517205933455345,2.2457105738106082e-38,E376N
-1.0103568018759919,1586.0,2292.0,0.17223397317992203,1.3877787807814457e-17,E376P
-0.24135397796701455,1111.0,2734.0,0.07023464154167802,1.734723475976807e-18,E376Q
-1.1741042935214814,2228.0,2818.0,0.030266918777693757,2.4084870641590194e-34,E376R
-0.2753899983758411,633.0,1506.0,0.04919658666385091,5.862382646785281e-282,E376S
-0.2716219535321525,970.0,2336.0,0.10583208709610731,0.0,E376T
-0.8665159464649367,789.0,1247.0,0.10342817624771654,0.0,E376V
-1.5288346699404098,1212.0,1212.0,0.07913478952851112,3.469446951953614e-18,E376W
-0.7322885569434447,1648.0,2869.0,0.051903655322580566,0.0,E376Y
-1.6811319186132947,1467.0,1326.0,0.07429787223287995,5.204170427930421e-18,E376_
0.01954076246744964,1150.0,3320.0,0.08261197984775756,0.0,E385A
-0.057551313206939604,722.0,2019.0,0.044998246960649295,1.796668442082496e-16,E385C
-0.005022684849519186,1374.0,3895.0,0.03307378402173702,8.286363055104369e-29,E385D
-0.03393799405055899,1450.0,4069.0,0.055994507127373847,0.0,E385F
0.019709924732707662,958.0,2821.0,0.04105206249509776,1.86755199548189e-09,E385G
-0.05950847694860446,1988.0,5558.0,0.027961986105003434,2.9760112272879677e-93,E385H
0.6359770830308755,2000.0,9007.0,0.07476197142603444,0.0,E385I
0.0734804199585484,802.0,2430.0,0.042393208048410604,1.516270825581111e-151,E385K
-0.22567017306174414,1109.0,2717.0,0.03734280512102577,1.258156532111845e-34,E385L
0.008627572269765755,417.0,1187.0,0.05874701176010739,0.0,E385M
-0.11908292630450597,1343.0,3556.0,0.08875347352171922,0.0,E385N
-0.2640426115373868,1725.0,4161.0,0.1165696267941097,0.0,E385P
0.08968811386411389,1381.0,4265.0,0.14495208712947683,0.0,E385Q
-0.013808217059452827,1180.0,3375.0,0.07025684282436946,0.0,E385R
-0.2507158530356173,1074.0,2552.0,0.07707629568667117,0.0,E385S
0.0017360821856262868,873.0,2532.0,0.10385996047158769,6.938893903907228e-18,E385T
-0.14542427904593475,1080.0,2752.0,0.08913317532770076,0.0,E385V
-0.3345264758887633,1040.0,2417.0,0.060975138240001094,8.673617379884035e-19,E385W
-0.31626254004822807,1101.0,2582.0,0.07287997941989512,2.6020852139652106e-18,E385Y
-0.23806265552334074,1181.0,2897.0,0.13177132722546525,0.0,E385_
0.34582020763987004,1392.0,5117.0,0.09910650976989935,6.938893903907228e-18,E82A
0.12865465203615123,615.0,1936.0,0.12307653200889285,0.0,E82C
-0.7651073168114964,556.0,952.0,0.11662474925385481,0.0,E82D
0.21770220641273372,624.0,2072.0,0.04727562828901733,4.11702979845393e-91,E82F
0.4146472488659056,569.0,2236.0,0.10397253778641244,0.0,E82G
0.19211194374159302,553.0,1855.0,0.07632505270357871,0.0,E82H
-0.5632420475859412,366.0,729.0,0.06603836001237054,4.6203096519829425e-40,E82I
-2.1756353317868693,376.0,240.0,0.08588403486303983,8.07872574828714e-09,E82K
-0.5908494974688666,901.0,1712.0,0.06743972625887464,8.673617379884035e-19,E82L
0.034234467598569726,660.0,1939.0,0.06711322421482546,8.673617379884035e-19,E82M
-0.1486128202517266,856.0,2227.0,0.16799337415726387,0.0,E82N
1.1676885713696237,461.0,3069.0,0.2690619268399348,0.0,E82P
0.19362286712950574,933.0,3079.0,0.03895083112342778,1.0870152299590114e-10,E82Q
-2.7941221779233794,933.0,396.0,0.2698642395062646,2.7755575615628914e-17,E82R
0.13162277448450568,593.0,1835.0,0.0493185433599133,5.200117228563165e-07,E82S
-0.44802871702935954,355.0,740.0,0.10686459415463227,1.734723475976807e-18,E82T
-0.23563172548532657,407.0,1050.0,0.13141817072394363,0.0,E82V
-0.1526109142979282,525.0,1369.0,0.10156271159053594,3.469446951953614e-18,E82W
0.17396488500126023,806.0,2584.0,0.16525895363155704,1.3877787807814457e-17,E82Y
-2.9038386161979757,1145.0,434.0,0.16569762506735286,0.0,E82_
-0.42380120245136355,581.0,1259.0,0.05199847260087181,1.004772628437709e-86,F10A
-0.3531037564671943,448.0,1017.0,0.058609585873202384,7.865843329426912e-108,F10C
-0.9567656035039519,467.0,708.0,0.08161050256008955,2.6020852139652106e-18,F10D
-0.6633478665189919,10.0,20.0,0.68339868815043,1.1102230246251565e-16,F10E
-2.8255045017094322,711.0,289.0,0.09462155417382508,8.673617379884035e-19,F10H
-0.4340375891548366,445.0,936.0,0.14397984641945535,0.0,F10I
-0.9495804325668183,380.0,577.0,0.09732831498570531,3.469446951953614e-18,F10K
-1.511306285852,412.0,422.0,0.2393580682691861,0.0,F10L
-0.45622488359914637,189.0,408.0,0.159068222242371,0.0,F10M
-1.5431994466556906,1551.0,1554.0,0.03794049955304096,5.743916452152148e-42,F10N
-0.5196977465513861,689.0,1404.0,0.04843393880823354,2.865148150796607e-209,F10P
-2.067665197534293,616.0,428.0,0.06539655241309966,2.3886550114692413e-68,F10Q
-2.935958463083428,905.0,336.0,0.08871911041215445,1.734723475976807e-18,F10R
-0.6635264405299076,711.0,1300.0,0.09133885239431058,1.734723475976807e-18,F10S
-0.607798868544871,273.0,513.0,0.17277047970167084,0.0,F10T
-0.4425392730441598,905.0,1926.0,0.04205710048205606,5.8015868667519804e-40,F10V
-0.1158591486947721,1101.0,2898.0,0.03709964599965448,6.416848212891172e-57,F10W
-0.14680030892989893,1201.0,3102.0,0.0423451443932255,2.6020852139652106e-18,F10Y
-2.666437359460406,1354.0,610.0,0.17013612082840873,3.469446951953614e-17,F10_
-2.631883212894622,858.0,396.0,0.06301538959502946,1.0770257115208076e-51,F129A
-2.5806564494186914,505.0,238.0,0.08232278628048033,4.387625468018101e-07,F129C
-2.620647437861686,754.0,366.0,0.06560156721053753,3.662119986390169e-08,F129D
-2.7948578796151966,612.0,250.0,0.23270322016169762,0.0,F129E
-2.904796111995745,561.0,216.0,0.11082432406090216,0.0,F129G
-2.760825183954819,579.0,253.0,0.11085330048717239,0.0,F129H
-1.4818299568859017,325.0,332.0,0.30788162783582096,0.0,F129I
-2.9632690414724396,666.0,237.0,0.07756393873297837,2.245264182305989e-43,F129K
-2.151670388348934,882.0,569.0,0.05602046425282101,4.330777340839294e-58,F129L
-2.5452030401759966,577.0,272.0,0.1376197060301343,0.0,F129M
-2.7844990737913258,764.0,319.0,0.09657958376007074,0.0,F129N
-3.221465650628877,794.0,248.0,0.10069042046349645,0.0,F129P
-2.9705386151850406,181.0,63.0,0.40193544794612657,0.0,F129Q
-2.752538248675927,689.0,289.0,0.14785758521626374,1.3877787807814457e-17,F129R
-2.8402025687091053,233.0,89.0,0.13032624697209105,3.0316649321092837e-06,F129S
-2.7398551479312094,506.0,212.0,0.08400924549489906,4.850262066130193e-76,F129T
-2.4724073081972313,434.0,220.0,0.08579994723671973,6.96932652148384e-18,F129V
-1.2037932338614894,522.0,650.0,0.13590502032379018,0.0,F129W
-0.6545336686359107,517.0,950.0,0.12737509315776804,1.0408340855860843e-17,F129Y
-2.728759418984955,378.0,165.0,0.0965397487076364,5.055418247524559e-20,F129_
-0.537610324037352,713.0,1424.0,0.055365050546067704,9.389190813724468e-17,F13A
-0.9519313956234748,809.0,1220.0,0.1152574303359094,1.0408340855860843e-17,F13C
-2.6179654355599427,400.0,194.0,0.19307897824513934,2.0816681711721685e-17,F13D
-1.7314113146376258,755.0,652.0,0.08267214895151533,8.673617379884035e-19,F13E
-0.24443413657088492,678.0,1655.0,0.14741335845466588,1.3877787807814457e-17,F13G
-0.42478541663527636,827.0,1809.0,0.04604843797265568,4.476258859940647e-09,F13H
-1.9122508979844102,962.0,724.0,0.05118196518723241,6.160425289114033e-71,F13I
-1.4294652459292572,535.0,568.0,0.1185034299796036,0.0,F13K
-0.7937747814243772,326.0,556.0,0.13772976302263018,0.0,F13L
-0.5433962468853057,487.0,1002.0,0.05749140234739832,2.994211202370106e-10,F13M
-1.5802471866837544,550.0,547.0,0.10747748672093232,0.0,F13N
-2.126709645633697,391.0,250.0,0.12950127924972712,6.938893903907228e-18,F13P
-0.7774640811959886,1327.0,2205.0,0.07242880180605253,1.734723475976807e-18,F13Q
-2.787770941345099,1276.0,539.0,0.05350134618834146,3.196809305208724e-08,F13R
-1.247492327360168,1119.0,1387.0,0.11968563443349622,1.0408340855860843e-17,F13S
-1.839626000607472,165.0,130.0,0.20695547863481786,1.3877787807814457e-17,F13T
-1.6562339748934924,700.0,638.0,0.05685353001674573,1.4771632257127588e-112,F13V
-0.5646453313667041,668.0,1266.0,0.04968490109230487,1.1783081221157977e-107,F13W
-0.9829840283508011,546.0,820.0,0.11182569578132197,3.469446951953614e-18,F13Y
-3.1370243572777308,546.0,181.0,0.2238107408653335,0.0,F13_
-2.7898396929523392,851.0,351.0,0.14114065246116606,1.3877787807814457e-17,F140A
-2.3106188975031765,468.0,259.0,0.07992424683437853,0.0,F140C
-3.0050431414709484,598.0,215.0,0.08848996091512475,3.535916091174096e-11,F140D
-2.8125190418547303,1196.0,476.0,0.10289608857871475,0.0,F140E
-3.1973820759777034,729.0,229.0,0.3277203572442575,0.0,F140G
-2.756878465544601,545.0,243.0,0.20909310674968878,1.3877787807814457e-17,F140H
-2.6655707825248713,692.0,321.0,0.0699604088322274,5.995139488057253e-48,F140I
-2.8698949114627506,420.0,165.0,0.09400619483507557,5.123410471084464e-29,F140K
-2.477888706490056,647.0,339.0,0.1772220775292042,0.0,F140L
-2.3734115683896264,803.0,457.0,0.21908892515874248,1.3877787807814457e-17,F140M
-2.5632029441889244,607.0,302.0,0.21617808722566972,0.0,F140N
-2.5548945431619745,364.0,176.0,0.29421585528799843,0.0,F140P
-2.69914763030786,583.0,263.0,0.11697397753758343,0.0,F140Q
-2.5101248465110726,308.0,155.0,0.21700909495451343,0.0,F140R
-2.8086785036262767,843.0,341.0,0.08767132426458837,0.0,F140S
-2.793527292205438,534.0,222.0,0.08253636987008671,1.864387245472562e-41,F140T
-2.5965887286229186,688.0,330.0,0.11636737171716237,0.0,F140V
-2.5756991227037793,965.0,462.0,0.20777109169108968,1.3877787807814457e-17,F140W
-1.2848302508942109,439.0,525.0,0.09966975375087275,0.0,F140Y
-2.696942578173101,1060.0,463.0,0.05753513065721843,1.63932862184656e-31,F140_
-0.13344180655816243,565.0,1488.0,0.05899021502347432,4.2370620900733513e-16,F149A
0.07513639633296526,478.0,1455.0,0.08883725593760647,0.0,F149C
-1.682035903411321,443.0,415.0,0.2670182952516291,0.0,F149D
-2.1045958486354546,309.0,201.0,0.09358272092313051,2.496952536904705e-170,F149E
0.1257262859013442,428.0,1315.0,0.12310294267139635,0.0,F149G
-0.6767198753894964,304.0,566.0,0.08473163241668846,2.6233355765459265e-15,F149H
0.18356911640761117,242.0,801.0,0.17004232677003242,0.0,F149I
-2.1198298866458902,740.0,501.0,0.06032069821954388,6.084770199251214e-14,F149K
-0.2395488858321219,571.0,1351.0,0.05176834153290574,1.2177323493682923e-206,F149L
-0.13592522639975882,520.0,1410.0,0.05329191645624445,1.7443736334273253e-18,F149M
-1.0826013691311003,417.0,570.0,0.06705374414410133,6.739517006539631e-24,F149N
-1.016175492826828,689.0,978.0,0.05197091437615845,3.1662251405230466e-18,F149P
-0.6414237540159535,460.0,876.0,0.05974870110199831,1.5163469268382344e-110,F149Q
-1.4056855913469686,644.0,702.0,0.05677225345199299,1.5065586543215977e-215,F149R
-0.41227355497534146,793.0,1724.0,0.044647579993534,9.502704170254222e-25,F149S
0.31599295571690317,197.0,727.0,0.08218220707923742,2.3028992971938173e-94,F149T
0.030601827297567677,465.0,1341.0,0.07973691807534788,0.0,F149V
-0.13263090406959313,837.0,2220.0,0.042313282146525924,0.0,F149W
-0.6935619630469051,499.0,873.0,0.05831222984277599,8.50062554171162e-65,F149Y
-2.715638186333348,502.0,222.0,0.08291469806679466,6.440425327541915e-128,F149_
-0.5111462054206354,488.0,992.0,0.1288743092016074,0.0,F159A
-0.4842623443656007,457.0,948.0,0.26060765857393614,2.7755575615628914e-17,F159C
-3.2179363473436524,827.0,267.0,0.07226360955352835,3.582554587564399e-72,F159D
-2.664182069615566,390.0,182.0,0.0922274945176283,8.204975094664601e-103,F159E
-0.1288632791683372,776.0,2007.0,0.04398439900669374,2.2185719323310786e-104,F159G
-1.2359360153841623,664.0,820.0,0.2940801588780782,8.326672684688674e-17,F159H
-1.0398140798927058,407.0,554.0,0.06741098487268962,1.2771854301010171e-54,F159I
-0.28595872934427136,675.0,1605.0,0.047850791522665664,1.4857425948410527e-08,F159K
0.03630842443897444,866.0,2607.0,0.04092304552199825,0.0,F159L
-0.40802246806029313,1119.0,2464.0,0.037861642865253495,6.78474806681274e-288,F159M
-1.36347183359913,761.0,834.0,0.052140975939140945,2.4909254174757226e-83,F159N
-0.7335942044584199,677.0,1159.0,0.05018963740250663,1.3255085714058014e-15,F159P
-2.20067432817623,332.0,208.0,0.23960416076766627,0.0,F159Q
-2.3634053469559997,813.0,457.0,0.060532909624157576,1.9756944255086435e-103,F159R
-0.8577568705485283,1122.0,1793.0,0.17901778279185257,0.0,F159S
-0.7880437023827995,428.0,721.0,0.14878425328242034,6.938893903907228e-18,F159T
-0.8497682690533676,1422.0,2233.0,0.03577980180091199,1.0077208553337724e-75,F159V
-0.9934589991317291,418.0,600.0,0.14617010052675836,0.0,F159W
-0.8964725578571439,556.0,874.0,0.06995855906261961,0.0,F159Y
-2.8886988563190177,1017.0,386.0,0.061897858014005915,6.897460976244841e-55,F159_
-0.9226715582748647,811.0,1257.0,0.04696112485043821,6.478477882963004e-83,F161A
-1.1102304437211503,1225.0,1635.0,0.0843321673623434,0.0,F161C
-0.5781493756297266,497.0,964.0,0.05738633624150433,1.7277822864743165e-52,F161D
-0.6290871576954438,1019.0,1899.0,0.14618865622175464,2.7755575615628914e-17,F161E
-0.7307521344053621,485.0,874.0,0.17857039395161753,0.0,F161G
-0.5614675010752251,660.0,1322.0,0.10269064572765495,0.0,F161H
-0.6523063709033605,818.0,1500.0,0.04540610741015816,3.4930615216822036e-124,F161I
-0.8459764248641062,804.0,1299.0,0.05275757480126915,1.3080899211037611e-14,F161K
-0.2924359502327808,708.0,1677.0,0.09951729092250809,3.469446951953614e-18,F161L
-0.5592971227134421,596.0,1210.0,0.05187272097984467,8.081576506629055e-33,F161M
-0.2559287136364771,990.0,2452.0,0.051004720091363476,0.0,F161N
-1.1611169225427422,667.0,871.0,0.07212353439204221,1.734723475976807e-18,F161P
-1.7417475924018224,579.0,503.0,0.06340166085235228,3.293334570565046e-77,F161Q
-1.8410806294562103,447.0,376.0,0.07241216981744206,2.2589476358262028e-166,F161R
-0.6390232403205189,794.0,1484.0,0.06196289499330132,0.0,F161S
-0.6522556139789626,1107.0,2038.0,0.03911962970839256,1.8231487937769412e-20,F161T
-0.5154049329227881,931.0,1842.0,0.04215062068066657,1.068403413255904e-24,F161V
-0.3261759494411171,699.0,1606.0,0.11359356083493592,0.0,F161W
-0.34483389942565135,637.0,1444.0,0.07048756855584822,1.734723475976807e-18,F161Y
-2.6102565088280456,659.0,328.0,0.09182829981646924,2.6020852139652106e-18,F161_
-1.064399235044438,650.0,881.0,0.17163759363271572,0.0,F16A
-2.3548068161706395,223.0,114.0,0.1631431034291763,1.0408340855860843e-17,F16C
-2.6656871405737017,1252.0,575.0,0.05245617333034294,3.01520610327267e-46,F16D
-2.812167713308484,610.0,264.0,0.07609353708307975,3.885384462988624e-86,F16E
-2.323592232684663,785.0,454.0,0.061114636796743546,2.790660704956875e-231,F16G
-0.8430886255868527,253.0,393.0,0.08865503336852289,5.514227932774951e-10,F16H
-2.8284271951414106,581.0,232.0,0.3346901316237173,0.0,F16I
-2.2930859134659625,1016.0,603.0,0.10159130939263973,0.0,F16K
-2.3662850962647712,932.0,527.0,0.06714484942356733,8.673617379884035e-19,F16L
-1.2549016416583003,222.0,267.0,0.09381190304005878,2.39136674511703e-277,F16M
-1.5571911205170053,452.0,436.0,0.23315969540258785,1.3877787807814457e-17,F16N
-2.259583396702628,303.0,176.0,0.14739758657088137,3.469446951953614e-18,F16Q
-2.875249149525915,1177.0,457.0,0.11209981574517995,0.0,F16R
-1.7712558904827955,802.0,669.0,0.058067943170190976,1.0335801273013423e-09,F16S
-2.14047642930061,109.0,71.0,0.15781802546537382,3.2927116235185847e-75,F16T
-2.561116184269445,1120.0,556.0,0.0537189608083982,9.812104213857812e-19,F16V
-0.13805307549423887,410.0,1065.0,0.09549404788535441,3.469446951953614e-18,F16W
-0.35171602155591924,1019.0,2298.0,0.10743465608863038,0.0,F16Y
-2.943075466033676,301.0,116.0,0.1583103675852659,1.3877787807814457e-17,F16_
-0.07034685711148204,863.0,2339.0,0.04168699647741174,1.5127720418338902e-07,F170A
-0.474104162201493,1025.0,2152.0,0.13647397261624894,0.0,F170C
-1.2902782024795976,1007.0,1193.0,0.044927691118103276,6.13004999775113e-24,F170D
-0.24027217126386863,371.0,857.0,0.27140528204527115,2.7755575615628914e-17,F170E
0.02351777743534892,432.0,1266.0,0.05743113944855565,5.867968629805322e-61,F170G
-0.11546834745953281,752.0,2013.0,0.09675515316513016,3.469446951953614e-18,F170H
-0.22210271265592207,631.0,1535.0,0.049187717436607194,2.685736023532844e-55,F170I
-0.8560301650138412,793.0,1288.0,0.04729279422883322,1.1836022506580009e-07,F170K
-0.15972603514923348,811.0,2110.0,0.1096212488933819,6.938893903907228e-18,F170L
-0.24869958478423324,898.0,2176.0,0.06327796879228068,0.0,F170M
-0.2948708146768569,727.0,1686.0,0.04629193558144997,3.3427759921424637e-25,F170N
0.17433505383077738,804.0,2634.0,0.23542540534592735,0.0,F170P
-0.13658862411573497,729.0,1904.0,0.04541799869099313,5.746269431153953e-25,F170Q
-2.972054881500644,762.0,292.0,0.13976921304802062,6.938893903907228e-18,F170R
-0.19736455754585236,475.0,1214.0,0.07286995063082803,0.0,F170S
-0.05552837495835729,669.0,1893.0,0.04661738409223344,1.3952902790255415e-17,F170T
-0.27962643212510063,1005.0,2306.0,0.03962057787390026,9.01729890493465e-68,F170V
-0.14622278662351243,718.0,1893.0,0.07242297440164773,0.0,F170W
-0.08914139100121836,808.0,2153.0,0.04299455803765881,4.2359575155471064e-306,F170Y
-2.7466419330384553,848.0,365.0,0.23494542673675697,0.0,F170_
0.20135304745633692,766.0,2500.0,0.04296946455089961,6.264213294365334e-132,F188A
1.3752203812081858,918.0,7016.0,0.03648231029114611,1.1162539069309826e-137,F188C
0.01810593692053755,649.0,1962.0,0.18816685670890607,0.0,F188D
-0.1443519559925128,329.0,888.0,0.14117727223172308,0.0,F188E
0.1899629083732988,640.0,2082.0,0.09614667502358722,0.0,F188G
0.09147872906501035,794.0,2430.0,0.04260711110675495,3.767454716122088e-74,F188H
-0.1758333071164474,703.0,1833.0,0.32378296313022736,0.0,F188I
0.21723085749716387,456.0,1542.0,0.05881045323268857,6.984936601556538e-10,F188K
0.9711750856519995,1585.0,9038.0,0.07679468309621833,0.0,F188L
2.8033560951842844,792.0,15771.0,0.0911478962521725,5.204170427930421e-18,F188M
0.07742112625480022,363.0,1110.0,0.06234174661990171,5.668730282367316e-165,F188N
-0.07545769635753527,940.0,2611.0,0.12222701549069481,0.0,F188P
0.11139635991090241,629.0,1940.0,0.04750683348205742,2.0697995573670662e-55,F188Q
-0.13739842353301016,535.0,1382.0,0.06254151465906738,3.469446951953614e-18,F188R
-0.007081764281552888,984.0,2850.0,0.1390731936891494,0.0,F188S
0.30908819076846045,760.0,2718.0,0.11503009611340144,0.0,F188T
-0.11868568493497848,768.0,2012.0,0.07686245906398106,0.0,F188V
-0.08449006500049296,729.0,2015.0,0.06181126043021421,0.0,F188W
-0.22058980016825197,645.0,1578.0,0.08852229699657557,0.0,F188Y
-2.792756209825181,1088.0,458.0,0.05755847164153442,9.103951186358586e-54,F188_
-1.0011409910893632,1015.0,1464.0,0.04268116672701398,2.4774252919873366e-16,F204A
-1.2207041188908436,1040.0,1301.0,0.049890517317225394,5.796144814107507e-16,F204C
-2.6860336619580845,366.0,169.0,0.1173133748401186,0.0,F204D
-2.6784845466250577,588.0,267.0,0.09608447330555966,0.0,F204E
-1.1027324951669395,1142.0,1548.0,0.12274993047911692,0.0,F204G
-1.430044487066345,331.0,354.0,0.203677347153342,0.0,F204H
-0.5621812934029047,802.0,1580.0,0.04530514455976774,1.0861592656393397e-74,F204I
-1.9231721709496727,221.0,167.0,0.10648937968488498,1.0708647745506354e-26,F204K
-0.3354785092491298,1122.0,2514.0,0.04477315945334116,1.734723475976807e-18,F204L
-0.5752703325236558,427.0,840.0,0.24916068591546406,0.0,F204M
-2.652481798012013,416.0,190.0,0.09023567547214109,2.805845148247952e-170,F204N
-2.6604739972612896,650.0,300.0,0.07186989757689168,1.0717950532507738e-61,F204P
-1.9474162738699465,1007.0,733.0,0.05056487434434984,2.0723259620425897e-140,F204Q
-2.541590302006451,420.0,202.0,0.08831514874078956,2.4426934491569056e-145,F204R
-1.9807111716654817,731.0,536.0,0.06534779626732568,2.359481967445509e-12,F204S
-1.2210511974519793,445.0,558.0,0.1939686653903853,0.0,F204T
-0.507707851808369,602.0,1188.0,0.06969788920615518,0.0,F204V
-0.18367626469274503,1128.0,2874.0,0.09302497495756451,0.0,F204W
-0.11801041820473433,405.0,1063.0,0.1906774609226497,2.7755575615628914e-17,F204Y
-2.9905052288801652,784.0,282.0,0.10258946880031183,3.469446951953614e-18,F204_
0.24062777028348611,535.0,1826.0,0.13991671125917052,0.0,F216A
0.36308985304624447,824.0,2973.0,0.04101765885380028,8.624746691464756e-58,F216C
-2.195742232437567,1251.0,804.0,0.14040071774376017,0.0,F216D
-1.5830393663367381,409.0,392.0,0.2324446009302489,0.0,F216E
0.04270696757230121,468.0,1415.0,0.05514042114009788,1.4550851696335403e-145,F216G
-1.04948284044566,354.0,489.0,0.07219984140563464,0.0,F216H
0.17848427254780372,827.0,2721.0,0.14256164694855572,0.0,F216I
-0.8783414964135012,725.0,1132.0,0.07366661897627787,0.0,F216K
0.12862082182399456,591.0,1899.0,0.09555838988795427,0.0,F216L
-0.022477706795548134,669.0,1870.0,0.16309563729224205,0.0,F216M
-0.2608614410180308,615.0,1450.0,0.04990163868180271,2.18375270981136e-103,F216N
-0.8771935025243037,896.0,1372.0,0.0449066497018216,7.256446247945429e-193,F216P
-0.194631485167805,601.0,1484.0,0.05167448961389597,4.6291396903859125e-08,F216Q
-2.714890071978238,658.0,291.0,0.12751730101509415,6.938893903907228e-18,F216R
0.22209353605618729,464.0,1575.0,0.25384913709719675,4.163336342344337e-17,F216S
-0.3027195219547567,1136.0,2656.0,0.046416799890556255,0.0,F216T
0.1808830982415395,852.0,2782.0,0.07235245783782122,0.0,F216V
-1.8898524969795907,785.0,602.0,0.05967138261698411,6.32961147687891e-10,F216W
-1.1064112623113704,708.0,936.0,0.05177641067536208,6.212436801192326e-67,F216Y
-3.1405172611774916,1308.0,419.0,0.05797316240681852,3.9381190618932638e-292,F216_
-0.92479804337071,1012.0,1497.0,0.1222027963985425,2.0816681711721685e-17,F221A
-0.4172881803875469,790.0,1690.0,0.12037291953607757,3.469446951953614e-18,F221C
-2.798744947853237,871.0,348.0,0.06545809618956866,0.0,F221D
-2.5257666966028647,754.0,383.0,0.0652344764647501,1.3629084197725028e-09,F221E
-1.795609210816755,1058.0,865.0,0.048020500497833685,8.173519220027806e-27,F221G
-0.6858999453166673,414.0,731.0,0.07957905161366534,0.0,F221H
-0.8629194407547504,1047.0,1651.0,0.0528109642207804,8.673617379884035e-19,F221I
-2.6036830041274817,1347.0,622.0,0.05024232864289552,3.2252376762963338e-12,F221K
-0.5334566609182885,372.0,740.0,0.06673640920992288,3.1817653968946227e-07,F221L
-1.5303948515169101,1823.0,1807.0,0.03524295536079248,1.6619321851428697e-12,F221M
-2.095478503585752,482.0,318.0,0.2124008267761335,0.0,F221N
-2.8066348363764373,1379.0,563.0,0.22585499864061773,0.0,F221P
-1.4166024411061902,1069.0,1166.0,0.04423850326009126,1.883548620438939e-21,F221Q
-3.349022092475837,1599.0,460.0,0.16126682664983316,1.3877787807814457e-17,F221R
-1.7491124325804173,706.0,606.0,0.05746974906376744,3.047814440571803e-79,F221S
-1.3598694117668966,811.0,891.0,0.05754142341939333,1.7119552303546115e-14,F221T
-0.8885742426266104,715.0,1145.0,0.13133485227014316,1.0408340855860843e-17,F221V
-1.5499960881295123,648.0,632.0,0.12976038418943237,6.938893903907228e-18,F221W
-2.2483214481996328,984.0,602.0,0.0537318147183723,2.2697572881482263e-79,F221Y
-2.5821764083082694,750.0,360.0,0.2626919040769408,2.7755575615628914e-17,F221_
-0.26780335680759326,1209.0,2942.0,0.11900274871277246,0.0,F250A
-0.3363914079656523,555.0,1293.0,0.052650912456663944,1.4941046596201183e-255,F250C
-2.2828605341772144,914.0,542.0,0.13938874380695412,0.0,F250D
-1.4581154194953947,1388.0,1481.0,0.08559042236108604,0.0,F250E
-0.09105858416903559,621.0,1705.0,0.1740465942662615,0.0,F250G
-1.207164549323991,1298.0,1614.0,0.12982080277340588,6.938893903907228e-18,F250H
-0.6479577125830817,1075.0,1998.0,0.09899749275952259,0.0,F250I
-2.4558537166231695,1043.0,560.0,0.0908619981121477,3.469446951953614e-18,F250K
-0.11500315013575962,693.0,1868.0,0.0727378291762647,8.673617379884035e-19,F250L
0.028926686332840058,555.0,1693.0,0.06921895674280572,0.0,F250M
-1.1112648291623097,539.0,721.0,0.13375060416446424,0.0,F250N
-1.7638769557887846,989.0,832.0,0.04918857706311461,6.177148435921039e-76,F250P
-1.3919935870840103,652.0,714.0,0.12672467590461425,0.0,F250Q
-2.627484175720267,946.0,448.0,0.1413726661762899,0.0,F250R
-0.5132562040963432,1178.0,2382.0,0.037440026651373554,2.312447370989402e-159,F250S
-0.48717485024665685,388.0,831.0,0.08847851008753096,0.0,F250T
-1.22557167792972,2035.0,2429.0,0.03199188131898579,0.0,F250V
-0.27860300241205155,773.0,1811.0,0.044698449047386776,5.509472681742654e-65,F250W
-0.3602512268445315,874.0,1995.0,0.19154477766691796,2.7755575615628914e-17,F250Y
-3.6395654672907343,2865.0,668.0,0.04455852310559162,9.455444334729604e-156,F250_
-0.05027968471637263,833.0,2324.0,0.22372016841974376,0.0,F254A
0.017275329048525658,772.0,2320.0,0.043360162248263966,2.5020783246229577e-16,F254C
-2.4829423330158082,779.0,411.0,0.23415106956115125,4.163336342344337e-17,F254D
-2.097953719809847,1292.0,876.0,0.15239382935442183,6.938893903907228e-18,F254E
-0.27803466626867723,686.0,1636.0,0.06943516890987679,1.734723475976807e-18,F254G
-0.6244174962274932,961.0,1779.0,0.09326687520658151,0.0,F254H
-0.4798908992894636,833.0,1739.0,0.0440525010531234,5.993353793282096e-72,F254I
-1.659250153259262,718.0,654.0,0.05606809384887925,2.5550282738975855e-37,F254K
-0.19097197010756856,1113.0,2807.0,0.037248240485925656,1.642604396417446e-29,F254L
0.030182229361017627,1018.0,2959.0,0.04411931804112064,1.3205582460873444e-16,F254M
-0.15038306378153782,941.0,2456.0,0.07825551591543081,0.0,F254N
-0.6030314177285127,1082.0,1991.0,0.07662240646446407,3.469446951953614e-18,F254P
-3.2714984602605885,4372.0,1284.0,0.07692240339785918,0.0,F254Q
-2.808450049345519,1259.0,540.0,0.1638842284147131,0.0,F254R
0.2776328141445959,460.0,1595.0,0.0544632486227474,3.4457150861624534e-14,F254S
-0.0672715920608908,873.0,2388.0,0.0939213770715087,0.0,F254T
-0.14206914355545103,629.0,1670.0,0.04865453807445516,8.235628112643007e-56,F254V
-0.30836523318001596,931.0,2192.0,0.09741561033021642,6.938893903907228e-18,F254W
-0.5902227932902765,1274.0,2450.0,0.0364541868558912,2.7245902591531085e-07,F254Y
-2.4161986572608174,1317.0,699.0,0.060966793834231835,4.336808689942018e-19,F254_
0.24108366514826413,904.0,3108.0,0.04018583239611857,1.6880350341983493e-07,F258A
-0.44401231746541175,1501.0,3212.0,0.03315314801758935,1.3249741832496256e-43,F258C
-2.414950675205971,950.0,523.0,0.07795366754323907,0.0,F258D
-0.9094808618419461,813.0,1225.0,0.047053488870680435,2.1537686536092913e-08,F258E
0.2210202541535344,694.0,2333.0,0.04479900605606075,4.379557564365381e-22,F258G
-0.12980866800558363,707.0,1888.0,0.0458503586036788,1.9588958157990979e-246,F258H
-0.27079565875741685,747.0,1786.0,0.08473631408509189,0.0,F258I
-0.3849978495166449,1045.0,2365.0,0.039001872926323344,1.4342164066671683e-79,F258K
0.05883478050016489,1071.0,3259.0,0.10644512288637444,0.0,F258L
-0.01592070161646265,1101.0,3183.0,0.12945378241469888,0.0,F258M
-0.9136689887738169,597.0,928.0,0.055669007095653436,3.2958908523529336e-07,F258N
-1.4880685229578559,1857.0,1854.0,0.0418013091597363,1.0842021724855044e-18,F258P
-2.6923924243044834,8842.0,4006.0,0.021270941324549823,7.697444091845287e-39,F258Q
-0.6942549127716312,919.0,1624.0,0.12064517740849062,0.0,F258R
0.10839255727413424,1307.0,4028.0,0.14608110464201307,2.0816681711721685e-17,F258S
-0.11119102643068414,884.0,2307.0,0.04136255514667527,1.1092462541805474e-38,F258T
-1.1225265229483496,2193.0,2884.0,0.08255107802332397,0.0,F258V
-0.06480978201437866,892.0,2451.0,0.09081887564259547,1.734723475976807e-18,F258W
-0.22180034456093073,861.0,2160.0,0.062103013457711624,8.673617379884035e-19,F258Y
-2.6440505181424396,938.0,424.0,0.08599824595780992,1.734723475976807e-18,F258_
-1.4194181415208658,1622.0,1751.0,0.0415724659727368,8.031769693772617e-16,F259A
-1.2134482742835706,1058.0,1311.0,0.04326473837093423,1.5963894545088129e-105,F259C
-2.2650997088405784,1660.0,998.0,0.0455537035773639,8.115505554899538e-12,F259D
-2.5376603989065405,1364.0,679.0,0.04900556394386737,4.566674667980146e-62,F259E
-1.0240216772450055,1333.0,1893.0,0.07758085487311818,0.0,F259G
-1.8157852794450031,1007.0,824.0,0.048979977116029666,7.182464430527704e-105,F259H
-1.5264381173594148,938.0,920.0,0.04847912952305182,2.7267982712965024e-164,F259I
-2.614360492384474,1342.0,622.0,0.19987272840761644,1.3877787807814457e-17,F259K
-1.3573448318826187,933.0,1027.0,0.08395195537338472,1.734723475976807e-18,F259L
-1.1130151076364254,585.0,782.0,0.056730600822702856,5.254310055229151e-94,F259M
-1.854734746948261,870.0,700.0,0.06121293461453151,9.93129189996722e-17,F259N
-1.2157857286691804,1011.0,1240.0,0.12742950646256124,6.938893903907228e-18,F259P
-1.7360318932228047,941.0,799.0,0.09277671826045067,0.0,F259Q
-2.2687688154783876,1007.0,604.0,0.23930863651678475,0.0,F259R
-1.5618949885642008,1595.0,1581.0,0.07007485522858511,0.0,F259S
-1.6348823636651995,895.0,826.0,0.050359515932811384,1.4633890774479664e-182,F259T
-2.6692471252761543,3299.0,1480.0,0.0331476352538948,2.196861132925116e-202,F259V
0.5170479598786495,1298.0,5586.0,0.13267306153508931,6.938893903907228e-18,F259W
0.24141279837091711,1763.0,6005.0,0.02885530981812941,4.652668792258235e-203,F259Y
-2.8567654927787696,1289.0,507.0,0.07759972126142352,0.0,F259_
0.07701350193516737,802.0,2412.0,0.09331015916488723,0.0,F262A
0.13461210977097832,1104.0,3476.0,0.03623704974762795,6.144861445729684e-218,F262C
-1.4745712013339007,695.0,694.0,0.05559310921610378,3.357010416840339e-12,F262D
-1.4677442567132994,785.0,827.0,0.2956559169917906,0.0,F262E
0.35407947531361916,3193.0,11870.0,0.056505497242664335,0.0,F262G
-0.23341349474783077,1190.0,2899.0,0.03620847258876326,2.2740837747716872e-225,F262H
-0.5686000350672653,1158.0,2230.0,0.03798730595725788,9.057108865265092e-21,F262I
-0.5686507651063921,967.0,1939.0,0.041182586270233836,1.2453805635931034e-71,F262K
-0.24864300651826782,815.0,1994.0,0.14207647932912607,1.3877787807814457e-17,F262L
0.20472096505335058,858.0,2897.0,0.1956016253294948,1.3877787807814457e-17,F262M
-0.665838283343315,971.0,1761.0,0.04178989248801051,3.177848679230247e-60,F262N
-1.3886141762161213,1034.0,1148.0,0.18061324922668262,0.0,F262P
-0.563596519611483,1642.0,3253.0,0.09881141035134396,6.938893903907228e-18,F262Q
-0.8322849274151919,764.0,1235.0,0.13305780002232573,0.0,F262R
0.28136413213911615,897.0,3104.0,0.03955376029143096,2.347215173886608e-141,F262S
0.00824749098954103,961.0,2783.0,0.047498331578442306,0.0,F262T
-0.18205978818839122,1106.0,2797.0,0.07259405012380324,4.336808689942018e-18,F262V
-0.006798809160733181,716.0,2062.0,0.11111779166543606,0.0,F262W
-0.13753576778699542,952.0,2455.0,0.039940679113372506,2.547066885415044e-153,F262Y
-2.69243470433352,1490.0,664.0,0.10106849232935296,3.469446951953614e-18,F262_
-0.0761175955131741,1104.0,2980.0,0.03703707182470313,6.325061349717597e-18,F266A
-0.27038740468901046,1365.0,3235.0,0.06289009870586273,0.0,F266C
0.13688613456426849,1788.0,5777.0,0.05320770998592417,0.0,F266D
-0.09790937365088354,1387.0,3673.0,0.05139397924462655,0.0,F266E
-0.012105679437461898,781.0,2260.0,0.16475820183936546,6.938893903907228e-18,F266G
0.030783387921679038,1070.0,3166.0,0.09879441624131544,0.0,F266H
-0.2686608909690214,866.0,2059.0,0.12750114473532068,0.0,F266I
0.19633064767940406,861.0,2829.0,0.06862882604347777,8.673617379884035e-19,F266K
0.05903381869619369,858.0,2584.0,0.0411849367222745,2.8145801952084303e-13,F266L
-0.021142683086243865,790.0,2291.0,0.17058347346796554,1.3877787807814457e-17,F266M
0.05925223385731778,684.0,2115.0,0.06635498824167267,8.673617379884035e-19,F266N
-0.6065504371416965,826.0,1567.0,0.04499089425443972,1.1598035918665243e-33,F266P
0.04076735270818722,1176.0,3507.0,0.03541037306380948,0.0,F266Q
-0.27874636812800546,612.0,1450.0,0.11440901810141706,3.469446951953614e-18,F266R
0.12758530596672907,865.0,2733.0,0.11027499946975491,0.0,F266S
0.20027705646740623,444.0,1457.0,0.16081557094487697,1.3877787807814457e-17,F266T
-0.11321432815576372,1766.0,4705.0,0.029983669341464944,1.840159273503033e-07,F266V
-0.04625364084638437,1336.0,3695.0,0.05915794366091941,1.734723475976807e-18,F266W
-0.3171060315950224,599.0,1376.0,0.05090862031596728,1.4957890237244948e-54,F266Y
-0.7862748053647436,1414.0,2373.0,0.03546760233640887,5.948212949347035e-138,F271A
-1.1446337276142917,1341.0,1742.0,0.161816186502917,2.7755575615628914e-17,F271C
-2.5698542854419206,1286.0,634.0,0.05053326356107192,4.837270160815978e-138,F271D
-2.0852785093581065,811.0,551.0,0.05756960313176298,1.489341142599268e-26,F271E
-0.5942657411657223,1175.0,2257.0,0.06624252034628912,1.734723475976807e-18,F271G
-1.1737474436342303,880.0,1139.0,0.10330279208718912,0.0,F271H
-1.745317832458997,752.0,647.0,0.14446962787982487,0.0,F271I
-2.691594899324072,884.0,392.0,0.09356700836937286,0.0,F271K
-0.6683575489903882,1267.0,2306.0,0.036814724818091275,3.7654487604430834e-120,F271L
-1.3113447516596446,834.0,974.0,0.04907463435082042,1.9276171017160566e-12,F271M
-1.734353193910516,1110.0,962.0,0.04649650859790872,4.5754857799815103e-07,F271N
-2.335872400588835,1015.0,579.0,0.05396158961571944,1.4874810845851288e-19,F271P
-1.753540318630636,1112.0,949.0,0.09316108980653907,0.0,F271Q
-2.484857568716223,1059.0,552.0,0.2555031296349067,0.0,F271R
-0.8532524990581553,1258.0,2006.0,0.06819253435004445,1.734723475976807e-18,F271S
-1.3378066272651918,1059.0,1230.0,0.04379491838882851,3.997915579956949e-11,F271T
-0.9921866787612058,1701.0,2453.0,0.06912918029327739,0.0,F271V
-1.6541231766104767,963.0,889.0,0.06078003042910617,4.336808689942018e-19,F271W
0.9526379388229613,1681.0,9337.0,0.028155757856178177,1.0639167226795437e-67,F271Y
-2.770854977244386,1339.0,561.0,0.07682626921320351,1.734723475976807e-18,F271_
-0.6555063232498494,1893.0,3489.0,0.09611183695745186,6.938893903907228e-18,F300A
0.06875311967514827,1328.0,4021.0,0.033404291885095284,4.065041905944713e-70,F300C
-0.9870902761560321,701.0,1051.0,0.14501165869113508,6.938893903907228e-18,F300D
-0.9345018022833064,514.0,774.0,0.23343477492338854,0.0,F300E
-0.21629958627402263,1022.0,2531.0,0.07267038373782732,0.0,F300G
-0.2401879682649425,879.0,2176.0,0.17137676758096917,0.0,F300H
-1.505790332498277,695.0,703.0,0.1029430109868463,3.469446951953614e-18,F300I
-1.543679412838659,880.0,890.0,0.11366636044399367,0.0,F300K
-1.0114240187341677,755.0,1093.0,0.049522691933222875,1.5748710654214098e-13,F300L
0.09267824188091497,1124.0,3382.0,0.03607164025228744,3.0207158613691952e-33,F300M
0.08955374475021544,622.0,1905.0,0.1108910666381745,3.469446951953614e-18,F300N
-1.2315621345671657,1144.0,1396.0,0.18500730830295758,0.0,F300P
-0.8319715689886009,927.0,1548.0,0.06199166710437729,0.0,F300Q
-2.8067180166574612,1725.0,704.0,0.08988366512827281,1.734723475976807e-18,F300R
0.13598067788165194,501.0,1566.0,0.05293318134767943,3.352513282558749e-29,F300S
-0.3008486636726722,813.0,1938.0,0.05105851466877674,1.1058862159352145e-17,F300T
-0.7891954419625946,788.0,1318.0,0.04701307268952295,7.258680328497278e-151,F300V
0.08595491217390691,1102.0,3467.0,0.03647734949205347,2.5922170193919505e-07,F300W
-0.0314224933137517,1084.0,2991.0,0.03713642129734224,2.145297850740724e-77,F300Y
-2.815854157332213,1272.0,510.0,0.0603723765303054,8.066271175305451e-13,F300_
-2.229804445365978,1064.0,653.0,0.06899021588880452,8.673617379884035e-19,F303A
-0.11975773296143893,1089.0,2980.0,0.11937031105721874,0.0,F303C
-2.8122921021980463,1091.0,466.0,0.25033344188541273,0.0,F303D
-2.59060638110607,328.0,154.0,0.10078654712533759,1.4271516953634814e-88,F303E
-1.658452631164769,886.0,810.0,0.05081515219133162,1.3706837554044244e-60,F303G
-2.319774805346269,451.0,252.0,0.08449047876333357,1.6646432398313704e-08,F303H
-2.6481776860854658,880.0,397.0,0.14301090466359442,6.938893903907228e-18,F303I
-2.6072409788409963,416.0,199.0,0.14810156319394527,0.0,F303K
-2.586648626523837,854.0,404.0,0.07007805064015075,2.5580254060797447e-13,F303L
-2.0337470912008326,840.0,587.0,0.15687024182655177,0.0,F303M
-1.3098985272154988,910.0,1083.0,0.04702152569773497,2.546198363987924e-261,F303N
-2.702477813139412,1289.0,562.0,0.11994770455019545,1.734723475976807e-17,F303P
-2.592075098669463,1078.0,506.0,0.09286456017040569,0.0,F303Q
-2.89251450680253,951.0,360.0,0.06382955394169391,3.172819471685097e-149,F303R
-1.622882301702868,573.0,545.0,0.21372392470396048,0.0,F303S
-2.2385534840905663,909.0,563.0,0.06781546244991096,0.0,F303T
-2.5647326407636903,1279.0,623.0,0.050900805964031445,5.569645386082057e-74,F303V
-0.3412896421100932,1680.0,3810.0,0.09007122285808945,3.469446951953614e-18,F303W
-1.9205227091455392,1538.0,1163.0,0.06932402956367739,8.673617379884035e-19,F303Y
-2.642368420517615,1033.0,485.0,0.057142742545720736,7.210138467682076e-108,F303_
-1.593624106795547,923.0,883.0,0.04903250113440736,3.900326359431072e-46,F306A
-1.0060431848652676,1474.0,2141.0,0.04656357134646516,2.168404344971009e-19,F306C
-2.544048193557548,1308.0,648.0,0.049857589252352036,2.675652512827012e-23,F306D
-2.720017190120503,985.0,453.0,0.08512506133836822,0.0,F306E
-2.1355464861855165,1409.0,928.0,0.11206407958545317,1.3877787807814457e-17,F306G
-0.28649211599729507,1427.0,3398.0,0.15417435757807668,2.0816681711721685e-17,F306H
-0.21880229748418284,811.0,1988.0,0.0434461251961276,5.884716865589174e-279,F306I
-2.7317460924997095,958.0,420.0,0.1417373707665491,0.0,F306K
-0.6789532802410398,954.0,1702.0,0.04241483479834224,1.1669742966006462e-39,F306L
-0.45731046952188187,785.0,1670.0,0.05123195425036528,1.3827047146142135e-14,F306M
-1.9132733236353414,926.0,698.0,0.07489006946338296,3.469446951953614e-18,F306N
-0.8082662573379212,1110.0,1830.0,0.1328423050778115,0.0,F306P
-1.6151873075062821,960.0,917.0,0.048164291009309114,1.7045937044675947e-74,F306Q
-2.9334776455949774,719.0,280.0,0.11188324238542992,6.938893903907228e-18,F306R
-1.6524373870438291,889.0,814.0,0.05070373871357473,1.157103339855555e-65,F306S
-1.0160984956568415,1099.0,1600.0,0.13197585310826876,0.0,F306T
-0.5775724134107768,848.0,1575.0,0.044352553680764024,8.317689354733385e-23,F306V
-1.5641062132297112,657.0,639.0,0.06398714795574643,1.8522501241124978e-12,F306W
-0.5771384432033319,774.0,1483.0,0.07959910064723148,0.0,F306Y
-2.7241798954476,1638.0,713.0,0.05181207860178201,2.4378502688771064e-13,F306_
-2.3504872261439607,1490.0,849.0,0.08997047050028772,1.734723475976807e-18,F317A
-1.2570395126099554,1564.0,1888.0,0.12285240255071835,0.0,F317C
-2.8115752593064607,251.0,102.0,0.12135773951813729,4.324793117600652e-25,F317D
-2.72276642227204,1086.0,469.0,0.149057752491502,0.0,F317E
-2.5795680715617926,1621.0,759.0,0.04573587273142498,3.4786316801054446e-13,F317G
-1.2358107688083961,2068.0,2522.0,0.10911628957807934,0.0,F317H
-1.4493992244658203,1205.0,1273.0,0.12012887491893257,0.0,F317I
-2.256586001897015,1505.0,923.0,0.11723530649312144,0.0,F317K
-1.3098230247999156,1225.0,1393.0,0.04103542632281925,3.768955812494777e-29,F317L
-1.0808706890644133,1745.0,2366.0,0.060710937164385075,8.673617379884035e-19,F317M
-2.8415468178996615,819.0,341.0,0.11929409110397789,0.0,F317N
-2.916000635231591,981.0,375.0,0.16070480863357223,2.0816681711721685e-17,F317P
-2.6867235020943583,1004.0,446.0,0.16977958231818233,0.0,F317Q
-2.8790235971661793,1507.0,599.0,0.1758952524379877,0.0,F317R
-2.6674645037157845,1190.0,552.0,0.12457748950043002,0.0,F317S
-1.190350938039333,952.0,1216.0,0.04530024716161123,7.931432565164651e-188,F317T
-2.0152697752245587,1512.0,1080.0,0.04189261482971721,4.545169302412893e-52,F317V
-0.5897177111077785,1023.0,1939.0,0.12904721505510586,0.0,F317W
-0.6916941458572238,1514.0,2657.0,0.12511154051066214,3.469446951953614e-18,F317Y
-2.8730809502067722,698.0,279.0,0.14446203407091,3.469446951953614e-18,F317_
-1.4492379350792133,101.0,111.0,0.23076978530055867,1.3877787807814457e-17,F327A
-1.1282744862362153,1829.0,2390.0,0.09192008481835189,1.734723475976807e-18,F327C
-2.8785771610625988,1069.0,415.0,0.060157848293736625,6.032806325270881e-07,F327D
-2.345417744101362,1501.0,834.0,0.07698712963324374,0.0,F327E
-2.199902560063264,1538.0,965.0,0.04297734107125515,2.7304492594597252e-96,F327G
-1.3672937528144522,1532.0,1736.0,0.08288723520084246,1.734723475976807e-18,F327H
-0.9873078539051542,937.0,1360.0,0.07560553005496752,4.336808689942018e-18,F327I
-1.8064857149367841,728.0,593.0,0.11143179012378084,0.0,F327K
-0.181158721064304,1642.0,4170.0,0.066609020692352,1.734723475976807e-18,F327L
-0.14480649868563172,1588.0,4196.0,0.031257575145911834,1.3755870668124538e-208,F327M
-2.089234424565522,932.0,614.0,0.07915804912061622,0.0,F327N
-2.651988210458127,1322.0,600.0,0.051000602914472365,9.76679881554506e-15,F327P
-1.484701364560339,1517.0,1556.0,0.0380811201698464,2.300507200743742e-103,F327Q
-1.5302094943194193,888.0,894.0,0.14024179523664965,0.0,F327R
-1.4298142702910128,1651.0,1779.0,0.08665745285467732,0.0,F327S
-0.49624200577119687,883.0,1794.0,0.15462132336495224,0.0,F327T
-1.1041771571788093,1537.0,2027.0,0.03578244624851673,3.0181264365641655e-93,F327V
-0.16324604561060232,1095.0,2756.0,0.10058934197432029,0.0,F327W
-0.3863249728561767,1321.0,2915.0,0.10815338944878047,6.938893903907228e-18,F327Y
-2.775629551412006,1551.0,645.0,0.12263291511266393,1.3877787807814457e-17,F327_
-1.1590453131611098,1125.0,1463.0,0.22056820273157324,0.0,F335A
-1.2420380053444404,1286.0,1570.0,0.09340329296239142,8.673617379884035e-18,F335C
-2.2972468082449207,2188.0,1291.0,0.0370852226812291,9.448531449241807e-44,F335D
-2.464163159003941,675.0,357.0,0.06795200056865021,1.1705215302662078e-29,F335E
-1.5874542244318024,1626.0,1548.0,0.10401768928379482,1.3877787807814457e-17,F335G
-2.3904508422799178,848.0,461.0,0.06886126125310256,3.6979967699135585e-15,F335H
-0.18592542559387115,898.0,2303.0,0.06331405771709744,0.0,F335I
-2.608118801219334,1473.0,699.0,0.047806958575309116,2.0822077781611739e-116,F335K
-1.347181711144109,1155.0,1337.0,0.04204927789261707,1.0371123399624916e-14,F335L
-1.2670516205794564,846.0,1047.0,0.04830872373870832,1.2527855987483218e-190,F335M
-2.541904771678877,1050.0,506.0,0.056044781469531596,3.6902534005704857e-90,F335N
-2.861116098720795,1807.0,728.0,0.050945016925346455,1.212877454720429e-13,F335P
-2.489178523660677,1397.0,706.0,0.09927641096623196,0.0,F335Q
-2.7001139370004275,1184.0,525.0,0.08591513675560027,3.469446951953614e-18,F335R
-1.4444595710873889,302.0,333.0,0.12143356561559768,0.0,F335S
-1.424991401696884,1259.0,1319.0,0.06682320500780414,0.0,F335T
-0.9349081625332333,849.0,1267.0,0.07651273369180579,0.0,F335V
-1.4543885922609918,882.0,924.0,0.04929344557639332,1.9307937118058494e-25,F335W
-1.3681982432998991,1184.0,1340.0,0.04270607801573927,1.8956298510313784e-07,F335Y
-2.877387135661796,1014.0,404.0,0.2155791908947039,0.0,F335_
-0.8490014697213902,2212.0,3561.0,0.02906215256343328,9.993854271371903e-48,F341A
0.7184500471102131,1898.0,8941.0,0.0783344509231034,0.0,F341C
-2.3532587729600682,1436.0,799.0,0.09794954519341467,0.0,F341D
-1.5615015099514318,1533.0,1511.0,0.2951267358399095,8.326672684688674e-17,F341E
-0.7871260696969693,1503.0,2481.0,0.08607737125581952,5.204170427930421e-18,F341G
-0.6501487311392672,1027.0,1915.0,0.0521838268430097,0.0,F341H
-1.1463180788703673,2078.0,2693.0,0.13363865799570424,1.3877787807814457e-17,F341I
-2.2785959499445343,909.0,535.0,0.3311802832862247,0.0,F341K
-0.07832416442644803,1453.0,4011.0,0.10150213823504765,3.469446951953614e-18,F341L
-0.09906628596750414,1002.0,2731.0,0.22794795616469768,0.0,F341M
-1.0031583950953622,1016.0,1473.0,0.04277931121528245,4.800405132649147e-105,F341N
-2.9612745010356516,1046.0,387.0,0.07581480704648312,0.0,F341P
-1.1120218334397776,1688.0,2242.0,0.09829141496220711,6.938893903907228e-18,F341Q
-2.7022366584904614,1813.0,808.0,0.0760946191287249,0.0,F341R
-0.2646457804542125,1661.0,4024.0,0.08951273144489895,0.0,F341S
-0.44073275502565734,963.0,2029.0,0.0809155181757931,1.734723475976807e-18,F341T
-1.276813461673721,1680.0,2039.0,0.08063360706511587,0.0,F341V
-0.96142653512626,948.0,1368.0,0.04414221498809453,8.01690244735782e-77,F341W
-0.13538393585618871,1321.0,3504.0,0.11604822062535908,0.0,F341Y
-2.764452565803731,735.0,313.0,0.06941828165618259,9.66353361358695e-29,F341_
-1.7202894948223295,930.0,806.0,0.11069579359796723,3.469446951953614e-18,F351A
-0.788575395379574,977.0,1674.0,0.04210868261047774,1.93153851917726e-53,F351C
-2.4685089651732506,1285.0,677.0,0.1189549348320988,6.938893903907228e-18,F351D
-1.7978505344331497,1611.0,1315.0,0.06863941597121385,0.0,F351E
-2.659904910196394,1054.0,489.0,0.06736316502113991,1.3010426069826053e-18,F351G
-1.662750160287671,1004.0,912.0,0.20238790675051252,1.3877787807814457e-17,F351H
0.08696931473146705,1159.0,3558.0,0.09146430887646115,0.0,F351I
-2.2709257924083146,1594.0,938.0,0.059352897298688305,1.3010426069826053e-18,F351K
0.4006604945667936,1589.0,6131.0,0.029865662741116447,4.654907287595577e-160,F351L
-0.2588328685975396,1082.0,2648.0,0.16233393174776545,0.0,F351M
-2.11585765683265,823.0,541.0,0.1237254699184799,0.0,F351N
-2.8953692674168625,917.0,352.0,0.06491962466676154,5.750776328772941e-38,F351P
-2.4642191791139423,1402.0,748.0,0.06779632651038262,0.0,F351Q
-2.873681578663321,1359.0,536.0,0.05307821697787694,3.340728907859562e-11,F351R
-1.1924195698942948,1113.0,1397.0,0.1955540793095109,0.0,F351S
-0.7157679996207429,1406.0,2481.0,0.0351934938923991,6.018900902897391e-22,F351T
-0.31111655496615154,592.0,1371.0,0.10908011361459041,0.0,F351V
-2.0154229362835836,1414.0,991.0,0.043515219014196596,1.2321255090784648e-25,F351W
-2.237701666612832,846.0,499.0,0.1483067194756913,1.3877787807814457e-17,F351Y
-2.6427459818715637,1218.0,576.0,0.05268732995520304,2.210773679158837e-33,F351_
0.04694493018258079,952.0,2860.0,0.08481971936224375,0.0,F47A
-0.3736832434206348,678.0,1504.0,0.07424212336765885,1.734723475976807e-18,F47C
-1.14289202898098,572.0,743.0,0.06579364892735927,2.6380807260917294e-15,F47D
-0.23586911192607565,426.0,1015.0,0.05944841664928825,4.379944738171001e-08,F47E
0.2668774892908768,461.0,1612.0,0.0543770179476851,1.2340437219949275e-23,F47G
-0.023616636714466975,586.0,1665.0,0.06608169406615536,4.336808689942018e-19,F47H
-0.34920683380516143,614.0,1373.0,0.05054759892193583,1.5348205172796202e-25,F47I
-0.3276442657511914,2182.0,5132.0,0.027478744729118664,4.156049328443479e-123,F47K
-0.08025086745094226,777.0,2140.0,0.04360012247169681,3.1477547784260616e-07,F47L
0.07858048180891103,458.0,1426.0,0.14283798620988353,0.0,F47M
0.31935409727880354,540.0,1983.0,0.08372043483970691,0.0,F47N
-2.146856847833878,1041.0,669.0,0.10632067908248417,3.469446951953614e-18,F47P
-0.010369423470989321,550.0,1620.0,0.05103124757785355,4.241798846045717e-54,F47Q
0.6435539338033315,1064.0,4721.0,0.03553734541532775,8.791463143229308e-41,F47R
0.19953099603895444,715.0,2379.0,0.044311199719304424,3.099415568547475e-230,F47S
0.14352979347804148,1028.0,3339.0,0.060103468992128414,8.673617379884035e-19,F47T
-0.28315542920300696,1318.0,3132.0,0.03460389773409172,3.996192902574101e-101,F47V
-0.8097704080589789,1212.0,1989.0,0.11225155344706737,0.0,F47W
-0.22472353527065317,1406.0,3385.0,0.07090714985538453,1.734723475976807e-18,F47Y
-2.2138673605258217,634.0,406.0,0.06610842190437693,1.2329968806245447e-32,F47_
-0.1546308488767452,617.0,1647.0,0.1346026102671026,0.0,F57A
-0.055618703475058776,503.0,1359.0,0.05397876755747815,1.739339257023364e-262,F57C
-2.5397422248850825,878.0,436.0,0.060531648674864214,1.4788857996473154e-46,F57D
-1.4333617815450734,356.0,374.0,0.14480467427279453,2.42861286636753e-17,F57E
-0.1256094319648693,710.0,1921.0,0.09159414248034503,3.469446951953614e-18,F57G
-1.2082362844841448,965.0,1225.0,0.04640054250056892,2.9783265320301993e-08,F57H
0.1645322854021258,629.0,1986.0,0.07046401302522691,0.0,F57I
-1.2374008168373927,999.0,1220.0,0.05192695630535003,4.0332320816460765e-17,F57K
-0.04766754600864577,475.0,1333.0,0.08095655510883792,0.0,F57L
-0.27199948837619975,618.0,1519.0,0.04971075914760502,5.020979691413473e-07,F57M
-1.2156180820350693,631.0,796.0,0.055444949848416546,9.249247157211784e-298,F57N
-0.306918331744267,252.0,584.0,0.07776562496507815,2.2467385530438843e-95,F57P
-0.7491647081319117,816.0,1403.0,0.1013034436681027,6.938893903907228e-18,F57Q
-2.0374193472602755,486.0,339.0,0.08171377617271659,1.0325195559657274e-12,F57R
0.0076451372733159495,288.0,805.0,0.22332378590545507,6.938893903907228e-17,F57S
-0.5822858206291935,725.0,1424.0,0.16795914496493933,0.0,F57T
0.06613239047400585,1501.0,4469.0,0.031563948172731615,1.756052921610184e-113,F57V
-0.5914595534102591,203.0,370.0,0.4558492927975246,5.551115123125783e-17,F57W
-0.4059556405373086,529.0,1158.0,0.05435347041640054,2.1434364828789022e-107,F57Y
-2.8732190509571005,1110.0,438.0,0.058530557950276695,1.4171366896178418e-44,F57_
-0.10517934608238177,377.0,1007.0,0.19078319954703585,0.0,F6A
-0.22773020600351346,651.0,1593.0,0.048308083053374855,1.7074428537958008e-180,F6C
-2.595440918816888,914.0,427.0,0.0604530028283838,1.0117995231021082e-11,F6D
-0.4906068190708913,517.0,1053.0,0.05557072801473608,2.96254688517035e-62,F6E
0.00033017324327059823,502.0,1444.0,0.11591782752237434,0.0,F6G
-0.30388608562208214,540.0,1236.0,0.08318018805362161,0.0,F6H
-0.12661549844021686,739.0,1940.0,0.04489653004319801,5.905885949676914e-31,F6I
-0.5892647042336943,708.0,1349.0,0.12862326750319794,0.0,F6K
-0.3993615952969589,1226.0,2637.0,0.03632548005448107,1.6598473473305494e-49,F6L
0.16524775483731832,372.0,1190.0,0.1881047322629163,0.0,F6M
-0.37714763156522524,739.0,1649.0,0.1458877084466806,0.0,F6N
-1.1224611471288757,423.0,561.0,0.11329962315435284,0.0,F6P
-0.13014525709551833,1142.0,2976.0,0.11667944567975036,0.0,F6Q
-0.35579943835784406,289.0,649.0,0.16405041541913776,1.3877787807814457e-17,F6R
-0.4957474536548505,376.0,748.0,0.06531459923485951,1.0005434504112475e-257,F6S
-1.2235037371653128,1038.0,1316.0,0.04363606341972546,3.6470379949522014e-18,F6T
-1.009091657303848,462.0,667.0,0.10352407059221838,0.0,F6V
0.1682604174632484,451.0,1445.0,0.06519594543567384,3.9898639947466563e-17,F6W
-0.2560548510366245,953.0,2356.0,0.05276431774909634,0.0,F6Y
-2.74673742582484,1063.0,461.0,0.05795358121559283,2.0038003496810067e-24,F6_
-1.2415642177184314,470.0,546.0,0.241604673923772,0.0,F78A
-1.566787298654063,583.0,579.0,0.08632852315277971,8.673617379884035e-19,F78C
-1.8548396851500253,500.0,387.0,0.07029400800606525,6.261842593158379e-72,F78D
-1.7396401711097311,775.0,667.0,0.08029876705356381,8.673617379884035e-19,F78E
-0.6375428463274478,502.0,943.0,0.13661884468239938,0.0,F78G
-1.9560155588532202,305.0,226.0,0.11388605238081137,0.0,F78H
-0.9218957607052498,300.0,441.0,0.07754969204542479,4.086509751090905e-63,F78I
-2.6675258674029174,419.0,188.0,0.11583978809249677,1.734723475976807e-18,F78K
0.05810032480603716,553.0,1651.0,0.05079398940265531,1.0708210463956786e-65,F78L
-0.6608246030568375,517.0,953.0,0.1037117620287227,0.0,F78M
-3.3846941849592196,1687.0,455.0,0.054394067923550886,4.568993378770829e-21,F78N
-2.4874528216570337,718.0,375.0,0.08832642117839021,0.0,F78P
-2.0228477911918663,579.0,411.0,0.15677137518947373,0.0,F78Q
-2.5328866941408736,1176.0,588.0,0.16761475762797545,0.0,F78R
-0.5095069770341187,1670.0,3362.0,0.10808036730880832,1.3877787807814457e-17,F78S
-1.0476123834469344,858.0,1189.0,0.049175160394192154,1.797874772723005e-09,F78T
-0.7300297120071796,527.0,933.0,0.05662850183992567,1.0651770188732098e-111,F78V
-0.5924839142470555,504.0,959.0,0.05710172198223281,9.375495887985747e-126,F78W
-0.6621550037712629,542.0,976.0,0.05670240779117154,3.778661855144004e-07,F78Y
-2.7230915547006065,649.0,284.0,0.23059799510737738,2.7755575615628914e-17,F78_
-0.7226390654833817,534.0,897.0,0.05664321750200312,3.2909408128474995e-126,F83A
-0.347138123143641,512.0,1163.0,0.07731753540781973,8.673617379884035e-19,F83C
0.11679701252218884,743.0,2308.0,0.043783638415923316,4.378005668776854e-34,F83D
-0.9009393083022683,361.0,580.0,0.10936721801678703,0.0,F83E
-0.6975373113461444,571.0,1053.0,0.054128119118016335,2.7550637343242192e-47,F83G
-0.42552745570895195,246.0,538.0,0.07925058487371002,1.6177834531730288e-165,F83H
-0.7302702330514256,535.0,902.0,0.12008151210907403,3.469446951953614e-18,F83I
-1.5556858703506184,624.0,620.0,0.0587334068212176,3.4340746320055475e-25,F83K
-0.4815736583495378,604.0,1261.0,0.05142404319511031,2.998704865317338e-217,F83L
-0.20228175046555064,505.0,1275.0,0.08909124891850159,0.0,F83M
-0.9350819193712823,400.0,591.0,0.20590162383979652,1.3877787807814457e-17,F83N
-1.8946165179696717,245.0,190.0,0.1337863116561815,1.734723475976807e-18,F83P
-0.7811873391760584,406.0,688.0,0.2256035857123199,0.0,F83Q
-2.2406125338287337,627.0,379.0,0.06769212796953883,5.544745011478398e-12,F83R
-0.3021682673931327,543.0,1278.0,0.053266998923006216,1.6870462153074218e-21,F83S
-0.30343175298629443,326.0,737.0,0.10866655445731058,0.0,F83T
-0.46661819404527,265.0,544.0,0.07765789949976594,7.134041531773966e-08,F83V
-0.2701515907598741,669.0,1591.0,0.0478001515798507,8.629869820365983e-36,F83W
-0.1778674190548973,508.0,1263.0,0.05441722487009624,6.675685970413183e-154,F83Y
-3.0191150377281537,610.0,217.0,0.13566885067280404,0.0,F83_
1.732677532251334,1396.0,13546.0,0.09239050629466554,6.938893903907228e-18,F85A
-1.1885830720964463,557.0,707.0,0.20317192368496667,0.0,F85C
-1.488722722926083,309.0,318.0,0.19091178280602522,1.3877787807814457e-17,F85D
-2.371182532517557,353.0,197.0,0.13515146166627343,0.0,F85E
-0.7239425928563492,551.0,944.0,0.055681371127232045,1.3207214384326508e-175,F85G
-1.1576545590039549,356.0,464.0,0.18087679846965232,0.0,F85H
-0.511243676981659,1032.0,2118.0,0.0704627374109228,0.0,F85I
-1.7368158757092882,567.0,503.0,0.11659542444813376,0.0,F85K
-0.6326180055004916,459.0,857.0,0.1855314646748995,0.0,F85L
-0.6618950726185379,531.0,987.0,0.05586150512428245,0.0,F85M
-0.8049804859110139,580.0,965.0,0.05446372522865826,9.22106111460603e-46,F85N
-0.5745012597882947,466.0,926.0,0.11241140812126518,6.938893903907228e-18,F85P
0.07984871322991631,216.0,673.0,0.2987189507867072,2.7755575615628914e-17,F85Q
-1.7438127714516622,484.0,425.0,0.0689969036809714,1.4003009009538676e-126,F85R
-0.6284778372526285,1028.0,1941.0,0.14174774472480683,6.938893903907228e-18,F85S
-0.5540620457473253,638.0,1261.0,0.05052801826040687,6.645875500656695e-258,F85T
-1.140961394530191,180.0,232.0,0.2275640264227711,0.0,F85V
-0.10767055008089807,658.0,1757.0,0.06398703594731973,0.0,F85W
-0.451799167834325,334.0,717.0,0.12860183900692493,3.469446951953614e-18,F85Y
-2.519468937394999,432.0,207.0,0.08752413786870011,8.076132869843424e-26,F85_
-0.7903254689634255,521.0,860.0,0.08600454288980382,3.469446951953614e-18,F91A
-0.5214772484675042,479.0,944.0,0.10466045659260377,0.0,F91C
-0.3811251615659572,808.0,1818.0,0.11724852063088803,6.938893903907228e-18,F91D
-0.010277793125404633,715.0,2012.0,0.1486737632492852,1.3877787807814457e-17,F91E
-0.3730696617480884,615.0,1346.0,0.05056446603623784,2.516623776770578e-191,F91G
-0.6157579054877147,711.0,1281.0,0.20237262462942676,0.0,F91H
-0.4136106313197977,397.0,855.0,0.20887203423577602,0.0,F91I
-1.3425737554680421,764.0,881.0,0.05167820595276452,1.6217003476161627e-41,F91K
0.00821022377483247,575.0,1634.0,0.16185355002361826,3.469446951953614e-17,F91L
-0.2199794745783176,613.0,1529.0,0.249929175923864,0.0,F91M
-0.7484940377853501,491.0,854.0,0.08201541615259036,0.0,F91N
-0.6661007811359165,799.0,1423.0,0.04621184996424649,8.681955041425518e-44,F91P
-0.23592378802359015,403.0,1039.0,0.06046291751152873,8.658616515463555e-24,F91Q
-1.6372872230408146,230.0,200.0,0.19660142693369187,0.0,F91R
-0.1228318205410515,533.0,1412.0,0.2357886112060199,0.0,F91S
-0.20857010407091042,573.0,1432.0,0.05138229287800581,2.675082676970832e-36,F91T
-0.1383165320671932,834.0,2222.0,0.08027810189583166,0.0,F91V
-0.5186277652013789,171.0,367.0,0.2719769117450817,0.0,F91W
-1.031832816577429,635.0,885.0,0.174121281086647,2.7755575615628914e-17,F91Y
-2.789964483583858,609.0,252.0,0.07688848158738669,1.9157845287112704e-30,F91_
-0.5114332694065117,497.0,1018.0,0.09997723994661803,0.0,G101A
-1.8049129020893824,693.0,568.0,0.09253870144083276,0.0,G101C
-1.2510605966400472,548.0,665.0,0.060210337641927146,4.9597153914453875e-08,G101D
-1.2574221492594013,587.0,713.0,0.09922259652774858,0.0,G101E
-1.9371018464711391,494.0,360.0,0.07178545768997224,2.015118872360887e-165,G101F
-1.2354634297681433,549.0,666.0,0.08511940756895645,2.6020852139652106e-18,G101H
-3.4377186476632677,1076.0,280.0,0.1859974181639994,0.0,G101I
-0.9355914490859433,563.0,846.0,0.1780259701352288,0.0,G101K
-1.8900424123917858,228.0,168.0,0.10469440719312645,9.489462963604986e-166,G101L
-1.2527572081965905,593.0,717.0,0.15365911128628781,2.0816681711721685e-17,G101M
-1.4243140650230777,745.0,803.0,0.23325170245203186,2.7755575615628914e-17,G101N
-2.9521638695690053,493.0,192.0,0.08734271764858394,6.927803743766251e-125,G101P
-1.6094705743022737,593.0,548.0,0.0943261865456568,0.0,G101Q
-1.9795785043854635,1306.0,946.0,0.1153060493360715,0.0,G101R
-1.1384174219338101,516.0,675.0,0.09403717461051825,1.734723475976807e-18,G101S
-2.026750380119177,646.0,454.0,0.09628100821321044,0.0,G101T
-2.2684575378032616,378.0,230.0,0.08654600985600644,1.4215812464580136e-06,G101V
-1.645582598249869,497.0,456.0,0.06698688447660296,6.345779576619613e-34,G101W
-1.412241279855467,1087.0,1173.0,0.09551096936718023,1.734723475976807e-18,G101Y
-2.759791191721131,523.0,225.0,0.08251445029446172,7.535741366025824e-22,G101_
-2.661292160161816,602.0,272.0,0.07565609251276577,8.391240189849724e-33,G102A
-3.1135217796001915,591.0,202.0,0.15299203894837243,0.0,G102C
-3.0195727688174254,698.0,262.0,0.2519992660462857,0.0,G102D
-2.835402550596571,485.0,202.0,0.10451607999367915,2.6020852139652106e-18,G102E
-2.82547545903196,533.0,214.0,0.17340547296772368,0.0,G102F
-2.730278106826611,264.0,112.0,0.19897556491732188,0.0,G102H
-2.9419168352928913,741.0,282.0,0.08358029964260995,1.695692197767329e-16,G102I
-2.999672307946536,830.0,295.0,0.07012575599124529,7.056405150726633e-14,G102K
-2.71876301610281,870.0,382.0,0.13476591833442214,0.0,G102L
-2.9908978461676754,985.0,348.0,0.12516881319018108,0.0,G102M
-2.804134288154823,814.0,336.0,0.06705397195744596,2.1457747367531434e-95,G102N
-2.983211336100167,511.0,184.0,0.16839773217215553,0.0,G102P
-2.761394311951376,865.0,354.0,0.08879228627321063,8.673617379884035e-19,G102Q
-2.8602319386206885,723.0,290.0,0.20836232571165464,0.0,G102R
-3.173897095550926,373.0,121.0,0.16118784799233407,6.938893903907228e-18,G102S
-2.9552869583060972,435.0,163.0,0.09458831061704003,7.59685923754683e-80,G102T
-2.6216635594513895,667.0,322.0,0.06978621405594906,5.814868865626507e-08,G102V
-3.058423190992859,765.0,281.0,0.1868185476356186,0.0,G102W
-2.709017035192081,704.0,310.0,0.09451410058853206,0.0,G102Y
-2.8877190278410403,684.0,266.0,0.19108181418004977,3.469446951953614e-17,G102_
-0.5485611126295098,432.0,837.0,0.10841750489819758,3.469446951953614e-18,G106A
-2.5597344744591237,497.0,246.0,0.08044885741898435,4.151268753634261e-214,G106C
-2.8371934999908546,725.0,292.0,0.07157905689630367,8.6350970867507e-105,G106D
-3.015452796889137,748.0,261.0,0.07401339524115011,1.290451053042671e-233,G106E
-2.6898185548039235,585.0,267.0,0.08839719326612042,1.3270634591222574e-16,G106F
-2.994151021584939,592.0,212.0,0.10360318034160168,0.0,G106H
-2.8886742886424717,746.0,292.0,0.1441286111956064,1.3877787807814457e-17,G106I
-2.6107804188767743,483.0,230.0,0.08222991779561671,3.037332199098788e-27,G106K
-2.7551135380678726,967.0,427.0,0.25216577734280593,1.3877787807814457e-17,G106L
-2.7386353955514138,545.0,230.0,0.2515464739606539,4.163336342344337e-17,G106M
-3.0637213118527415,330.0,118.0,0.1095964685913259,8.91616660132155e-57,G106N
-2.8567320769044957,228.0,90.0,0.1420949369417492,3.683216925898236e-13,G106P
-3.051046561292129,491.0,171.0,0.13074384053131222,0.0,G106Q
-3.009605980937288,671.0,241.0,0.312102047277065,2.7755575615628914e-17,G106R
-1.7872840360274989,497.0,410.0,0.18242754148947304,6.938893903907228e-18,G106S
-2.6370332894162987,644.0,296.0,0.11359644539898428,0.0,G106T
-2.8813632649707923,479.0,193.0,0.0873465763666909,6.1072661939970977e-33,G106V
-2.8482624405752586,708.0,273.0,0.07324698709024864,3.220709600237048e-80,G106W
-2.816742863090313,469.0,186.0,0.0894207477245898,2.327836669880062e-53,G106Y
-2.629887519115185,1366.0,607.0,0.050740328322383704,1.0148354882047917e-97,G106_
-0.1474117555165822,394.0,1011.0,0.061341348657471095,2.6149249321140494e-185,G111A
-1.1095774274765768,365.0,493.0,0.2504643589260527,0.0,G111C
-2.88676014693061,444.0,177.0,0.1298148044653145,0.0,G111D
-2.928266528102144,521.0,197.0,0.25215159403359616,1.3877787807814457e-17,G111E
-2.766530281127011,359.0,151.0,0.3807781659834757,0.0,G111F
-3.2076606771717073,662.0,203.0,0.09205209993132052,1.112135557257421e-12,G111H
-3.0761394752474827,429.0,150.0,0.28547075260637883,0.0,G111I
-2.8453057526244696,416.0,163.0,0.0946135696483022,4.912645941607118e-48,G111K
-2.9152051383268613,358.0,138.0,0.10683009433946827,2.807895332032108e-07,G111L
-3.0649319933308696,577.0,195.0,0.08539451310042702,1.2704384243598069e-41,G111M
-2.1050026699817384,269.0,183.0,0.09846531925920875,8.361667814980657e-59,G111N
-1.7656198814798125,380.0,329.0,0.07803906700380835,2.951662899698444e-131,G111P
-2.8810383745745116,202.0,80.0,0.1351702572607725,5.573840234809709e-121,G111Q
-2.9133991631993212,772.0,302.0,0.09392988330332493,0.0,G111R
-1.0739899006196432,504.0,689.0,0.1480954564653275,0.0,G111S
-2.0627456732836134,483.0,328.0,0.13633542183070282,6.938893903907228e-18,G111T
-2.2018544528211823,521.0,315.0,0.07406032932068941,1.251330167044285e-40,G111V
-2.93179703140736,851.0,326.0,0.17262299451015253,6.938893903907228e-18,G111W
-2.8591613094383397,806.0,316.0,0.08305001894155382,1.734723475976807e-18,G111Y
-2.1291996222696232,481.0,312.0,0.22113754139812128,4.163336342344337e-17,G111_
-0.4306274122015418,352.0,747.0,0.06655872951877294,4.026831200844269e-31,G114A
-1.4789025406856144,763.0,784.0,0.09014247619415966,3.469446951953614e-18,G114C
-3.0939488096965677,841.0,286.0,0.07045137527447275,2.9375835240185185e-205,G114D
-2.557885247456016,509.0,248.0,0.07960847845985775,1.3717248096129672e-49,G114E
-2.6559672077557077,964.0,434.0,0.20973162359853698,1.3877787807814457e-17,G114F
-2.6371960518336337,705.0,326.0,0.25433839739168435,4.163336342344337e-17,G114H
-2.7499967083849897,726.0,321.0,0.11772101910273848,2.0816681711721685e-17,G114I
-2.7102077719916173,638.0,278.0,0.07432645161317164,7.521782852181862e-59,G114K
-2.3963261590590244,279.0,147.0,0.10475094468701537,7.696735545511112e-144,G114L
-3.17417891017883,530.0,166.0,0.2662467685565976,5.551115123125783e-17,G114M
-3.1382729489322414,646.0,219.0,0.08258476727190824,1.3167497771987818e-07,G114N
-2.6254261682800557,406.0,194.0,0.30426821500581785,5.551115123125783e-17,G114P
-2.8631532503356296,758.0,296.0,0.07046869894216305,3.5289274199634667e-48,G114Q
-3.0770127003587318,2313.0,781.0,0.043230768718717276,2.0470256155652548e-29,G114R
-0.4472748460971556,326.0,698.0,0.06957704959793656,9.491047740243e-13,G114S
-2.4369243714535456,561.0,300.0,0.07406258123039701,7.314575098199779e-82,G114T
-2.775811511055972,714.0,297.0,0.07099079321366793,2.7612262691870988e-36,G114V
-2.835962656582508,785.0,310.0,0.06914906809868818,3.941892088979509e-195,G114W
-2.715395999923933,704.0,310.0,0.07052412535592853,2.1405300214582747e-70,G114Y
-2.814630794724673,756.0,311.0,0.14891466217916974,0.0,G114_
-0.1784870704678417,447.0,1130.0,0.057660613343994235,2.441134415414012e-61,G130A
-1.2772601469184763,625.0,750.0,0.11593911711455282,0.0,G130C
-2.774166256740234,892.0,370.0,0.14546443958821237,0.0,G130D
-3.286806069095108,280.0,97.0,0.550004823163557,0.0,G130E
-2.285042942784859,774.0,452.0,0.06161436421598024,4.3491726430183494e-21,G130F
-2.772341040208823,546.0,225.0,0.1541595560533457,6.938893903907228e-18,G130H
-2.2459457622238173,199.0,124.0,0.11908075449127664,1.4794493240862766e-06,G130I
-2.489453355300141,511.0,263.0,0.098839430261911,1.734723475976807e-18,G130K
-2.1311311209416917,374.0,253.0,0.08412375164028006,1.7469639950138846e-252,G130L
-0.5393587882580325,688.0,1384.0,0.04853268324301183,5.767089411802985e-162,G130M
-2.500528312939937,522.0,264.0,0.07810878804075455,6.485258125358485e-88,G130N
-2.781465175327268,393.0,156.0,0.15094590292896107,0.0,G130P
-2.5480795624247277,242.0,121.0,0.11371302968638364,9.16610799844655e-07,G130Q
-2.3834739216155785,1322.0,736.0,0.060009009282482886,1.3010426069826053e-18,G130R
-1.1230628102330071,270.0,370.0,0.08322882278905733,3.273209820802526e-14,G130S
-2.14484839843631,624.0,405.0,0.06634244319861575,9.075231957199652e-39,G130T
-1.1381616377198474,321.0,406.0,0.0770131849945966,7.732427557285222e-73,G130V
-1.9821835891963746,427.0,313.0,0.07741043927846573,2.2728046469108853e-13,G130W
-2.221628104870908,981.0,620.0,0.053585442643260824,1.0525906925548445e-16,G130Y
-2.8077070968137066,439.0,179.0,0.12069495746398204,1.734723475976807e-18,G130_
-1.114490698693844,442.0,561.0,0.0655851950945862,5.008097445004664e-11,G139A
-2.0020726408767104,880.0,622.0,0.057484698158560756,1.2015872306479422e-09,G139C
-2.324644077466123,668.0,391.0,0.06589814698371316,1.03471296572636e-182,G139D
-2.5170697155163424,767.0,393.0,0.12480185886882782,6.938893903907228e-18,G139E
-2.7658290720030387,398.0,161.0,0.0956470434173826,7.079926995001252e-52,G139F
-2.705908399234002,872.0,393.0,0.24456511537198064,0.0,G139H
-2.8218949738140173,377.0,159.0,0.09718381790762015,1.1488591404641841e-272,G139I
-2.9367565732150123,459.0,175.0,0.1578829525794833,6.938893903907228e-18,G139K
-2.662741730378857,675.0,305.0,0.07134176420678734,6.813222250185946e-98,G139L
-2.548677626588262,1154.0,573.0,0.12214435758830267,3.469446951953614e-18,G139M
-3.3538361001402257,220.0,61.0,0.15546496783515718,8.318108986327122e-09,G139N
-2.6264597115848844,845.0,385.0,0.11471581536144995,6.938893903907228e-18,G139P
-2.895155015934046,786.0,306.0,0.08641520510443029,8.673617379884035e-19,G139Q
-2.6357439933875284,791.0,380.0,0.13393104097046624,6.938893903907228e-18,G139R
-1.109311845882164,1036.0,1368.0,0.04309623687811413,5.22716038091867e-88,G139S
-0.6321891358811232,614.0,1140.0,0.08986395474772782,1.734723475976807e-18,G139T
-2.583818398292227,766.0,358.0,0.06619111834280582,7.92683696780554e-243,G139V
-2.7500579375852636,602.0,259.0,0.2418127317666842,0.0,G139W
-2.7336875803288883,752.0,325.0,0.06849479473008481,3.2020134190999767e-180,G139Y
-2.652225474883969,714.0,326.0,0.15597512628719257,0.0,G139_
-1.2883973268432942,266.0,323.0,0.19745091151957506,0.0,G143A
-1.8643100573189828,687.0,554.0,0.18018620184978,0.0,G143C
-2.8395332534389692,686.0,269.0,0.0738267519168836,2.4060893248281367e-20,G143D
-2.9654667328669544,707.0,265.0,0.1597360343727174,0.0,G143E
-2.5533974514923936,559.0,282.0,0.17893182925356105,0.0,G143F
-3.2806688760091487,988.0,288.0,0.09135359455856569,8.673617379884035e-19,G143H
-2.9122581018066063,387.0,147.0,0.14153575303780513,3.469446951953614e-18,G143I
-2.921091241475747,1256.0,473.0,0.12646720233810219,0.0,G143K
-2.399948666796595,714.0,390.0,0.06522363146167293,1.0459876768809118e-183,G143L
-2.175879957878116,733.0,464.0,0.13190349314655705,0.0,G143M
-2.6321349256932756,436.0,206.0,0.15469093403271286,6.938893903907228e-18,G143N
-2.4299846928271553,321.0,175.0,0.24390589565564438,0.0,G143P
-2.696840150833938,620.0,277.0,0.16646760226658858,0.0,G143Q
-2.7777209112694283,850.0,367.0,0.07306825535407951,1.1435297153639112e-14,G143R
-1.251258459300108,472.0,571.0,0.1482892882927819,0.0,G143S
-1.371651721181769,633.0,687.0,0.164836526392756,0.0,G143T
-2.775629050065796,583.0,243.0,0.07863609188815829,2.4595060110547576e-248,G143V
-2.3074769069469268,1064.0,616.0,0.05282153831563844,4.1931853975306774e-33,G143W
-2.949332872922587,745.0,279.0,0.15811356622987283,6.938893903907228e-18,G143Y
-2.8221748324765183,361.0,146.0,0.1264143796905715,6.938893903907228e-18,G143_
-0.45440716143649074,705.0,1477.0,0.12172024344715132,0.0,G145A
-0.18007121856170483,523.0,1365.0,0.05569612445953309,1.521020173445584e-08,G145C
-2.327520554191501,684.0,394.0,0.09050435140385031,2.6020852139652106e-18,G145D
-2.619999878309075,669.0,311.0,0.10964980951408204,1.734723475976807e-18,G145E
-2.4348347710516087,758.0,410.0,0.17544097966736114,0.0,G145F
-2.8564776706636987,855.0,345.0,0.2655322963823233,0.0,G145H
-2.0300508459270965,444.0,319.0,0.30869961853607353,0.0,G145I
-2.8783849055194333,391.0,156.0,0.0979148764294602,2.5275687315379673e-12,G145K
-2.148217685543675,805.0,533.0,0.05822356358683214,2.4163289751946695e-24,G145L
-1.1253549679928745,496.0,680.0,0.13408261399164392,0.0,G145M
-2.93085137229729,142.0,51.0,0.1665828463030861,2.111061714257464e-102,G145N
-1.6740309390035486,495.0,466.0,0.06688196964803869,9.603769837878035e-157,G145P
-3.074063800008358,600.0,208.0,0.10163452880098872,0.0,G145Q
-0.8865021619160234,373.0,585.0,0.08453535135128971,8.673617379884035e-19,G145S
-0.5821061797653138,377.0,750.0,0.24229151046088063,0.0,G145T
-0.794705690468376,390.0,655.0,0.06625728323920915,7.499418008488047e-168,G145V
-2.578032980040665,601.0,286.0,0.2301510694053333,2.7755575615628914e-17,G145W
-2.8483578183982368,675.0,269.0,0.07406558995739278,1.103192923995554e-39,G145Y
-3.153287846334222,142.0,46.0,0.2353309726900824,0.0,G145_
-1.7125366112412703,730.0,646.0,0.12859532778218907,0.0,G147A
-1.5678730941358034,639.0,624.0,0.19122486809384107,0.0,G147C
-1.4262008305759573,486.0,523.0,0.18553421412399324,6.938893903907228e-18,G147D
-1.4832007673270136,850.0,892.0,0.42772025558425397,0.0,G147E
-2.7654588750706397,928.0,384.0,0.10066094885014025,0.0,G147F
-2.1961096779413,373.0,232.0,0.08668122473875432,3.511977166194059e-45,G147H
-2.291507929137094,571.0,335.0,0.2556170026129739,2.7755575615628914e-17,G147I
-2.8127872911592227,212.0,87.0,0.2574237831891514,0.0,G147K
-2.6783177961000932,706.0,310.0,0.07049779243264694,1.990077070005796e-64,G147L
-2.2306141880397434,589.0,362.0,0.06885174904656925,2.3537140340669965e-25,G147M
-1.773902804551788,511.0,420.0,0.0683070091545834,1.621401834488039e-158,G147N
-2.545863342559726,629.0,311.0,0.22623591242581054,1.3877787807814457e-17,G147P
-2.2440720205480478,1026.0,625.0,0.103070154134086,3.469446951953614e-18,G147Q
-2.484907129227488,224.0,116.0,0.117078867488387,4.8180850204945604e-45,G147R
-1.4461247493071396,400.0,412.0,0.09662146380801678,1.734723475976807e-18,G147S
-0.7609542673986458,839.0,1443.0,0.18673220270691773,2.7755575615628914e-17,G147T
-2.469653672097431,838.0,443.0,0.13449532960161828,0.0,G147V
-1.9657426653794918,305.0,222.0,0.0958128805888671,3.3228647958183366e-09,G147W
-1.8818630392950824,685.0,543.0,0.2553390361784347,1.3877787807814457e-17,G147Y
-2.3474861665532276,821.0,473.0,0.059882965752123846,0.0,G147_
-1.7632884767098949,104.0,94.0,0.14835931923510917,1.5947511123024193e-11,G148A
-2.6243335962690675,486.0,216.0,0.08431102115194265,1.00344509059003e-142,G148C
-2.8575663878670405,791.0,320.0,0.06829317653190836,1.608297669298058e-131,G148D
-2.7627329048792095,718.0,304.0,0.07052700701057496,5.2523023812624515e-134,G148E
-2.71067469575854,1131.0,503.0,0.05551720465750193,1.8685436561908095e-116,G148F
-2.859639829670173,468.0,181.0,0.0895922522737103,4.889304883249582e-28,G148H
-2.8348957140156443,354.0,139.0,0.10225530418052566,2.041624267610531e-20,G148I
-2.9144448774613405,476.0,171.0,0.10056457075219233,3.058276114992209e-11,G148K
-2.732273551158945,477.0,213.0,0.08485896649457178,8.7001284e-317,G148L
-2.841462963855229,1003.0,413.0,0.06813831414202413,1.539432643860028e-13,G148M
-2.894883807919561,277.0,108.0,0.4446268125860514,5.551115123125783e-17,G148N
-3.0986491138979977,1350.0,441.0,0.056510957730163715,1.3334062124653457e-19,G148P
-2.664219462826655,697.0,310.0,0.1835718415667222,0.0,G148Q
-3.048526811043604,1090.0,376.0,0.1628001760564389,0.0,G148R
-2.4338870251177065,552.0,292.0,0.2161483127594901,0.0,G148S
-2.9111930382754267,373.0,145.0,0.19535958383905563,0.0,G148T
-3.4672967745309786,1195.0,314.0,0.15104466978664696,0.0,G148V
-2.551156185395044,760.0,376.0,0.0655074947274567,2.8123867209761727e-14,G148W
-2.7221426526713994,856.0,381.0,0.1633833567931135,6.938893903907228e-18,G148Y
-2.7960765615216427,766.0,319.0,0.19635030055006816,0.0,G148_
-0.10988244757817386,1046.0,2769.0,0.08083271700722128,1.734723475976807e-18,G163A
-0.1987385345849495,718.0,1831.0,0.11892570110371899,6.938893903907228e-18,G163C
-0.5128597192491728,591.0,1183.0,0.05245072415462993,8.566386323172138e-32,G163D
-0.8311822651646679,635.0,1042.0,0.05249957105475144,9.89317530993415e-49,G163E
-0.4583692908149338,876.0,1879.0,0.06340526481657632,0.0,G163F
-0.08923107240861215,714.0,1952.0,0.045420367990056575,2.2083186922266184e-57,G163H
-0.6105063129715037,658.0,1239.0,0.05030016381862638,4.115182413928367e-40,G163I
-1.6036872845572876,387.0,380.0,0.22253581923194485,4.163336342344337e-17,G163K
-0.934394527474594,760.0,1160.0,0.04862704300966719,1.7882304429726525e-120,G163L
-0.24500967051974124,658.0,1540.0,0.048336248285608875,1.2365937072869037e-111,G163M
0.5993369139858306,2322.0,10091.0,0.0403469095477151,8.673617379884035e-19,G163N
-1.6966362371045338,873.0,774.0,0.0514243639164434,1.3901271054475558e-130,G163P
-0.48588466999801205,531.0,1086.0,0.18711375650322995,1.3877787807814457e-17,G163Q
-3.212424769333516,1035.0,321.0,0.0658764106481634,5.540782638111421e-103,G163R
-0.2594136181868685,769.0,1864.0,0.08359039308130445,0.0,G163S
-0.15381443829102054,945.0,2405.0,0.04018976146492882,5.163357002065486e-64,G163T
-0.3219849569109681,396.0,932.0,0.062175574327607806,2.1534743683535383e-37,G163V
-0.16188423035716817,577.0,1488.0,0.2837058670825529,2.7755575615628914e-17,G163W
-0.28939195986626676,950.0,2246.0,0.04048876650195322,0.0,G163Y
-2.7168565921313528,655.0,289.0,0.20534604803452514,0.0,G163_
-0.635065906820624,512.0,949.0,0.272059540372099,2.7755575615628914e-17,G166A
-0.611096020899187,438.0,833.0,0.06104653792906192,6.048946739379906e-111,G166C
-0.9034119108292742,470.0,737.0,0.11752481395286063,0.0,G166D
-1.2684840073036958,605.0,741.0,0.057160167617857444,9.393778577362179e-37,G166E
-1.359065444740984,787.0,884.0,0.11635669936981688,0.0,G166F
-2.236633566198215,550.0,325.0,0.20888200886413857,1.3877787807814457e-17,G166H
-0.5652022069235185,1086.0,2079.0,0.04490488930195741,4.995136249075216e-15,G166I
-1.337029550557548,625.0,707.0,0.0568913594516985,1.841542201538062e-25,G166K
-1.2296311907810473,549.0,689.0,0.0910861874092959,1.734723475976807e-18,G166L
-0.7182940430210781,511.0,891.0,0.10245068805428406,0.0,G166M
-1.0291239914768757,645.0,883.0,0.08953866947526666,0.0,G166N
-0.7696556578528284,1016.0,1710.0,0.04162761604373413,1.2303756688791888e-12,G166P
-1.282871238765156,687.0,837.0,0.05382549894638173,9.915207583760799e-14,G166Q
-2.1570839758695235,336.0,216.0,0.09043422855380444,4.256651164273661e-41,G166R
-0.9599745786146502,692.0,1020.0,0.2813096000042655,2.7755575615628914e-17,G166S
-1.0175415159069714,792.0,1165.0,0.06267849033640085,0.0,G166T
-0.6804711615239567,838.0,1538.0,0.0625402101735485,0.0,G166V
-2.7677859722713047,1203.0,507.0,0.05480495700811826,1.2617466967501001e-75,G166W
-1.6346239686951514,1110.0,1008.0,0.045534834978925534,2.693210059190051e-213,G166Y
-2.6143752379689884,704.0,341.0,0.06832680138778133,2.441863374566345e-83,G166_
-0.1006798801366922,774.0,2149.0,0.043701317556773374,3.043850086814103e-119,G187A
2.335059956145015,1972.0,28557.0,0.12171989561766984,0.0,G187C
0.13920188662558716,385.0,1198.0,0.06042349009098752,1.5425684181173055e-125,G187D
-0.1083290702425247,564.0,1538.0,0.051035631431399414,4.289193548926245e-245,G187E
-0.7934453735218976,340.0,579.0,0.08440742868125593,4.336808689942018e-18,G187F
-0.2131726131816659,584.0,1442.0,0.1377980622634485,0.0,G187H
-0.2330726216738182,356.0,872.0,0.06475554949709078,1.4632583438017897e-51,G187I
-1.1709114689647906,1766.0,2275.0,0.03369988825097902,2.7327769140725515e-75,G187K
0.023505645307499518,292.0,850.0,0.06982401283475631,5.472007755066338e-206,G187L
-0.16388383278934915,489.0,1278.0,0.219156293366902,0.0,G187M
-0.1100697091993242,819.0,2172.0,0.045668483256520696,1.5811399205981763e-10,G187N
-0.2152661600439218,748.0,1893.0,0.10802918414358384,6.938893903907228e-18,G187P
-0.24488176807441592,779.0,1898.0,0.10072347301276684,0.0,G187Q
-0.33381100821561627,555.0,1281.0,0.052771171564080635,9.058546330983296e-100,G187R
-0.1411376450127207,819.0,2131.0,0.14799637817628283,1.3877787807814457e-17,G187S
0.03238358838517212,778.0,2279.0,0.04316869898192916,9.27668468017385e-61,G187T
-0.17479445028398807,1199.0,3006.0,0.1107259113548132,0.0,G187V
-0.7580404402403742,829.0,1406.0,0.13270658051281772,3.469446951953614e-18,G187W
-0.39238800165553905,1313.0,2864.0,0.06503239717420457,8.673617379884035e-19,G187Y
-2.8929112080731882,603.0,225.0,0.15971150464345796,0.0,G187_
-0.8855166834913717,349.0,553.0,0.3355010181330222,2.7755575615628914e-17,G18A
-2.1772002716475916,834.0,538.0,0.05736293455832911,2.2610792002875378e-97,G18C
-2.8614382588363996,412.0,166.0,0.17295132084374967,0.0,G18D
-2.7613572761237886,454.0,190.0,0.08875069996274448,9.160278248348458e-114,G18E
-2.159951445039716,572.0,359.0,0.06941479650393113,1.0772105450612761e-30,G18H
-2.7626389134748073,472.0,198.0,0.08735050091713542,3.53650044938225e-83,G18I
-2.38705504118631,258.0,137.0,0.27910667115522036,0.0,G18K
-2.6686097566121756,902.0,424.0,0.09680668347833928,0.0,G18L
-2.205891011673733,509.0,313.0,0.08222167079369942,4.718439181039535e-13,G18M
-3.179989090149567,92.0,31.0,0.9405780815156385,4.440892098500626e-16,G18N
-2.483143357809558,763.0,402.0,0.06385128210485534,4.837049231224699e-180,G18P
-2.785516302787478,525.0,227.0,0.16030318580050354,2.0816681711721685e-17,G18Q
-2.4071347886838312,474.0,270.0,0.2252366676128273,0.0,G18R
-0.6085880368267889,1513.0,2855.0,0.04511131551204858,4.336808689942018e-19,G18S
-2.569386680894382,1042.0,510.0,0.055969898968265396,1.9514003085641046e-71,G18T
-2.505246807262088,407.0,208.0,0.08840685822799958,2.415691497181548e-11,G18V
-2.8343905760840955,576.0,226.0,0.17980708420552693,6.938893903907228e-18,G18W
-2.65438116152304,584.0,260.0,0.21882335609807002,2.7755575615628914e-17,G18Y
-2.4306540635468585,32.0,16.0,0.3182820410599776,3.9683402481336557e-59,G18_
-0.26278851918753343,506.0,1211.0,0.054872713063792475,1.8354090057705952e-122,G20A
-2.0599460428872214,563.0,398.0,0.08198168698873284,8.673617379884035e-19,G20C
-2.91332646203835,601.0,230.0,0.07979434065010114,0.0,G20D
-3.004176535195682,718.0,263.0,0.07400193288378239,3.2751285528302294e-45,G20E
-3.0015951297815806,485.0,177.0,0.25615025582810824,0.0,G20F
-2.4609987170626297,520.0,260.0,0.07852629023780819,5.838023762748022e-88,G20H
-2.583358542152777,425.0,209.0,0.133973208747515,0.0,G20I
-2.8219681783895845,924.0,379.0,0.08539030153105188,0.0,G20K
-3.0588971122682604,358.0,122.0,0.10709041505127447,1.0478452768099981e-51,G20L
-2.8788693179179146,869.0,340.0,0.09583056328497613,1.734723475976807e-18,G20M
-2.715231116602262,560.0,257.0,0.3201287205525732,1.1102230246251565e-16,G20N
-2.2439664076530668,1371.0,837.0,0.07203502004894231,0.0,G20P
-2.8258319459788823,755.0,315.0,0.06988256131227963,1.064689916668705e-06,G20Q
-2.768529664703568,802.0,333.0,0.18190951351534054,6.938893903907228e-18,G20R
0.49799915441107034,2080.0,8291.0,0.16291177736610227,2.0816681711721685e-17,G20S
-2.923218237239888,406.0,156.0,0.0973608810039078,4.363488885700449e-11,G20T
-2.572230787522693,683.0,334.0,0.06978182345492083,5.347132918128274e-07,G20V
-3.15033676693236,368.0,118.0,0.42907503679607495,0.0,G20W
-2.9290355556983703,867.0,320.0,0.16237550769381637,0.0,G20Y
-2.7328316316690833,1291.0,571.0,0.11256907069848053,0.0,G20_
-2.3237033166114918,1079.0,612.0,0.07688449086115226,1.734723475976807e-18,G217A
-2.9038519123685407,692.0,278.0,0.07286701175499839,2.139260086576695e-08,G217C
-3.1925617827758184,1035.0,331.0,0.06501765287650418,1.3539193524151896e-153,G217D
-2.730701244419782,392.0,169.0,0.14471635649026177,6.938893903907228e-18,G217E
-2.759456770203255,469.0,201.0,0.22325991993892397,1.3877787807814457e-17,G217F
-2.843269204267357,348.0,139.0,0.10373393315982632,2.897037897375622e-16,G217H
-2.935167862146926,843.0,323.0,0.13672158526203024,3.469446951953614e-18,G217I
-2.750244451397458,432.0,195.0,0.08904340961201486,3.2454799757328206e-77,G217K
-2.7858827391032617,993.0,419.0,0.1790436603417532,6.938893903907228e-18,G217L
-2.8180977073882856,1016.0,434.0,0.07679668492088032,0.0,G217M
-3.043835990968948,1305.0,458.0,0.2464464320238819,4.163336342344337e-17,G217N
-2.4508669922522444,316.0,170.0,0.11110610724657231,9.212249019174834e-15,G217P
-2.799072575114089,955.0,408.0,0.0613771583367054,4.968211597649768e-31,G217Q
-2.82881927843474,820.0,336.0,0.09235269827952292,5.204170427930421e-18,G217R
-2.785635007971348,724.0,306.0,0.07017458444435548,7.084987438452838e-55,G217S
-2.8429224499648433,450.0,182.0,0.09024806822750188,2.2721979255206346e-157,G217T
-2.4787485217512306,233.0,114.0,0.11741039246314519,1.6637112172088831e-217,G217V
-2.7859251677381645,775.0,328.0,0.06785004105499161,2.1210478370603487e-62,G217W
-2.8542332664851333,1030.0,401.0,0.060877200430978023,2.9504471460664175e-156,G217Y
-2.5891267152155626,571.0,278.0,0.2716125756347692,2.7755575615628914e-17,G217_
-1.2852514236192734,1187.0,1422.0,0.04121269835957742,3.5195665596075434e-42,G246A
-1.1263908091248755,993.0,1317.0,0.04400266492165447,1.846928489369213e-268,G246C
-2.16296190754876,672.0,436.0,0.063685054940196,5.923975844200236e-133,G246D
-2.30611419158262,821.0,472.0,0.28429831951180373,8.326672684688674e-17,G246E
-0.4117240355230636,784.0,1725.0,0.10093723541786241,0.0,G246F
-0.9026536914629066,1017.0,1553.0,0.07578819026465979,1.734723475976807e-18,G246H
-0.4471349374725275,712.0,1510.0,0.04731129620310896,7.320970060734396e-178,G246I
-2.595397735492098,903.0,423.0,0.06098965687906128,0.0,G246K
-1.2074895889221802,932.0,1154.0,0.06581577740651955,0.0,G246L
-0.5846836936266928,1473.0,2797.0,0.0948321050728862,0.0,G246M
-2.142629525934054,2119.0,1404.0,0.11321438136480426,0.0,G246N
-2.0380832829222952,756.0,524.0,0.05883573402647863,1.5237505686019626e-30,G246P
-1.6819120404642045,656.0,576.0,0.10511066924015536,0.0,G246Q
-2.545501866583689,789.0,389.0,0.06388475849347167,2.0798141467091043e-26,G246R
-3.1375859249334175,3065.0,1005.0,0.15574825071115767,0.0,G246S
-1.3497911981689217,938.0,1043.0,0.11926069270445432,1.0408340855860843e-17,G246T
-0.6773677745119362,1228.0,2196.0,0.05020579360499874,8.673617379884035e-19,G246V
0.36767942402798537,1168.0,4263.0,0.12385368265641208,0.0,G246W
-1.1421804586110649,1216.0,1571.0,0.040059926277817404,1.1000895793359942e-36,G246Y
-2.9519151132025367,717.0,275.0,0.1175673431673232,0.0,G246_
0.21296323870350037,1152.0,3859.0,0.03528278577658393,9.171915272998595e-57,G247A
-0.6956190122059785,1142.0,2015.0,0.039116882415667485,2.7654392059832363e-07,G247C
-2.9739046280719257,938.0,350.0,0.09108978311859633,1.734723475976807e-18,G247D
-2.772178042457939,857.0,365.0,0.09613155125572816,0.0,G247E
-2.3562326484157032,842.0,472.0,0.126413106979816,3.469446951953614e-18,G247F
-2.518407332777391,668.0,337.0,0.2604423051259922,0.0,G247H
-2.8729305505468754,1366.0,538.0,0.05279297950703959,0.0,G247I
-2.862132254665092,1196.0,467.0,0.10864794725543445,0.0,G247K
-2.5223337276496682,908.0,468.0,0.05877174717630233,4.933180075955846e-09,G247L
-0.8161817594015014,1129.0,1841.0,0.11776079857683694,0.0,G247M
-2.582364699793869,1177.0,579.0,0.12385785905019434,0.0,G247N
-0.6888178378414825,1971.0,3597.0,0.08426861689206828,0.0,G247P
-2.0916432021544087,928.0,636.0,0.08281387266086465,0.0,G247Q
-2.8755810388146346,1139.0,452.0,0.11579461311700714,0.0,G247R
-0.2725155033529831,1063.0,2626.0,0.08979649109387138,1.734723475976807e-18,G247S
-0.6117942061762904,515.0,980.0,0.07649353949809101,0.0,G247T
-2.327092456571197,1219.0,694.0,0.06979762479051235,1.734723475976807e-18,G247V
-2.7313623811212713,725.0,310.0,0.0698403197055359,2.2018528390408514e-51,G247W
-2.779324572006506,1370.0,576.0,0.09544391198670883,1.734723475976807e-18,G247Y
-2.6774806604661783,1298.0,567.0,0.057054824652079096,4.067586111683452e-12,G247_
0.1563852015468903,681.0,2179.0,0.17118492957942893,1.3877787807814457e-17,G248A
-2.387693931787392,818.0,448.0,0.10722222345588353,0.0,G248C
-2.8582051700719684,1289.0,513.0,0.12288329461386448,3.469446951953614e-18,G248D
-2.769621859665597,1027.0,430.0,0.18986509127126297,1.3877787807814457e-17,G248E
-2.670944942030903,703.0,313.0,0.19762074563548737,0.0,G248F
-2.94838855859107,772.0,287.0,0.13652735253881482,3.469446951953614e-18,G248H
-2.7421639406367646,1182.0,517.0,0.07659459736605319,8.673617379884035e-19,G248I
-2.512777646000179,1134.0,578.0,0.07232303115154155,8.673617379884035e-19,G248K
-2.7939306086576328,1204.0,509.0,0.09188909744495703,3.469446951953614e-18,G248L
-2.7849693571528418,977.0,409.0,0.06069732162497952,1.4159148353686158e-12,G248M
-2.919226074425121,993.0,383.0,0.062291302363680225,2.6564412289825364e-54,G248N
-2.4938873823444183,1400.0,714.0,0.09181930325809054,0.0,G248P
-2.851061727078905,641.0,259.0,0.07718114392230495,9.700071404894657e-07,G248Q
-2.6505817076222447,1324.0,617.0,0.05053822112809393,9.991759903012255e-15,G248R
0.12026809889200793,962.0,3044.0,0.07617213529467647,0.0,G248S
-2.6327524724379,747.0,341.0,0.3320165461874196,0.0,G248T
-2.870029225906319,1671.0,659.0,0.12088449400942236,1.734723475976807e-17,G248V
-2.85073172931541,587.0,229.0,0.24009114963525727,0.0,G248W
-2.7642738311306245,1247.0,537.0,0.13504954600962463,3.469446951953614e-18,G248Y
-2.6386392266631824,677.0,318.0,0.23949405323773945,4.163336342344337e-17,G248_
-0.9159364955756822,1134.0,1730.0,0.04626036197053886,1.8388068845354155e-16,G251A
-0.3105150773132326,986.0,2279.0,0.12109334651737465,3.469446951953614e-18,G251C
-2.1053129336823724,1371.0,891.0,0.0818077572804052,1.734723475976807e-18,G251D
-3.2926129558343846,1754.0,524.0,0.051526984892968496,2.901758455843608e-266,G251E
-2.411668995137546,601.0,323.0,0.11154786388244721,8.673617379884035e-18,G251F
-2.682715691381685,1050.0,473.0,0.09627956895621871,0.0,G251H
-1.4672406576209645,1205.0,1273.0,0.04213646186269072,2.8154392524734772e-83,G251I
-2.9218234859902728,1166.0,451.0,0.16127825980749907,6.938893903907228e-18,G251K
-2.3456375008074914,605.0,342.0,0.07581372179765708,1.3508013739678415e-10,G251L
-2.4540451741375096,1022.0,534.0,0.14770577478379435,0.0,G251M
-1.8906312854722507,811.0,632.0,0.08482378364838247,0.0,G251N
-1.4338377564399611,1117.0,1185.0,0.05840936312344029,0.0,G251P
-2.6592320225416213,1087.0,497.0,0.08743366192435315,0.0,G251Q
-2.82941473938366,994.0,400.0,0.09074517934766461,0.0,G251R
-1.4713360701532885,1470.0,1531.0,0.09990260747421982,6.938893903907228e-18,G251S
-1.8513599680834998,1010.0,790.0,0.04948927728131982,1.4269298826041075e-103,G251T
-1.5699041873871329,587.0,552.0,0.06147054105830985,1.642794952064361e-127,G251V
-2.7684274600719396,931.0,387.0,0.08405865850045502,0.0,G251W
-2.080221871344727,1630.0,1138.0,0.04064332133444375,7.906548889400064e-107,G251Y
-2.581204562750306,736.0,353.0,0.12899735458065684,6.938893903907228e-18,G251_
-0.06642503897099647,943.0,2586.0,0.07987928836976188,0.0,G291A
0.03257218643754099,702.0,2032.0,0.11888732227184222,0.0,G291C
-0.03861494479796858,1033.0,2926.0,0.0450075259873404,8.673617379884035e-19,G291D
-0.0029904497919715886,885.0,2570.0,0.16395557093238441,0.0,G291E
-0.9723176864304088,1552.0,2308.0,0.06989947180074892,0.0,G291F
-0.07144382969060288,1167.0,3242.0,0.035881745375084206,1.821217051697123e-256,G291H
-1.2443665406874505,984.0,1218.0,0.10151617367436755,6.938893903907228e-18,G291I
-0.7631348857465522,1582.0,2689.0,0.14651907825411017,6.938893903907228e-18,G291K
-0.6426404213423746,2922.0,5469.0,0.14772496698661217,0.0,G291L
-0.04225290556513583,1347.0,3701.0,0.03769958072653707,3.398681076155485e-14,G291M
-0.07847298596788103,1010.0,2752.0,0.06111883551764313,8.673617379884035e-19,G291N
-2.9233373128886795,942.0,360.0,0.10016696639513181,0.0,G291P
-0.03672738382079532,774.0,2184.0,0.04363241298508891,2.103397404071541e-40,G291Q
-0.041147574744961106,1538.0,4288.0,0.04489029849056329,0.0,G291R
0.11327343054853556,1270.0,4109.0,0.04471379977594156,0.0,G291S
-0.12655326340841638,1037.0,2756.0,0.041395589306122436,2.6527528979893022e-11,G291T
-0.38668059563819146,892.0,1985.0,0.2813665172774288,0.0,G291V
-0.6960134911275168,1819.0,3235.0,0.07146365789991661,3.469446951953614e-18,G291W
-0.020050667538394948,2127.0,6106.0,0.059095685097877076,0.0,G291Y
-2.8418608294060594,1160.0,483.0,0.14996921541490854,0.0,G291_
-1.995770295814759,2142.0,1530.0,0.06127936784579613,2.6020852139652106e-18,G305A
-2.501462167629078,1078.0,555.0,0.0542394330950771,1.9563198340033713e-168,G305C
-2.47555117718108,759.0,393.0,0.0641758405878361,2.2352734400957406e-63,G305D
-2.635639719356861,1111.0,510.0,0.05539669070064926,5.682486261020756e-91,G305E
-3.423971324618372,3039.0,812.0,0.11395618520194108,0.0,G305F
-2.7413227035193635,875.0,384.0,0.06351866657307177,2.739957079980936e-26,G305H
-2.84367987436852,1022.0,411.0,0.18981677052775797,0.0,G305I
-2.8644672580635344,1104.0,438.0,0.058843883188433074,6.905000743331953e-07,G305K
-2.8069494767960186,1284.0,539.0,0.05318387370704693,9.00950687135204e-90,G305L
-2.8480118828807095,738.0,297.0,0.1050725866393133,3.469446951953614e-18,G305M
-2.7747153749324855,1380.0,600.0,0.050890086759935206,1.3499446721131092e-93,G305N
-1.966180608151324,1026.0,767.0,0.08768409467796623,0.0,G305P
-2.44325208402717,932.0,490.0,0.09292299965365446,0.0,G305Q
-2.814153787025778,993.0,410.0,0.09919161057636192,0.0,G305R
-2.6408832860401046,915.0,422.0,0.11074194132980858,0.0,G305S
-2.716772169108906,1155.0,496.0,0.08413159637403889,1.734723475976807e-18,G305T
-2.9195718506388015,907.0,363.0,0.28625566870152885,0.0,G305V
-2.6580497089952297,853.0,392.0,0.06312336361226106,0.0,G305W
-2.8244019786307484,1409.0,566.0,0.05176874213417554,6.109223183977118e-41,G305Y
-2.524343261541703,1047.0,529.0,0.05557212907525394,3.4516798749040312e-18,G305_
-0.17307411793006472,916.0,2308.0,0.04552968297398962,1.161720459413873e-13,G322A
-0.3433567335438449,858.0,1986.0,0.22774452124100286,0.0,G322C
-0.43471158138585486,579.0,1243.0,0.052391907331019616,2.1114437721378487e-20,G322D
-0.21099367519973947,604.0,1472.0,0.06271488938155319,0.0,G322E
-0.755950947157578,646.0,1110.0,0.10010152632832046,3.469446951953614e-18,G322F
-0.3024361108405239,2088.0,4880.0,0.04561041279614253,8.673617379884035e-19,G322H
-0.4486780007710886,1145.0,2399.0,0.047944040956308595,0.0,G322I
-0.37209669881650526,1028.0,2270.0,0.0393549492695963,1.8403508205200956e-79,G322K
-0.15253526541811732,790.0,2018.0,0.07289959008792374,1.734723475976807e-18,G322L
-0.3810004654578573,1203.0,2583.0,0.09431556615781815,0.0,G322M
-0.30406386950826636,2903.0,6872.0,0.07049338821453863,1.734723475976807e-18,G322N
-0.19475905986911418,529.0,1315.0,0.05316941753063581,1.626872787274377e-11,G322P
-0.04110050249482199,655.0,1838.0,0.1794704892151976,0.0,G322Q
-0.5218759646099301,1242.0,2535.0,0.1759631136741198,0.0,G322R
-0.5185753545332907,1182.0,2391.0,0.037480007160940465,3.03243314328392e-16,G322S
-0.49528026363417316,950.0,1934.0,0.12694895760980224,6.938893903907228e-18,G322T
-0.39337599228125836,1618.0,3540.0,0.03182542026387558,9.353172257662203e-93,G322V
-1.4149428037508136,1778.0,1920.0,0.0858583427985327,0.0,G322W
-0.5193889846929747,1476.0,2988.0,0.05635661590600489,0.0,G322Y
-2.9200085010661816,958.0,362.0,0.13179597043919142,6.938893903907228e-18,G322_
-0.586910964388539,636.0,1240.0,0.10635351080660926,6.938893903907228e-18,G326A
-1.4384595904100017,1535.0,1681.0,0.08579899029417773,1.734723475976807e-18,G326C
-2.7133594399214767,1317.0,568.0,0.09208187542368435,0.0,G326D
-2.5748363715006706,1318.0,652.0,0.09531001184650933,1.734723475976807e-18,G326E
-2.7647310658889563,979.0,425.0,0.0886486354489987,0.0,G326F
-2.8446166008805664,1774.0,708.0,0.08958877393111185,0.0,G326H
-2.5827971421788294,1227.0,603.0,0.08167565352259974,0.0,G326I
-2.6684792525395835,1355.0,611.0,0.050696581788734214,1.80157539438212e-134,G326L
-2.000988171067713,1554.0,1100.0,0.0447738952039016,1.1461572684869081e-11,G326M
-3.0956195372651836,1562.0,526.0,0.10204579102092154,0.0,G326N
-2.682003082951701,2038.0,899.0,0.09783556234903354,0.0,G326P
-2.5502342084109366,1722.0,843.0,0.08650905744289689,0.0,G326Q
-2.6361342054954466,1590.0,744.0,0.09719520875093898,0.0,G326R
-0.49083738541309546,1124.0,2312.0,0.06056541898454963,0.0,G326S
-2.7115460533736204,956.0,437.0,0.1123690103005529,0.0,G326T
-2.3133269677472943,720.0,424.0,0.1701097835295171,6.938893903907228e-18,G326V
-2.7695814014786952,487.0,213.0,0.16286733894477276,2.0816681711721685e-17,G326W
-2.0681896730419544,1682.0,1141.0,0.040370895772647325,1.895527205076225e-53,G326Y
-2.893153215665159,1145.0,452.0,0.0778160725823261,0.0,G326_
-0.2828250816725941,1182.0,2797.0,0.03647745177313944,0.0,G329A
-1.0583236510058458,1021.0,1426.0,0.09303369233535369,1.734723475976807e-18,G329C
-2.7998068689911593,1382.0,567.0,0.051808993288728886,2.8870021536950905e-134,G329D
-1.9240935385526299,1355.0,1011.0,0.09441003426515587,1.734723475976807e-18,G329E
-1.2610809127500646,1855.0,2201.0,0.033425000966239175,3.8371610949460173e-69,G329F
-0.4426595583737332,1009.0,2113.0,0.04016643195899354,2.2965940270615265e-31,G329H
-1.4078610159400888,1202.0,1293.0,0.12154549289522262,0.0,G329I
-2.8165062219814767,852.0,367.0,0.07763910952625268,1.3010426069826053e-18,G329K
-2.040128258191363,1038.0,723.0,0.16870025453299162,0.0,G329L
-0.49667039099823396,1669.0,3384.0,0.17502015200366247,0.0,G329M
-2.140719844498537,1223.0,798.0,0.15372723916747807,6.938893903907228e-18,G329N
-2.665035224568282,1092.0,502.0,0.06537902828666128,2.168404344971009e-17,G329P
-0.3360011643159908,764.0,1745.0,0.04530215011332854,2.59685565084605e-31,G329Q
-2.477455932361666,1860.0,942.0,0.041789990835022946,4.443553927000105e-36,G329R
-0.10483466405524872,1415.0,3743.0,0.03294519047291391,8.367027061756499e-75,G329S
-1.973110859090541,1359.0,989.0,0.13358893263408647,0.0,G329T
-1.9439751562902294,1741.0,1289.0,0.03870876327692061,5.093999586571304e-196,G329V
-3.1034447189353482,1963.0,660.0,0.04673654116440573,2.619920003769487e-128,G329W
-2.0446057927357546,1035.0,700.0,0.051031464225202,1.5568465092432866e-118,G329Y
-2.4182166464476382,1559.0,838.0,0.20709153163593116,1.3877787807814457e-17,G329_
-1.3649910244734473,1531.0,1716.0,0.04157181170662901,7.72375869859121e-14,G330A
-2.6985836667023873,953.0,427.0,0.060098853086518335,1.1663522608697433e-28,G330C
-2.7682726099092494,1422.0,597.0,0.2089614638083797,1.3877787807814457e-17,G330D
-2.5640948229372458,923.0,443.0,0.05978903707704464,3.9605126381857157e-106,G330E
-2.8218799024139734,1583.0,658.0,0.058141020649722694,0.0,G330F
-2.7522964367609783,1756.0,748.0,0.19927853645531138,0.0,G330H
-2.6349342816133356,1051.0,500.0,0.12479366699397587,0.0,G330I
-2.799620903084083,561.0,235.0,0.19325207181190698,0.0,G330K
-2.746763307871092,1303.0,560.0,0.05248579386747962,1.4759844893519816e-165,G330L
-2.9760536341542583,898.0,331.0,0.0661525266717186,3.6912973325454887e-44,G330M
-2.8797296382730893,1233.0,473.0,0.13489055215211068,6.938893903907228e-18,G330N
-2.818369464273979,1275.0,521.0,0.05380748065022441,4.31070747645677e-07,G330P
-2.7714846953924432,1215.0,516.0,0.05463842155953838,2.5951141820334673e-35,G330Q
-2.6818824455460075,1355.0,602.0,0.051070161569725256,1.1130641738760406e-12,G330R
-1.9280488293812927,1352.0,1019.0,0.0804916853425392,0.0,G330S
-2.7503380745360837,1096.0,462.0,0.08202904132565152,0.0,G330T
-2.9248705142980183,1278.0,483.0,0.08004084972478936,8.673617379884035e-19,G330V
-2.721055550084236,1330.0,578.0,0.12467828370118457,0.0,G330W
-2.635304182883911,617.0,283.0,0.07397622363260734,5.782916567871708e-120,G330Y
-2.8550194742372574,957.0,368.0,0.09307067928604675,3.469446951953614e-18,G330_
-2.089633484597176,2180.0,1474.0,0.2380198487081233,0.0,G339A
-2.8725076741961337,1447.0,560.0,0.05994495262530688,6.852157730108388e-17,G339C
-1.9702593268907165,8.0,5.0,3.0839318601011505,0.0,G339D
-2.7823952474170683,926.0,391.0,0.08606893318272552,0.0,G339E
-2.791279377250148,2069.0,850.0,0.04916236446884756,1.3422422895370545e-16,G339F
-2.5414699775684464,720.0,352.0,0.13325176882381173,3.469446951953614e-18,G339H
-2.924722893689322,1593.0,612.0,0.04932107358269941,9.313405560887966e-53,G339I
-2.7641038785085343,1375.0,581.0,0.051374156300277155,6.792742948516886e-225,G339K
-3.178229074655156,1439.0,459.0,0.16746149089043402,0.0,G339L
-2.6371794348251165,1151.0,522.0,0.1902219258862992,0.0,G339M
-2.7480003274464964,940.0,395.0,0.08420730521603413,0.0,G339N
-2.799839933296958,1190.0,496.0,0.16135826142801768,0.0,G339P
-2.9004667277253655,1822.0,707.0,0.15313913001109275,0.0,G339Q
-2.5910626910785957,1525.0,715.0,0.06720467605873563,1.734723475976807e-18,G339R
-2.119010278437482,1171.0,777.0,0.04856886684685536,3.93116557990447e-07,G339S
-2.799020849973557,1502.0,634.0,0.11782363960391531,0.0,G339T
-2.931068310924538,1036.0,391.0,0.24560318298661785,0.0,G339V
-2.8360705617725603,1689.0,680.0,0.15145468344403856,6.938893903907228e-18,G339W
-3.052483522656404,995.0,345.0,0.13058691604460376,0.0,G339Y
-2.9635871589045633,1416.0,526.0,0.05535621952847212,1.593524961594414e-08,G339_
-1.530604652351695,857.0,872.0,0.18071599013483935,6.938893903907228e-18,G343A
-2.182476497487526,1175.0,759.0,0.12834716649413327,0.0,G343C
-2.606723096016437,1119.0,539.0,0.054544768945805705,1.599819558716991e-62,G343D
-2.838161482165994,881.0,353.0,0.06531567093362053,2.2074715149975056e-12,G343E
-2.817551138137955,1226.0,499.0,0.22847645241202516,5.551115123125783e-17,G343F
-2.6927135798515747,1028.0,462.0,0.0863656891337559,6.938893903907228e-18,G343H
-2.6528258509824267,1239.0,564.0,0.2291982315036345,4.163336342344337e-17,G343I
-2.58314651455641,1642.0,818.0,0.0837704102226118,0.0,G343K
-2.7062750298674887,1740.0,800.0,0.21360811100554972,0.0,G343L
-2.261889964376633,1422.0,864.0,0.05924639128859781,0.0,G343M
-2.7526870578858693,1135.0,494.0,0.055761268751225335,4.804263419906239e-07,G343N
-2.7005599143392875,1469.0,653.0,0.04904486916809146,3.6849859457933e-46,G343P
-2.349101954520585,1295.0,734.0,0.04826706473552046,5.481560982729171e-69,G343Q
-2.83031293726766,1739.0,701.0,0.060508636134342576,1.3010426069826053e-18,G343R
-0.6994242303064605,809.0,1423.0,0.06511309788739371,0.0,G343S
-2.3121778183093085,1759.0,1022.0,0.13731215514721054,0.0,G343T
-2.7577581593818756,1650.0,701.0,0.05351223350634252,1.7277845820728999e-15,G343V
-2.835161486087304,1357.0,553.0,0.1232023285929325,0.0,G343W
-2.5254035394246594,3617.0,1805.0,0.0307144541631939,3.33914820389917e-78,G343Y
-2.8164874257494845,1331.0,545.0,0.05285065016466512,1.8178879498287738e-72,G343_
-2.282021346349608,1393.0,814.0,0.057851124329905905,8.673617379884035e-19,G348A
-2.2506479669716155,1251.0,739.0,0.04830709577318402,7.606562036602409e-83,G348C
-2.716052610468859,1158.0,501.0,0.05561487801012776,6.452159366685347e-07,G348D
-2.951904676964888,1294.0,487.0,0.05508489265053706,5.6055363228403066e-176,G348E
-2.6330451172792957,1270.0,591.0,0.177498918401569,0.0,G348F
-2.7891124433181167,1500.0,623.0,0.08530543046886985,1.734723475976807e-18,G348H
-2.460608122743201,918.0,468.0,0.06514414553757289,4.390426824180116e-13,G348I
-2.6310594598714476,1276.0,598.0,0.19751683244101437,0.0,G348K
-2.7596544070139775,881.0,376.0,0.2500393664346635,4.163336342344337e-17,G348L
-2.66341359388025,977.0,445.0,0.11812644408018123,3.469446951953614e-18,G348M
-3.0614476785763802,1716.0,587.0,0.21609989137257582,0.0,G348N
-2.9611174702267293,1253.0,460.0,0.056473442054813035,2.2173620871904234e-105,G348P
-2.74000259287614,845.0,370.0,0.11535449783327485,0.0,G348Q
-2.9231016848208156,1810.0,700.0,0.12086474667054359,0.0,G348R
-2.47735932273739,1287.0,673.0,0.049600944653434655,3.869186216209767e-106,G348S
-2.705267904621079,910.0,410.0,0.10141101168282776,1.734723475976807e-18,G348T
-3.434903347206092,1981.0,531.0,0.05065351341491819,8.040616091450457e-39,G348V
-2.743315113098747,925.0,396.0,0.15611523043822523,0.0,G348W
-2.61781600965436,950.0,453.0,0.059340358210440314,2.5599264172573735e-35,G348Y
-2.9716916536626172,1650.0,622.0,0.0488624222596638,1.1999471632355114e-134,G348_
-0.20956857480764857,740.0,1838.0,0.045259554644267244,3.717678683644121e-68,G34A
-0.684048196196142,1226.0,2199.0,0.03750330347944669,3.574743187772649e-198,G34C
0.8172832311246006,877.0,4697.0,0.07025324644343421,2.6020852139652106e-18,G34D
-0.4626482199974348,838.0,1728.0,0.04383618647830981,1.0553523145925847e-22,G34E
-0.9967264290239387,1312.0,1880.0,0.03789310088353667,0.0,G34F
-0.006632207819737265,953.0,2718.0,0.0393474145883888,5.774219564131362e-211,G34H
-1.6541041406053274,985.0,913.0,0.05867594013639107,0.0,G34I
-0.5902579689409536,1230.0,2317.0,0.037060857432992596,3.7048129550241626e-34,G34K
-0.9477076105392193,982.0,1517.0,0.04289465317217517,2.2787346301256517e-171,G34L
-0.4869328553663287,45.0,92.0,0.43065572893149606,0.0,G34M
0.8199675569577307,2922.0,14953.0,0.02216783944245691,2.07004233379445e-68,G34N
-2.777606559589465,963.0,393.0,0.1554469860643317,2.0816681711721685e-17,G34P
-0.624775786479185,883.0,1656.0,0.05908883974385471,0.0,G34Q
-0.6997437375770521,823.0,1459.0,0.09090043783744337,0.0,G34R
-0.07756331205581354,366.0,1021.0,0.08456182211642801,0.0,G34S
-0.9652026232849269,546.0,810.0,0.08296160561524138,0.0,G34T
-1.23658620941722,1026.0,1252.0,0.044190019571164814,7.021443601342801e-53,G34V
-0.8032464585674569,686.0,1152.0,0.07657183773021192,0.0,G34W
-0.677787012346098,499.0,934.0,0.05748331736733306,9.723017241422952e-162,G34Y
-2.726968023768033,1085.0,475.0,0.1318211067567871,1.0408340855860843e-17,G34_
-0.15371057079402015,1296.0,3338.0,0.034459062092483825,1.6016112121603235e-65,G364A
-0.17882766069549363,1496.0,3835.0,0.0905900025381404,5.204170427930421e-18,G364C
-0.517039234545813,1103.0,2195.0,0.039041956218581995,2.650893493225692e-07,G364D
-0.8484538321091555,1420.0,2216.0,0.035948084115320085,4.604140548089886e-34,G364E
-0.2583699563573471,1517.0,3649.0,0.06866634373055527,2.6020852139652106e-18,G364F
-0.5278408247131741,1204.0,2366.0,0.05083467022546773,1.3010426069826053e-18,G364H
-0.5284708439815123,1832.0,3576.0,0.03822505577648055,2.168404344971009e-19,G364I
-2.79313389258935,1320.0,545.0,0.16019651701962867,2.0816681711721685e-17,G364K
-0.13906297459797765,1948.0,5159.0,0.034291800923208784,2.168404344971009e-19,G364L
-0.39982712214778315,954.0,2087.0,0.04092800916941532,2.2300896619775525e-117,G364M
-0.47765687292811987,1945.0,4056.0,0.02945283408257318,1.8165209581320495e-100,G364N
-1.8169926179789677,2041.0,1678.0,0.04556855287803237,2.168404344971009e-19,G364P
-0.9099270094503986,1845.0,2877.0,0.03171512450640557,2.9796632560197424e-43,G364Q
-2.733454032909612,253.0,110.0,0.1176870435177032,2.035764760094723e-88,G364R
-0.09101621664215587,989.0,2647.0,0.07840672672303244,1.734723475976807e-18,G364S
-0.12838044052061673,1355.0,3569.0,0.06508204249432444,0.0,G364T
-0.42928632430531277,1326.0,2870.0,0.03717986730814089,6.00617207282151e-10,G364V
-0.14536431379149276,1259.0,3321.0,0.03951880846529575,3.5012140756074395e-15,G364W
-0.24053435056587377,831.0,2003.0,0.06422630143367314,0.0,G364Y
-2.8121686593530977,1410.0,587.0,0.13870295342455313,6.938893903907228e-18,G364_
-0.27244171162268144,1640.0,3948.0,0.11192943668564591,0.0,G369A
-0.16501165130724324,1344.0,3472.0,0.03390135706761784,0.0,G369C
-2.1526049564783,1013.0,663.0,0.10447148310466844,3.469446951953614e-18,G369D
-1.8686816172104619,1176.0,937.0,0.047349839709631,5.361862960638446e-08,G369E
-2.6816885767990155,1122.0,514.0,0.05750405787229595,1.1055375396498875e-08,G369F
-2.7853417344990126,2348.0,959.0,0.040075995559862805,1.0961694684754277e-55,G369H
-2.1399007246652455,852.0,567.0,0.10307699695878329,0.0,G369I
-2.5473977515305934,992.0,492.0,0.057003974383844254,3.4614529843663494e-20,G369K
-0.8228541837022133,719.0,1160.0,0.1898857609645017,2.7755575615628914e-17,G369L
-0.7265320798905391,939.0,1610.0,0.07851511560449446,0.0,G369M
-0.7157837397424224,844.0,1470.0,0.04503092083447158,1.2750930597654284e-65,G369N
-2.943612703466681,1588.0,578.0,0.11152678572318624,0.0,G369P
-2.3093559274429034,1031.0,592.0,0.15945607731891437,1.3877787807814457e-17,G369Q
-2.5061457503964375,2109.0,1072.0,0.07570598787226118,0.0,G369R
-0.0010740003474706437,1156.0,3285.0,0.05159819441191762,0.0,G369S
-1.188534765808854,1766.0,2258.0,0.15783901872191627,2.7755575615628914e-17,G369T
-1.7464413964234113,1811.0,1573.0,0.036507675261364864,3.223773183119079e-38,G369V
-2.720006727699112,1444.0,620.0,0.04985264921554509,2.8988294870318474e-103,G369W
-2.6920046563985394,1372.0,608.0,0.13479439291990883,0.0,G369Y
-3.0257808385502507,2095.0,739.0,0.05803458753592147,4.336808689942018e-19,G369_
-0.5405650144733211,604.0,1168.0,0.14443875572251308,6.938893903907228e-18,G37A
-2.0287862814353756,518.0,362.0,0.22009732267363818,2.7755575615628914e-17,G37C
-2.6642851783629244,581.0,263.0,0.07679253988685941,1.2239145674046762e-06,G37D
-2.936680967123587,443.0,169.0,0.14505947830563068,3.469446951953614e-18,G37E
-2.8681726209066776,937.0,371.0,0.06326437191122615,5.344571727567681e-87,G37F
-2.509429935365924,745.0,379.0,0.06542240701667847,1.1439343127717683e-74,G37H
-2.5755904987166667,231.0,113.0,0.11717118183360424,2.3803580418451056e-09,G37I
-2.93106148304972,539.0,208.0,0.0838208329552296,3.983409553057948e-103,G37K
-2.5650954678954827,457.0,223.0,0.08405019193701087,5.006244095700415e-107,G37L
-2.806573648348926,816.0,329.0,0.06724507756092747,2.8619917467702204e-63,G37M
-2.3377421886184355,256.0,140.0,0.17433966342535867,0.0,G37N
-0.9099929826919873,587.0,914.0,0.0683977017831981,0.0,G37P
-2.970149818786935,494.0,183.0,0.08902420035805006,2.6839200514994446e-155,G37Q
-2.91978955587776,751.0,295.0,0.10867197211853201,1.734723475976807e-18,G37R
-1.3657511211280533,375.0,429.0,0.07284261912653707,6.069079425340874e-13,G37S
-2.835732748664782,557.0,231.0,0.08102750864168572,1.2529629035294881e-09,G37T
-2.5856348791849166,902.0,433.0,0.17216143435094408,5.551115123125783e-17,G37V
-2.5540047292187134,559.0,276.0,0.07611183702772242,2.0782722771051482e-78,G37W
-2.7535593061970305,713.0,318.0,0.07887884699083249,1.3198209886100543e-14,G37Y
-2.8097751475846224,732.0,311.0,0.1926231737123195,0.0,G37_
-2.3318169764060825,526.0,302.0,0.16079447369109787,0.0,G41A
-2.8254484654847722,788.0,323.0,0.12275628230115261,0.0,G41C
-2.7173292930836856,640.0,280.0,0.07396580978748304,1.5867420809170065e-162,G41D
-1.2350606773920298,561.0,688.0,0.24107631729461917,0.0,G41E
-2.5110227179522417,1204.0,618.0,0.0708349240116681,8.673617379884035e-19,G41F
-2.6364305610527503,471.0,214.0,0.08455101289332284,2.565975188578488e-28,G41H
-2.7589358522073897,755.0,321.0,0.07173578151291704,4.64825370361183e-08,G41I
-2.9924076272851043,725.0,275.0,0.07277526332380342,2.799145206381091e-56,G41K
-2.2233492866777014,1028.0,624.0,0.21159018148264352,0.0,G41L
-2.7149344962312516,512.0,224.0,0.25000947607214,0.0,G41M
-2.6545541057501354,371.0,181.0,0.19689328907899145,2.0816681711721685e-17,G41N
-2.9506631673700285,744.0,271.0,0.09080054419879258,8.673617379884035e-19,G41P
-2.8883052720888913,720.0,280.0,0.12986105394615335,1.0408340855860843e-17,G41Q
-2.8893088370722406,396.0,151.0,0.09809337899699284,3.646790388522466e-131,G41R
-2.5432453882305883,700.0,354.0,0.06758012580217408,2.2854572695503633e-81,G41S
-3.450803138162157,1086.0,286.0,0.1722384750354215,0.0,G41T
-2.9280904450217045,407.0,156.0,0.21218076235278177,0.0,G41V
-2.568042070096138,305.0,155.0,0.10126258706444363,6.36725183679147e-89,G41W
-3.8307053963684723,1951.0,392.0,0.11144219844346914,0.0,G41Y
-3.1480817282858284,365.0,122.0,0.1076216727929698,4.035040866392716e-50,G41_
0.11635664490131492,271.0,877.0,0.3011805734509887,2.7755575615628914e-17,G58A
-0.34991486403625477,753.0,1718.0,0.06505669585805798,0.0,G58C
-3.380017980104837,862.0,244.0,0.12118970198620997,0.0,G58D
-2.6449761849196425,458.0,204.0,0.09865724525519716,5.2311453779818606e-14,G58E
-2.410181042018583,330.0,185.0,0.1428779294798296,6.938893903907228e-18,G58F
-2.7717598968420463,1243.0,512.0,0.05446535763446116,1.2353376329771792e-163,G58H
-1.6126487926121005,8054.0,7544.0,0.04433306326099534,0.0,G58I
-2.6435746281329284,451.0,206.0,0.08653156506930652,1.9847911245787613e-167,G58K
-1.442465297972758,571.0,610.0,0.07572452516234995,0.0,G58L
-0.48857059143007325,190.0,369.0,0.2553428979436021,0.0,G58M
-2.8496987417759225,159.0,63.0,0.1533762659692771,1.967395660629098e-71,G58N
-1.383170453928326,261.0,301.0,0.15034558885054056,0.0,G58P
-2.563148669714448,1092.0,534.0,0.16306934247494304,3.469446951953614e-17,G58Q
-2.993981320216214,1729.0,639.0,0.0519772963995629,2.8440439673454998e-11,G58R
-1.7553623204420814,1586.0,1357.0,0.038873279565806586,9.269191828471647e-38,G58S
-0.30536711620496226,268.0,635.0,0.0752078291779427,2.364859766559456e-85,G58T
-1.014325269136568,863.0,1242.0,0.046297301994114325,1.2172139893496641e-251,G58V
-2.5334215909298483,1452.0,712.0,0.07454573755218082,1.734723475976807e-18,G58W
-2.880335315976058,623.0,242.0,0.3567742614797184,0.0,G58Y
-2.879019164430327,441.0,170.0,0.09227378429008137,1.7937549993474826e-09,G58_
-2.541265996855731,737.0,379.0,0.06569932991088587,2.042483680957132e-12,G59A
-2.697093969746055,912.0,395.0,0.062111999775360124,1.5271429323368842e-40,G59C
-2.4571228505629215,349.0,168.0,0.09632047974444861,6.532080327669561e-79,G59D
-2.6881690931661764,1016.0,446.0,0.09686781340612553,0.0,G59E
-2.5906661710698624,568.0,271.0,0.11426818227000358,0.0,G59F
-2.730566993888382,800.0,346.0,0.06660741660114487,2.2195190259283414e-72,G59H
-2.940054277805994,960.0,361.0,0.063916218331083,2.080349946953601e-42,G59I
-2.9602284213797176,891.0,343.0,0.10564087196603134,3.469446951953614e-18,G59K
-2.8326512163360302,649.0,261.0,0.3600968467323322,8.326672684688674e-17,G59L
-2.7093190891912218,1297.0,557.0,0.05267103896826476,3.101007533205374e-66,G59M
-2.827435199560073,1157.0,474.0,0.056610513308553684,1.7294542190560648e-55,G59N
-2.5592618244208856,381.0,188.0,0.4665806331949311,0.0,G59P
-2.871331577235585,1076.0,440.0,0.10472039072867559,5.204170427930421e-18,G59Q
-2.8737239483536507,1011.0,391.0,0.06131193954797413,4.9032938841776435e-11,G59R
-2.4948762673422644,502.0,249.0,0.2803009757654278,2.7755575615628914e-17,G59S
-2.7070086493956484,1060.0,469.0,0.15918858603289793,0.0,G59T
-2.8356684961056406,271.0,104.0,0.11853304044917962,1.1648462180541246e-139,G59V
-2.727751745513385,740.0,321.0,0.2508060182445682,4.163336342344337e-17,G59W
-2.9866105686103297,795.0,287.0,0.07495357021643703,7.648328324838527e-09,G59Y
-2.545008927464055,846.0,418.0,0.12820395204149035,0.0,G59_
-0.35866814236821637,1388.0,3178.0,0.17386858817962575,0.0,G66A
-1.2893654874923501,548.0,637.0,0.14797783103625406,0.0,G66C
-1.6987167829644592,774.0,686.0,0.05461746757788924,7.201070619436987e-187,G66D
-1.2041765283022403,817.0,995.0,0.07007547685116652,8.673617379884035e-19,G66E
-1.3846254122404782,1278.0,1388.0,0.14278257201521927,0.0,G66F
-0.8789265144972908,621.0,974.0,0.14997307884086616,0.0,G66H
-1.8131095429738124,279.0,233.0,0.17759174757328447,0.0,G66I
-1.0307396685264072,875.0,1232.0,0.0474245904824795,1.2385370416257736e-07,G66K
-1.2267923970874102,622.0,761.0,0.06463160802322986,4.150325916274511e-16,G66L
-1.40446560198841,360.0,401.0,0.07536115914176378,4.919549476760214e-78,G66M
-1.090188363349902,948.0,1289.0,0.055639446019865736,8.673617379884035e-19,G66N
-0.3190905065304931,336.0,792.0,0.270120377825439,2.7755575615628914e-17,G66P
0.2831608883397663,622.0,2097.0,0.08573701441590319,0.0,G66Q
-0.7715497775362464,614.0,1016.0,0.14087247777296774,0.0,G66R
-0.496825142478375,1308.0,2709.0,0.08545199141605836,0.0,G66S
-0.09373865629112169,609.0,1641.0,0.049104844624161384,1.1035080091966404e-20,G66T
-1.6463362361614948,544.0,513.0,0.06400338122916341,8.964411015367348e-87,G66V
-0.9724176262963641,634.0,937.0,0.06645824122702466,0.0,G66W
-1.0208427455791593,169.0,230.0,0.14117552574709064,0.0,G66Y
-2.683452195254867,651.0,289.0,0.07293259122296651,0.0,G66_
-1.5444772745216437,596.0,598.0,0.08345598778346411,1.734723475976807e-18,G74A
-2.761632778374762,560.0,232.0,0.1705688678801821,1.3877787807814457e-17,G74C
-2.6832395085022855,639.0,279.0,0.07374808846172494,2.355126573616038e-35,G74D
-2.7017837473254405,616.0,288.0,0.2372039572782729,0.0,G74E
-2.53650683048638,646.0,324.0,0.07530464031856017,1.5958102547730668e-10,G74F
-3.056210119390813,618.0,231.0,0.2810373320295421,2.7755575615628914e-17,G74H
-3.039479773931966,342.0,117.0,0.1951019281969762,6.938893903907228e-18,G74I
-2.8942283333299677,1171.0,473.0,0.28116720775502185,0.0,G74K
-2.753088519639837,655.0,281.0,0.07336470385982954,1.7848624591536928e-63,G74L
-2.9490548761270996,707.0,268.0,0.07421730448045678,5.845529657579023e-16,G74M
-2.8280111828299885,894.0,358.0,0.06864149041269547,2.350794096276504e-09,G74N
-2.6008867349490474,248.0,119.0,0.11495299025979702,3.3850695807345654e-107,G74P
-2.740008903168663,542.0,229.0,0.08102187017953812,1.471095899661257e-98,G74Q
-2.7044682206001553,770.0,339.0,0.08621750711362176,8.673617379884035e-19,G74R
-1.9996057438843757,544.0,402.0,0.07698295311837271,1.1294784552084991e-14,G74S
-2.689656435452492,759.0,333.0,0.06831873734982147,7.790912711236754e-07,G74T
-2.9637624907682505,553.0,208.0,0.08380114016021274,2.068401083824947e-102,G74V
-2.671890601758243,570.0,258.0,0.07720119641165649,1.737016555464439e-79,G74W
-2.6604192669194062,617.0,272.0,0.07509688542883355,4.07315672781706e-189,G74Y
-2.694903485833495,1074.0,483.0,0.056763342138167625,1.0741934346281239e-193,G74_
-0.4907311136790742,391.0,780.0,0.0638204626333003,6.406290941472582e-17,G88A
-0.3680716782917141,496.0,1090.0,0.05606849000921967,1.105624428461197e-171,G88C
-0.9172009491997323,585.0,907.0,0.07781197728644726,8.673617379884035e-19,G88D
-0.13548727801921448,360.0,919.0,0.06399388541326538,2.05004749962624e-59,G88E
-0.788001895393906,545.0,925.0,0.08793572581165822,0.0,G88F
-0.9621831528366566,376.0,549.0,0.20951473734619042,0.0,G88H
-1.120877581177761,673.0,925.0,0.052743363578670606,4.4594119079396396e-194,G88I
-0.6338349249018984,419.0,760.0,0.26097635439876765,0.0,G88K
-0.5990376750836345,543.0,1028.0,0.20162562299298978,0.0,G88L
-0.5051506886181771,297.0,588.0,0.07311631622922855,2.8574898768713194e-11,G88M
-1.4031852847321986,239.0,267.0,0.1519028472327759,0.0,G88N
-0.5580753919372556,572.0,1127.0,0.14279124183799816,6.938893903907228e-18,G88P
-0.4994064652895498,886.0,1844.0,0.13593912677937328,0.0,G88Q
-0.2606064585821584,1114.0,2663.0,0.08616690556003201,1.3877787807814457e-17,G88R
-0.2247137015619724,267.0,623.0,0.10093718167167194,1.734723475976807e-18,G88S
-0.6291023781935362,641.0,1181.0,0.10712419783791866,0.0,G88T
-1.000511799392246,422.0,601.0,0.07913522030629104,2.6020852139652106e-18,G88V
-0.752283599257898,789.0,1355.0,0.04718857170116307,3.05168875088885e-07,G88W
-0.875410603651097,500.0,803.0,0.05935223533947284,1.0620561391261318e-16,G88Y
-2.6843765906555754,583.0,275.0,0.07586012268069241,3.8582148457593326e-11,G88_
-0.21090385941776443,1088.0,2671.0,0.03780713974790752,4.137735491287182e-17,H123A
-0.17840181098066854,675.0,1733.0,0.08349243459456619,0.0,H123C
-0.3537592051295448,660.0,1483.0,0.09696503661341987,3.469446951953614e-18,H123D
-0.3249052530540092,332.0,759.0,0.1314671755957413,0.0,H123E
-0.41228680917749433,405.0,849.0,0.17768813454858987,6.938893903907228e-18,H123F
-0.6439355267724,572.0,1072.0,0.25512605217191375,0.0,H123G
-0.46109803922079357,613.0,1291.0,0.05087618247936077,5.430868346407965e-65,H123I
-0.3635808441823393,601.0,1354.0,0.05099908222305357,6.778957202229188e-50,H123K
-0.7254216217494195,695.0,1182.0,0.06047065090304017,4.336808689942018e-19,H123L
-0.7266939437972958,516.0,916.0,0.21463963803855832,0.0,H123M
-0.3195996116539524,695.0,1626.0,0.047049359490314906,7.423145785344595e-30,H123N
-0.7559696849477111,349.0,565.0,0.07067565993428115,5.0180451273009373e-17,H123P
-0.2794815783299393,746.0,1813.0,0.045417837010461065,4.2630512713933365e-07,H123Q
-0.44008280424643775,198.0,415.0,0.08915986540450928,2.753443366854799e-71,H123R
0.23559568988963955,332.0,1159.0,0.0638808177861139,5.3106030174869285e-30,H123S
-0.2522668525885172,489.0,1156.0,0.06303541905479217,1.6429023939890097e-13,H123T
-0.4531776634109995,343.0,706.0,0.08259455193704303,8.673617379884035e-19,H123V
-0.7857928112547778,800.0,1366.0,0.04647977443242636,7.683987110950547e-283,H123W
-0.2511937580284369,760.0,1912.0,0.0446062697667779,3.820605996855729e-46,H123Y
-2.757565802170107,771.0,321.0,0.06846563935902768,9.035008343873137e-118,H123_
-0.41826199898961464,874.0,1979.0,0.24920376806730365,0.0,H155A
-0.2177024076181411,820.0,2014.0,0.059580586484023555,0.0,H155C
-0.9703719906927317,390.0,558.0,0.0790372629559939,3.1021192559155253e-15,H155D
-0.7547039151415507,392.0,655.0,0.13382748442452522,0.0,H155E
-0.09620671045355764,1110.0,3001.0,0.08797845959087158,0.0,H155F
-0.9555857486936711,819.0,1206.0,0.07293801225241817,8.673617379884035e-19,H155G
-0.35841997063699205,873.0,2006.0,0.13469210247336233,1.3877787807814457e-17,H155I
-1.0036198051812104,758.0,1105.0,0.20926166145632616,1.3877787807814457e-17,H155K
-0.46765432402197754,1052.0,2207.0,0.12246032415010455,0.0,H155L
0.028791217659067805,1124.0,3270.0,0.0362987943665394,1.5908234252286653e-155,H155M
-0.48775248197681714,609.0,1273.0,0.05694647090996559,1.374581871937952e-13,H155N
-0.26892385819492826,304.0,719.0,0.24900666719592188,0.0,H155P
-0.06334660582412678,688.0,1874.0,0.08133985453605803,0.0,H155Q
-0.8749007743466182,669.0,1058.0,0.21498604141591604,0.0,H155R
-0.5613592550169433,429.0,830.0,0.2232322558249315,0.0,H155S
-0.37224136393487794,344.0,769.0,0.2567109276141193,1.3877787807814457e-17,H155T
-0.26297748351049294,756.0,1812.0,0.04812085596686718,5.765414933661672e-10,H155V
-0.3289777954882445,784.0,1755.0,0.171239078837872,0.0,H155W
-0.03480563209757132,1061.0,3001.0,0.037502946795234936,2.458149063399352e-29,H155Y
-2.755298429595236,1057.0,464.0,0.06866633276004999,9.974659986866641e-18,H155_
1.711237704324521,1864.0,17934.0,0.025944750795827313,3.229368874976514e-180,H178A
-0.045365164718223515,377.0,1047.0,0.21038094911535074,0.0,H178C
0.06375896369681133,647.0,1953.0,0.048586218862742024,3.0043866677364854e-08,H178D
-0.14545145390246164,678.0,1734.0,0.08042525871997698,0.0,H178E
-0.2601278198384464,899.0,2133.0,0.11702681056791288,0.0,H178F
-0.07085951321915575,1041.0,2888.0,0.09238252368936646,1.734723475976807e-18,H178G
0.13018939316628764,459.0,1477.0,0.11186803480263495,0.0,H178I
-0.16156344276861653,381.0,978.0,0.125339666136303,0.0,H178K
-0.22198637309539232,887.0,2184.0,0.0415448450634789,4.769186757098733e-87,H178L
-0.02690663011421578,705.0,1998.0,0.14034951496648634,6.938893903907228e-18,H178M
-0.10300845649766495,605.0,1624.0,0.05351667832907715,6.994539756416396e-11,H178N
0.16202042153829108,876.0,2855.0,0.0414601276279131,6.417210574646143e-08,H178P
-0.27587058928502495,727.0,1755.0,0.04581753874066142,1.3493415958644265e-26,H178Q
0.010412112037485934,661.0,1891.0,0.046994297646593436,6.781078947870398e-40,H178R
-0.1518412557625019,675.0,1769.0,0.13131321076066507,0.0,H178S
-0.021861295408488215,558.0,1583.0,0.05110913692854951,6.08807526411814e-34,H178T
0.02817653365841337,869.0,2571.0,0.04100928037618289,3.816932624904236e-35,H178V
-0.1504506889702428,558.0,1389.0,0.05198979773075196,8.949058927436471e-87,H178W
-0.15555080223854803,409.0,1083.0,0.15232810940090266,0.0,H178Y
-2.899959776840087,972.0,377.0,0.13184811337420235,0.0,H178_
-0.011121316848518815,2323.0,6637.0,0.07589494580518207,0.0,H354A
0.03269523714726057,1767.0,5156.0,0.06539708347771861,8.673617379884035e-19,H354C
-0.14142572827188385,1276.0,3389.0,0.07872828782246662,0.0,H354D
-0.0011407122306509156,1180.0,3386.0,0.039217167386517426,1.4310406158679623e-12,H354E
-0.1173779697869704,1134.0,3023.0,0.12838977096006432,3.469446951953614e-18,H354F
-1.309633281564914,602.0,728.0,0.057321783119644476,8.756560940155143e-184,H354G
-0.17852122277620405,1194.0,3029.0,0.0903940274134714,0.0,H354I
-0.08571488369777155,1598.0,4381.0,0.11675620934776822,0.0,H354K
-0.5513527546627892,696.0,1350.0,0.048492418827481426,2.591567342274577e-68,H354L
0.6466635650461405,1484.0,6611.0,0.06185136316426406,3.469446951953614e-18,H354M
-0.11815311450153078,1012.0,2751.0,0.15695509773972263,0.0,H354N
-2.8238992987071487,1393.0,561.0,0.16136874845776591,1.3877787807814457e-17,H354P
2.005820287619876,1822.0,20950.0,0.07801142816527143,1.734723475976807e-18,H354Q
0.047983833929632055,2094.0,6347.0,0.027067120913299058,1.9970738983888094e-83,H354R
-0.2687231702172563,2414.0,5744.0,0.08023364827370899,0.0,H354S
0.17208885449085679,804.0,2621.0,0.10670790234404501,1.0408340855860843e-17,H354T
0.9673995546028882,2160.0,12078.0,0.12468098704184259,2.0816681711721685e-17,H354V
-0.2246509137681007,948.0,2366.0,0.08193751409631626,0.0,H354W
-0.41998124275039844,242.0,522.0,0.0802896154533318,6.634096228426655e-92,H354Y
-2.74151700196686,2281.0,983.0,0.07988305021424508,0.0,H354_
-0.17841482725771793,776.0,2031.0,0.05108108233897946,1.8366384801904445e-16,H379A
-0.13708794859080398,1023.0,2620.0,0.03904041272165991,2.1767839857065143e-07,H379C
-0.3767213448802567,1585.0,3497.0,0.032172203195279914,9.92051679303479e-16,H379D
-0.2899899360074678,1494.0,3520.0,0.03266506620343529,1.9981845798213636e-93,H379E
-0.09672684673558075,1304.0,3517.0,0.10364467568711039,3.469446951953614e-18,H379F
-0.22514479901435627,725.0,1818.0,0.04578124008465785,1.1240255767610981e-72,H379G
-0.19877273561950126,712.0,1807.0,0.0778084641075676,1.734723475976807e-18,H379I
-0.00985163410530179,834.0,2362.0,0.06533217950340871,0.0,H379K
-0.13423898445380789,1019.0,2702.0,0.08210330361924326,0.0,H379L
-0.11825905246771512,1866.0,4968.0,0.057755657423875346,1.734723475976807e-18,H379M
-0.22035572120634203,890.0,2193.0,0.17189408865376138,0.0,H379N
-0.5078672999662661,1037.0,2149.0,0.13648998023585573,6.938893903907228e-18,H379P
-0.14773805204995513,1478.0,3976.0,0.03226021137750305,4.5201432854230777e-296,H379Q
0.0370328498212485,836.0,2474.0,0.04174043961057714,1.46864746195664e-91,H379R
-0.08755992333415673,1013.0,2768.0,0.05297803878933379,0.0,H379S
-0.20232176758717704,1334.0,3305.0,0.0518612749938231,0.0,H379T
-0.051931714693818555,769.0,2109.0,0.05174600527144889,6.7220534694101275e-18,H379V
-0.15007586407327259,1145.0,2989.0,0.04510689338379101,0.0,H379W
-0.06473907557020771,529.0,1462.0,0.10932245917921261,0.0,H379Y
-0.37670010133419485,462.0,1055.0,0.057748907901064205,4.5153238209700895e-247,H379_
-0.34271324854062035,547.0,1234.0,0.07778260898436108,1.734723475976807e-18,H89A
-0.26057799060902936,761.0,1845.0,0.12931107164789482,0.0,H89C
-0.945256730669656,661.0,994.0,0.052192460809518115,2.98166845238768e-129,H89D
-0.3299526682517863,811.0,1891.0,0.04383441430068326,2.865893236254814e-93,H89E
-0.617139739322028,535.0,999.0,0.05554026405664118,1.0129787099003668e-136,H89F
-0.4559906207114475,541.0,1087.0,0.05447818916149212,1.3930897797480255e-96,H89G
-0.23663941742038874,688.0,1683.0,0.16376410371828096,0.0,H89I
-0.7072728210727897,315.0,544.0,0.12969643675753448,3.469446951953614e-18,H89K
-0.6175983003113534,514.0,983.0,0.10600812047965603,0.0,H89L
-0.15210169616538313,501.0,1286.0,0.06235495161816129,1.2163013651811383e-14,H89M
-0.18268208253719712,1067.0,2762.0,0.1376159007832973,0.0,H89N
-0.32061991893554825,359.0,841.0,0.09062737066661887,0.0,H89P
-0.16473334218547697,718.0,1883.0,0.04567258441725856,4.721191668950888e-121,H89Q
-1.2758535082956493,503.0,586.0,0.12911743414297464,0.0,H89R
-0.3190387051298532,183.0,423.0,0.22082264733237508,0.0,H89S
0.00805868237692092,469.0,1343.0,0.07819380143544599,0.0,H89T
0.6785805923810889,378.0,1756.0,0.05840429383482801,1.9680532531520956e-08,H89V
-0.343294141549539,666.0,1521.0,0.09868061562557529,0.0,H89W
-0.25150920581143965,506.0,1198.0,0.17607434238175168,2.0816681711721685e-17,H89Y
-3.3399025568344114,411.0,116.0,0.22275334352617196,0.0,H89_
-0.29356374665577173,448.0,1043.0,0.1048959975048169,5.204170427930421e-18,I100A
-0.0003057293964175464,668.0,1901.0,0.0466471359415422,2.6688060348071003e-75,I100C
-2.317920336192761,940.0,543.0,0.1330955074810041,0.0,I100D
-1.5023129374642392,681.0,704.0,0.05598580856145271,1.4257409164156815e-136,I100E
-0.2931250042595714,634.0,1494.0,0.26024813159096943,0.0,I100F
-1.1527199952997675,556.0,734.0,0.058619163415920175,1.5451005771189864e-29,I100G
-1.8102013259852916,900.0,755.0,0.08433462333339177,0.0,I100H
-2.8062485930618037,1066.0,435.0,0.05896434983713768,1.610872781553032e-85,I100K
-0.6848614262736611,233.0,434.0,0.08364338161066062,1.9728416240622086e-120,I100L
-0.7714082265389065,891.0,1524.0,0.04907577957466836,3.825130316659209e-13,I100M
-1.9356953818587004,379.0,287.0,0.0811002555292002,1.317365690941985e-89,I100N
-2.3880894270433632,229.0,122.0,0.23700896295377913,2.7755575615628914e-17,I100P
-1.6345373996907344,346.0,313.0,0.2857550143942611,0.0,I100Q
-2.6740193211150327,330.0,149.0,0.10224232489407495,4.636114512192405e-10,I100R
-1.0537871826614456,722.0,1007.0,0.08253164862806596,0.0,I100S
-0.756329172252305,606.0,1024.0,0.057244316500767896,2.9476606593949184e-10,I100T
-0.23586084589192644,212.0,499.0,0.08458264678755756,4.574489562566435e-47,I100V
-0.39307349298031785,523.0,1119.0,0.05508004253984219,6.611199480288598e-15,I100W
-0.4835899089131961,377.0,794.0,0.06477055631630713,5.656641726964853e-91,I100Y
-2.7220781153121787,915.0,408.0,0.1134896496763295,3.469446951953614e-18,I100_
-1.4410132566504337,495.0,532.0,0.0938706749994828,1.734723475976807e-18,I116A
-0.6555049578261416,699.0,1252.0,0.12579275563930056,0.0,I116C
-2.8659004419926357,717.0,285.0,0.07254038938697452,1.0400876951346261e-08,I116D
-2.8451747053304,685.0,279.0,0.14076032934146446,0.0,I116E
-1.2016545322646173,602.0,746.0,0.19270053803937626,1.3877787807814457e-17,I116F
-1.669283091055779,305.0,264.0,0.374279209401764,0.0,I116G
-1.6696000369307151,450.0,393.0,0.1905973158291667,0.0,I116H
-2.6574810628869385,403.0,181.0,0.2358211241558715,0.0,I116K
-0.44011329006965944,786.0,1691.0,0.07851298210807638,1.734723475976807e-18,I116L
-0.8926149137716708,703.0,1088.0,0.056787503689754486,7.840212853937878e-14,I116M
-1.2946154742427296,454.0,517.0,0.06646124097874748,9.822265768892473e-52,I116N
-2.6233113138755413,583.0,273.0,0.07541355799993442,9.7857866660291e-43,I116P
-1.4593342341091977,371.0,377.0,0.07544555755287526,7.177523392843644e-63,I116Q
-2.296309603487667,1325.0,773.0,0.11781587104226693,6.938893903907228e-18,I116R
-1.1374235708372427,590.0,769.0,0.07976992298917378,1.734723475976807e-18,I116S
-0.3248092881824409,490.0,1129.0,0.05606824835984738,1.0046845578280256e-138,I116T
-0.1901860822190411,607.0,1534.0,0.04983359642614329,7.568342428620771e-75,I116V
-2.037423488955877,500.0,348.0,0.11209034493564769,0.0,I116W
-2.1638441296414896,611.0,394.0,0.19352638326043572,1.3877787807814457e-17,I116Y
-2.938150934048304,527.0,205.0,0.2663420750691559,0.0,I116_
-2.3861672703186736,469.0,260.0,0.08001599455268928,3.394925981600398e-85,I12A
-0.7024499590122822,592.0,1042.0,0.15121683817602288,0.0,I12C
-1.6302728682279426,515.0,467.0,0.07295248011215767,1.2444374957593096e-12,I12D
-1.1887410845186936,424.0,539.0,0.06749425939994334,1.2607478644722884e-47,I12E
-0.509178288177327,499.0,1022.0,0.09986664960997911,0.0,I12F
-2.5712068749474413,1205.0,604.0,0.05200137300751543,1.6153931262995977e-26,I12G
-0.6001906522645961,372.0,697.0,0.0706111333134181,5.213088715046166e-10,I12H
-1.9269351034515476,539.0,409.0,0.06832893410716172,3.850051946158966e-08,I12K
0.35160583959866676,1526.0,5621.0,0.061875349984100506,0.0,I12L
-0.19986687790035035,990.0,2482.0,0.11726674392998129,0.0,I12M
0.032680968671787415,669.0,1949.0,0.0877137843400814,0.0,I12N
-0.9430053818479255,1186.0,1752.0,0.03960289736916297,2.8674978178941546e-31,I12P
-0.6501988492134454,775.0,1447.0,0.04630034259128272,4.386081891429559e-14,I12Q
-2.6685204672451213,871.0,395.0,0.06263333366408377,9.147370260870843e-77,I12R
-1.804078116310958,1257.0,1032.0,0.048623720220528834,1.2976961085570116e-12,I12S
-0.9656497938913171,1152.0,1711.0,0.11600331694612419,0.0,I12T
-0.9884399685278712,452.0,634.0,0.06388678170290471,1.0033899749068687e-103,I12V
-1.8897378288911695,914.0,704.0,0.05240086663035391,5.251369158593844e-32,I12W
-0.2894202949997402,377.0,910.0,0.1855618838120706,0.0,I12Y
-2.785857087640335,1127.0,472.0,0.05675397122173039,3.28355792373262e-153,I12_
-1.6631267672856775,599.0,559.0,0.0612987402127814,2.296220666845885e-36,I135A
-2.113282017196516,866.0,573.0,0.08673109894166874,0.0,I135C
-2.570632903955356,580.0,282.0,0.074884451127298,4.7009919542904924e-188,I135D
-2.7537962766127944,800.0,351.0,0.06612684735799879,4.198387654978806e-226,I135E
-1.2701079098497008,786.0,935.0,0.13183402604060598,1.734723475976807e-17,I135F
-1.7956979532478543,475.0,378.0,0.12144481835905223,6.938893903907228e-18,I135G
-1.3303341153312502,540.0,615.0,0.10258651007911382,0.0,I135H
-2.48467467147184,323.0,159.0,0.09907008188695533,1.6788698209266053e-09,I135K
-1.0213988708272912,806.0,1142.0,0.07070964399147496,8.673617379884035e-19,I135L
-0.7104961821431099,681.0,1225.0,0.049944759564888475,1.5462798805177154e-10,I135M
-1.8397619286954465,632.0,513.0,0.388431043305916,1.1102230246251565e-16,I135N
-2.898553255000819,719.0,295.0,0.20614094745152306,0.0,I135P
-1.6910065591933017,540.0,474.0,0.06503055724429567,3.1857031190251104e-28,I135Q
-2.747411243507161,678.0,292.0,0.11928533882696582,0.0,I135R
-1.4545049906835326,526.0,541.0,0.06337927415223188,7.962832729846933e-67,I135S
-0.62239083464569,288.0,529.0,0.07553539074218403,1.3476319481177164e-195,I135T
-0.33505829613860416,377.0,854.0,0.11000285572654427,0.0,I135V
0.3246422518688622,937.0,3414.0,0.12047090344498346,3.469446951953614e-18,I135W
-0.75712622526738,478.0,797.0,0.09159846366003212,0.0,I135Y
-2.725292920525036,764.0,336.0,0.06735823360676153,1.67059737470905e-19,I135_
-1.4125391739596267,290.0,317.0,0.23129046867526856,0.0,I136A
-0.9642437267839558,723.0,1063.0,0.05034986359654869,8.116010454759136e-46,I136C
-2.6403145816619538,694.0,322.0,0.06944225541082102,8.843323112613333e-48,I136D
-3.4504609851540984,393.0,102.0,0.11332164765668384,3.930048442098188e-90,I136E
-1.1079108458753784,450.0,613.0,0.06450004203933303,8.435003088812432e-07,I136F
-0.12312784444874451,1402.0,3699.0,0.0330764292613117,8.745308936433725e-16,I136G
-1.695314559933235,776.0,696.0,0.07933705448858891,8.673617379884035e-19,I136H
-2.591616672568497,363.0,167.0,0.19203739591160293,6.938893903907228e-18,I136K
-0.6941235618916197,498.0,891.0,0.05781874406720573,1.0241994518193417e-14,I136L
-0.9328188256618865,609.0,941.0,0.0538896989906319,7.388168323631307e-08,I136M
-1.2549126629550937,497.0,590.0,0.20114597892405317,0.0,I136N
-2.3316259952733613,458.0,258.0,0.275637782919297,2.7755575615628914e-17,I136P
-1.4306538431436495,349.0,374.0,0.1243387771418369,0.0,I136Q
-2.940133887432156,741.0,283.0,0.07205627249206918,6.730556490443126e-181,I136R
-1.3487255197541996,739.0,870.0,0.09338580136820607,0.0,I136S
-1.475640982525704,661.0,681.0,0.056572862172533336,1.1330352340377215e-15,I136T
-0.1897339622572657,832.0,2134.0,0.21554804589563994,0.0,I136V
-1.367808191586518,755.0,858.0,0.09247893313334961,0.0,I136W
-1.0329121773127492,351.0,472.0,0.0728795959664381,0.0,I136Y
-2.7017699387102616,800.0,357.0,0.06553947223046369,1.2290244304442529e-20,I136_
-1.3013114834142443,379.0,455.0,0.1158010346096035,0.0,I141A
-0.9011962932329814,686.0,1054.0,0.0834164139264435,3.469446951953614e-18,I141C
-2.833329586651666,720.0,287.0,0.08600678271756951,0.0,I141D
-3.1975215695557018,608.0,194.0,0.3424295374631363,0.0,I141E
-0.47460678921249166,966.0,1996.0,0.0667343254663053,0.0,I141F
-1.2289294197691523,560.0,701.0,0.058883182556099416,0.0,I141G
-3.5521014228669983,376.0,92.0,0.2535798796907725,1.3877787807814457e-17,I141H
-3.125506863718208,662.0,224.0,0.11078044276752746,1.214306433183765e-17,I141K
-2.419396707804231,466.0,247.0,0.36776588434710766,0.0,I141L
-1.1054977506921795,801.0,1094.0,0.04873273014075478,1.0167938282415096e-07,I141M
-3.0091676794171693,556.0,201.0,0.10907034729390211,0.0,I141N
-2.92756620053699,793.0,305.0,0.1992805116281003,1.3877787807814457e-17,I141P
-2.7811498624988875,603.0,255.0,0.17906213340370797,6.938893903907228e-18,I141Q
-2.976225116234961,402.0,141.0,0.10013208423023036,8.524921990087314e-70,I141R
-1.7864656852847534,426.0,356.0,0.3245504656216675,2.7755575615628914e-17,I141S
-1.5880958415881066,796.0,783.0,0.052612738030525484,6.711296468312842e-41,I141T
-0.28581683142038566,465.0,1138.0,0.05692669797906285,3.8224261799328466e-142,I141V
-2.523432099335477,774.0,387.0,0.06418048809441224,1.8475783878774765e-19,I141W
-2.5763573665735158,640.0,295.0,0.08585229200938874,6.071532165918825e-18,I141Y
-2.565806832381556,801.0,380.0,0.06446835843075284,1.2522308141658029e-160,I141_
-0.37703222515457485,325.0,720.0,0.06900575582641288,8.069634529965808e-184,I146A
-0.18334818739357392,486.0,1269.0,0.06322970852932493,4.384296745096883e-15,I146C
-2.0537435368984167,581.0,398.0,0.14117367684303378,0.0,I146D
-1.3165761004300744,572.0,670.0,0.19747800337701552,0.0,I146E
-0.7924528876722704,304.0,508.0,0.14525630156180533,3.469446951953614e-18,I146F
-1.9139224941927993,1026.0,772.0,0.1376612931813318,0.0,I146G
-0.9107716130748106,218.0,347.0,0.14420779496279357,0.0,I146H
-2.3580784312390284,701.0,404.0,0.06459970381416744,2.461121381913612e-100,I146K
-0.043788684707213275,313.0,895.0,0.06752282612026698,1.0798721167753398e-77,I146L
0.031595491805458044,283.0,833.0,0.07070719464267537,6.512542923136391e-125,I146M
-1.617466171137744,295.0,285.0,0.2698030572438536,0.0,I146N
-1.0546692312552302,285.0,388.0,0.10561210097533727,0.0,I146P
-1.0752309176278645,293.0,402.0,0.07981492383885301,4.138408727268976e-23,I146Q
-2.975608160501688,566.0,205.0,0.16054371326548453,0.0,I146R
-0.4555512225350645,482.0,1031.0,0.1599710786335185,6.938893903907228e-18,I146S
0.1167439474408385,387.0,1191.0,0.06033800976245127,2.4348733015575496e-177,I146T
-0.44524415348414553,378.0,770.0,0.07011710760636826,3.7488563295329236e-10,I146V
-0.9546289232204571,701.0,1065.0,0.09235057234569423,0.0,I146W
-1.0062935304173255,505.0,734.0,0.20139599265331642,0.0,I146Y
-2.7580766898308338,376.0,164.0,0.09614598443713611,4.2396664600633254e-162,I146_
-0.7125306876935621,548.0,981.0,0.201124205821669,0.0,I15A
-2.2529326376687155,1034.0,625.0,0.160258321033875,6.938893903907228e-18,I15C
-0.5524798077198906,807.0,1665.0,0.044807653939301764,2.4819085040173433e-147,I15D
-0.25768018113703856,615.0,1500.0,0.2204395609716751,4.163336342344337e-17,I15E
-1.519646886568748,441.0,451.0,0.06945371860846601,3.374030739509739e-194,I15F
-0.8926656052666992,152.0,231.0,0.16334964350114203,6.938893903907228e-18,I15G
-0.21539807441220443,868.0,2091.0,0.042058327552757485,4.789444050723023e-27,I15H
-0.4913086756402552,303.0,638.0,0.0723454859349711,1.1955479420403586e-16,I15K
-1.0500545402617678,743.0,1074.0,0.049927115385115343,6.647650375439578e-19,I15L
-0.8426685504864042,966.0,1560.0,0.04903124381480637,3.1667377053956614e-15,I15M
-0.147098726374871,709.0,1862.0,0.06933228706525374,0.0,I15N
-1.1812692368937074,1212.0,1565.0,0.040297178471498794,2.9336098681528685e-54,I15P
0.33122331192022164,310.0,1121.0,0.06606986313776851,1.1877176817001618e-53,I15Q
-3.0338417692575574,942.0,338.0,0.0653006160060037,7.429692064598456e-90,I15R
-0.5965105982669575,563.0,1064.0,0.10017048620326852,1.734723475976807e-18,I15S
-0.31918926250415536,793.0,1843.0,0.13169416002175402,0.0,I15T
-1.0109347404872444,1390.0,1968.0,0.08938080927841131,0.0,I15V
-2.89832136302427,545.0,215.0,0.08293156462854341,2.7438493158421295e-181,I15W
-2.7525415106815605,284.0,125.0,0.1691396822081514,0.0,I15Y
-2.849679333105703,406.0,159.0,0.18606179416754282,0.0,I15_
-0.5470491599727559,917.0,1819.0,0.13073733182230757,0.0,I167A
-0.19151564334562435,972.0,2505.0,0.10195222614259267,0.0,I167C
-0.6197887783298774,533.0,1027.0,0.05542344381727603,9.211737407332968e-224,I167D
-0.5962579381628019,681.0,1270.0,0.053484577252272306,2.3687902659351445e-11,I167E
-0.6036935505342647,614.0,1178.0,0.17920803871931873,0.0,I167F
-0.4903882669626184,305.0,632.0,0.08219487371579283,1.9051600574915284e-15,I167G
-0.46917435436785515,571.0,1166.0,0.18199431006840425,0.0,I167H
-1.0907760487269103,749.0,989.0,0.050428272513865446,2.094099003766428e-126,I167K
-0.14616695692580225,1234.0,3195.0,0.15321011466471177,0.0,I167L
-0.22533901060621,764.0,1908.0,0.0447021593946541,1.16640201817799e-25,I167M
-0.3993825701990852,682.0,1531.0,0.04805669019762891,1.7410024507816133e-09,I167N
0.07071014015776904,823.0,2558.0,0.13036269596648364,3.469446951953614e-18,I167P
-0.5775804835056645,732.0,1412.0,0.04751628768287906,2.9777440824536382e-80,I167Q
-2.681091001392911,999.0,439.0,0.059144279601570086,1.2529961949228225e-55,I167R
-0.27387905470920426,347.0,823.0,0.17023842458981076,6.938893903907228e-18,I167S
-0.28200427848438336,498.0,1141.0,0.05570563951938599,1.2419951732936318e-60,I167T
-0.3905171851223462,336.0,723.0,0.13614764527739032,3.469446951953614e-18,I167V
-0.3995634717667333,1018.0,2246.0,0.07779139359704902,0.0,I167W
-0.4221397425852229,485.0,1067.0,0.2801507852807232,0.0,I167Y
-2.894543550462233,1209.0,469.0,0.05623098108405946,3.370752397144865e-75,I167_
-0.06012724461105434,358.0,1009.0,0.12363646666031067,0.0,I171A
-0.3001700946855833,135.0,297.0,0.1067088947364069,8.770271924686698e-134,I171C
-1.1429923639977162,665.0,847.0,0.053909620973158524,0.0,I171D
-0.5094092791682184,813.0,1643.0,0.14503779829017865,6.938893903907228e-18,I171E
-0.12201147168506164,748.0,2010.0,0.08820591833117024,1.734723475976807e-18,I171F
-0.08461983710421597,1208.0,3226.0,0.04728819876591265,0.0,I171G
-0.12540838220992212,818.0,2087.0,0.052728002322003746,0.0,I171H
-0.38407360687002406,853.0,1950.0,0.042808931391397444,6.3182687222118805e-49,I171K
0.2484589474964386,893.0,3108.0,0.08519503078927472,0.0,I171L
-0.005800634740759398,498.0,1402.0,0.14589065213990976,2.0816681711721685e-17,I171M
-0.07820931395424223,884.0,2437.0,0.10006384107883991,0.0,I171N
-0.46819919401286775,695.0,1451.0,0.11878463817418573,0.0,I171P
-0.1311314103872108,626.0,1633.0,0.08364222640672618,1.734723475976807e-18,I171Q
-0.5057170735798165,1337.0,2741.0,0.03513945393109703,3.338487899285128e-28,I171R
-0.11336671254537542,495.0,1316.0,0.054629295134375006,2.6377987052728423e-87,I171S
-0.06738249949951325,701.0,1944.0,0.045858583108830626,1.5745504196667657e-74,I171T
-0.1791915831048783,1096.0,2826.0,0.03979832253557061,1.5314346275482893e-10,I171V
-0.13301900119211246,755.0,2027.0,0.09844154585925602,1.734723475976807e-18,I171W
-0.1560433629272634,361.0,980.0,0.06414912549564311,8.458436179394042e-07,I171Y
-2.7002810863168896,848.0,377.0,0.21960515954208576,0.0,I171_
-1.2316475917282976,2079.0,2593.0,0.03135833208751813,8.604995370947508e-30,I177A
-0.12257679788957569,614.0,1634.0,0.13396727128778316,6.938893903907228e-18,I177C
-0.5417108398863522,654.0,1288.0,0.08649630063023943,1.734723475976807e-18,I177D
-0.24823052679964233,493.0,1217.0,0.05522291570674912,6.5765372623680984e-111,I177E
-1.844157167072586,272.0,213.0,0.09384076603339932,5.3656274899006934e-11,I177F
-0.8661233437488475,593.0,903.0,0.24874780614390143,0.0,I177G
-0.8834425068937825,499.0,767.0,0.07126199766462146,8.673617379884035e-19,I177H
-0.21283003337688347,603.0,1498.0,0.16687070543793836,0.0,I177K
-0.21834413287104779,454.0,1149.0,0.05854015751242835,3.433705778294158e-07,I177L
-1.1928279077348092,246.0,305.0,0.12549408016196104,3.469446951953614e-18,I177M
-0.7185445024872719,660.0,1147.0,0.09878265288235612,0.0,I177N
0.17691508031523145,1833.0,5916.0,0.13476372489073182,1.3877787807814457e-17,I177P
-0.9799788015948226,525.0,765.0,0.05905424545588996,2.5749389811099363e-21,I177Q
-1.2105009566023504,1094.0,1368.0,0.04256807092292014,1.2702549727650315e-135,I177R
-0.930112537237066,1557.0,2391.0,0.11935387546073517,0.0,I177S
-0.44566959195248557,433.0,883.0,0.09793953399781326,0.0,I177T
-0.2895611954364496,384.0,908.0,0.0986611204786411,5.204170427930421e-18,I177V
-2.646699002171014,267.0,123.0,0.3823175575848297,5.551115123125783e-17,I177W
-2.3521888253734193,369.0,207.0,0.08911040998495448,1.678782110107923e-25,I177Y
-2.723454830994375,910.0,397.0,0.30306212044977104,0.0,I177_
-0.14752295033408547,839.0,2190.0,0.23111683630527385,0.0,I199A
-0.2063718964185114,738.0,1848.0,0.05470708274925196,0.0,I199C
0.2637694167950539,825.0,2879.0,0.11862335147576429,3.469446951953614e-18,I199D
-0.13395770229644202,1010.0,2661.0,0.0386673337492647,1.678216417833252e-82,I199E
-0.338334117114884,884.0,2049.0,0.05493976292209428,0.0,I199F
-0.3792338694950713,1125.0,2430.0,0.03781925432569076,2.0448772469954576e-73,I199G
-0.29439118251662294,802.0,1894.0,0.04384139683469826,1.2239576090979318e-28,I199H
-0.12205586673988517,356.0,965.0,0.11266371406115154,0.0,I199K
-0.07891631349983122,607.0,1679.0,0.04913399089166219,0.0,I199L
-0.9077822092765198,1137.0,1786.0,0.18410520681224835,0.0,I199M
-0.36129465380191617,438.0,989.0,0.05936938577349046,2.29989852410789e-261,I199N
-0.18528054829034357,550.0,1377.0,0.052290787612613014,5.611906510110277e-199,I199P
-0.05390454013531931,1360.0,3777.0,0.06935965363605993,0.0,I199Q
-0.3495654108681642,911.0,2080.0,0.1738100715839546,3.469446951953614e-17,I199R
-0.09220808989178152,1648.0,4418.0,0.08710900254156963,0.0,I199S
-0.28053266789886233,1345.0,3154.0,0.036892020262267435,5.0901240904524525e-11,I199T
-0.027038251069144238,463.0,1321.0,0.055879462089591714,1.4753590624047324e-107,I199V
-0.23523182946113344,607.0,1503.0,0.12829983410967483,3.469446951953614e-18,I199W
-0.026964618063080873,504.0,1432.0,0.053607957219335985,2.1080995194619892e-172,I199Y
-2.60575228515458,575.0,270.0,0.09304992969963315,1.734723475976807e-18,I199_
-1.8345838103105199,251.0,200.0,0.2977637523253476,2.7755575615628914e-17,I19A
-1.1318003669054122,354.0,442.0,0.073762797283862,0.0,I19C
-3.0793612839146713,494.0,173.0,0.09075576025233816,6.781185293735483e-223,I19D
-2.5738558921985133,635.0,311.0,0.0745718083908705,1.048291631104703e-08,I19E
-2.5257761402824674,485.0,249.0,0.20122866085486435,2.7755575615628914e-17,I19F
-1.8477202254321596,870.0,702.0,0.17999738978102686,1.3877787807814457e-17,I19G
-1.0973898908814217,959.0,1330.0,0.0442781096465533,3.4520476205083603e-60,I19H
-1.151251009703982,430.0,565.0,0.0662304565746389,2.698553218666162e-106,I19K
-0.40855522599972305,591.0,1278.0,0.18382806410565836,0.0,I19L
-0.6196637731900589,1816.0,3348.0,0.1084872891724473,3.469446951953614e-18,I19M
-1.3548338624158,1048.0,1160.0,0.1216907577334744,1.734723475976807e-17,I19N
-2.6115707133078625,724.0,351.0,0.06750639859632207,1.2639719351502268e-23,I19P
-1.6426283383470572,979.0,888.0,0.048426373183473516,7.582539817485481e-150,I19Q
-1.7680709688067415,612.0,488.0,0.06266465200855098,1.7479759753377984e-13,I19R
-1.8132805264089895,705.0,584.0,0.1477414503725277,0.0,I19S
-0.44208251519209113,296.0,643.0,0.17563917687403705,1.3877787807814457e-17,I19T
-0.11811993542896931,233.0,617.0,0.2193999482864453,1.3877787807814457e-17,I19V
-2.1481449559041543,371.0,242.0,0.08603651885042528,1.0100010216190132e-06,I19W
-2.416462747646401,441.0,241.0,0.1856007725441845,0.0,I19Y
-2.8709883393750157,638.0,248.0,0.077124157077515,9.565417885023172e-159,I19_
-0.24321537392541215,1558.0,3847.0,0.08066085892320785,0.0,I205A
-0.4068772388811626,1076.0,2380.0,0.09647375505930118,0.0,I205C
-2.6202303573874355,400.0,185.0,0.11231113134370312,0.0,I205D
-2.336220031468627,1097.0,632.0,0.09373639745928128,0.0,I205E
-0.21976944140983942,344.0,856.0,0.06607100198032251,4.345096130577767e-31,I205F
-0.9198363242239721,815.0,1249.0,0.04700344546558445,3.0991880709684704e-284,I205G
-1.3559916810745656,788.0,877.0,0.06693631501108026,0.0,I205H
-1.1134242958861966,1112.0,1492.0,0.05134592647384535,2.168404344971009e-19,I205K
0.012885456968646502,713.0,2110.0,0.044938492291513296,2.2826452095540024e-19,I205L
-0.1882806355267544,866.0,2212.0,0.13179119379017606,3.469446951953614e-18,I205M
-1.9331136962374527,1074.0,812.0,0.04868461169134245,2.4047980896137214e-35,I205N
-2.010644095133794,1123.0,797.0,0.04819715253104509,2.0063756581261123e-16,I205P
-0.9332784912173704,845.0,1272.0,0.0850472943520866,1.734723475976807e-18,I205Q
-0.3064361622734364,759.0,1744.0,0.045331918526369065,3.69243134828447e-113,I205R
-0.7749934961920738,1066.0,1812.0,0.040424024177607557,3.946130835698646e-39,I205S
0.7185594273592565,636.0,2976.0,0.08070139803972515,1.734723475976807e-18,I205T
-0.10063019894497392,520.0,1410.0,0.05304147273324058,5.070779910278206e-71,I205V
-0.6437397584823572,679.0,1234.0,0.08427184302359023,3.469446951953614e-18,I205W
-0.4068355509494616,1184.0,2538.0,0.03703846352901674,1.5252793250961126e-86,I205Y
-2.4579641962287635,752.0,382.0,0.09432677010172853,0.0,I205_
-0.42143270138743305,552.0,1158.0,0.05377528340715709,6.588623054737557e-38,I209A
-0.28216704709678847,896.0,2100.0,0.06267468290089213,8.673617379884035e-19,I209C
-2.720075198660147,390.0,170.0,0.09443824676522505,1.195468014086213e-155,I209D
-2.6489378381714443,1031.0,472.0,0.1586619016294778,0.0,I209E
-0.4583443225056769,1338.0,2831.0,0.08120634465343027,0.0,I209F
-0.5725126081991679,936.0,1847.0,0.13502956952513148,0.0,I209G
-2.3583159312187045,363.0,211.0,0.08902253665576068,9.976307822066848e-69,I209H
-2.2957900340142166,1017.0,608.0,0.11952862387666574,0.0,I209K
-0.6693443453897933,504.0,899.0,0.06552103819332389,6.424548393280105e-15,I209L
-0.432437222697686,909.0,1889.0,0.11427846044601028,0.0,I209M
-2.247746659251354,671.0,412.0,0.2207700927500885,0.0,I209N
-2.594723215575371,857.0,399.0,0.1366956613544834,3.469446951953614e-18,I209P
-1.6819517389040395,1732.0,1544.0,0.03696876032547892,7.090153841830508e-228,I209Q
-2.4347243660891036,1087.0,586.0,0.1044542369979171,0.0,I209R
-0.8531338615566464,1346.0,2162.0,0.03670400669507067,2.2630788792456282e-20,I209S
-0.05985300640741057,682.0,1867.0,0.09079041204437817,0.0,I209T
0.13058346835995568,606.0,1948.0,0.05342438159099646,1.1430004078633038e-12,I209V
-1.2441941502246399,708.0,877.0,0.052728942652600995,1.1122587975969143e-77,I209W
-1.3716042970553897,585.0,654.0,0.059046537835060586,4.791731112519273e-103,I209Y
-3.016665810714482,568.0,207.0,0.08356797557872812,2.54892603064749e-137,I209_
-0.8432025997244351,607.0,970.0,0.053825311518182255,2.56835780522677e-192,I23A
-1.0577517813323127,559.0,782.0,0.058709874642337366,3.909972847467968e-07,I23C
-3.910934832942663,804.0,154.0,0.2506104583112648,1.3877787807814457e-17,I23D
-4.630840170773626,404.0,47.0,0.27274684260023685,1.3877787807814457e-17,I23E
-1.559478883580681,906.0,885.0,0.04917867046144129,3.1951917394043587e-17,I23F
-0.6697591004102087,940.0,1694.0,0.19481672407263673,0.0,I23G
-1.8977739493724384,864.0,671.0,0.158881019826974,0.0,I23H
-2.791699462187991,598.0,252.0,0.1472034098996442,0.0,I23K
-0.11831846532142644,1357.0,3578.0,0.07743544173639419,1.734723475976807e-18,I23L
-0.5371536799120853,639.0,1263.0,0.050380565622010945,4.313616201262834e-60,I23M
-1.5252874066007525,685.0,677.0,0.17932979761021733,6.938893903907228e-18,I23N
-2.1567549578761915,773.0,492.0,0.18789954055576047,4.163336342344337e-17,I23P
-1.4939078692907457,905.0,939.0,0.05472704021320881,1.4858557093044844e-14,I23Q
-2.959164865368732,1314.0,488.0,0.1141633003415866,6.938893903907228e-18,I23R
-1.4914373580686595,647.0,679.0,0.057083281590429046,1.7632962292490755e-125,I23S
-1.0583470139407662,267.0,354.0,0.08414317137841759,6.360184802654782e-24,I23T
0.159746485366118,1406.0,4633.0,0.032138493325485615,1.1181092219367444e-51,I23V
-1.1625318383300316,402.0,529.0,0.22631832802887208,0.0,I23W
-2.1578286956960415,681.0,449.0,0.0677358177556818,6.97059512975301e-11,I23Y
-3.1181907306326173,386.0,131.0,0.10329662620383259,4.13248276851265e-46,I23_
-1.8760146291054534,1759.0,1401.0,0.06277977203007835,1.734723475976807e-18,I240A
0.047841507091997214,1844.0,5660.0,0.1481119056734395,0.0,I240C
-2.2480671132115617,1048.0,638.0,0.23871849910296714,6.938893903907228e-17,I240D
-2.3748704413987745,765.0,425.0,0.1582599701383969,1.3877787807814457e-17,I240E
-0.901630191088875,840.0,1267.0,0.0464120978778243,3.9114437166947925e-07,I240F
-1.8500871714147429,775.0,625.0,0.13378132397824222,6.938893903907228e-18,I240G
-1.1132264776507401,734.0,972.0,0.05077405908876893,9.08483135166255e-09,I240H
-2.8785797932591826,1014.0,388.0,0.08062630087711063,0.0,I240K
-1.1400338959060712,3748.0,4892.0,0.034755066328419994,0.0,I240L
-0.577937278382528,2327.0,4454.0,0.0863501124418857,8.673617379884035e-18,I240M
-1.4316297134974298,2655.0,2858.0,0.054940710646263435,0.0,I240N
-2.739573141497981,1138.0,495.0,0.0872637384345821,3.469446951953614e-18,I240P
-1.5029934098944586,1242.0,1245.0,0.07382022846170089,0.0,I240Q
-2.4887571489756426,1150.0,589.0,0.052724586958077156,2.5896219739483134e-116,I240R
-2.0828568114056476,1315.0,913.0,0.06518684582136464,0.0,I240S
-0.3834106452854234,912.0,2043.0,0.06404328074035022,0.0,I240T
-1.1820547349619581,886.0,1138.0,0.13558778959688486,1.3877787807814457e-17,I240V
-2.5474293240605146,1128.0,565.0,0.05372696731344643,4.164438900658682e-20,I240W
-1.6013783472858765,1374.0,1336.0,0.05495286371054023,0.0,I240Y
-2.702682398353805,1146.0,513.0,0.05590279278320615,2.795353615660614e-07,I240_
-0.300345628151666,1300.0,3070.0,0.08053287655858904,1.734723475976807e-18,I242A
0.5428742521485844,1322.0,5645.0,0.03221572167737629,9.03463025115356e-49,I242C
-0.5330295149435285,893.0,1773.0,0.04291006937695358,1.1577249487806388e-170,I242D
-0.3253387237154415,520.0,1210.0,0.24259765920404827,0.0,I242E
-0.06776136395116417,989.0,2692.0,0.038977202118540326,1.2442089884722986e-29,I242F
-0.1916845316878924,824.0,2072.0,0.07834555135325964,1.734723475976807e-18,I242G
-0.37282451852810333,859.0,1855.0,0.09554983947909788,1.734723475976807e-18,I242H
-0.4984613392753341,1176.0,2400.0,0.037491975670734964,2.6022603305481582e-39,I242K
-0.22821264785587506,1210.0,2993.0,0.042114309621306696,2.168404344971009e-17,I242L
0.08950531100015194,686.0,2131.0,0.07906865058039493,3.469446951953614e-18,I242M
-0.47293796928504483,1023.0,2120.0,0.04424697557929788,2.1960157216976972e-13,I242N
-0.8169318668902422,1193.0,1953.0,0.0443707411059353,1.2971394791616575e-15,I242P
-0.2789324163036531,952.0,2234.0,0.11424760139944495,3.469446951953614e-18,I242Q
-0.6096373621777686,1013.0,1946.0,0.12585067517365084,3.469446951953614e-18,I242R
-0.5155290085361148,1152.0,2349.0,0.037812287141493435,1.6984833131167674e-305,I242S
-0.4467994281715392,1394.0,2936.0,0.05310589667972875,0.0,I242T
-0.41203507574292586,1283.0,2819.0,0.15738430605199152,0.0,I242V
-0.10269477075048926,1126.0,3022.0,0.09268212291918294,0.0,I242W
-0.10107944514739281,1484.0,4032.0,0.08746068170921875,0.0,I242Y
-2.772121953216705,729.0,305.0,0.07056920018298711,8.26627410089885e-48,I242_
-0.12243110526445072,838.0,2244.0,0.05727817611215248,0.0,I244A
0.19016534534310925,907.0,2990.0,0.11070932607120382,6.938893903907228e-18,I244C
-3.2505348749448055,862.0,259.0,0.12020594882721386,6.938893903907228e-18,I244D
-3.9827544522475593,703.0,131.0,0.09690550058651042,4.422475483593727e-117,I244E
-1.9319757453136133,919.0,690.0,0.26925046393505386,2.7755575615628914e-17,I244F
-0.6056204001328707,1169.0,2186.0,0.15991015895427024,0.0,I244G
-2.2389027319863097,1272.0,799.0,0.0795199826844391,0.0,I244H
-2.883531887306409,978.0,387.0,0.09849486254096758,0.0,I244K
0.07367574444778634,1389.0,4245.0,0.08690367189558218,0.0,I244L
-0.6259085844205284,1967.0,3673.0,0.06047878926056239,0.0,I244M
-0.3113298211310129,1285.0,2998.0,0.09465181205869795,1.734723475976807e-18,I244N
-2.5879752861708596,862.0,405.0,0.06260489793724934,2.592274176615045e-11,I244P
-2.6248117097107557,1402.0,669.0,0.16438906119870655,0.0,I244Q
-2.861215551830708,543.0,219.0,0.08260103442736307,7.994903067613135e-75,I244R
-0.275329269973923,1131.0,2704.0,0.043817552283237186,1.474514954580286e-17,I244S
-0.059090957292045186,1018.0,2750.0,0.038434281388717996,1.0591537205779058e-113,I244T
0.18421860387891462,1435.0,4701.0,0.04086220530128561,6.505213034913027e-19,I244V
-2.575443656849187,1600.0,781.0,0.045478461055271605,5.900472484245522e-48,I244W
-2.0941063396102253,1209.0,820.0,0.12961615782300862,0.0,I244Y
-2.622625264902643,816.0,372.0,0.06481829946612704,1.7268840091602605e-67,I244_
0.009299027134216115,733.0,2074.0,0.09749312825987538,1.734723475976807e-18,I249A
-0.13999729836234087,431.0,1131.0,0.12224073722438607,1.734723475976807e-17,I249C
-2.7542747994577916,373.0,162.0,0.10187179616395066,3.810938561986735e-08,I249D
-2.3880806072015535,1442.0,812.0,0.08434247126999697,0.0,I249E
0.014000163971330318,1421.0,4100.0,0.03258197625045223,3.2568309693968844e-19,I249F
-0.46446963176976497,442.0,917.0,0.05999396579168538,2.691776267171764e-124,I249G
-2.309180201082194,841.0,489.0,0.10129651426377838,0.0,I249H
-2.6724117815570065,1262.0,575.0,0.05218283031729682,5.453973689714911e-74,I249K
-0.00014919024547945835,938.0,2675.0,0.03974436534371759,1.6687424468100753e-09,I249L
-0.09141724858743468,577.0,1586.0,0.21705468528192454,1.3877787807814457e-17,I249M
-2.284270708307181,841.0,498.0,0.18230618086155834,6.938893903907228e-18,I249N
-2.6271888710628013,1201.0,568.0,0.19089019780289315,0.0,I249P
-1.8470567239633875,563.0,453.0,0.22183998463816537,0.0,I249Q
-2.820049142046917,674.0,280.0,0.07309676812631116,9.417600914679593e-48,I249R
-0.138993505975177,1248.0,3324.0,0.04335421986796782,2.168404344971009e-19,I249S
-0.011290601488464651,2018.0,5709.0,0.08122881520501275,0.0,I249T
0.03480303410271171,943.0,2761.0,0.15132190515697624,2.0816681711721685e-17,I249V
-0.2812601496268878,340.0,788.0,0.06671643316510104,6.069170321397561e-23,I249W
-0.7829780832471321,784.0,1290.0,0.08891919007771609,0.0,I249Y
-2.9801012594320047,388.0,137.0,0.2877466708902289,5.551115123125783e-17,I249_
0.09781034072485949,918.0,2816.0,0.11887051286190689,0.0,I256A
-0.37865728445109137,1463.0,3188.0,0.08128197567956238,0.0,I256C
-2.754530238569233,929.0,402.0,0.06200352476527259,1.2106042404800427e-11,I256D
-2.7263975386113914,1754.0,762.0,0.12244739366948128,0.0,I256E
-0.39694292442869417,1558.0,3370.0,0.032448891471333466,1.6799705612243873e-112,I256F
-0.08350911961849485,906.0,2474.0,0.1490896846188186,6.938893903907228e-18,I256G
-2.60547187342824,1250.0,575.0,0.05452122677108191,8.315853513825647e-09,I256H
-2.6853188446887746,936.0,416.0,0.19157634704595486,0.0,I256K
-0.297606575425432,647.0,1509.0,0.04884865011669952,8.103410581525299e-184,I256L
-0.42642865641478955,902.0,1918.0,0.0631741960523864,1.734723475976807e-18,I256M
-2.608391465001069,647.0,300.0,0.27236513997159334,0.0,I256N
-2.8126049904644312,804.0,329.0,0.19530558277484966,0.0,I256P
-2.428925364765798,832.0,447.0,0.18532454411016608,1.3877787807814457e-17,I256Q
-2.264105380173653,723.0,443.0,0.0626546316426425,5.849972052300175e-103,I256R
-0.5218728913115217,969.0,1928.0,0.05054967393035545,0.0,I256S
-0.4541377727295471,966.0,2045.0,0.04086299548900359,2.4081781165669668e-224,I256T
0.27644678368574044,845.0,2949.0,0.12365266145790536,0.0,I256V
-0.7453598132534023,820.0,1343.0,0.1983820315155698,1.3877787807814457e-17,I256W
-1.2244596848972702,1074.0,1305.0,0.1690284296403659,2.7755575615628914e-17,I256Y
-2.7362006676818886,1221.0,536.0,0.05663260807390885,6.1397535301320125e-09,I256_
-1.1314431185117575,975.0,1304.0,0.15209337580489893,0.0,I272A
-0.5343307087955737,1026.0,2061.0,0.04013568329671942,3.670306916038376e-33,I272C
-2.723476476023329,1047.0,455.0,0.11215319693900301,3.469446951953614e-18,I272D
-2.5772439256971578,1165.0,558.0,0.13357484567877995,3.469446951953614e-18,I272E
-0.20516244380050172,1340.0,3351.0,0.13880826194753038,6.938893903907228e-18,I272F
-2.381567417312328,1678.0,922.0,0.19105258605448047,0.0,I272G
-4.166206837729243,7319.0,1160.0,0.14393044639475122,2.0816681711721685e-17,I272H
-2.5569686061729024,1488.0,714.0,0.047591088611866325,1.1379807905645512e-10,I272K
-0.4269636572996877,1533.0,3259.0,0.07696842447487777,3.469446951953614e-18,I272L
0.36354346593250697,820.0,3037.0,0.04091444155515163,1.5804504425531476e-63,I272M
-2.5069477342183766,513.0,250.0,0.07981154045426467,5.852138358689326e-53,I272N
-1.6364740744102864,1434.0,1316.0,0.040119505954034254,3.1755459745796413e-137,I272P
-2.3918797100859175,1516.0,834.0,0.04495862548973844,2.622654600670086e-39,I272Q
-2.8341576904469723,1162.0,466.0,0.056817460649192665,3.9738644589634443e-143,I272R
-1.5015480792245526,576.0,591.0,0.06073014256772485,1.9493881726047222e-108,I272S
-0.38909504769930225,1003.0,2209.0,0.03978840561829611,1.2739318810675707e-08,I272T
-0.05454179339452566,1250.0,3435.0,0.07750662901910245,1.734723475976807e-18,I272V
-2.2427796713480026,1287.0,758.0,0.04761761527289859,2.8909552306973164e-21,I272W
-2.242378889165303,1065.0,646.0,0.060537794111097144,2.6020852139652106e-17,I272Y
-2.6771483757167163,1419.0,652.0,0.10201990819465605,3.469446951953614e-18,I272_
0.029037432617921154,1428.0,4280.0,0.03227339845736401,2.5747998698405096e-44,I277A
0.09479539480417609,723.0,2166.0,0.04454350017283971,4.91380169376398e-22,I277C
-0.6552297600596548,1948.0,3585.0,0.14025352614945552,2.0816681711721685e-17,I277D
-1.1902699224139293,1211.0,1531.0,0.09591896475189968,6.938893903907228e-18,I277E
0.5360100259327931,1251.0,5405.0,0.18260202374740972,0.0,I277F
-0.07409823605534117,1174.0,3200.0,0.03586953861273947,5.133455504216465e-183,I277G
-0.44663411956523524,614.0,1297.0,0.07028912266237844,0.0,I277H
-0.08487989926167813,1036.0,2769.0,0.03819639686805359,3.451858258649579e-60,I277K
-0.0446640452836314,1399.0,3975.0,0.032827226825309516,1.7846869014686566e-108,I277L
-0.18526359655883146,673.0,1762.0,0.04702689700526288,2.1352977102876056e-46,I277M
0.8615629925165592,1456.0,7564.0,0.030248708503587827,7.763653901008489e-43,I277N
-2.1933260734459785,1088.0,663.0,0.0904940522150507,0.0,I277P
-0.3008942533038268,893.0,2104.0,0.04165910300578382,4.72212206253565e-37,I277Q
-0.9541019152927951,1584.0,2356.0,0.09277715281095955,1.734723475976807e-18,I277R
-0.1122930465335907,1040.0,2792.0,0.03806080653782036,2.139082080496813e-204,I277S
0.13120380432378556,541.0,1724.0,0.07607045636461181,8.673617379884035e-19,I277T
-0.6380084071353018,1638.0,3084.0,0.10022657710648607,6.938893903907228e-18,I277V
-0.4788013685822999,918.0,1938.0,0.04833107024657045,1.5807667674838655e-16,I277W
-0.3640854113378221,870.0,1957.0,0.17103313782609822,3.469446951953614e-17,I277Y
-2.589839534575151,1273.0,609.0,0.06884881941489768,1.734723475976807e-18,I277_
-0.189404536920418,1032.0,2651.0,0.16637585002751304,6.938893903907228e-18,I281A
-0.28930583762923234,898.0,2152.0,0.06576754963918115,0.0,I281C
-1.817307902831334,655.0,532.0,0.06036538122938046,7.824424383692421e-15,I281D
-1.0719751221048612,633.0,910.0,0.06767112348855395,8.673617379884035e-19,I281E
-0.18787277132889257,901.0,2295.0,0.120319918748395,6.938893903907228e-18,I281F
-0.04669679803586997,1142.0,3206.0,0.16519111858791286,2.0816681711721685e-17,I281G
-0.22625161628782572,1205.0,2993.0,0.03586400892089753,8.137619045736542e-88,I281H
-0.5160837194586388,1288.0,2575.0,0.047559411531918366,0.0,I281K
-0.1519672793392286,1288.0,3422.0,0.06541215963305451,8.673617379884035e-19,I281L
-0.18193612578325313,1189.0,3048.0,0.04410317153438408,2.168404344971009e-19,I281M
-0.8001857414261424,180.0,302.0,0.2763105308253839,0.0,I281N
-0.9000369012759202,1532.0,2346.0,0.03470229420378885,1.5816247049055004e-48,I281P
-0.2314954870189639,1115.0,2685.0,0.07466175927045564,5.204170427930421e-18,I281Q
-2.5291493385892485,1430.0,711.0,0.04795381761873047,1.7956981232358062e-26,I281R
-0.4074584807954996,1679.0,3643.0,0.09735182056433095,0.0,I281S
-0.21205970498835525,886.0,2199.0,0.04156467005176239,5.932566901449246e-284,I281T
0.09227475328142189,1038.0,3251.0,0.08148604870309883,1.734723475976807e-18,I281V
-0.7350761691630716,1347.0,2360.0,0.03601942079739958,1.6329272912423385e-166,I281W
-0.5751547698152598,1138.0,2213.0,0.052824225028291504,0.0,I281Y
-2.63840632481505,571.0,273.0,0.07624835329376177,1.198986387773071e-27,I281_
-0.10605175557055518,838.0,2271.0,0.06251255496515166,0.0,I288A
-0.11470346120695661,997.0,2664.0,0.10749159199352083,0.0,I288C
-0.8036552920158015,865.0,1433.0,0.1348649511249401,0.0,I288D
-0.1020780234667669,1480.0,3982.0,0.05280577197765795,4.336808689942018e-19,I288E
0.030750588995112987,1342.0,3955.0,0.03330366898510955,6.206353611715188e-96,I288F
-0.019678707982767107,1139.0,3169.0,0.10992067340854288,6.938893903907228e-18,I288G
0.11997029806460215,522.0,1639.0,0.11456946305342335,0.0,I288H
-0.02754898281751265,710.0,2012.0,0.04540612637013535,3.788167009065563e-143,I288K
0.08841192109856247,969.0,3021.0,0.09596787385898412,8.673617379884035e-18,I288L
-0.042425834712774696,1094.0,3030.0,0.03699102021683473,6.55518041100407e-246,I288M
-0.09519991316357417,883.0,2379.0,0.04108459266555318,1.659832340408877e-53,I288N
-0.8307721587948036,1176.0,1882.0,0.08031781746014806,0.0,I288P
0.04748111037327469,894.0,2685.0,0.0402644413101326,1.2657065498781333e-65,I288Q
0.05181774986611087,699.0,2080.0,0.0455069954643965,5.732047277671552e-36,I288R
-0.0021738495249118642,974.0,2845.0,0.03891924714938649,6.802901894564613e-13,I288S
-0.14276443407720774,1115.0,3002.0,0.11239815337182511,0.0,I288T
-0.3937824133147853,902.0,1986.0,0.04212221338650796,1.7642667890488458e-07,I288V
-0.017755023918447712,847.0,2424.0,0.1413227316126052,1.3877787807814457e-17,I288W
-0.025015007902120436,1026.0,2925.0,0.0380622554159675,1.503398913070093e-36,I288Y
-2.863027441634425,991.0,392.0,0.061905859036028854,2.2148192851356852e-12,I288_
-0.8830497959781989,1164.0,1804.0,0.03952033266892579,7.298207433116315e-172,I295A
-0.8545061473051696,1252.0,1994.0,0.08855937179810926,0.0,I295C
-0.9246440359015362,1388.0,2100.0,0.036598412875339756,5.50332841750359e-09,I295D
-0.43119938754882653,953.0,2069.0,0.13516716911181803,6.938893903907228e-18,I295E
-0.4527248183166632,818.0,1729.0,0.04423495457076149,3.1335145843728586e-88,I295F
-1.300776093729148,891.0,1055.0,0.05949314406453698,0.0,I295G
-0.1225749651787073,969.0,2568.0,0.039500925331926035,1.2329030894667289e-48,I295H
-0.3896188091251191,1196.0,2655.0,0.03655877619114788,6.355497989538127e-12,I295K
-0.9993594222934186,1596.0,2284.0,0.04760916853703153,0.0,I295L
-0.8541913469205693,986.0,1578.0,0.04241753697241284,2.043722955642683e-22,I295M
-0.08145470269471698,1296.0,3521.0,0.04311079704618403,4.336808689942018e-19,I295N
-2.304797035022728,1004.0,585.0,0.053921398965269825,5.464600993853835e-31,I295P
-1.3075006957704465,1191.0,1417.0,0.1567722923420798,0.0,I295Q
-2.216697753564884,966.0,598.0,0.05407768956774167,3.994743924736894e-158,I295R
-0.6749443354068283,360.0,664.0,0.2034015731856933,1.3877787807814457e-17,I295S
-0.14664827373622355,1509.0,3907.0,0.13782852158934344,6.938893903907228e-18,I295T
-0.13277779165533438,1245.0,3301.0,0.0350079073659882,8.108523200652179e-174,I295V
-2.2615334435990553,715.0,420.0,0.11324907816420356,0.0,I295W
0.10961520841216223,958.0,2986.0,0.0449878513767887,1.0690233420707074e-16,I295Y
-2.753118808878537,624.0,265.0,0.2295585660732967,2.7755575615628914e-17,I295_
-0.41928742757522497,1225.0,2618.0,0.11653081659935503,0.0,I298A
-0.19998949036162741,1060.0,2617.0,0.1254241562436409,3.469446951953614e-18,I298C
-0.7491625722874927,599.0,1040.0,0.10550936737200227,0.0,I298D
-0.16745629796555125,1051.0,2730.0,0.10367761634371171,6.938893903907228e-18,I298E
-0.37177524814590235,847.0,1814.0,0.04347722415429752,1.1029840257638972e-77,I298F
-0.13327997939968073,867.0,2245.0,0.06630873974623168,8.673617379884035e-19,I298G
-1.1403258225690203,893.0,1169.0,0.08242799606853735,1.734723475976807e-18,I298H
-2.2187774283494024,903.0,533.0,0.056562384180571454,7.418692931979131e-50,I298K
-0.012793618924593143,718.0,1989.0,0.04532847777938845,5.652517679566657e-49,I298L
0.007335072327324173,1001.0,2962.0,0.1017666880711144,3.469446951953614e-18,I298M
-0.4308581230036233,839.0,1769.0,0.04377058284693163,1.4769184888423665e-171,I298N
-1.2264102416633085,1436.0,1765.0,0.04576116883302029,0.0,I298P
-0.04127128624579511,1233.0,3383.0,0.14855394060830882,0.0,I298Q
-1.452049244030014,1164.0,1263.0,0.042610663914384235,1.1263781672636016e-135,I298R
-0.31597133543042805,643.0,1452.0,0.16964844196640053,0.0,I298S
0.42219853788761597,2280.0,8839.0,0.1154693451309252,3.469446951953614e-18,I298T
-0.2671197057139147,817.0,1952.0,0.04339613605586782,1.835099022425041e-58,I298V
-0.9786346667516753,1015.0,1469.0,0.043452474220792965,1.4943911198138328e-07,I298W
-0.4379963607756594,1346.0,2821.0,0.04536166673642964,0.0,I298Y
-2.5994317847913955,929.0,429.0,0.060365806798809936,1.6505658720004054e-131,I298_
-0.858543649406857,1044.0,1626.0,0.07946181945959614,1.734723475976807e-18,I304A
-0.525188263484523,1055.0,2122.0,0.11994417933754757,2.0816681711721685e-17,I304C
-3.0277674838761577,2264.0,821.0,0.09709670225073816,5.204170427930421e-18,I304D
-1.9219109267787364,566.0,441.0,0.08300594633894195,0.0,I304E
-2.0690485860155414,1600.0,1079.0,0.09340305573853128,0.0,I304F
-1.0165021749567167,1083.0,1562.0,0.181238870662284,0.0,I304G
-2.0485441546284586,668.0,457.0,0.0894483144713526,0.0,I304H
-1.9168203071051946,953.0,719.0,0.18804082643775166,0.0,I304K
-0.1862095503097704,1233.0,3077.0,0.03542921200742496,1.0567570158379099e-58,I304L
-1.7199247335138557,2365.0,2071.0,0.11062756928728121,1.3877787807814457e-17,I304M
-0.03983107386340581,1326.0,3773.0,0.04752937063041138,0.0,I304N
-2.613343525739762,612.0,300.0,0.07304665363613137,2.5128434944819153e-36,I304P
-2.1049534270471106,1742.0,1179.0,0.2768629860438558,0.0,I304Q
-2.820615299601972,642.0,257.0,0.07579098000151896,1.635315526680741e-38,I304R
-1.3481093522428964,960.0,1069.0,0.046330048380566834,7.955259169801233e-10,I304S
-0.4641589676025506,1460.0,3076.0,0.03368099414791891,1.6782881838753503e-24,I304T
-0.27225472631578734,1439.0,3418.0,0.08531923009613333,0.0,I304V
0.04937678977022607,1686.0,4988.0,0.14781724071278085,3.469446951953614e-17,I304W
-2.1142193205730626,923.0,621.0,0.0542051151794429,1.750674593815601e-18,I304Y
-2.709110546541907,842.0,366.0,0.06482843677623543,2.7054756182685203e-78,I304_
-1.0263245085850663,1021.0,1453.0,0.04929387641942997,2.0122792321330962e-16,I309A
-0.7317288677218822,748.0,1265.0,0.048153945197512524,1.6714211317956827e-57,I309C
-2.2861602583528686,2240.0,1335.0,0.13159158134478277,6.938893903907228e-18,I309D
-2.297864734808989,1121.0,656.0,0.05128390861707869,1.6323479619459804e-63,I309E
-0.6330076614276268,1521.0,2860.0,0.03362422793980296,8.24675270028798e-149,I309F
-2.385453039749679,1080.0,602.0,0.2550892138223939,2.7755575615628914e-17,I309G
-2.2409521204912464,1716.0,1028.0,0.07518123505326763,0.0,I309H
-2.364391628825875,1205.0,671.0,0.07236387288881582,0.0,I309K
-0.8848312893105773,1128.0,1761.0,0.04003863508721695,1.1916241290263341e-198,I309L
-1.3182910254392743,1016.0,1170.0,0.10719771456089291,0.0,I309N
-2.9311419773640335,988.0,374.0,0.13231041474375643,1.0408340855860843e-17,I309P
-2.2637248767315246,1385.0,831.0,0.1904168501084188,0.0,I309Q
-2.7734625105634225,1139.0,470.0,0.056650767220325075,5.029722928475257e-52,I309R
-1.2205679296151954,907.0,1106.0,0.04669196161546647,2.882591702266733e-33,I309S
-0.6244314324515631,1795.0,3363.0,0.18260793203598868,1.3877787807814457e-17,I309T
0.03730110290204962,1725.0,5168.0,0.029593092446095703,2.619365716965184e-227,I309V
-0.5501828481911442,1489.0,2974.0,0.07452574226393717,0.0,I309Y
-2.6155135413321284,1980.0,913.0,0.04407334434152202,3.1070650245907695e-09,I309_
-1.7543930049897054,1029.0,900.0,0.3221905333020144,5.551115123125783e-17,I313A
-0.9132921225484176,1646.0,2498.0,0.07933936217346992,0.0,I313C
-2.6664301255783975,885.0,403.0,0.12278986302577405,0.0,I313D
-2.597372179779569,1613.0,754.0,0.04597764760935642,5.910526575707505e-150,I313E
-0.949035253142146,1150.0,1726.0,0.18706548842119813,4.163336342344337e-17,I313F
-3.078578729074929,3092.0,1065.0,0.09728496214006604,0.0,I313G
-2.365859432619795,1164.0,655.0,0.10228455452671573,0.0,I313H
-2.246868150584522,2037.0,1250.0,0.03800694140484963,1.6098667214722847e-07,I313K
-0.09667249566313244,932.0,2545.0,0.05359135922157221,0.0,I313L
-0.17899281480505813,893.0,2224.0,0.09837611460117184,0.0,I313M
-1.685367422510575,732.0,659.0,0.05566524516974692,1.8436312681713226e-14,I313N
-2.8421474580489106,888.0,361.0,0.16015548878506966,0.0,I313P
-1.1995481044451681,872.0,1098.0,0.047350191138213385,1.1300135238478473e-137,I313Q
-2.62824617512953,812.0,389.0,0.14865317723199126,2.0816681711721685e-17,I313R
-1.961701910169419,1605.0,1171.0,0.07637628678078298,0.0,I313S
-0.6375609961334877,920.0,1712.0,0.11386760928274878,1.0408340855860843e-17,I313T
-0.23563748902670878,822.0,2029.0,0.1463295720835522,0.0,I313V
-2.803183315213512,1072.0,449.0,0.058053579094086843,5.907604180732765e-40,I313W
-2.493579902203132,798.0,407.0,0.06911208497175637,1.446306030668254e-11,I313Y
-2.9678859981329713,2145.0,771.0,0.04629847173187258,6.302168790084037e-10,I313_
-0.3706629346529669,835.0,1850.0,0.043542253021543416,2.5343203635016273e-120,I320A
0.04175125974927136,1464.0,4346.0,0.0922322988984823,0.0,I320C
-2.182503783572508,1279.0,803.0,0.08594959458183271,8.673617379884035e-18,I320D
-0.8983948412319683,1504.0,2306.0,0.05205331575857372,8.673617379884035e-19,I320E
-0.7368362643645749,1459.0,2486.0,0.03481689022728279,1.1683612616897777e-67,I320F
-1.712571536432882,1387.0,1234.0,0.07042387460164866,0.0,I320G
-0.26299586731646274,1587.0,3715.0,0.08764665853817523,1.734723475976807e-18,I320H
0.4074405802450009,1487.0,5739.0,0.05772752944933487,1.734723475976807e-18,I320K
-0.23117407648242733,761.0,1869.0,0.05847410331020779,1.3010426069826053e-18,I320L
0.021645774476106258,1110.0,3266.0,0.0470714042712749,4.336808689942018e-19,I320M
-0.7147432663664108,1098.0,1959.0,0.13909717829172166,0.0,I320N
-2.4727579800406487,1020.0,527.0,0.11669632767176337,6.938893903907228e-18,I320P
-0.4327711362749293,1071.0,2286.0,0.03890115930360544,2.8505589601684176e-60,I320Q
-0.43953904334896265,1186.0,2565.0,0.15557721240665456,0.0,I320R
-0.6146245706016161,1245.0,2313.0,0.03698479422002873,1.300914334542868e-144,I320S
-0.7056392738924402,1420.0,2513.0,0.0350604863284535,6.541552069855231e-150,I320T
-0.11100986340841294,1380.0,3654.0,0.03332468059058129,1.1573220279181745e-55,I320V
-1.5449176703115493,914.0,898.0,0.20963439991489902,2.7755575615628914e-17,I320W
-0.7105114483318535,484.0,855.0,0.12612667654782692,0.0,I320Y
-2.611886844338862,1463.0,701.0,0.22028152177149402,4.163336342344337e-17,I320_
0.06705145512318901,702.0,2159.0,0.04514842323075361,0.0,I342A
-0.14422626236572256,1044.0,2727.0,0.07040051858649442,0.0,I342C
-0.8045666799774129,1882.0,3229.0,0.030966336956018532,3.3308987355058313e-80,I342D
-0.7782236438286497,1264.0,2115.0,0.06730804972611039,0.0,I342E
0.373286633771184,759.0,2793.0,0.0424738402748115,5.278055854614067e-45,I342F
0.0021401642073816587,1503.0,4326.0,0.031690902227859925,2.59373395905014e-149,I342G
-0.03735102961202536,1012.0,2799.0,0.03836788080815686,1.5192658577799436e-96,I342H
-0.638376073332387,1242.0,2325.0,0.07790614050928536,0.0,I342K
-0.4109264712893601,1413.0,3072.0,0.04978669877676412,1.734723475976807e-18,I342L
-0.308034618106621,983.0,2287.0,0.05959111431348972,8.673617379884035e-19,I342M
-0.03573712637453878,1103.0,3144.0,0.04545093266468035,0.0,I342N
-0.9918527577282258,622.0,913.0,0.05842479252984895,2.149032644546689e-11,I342P
0.004117029659845726,634.0,1814.0,0.0479870429729525,6.802520897576227e-18,I342Q
-2.786574868892041,1172.0,492.0,0.10444752274491349,0.0,I342R
-0.04942508145204033,976.0,2748.0,0.03892358262599369,6.592606151734847e-31,I342S
-0.21179719912245165,1272.0,3172.0,0.09694646197619809,3.469446951953614e-18,I342T
0.032223143475088444,1357.0,3962.0,0.03313547025041388,6.104041947496591e-19,I342V
-0.1729168830701233,676.0,1718.0,0.047278464628607825,6.920193250021213e-42,I342W
1.4618651752848493,1518.0,12412.0,0.10094155767686575,6.938893903907228e-18,I342Y
-2.7926833877293302,1826.0,763.0,0.04491006354089595,7.885511423377553e-89,I342_
-1.1018797050849523,886.0,1185.0,0.14502281916712403,0.0,I346A
-0.6738818535911332,1019.0,1855.0,0.040916434558177596,6.746276890825762e-94,I346C
-1.3168171204552328,927.0,1078.0,0.28247780862543814,0.0,I346D
-1.0116585378292164,1429.0,2029.0,0.036444032290233644,3.2001554764361023e-198,I346E
0.00963009307104782,1585.0,4579.0,0.030903319251735468,4.965263884579686e-154,I346F
-1.466289323378598,1205.0,1263.0,0.09959208017330591,0.0,I346G
-0.08183437285851333,988.0,2644.0,0.15976906110593941,0.0,I346H
-0.4762278144196234,1187.0,2410.0,0.03733823576033134,2.341281696788411e-49,I346K
-0.49735445686698154,1091.0,2269.0,0.1193623735641226,0.0,I346L
-0.6259406845762643,2120.0,3987.0,0.028835586943548992,1.6201667578319905e-58,I346M
-0.6006620394236534,1060.0,2011.0,0.039770720331856815,1.0248457217391083e-82,I346N
-0.3944438360376745,2206.0,4815.0,0.027590871694775206,1.1598747241294987e-46,I346P
-0.2648800576227612,733.0,1753.0,0.21936565322970725,2.7755575615628914e-17,I346Q
-1.1941980013162532,1224.0,1537.0,0.04028932751437042,2.1348348487579843e-147,I346R
-1.4622939950443328,915.0,964.0,0.0920789289286863,0.0,I346S
-0.6189583500876259,492.0,914.0,0.05778967278340915,4.205830169574291e-28,I346T
-0.13213137122293392,1110.0,2925.0,0.03701426271457458,3.406879063656579e-168,I346V
-0.18901105511480917,836.0,2090.0,0.04258111832702162,3.698584007349658e-10,I346W
0.10578622038400806,896.0,2778.0,0.11305022233440563,0.0,I346Y
-2.6513787450856903,1243.0,563.0,0.10027878645548799,6.938893903907228e-18,I346_
-0.9834033732471541,2315.0,3382.0,0.05509431677996992,0.0,I355A
-0.5039971520572022,1398.0,2827.0,0.04995785273791225,0.0,I355C
-1.005507261471497,1987.0,2850.0,0.13579587770058085,0.0,I355D
-1.1225183228799902,1335.0,1772.0,0.03819378951485323,2.829550551889052e-199,I355E
-0.3625906231145842,1153.0,2559.0,0.037265956534381466,4.428134184179862e-278,I355F
-0.3999546039454339,1218.0,2660.0,0.09249220581515875,3.469446951953614e-18,I355G
0.15953845747824572,164.0,526.0,0.09122157609896211,8.200062591005141e-08,I355H
-0.4922804202990596,568.0,1183.0,0.053085230209233954,1.316604352611358e-72,I355K
0.0065431977912536405,472.0,1355.0,0.11624263672853313,0.0,I355L
-0.026897567204043054,1197.0,3355.0,0.04197643061418116,2.168404344971009e-18,I355M
-0.10851592682328835,1366.0,3588.0,0.046260409631419586,0.0,I355N
-1.284377370221035,834.0,994.0,0.04900975707900587,4.846838212344234e-07,I355P
-1.1995017792115261,1697.0,2114.0,0.18623366320202056,0.0,I355Q
-0.3024432079853574,1072.0,2490.0,0.038297806900350326,2.7338903881554944e-144,I355R
-0.5412629650518133,1803.0,3549.0,0.05358680614302533,0.0,I355S
-0.3885416583322481,1208.0,2679.0,0.1359859287440396,6.938893903907228e-18,I355T
-0.5063260981862032,1164.0,2366.0,0.05638481876010298,8.673617379884035e-19,I355V
-0.38288404352954686,1359.0,2996.0,0.056029900581107156,0.0,I355W
-0.5855101649489377,407.0,771.0,0.1283550668270964,1.3877787807814457e-17,I355Y
-2.8748244994423757,943.0,372.0,0.10422302103434533,0.0,I355_
-0.020926076922042614,1214.0,3448.0,0.07066502389324866,1.734723475976807e-18,I359A
0.11980446376413101,729.0,2240.0,0.04433561530871931,3.1043619616283896e-153,I359C
-2.374772708153511,1537.0,854.0,0.044522253863267226,7.913573869135431e-36,I359D
-1.5682345586035764,917.0,890.0,0.04921592378811116,1.9283922141859277e-69,I359E
-1.554600926123048,1700.0,1664.0,0.1162736025971926,0.0,I359F
-1.1359158785032966,1483.0,1940.0,0.0587389794611786,0.0,I359G
-1.640438193091229,2562.0,2356.0,0.08618469756335523,0.0,I359H
-2.720009816494973,1292.0,568.0,0.1582863694757525,1.3877787807814457e-17,I359K
-0.17109816082622542,1108.0,2817.0,0.06215234742304618,0.0,I359L
-0.5298840164793625,1249.0,2503.0,0.15178243319465987,6.938893903907228e-18,I359M
-0.9525667755034961,2693.0,3948.0,0.04525834171762358,0.0,I359N
-0.0066112095471622554,1176.0,3405.0,0.03551865656903097,4.386370570929165e-79,I359P
-0.2907210730178362,1523.0,3535.0,0.08037583608933965,3.469446951953614e-18,I359Q
-2.835958989644435,467.0,185.0,0.10708499814249503,0.0,I359R
-0.14264450491389033,1503.0,3908.0,0.06798437932737936,8.673617379884035e-19,I359S
1.3297761315257521,881.0,6351.0,0.12442717308032313,0.0,I359T
0.14611922657188314,1645.0,5204.0,0.030026697528586006,1.5423840573367575e-103,I359V
-2.7687886080705515,1692.0,711.0,0.14456798191114534,1.3877787807814457e-17,I359W
-2.482589841221688,1001.0,514.0,0.17618477206319688,0.0,I359Y
-2.610650338136099,1309.0,606.0,0.11342848970380501,0.0,I359_
-1.1073412589904286,1306.0,1747.0,0.1363794938948442,6.938893903907228e-18,I363A
-1.3578878507234158,1192.0,1358.0,0.2437370566616205,2.7755575615628914e-17,I363C
-2.427131900925732,1322.0,690.0,0.04886802276653768,1.3110226987249368e-117,I363D
-0.9133228328700888,650.0,992.0,0.07083043643976367,1.734723475976807e-18,I363E
-0.6879913310372104,1024.0,1870.0,0.05565716759969884,4.336808689942018e-19,I363F
-0.5916908553945248,1756.0,3321.0,0.031424261223596685,4.0880727890642264e-48,I363G
-2.3941609373381696,1181.0,638.0,0.05129626603226094,2.7014611939155286e-18,I363H
-2.234110648624006,1074.0,657.0,0.05171704830560495,1.949237873909594e-35,I363K
0.16684201394989992,724.0,2327.0,0.04423710707855276,3.454897862840511e-155,I363L
0.5901901239284304,1716.0,7525.0,0.09820334023543868,0.0,I363M
-2.3044167670769267,871.0,518.0,0.17110800977240323,0.0,I363N
-2.771144493514184,1569.0,657.0,0.04830598350512089,1.450679354250521e-132,I363P
-1.2453767935257556,1607.0,1958.0,0.06784625478230513,8.673617379884035e-19,I363Q
-2.9488084727428796,1250.0,477.0,0.17921759852174524,6.938893903907228e-18,I363R
-1.3431548218611116,1015.0,1130.0,0.20988801013073838,0.0,I363S
-0.3115202270519642,1772.0,4092.0,0.102108716165786,6.938893903907228e-18,I363T
-0.2732006365790538,1214.0,2891.0,0.07790694120714413,0.0,I363V
-1.1781365590508086,2268.0,2867.0,0.03007117684224013,0.0,I363W
-2.4365905461709825,1368.0,730.0,0.04776303006825659,1.6632724811216388e-146,I363Y
-2.6402056403129017,1382.0,636.0,0.1428470802408502,6.938893903907228e-18,I363_
-2.1196284599267106,1442.0,973.0,0.0435372178554515,1.3951218418338558e-75,I372A
-1.6258983684560995,1152.0,1094.0,0.1573648615040494,0.0,I372C
-2.5535480176833865,1345.0,665.0,0.059306704151988104,1.734723475976807e-18,I372D
-2.300208544197748,871.0,502.0,0.17610255238008315,4.163336342344337e-17,I372E
-0.72653578822113,1746.0,3085.0,0.03186667752382094,1.4942863627050196e-144,I372F
-0.892234095849614,1194.0,1869.0,0.039010634931237895,1.4076593600769912e-77,I372G
-1.6005977050212994,1007.0,929.0,0.08288390361522752,6.938893903907228e-18,I372H
-2.519556309961412,1105.0,552.0,0.05418806961936072,1.774544621266513e-114,I372K
-0.34679366275808965,1839.0,4290.0,0.181252409655284,2.7755575615628914e-17,I372L
-0.8229470908979528,789.0,1268.0,0.047192633824463405,4.029414660858966e-38,I372M
-2.3300459950606474,593.0,335.0,0.20472963312790068,0.0,I372N
-1.9107956097681023,1135.0,873.0,0.047147005097256965,1.5765597729808668e-56,I372P
-1.4270206037161564,2112.0,2250.0,0.06431531448718422,0.0,I372Q
-3.258225689084537,2089.0,634.0,0.13777564898779715,6.938893903907228e-18,I372R
-2.2285747160963036,1499.0,910.0,0.1289201748811303,3.469446951953614e-18,I372S
-2.1423772307029934,1725.0,1133.0,0.10801893773325856,0.0,I372T
-1.2862678976326685,627.0,737.0,0.1089560923151649,0.0,I372V
-1.1063307329648326,1226.0,1630.0,0.0397059499843059,7.22626166478464e-98,I372W
-1.538555778826435,938.0,945.0,0.05567146488524975,5.147791914961175e-16,I372Y
-2.7239607941927373,1016.0,439.0,0.059203930222995874,7.3029965426858e-102,I372_
-0.12550848756932043,612.0,1644.0,0.05177956047345043,1.3680192360865373e-09,I375A
-0.22778750749273183,1208.0,2958.0,0.06789955627826824,8.673617379884035e-19,I375C
-1.070046315721303,932.0,1282.0,0.05797194166572569,8.673617379884035e-19,I375D
-0.2585817371209388,1108.0,2682.0,0.19803701959460998,2.7755575615628914e-17,I375E
0.006085323823168534,851.0,2480.0,0.1775956095624397,0.0,I375F
-0.08069700582222855,1160.0,3122.0,0.03605356441314708,3.5992318096839404e-13,I375G
-0.13897889389618684,867.0,2237.0,0.09899965514740361,0.0,I375H
-0.3463568965842042,508.0,1133.0,0.19926096497453608,0.0,I375K
-0.21132602539864126,1823.0,4637.0,0.19890521514545312,0.0,I375L
-0.08156749223095007,1446.0,3930.0,0.10050873458006539,3.469446951953614e-18,I375M
-0.28234341138289826,594.0,1422.0,0.21331845053820345,1.3877787807814457e-17,I375N
-1.6089089817957607,1694.0,1586.0,0.04586915514955585,2.168404344971009e-19,I375P
-0.38285406602300603,2000.0,4377.0,0.02883743479404977,4.2039585904684895e-43,I375Q
-0.024626706548442876,416.0,1169.0,0.09333106160323978,0.0,I375S
-0.06864763929502171,816.0,2241.0,0.045521968486266176,1.5224645177371043e-10,I375T
0.340981042307559,1725.0,6328.0,0.06854130210915026,0.0,I375V
-0.04867045696466832,1023.0,2891.0,0.07049547850230196,0.0,I375W
-0.25871534386286227,1925.0,4709.0,0.07353185741926353,3.469446951953614e-18,I375Y
-2.6311952883409466,1358.0,639.0,0.04991542027950769,0.0,I375_
-0.34437433780872484,372.0,859.0,0.08769165609461654,0.0,I53A
-0.17626894936102197,1106.0,2858.0,0.04983549208753601,0.0,I53C
-2.731164657529053,553.0,234.0,0.0802081957730332,7.917978563462614e-118,I53D
-2.1923272832419682,755.0,461.0,0.13627893593111115,3.469446951953614e-18,I53E
-0.22674881137496153,210.0,507.0,0.08446179338464463,3.796063116841623e-163,I53F
-0.21821058626731665,1152.0,2851.0,0.09816454234400569,6.938893903907228e-18,I53G
-0.6417781186054295,1071.0,2014.0,0.12433022339216447,0.0,I53H
-0.7240826123187777,339.0,579.0,0.15472231340500472,6.938893903907228e-18,I53K
-1.4341068651063447,2949.0,3156.0,0.16620130990583004,0.0,I53L
-0.0909002415238823,497.0,1325.0,0.0542761408644397,1.3698990973159081e-22,I53M
-0.3986510013000433,851.0,1868.0,0.04309885829729893,6.32428988094166e-34,I53N
-1.6468970894149733,630.0,582.0,0.13168260907267168,0.0,I53P
-1.1666584473055133,730.0,938.0,0.17021847752639008,0.0,I53Q
-2.6738807346990514,1351.0,605.0,0.050817897348380194,2.3160315495190405e-176,I53R
-0.06264550253722737,359.0,955.0,0.1741572448000703,0.0,I53S
-0.049134912520309486,323.0,891.0,0.08446194945033633,8.673617379884035e-19,I53T
0.15621071962036387,687.0,2179.0,0.16349537871901604,2.7755575615628914e-17,I53V
-0.7516922471729122,737.0,1269.0,0.04841371703806209,4.1560134462301744e-21,I53W
-1.0465380880581678,1127.0,1578.0,0.1343092919137572,0.0,I53Y
-2.3368928765944816,688.0,394.0,0.06529312081784794,3.480865122184781e-81,I53_
-0.10623325929122823,927.0,2481.0,0.048482230160082226,4.336808689942018e-19,I54A
-0.7191306021711296,672.0,1164.0,0.09437746127097331,1.734723475976807e-18,I54C
-2.45169814274704,131.0,70.0,0.1509522378424639,1.1930266653478393e-24,I54D
-0.35907684685321123,1384.0,3118.0,0.0855031476369919,3.469446951953614e-18,I54E
-1.0908091273538016,983.0,1338.0,0.04384999523754636,2.9347290333354837e-09,I54F
-1.0252273680445125,1111.0,1568.0,0.0841970556771497,0.0,I54G
-0.9666977132550693,499.0,750.0,0.24239824110343122,0.0,I54H
-1.5270801309110635,489.0,497.0,0.29065138883335934,0.0,I54K
-0.4028970558759002,971.0,2089.0,0.040586802999553286,1.6195454748802342e-46,I54L
-0.40071900156943,690.0,1479.0,0.12073609621772184,6.938893903907228e-18,I54M
-0.7163535952367639,536.0,938.0,0.05638689461797455,2.8962256063031123e-22,I54N
-2.560583143953378,1480.0,726.0,0.04725350237104489,3.9201556602846104e-212,I54P
-0.5182458458312437,1042.0,2148.0,0.05088603182353095,4.336808689942018e-19,I54Q
-2.6984611327304924,1285.0,559.0,0.05253431163688648,7.954631180313271e-108,I54R
-0.3439188493333681,719.0,1674.0,0.23599658301922616,0.0,I54S
-0.13256625798297803,767.0,1961.0,0.09092222411966056,1.734723475976807e-18,I54T
-0.010502274840434648,518.0,1471.0,0.13145779851019687,3.469446951953614e-18,I54V
0.6049402625042828,2564.0,11421.0,0.02374032061982231,1.6821458996379704e-85,I54Y
-2.6932566704709684,1134.0,514.0,0.05529891196430425,2.1604170167711816e-43,I54_
-2.4931029131545794,994.0,527.0,0.05582709657547065,2.136972696464415e-54,I5C
-1.5934796441420587,341.0,331.0,0.07988170797718863,6.851921039543048e-201,I5D
-1.6269129144707115,367.0,345.0,0.312306714456914,2.7755575615628914e-17,I5E
-0.3049894821119111,546.0,1237.0,0.05338304809555675,5.058470839174515e-38,I5F
-1.0973154005990287,961.0,1298.0,0.20142087381810211,0.0,I5G
0.2355380343972289,360.0,1219.0,0.09029300762880028,3.469446951953614e-18,I5H
-0.10459969127175177,439.0,1129.0,0.10838928055440586,0.0,I5K
-2.421663774348875,1453.0,779.0,0.04622493433434806,1.8339853442699836e-20,I5L
-0.6684965025007095,678.0,1214.0,0.04977439438803756,5.710732950396752e-35,I5M
-0.12513164415497072,410.0,1065.0,0.059936304944824055,6.305959847353588e-93,I5N
-1.0122692099840624,282.0,419.0,0.19862559513004782,1.3877787807814457e-17,I5P
-0.07212156360997594,869.0,2351.0,0.08168030856214192,0.0,I5Q
-0.1827325781392292,831.0,2135.0,0.042671327234921626,1.1664352964374457e-165,I5R
-0.63364522579167,865.0,1620.0,0.10263874796537045,6.938893903907228e-18,I5S
-1.2432821624912795,562.0,686.0,0.13898074136587685,0.0,I5T
-1.088774406783428,142.0,194.0,0.2753993262296863,0.0,I5V
-0.23532582539540273,950.0,2353.0,0.11596797747932255,0.0,I5W
-0.30777621648047215,1405.0,3263.0,0.0336500506117448,5.193568159189589e-12,I5Y
-2.5683217318456864,475.0,224.0,0.08335869692089355,1.7571818879962793e-97,I5_
-0.5537550990955544,570.0,1140.0,0.05335987102989906,3.6603687016099725e-74,I70A
-0.5414668149078014,499.0,983.0,0.12591180286393572,6.938893903907228e-18,I70C
-2.030572475630432,820.0,579.0,0.353279683752367,5.551115123125783e-17,I70D
-2.291292328543614,1011.0,604.0,0.13232273203448233,3.469446951953614e-18,I70E
-0.8907761045822828,716.0,1113.0,0.04986915852213528,9.532264790789598e-125,I70F
-0.3498545908312895,394.0,870.0,0.06298473692411782,3.624991114582099e-15,I70G
-2.3934326238375854,571.0,319.0,0.24478233993803392,4.163336342344337e-17,I70H
-2.632358128329536,930.0,432.0,0.08947852707578408,0.0,I70K
-0.6470661547906682,1026.0,1898.0,0.15320342037800747,0.0,I70L
-0.804468071560265,777.0,1295.0,0.07403841688718761,1.734723475976807e-18,I70M
-1.1195657825267675,427.0,557.0,0.06677942592268658,2.826014994312884e-86,I70N
-0.21522385165202182,354.0,895.0,0.08302270614928783,0.0,I70P
-2.2611400140487303,592.0,353.0,0.12202615571441591,0.0,I70Q
-2.821197248124161,750.0,314.0,0.08875448236062684,2.6020852139652106e-18,I70R
-1.1592868288854448,1448.0,1843.0,0.03700702852591596,4.0343072897814324e-77,I70S
-0.6270363062931456,650.0,1215.0,0.0640689237514209,1.734723475976807e-18,I70T
-0.11234156680294041,497.0,1312.0,0.05442448539444891,3.2912182788551294e-80,I70V
-1.2308233718141286,1057.0,1301.0,0.12856922550286076,0.0,I70W
-2.7780958348186835,203.0,89.0,0.13150061278166356,1.0543490421245122e-22,I70Y
-2.6598399452441,448.0,206.0,0.08626846744552175,1.804272753981214e-14,I70_
-1.3551945954636502,128.0,145.0,0.12453220502485876,2.7562119718316577e-79,I71A
-1.133519888490454,742.0,960.0,0.05098151225585212,9.572383175033596e-134,I71C
-2.3264595388201976,1264.0,719.0,0.1624397557805396,2.0816681711721685e-17,I71D
-2.2865016937312,663.0,399.0,0.19078473039668478,0.0,I71E
-1.214994459388694,935.0,1164.0,0.05143122373071567,3.4208746946262636e-14,I71F
-1.3333137099635808,561.0,633.0,0.14404663411832183,0.0,I71G
-1.9577040871523115,697.0,517.0,0.06009297917200437,2.6598281773968858e-42,I71H
-2.181226608423124,716.0,460.0,0.062248958395086325,5.210188413617048e-14,I71K
-0.8524925785972411,964.0,1510.0,0.08481554148181644,8.673617379884035e-18,I71L
-0.22511655501239008,544.0,1381.0,0.07092302057738231,1.734723475976807e-18,I71M
-1.4953664112859295,1008.0,1035.0,0.046181686760359456,4.5221567207569573e-41,I71N
-0.8473176615029715,795.0,1257.0,0.04730998399422325,2.260629604804565e-140,I71P
-1.0568182493332965,784.0,1095.0,0.1694973090624024,3.469446951953614e-17,I71Q
-2.8410081561144374,1172.0,457.0,0.11699148066488786,0.0,I71R
-1.780260694273782,420.0,342.0,0.07831333071494524,1.898753715129549e-08,I71S
-1.2144346398947228,501.0,621.0,0.2218438999352408,0.0,I71T
-0.7054025882756383,1060.0,1923.0,0.12445115020250225,0.0,I71V
-2.0193704063014875,881.0,625.0,0.054216093979451964,2.407523903380049e-12,I71W
-1.66843310922572,878.0,787.0,0.051294918228834654,7.995997593915398e-57,I71Y
-3.2616237496112035,87.0,24.0,0.23290209267191092,4.291943372186943e-18,I71_
-0.006055188782809365,426.0,1259.0,0.07552407735795108,0.0,I73A
-0.33477078403746435,705.0,1614.0,0.11128259620664827,3.469446951953614e-18,I73C
-0.9750961079821769,577.0,857.0,0.05576723439924672,5.901537895306848e-15,I73D
-0.7173615263436087,1017.0,1814.0,0.041168451256497804,3.649797776751331e-21,I73E
-0.39540095185130136,479.0,1043.0,0.12690611606951596,0.0,I73F
-0.47000414289245634,385.0,788.0,0.07619406462085271,2.6020852139652106e-18,I73G
-0.6743008122015932,256.0,471.0,0.4198124604757306,0.0,I73H
-1.5492894897066156,1270.0,1275.0,0.08075580465077764,1.734723475976807e-18,I73K
-0.2780623677474322,846.0,2018.0,0.06876325980046417,0.0,I73L
-0.23676934128455868,638.0,1557.0,0.048904083750622,7.889782486630197e-63,I73M
-0.38142476349954496,360.0,797.0,0.06548057486785562,1.556586181435237e-88,I73N
-1.3592652735148012,309.0,346.0,0.2509506797047079,1.3877787807814457e-17,I73P
-0.5877078613669076,647.0,1245.0,0.0504692870789289,1.0743960272503747e-94,I73Q
-1.8474290649796454,639.0,515.0,0.25786638758494657,2.7755575615628914e-17,I73R
-0.2278033848951071,229.0,571.0,0.08064015194357711,2.0724324494031419e-94,I73S
-0.6295406092346504,613.0,1131.0,0.08431117064319733,0.0,I73T
-0.01324255731090606,737.0,2089.0,0.044598654423224804,1.9130698351571455e-108,I73V
-0.9805998563896886,742.0,1101.0,0.1053106837131595,0.0,I73W
-0.41747929022754277,782.0,1665.0,0.06550160585707702,0.0,I73Y
-3.002267290819873,455.0,167.0,0.1112028201716766,2.42861286636753e-17,I73_
-0.21215457372462684,435.0,1101.0,0.05852442049134502,3.504720633397098e-184,I76A
-0.2951272469491449,499.0,1205.0,0.07000846460374928,8.673617379884035e-19,I76C
-1.1012789610415257,453.0,618.0,0.20807626986161076,0.0,I76D
-0.5384177991291792,587.0,1145.0,0.11407523020278505,0.0,I76E
-1.3990195055280288,1480.0,1650.0,0.0426504453183882,5.3348167897149246e-15,I76F
-0.4549183551816859,639.0,1362.0,0.07790879681508274,0.0,I76G
-1.1666825840660344,769.0,1009.0,0.0499585087038985,1.118565374319108e-179,I76H
-2.414699708002954,621.0,338.0,0.12980427938360894,3.469446951953614e-18,I76K
-0.43669654260089774,571.0,1194.0,0.052651634621017136,7.503345519890948e-23,I76L
-0.17178954324159032,372.0,956.0,0.06840521651393922,1.0408935237175843e-10,I76M
-0.6282396759228283,730.0,1326.0,0.04790645787290104,3.983203089492819e-49,I76N
-0.6226405798673174,524.0,966.0,0.056173791053476106,1.2290529159062127e-70,I76P
-0.47895251681273293,747.0,1507.0,0.06825659153856786,0.0,I76Q
-2.7485046626875143,379.0,161.0,0.13142621513571667,0.0,I76R
-0.25840754138676947,892.0,2189.0,0.13605254209850115,6.938893903907228e-18,I76S
-0.10653406566697664,613.0,1660.0,0.06450446719927404,0.0,I76T
0.0868339844781602,367.0,1062.0,0.06239351813722076,9.983227506266041e-187,I76V
-0.7344222543921173,785.0,1360.0,0.04666235428994732,2.6696868470685517e-42,I76W
-0.27965409236826544,577.0,1343.0,0.08690344558779367,3.469446951953614e-18,I76Y
-2.9899965590656854,655.0,241.0,0.12381683553822355,0.0,I76_
-2.2156698665082377,864.0,549.0,0.07101767947820199,0.0,K125A
-1.8436116868009247,541.0,443.0,0.2808770472330205,0.0,K125C
-2.423278965108007,931.0,508.0,0.11116159799330302,0.0,K125D
-2.5629975852519102,788.0,393.0,0.13284310971669896,0.0,K125E
-2.7241957796225,804.0,353.0,0.06678447836339199,9.234754498111991e-07,K125F
-2.4043957977443537,809.0,442.0,0.09908250290921258,0.0,K125G
-2.0430574330159104,540.0,390.0,0.06958739864897093,1.0345732003368222e-06,K125H
-2.427981089351394,1457.0,778.0,0.04637123593056384,1.6401355849558006e-168,K125I
-1.4422297792994727,967.0,1020.0,0.04700001514634977,2.184694633455908e-71,K125L
-1.7191576980115357,425.0,363.0,0.07408083200304515,2.179008923978236e-127,K125M
-2.110751002147352,760.0,512.0,0.0964266325017972,6.938893903907228e-18,K125N
-2.702218427608667,508.0,218.0,0.16390295623822881,0.0,K125P
-1.8827891490054478,848.0,672.0,0.05401757184250259,6.277678991862145e-08,K125Q
-0.5676987558769095,738.0,1422.0,0.05076925720559305,6.574043945935942e-11,K125R
-1.863533095294399,652.0,513.0,0.08000781436243487,1.734723475976807e-18,K125S
-1.5535936047454322,672.0,654.0,0.057184991930355825,6.292449803229552e-124,K125T
-1.5349617942333817,575.0,552.0,0.06157333141635575,1.5028224941985514e-10,K125V
-2.0441403362616724,575.0,390.0,0.0676544098654829,3.3048891890297063e-22,K125W
-2.3314086653539166,960.0,544.0,0.08599718357005401,0.0,K125Y
-3.027178679839587,528.0,188.0,0.16305192479702485,6.938893903907228e-18,K125_
-0.6016581118869058,820.0,1588.0,0.10289732649016352,0.0,K127A
-0.9058508422594419,649.0,976.0,0.05261848159743451,3.4691934316440407e-99,K127C
-2.5667778721690637,583.0,294.0,0.07388770925076515,6.825361391225029e-254,K127D
-1.6248669164513792,627.0,574.0,0.07621310421351447,0.0,K127E
-2.2297049602513703,1000.0,597.0,0.10669258803587213,3.469446951953614e-18,K127F
-1.681907469697261,562.0,497.0,0.06395004051294795,2.732329129269926e-142,K127G
-1.6308477396367567,597.0,569.0,0.06088626888535635,4.204096741605278e-226,K127H
-1.378958451926336,847.0,921.0,0.0730682198227315,8.673617379884035e-19,K127I
-1.1885063262950781,616.0,750.0,0.11434772827048924,0.0,K127L
-1.3031577048603,334.0,409.0,0.13034673873232863,0.0,K127M
-1.3794822747544848,544.0,562.0,0.06211075790744797,2.2351096638587452e-14,K127N
-2.1552558718560006,888.0,577.0,0.05578280618122707,9.188517870404994e-26,K127P
-0.2784029274748147,376.0,885.0,0.0637698271745008,1.371526068286405e-29,K127Q
0.02219013963099799,524.0,1441.0,0.1398939809347094,0.0,K127R
-0.9494827180106644,353.0,511.0,0.14356271529815412,0.0,K127S
-1.065112665500803,749.0,1039.0,0.14733782660072173,1.3877787807814457e-17,K127T
-1.1738922040158624,816.0,1014.0,0.04917231703349072,5.856197897728013e-46,K127V
-2.465007560013122,593.0,316.0,0.0717640286452864,9.67907676168589e-50,K127W
-1.760483250056462,876.0,742.0,0.0518280971064033,5.578264772138542e-20,K127Y
-3.0669596680889537,372.0,128.0,0.10568435895381782,1.3008507146722368e-23,K127_
-0.1312700202630062,669.0,1741.0,0.08981941483465773,5.204170427930421e-18,K181A
-0.2715831517065811,610.0,1427.0,0.050091824681387724,4.1707210181763715e-26,K181C
-0.41980075452331833,769.0,1667.0,0.045404191877190164,1.1013332237791959e-120,K181D
-0.24313127169087118,578.0,1398.0,0.051185093167871065,3.5453634812251455e-40,K181E
-0.3323328439181179,1010.0,2323.0,0.0734363334748948,8.673617379884035e-19,K181F
0.2685487589135244,1635.0,5739.0,0.12826754674418275,6.938893903907228e-18,K181G
-0.27024529153760557,671.0,1592.0,0.047952592381332586,5.921675570112287e-34,K181H
-0.21525916930715683,908.0,2219.0,0.09099952204190014,0.0,K181I
0.03252951792705894,693.0,2046.0,0.08727123298819438,5.204170427930421e-18,K181L
-0.06415025687491953,999.0,2707.0,0.05606720781704945,1.3010426069826053e-18,K181M
0.10467271612750206,649.0,1977.0,0.04688267627326856,1.4665273863069209e-86,K181N
-1.2903770332935198,853.0,999.0,0.1402480568284747,0.0,K181P
0.05343377246573715,748.0,2198.0,0.09734428158678665,3.469446951953614e-18,K181Q
-0.04594732827657089,1232.0,3428.0,0.03503469615948481,5.093934538806e-08,K181R
-0.18117379182953075,826.0,2109.0,0.0643435603921534,0.0,K181S
0.275935591153597,2777.0,9791.0,0.040825320231465706,0.0,K181T
-0.2765823923326846,1050.0,2510.0,0.0385203719684346,7.789390615052782e-162,K181V
-0.0364221345026903,1107.0,3062.0,0.03679369685750637,0.0,K181W
-0.09803739208970567,721.0,1934.0,0.07272456470641973,0.0,K181Y
-2.687667548667116,754.0,344.0,0.17519932815907607,0.0,K181_
-0.038238307169738465,1654.0,4586.0,0.030427332205126077,1.4548908120529638e-25,K182A
-0.7984912146241817,957.0,1564.0,0.04289087030784258,7.621278043113555e-71,K182C
-0.26973656109266697,403.0,1007.0,0.06114570087956345,3.216770738995594e-15,K182D
-0.1173144467500423,808.0,2131.0,0.04303891530156598,2.7540239002902405e-151,K182E
-0.1396622769891445,392.0,1017.0,0.12350400960136784,1.0408340855860843e-17,K182F
-0.3193974729503986,1373.0,3208.0,0.14133380433882206,0.0,K182G
0.007618750407385524,633.0,1804.0,0.0478332167441652,2.860731343123463e-35,K182H
-0.027398097483066704,483.0,1353.0,0.10263873827056574,0.0,K182I
-0.2137161102695291,1001.0,2533.0,0.03930261756486805,3.032706210072728e-07,K182L
-0.19596291235812763,469.0,1210.0,0.05627481797051828,5.88663655738e-312,K182M
-0.1424305211329415,644.0,1706.0,0.16223593917613963,0.0,K182N
-0.21978987275186707,1636.0,4048.0,0.031114841729712274,2.1842894468783022e-256,K182P
-0.7066764159242325,1645.0,2923.0,0.14378135915156057,0.0,K182Q
-0.28864789267012786,777.0,1832.0,0.056736698059270285,0.0,K182R
-0.22289169947586568,1163.0,2874.0,0.14957211570842113,2.0816681711721685e-17,K182S
-0.17990679017323558,995.0,2551.0,0.08554256726858862,6.938893903907228e-18,K182T
-0.3171787599088808,386.0,923.0,0.12020244142072219,1.0408340855860843e-17,K182V
-0.4490105679970061,586.0,1280.0,0.10985789128618026,6.938893903907228e-18,K182W
-0.10821316602624821,509.0,1354.0,0.12938868270580764,0.0,K182Y
-2.7175435399296926,720.0,295.0,0.2596266908723608,0.0,K182_
-0.25691357369009593,1116.0,2709.0,0.03729031851661787,6.5346504797751354e-37,K190A
-0.2715966829975243,767.0,1790.0,0.04501146435726433,1.236276869883403e-70,K190C
-0.013409343162398201,1091.0,3078.0,0.03694805728138139,6.227223962990373e-282,K190D
-0.1300105449952213,321.0,857.0,0.06728504639431256,1.392958249337784e-50,K190E
-0.424572313988079,811.0,1739.0,0.044268579169936234,3.388247364787448e-32,K190F
-0.17740605585200375,626.0,1616.0,0.0833246109983497,0.0,K190G
-0.05906548955280731,728.0,1987.0,0.04704562891059054,1.5789559131961645e-08,K190H
-1.2380924131654782,2594.0,3186.0,0.0284399116175672,1.1811114229048313e-163,K190I
-0.4627785768924417,1009.0,2136.0,0.09096987841512946,0.0,K190L
-0.08829208578989554,1011.0,2714.0,0.04157734874811687,3.4473626535878876e-11,K190M
0.0358517563122531,728.0,2127.0,0.04456296986948066,7.654884978675163e-30,K190N
-0.3428485384719225,1303.0,2970.0,0.06958557113294228,8.673617379884035e-19,K190P
-0.15051595633598933,1008.0,2631.0,0.03883981670946764,7.928663124799954e-64,K190Q
-0.40602119559081107,913.0,2002.0,0.04177812440624332,1.0742686902554357e-154,K190R
-0.22270215796998535,684.0,1664.0,0.13405802469713868,0.0,K190S
-0.0321719641305002,543.0,1527.0,0.07823506268152962,0.0,K190T
0.3195497462795422,1991.0,7196.0,0.027118706672047296,8.484962683343099e-284,K190V
-1.6474720505515843,873.0,823.0,0.11865345639439825,3.469446951953614e-18,K190W
-2.7708978653774756,535.0,223.0,0.24411241486602714,0.0,K190_
-0.2398161266873115,638.0,1600.0,0.05469607614524654,1.8415607580535287e-14,K198A
-0.3502363403050335,766.0,1703.0,0.15814982199265812,0.0,K198C
-0.27375938891071294,396.0,963.0,0.06145614302161029,5.796008478519791e-08,K198D
0.07240121245845259,826.0,2500.0,0.04186704453411573,1.2124008258026262e-72,K198E
-0.34519675740284284,764.0,1739.0,0.04514350838710231,7.237737563344006e-41,K198F
-0.023426611150903,509.0,1423.0,0.1950286612251709,2.7755575615628914e-17,K198G
-0.17075400832714685,1166.0,2996.0,0.03621809547696778,2.2805069448387027e-27,K198H
-0.2622627999822127,1235.0,2940.0,0.09535568597099066,3.469446951953614e-18,K198I
-0.28573491113674065,1280.0,3025.0,0.045004932955864815,0.0,K198L
-0.2662689832837795,676.0,1580.0,0.04786035401347132,3.1038479675184414e-48,K198M
-0.23887247224939692,722.0,1741.0,0.046031409007549054,2.6268876333940933e-137,K198N
0.015204459416690469,854.0,2489.0,0.04132145925878228,6.8643612065020575e-81,K198P
0.011302983417658818,709.0,2030.0,0.04539665780540763,6.326690806032322e-68,K198Q
-0.24918562570200883,1393.0,3387.0,0.03360510979412679,4.563872735934596e-116,K198R
-0.0033313939602234188,1602.0,4457.0,0.03090014726793064,2.2653400213058e-310,K198S
0.1227975533013887,835.0,2615.0,0.10630573610603213,0.0,K198T
-0.05770285942451343,834.0,2347.0,0.1640813968728983,6.938893903907228e-18,K198V
-0.390424597274975,1093.0,2446.0,0.052583083454772604,0.0,K198W
-0.270950337748379,535.0,1281.0,0.05341439336942415,2.2153019425328097e-99,K198Y
-2.8189872180605215,790.0,326.0,0.09553769073165487,3.469446951953614e-18,K198_
-0.2007225980344406,1182.0,2941.0,0.06691220636382493,1.734723475976807e-18,K202A
-0.21324965113304922,1219.0,3041.0,0.07488031177283129,3.469446951953614e-18,K202C
-0.6310417467208862,580.0,1092.0,0.1464543930715157,0.0,K202D
-0.3259762075371884,630.0,1457.0,0.1294809372313216,3.469446951953614e-18,K202E
1.2441431300016599,1558.0,10570.0,0.028708027282136027,1.475058043198815e-135,K202F
-0.3008754305742271,972.0,2309.0,0.19741522516362556,0.0,K202G
-0.08216342850903699,665.0,1792.0,0.04710905761267812,2.4201819069869508e-85,K202H
-0.4093534647999626,747.0,1579.0,0.046142004241105025,1.830892553448192e-26,K202I
-0.2520701457738853,452.0,1108.0,0.10523239612897685,5.204170427930421e-18,K202L
-0.1339658196327129,649.0,1646.0,0.04812292991457464,0.0,K202M
-0.39740983111319444,823.0,1786.0,0.16921351393820505,2.0816681711721685e-17,K202N
-0.46723459574730536,552.0,1102.0,0.05398265772038666,8.656655084991883e-70,K202P
-0.12363149808099232,1202.0,3173.0,0.03566603187678796,1.3199944577604248e-50,K202Q
-0.08643116502563,961.0,2620.0,0.03950482252401239,2.2912972618147955e-45,K202R
-0.23036742158404513,673.0,1649.0,0.04744989787632445,5.462354551364075e-35,K202S
-0.2897465822643533,931.0,2182.0,0.1475703295393878,0.0,K202T
-0.2913702453553891,918.0,2164.0,0.10742540188315874,6.938893903907228e-18,K202V
-0.10011258231918085,869.0,2278.0,0.04166651375145701,2.609224451136482e-50,K202W
-0.2866977127398542,474.0,1135.0,0.11354327064342247,0.0,K202Y
-2.741605499204042,616.0,273.0,0.11122557367051508,0.0,K202_
-0.1491806629121219,451.0,1171.0,0.25753313457085436,0.0,K232A
-1.0877783865285153,1067.0,1454.0,0.1811728351289631,0.0,K232C
-2.6161793396201993,620.0,293.0,0.07342219281487557,9.772906533412128e-47,K232D
-1.5127263304401635,930.0,944.0,0.0480965676825927,6.666258362850991e-10,K232E
-1.5817135141850367,30.0,28.0,0.6176796666643062,0.0,K232F
-1.597995393451376,661.0,620.0,0.1885631579729643,0.0,K232G
-0.6306375679054069,907.0,1665.0,0.04307963573190878,3.589639928096799e-60,K232H
-0.6945324926516312,543.0,987.0,0.05539844958044552,6.417120601411793e-97,K232I
-1.3129835350624826,1020.0,1190.0,0.044728377433639735,2.317612879745353e-103,K232L
-0.9360087464564559,922.0,1422.0,0.05758155825440355,0.0,K232M
-2.045834480980104,1238.0,845.0,0.04671892108409271,1.2317790028658071e-49,K232N
-2.738481053440063,1097.0,477.0,0.056640030528949205,1.0307020485686722e-12,K232P
-0.8339777813329717,755.0,1225.0,0.12114732809614748,0.0,K232Q
-0.026875204570021703,916.0,2571.0,0.06541229731858418,0.0,K232R
-0.8364394480246287,797.0,1284.0,0.047055116869652656,0.0,K232S
-1.2933753763484013,732.0,864.0,0.15300799754776362,0.0,K232T
-1.057439494029211,1046.0,1426.0,0.08200577462927629,1.734723475976807e-18,K232V
-2.035972345989312,1175.0,826.0,0.04752346447194402,7.885234079526921e-59,K232W
-2.7378323014907755,1446.0,648.0,0.15733993085338127,6.938893903907228e-18,K232Y
-2.768006283249421,1160.0,496.0,0.05569330290200125,6.979205871301013e-90,K232_
0.010062788977935768,1088.0,3156.0,0.060678938251602366,0.0,K238A
-0.2978367824575839,995.0,2324.0,0.05735289216230972,0.0,K238C
-1.0020385438815087,1915.0,2839.0,0.03146515048755288,2.2319867749956987e-16,K238D
-0.32597228409459594,1148.0,2710.0,0.03700845029182217,1.0917446724011702e-211,K238E
0.6571506572951102,892.0,4104.0,0.16496851573208166,0.0,K238F
-0.3604663020069533,642.0,1477.0,0.057789518129321614,5.204170427930421e-18,K238G
-0.512670891053644,1220.0,2451.0,0.05695075651840518,0.0,K238H
-0.7337672348254323,1176.0,2026.0,0.03845356223532406,2.845699421231144e-19,K238I
-0.5313159500341929,464.0,951.0,0.18638821184557872,0.0,K238L
-0.19869667836381627,1025.0,2567.0,0.03868795650880506,8.532142086824167e-131,K238M
-0.9434016352618483,1068.0,1623.0,0.041379370914765026,2.1165127040429544e-103,K238N
-0.5965904935554329,1342.0,2563.0,0.035506352372654926,1.0676936542593528e-59,K238P
-0.3398076977003698,739.0,1704.0,0.11219296958048626,3.469446951953614e-18,K238Q
-0.24036242911666728,857.0,2086.0,0.042312890275203074,1.5612607761944087e-94,K238R
-0.12140708669326561,925.0,2424.0,0.061962584369635754,0.0,K238S
-0.2836073345525618,1085.0,2565.0,0.06526193713794202,0.0,K238T
-0.2947299914742175,692.0,1605.0,0.11687742083173232,0.0,K238V
-0.4575419629417346,805.0,1655.0,0.05925934754426571,0.0,K238W
-0.6913016061513354,814.0,1454.0,0.04561972478499248,1.2907560241667594e-64,K238Y
-2.665208807796617,1482.0,677.0,0.04814961840287399,1.4809780963105982e-08,K238_
-0.18365644515110058,938.0,2398.0,0.14577766215664392,2.0816681711721685e-17,K261A
-0.25566657806096876,735.0,1785.0,0.04555009418926738,5.279628542066203e-48,K261C
-0.6284240882695243,876.0,1616.0,0.1264860312443167,3.469446951953614e-18,K261D
-0.8319725942980354,1284.0,2087.0,0.037276026879500664,2.1999193041297607e-11,K261E
-0.43997996282546564,884.0,1875.0,0.13423005227369222,0.0,K261F
0.8943721297719934,2059.0,11261.0,0.2357711586901751,0.0,K261G
-0.6157621788972804,1311.0,2467.0,0.0888824975064289,0.0,K261H
-0.523516324978505,1215.0,2423.0,0.03698798868030988,6.3e-321,K261I
-0.4553490526618247,862.0,1772.0,0.14438016263158185,6.938893903907228e-18,K261L
-0.15659390890589958,1049.0,2688.0,0.13160164382055442,6.938893903907228e-18,K261M
-0.7733552082885565,1720.0,2892.0,0.03233464193723809,3.313588460477448e-135,K261N
-0.4027575611135197,1596.0,3505.0,0.08131065871907733,5.204170427930421e-18,K261P
-0.1998303798046718,1514.0,3738.0,0.03228062067474277,2.3674489462053708e-92,K261Q
0.15308250714748342,619.0,1908.0,0.08918995325094549,1.734723475976807e-18,K261R
0.11750207931554942,4071.0,12645.0,0.022925243556156858,1.7638885144166672e-15,K261S
-0.3287129043795294,990.0,2256.0,0.05972579912736755,8.673617379884035e-19,K261T
-0.5669378855361461,68.0,136.0,0.37199706538216065,0.0,K261V
-0.6419512208406749,1595.0,2920.0,0.04101161750515228,1.0842021724855044e-18,K261W
-1.9312340572756315,3400.0,2579.0,0.10160746186111191,0.0,K261Y
-3.451703837334354,3212.0,825.0,0.09922867679385947,3.469446951953614e-18,K261_
-0.20385798952216913,1049.0,2639.0,0.14300394373264463,0.0,K264A
-0.755262965310012,2217.0,3764.0,0.07957620776341866,0.0,K264C
-0.2384368751353243,1027.0,2524.0,0.052725622498855804,4.336808689942018e-19,K264D
-0.566531933200492,1550.0,3010.0,0.11620899950617698,0.0,K264E
-0.22864156737924876,810.0,1972.0,0.043437563159056974,5.544467753823403e-44,K264F
-0.05696333117167917,1497.0,4121.0,0.05889945557157702,0.0,K264G
-0.9762622260142514,852.0,1231.0,0.046391928632917884,4.267547508538862e-09,K264H
-1.2809102753170443,1439.0,1717.0,0.047889785303908056,4.336808689942018e-19,K264I
-0.6027027860591851,700.0,1323.0,0.07577230087259697,0.0,K264L
-0.358484752611797,1030.0,2296.0,0.039334747831700274,5.55849166935518e-102,K264M
-0.11827021690788081,1181.0,3145.0,0.09680973142197541,6.938893903907228e-18,K264N
-1.1470896154439802,1295.0,1723.0,0.038750744698207766,3.5691858474590684e-166,K264P
-0.49972190455101495,1175.0,2427.0,0.03734050946701326,1.716119804290427e-83,K264Q
0.1291260182436519,1216.0,3843.0,0.03678983263013391,5.17535323895247e-10,K264R
-0.3567083622246021,1279.0,2902.0,0.05596083111191342,0.0,K264S
-0.159541051546295,1416.0,3637.0,0.04650765960400637,0.0,K264T
-0.9596885414097508,610.0,910.0,0.05428062576819343,4.632233998391219e-45,K264V
-1.667512400510095,991.0,907.0,0.04806067368746919,1.5462492138158722e-122,K264W
-0.4513685419277762,724.0,1565.0,0.05956902244425633,0.0,K264Y
-3.1310986187792498,1358.0,461.0,0.1764743214537889,0.0,K264_
0.2600629769995455,569.0,1905.0,0.059297992140823985,8.673617379884035e-19,K31A
-0.4217771984486444,955.0,2063.0,0.12335931857061488,0.0,K31C
-0.00662920570841716,379.0,1065.0,0.061555701329749794,3.208828729985416e-56,K31D
-0.15541941606299772,325.0,817.0,0.1262602144619326,6.938893903907228e-18,K31E
-0.2884234830255032,1021.0,2438.0,0.11141520307475741,0.0,K31F
0.038343320408338294,1088.0,3182.0,0.036805098785069386,3.616042857658034e-127,K31G
-0.3789805174743427,655.0,1497.0,0.0485961286329174,9.496518516388953e-24,K31H
-0.15747157359881306,475.0,1227.0,0.05578130779652946,3.696715118550275e-43,K31I
-0.25545130761222473,556.0,1341.0,0.06820509672132556,0.0,K31L
-0.11810619425446649,1007.0,2634.0,0.09384296788196654,0.0,K31M
-0.33638795762940116,771.0,1752.0,0.09162504648031451,5.204170427930421e-18,K31N
-1.716408965265445,2626.0,2386.0,0.16867369912352112,4.163336342344337e-17,K31P
0.002729904657728201,701.0,2000.0,0.0457350313714576,1.3053733449932854e-08,K31Q
-0.12808322815075712,552.0,1469.0,0.09373127929801506,1.734723475976807e-18,K31R
0.003371827570415233,473.0,1373.0,0.05513222825304577,1.418701420050206e-183,K31S
-0.06254635284235707,643.0,1744.0,0.04790678456349509,1.4092787196663034e-176,K31T
-0.18469067597957078,249.0,651.0,0.07656190932338611,3.6885016841672835e-91,K31V
0.1746152243517566,511.0,1668.0,0.05224190121008957,3.3928796838368945e-168,K31W
-0.30031793734643814,813.0,1896.0,0.04622708599209897,2.187709632591253e-09,K31Y
-2.779455116519743,594.0,250.0,0.27048643266874123,0.0,K31_
-0.08193357123463839,997.0,2748.0,0.06295913560540763,0.0,K377A
-0.06588369118498182,1363.0,3750.0,0.03342293302313942,1.6823486459554352e-49,K377C
-0.40318026116887135,1010.0,2223.0,0.039751840090830846,6.252555570542452e-199,K377D
-0.16086347125360567,975.0,2525.0,0.03948939275330971,1.3870304924016056e-101,K377E
-0.14271882996190305,825.0,2163.0,0.15692893645183165,6.938893903907228e-18,K377F
0.23567080359264372,1137.0,3842.0,0.15194525724538196,0.0,K377G
0.0011423303132667478,1234.0,3614.0,0.05145720110005058,4.336808689942018e-19,K377H
-0.17296385470515058,1176.0,3014.0,0.03620055008527332,3.062230217253005e-35,K377I
-0.22921255340780297,862.0,2152.0,0.09724841037266906,1.734723475976807e-18,K377L
-0.08743453231714023,1149.0,3108.0,0.03738094189930922,2.3712515925393722e-08,K377M
-0.13431716806170185,1239.0,3313.0,0.12176936553274431,0.0,K377N
-0.74351284977719,2730.0,4714.0,0.0964652807316197,0.0,K377P
0.31127860742052754,1383.0,4932.0,0.08096721189721331,1.734723475976807e-18,K377Q
0.010704214183774012,1332.0,3919.0,0.07132501043449431,0.0,K377R
-0.1761419265639872,1079.0,2778.0,0.037685525662432794,1.2022643484688032e-45,K377S
-0.20050594902418412,865.0,2144.0,0.1592563376245943,6.938893903907228e-18,K377T
-0.32926874384854454,1123.0,2605.0,0.05688615671057473,8.673617379884035e-19,K377V
-0.04588730831309336,1336.0,3716.0,0.07941659839437337,5.204170427930421e-18,K377W
-1.1223762421921155,1423.0,1918.0,0.03702089572438092,1.3509822982117193e-18,K377_
-0.1701578527178917,1844.0,4740.0,0.044313090916586396,4.336808689942018e-19,K382A
-0.13770054127984424,1692.0,4466.0,0.03989803686219924,0.0,K382C
-0.3486801489706948,1118.0,2595.0,0.03867456395359272,2.658407099629615e-08,K382D
0.23125975808901197,1742.0,5946.0,0.08583018254404558,5.204170427930421e-18,K382E
0.04767053470648871,1006.0,3005.0,0.04361373031147093,1.0431109101483038e-15,K382F
-0.11348594122136359,1195.0,3213.0,0.03564016218760208,2.334931325212056e-226,K382G
0.19058470459189972,920.0,3030.0,0.04315735711134757,1.4656595164960762e-12,K382H
-0.324280807057033,444.0,996.0,0.05886289970464566,2.687187767500493e-34,K382I
-0.09011938598716657,1135.0,3071.0,0.07884234283126994,0.0,K382L
-0.05720328280133417,948.0,2599.0,0.039656952606869245,1.3929229173164313e-222,K382M
-0.024074937596883183,1232.0,3555.0,0.14913546061934188,0.0,K382N
-0.20301131875662962,1334.0,3366.0,0.10942385580705227,0.0,K382P
-0.11983110574188562,1968.0,5189.0,0.028344839878140467,8.464645221459687e-56,K382Q
0.0720029080244888,1589.0,4790.0,0.06148703860405613,0.0,K382R
-0.11252182487661519,1154.0,3076.0,0.08125730454798576,3.469446951953614e-18,K382S
-0.13086703619621867,2296.0,6066.0,0.035239752313853887,2.168404344971009e-19,K382T
-0.03622503658490991,1083.0,2978.0,0.03720904301129391,5.2297225067028024e-257,K382V
0.17735862216215123,1700.0,5617.0,0.03227289952315245,2.2770784823683554e-12,K382W
-0.1303668459003578,1373.0,3580.0,0.03357434164673222,9.140574475696194e-13,K382Y
-0.36595533344789993,1255.0,2817.0,0.09787820353160603,0.0,K382_
-0.10932426202519874,953.0,2531.0,0.039830459636701086,8.215099509495983e-15,K384A
-0.1377201603853083,887.0,2304.0,0.041217957585991616,1.3496185393359522e-80,K384C
-0.1058554374768763,610.0,1641.0,0.07779028726084719,2.6020852139652106e-18,K384D
-0.10810326672494033,1087.0,2833.0,0.13258673475733648,0.0,K384E
-0.192968781602062,1365.0,3421.0,0.03729025898964901,4.968418254938656e-13,K384F
-0.24724074195884418,2831.0,6891.0,0.024287292170671264,2.4017153912056155e-26,K384G
0.009847896457977876,173.0,482.0,0.09085679880855077,2.2599675794679335e-195,K384H
-0.28959071001713216,1358.0,3251.0,0.03409390007497508,1.907561885863357e-117,K384I
-0.23567855069958407,1435.0,3524.0,0.07159264428909226,0.0,K384L
-0.2930027500479333,1029.0,2434.0,0.1959116860520886,0.0,K384M
1.345751971800442,1008.0,7461.0,0.034987630159286735,5.661639858388533e-53,K384N
-0.08609423102382292,828.0,2181.0,0.0425665626245124,2.532296349169509e-163,K384P
0.014509216708088237,929.0,2779.0,0.17821895937988097,0.0,K384Q
-0.08098491784789265,1041.0,2813.0,0.05738565583997563,4.336808689942018e-19,K384R
-0.11794973912606198,1212.0,3197.0,0.035467584768858834,2.243896424581473e-143,K384S
0.4732105247958328,2420.0,9738.0,0.02455327612279324,6.037522878212203e-29,K384T
-0.25190907468609547,1618.0,3988.0,0.186114418982978,4.163336342344337e-17,K384V
-0.22841074732868943,1613.0,4009.0,0.11514103287911227,0.0,K384W
0.050160666046696806,1276.0,3847.0,0.11169893900639635,3.469446951953614e-18,K384Y
0.015023978123072372,1509.0,4417.0,0.17789274017697254,0.0,K384_
-3.3625604062836083,1687.0,473.0,0.05365388142303064,2.6835953035082175e-45,K3A
-1.2136005412850404,765.0,963.0,0.1588685598712444,0.0,K3C
-0.18780716708080492,211.0,540.0,0.08321457118376821,4.894501644092911e-43,K3D
-0.3833332156011938,756.0,1700.0,0.19089101920996868,0.0,K3E
-0.20600772185920346,628.0,1518.0,0.0633018796932129,0.0,K3F
-1.6418530373854736,1567.0,1447.0,0.039791738546577284,2.7035449692001425e-08,K3G
-0.02613651668363315,183.0,524.0,0.3342716791025856,0.0,K3H
-0.5525719774650569,546.0,1073.0,0.073235374442035,2.6020852139652106e-18,K3I
-2.752445685435737,1049.0,447.0,0.058460792932207684,1.4562899238144884e-225,K3L
-1.1014705026331457,738.0,1003.0,0.050466910245122766,3.933740172765414e-70,K3M
-0.16412936515815127,507.0,1282.0,0.05428828196348741,7.183335475349601e-207,K3N
-2.7706589181821335,508.0,211.0,0.28908504811713875,2.7755575615628914e-17,K3P
-1.5886435673829278,1819.0,1734.0,0.12041484843901949,0.0,K3Q
0.16648254252126882,1065.0,3463.0,0.03670203765493211,2.2339045457646763e-169,K3R
-0.3755521606750457,1897.0,4218.0,0.08319159024833422,1.734723475976807e-18,K3S
-0.6432806329228158,692.0,1258.0,0.1564575050988141,6.938893903907228e-18,K3T
-2.695155558299213,760.0,344.0,0.13717226495015458,0.0,K3V
-0.8084240980801073,378.0,624.0,0.08110305207839379,8.673617379884035e-19,K3W
-0.06583343121942754,710.0,1904.0,0.07404253175248102,0.0,K3Y
-2.7658592958942285,741.0,320.0,0.0689446321321811,4.295467264263485e-96,K3_
0.11105698125618331,378.0,1089.0,0.32451444444334626,0.0,K64A
-0.4552211256013056,711.0,1573.0,0.047013079566172,2.1378359103270316e-84,K64C
-0.8221066904635713,1110.0,1820.0,0.08502228794442698,3.469446951953614e-18,K64D
-0.35812653527277066,694.0,1554.0,0.2311220310581431,0.0,K64E
-0.5239457635473771,517.0,1062.0,0.06570668332819951,3.469446951953614e-18,K64F
-0.23215446849935917,436.0,1069.0,0.05897944659570776,3.426070057530847e-08,K64G
0.05427250114050663,395.0,1149.0,0.05996033872525582,1.72641378617746e-07,K64H
-0.20198802891583692,1149.0,2901.0,0.05004665908693468,0.0,K64I
-0.22872690430141818,1046.0,2563.0,0.04850960388500427,2.168404344971009e-19,K64L
-0.2957526655632016,796.0,1887.0,0.07518937180718803,1.734723475976807e-18,K64M
-0.3677781132931915,312.0,686.0,0.07041906000951816,1.0766387199617583e-252,K64N
-0.6368689099823784,999.0,1810.0,0.0814887234194675,5.204170427930421e-18,K64P
-0.022573087399254215,903.0,2576.0,0.040307006764195505,1.2580758758983253e-16,K64Q
-0.03787559509154159,418.0,1185.0,0.05866000975050655,9.053766299764828e-87,K64R
0.6219926255808405,1520.0,6650.0,0.050821635367344166,1.734723475976807e-18,K64S
-0.012162767196565795,570.0,1631.0,0.05052989330032014,3.8442145536670485e-29,K64T
-0.328581741423633,504.0,1182.0,0.054952644833406075,9.846872454104031e-17,K64V
-0.5190616653069678,764.0,1509.0,0.06479130123395024,8.673617379884035e-19,K64W
-0.08328334444094804,896.0,2463.0,0.11979440558801027,0.0,K64Y
-2.6878726161073923,662.0,297.0,0.12004105072785877,1.0408340855860843e-17,K64_
-0.563801875060499,988.0,1983.0,0.16178767305575661,6.938893903907228e-18,K67A
-0.41458763985915564,1019.0,2244.0,0.06414367433423382,0.0,K67C
-1.090234967539393,736.0,1000.0,0.05095763021463044,4.824111853942727e-07,K67D
-1.3258716910482709,1983.0,2345.0,0.05422579949006699,0.0,K67E
-0.5056742368375953,453.0,924.0,0.1408294963851134,6.938893903907228e-18,K67F
0.2733752699294244,791.0,2768.0,0.09157237944535818,1.734723475976807e-18,K67G
-0.21579954136850435,197.0,472.0,0.08709735906876225,4.10664653562609e-157,K67H
-1.8516551770196303,511.0,409.0,0.06857201519458692,1.2171127512759493e-64,K67I
-1.6378340463162095,698.0,659.0,0.1727159992326275,0.0,K67L
-0.26638931916215336,284.0,727.0,0.0720811947747649,9.637237901643017e-194,K67M
-0.6785049348809632,810.0,1419.0,0.05473387864424461,8.673617379884035e-19,K67N
-0.20228006186073005,341.0,851.0,0.0661992600715567,5.693745790135335e-102,K67P
-0.8814733803859109,1202.0,1860.0,0.05651432583642542,0.0,K67Q
-0.41377916139374193,568.0,1249.0,0.0872217697947101,0.0,K67R
-0.34975411984458044,236.0,530.0,0.08033029005738959,6.708527062241336e-47,K67S
-0.74377397379899,542.0,927.0,0.05620719974468179,2.774496653247099e-98,K67T
-1.610220143916745,705.0,655.0,0.1251027231450546,1.0408340855860843e-17,K67V
-1.6612039451979699,616.0,556.0,0.0607222931318717,1.0434087834426812e-201,K67W
-0.21684728058553382,88.0,215.0,0.16780811617196378,0.0,K67Y
-3.5497451364516888,1433.0,347.0,0.07940612837038966,0.0,K67_
-1.933037330583655,5164.0,3940.0,0.06763967944906545,0.0,K68A
-0.6919736363677229,689.0,1224.0,0.04962341535740672,7.39892942163056e-134,K68C
-0.18575794110032418,561.0,1378.0,0.20999369440562662,0.0,K68D
-1.0072559128316931,460.0,632.0,0.06362192944729332,1.4808885422292635e-90,K68E
-0.47509049139763376,635.0,1302.0,0.05496426131158447,4.433139402446051e-12,K68F
-0.5804144114791916,348.0,653.0,0.06853217789754379,2.2326953528652963e-193,K68G
-0.10263972671894762,176.0,460.0,0.09112545974554169,4.0670351886657834e-126,K68H
-0.2055093324903057,980.0,2461.0,0.039493455136838315,8.341434037485691e-73,K68I
0.06289343721672475,1263.0,3835.0,0.049536249189506484,0.0,K68L
-0.5137958735715886,749.0,1517.0,0.04657009337635703,8.966429582166469e-141,K68M
-0.23754711564934802,949.0,2289.0,0.040376029919076024,0.0,K68N
-0.44829099949040346,619.0,1323.0,0.050562858012746896,5.762217662387236e-132,K68P
-0.0044812403673435116,888.0,2516.0,0.07925317380335908,1.734723475976807e-18,K68Q
-0.47639578642051744,751.0,1520.0,0.08528686752259768,3.469446951953614e-18,K68R
-0.37791139866490614,788.0,1681.0,0.07474359702528983,0.0,K68S
1.1409040329503302,1173.0,7728.0,0.03284140737226637,5.798919606457035e-71,K68T
-0.4965229852138689,519.0,1077.0,0.06993157898060758,0.0,K68V
-1.035211008773123,624.0,890.0,0.07676343367718841,0.0,K68W
-0.3726933918714695,359.0,806.0,0.10366539721186706,0.0,K68Y
-2.4806228815489235,969.0,495.0,0.05920816491774901,3.02525981276747e-08,K68_
-0.6024489057256731,268.0,494.0,0.07835371711916043,8.386495267169357e-131,L115A
-0.4664537036130393,753.0,1513.0,0.13807688397946466,0.0,L115C
-1.6164355145906866,145.0,138.0,0.12511726584200444,3.59813755200283e-07,L115D
-1.4574493008124123,422.0,448.0,0.07013546528322272,3.772444739157693e-82,L115E
-0.44952037693496233,377.0,805.0,0.21020142310055182,1.3877787807814457e-17,L115F
-1.6010198246060712,336.0,313.0,0.1336898549228145,1.3877787807814457e-17,L115G
-0.2696207732675015,526.0,1208.0,0.09713926556912963,0.0,L115H
-0.4028683277719541,479.0,1076.0,0.05708182103830093,1.6144417897784747e-22,L115I
-0.39920178489829794,276.0,590.0,0.29518153824598287,2.7755575615628914e-17,L115K
-0.1843711928990975,290.0,746.0,0.12290617728910563,0.0,L115M
-1.3092271267512086,288.0,341.0,0.19370497964053865,0.0,L115N
-2.6581125963542576,840.0,381.0,0.09958013877122138,0.0,L115P
-0.47616021382165624,450.0,936.0,0.059432072030599185,3.352046428204416e-158,L115Q
-0.9237044641702471,319.0,506.0,0.07383238812757635,1.4247525632867887e-124,L115R
-0.48912218953548314,214.0,441.0,0.132976461985858,0.0,L115S
-0.4773117002548036,209.0,438.0,0.08631373237949672,6.597512636822441e-57,L115T
-0.9316942250299836,788.0,1196.0,0.0480307777047262,6.435690083765487e-15,L115V
-1.3583849549643956,237.0,280.0,0.09124485665311248,1.7666895239504868e-213,L115W
-1.1039684307962812,498.0,666.0,0.061239223589419155,2.6034185071791355e-18,L115Y
-2.8756336860285274,672.0,264.0,0.12994319065938587,0.0,L115_
-0.6447981970369786,237.0,413.0,0.14274637234045937,6.938893903907228e-18,L142A
-0.41115178069920433,443.0,977.0,0.1389422578604747,1.3877787807814457e-17,L142C
-2.8906629570816063,704.0,276.0,0.10803405563036327,0.0,L142D
-2.7709649214680145,801.0,339.0,0.20578314649779553,1.3877787807814457e-17,L142E
-0.33891051949324114,529.0,1180.0,0.08288769644457006,0.0,L142F
-0.704893769587299,884.0,1542.0,0.08412771683269556,3.469446951953614e-18,L142G
-2.342273190106868,765.0,439.0,0.10293908783109335,3.469446951953614e-18,L142H
-0.3608837446978774,551.0,1241.0,0.053029403652768134,6.621581848447216e-92,L142I
-2.7381909028952656,547.0,237.0,0.09553279807937576,0.0,L142K
-0.43619110352773016,940.0,1967.0,0.07094807363178525,0.0,L142M
-2.0245255256369754,497.0,355.0,0.08078119048775881,3.311587115639725e-14,L142N
-1.9479206023957105,546.0,422.0,0.12515664840817592,0.0,L142P
-2.299540180362484,264.0,149.0,0.10604853354708248,6.323200118518512e-49,L142Q
-2.699632961335532,526.0,245.0,0.3059996655838956,0.0,L142R
-1.6815352358611977,1061.0,935.0,0.06121219568672558,0.0,L142S
-0.07578639342614128,1189.0,3267.0,0.1635695158723964,1.3877787807814457e-17,L142T
-0.1588493579256079,618.0,1615.0,0.18812556647447276,2.7755575615628914e-17,L142V
-1.343431961694928,560.0,628.0,0.06403860756214019,2.8487788292621066e-09,L142W
-2.4439797097496037,800.0,439.0,0.0677957592256599,7.788556475110675e-12,L142Y
-2.6379051888722325,798.0,369.0,0.0653075488331968,8.720303499744768e-35,L142_
-0.31514743111251287,840.0,1914.0,0.04328263382663942,2.31089422093368e-25,L14A
0.09973763150904802,458.0,1399.0,0.1290867346316725,1.3877787807814457e-17,L14C
-0.2656853044807031,795.0,1890.0,0.0439900224363856,1.0173264309132542e-46,L14D
-0.29105367259482084,855.0,2089.0,0.07997221607212683,0.0,L14E
-0.40051837303686133,726.0,1574.0,0.051197074718178276,8.919216385426532e-12,L14F
-0.359191934638634,562.0,1263.0,0.0710392628823557,0.0,L14G
-0.24971507342163324,757.0,1867.0,0.047632519344498664,3.756842468409863e-10,L14H
-0.8496700162604988,503.0,808.0,0.1247231755460348,0.0,L14I
0.011337565575754287,52.0,154.0,0.16549108325602316,3.3962373520318296e-24,L14K
-0.36571188762648416,409.0,930.0,0.06158344718209532,3.221393703809049e-15,L14M
-0.23707231421839392,704.0,1723.0,0.06487523200437074,0.0,L14N
-2.200018213739458,378.0,230.0,0.08593311138120467,9.055207885092101e-38,L14P
-0.22028174417884452,1070.0,2571.0,0.07212004380338789,0.0,L14Q
-1.8670999858536268,541.0,414.0,0.15343129948353268,6.938893903907228e-18,L14R
-0.3657898108803168,588.0,1330.0,0.23768318133141314,0.0,L14S
-0.26635091857522925,641.0,1527.0,0.0490318990345203,4.686222119615732e-15,L14T
-0.5387188041701904,178.0,355.0,0.12115459652605585,0.0,L14V
-1.7203206755842908,366.0,320.0,0.12078778710166221,0.0,L14W
-1.6027663062165323,350.0,319.0,0.14499322281009497,0.0,L14Y
-2.81921604390626,347.0,143.0,0.1026517294340376,4.323395781825982e-32,L14_
-0.42961909974563073,586.0,1269.0,0.051707341731449474,4.443004471980507e-17,L165A
-0.32273896998899687,1371.0,3194.0,0.17800633535648744,2.7755575615628914e-17,L165C
-0.5067007482727267,428.0,832.0,0.061474441976679575,7.763508901859812e-137,L165D
-0.5945813731771319,947.0,1795.0,0.04197210526239592,1.7054459137333367e-70,L165E
-0.3522905481516911,420.0,958.0,0.06038386998003199,4.4971194700206624e-51,L165F
-0.4441110341387578,737.0,1556.0,0.06241349039064288,0.0,L165G
-0.5764909918043084,934.0,1843.0,0.045866904888605974,2.877537184226009e-12,L165H
-0.2911994601719318,469.0,1062.0,0.11810452300295944,0.0,L165I
-1.2167370753268627,668.0,850.0,0.0658958179447531,0.0,L165K
-0.40230349990619996,1034.0,2224.0,0.06573555586522106,0.0,L165M
-0.047139529273207456,545.0,1489.0,0.05185276140200611,2.7706418502249244e-224,L165N
-2.9465309705580367,587.0,221.0,0.08138123902963193,8.587229813197627e-79,L165P
-0.42825929785038097,733.0,1542.0,0.1548374439906825,0.0,L165Q
-2.8124292314499004,970.0,397.0,0.26053377301053016,5.551115123125783e-17,L165R
0.5886830612154673,1204.0,5287.0,0.14158049450684992,6.938893903907228e-18,L165S
-0.23202050168015378,526.0,1264.0,0.053687969238360014,8.63591486645626e-103,L165T
-0.20642708778106159,868.0,2142.0,0.07013791377674636,0.0,L165V
-0.9616218015399081,1183.0,1752.0,0.15361933297061622,2.0816681711721685e-17,L165W
-0.6763107967165197,871.0,1586.0,0.04415109839201806,4.607913105845416e-59,L165Y
-2.8293629694274953,462.0,190.0,0.08854146830633818,1.592566496696128e-132,L165_
-0.022069075249674486,565.0,1623.0,0.1527949857830131,0.0,L168A
-0.14974055890610782,766.0,2051.0,0.04410003089369823,3.65903449436561e-213,L168C
-0.9001090974426724,526.0,835.0,0.1464227926011785,0.0,L168D
-0.37115480204647966,567.0,1283.0,0.05227850083492693,5.615032689867296e-112,L168E
0.040169911855539135,477.0,1445.0,0.0934622941604965,0.0,L168F
-0.09896252092699712,471.0,1293.0,0.10146038414070273,3.469446951953614e-18,L168G
-0.08154467313178458,584.0,1594.0,0.1164641942925874,0.0,L168H
-0.01741822809722212,585.0,1632.0,0.05005388211614268,4.9202747673632825e-28,L168I
-0.14867598868740323,613.0,1612.0,0.06359762494795665,4.336808689942018e-19,L168K
-0.06226185239789993,682.0,1880.0,0.09328034298143642,0.0,L168M
-0.22876266322007435,983.0,2443.0,0.1217240001015869,0.0,L168N
-0.10241614980288855,892.0,2403.0,0.13805117766856462,0.0,L168P
0.07818412890910342,976.0,3034.0,0.06062294483073912,1.734723475976807e-18,L168Q
-2.1908231556866578,533.0,337.0,0.26540136876279496,2.7755575615628914e-17,L168R
-0.3366958922214566,654.0,1510.0,0.08491250549939476,1.734723475976807e-18,L168S
-0.31511269751055077,1003.0,2326.0,0.039497664220636476,1.1599257156482788e-34,L168T
-0.26938627227369394,608.0,1435.0,0.12914648183988556,0.0,L168V
-0.11305137354897442,982.0,2604.0,0.1210035095438588,0.0,L168W
-0.22993852242185392,685.0,1705.0,0.04701717845591743,2.899992096520055e-153,L168Y
-2.7851065707638676,775.0,335.0,0.06772957628393617,2.210345492259508e-43,L168_
0.015412595204606055,722.0,2122.0,0.0829914785016291,1.734723475976807e-18,L176A
-0.4601683107738125,751.0,1597.0,0.04603748149538063,2.6051203554292045e-58,L176C
-0.27702428620765157,525.0,1208.0,0.05544138214051873,2.6863953381020523e-07,L176D
-0.24736752101186238,436.0,1031.0,0.0922668946217881,0.0,L176E
-0.1888130917632051,755.0,1863.0,0.045805945650920346,1.2820279898627255e-07,L176F
-0.32317991912028177,727.0,1721.0,0.04604271975435011,6.415552874637557e-171,L176G
-0.17545861672371685,111.0,288.0,0.27764621649303617,0.0,L176H
-0.8533008214068584,387.0,614.0,0.2425332069726397,4.163336342344337e-17,L176I
0.18146168470807186,367.0,1168.0,0.23724309425349965,0.0,L176K
0.007109591478839394,919.0,2684.0,0.08706733140577069,0.0,L176M
-0.25525017325978805,1295.0,3173.0,0.034721223549694744,1.9938025048278304e-47,L176N
-1.1007034134039637,544.0,736.0,0.277285224517099,0.0,L176P
0.043549025778733555,236.0,714.0,0.12449397743956575,0.0,L176Q
0.22861079738707432,167.0,553.0,0.09044843819176179,0.0,L176R
-0.030381523881433718,958.0,2724.0,0.03935789203076363,3.497291797705612e-21,L176S
-0.4954948504361498,872.0,1722.0,0.05721198286000682,0.0,L176T
-0.44403640237759523,572.0,1218.0,0.09567273933569528,1.734723475976807e-18,L176V
-0.4420626963983312,854.0,1758.0,0.0615390246369877,0.0,L176W
0.07849156804178185,630.0,1858.0,0.06724465474980083,0.0,L176Y
-2.8462277950571107,683.0,280.0,0.11664647717605507,0.0,L176_
-0.2540956530254481,510.0,1208.0,0.05474482244218151,2.00161615439695e-106,L17A
-0.34858303067026336,1095.0,2413.0,0.07446984109127895,1.734723475976807e-18,L17C
-2.115281454019289,332.0,211.0,0.1323281493808144,0.0,L17D
0.03837211939309453,1772.0,5294.0,0.029239210518760394,2.560203104675329e-264,L17E
-0.412731789179142,607.0,1335.0,0.18296346697097135,0.0,L17F
0.26600542686341594,144.0,494.0,0.09730459704459499,2.608844550742408e-35,L17G
-1.7020035092955637,530.0,474.0,0.06552103468044267,3.664142648501699e-162,L17H
-0.6535423254739693,402.0,746.0,0.26702441382305697,0.0,L17I
-1.8082349974070056,498.0,408.0,0.2777250868553177,0.0,L17K
-0.5096875554764649,1131.0,2345.0,0.03803309937998112,1.8687031534926024e-183,L17M
-0.561612386250902,596.0,1159.0,0.18754312112648844,0.0,L17N
-2.6285281237884277,1107.0,532.0,0.10966480588112933,0.0,L17P
-1.3394597673015363,847.0,953.0,0.13157614423344582,1.3877787807814457e-17,L17Q
-2.687321784930977,935.0,408.0,0.06165893272580992,1.7769057314618562e-07,L17R
-1.0359694191117834,596.0,834.0,0.08548203943618435,1.734723475976807e-18,L17S
-0.48637436935679673,263.0,555.0,0.2653083194029,2.7755575615628914e-17,L17T
-0.3742787499819144,1207.0,2671.0,0.08628091926820541,0.0,L17V
0.05187468937452201,550.0,1649.0,0.05098442850890853,1.2902312748252596e-294,L17W
-0.961873106169561,546.0,794.0,0.10717928834189551,0.0,L17Y
-3.069246576990386,1988.0,681.0,0.09422858328202696,1.734723475976807e-18,L17_
-0.08294341265666413,500.0,1391.0,0.1179620188973594,0.0,L191A
0.096299394167458,595.0,1787.0,0.049150890532949194,7.115542424248257e-22,L191C
-0.023507808531772503,860.0,2416.0,0.05399770643993477,1.3010426069826053e-18,L191D
-0.06993715455077235,821.0,2185.0,0.042746223861803774,6.2971619545716924e-27,L191E
-0.29153289610919225,1181.0,2806.0,0.09655281710137067,0.0,L191F
-0.04707153123472975,942.0,2650.0,0.059105358260554706,0.0,L191G
0.0011423455129497924,820.0,2382.0,0.10288596481903073,0.0,L191H
0.02987447513889761,508.0,1485.0,0.1335101554147331,0.0,L191I
-0.01508216030569702,262.0,755.0,0.19346967680835575,1.3877787807814457e-17,L191K
0.723900233827,830.0,4038.0,0.08886240160370859,1.734723475976807e-18,L191M
0.0904686919103092,395.0,1210.0,0.059783102842370574,4.0116917528811655e-180,L191N
-0.15480048029466056,573.0,1527.0,0.050832324424054116,6.054401359347086e-160,L191P
-0.13848001887168912,1056.0,2752.0,0.03800121142675089,2.847893759989227e-44,L191Q
0.24063595717774564,783.0,2631.0,0.04243140316758931,4.203161058165893e-18,L191R
-0.02013463965016817,773.0,2140.0,0.07618007754843162,8.673617379884035e-19,L191S
0.7545953575097953,1088.0,5294.0,0.03488324466394142,7.035775852034613e-09,L191T
-0.08561646389567368,785.0,2119.0,0.0434137119625061,5.548361144628709e-09,L191V
-0.5441276769214786,655.0,1305.0,0.05173525408247242,3.445086861885447e-08,L191W
-0.2188084616180202,900.0,2254.0,0.1746459707898906,1.3877787807814457e-17,L191Y
-2.7524237196347725,421.0,172.0,0.15975723412454929,6.938893903907228e-18,L191_
1.8664487236780825,1643.0,17549.0,0.02734434608493417,4.952665967548843e-17,L195A
-1.091740020783926,1136.0,1525.0,0.1283997725056857,1.3877787807814457e-17,L195C
-0.14656766790666048,604.0,1594.0,0.1464555567319416,6.938893903907228e-18,L195D
-0.0010849261000821023,407.0,1199.0,0.1363954722914142,0.0,L195E
-0.06632484030541853,714.0,1990.0,0.0674716272049379,0.0,L195F
0.0918396522745673,872.0,2672.0,0.0895267010655614,0.0,L195G
-0.04320665006601562,478.0,1305.0,0.1312652851152203,0.0,L195H
-0.2001326279399389,870.0,2155.0,0.11576098033147235,0.0,L195I
0.2927692022474204,885.0,3079.0,0.039770198636725415,3.1478548295941688e-257,L195K
0.062455587244757124,603.0,1783.0,0.048864677129938174,4.13367171336046e-111,L195M
-0.1976403253764238,1012.0,2538.0,0.06901242040375793,0.0,L195N
0.022513972955090347,1100.0,3237.0,0.06011460259877779,8.673617379884035e-19,L195P
-0.04918695413809522,609.0,1669.0,0.06389305471055305,0.0,L195Q
-0.1322435076698913,816.0,2190.0,0.10672471192244677,0.0,L195R
-0.15040958803146837,1171.0,3055.0,0.1127737080759669,0.0,L195S
-0.24028685545659872,1451.0,3595.0,0.08145801920066585,0.0,L195T
-0.1579525120923521,686.0,1810.0,0.046491421715326824,5.694173042438591e-09,L195V
-0.2670285608416325,961.0,2333.0,0.15152446729126615,0.0,L195W
-0.15575483085913397,647.0,1708.0,0.1719525135114888,0.0,L195Y
-3.224156350308685,1174.0,374.0,0.14721027587010854,6.938893903907228e-18,L195_
-0.1616373311746366,670.0,1698.0,0.04744049352019251,4.5542969740478895e-07,L196A
-0.15694423671091798,549.0,1427.0,0.2823141739088864,2.7755575615628914e-17,L196C
-0.003719143337324794,776.0,2216.0,0.04339498100025744,4.202396774885944e-116,L196D
0.30864105714812823,486.0,1797.0,0.05281743913019428,2.2253148380492182e-142,L196E
-0.16945489920112802,675.0,1732.0,0.16234244547471507,0.0,L196F
0.18522244733335727,620.0,1945.0,0.20411622402686364,2.7755575615628914e-17,L196G
0.029261075467368048,811.0,2386.0,0.103542445089917,0.0,L196H
0.3615851262776164,555.0,2058.0,0.08460531055037614,1.734723475976807e-18,L196I
-0.07522540161760961,663.0,1877.0,0.0470039881727131,5.151843524219528e-65,L196K
0.022045168556182323,1201.0,3420.0,0.05065721761055607,0.0,L196M
-0.0020899860694124396,407.0,1202.0,0.0590261012725116,9.100520307753272e-21,L196N
-0.11066914194584666,778.0,2057.0,0.11953760253555014,3.469446951953614e-18,L196P
-0.06806871456347796,380.0,1068.0,0.08643454250093689,3.469446951953614e-18,L196Q
-0.07089588159628805,876.0,2355.0,0.18281536184488387,0.0,L196R
0.0034342610756806866,476.0,1398.0,0.054958258092186636,4.9433619111784725e-59,L196S
-1.0899396299036868,1775.0,2443.0,0.13993044079672678,0.0,L196T
-0.05675575345997973,557.0,1554.0,0.13399992607286504,3.469446951953614e-18,L196V
-0.3586809556375843,1630.0,3684.0,0.03155759195280657,4.569028474305557e-72,L196W
0.38873289714975073,593.0,2187.0,0.16762821384952584,0.0,L196Y
-2.6759775457376302,948.0,417.0,0.0605693372151884,1.6356758218248302e-07,L196_
-2.570851097034835,945.0,473.0,0.05841575613384083,9.677034923032954e-245,L210A
-1.6184559007777635,801.0,764.0,0.05262567213029407,2.0713698068790295e-93,L210C
-2.643526879751181,1138.0,531.0,0.23974615229861346,6.938893903907228e-17,L210D
-2.4310773793055906,980.0,514.0,0.07930564009788174,8.673617379884035e-19,L210E
-0.03918076842057668,412.0,1163.0,0.13772849614628843,6.938893903907228e-18,L210F
-2.205720835855427,862.0,556.0,0.21399791319817255,1.3877787807814457e-17,L210G
-2.446912315226669,910.0,474.0,0.11234461748840378,3.469446951953614e-18,L210H
-0.6962440827747542,987.0,1790.0,0.0414832677481137,4.866941224218479e-69,L210I
-2.7711946911155114,607.0,245.0,0.11540766653129943,0.0,L210K
-0.31577880205646125,1490.0,3467.0,0.04545126284151367,0.0,L210M
-2.4839456509718905,900.0,468.0,0.05904155258848596,2.3190545533700935e-148,L210N
-2.715821762220814,351.0,151.0,0.11782607004638837,2.0816681711721685e-16,L210P
-2.3912004787171997,579.0,315.0,0.07201299272762836,1.849460767820238e-10,L210Q
-2.7639778817626413,236.0,102.0,0.2456568746692894,0.0,L210R
-1.9359812696838095,929.0,695.0,0.2417595616015378,0.0,L210S
-1.490142079899228,776.0,790.0,0.10065000262881849,3.469446951953614e-18,L210T
-1.203750270961656,879.0,1116.0,0.2275716383234742,0.0,L210V
-2.399377907923835,564.0,302.0,0.07361451581483085,1.3052610345905555e-188,L210W
-2.3048498255668872,815.0,462.0,0.10178360108239132,5.204170427930421e-18,L210Y
-2.5512057344078207,636.0,320.0,0.07112248779052906,1.0589370354821184e-22,L210_
-0.2850380990699036,952.0,2217.0,0.04057719739902211,7.881462080917077e-76,L212A
-0.03757611212494096,656.0,1813.0,0.047346252809084916,1.5231943257774736e-101,L212C
-2.3115093548971637,445.0,257.0,0.08160067230365871,1.1903107101315946e-06,L212D
-2.9247276197758976,656.0,257.0,0.07553100998494969,2.3505504093676767e-30,L212E
-0.33902541066900327,643.0,1483.0,0.08460885494260258,0.0,L212F
0.12106347397228319,1045.0,3189.0,0.037867734307883066,1.6140766059938349e-07,L212G
-2.3106333325297634,2608.0,1533.0,0.034052053415674285,1.8512581436482795e-24,L212H
-0.07866252163579897,285.0,779.0,0.07108570983297287,7.397328887933458e-49,L212I
-1.7780254524992327,361.0,302.0,0.08059850201011749,3.1303177177854086e-207,L212K
-0.05801825606131987,735.0,2008.0,0.15427162020061277,2.0816681711721685e-17,L212M
-2.28895511997198,971.0,578.0,0.05449071534510518,2.2308955549293867e-51,L212N
-3.164365831094888,1259.0,411.0,0.12829073606279032,0.0,L212P
-1.7131503172253992,1272.0,1099.0,0.08865173140288843,0.0,L212Q
-2.669922217696566,696.0,320.0,0.210306916994242,0.0,L212R
-0.0909779359529035,372.0,1013.0,0.06265353457332834,2.3221029633816148e-75,L212S
-0.3039453037388812,1113.0,2607.0,0.09495671983433852,0.0,L212T
-0.2678149487926585,690.0,1614.0,0.10782868407982289,0.0,L212V
-2.0002279126151734,2164.0,1533.0,0.042879081703360834,1.0842021724855044e-18,L212W
-0.480578404808411,384.0,788.0,0.09690346222511052,0.0,L212Y
-2.8035839028692155,1582.0,649.0,0.16751767687997693,0.0,L212_
-1.9867556017396155,521.0,383.0,0.06940098245643953,1.4839113756119106e-14,L214A
-1.2870645417862672,454.0,529.0,0.08209873763156722,1.734723475976807e-18,L214C
-3.0867383244473108,856.0,298.0,0.06933419377658818,5.439213721898115e-169,L214D
-2.9121784396992583,270.0,104.0,0.14661367989142465,1.734723475976807e-18,L214E
-1.3043141445662505,1280.0,1473.0,0.051894612331546026,4.336808689942018e-19,L214F
-2.60834373456693,485.0,231.0,0.08236544868836874,4.8155787698756673e-213,L214G
-2.2709108451719553,544.0,321.0,0.17896738977233306,0.0,L214H
-0.271275337090496,840.0,2043.0,0.1350428821192755,0.0,L214I
-2.606632673445578,772.0,371.0,0.15682938726498236,0.0,L214K
-0.9561518257791048,904.0,1319.0,0.04508086433648634,4.976273976300847e-93,L214M
-2.610892047110197,877.0,428.0,0.2081456790903764,1.3877787807814457e-17,L214N
-2.758473033602387,1341.0,592.0,0.21820795421755407,0.0,L214P
-2.5960080411727047,683.0,329.0,0.09717727965755384,0.0,L214Q
-2.746811349145833,941.0,413.0,0.06125669838264252,7.144977574685178e-38,L214R
-2.1612302373534837,789.0,494.0,0.05955839906679139,7.345796434451275e-200,L214S
-1.1295111980339299,955.0,1249.0,0.04500339632427207,9.069014495636663e-141,L214T
-0.3662738101062296,799.0,1789.0,0.04434626986343028,6.630770663597199e-135,L214V
-1.9171497461176874,908.0,684.0,0.07907405843807491,8.673617379884035e-19,L214W
-1.9753106390722623,1161.0,860.0,0.15691022668266025,0.0,L214Y
-2.6552124828893024,387.0,177.0,0.09301538807249561,1.7601152442876297e-41,L214_
-0.6560613376112209,989.0,1797.0,0.04141688807064412,3.7146570519898203e-76,L218A
-0.2528161751276215,639.0,1583.0,0.1355634342774371,6.938893903907228e-18,L218C
-2.5482739420266114,720.0,355.0,0.089437026648906,0.0,L218D
-2.323865994802421,748.0,423.0,0.06291185361915241,1.250647271851934e-87,L218E
-0.08089034962806826,1468.0,3981.0,0.03979095714291517,4.336808689942018e-19,L218F
-1.267152986824009,1330.0,1579.0,0.13455329231366672,1.3877787807814457e-17,L218G
-1.2793903658780181,847.0,985.0,0.08398239485960646,1.734723475976807e-18,L218H
-0.09955791156810315,1253.0,3470.0,0.12044541961880324,0.0,L218I
-2.741915016777313,588.0,258.0,0.1061846585313328,0.0,L218K
-0.14397750223082084,1170.0,2977.0,0.09137032385634844,0.0,L218M
-1.4590807008850983,1049.0,1091.0,0.055461219251817226,0.0,L218N
-2.305128923173388,741.0,434.0,0.10835782185643232,0.0,L218P
-0.62133633340992,609.0,1125.0,0.1403713250581385,0.0,L218Q
-2.8378383828696276,1086.0,441.0,0.16957788186876377,2.7755575615628914e-17,L218R
-0.8905891190784704,1482.0,2338.0,0.10690902305821358,3.469446951953614e-18,L218S
-0.271066199061835,483.0,1188.0,0.07051897400163368,1.3010426069826053e-18,L218T
-0.2073421472434814,795.0,1963.0,0.10522798289984835,0.0,L218V
-0.1886207396878079,673.0,1623.0,0.09930379749702037,0.0,L218W
-0.2633928350925584,842.0,2009.0,0.16703213192598615,0.0,L218Y
-2.8750212262734025,794.0,323.0,0.13633701279147079,0.0,L218_
-1.1640948301703993,350.0,452.0,0.1938048134562004,1.3877787807814457e-17,L21A
-0.9662461559690371,497.0,751.0,0.1724830820831262,0.0,L21C
-2.1564344018467763,661.0,428.0,0.1227371180710841,0.0,L21D
-1.3186514700786454,336.0,397.0,0.07657377322520703,3.3648528388686474e-107,L21E
-0.45209345912428595,372.0,807.0,0.12695363534105458,1.0408340855860843e-17,L21F
-1.3047727451080195,506.0,605.0,0.06274837497632132,3.9178363896055384e-38,L21G
-1.813245638656136,522.0,430.0,0.10175861555221906,1.734723475976807e-18,L21H
0.2695548773370708,596.0,2045.0,0.0706645124342698,0.0,L21I
-2.4370752409544094,403.0,200.0,0.08950547094145636,1.341124898786489e-34,L21K
0.17638232308934193,558.0,1790.0,0.07696566125489765,8.673617379884035e-19,L21M
-0.7187279235099884,726.0,1281.0,0.07360292070854658,0.0,L21N
-2.7360497108963258,2174.0,940.0,0.04093263309278074,2.1955570885204093e-76,L21P
-2.276244514675438,1714.0,1036.0,0.04149349827413141,2.5750537311417367e-07,L21Q
-3.240854029712289,963.0,284.0,0.10911516246797713,5.204170427930421e-18,L21R
-1.1220612926709252,861.0,1149.0,0.09077160022153781,3.469446951953614e-18,L21S
-0.9220535183242843,409.0,631.0,0.07566570007010488,3.647256108241237e-16,L21T
-0.5633982720615595,386.0,772.0,0.06426238053423151,1.123542686517328e-24,L21V
-1.939478000408432,1036.0,757.0,0.09693288865220688,3.469446951953614e-18,L21W
-2.1259557839690024,370.0,246.0,0.38104847515820167,5.551115123125783e-17,L21Y
-2.601923614877348,849.0,398.0,0.08851037411027773,1.734723475976807e-18,L21_
-2.7734636347141994,1108.0,461.0,0.0985052057703885,3.469446951953614e-18,L224A
-1.6739360480694407,579.0,525.0,0.08100630451550386,8.673617379884035e-19,L224C
-2.6099257003374423,727.0,344.0,0.09232262560762615,1.734723475976807e-18,L224D
-2.525150769279939,638.0,321.0,0.11370419415311182,6.938893903907228e-18,L224E
-0.7044736920871533,412.0,760.0,0.08142085585501523,0.0,L224F
-2.6624086091866745,845.0,373.0,0.06403630386396676,3.160445819764371e-26,L224G
-1.8403749948572674,963.0,762.0,0.07218713172215306,0.0,L224H
-2.53148303370899,784.0,401.0,0.06365601988931469,2.1368085542924216e-101,L224I
-2.54057929314423,548.0,263.0,0.0771016539453692,3.214136899331521e-39,L224K
-0.1763460705262499,262.0,678.0,0.19071400768240312,2.0816681711721685e-17,L224M
-1.605782667897771,328.0,315.0,0.08111467325286305,2.2823993509643916e-08,L224N
-2.4070351666571512,1318.0,729.0,0.14223407351578204,0.0,L224P
-1.9717468591197749,713.0,533.0,0.05949592335169593,2.90437862901516e-263,L224Q
-2.622124994734946,629.0,293.0,0.17072847039103825,0.0,L224R
-2.2353543300480396,1114.0,681.0,0.05068458400948983,1.2182033478769254e-255,L224S
-1.9906978472664203,549.0,392.0,0.19435848486241336,2.7755575615628914e-17,L224T
-2.7927728538068175,692.0,285.0,0.07289572486271666,1.301420775685249e-17,L224V
-2.9051967177804014,814.0,325.0,0.0946958848242593,0.0,L224W
-1.7940625138296515,314.0,260.0,0.08624512495167477,4.96939650937595e-33,L224Y
-2.6488354543392445,1088.0,500.0,0.1459136054218743,6.938893903907228e-18,L224_
-2.0342308951090224,589.0,410.0,0.06635217520252086,5.480147879043838e-14,L227A
-0.4246718069280694,852.0,1847.0,0.043179244541446685,6.773498740430589e-52,L227C
-2.813574126591462,757.0,312.0,0.11631815709063746,0.0,L227D
-2.652843964016237,631.0,290.0,0.1592974583517115,6.938893903907228e-18,L227E
-0.7748249843977696,601.0,991.0,0.16008565759003843,6.938893903907228e-18,L227F
-2.635209120440741,1082.0,496.0,0.05614173978130508,6.840790273994589e-92,L227G
-2.5157709135512007,504.0,262.0,0.2574852111837558,4.163336342344337e-17,L227H
-0.005501247229122844,297.0,846.0,0.06970611741492448,2.0856560777948774e-10,L227I
-2.8672766976617656,639.0,258.0,0.07631188345865977,1.1611933600887302e-25,L227K
-0.01085822883571681,850.0,2409.0,0.0980199399089036,0.0,L227M
-2.395193975775751,507.0,287.0,0.11168152994297291,0.0,L227N
-2.675853768054207,1705.0,776.0,0.06972125604699693,0.0,L227P
-2.760064522118881,1016.0,436.0,0.14535438703219364,6.938893903907228e-18,L227Q
-2.9471327699211005,957.0,357.0,0.21559829700182126,2.7755575615628914e-17,L227R
-1.9672119890372537,1016.0,763.0,0.04998543251580985,7.2202389351608e-310,L227S
-1.6022267850002947,910.0,855.0,0.14796561793415627,2.0816681711721685e-17,L227T
-0.7075945813537676,994.0,1765.0,0.1460892537332309,6.938893903907228e-18,L227V
-1.5129062152157557,422.0,427.0,0.09349231661197877,1.734723475976807e-18,L227W
-1.6005579463695558,1436.0,1369.0,0.03969107745794072,7.298749763735878e-63,L227Y
-2.7912732030126657,1740.0,721.0,0.10253629725016238,6.938893903907228e-18,L227_
-0.04130257596286536,967.0,2697.0,0.06408796413854703,1.734723475976807e-18,L253A
0.0042758662432243475,1244.0,3501.0,0.034692959777674524,5.672714074566379e-54,L253C
-2.7807420692825717,1347.0,574.0,0.18281734598553787,6.938893903907228e-18,L253D
-2.6916487217483556,1055.0,466.0,0.05759374763234579,9.699193890448035e-190,L253E
-0.3160571120361184,1528.0,3543.0,0.10731353253062909,0.0,L253F
-0.22466341413435756,1378.0,3354.0,0.04405916598118928,2.168404344971009e-19,L253G
-0.6632675257560569,1280.0,2347.0,0.1660502616519462,0.0,L253H
0.10518089958243736,1326.0,4120.0,0.03502572164374937,1.1329692563896016e-09,L253I
-1.437786583659554,569.0,597.0,0.10521201342828948,5.204170427930421e-18,L253K
-0.1108136315879129,749.0,2001.0,0.04452245795322736,8.360284924255254e-58,L253M
-1.3896769938828382,1023.0,1140.0,0.23122893271493303,0.0,L253N
-1.4381648775015532,910.0,950.0,0.04837383536981165,1.720309429601447e-103,L253P
-1.2119330978761342,1207.0,1482.0,0.15362169172043177,0.0,L253Q
-2.8517009971498957,1229.0,495.0,0.05532396447931124,2.796885755723489e-28,L253R
-0.22400639645506099,907.0,2251.0,0.09924165043189119,0.0,L253S
-1.4740586137709948,2758.0,2870.0,0.05272565946460486,0.0,L253T
0.058992664355717664,366.0,1108.0,0.06213752226887072,0.0,L253V
-0.0970281386243872,636.0,1784.0,0.12861781358335905,0.0,L253W
-0.04398277286230538,1355.0,3815.0,0.04439865218694211,0.0,L253Y
-2.7127322092048907,681.0,312.0,0.17696925457017226,6.938893903907228e-18,L253_
-0.3185361141389372,843.0,1976.0,0.047427590255735085,1.4499791341562873e-12,L269A
0.06289572635528295,652.0,1990.0,0.0858539250891113,5.204170427930421e-18,L269C
-0.27634694426870493,971.0,2246.0,0.09131467609155298,3.469446951953614e-18,L269D
-0.299300104314096,1152.0,2768.0,0.03993173922331722,8.31392853867241e-12,L269E
-0.5416980602749975,975.0,1942.0,0.0783038369783785,0.0,L269F
-0.39919112129785655,977.0,2097.0,0.09177737079488955,1.734723475976807e-18,L269G
-0.2881466654644398,993.0,2309.0,0.0740470117698562,3.469446951953614e-18,L269H
-0.06399058927712581,496.0,1351.0,0.0541683360635487,8.381063160531309e-23,L269I
-1.3605936514670494,1465.0,1629.0,0.059042211422577116,0.0,L269K
0.07873669709440416,921.0,2726.0,0.11742224100170798,0.0,L269M
-0.73285760521446,966.0,1631.0,0.04244757738440277,1.702776170631701e-101,L269N
-0.05247048161356724,1531.0,4211.0,0.04925104328156573,8.673617379884035e-19,L269P
-0.17453945582680247,1252.0,3184.0,0.09230029618904047,0.0,L269Q
-1.1497300250926503,813.0,1060.0,0.04883898112508617,9.317324867300752e-09,L269R
-0.3753442421467561,1410.0,3143.0,0.0808692946202034,0.0,L269S
0.2992558203884353,1219.0,4363.0,0.06902061013743806,8.673617379884035e-19,L269T
-0.040737228725653905,764.0,2205.0,0.043685719280631925,5.4599350523094254e-129,L269V
-1.2893823008091772,1036.0,1216.0,0.1150506886392274,0.0,L269W
-1.0583492842444493,1240.0,1724.0,0.1825503758004057,0.0,L269Y
-2.7792321290764046,789.0,317.0,0.15745262106464436,0.0,L269_
-1.2141571955935075,465.0,580.0,0.19840273146175433,0.0,L26A
-0.8565895468324267,504.0,832.0,0.08947858038318476,1.734723475976807e-18,L26C
-2.6942076112650013,451.0,206.0,0.26302391391816426,0.0,L26D
-1.2820391101343007,775.0,920.0,0.05088813339269858,6.430631223098359e-126,L26E
-0.36270968250355234,625.0,1361.0,0.05005902843932227,6.423938383164215e-28,L26F
-0.42759318118570044,794.0,1713.0,0.053042959003463876,2.6020852139652106e-18,L26G
-0.9781943685797183,658.0,988.0,0.1828621147697594,6.938893903907228e-18,L26H
-0.5139282208486151,370.0,756.0,0.13244771809388287,0.0,L26I
-2.9346832463886274,888.0,344.0,0.1687516122896877,0.0,L26K
0.03060632816543043,853.0,2468.0,0.06737591785019316,0.0,L26M
-1.2726062910176477,890.0,1067.0,0.04746234444428496,1.3002768137977881e-156,L26N
-2.688130594927351,653.0,294.0,0.10034478972484304,0.0,L26P
-0.42256806511035616,415.0,866.0,0.06660421178445362,6.46835644942112e-11,L26Q
-2.963650999471701,587.0,219.0,0.08159745201373782,1.43887016862864e-100,L26R
-0.7826597065275428,355.0,601.0,0.17070770120956433,2.0816681711721685e-17,L26S
-0.40063976083488784,445.0,955.0,0.08426748824735283,8.673617379884035e-19,L26T
-0.22870260381950733,581.0,1459.0,0.15601348255087025,0.0,L26V
-1.5309178744947542,379.0,365.0,0.19472011139498352,1.3877787807814457e-17,L26W
-0.26812725833148865,349.0,829.0,0.06559908346268505,1.1446028745752906e-11,L26Y
-2.912248644712971,772.0,297.0,0.08108254157042052,4.666406150377611e-16,L26_
0.11780624612854514,1218.0,3763.0,0.03467039775487585,4.818066934755217e-230,L276A
0.27130071207096323,1225.0,4258.0,0.0837946393598625,0.0,L276C
-2.752634535590867,1665.0,708.0,0.12914071103927446,0.0,L276D
-1.798587003194642,1135.0,945.0,0.10220414759871431,0.0,L276E
-1.595646807759978,525.0,502.0,0.06480974007798845,2.862658098900263e-179,L276F
-0.5617948656270553,606.0,1181.0,0.07384562660569974,0.0,L276G
-0.8778460521696904,1664.0,2611.0,0.12430922034764226,0.0,L276H
-1.3752036524281994,1117.0,1253.0,0.11907333608804874,0.0,L276I
-1.689376103309394,829.0,723.0,0.06887313391360601,1.3010426069826053e-18,L276K
-0.7823689175259215,1391.0,2335.0,0.10971396171159134,0.0,L276M
-1.1086308791206478,851.0,1114.0,0.04752483746217471,2.977169354529694e-284,L276N
-2.7059893926711593,1190.0,524.0,0.054343889862675646,7.658377392054341e-139,L276P
-1.7519152091498642,1115.0,955.0,0.08430088697535501,5.204170427930421e-18,L276Q
-2.8090995039269533,1311.0,522.0,0.06615931000710512,4.336808689942018e-19,L276R
0.3023098677362299,1018.0,3706.0,0.054034384169316774,0.0,L276S
-0.8931722293792032,791.0,1223.0,0.04752626625898521,4.350838496804931e-67,L276T
-1.6237358981601397,1358.0,1254.0,0.04118506589665211,2.5724934676300998e-101,L276V
-2.3436169873285353,1318.0,766.0,0.05174968794264237,1.468487289234266e-11,L276W
-2.802632063503124,1412.0,581.0,0.05927665714150143,1.0690233420707074e-16,L276Y
-2.637258933946144,1077.0,490.0,0.1183018999379775,0.0,L276_
-0.25457891513273617,586.0,1402.0,0.07391790589217836,0.0,L283A
-0.38465245515717844,2323.0,5143.0,0.0838745384745256,0.0,L283C
-2.1466236814561674,981.0,635.0,0.052961051090594714,1.8207736873198575e-133,L283D
-2.4058145580695705,835.0,463.0,0.06033439284439427,1.8362027028229052e-13,L283E
-1.8480370579611605,946.0,753.0,0.05075137760728458,6.448588678872811e-15,L283F
-1.1278933409549905,1381.0,1819.0,0.14122362039226438,0.0,L283G
-2.8485890992883554,1529.0,620.0,0.14768780519988894,2.0816681711721685e-17,L283H
-1.5248184193263696,1576.0,1612.0,0.0374588242680223,1.180173181563121e-61,L283I
-2.1247164034977977,927.0,613.0,0.08919208406873319,0.0,L283K
-0.4540318066239504,902.0,1881.0,0.04224047058259934,9.505561168650711e-24,L283M
-1.7204618199488668,1349.0,1205.0,0.10980118280405311,0.0,L283N
-2.5184779296409525,1455.0,715.0,0.16219706508677995,1.3877787807814457e-17,L283P
-1.6814580297762234,1446.0,1318.0,0.06673978966340233,0.0,L283Q
-2.599008616664544,1365.0,651.0,0.04971343748571959,3.0118308300773244e-24,L283R
-0.5179710072616672,1057.0,2175.0,0.03937906495558259,6.1175630086268414e-92,L283S
-0.8779287266681741,718.0,1093.0,0.04990551040939251,2.9224087796094858e-36,L283T
-1.5127559610898638,1115.0,1139.0,0.044120226429725025,2.1186134691024638e-157,L283V
-2.5505880158834375,1512.0,744.0,0.11840043963958534,6.938893903907228e-18,L283W
-2.352557519582873,1011.0,573.0,0.076343301916863,8.673617379884035e-19,L283Y
-3.0836057366314504,1445.0,480.0,0.07128670693942349,0.0,L283_
0.08778160075661119,864.0,2614.0,0.041004996320580765,6.234347627371656e-21,L285A
-0.051552710714499336,956.0,2600.0,0.03957489232502739,1.1889422311569797e-96,L285C
-0.5069189985561052,1192.0,2409.0,0.03716758431968894,7.505382535236416e-17,L285D
-0.393477943272802,1452.0,3175.0,0.2211293201325251,1.3877787807814457e-17,L285E
0.026204060384715955,1142.0,3309.0,0.1519669656555701,0.0,L285F
-0.23588884988121123,1177.0,2863.0,0.036419447343244885,7.3595183448795236e-127,L285G
-0.0646399695758731,1997.0,5487.0,0.03382146554485711,2.168404344971009e-19,L285H
0.19417923915101892,1054.0,3482.0,0.0368376125762236,8.145553454790249e-139,L285I
-1.3837567104858786,1331.0,1477.0,0.05063348662649633,0.0,L285K
0.02659251979838631,1196.0,3479.0,0.03523336838985935,6.108662565417269e-275,L285M
-0.024301456329639953,559.0,1586.0,0.05107304896973654,1.2586908334222016e-28,L285N
-0.24614948773242923,893.0,2135.0,0.041690466207770845,2.030050203996187e-52,L285P
0.49596775057938813,911.0,3702.0,0.06200756698738355,3.469446951953614e-18,L285Q
-1.4466072245313109,1167.0,1205.0,0.054761293265675796,0.0,L285R
-0.12235562677127691,679.0,1816.0,0.04687067727636633,1.0224500653038628e-17,L285S
-0.10245528131164941,926.0,2503.0,0.055166810664465174,1.3010426069826053e-18,L285T
1.056418395677495,642.0,3859.0,0.04408138310974718,4.4620222735231984e-14,L285V
-0.4013714089013627,1444.0,3198.0,0.03356161142887544,4.788869410017727e-95,L285W
-0.2753005659696922,807.0,1936.0,0.04519224441302769,1.8760551802484392e-08,L285Y
-2.8764006367043025,1675.0,642.0,0.04838709990769173,3.6541947815170184e-14,L285_
0.44655644480164003,1956.0,7702.0,0.045048553385905424,0.0,L286A
-0.058624833830418666,1150.0,3158.0,0.036229531226850874,1.69696963616878e-33,L286C
-0.40940415633612487,1774.0,3875.0,0.047557112241499694,0.0,L286D
0.08010301059328936,1068.0,3337.0,0.09781499947270117,0.0,L286E
-0.32388439150002485,1108.0,2530.0,0.0377726359023243,5.61491151718849e-68,L286F
-1.437838310248091,1272.0,1324.0,0.04130279135891171,2.67801112840375e-57,L286G
-1.7202769658360293,612.0,542.0,0.09988195546471651,0.0,L286H
-0.3613432757157976,1097.0,2452.0,0.13248138698840708,0.0,L286I
-2.719307732496769,778.0,340.0,0.12396834827315278,1.0408340855860843e-17,L286K
-0.1781642841052218,1144.0,2813.0,0.03674623596380554,2.565586649539859e-14,L286M
-0.5181452039719598,880.0,1791.0,0.08201670421064951,1.734723475976807e-18,L286N
-2.6577211198985498,1008.0,460.0,0.06334402196002374,4.9465775442750215e-11,L286P
-0.6645059833887456,1013.0,1834.0,0.05921179123009409,8.673617379884035e-19,L286Q
-2.6372610484698527,1588.0,741.0,0.06443517513814681,0.0,L286R
-0.6618145355032158,1099.0,1982.0,0.03945835022067953,5.443702671174516e-160,L286S
-0.10274692623493897,996.0,2737.0,0.049768479541204856,0.0,L286T
-0.21235741037849043,1429.0,3480.0,0.06796307199819553,0.0,L286V
-2.4594991186315767,1618.0,857.0,0.0773224546437561,0.0,L286W
-1.5018826063630042,1346.0,1368.0,0.0493650912730558,6.505213034913027e-19,L286Y
-2.6232058321361653,1404.0,646.0,0.09188118936093326,0.0,L286_
-2.0861342695673297,403.0,270.0,0.22145507402245074,1.3877787807814457e-17,L30A
-0.8256242131898615,595.0,965.0,0.1011909572710054,1.734723475976807e-18,L30C
-2.5686237662541984,652.0,317.0,0.08907813143723171,0.0,L30D
-2.911147196539119,1426.0,545.0,0.10351090639142553,3.469446951953614e-18,L30E
-0.9404154559116069,189.0,284.0,0.3955278701284739,1.1102230246251565e-16,L30F
-2.986863195283083,576.0,213.0,0.08241796047151727,9.826451733338256e-184,L30G
-2.6880162845870417,891.0,403.0,0.154333998363319,0.0,L30H
-0.723262737636603,807.0,1422.0,0.14680996465655266,1.3877787807814457e-17,L30I
-2.7261130734216006,611.0,263.0,0.07573638424990196,1.0204640554771129e-27,L30K
-1.1436695755952822,1496.0,1956.0,0.03632420522623728,1.544916405088005e-87,L30M
-2.705370777590381,1029.0,457.0,0.05809274937630512,1.1715979148617406e-49,L30N
-2.7611741295929573,1292.0,535.0,0.053292529853788836,4.292248322795987e-173,L30P
-2.56192452870381,532.0,254.0,0.07892062564579372,2.4664427686351897e-52,L30Q
-2.84953174123108,374.0,146.0,0.09984372809378196,1.8088848883475943e-06,L30R
-2.606374371737783,888.0,423.0,0.08923195292938829,1.734723475976807e-18,L30S
-1.4523522061561023,607.0,619.0,0.13023166796733865,0.0,L30T
-1.4623097619908036,1430.0,1499.0,0.12140294638404184,1.734723475976807e-17,L30V
-1.3817041897493432,1197.0,1302.0,0.04192884653124202,8.73728712582071e-38,L30W
-1.9092463478395043,644.0,504.0,0.23294404706245475,6.938893903907228e-17,L30Y
-2.963179920864279,652.0,238.0,0.0778670939311114,6.859931706225686e-166,L30_
-0.7239260581615694,999.0,1748.0,0.0928623432703236,0.0,L331A
-0.19145891590999753,1158.0,2914.0,0.03643755445309058,2.5765265611652012e-23,L331C
-2.6776369196919756,536.0,243.0,0.07968809796611669,3.181269561362818e-238,L331D
-2.804519416501429,828.0,340.0,0.31597830633221785,0.0,L331E
-1.0862696977144428,1124.0,1490.0,0.04138165192895332,5.045687818369756e-60,L331F
-2.6322736308147174,1084.0,506.0,0.05575991269926342,2.6542673434910615e-84,L331G
-2.8304530582736147,1727.0,699.0,0.12490879006634228,2.0816681711721685e-17,L331H
-0.11212550490957351,1234.0,3291.0,0.06483579387511283,0.0,L331I
-2.8115129599110986,728.0,296.0,0.07121240707462773,1.7247969001090066e-96,L331K
-0.14036743581356545,821.0,2140.0,0.04595340534268683,2.0308549308380164e-10,L331M
-2.711423317383053,1676.0,732.0,0.2292039890307736,0.0,L331N
-2.8996008372731863,2516.0,953.0,0.09354393651388725,0.0,L331P
-2.355119513823343,1522.0,873.0,0.04502455786551424,2.0343804136836686e-07,L331Q
-2.751322853508154,605.0,254.0,0.19302543979100362,0.0,L331R
-2.359577512809572,1267.0,702.0,0.048875954597417746,1.221546707037987e-13,L331S
-1.602983739955068,1077.0,1006.0,0.04807318156851456,8.209560627061175e-09,L331T
-0.362527105877618,1490.0,3315.0,0.0330639648903344,1.125657606420669e-28,L331V
-1.7165290470835866,993.0,871.0,0.23403860413477845,1.3877787807814457e-17,L331W
-2.2406863878311016,1623.0,982.0,0.04229356236838598,1.7304278690589337e-51,L331Y
-2.435221597626206,1206.0,642.0,0.20632678686186567,4.163336342344337e-17,L331_
-2.2065763147416573,1970.0,1207.0,0.06905026302427325,1.734723475976807e-18,L33A
-0.8296329096707823,577.0,943.0,0.10440220960576331,3.469446951953614e-18,L33C
-2.0496371511375395,747.0,525.0,0.06309108554378336,1.0623200390105086e-09,L33D
-0.3337359957099317,214.0,546.0,0.49266363035992494,2.220446049250313e-16,L33E
-1.1062518970853525,348.0,460.0,0.0938671705107112,0.0,L33F
-1.1224895436809734,534.0,705.0,0.05957519589078265,5.0551215834525e-311,L33G
-0.6255871897323573,868.0,1571.0,0.04424631424455172,4.4292408831311835e-54,L33H
-0.7440134423538683,613.0,1022.0,0.053190152160191316,5.2639364168193815e-64,L33I
-1.4328850392211254,895.0,967.0,0.06518944093682949,4.336808689942018e-19,L33K
-0.03886702820944266,265.0,754.0,0.18838393565190087,0.0,L33M
-0.49703155910251473,891.0,1840.0,0.04929527347552734,1.3053794156725473e-16,L33N
-2.938868329337572,551.0,203.0,0.08411588618851393,1.3083130972882844e-38,L33P
-0.969338364052129,1406.0,2070.0,0.10364205083577803,0.0,L33Q
-1.1264790778443172,821.0,1068.0,0.048323856167461196,2.8113601221910754e-42,L33R
-1.1469999319316304,397.0,508.0,0.0923688196952791,1.734723475976807e-18,L33S
-1.3014557058469993,378.0,428.0,0.07283951836582464,1.340956620923402e-60,L33T
-0.6759187890172592,804.0,1435.0,0.045859765970881296,1.222694526052237e-32,L33V
-2.0727338678355025,496.0,325.0,0.07403937858932663,3.737524482293603e-53,L33W
-1.9120328215156732,565.0,444.0,0.09374339301524418,1.734723475976807e-18,L33Y
-2.9266449884861987,630.0,240.0,0.11553866862171047,0.0,L33_
-0.3677014317270949,1945.0,4250.0,0.02920532700356777,1.8508446777546966e-30,L345A
-0.440971294936304,1592.0,3378.0,0.11254930367381849,3.469446951953614e-18,L345C
-1.7504964216276644,1527.0,1287.0,0.08662856033878832,0.0,L345D
-1.2652859131563738,1096.0,1349.0,0.10518947068152634,0.0,L345E
-0.2607246306169547,1038.0,2469.0,0.06924118138403837,0.0,L345F
-0.12317774731643945,863.0,2337.0,0.041508839764249336,1.1369250676677517e-33,L345G
-1.5340515825427128,1632.0,1650.0,0.09768547935318543,3.469446951953614e-18,L345H
-0.2663352995930598,676.0,1637.0,0.051705768406353034,2.6409155461440403e-11,L345I
-2.086917860146318,1315.0,900.0,0.07682096870338889,0.0,L345K
-0.27702477380153356,792.0,1868.0,0.044230804902616695,2.3763132640134147e-121,L345M
-0.5044642726236562,667.0,1399.0,0.059185770388700404,1.3010426069826053e-18,L345N
-0.6524944845461954,1701.0,3120.0,0.03198988955094856,1.9614559963135175e-61,L345P
-0.1569122741968216,977.0,2485.0,0.10254790381648379,3.469446951953614e-18,L345Q
-1.5772104839661274,1023.0,957.0,0.1709067562856611,0.0,L345R
-0.21742774975920343,786.0,1943.0,0.0624212195369724,0.0,L345S
-0.5228974675122727,800.0,1567.0,0.045192515529928166,1.073433773622653e-12,L345T
0.38077338514196285,1556.0,5856.0,0.05378099533716622,8.673617379884035e-19,L345V
-0.927009168094814,1146.0,1744.0,0.17164653281141518,3.469446951953614e-17,L345W
0.4169098379292005,1235.0,4751.0,0.09335128540685646,0.0,L345Y
-2.8763490465267734,1616.0,630.0,0.12520649576425813,6.938893903907228e-18,L345_
-0.1793533005531818,466.0,1174.0,0.0566079284574049,2.8833778588615224e-203,L350A
-1.9785056262517582,775.0,569.0,0.10917024765502599,0.0,L350D
-0.24917799785473607,981.0,2415.0,0.039709878175066146,6.018002221012803e-35,L350E
0.045883841088828696,1382.0,4177.0,0.04110927679283294,0.0,L350F
-0.6779477789122064,2592.0,4759.0,0.0923074401507278,0.0,L350G
-2.07411869893994,1068.0,734.0,0.18303193751274677,2.0816681711721685e-17,L350H
0.23532071243208083,1410.0,4739.0,0.043382555690069435,0.0,L350I
-1.124808072679057,1200.0,1636.0,0.04004909898446085,8.121206968557441e-43,L350K
-0.12934882987462892,1022.0,2736.0,0.13608850255275481,6.938893903907228e-18,L350M
-1.1083794535975475,1112.0,1554.0,0.13382107108889987,0.0,L350N
-2.4398970166287643,1073.0,572.0,0.23230304472200977,0.0,L350P
-0.3606489626765844,560.0,1267.0,0.09167151495300331,5.204170427930421e-18,L350Q
-0.2885126621989122,741.0,1720.0,0.08624862031539372,0.0,L350R
0.07492182529883332,1142.0,3520.0,0.03581027652562838,1.7004000878891366e-35,L350S
-0.14844856453965005,847.0,2160.0,0.17332391235691816,0.0,L350T
-0.5032471537886595,2270.0,4643.0,0.04220754528601423,0.0,L350V
-0.1591208260151218,1109.0,2922.0,0.037085083017961595,2.377960593069729e-39,L350W
-0.4281349936060063,994.0,2069.0,0.04041558058012937,3.2411541888324726e-205,L350Y
-2.8721247387433366,993.0,386.0,0.28293195561533185,0.0,L350_
-0.7409610136854206,1568.0,2675.0,0.05523864057341583,0.0,L35A
-0.5860959533705702,925.0,1769.0,0.042326383462527116,3.2730202619069733e-09,L35C
-2.168043763561434,948.0,606.0,0.05393614558669549,2.5168826479776657e-28,L35D
-2.256308769331377,782.0,479.0,0.2138028171583402,0.0,L35E
-0.7435215030388529,207.0,350.0,0.11443687196677703,0.0,L35F
-1.2621148270954325,437.0,528.0,0.13737204798581937,0.0,L35G
-1.4153433710576195,520.0,568.0,0.096705996715978,0.0,L35H
-1.5395446634334515,821.0,827.0,0.05134153721452252,5.210419188277066e-07,L35I
-0.7383864601850033,1129.0,1961.0,0.1232109530900742,0.0,L35K
-0.14103667987993748,1315.0,3496.0,0.03416751586875103,5.3136370599686144e-37,L35M
-1.9501095610100712,504.0,377.0,0.2142685671579874,0.0,L35N
-2.831687864843853,110.0,42.0,0.1852378914687294,9.647027771661366e-130,L35P
-1.546487563539287,704.0,712.0,0.308126692193149,0.0,L35Q
-0.34196249170546117,97.0,218.0,0.1252178188969694,1.0781262442546851e-259,L35R
-1.6290639436768484,587.0,527.0,0.06204220010219189,4.3312637739754387e-26,L35S
-2.5119058996447783,335.0,176.0,0.13927167380211955,3.469446951953614e-18,L35T
-2.1729357887734135,1183.0,753.0,0.0486795061262147,1.1027883402867121e-123,L35V
-1.2978028395736534,1035.0,1185.0,0.04458260986918794,2.5371194486336044e-104,L35W
-0.6600192818229536,344.0,628.0,0.2100078035199916,0.0,L35Y
-2.6702268708034254,439.0,197.0,0.08822567049764854,1.6535377261571354e-183,L35_
0.16162168960520207,1105.0,3555.0,0.07533606341234779,3.469446951953614e-18,L367A
0.010319435514688894,1076.0,3086.0,0.03705852042420068,1.5221565556635363e-33,L367C
-2.637437926893226,1411.0,636.0,0.1116276046076465,0.0,L367D
-1.721277204698191,752.0,671.0,0.05549473033628472,1.8466006608624628e-15,L367E
-0.10096934090213022,1735.0,4734.0,0.07240598175471218,1.734723475976807e-18,L367F
-0.34459435012827433,1212.0,2784.0,0.1507080482016165,0.0,L367G
0.34619550458092335,911.0,3377.0,0.05199123341123314,0.0,L367H
-0.014673160304897683,1031.0,2995.0,0.03789134358869464,1.806610337312211e-28,L367I
-1.4697524191938125,1507.0,1578.0,0.03808948468994418,5.6583693231094046e-14,L367K
-0.06928428457351982,1816.0,5022.0,0.06622389710489526,3.469446951953614e-18,L367M
-0.18376116018894673,1361.0,3443.0,0.09172663580292052,0.0,L367N
-2.011033171035068,1192.0,865.0,0.0916748178334004,1.734723475976807e-18,L367P
-0.31427489945033793,1638.0,3766.0,0.12041985912679376,0.0,L367Q
-2.8722523645295883,1508.0,588.0,0.10006669054860123,1.734723475976807e-18,L367R
0.10168158149599318,1645.0,5008.0,0.05285003520994706,4.336808689942018e-19,L367S
-0.24984059533679617,1494.0,3605.0,0.07486775293996731,0.0,L367T
0.29206190432477686,1699.0,6036.0,0.03467166452441964,9.75781955236954e-19,L367V
-0.29603718255904465,883.0,2049.0,0.042011960249806975,1.0523775517271426e-107,L367W
-0.9551884251198164,1006.0,1491.0,0.06061658468886506,8.673617379884035e-19,L367Y
-2.6540836759442943,1562.0,717.0,0.2413314010719791,0.0,L367_
0.085225285657739,1835.0,5692.0,0.028679767842785902,9.673803719228365e-29,L374A
0.03126719216212147,1482.0,4333.0,0.03186304004801498,3.1228900701171846e-99,L374C
-0.6776811666468506,1380.0,2505.0,0.06935591774369494,0.0,L374D
-0.2381697570926495,1578.0,3853.0,0.07108340946314513,1.734723475976807e-18,L374E
-0.05478817776149897,1133.0,3166.0,0.036285406710678446,1.3154290183429703e-16,L374F
0.025645380903511508,1070.0,3088.0,0.03713314659705654,1.4401007452606308e-07,L374G
0.1655228989788954,1869.0,6010.0,0.06755967264151037,2.6020852139652106e-18,L374H
-0.151443815046991,848.0,2143.0,0.04235861042725251,1.0503661219277782e-90,L374I
-0.12438382254299533,1373.0,3644.0,0.033418372106855276,7.646732118041041e-123,L374K
0.26852672343668316,1168.0,3976.0,0.03499279854945048,5.829209686305703e-27,L374M
-0.0020292821943320256,408.0,1194.0,0.05921919264515752,8.786054549256853e-171,L374N
-1.409776954401665,1190.0,1280.0,0.09148533152191879,0.0,L374P
-0.7777594102046331,2020.0,3382.0,0.03005252521970566,1.7640126872943676e-191,L374Q
-0.19326914338941745,1158.0,2930.0,0.19034463760071282,0.0,L374R
0.14717380281741044,989.0,3198.0,0.07762291332622615,0.0,L374S
0.033139997712446016,1218.0,3587.0,0.06293719752921664,0.0,L374T
-0.0894480732284491,2106.0,5662.0,0.041207482304799925,6.505213034913027e-19,L374V
0.17716831569170416,1610.0,5239.0,0.06303360449286272,0.0,L374W
0.062397806192421024,1114.0,3289.0,0.03635758546851585,1.6634730911436492e-199,L374Y
-2.7986784800471622,1985.0,809.0,0.07097798185640072,8.673617379884035e-19,L374_
-0.10641348147933836,910.0,2491.0,0.09667468006460986,1.734723475976807e-18,L383A
-0.02284143648098593,1671.0,4734.0,0.030194449967817276,3.7097056194549673e-09,L383C
-0.03643734660995608,1111.0,3056.0,0.03681821709416879,4.211960732053447e-26,L383D
-0.08570439521186146,1244.0,3364.0,0.0349892256772855,2.1955992905610218e-23,L383E
-0.14018878690233813,1096.0,2891.0,0.16052610341812545,1.3877787807814457e-17,L383F
-0.10870781233869764,1887.0,5088.0,0.08361722110389022,0.0,L383G
0.41053699929743653,1419.0,5390.0,0.031536236602147896,6.71417914716143e-61,L383H
-0.21952934880758335,485.0,1199.0,0.12324073169686398,0.0,L383I
-0.9929109785252164,16.0,32.0,1.5250439242131246,2.6645352591003757e-15,L383K
-0.13777737226217282,664.0,1755.0,0.12706876036065604,3.469446951953614e-18,L383M
0.2959183145617327,1247.0,4420.0,0.16615413810609353,0.0,L383N
-0.023816158170156813,1662.0,4733.0,0.08119284815903176,0.0,L383P
-0.06971967013911314,1738.0,4876.0,0.14488874041854763,6.938893903907228e-18,L383Q
0.1726513826590329,801.0,2492.0,0.05938609682124938,0.0,L383R
-0.0634129317390428,1749.0,4878.0,0.23998686159413102,2.7755575615628914e-17,L383S
0.14194107062662367,848.0,2765.0,0.07148229651699498,8.673617379884035e-19,L383T
-0.049238778838388404,1130.0,3156.0,0.10809891442791894,0.0,L383V
-0.1777394889770189,1422.0,3696.0,0.060539803423560475,0.0,L383W
-0.06835426906729543,702.0,1968.0,0.045690519855486056,2.1218287333941427e-170,L383Y
-0.31300041783640237,1328.0,3057.0,0.03459764392204844,1.9853513305859552e-14,L383_
-1.715931557574855,1533.0,1352.0,0.039282651131181415,3.0108207e-317,L40A
-2.037760732718116,734.0,524.0,0.0594952984514109,1.3043893620259095e-98,L40C
-2.180118514430171,1030.0,653.0,0.07122031350575878,0.0,L40D
-2.8400354382088846,633.0,257.0,0.10536689316936507,5.204170427930421e-18,L40E
0.07539467834292475,1186.0,3549.0,0.05075837779347718,4.336808689942018e-19,L40F
-2.6015254374685037,974.0,455.0,0.1667255321160823,0.0,L40G
-1.0541782820934336,589.0,836.0,0.09153064279889944,0.0,L40H
-1.9835508639634636,973.0,702.0,0.05160588949248912,1.1316292702519369e-272,L40I
-2.914150334342247,705.0,277.0,0.07303594602559305,4.566653345809683e-185,L40K
-3.742830212127479,11.0,1.0,1.0584006023603332,1.3407964549948732e-28,L40M
-1.9661085220865506,1164.0,857.0,0.09601286547332008,0.0,L40N
-2.8278956062161438,838.0,331.0,0.06683193315529064,3.5577540447431996e-59,L40P
-1.1431731448939844,702.0,880.0,0.05270293568256458,9.360028887094984e-166,L40Q
-2.5676173531966877,824.0,392.0,0.1333731715457308,0.0,L40R
-1.0089434600556317,1671.0,2399.0,0.14691126205565738,0.0,L40S
-1.9717951646499894,884.0,648.0,0.10128964726661865,3.469446951953614e-18,L40T
-1.7015566121128867,1740.0,1504.0,0.06915800502922345,1.734723475976807e-18,L40V
-1.6923015162313069,77.0,67.0,0.35261495788322605,0.0,L40W
-0.5062761326745239,997.0,2050.0,0.10940751676466416,6.938893903907228e-18,L40Y
-2.7712119151048076,1008.0,423.0,0.10011526969347602,0.0,L40_
-0.005546726765854187,716.0,2071.0,0.16966344484644408,6.938893903907228e-18,L42A
-0.12375315789312384,904.0,2423.0,0.04068178429645333,1.2337284437092913e-90,L42C
-0.29228899110634016,349.0,825.0,0.14273755053145226,0.0,L42D
-0.14203603490205483,551.0,1422.0,0.07732574890312369,8.673617379884035e-19,L42E
-0.27633201371060423,258.0,607.0,0.07621421257565487,4.740008993625719e-15,L42F
-0.0895427289180617,1251.0,3425.0,0.03479574191821231,1.4655804688714117e-181,L42G
-0.5061153019733584,893.0,1797.0,0.04281606608036534,5.392331602396e-143,L42H
-0.08117170334427512,656.0,1711.0,0.09498400518181968,0.0,L42I
-0.15356356394186926,638.0,1618.0,0.048486670076276966,9.0430410295085e-104,L42K
-0.32132007824503955,787.0,1779.0,0.04472389574359194,1.8717368511740122e-23,L42M
-0.3071974720007181,670.0,1552.0,0.15784735809455142,1.3877787807814457e-17,L42N
-2.150538193328843,664.0,425.0,0.13481789312266954,6.938893903907228e-18,L42P
0.1346887821456687,1018.0,3309.0,0.10443464242404231,6.938893903907228e-18,L42Q
-0.09606698795109549,657.0,1801.0,0.16266863054305075,0.0,L42R
-0.19575791936342618,772.0,1914.0,0.04716783910760453,4.48903191637047e-10,L42S
0.603751291911076,1617.0,7163.0,0.13390495324812607,6.938893903907228e-18,L42T
-0.18193431607029895,570.0,1444.0,0.05143568396098145,7.509233188181882e-18,L42V
-0.5715710826381514,549.0,1071.0,0.1001366657420441,3.469446951953614e-18,L42W
-0.31336543452164206,611.0,1410.0,0.07536252801613659,0.0,L42Y
-2.66941764233653,393.0,182.0,0.09191728485060298,1.660908544447531e-38,L42_
-0.7293715753372289,59.0,102.0,0.16705156053581124,1.1432413458402783e-57,L43A
-0.8775070895823727,733.0,1116.0,0.2039862417309144,1.3877787807814457e-17,L43C
-2.0977849159443154,672.0,460.0,0.06273954886066566,1.0344620060878734e-191,L43D
-1.1184193359494186,948.0,1261.0,0.15304313484208226,0.0,L43E
-0.5594048600432205,795.0,1525.0,0.1331756585708057,6.938893903907228e-18,L43F
-1.2573304023498095,753.0,916.0,0.10295514030596933,3.469446951953614e-18,L43G
-1.7383654130169401,492.0,427.0,0.06875702930803113,5.934971303915349e-59,L43H
-2.021486767803126,1002.0,707.0,0.1416233529909862,0.0,L43I
-2.508939261801918,1107.0,561.0,0.19070224110291842,0.0,L43K
-0.49284958871701334,356.0,740.0,0.06693038799091569,2.7223692249907762e-17,L43M
-1.4223819872661776,820.0,873.0,0.09961819209162735,8.673617379884035e-18,L43N
-2.5447795115813636,304.0,145.0,0.11711097710195494,5.150272569531822e-13,L43P
-0.700992242009795,388.0,666.0,0.2133872902359349,0.0,L43Q
-2.788569149149734,1300.0,544.0,0.10466708600718994,0.0,L43R
-0.46160190573961657,1537.0,3208.0,0.03280316039968261,9.78459811826319e-15,L43S
-1.2541463730797846,699.0,847.0,0.1832903904300041,6.938893903907228e-18,L43T
-2.140382100627019,111.0,68.0,0.15849148016499637,4.0531083719691995e-217,L43V
-1.9235805757144921,170.0,132.0,0.30170105170129724,8.326672684688674e-17,L43W
-2.258467200959452,925.0,548.0,0.24286066607301643,0.0,L43Y
-3.0577876983310017,935.0,316.0,0.10171830056404485,0.0,L43_
-0.047749645654391895,484.0,1326.0,0.0547469962193655,1.1650571945190537e-10,L49A
-0.035546173051569506,436.0,1213.0,0.057866151751364864,1.0575018624646671e-11,L49C
-2.2623351295279237,266.0,154.0,0.12431303590271005,3.2959746043559335e-17,L49D
-2.1592627258888877,1397.0,905.0,0.19812648345055137,2.7755575615628914e-17,L49E
0.12436919662479158,665.0,2091.0,0.1927726221371966,2.7755575615628914e-17,L49F
-0.6992851719857286,790.0,1357.0,0.1858198966747023,0.0,L49G
0.10066465281308247,497.0,1549.0,0.12896873889352123,3.469446951953614e-18,L49H
0.026602435026745263,634.0,1838.0,0.07260294746463637,1.734723475976807e-18,L49I
-1.2872163812028452,880.0,1029.0,0.04802011395788639,3.2922850361619248e-87,L49K
-0.7941522118958233,734.0,1220.0,0.08506115752301398,1.734723475976807e-18,L49M
-0.36504186599012634,921.0,2004.0,0.08309627124673219,0.0,L49N
-2.693501976815335,965.0,439.0,0.08617059237962646,1.734723475976807e-18,L49P
0.8842669390450995,1805.0,9719.0,0.05350593442968083,0.0,L49Q
-3.0245027849545796,594.0,213.0,0.12651830872723888,3.469446951953614e-18,L49R
0.04162422935319709,779.0,2309.0,0.04308475941922893,1.464760718360912e-71,L49S
-0.10255488346703003,280.0,758.0,0.07215364386539361,1.0198422603594935e-68,L49T
-0.20062029873655457,740.0,1849.0,0.04528285534485572,0.0,L49V
-0.37716315945647283,650.0,1468.0,0.1416346939139586,0.0,L49W
-0.33686521706886574,584.0,1362.0,0.16562912493097096,2.0816681711721685e-17,L49Y
-2.6681729615210443,82.0,37.0,0.26285993218163933,0.0,L49_
-0.008639168505995231,1114.0,3222.0,0.03688301036353774,1.8765966177598553e-07,L61A
-0.09630886378106901,607.0,1677.0,0.1310575927959245,1.0408340855860843e-17,L61C
-1.7445539053452104,490.0,423.0,0.06860719945764701,6.974357034575179e-66,L61D
-0.4986409375344071,512.0,1029.0,0.05614034021071704,5.450005423747366e-94,L61E
0.1872989284095018,283.0,923.0,0.06985001581095139,8.077295619604446e-237,L61G
-0.3049920318709306,493.0,1151.0,0.07713738491994819,0.0,L61H
-0.4355589639094679,823.0,1774.0,0.044004137786457335,6.865613257947819e-192,L61I
-0.9475335385657049,411.0,620.0,0.06608331617307517,8.283673629352856e-54,L61K
0.18818795372026612,578.0,1924.0,0.0649596069022617,4.336808689942018e-19,L61M
-0.3090262724195391,404.0,921.0,0.06738129335293903,4.264052934528639e-11,L61N
-2.349805058772485,934.0,533.0,0.19761918144813262,0.0,L61P
-0.21252983781936602,370.0,933.0,0.1782165500481808,0.0,L61Q
0.18598577160914206,159.0,524.0,0.24738015118078321,0.0,L61R
-0.07791694339055966,588.0,1620.0,0.09971023906803825,3.469446951953614e-18,L61S
-0.10959487416403256,1437.0,3839.0,0.1110657921341896,0.0,L61T
-0.5102176481506493,460.0,944.0,0.1905626301727666,0.0,L61V
0.17712501889119628,677.0,2136.0,0.04565722526365879,7.211447851886629e-10,L61W
-0.07653178211577776,706.0,1944.0,0.19220696985763647,0.0,L61Y
-2.8172177808252195,864.0,362.0,0.06487787874190147,3.4746081334099687e-41,L61_
-0.08852474688012382,1073.0,2955.0,0.037379710252880206,0.0,L65A
-0.00906365519527325,1072.0,3109.0,0.05881108714767997,8.673617379884035e-19,L65C
-1.510176290873532,644.0,653.0,0.15612781579889776,0.0,L65D
-0.7550828606310889,925.0,1576.0,0.04340426149270642,3.248923135300439e-57,L65E
-0.1567720000722464,1049.0,2693.0,0.07951065074728525,0.0,L65F
-0.38251188017212695,895.0,1950.0,0.11319473980450813,3.469446951953614e-18,L65G
0.42089559366135737,960.0,3667.0,0.11427357078507885,0.0,L65H
0.004114266663692526,1294.0,3802.0,0.17754648066694234,0.0,L65I
-0.11464191243728408,151.0,403.0,0.12447405251874315,0.0,L65K
-0.1888532203244442,917.0,2366.0,0.041403592820577276,1.9505768439230444e-07,L65M
-0.5147733745950894,1110.0,2264.0,0.03842356516293035,9.076562639280499e-49,L65N
-1.2218206163410958,703.0,864.0,0.08608689377675141,3.469446951953614e-18,L65P
-0.32044024907849095,552.0,1276.0,0.11638296982564719,0.0,L65Q
-0.4633965986825092,1302.0,2707.0,0.039786878382396466,4.127503460543691e-14,L65R
-0.44486517394538155,783.0,1650.0,0.045275937855567085,2.2612932282657088e-136,L65S
0.2611900730128577,65.0,217.0,0.14555624613508636,3.0746260722358615e-11,L65T
-0.4821946761428357,133.0,282.0,0.10755512045772087,4.0669503717828263e-23,L65V
0.14823158577146134,657.0,2076.0,0.04647167061355338,4.547706425906597e-118,L65W
-0.026152253050853773,1003.0,2857.0,0.11349476761546716,0.0,L65Y
-2.562272400591223,678.0,327.0,0.21575377519969202,1.3877787807814457e-17,L65_
-0.7169478368310866,755.0,1299.0,0.0768190970325516,0.0,L69A
-0.6047654731777812,1218.0,2347.0,0.06080273432167787,0.0,L69C
-0.14980328123958303,444.0,1177.0,0.09488324893015619,0.0,L69D
-0.8185824832382937,626.0,1029.0,0.05279555756728482,5.825605605504336e-07,L69E
-0.4664565437218111,664.0,1393.0,0.18113785061332902,6.938893903907228e-18,L69F
-0.6294810448342115,999.0,1897.0,0.051728895918320035,0.0,L69G
-0.3295601216909098,545.0,1254.0,0.05315125859934173,1.1517139527594768e-118,L69H
-0.3570981085569617,664.0,1514.0,0.07238259341418649,0.0,L69I
-0.6069767964343677,1182.0,2292.0,0.08523853439783224,0.0,L69K
-0.3367838180007725,590.0,1325.0,0.05120349907370194,3.019961870221751e-08,L69M
-1.1699559932246864,543.0,683.0,0.05956599353051624,9.339615057539803e-68,L69N
-0.19158875900127412,617.0,1524.0,0.04955674792014637,7.63898781209741e-132,L69P
-0.6731217928018504,789.0,1430.0,0.04629925134115049,1.0224632750133823e-138,L69Q
-0.8450264443777242,851.0,1331.0,0.04578723830640796,2.5024432997544532e-113,L69R
-0.4486889876611668,754.0,1600.0,0.08699301294045825,5.204170427930421e-18,L69S
-0.38241270516343046,1205.0,2690.0,0.03642424755123487,5.944216105735069e-47,L69T
-0.08822078695203468,871.0,2369.0,0.07902941338256389,0.0,L69V
1.6851590462698918,2162.0,20232.0,0.11693557618540183,0.0,L69W
-0.20668640767581273,663.0,1708.0,0.04761342553084428,9.073716956663665e-96,L69Y
-2.6566555557844267,1103.0,503.0,0.06785808832079089,0.0,L69_
-0.7655700905359517,357.0,627.0,0.06847991790094292,2.4351637369950526e-101,L75A
-2.168042664607866,959.0,633.0,0.053198420222972796,1.8582442176992038e-60,L75C
-2.513545187785119,610.0,319.0,0.07137823453732672,5.377581672814887e-230,L75D
-2.289012700694049,782.0,464.0,0.06125932516903553,7.481988067995686e-07,L75E
-1.3266207840778352,517.0,607.0,0.062379450082986364,4.202691186454605e-25,L75F
-0.8684200363383712,464.0,743.0,0.15038873495050836,0.0,L75G
-2.7075830678544213,499.0,224.0,0.09803389971140683,6.591949208711867e-17,L75H
0.25299528421876327,414.0,1410.0,0.05770227662045664,9.022680007892474e-68,L75I
-2.7912743345561415,418.0,168.0,0.1263015588119385,0.0,L75K
-0.5215506956152737,538.0,1093.0,0.05478293393196353,3.2381318238161436e-40,L75M
-2.5876565437309433,868.0,423.0,0.25274527256237317,0.0,L75N
-1.8506199728106265,414.0,340.0,0.12260381149331408,6.938893903907228e-18,L75P
-1.7040553823752502,511.0,446.0,0.06708077615730519,3.288134743341185e-118,L75Q
-2.907234080090379,501.0,195.0,0.08659097178926739,1.779177484808455e-75,L75R
-1.350569833260621,287.0,347.0,0.08252211026409793,2.8022220936976363e-284,L75S
-0.8219704306848206,451.0,721.0,0.1368369444472019,0.0,L75T
-0.29724473229850734,594.0,1380.0,0.14212890311770598,0.0,L75V
-1.8882116088903116,490.0,376.0,0.071056655347396,4.446216508726207e-165,L75W
-1.6278671504548208,451.0,432.0,0.08431150458438061,0.0,L75Y
-2.7717134221111563,1146.0,489.0,0.14550336030903338,0.0,L75_
-0.6123785554299732,337.0,635.0,0.06980679120387046,8.106994907240967e-70,L77A
-0.16518073041563688,417.0,1086.0,0.22176529496200217,1.3877787807814457e-17,L77C
-0.9258027316098594,654.0,1000.0,0.07234858164238844,0.0,L77D
-1.160539846106732,507.0,639.0,0.061486826603684624,9.935274219437188e-26,L77E
-0.23820491075364117,417.0,1011.0,0.060152337754891455,1.7602267822618167e-301,L77F
-0.7818699080918888,688.0,1167.0,0.0501117526254756,3.2982196380812915e-108,L77G
-1.554903304627854,1527.0,1491.0,0.13802934949618306,0.0,L77H
-1.2747224149568241,222.0,253.0,0.12853505978241184,0.0,L77I
-2.4610069002171295,554.0,295.0,0.0744717149360298,7.883886575335297e-277,L77K
-0.5711417935629195,466.0,918.0,0.1264896631975111,0.0,L77M
-0.7945682063980004,606.0,1034.0,0.053152988152406634,1.0252871700016385e-135,L77N
-1.6773365459012006,467.0,419.0,0.07008364521031835,9.386881833028588e-15,L77P
-1.391526619012991,904.0,993.0,0.04809177664358131,1.493959957866005e-85,L77Q
-3.0625559706845142,1051.0,366.0,0.1181890472936947,3.469446951953614e-18,L77R
0.9667759955179855,1112.0,6389.0,0.1279802384149837,3.469446951953614e-18,L77S
-0.9200313885756856,762.0,1141.0,0.19883861832301686,0.0,L77T
-1.4266165892373333,951.0,1029.0,0.046928494544169766,2.0159869470684386e-51,L77V
-0.7090364548881821,420.0,772.0,0.06274886758457003,5.256895867225144e-154,L77W
-0.13596033575842265,1022.0,2673.0,0.201161495631686,0.0,L77Y
-2.405388401535425,575.0,310.0,0.07283601666880464,2.2173702285266687e-245,L77_
-0.19188317161209983,699.0,1760.0,0.1596496703080205,0.0,L8A
-1.4909163059344879,996.0,1013.0,0.04651090788176032,3.699891858788068e-15,L8C
-1.8093746575188199,261.0,215.0,0.09564281338768804,1.693291306029482e-33,L8D
-1.278532876629864,231.0,275.0,0.09268936913504038,3.012672361912437e-31,L8E
-2.436713945715443,40.0,20.0,0.29901224557054146,9.264731583285418e-07,L8F
-0.09365952670902505,650.0,1748.0,0.07976851386413551,0.0,L8G
-0.6837468176271236,647.0,1198.0,0.05078468284848888,1.3247867210646253e-212,L8H
-0.8339335774039787,641.0,1078.0,0.051808678366308474,3.2465947874357974e-60,L8I
-0.5762817773996434,1053.0,2101.0,0.0396678928731329,2.986324759567131e-76,L8K
-0.19481086694474054,716.0,1833.0,0.23096595402489717,1.3877787807814457e-17,L8M
-0.24696818042823163,558.0,1369.0,0.09709774622611843,1.734723475976807e-18,L8N
-0.7641752674124537,690.0,1151.0,0.07844500122355863,8.673617379884035e-19,L8P
-0.8433206581861956,441.0,706.0,0.13481658195207846,3.469446951953614e-18,L8Q
-1.9489438743494363,230.0,186.0,0.1503637971883522,6.938893903907228e-18,L8R
-0.52493945696416,475.0,981.0,0.15917565002255277,0.0,L8S
-1.2853189015731568,578.0,670.0,0.15069459818855632,6.938893903907228e-18,L8T
-0.5745408561905364,411.0,792.0,0.1578047877501981,1.3877787807814457e-17,L8V
-1.7723666751518374,674.0,566.0,0.22794802297118044,5.551115123125783e-17,L8W
-1.3010937076710252,738.0,856.0,0.07260741826021361,8.673617379884035e-19,L8Y
-2.690617192298418,1082.0,483.0,0.08393037209579483,0.0,L8_
-0.016585250094394512,551.0,1616.0,0.22877488663850956,1.3877787807814457e-17,L94A
-0.042249743327590725,638.0,1779.0,0.04792667293877652,3.9295523859261405e-130,L94C
-0.9950725536533688,635.0,922.0,0.0681052344780643,0.0,L94D
-0.6601834189217649,640.0,1198.0,0.06600090854549677,0.0,L94E
-0.7859852091008551,553.0,925.0,0.055751503280604575,5.815738455377113e-07,L94F
0.1285149762744995,457.0,1451.0,0.24646327229927625,2.7755575615628914e-17,L94G
-0.42559976067715166,469.0,1016.0,0.17738718185385333,0.0,L94H
0.292618231018648,376.0,1342.0,0.08882719951583269,1.734723475976807e-18,L94I
-2.241192260820806,668.0,404.0,0.14364444343649901,0.0,L94K
-0.31286784792777894,236.0,556.0,0.090114514631233,3.111786002485406e-13,L94M
-0.27010474821619945,338.0,800.0,0.09088933933160678,8.673617379884035e-19,L94N
-0.11203675686165832,511.0,1377.0,0.053665019136379395,3.2800517453565268e-130,L94P
-0.7450564774648215,738.0,1241.0,0.1277747737274389,0.0,L94Q
-2.3178407347185157,883.0,521.0,0.09603155686279331,0.0,L94R
-0.533741530624038,981.0,1950.0,0.1176319564480303,0.0,L94S
-0.030706377868959057,577.0,1642.0,0.050135517561482795,9.935654836300482e-169,L94T
0.3858409324990156,478.0,1808.0,0.05309154399244351,1.2175341787312348e-135,L94V
-1.9143032122736328,363.0,284.0,0.17756661949925714,6.938893903907228e-18,L94W
-2.0561900443038152,294.0,201.0,0.13779480005073305,0.0,L94Y
-2.8202928148582034,775.0,315.0,0.16385313046473265,2.7755575615628914e-17,L94_
-0.4737294540795117,385.0,817.0,0.12011908530776023,1.3877787807814457e-17,L96A
-0.6288977150143481,603.0,1091.0,0.052684906111545096,6.355948368572407e-180,L96C
-0.4879747749810548,795.0,1653.0,0.2818598753728158,2.7755575615628914e-17,L96D
-0.3627233629201732,525.0,1168.0,0.06509777711607935,8.673617379884035e-19,L96E
-0.10064223738989103,721.0,1912.0,0.04554412109993829,3.0914950100908435e-33,L96F
-0.5484153382446244,577.0,1135.0,0.06291519802640277,1.3877787807814457e-17,L96G
-0.9010949149901605,719.0,1116.0,0.07204569013762357,0.0,L96H
-0.015201114378543625,459.0,1363.0,0.05578156484013604,0.0,L96I
-2.645062372322375,265.0,135.0,0.2649408624577616,0.0,L96K
-0.35093907439445654,615.0,1412.0,0.05996542314635876,8.673617379884035e-19,L96M
-0.9509746262370787,299.0,446.0,0.09427827656768839,0.0,L96N
-1.200593586916633,898.0,1128.0,0.04659921525699532,5.974257040328332e-16,L96P
-0.5391541258232093,458.0,932.0,0.09337124694614808,0.0,L96Q
-2.813523543658042,740.0,292.0,0.1537095418756611,6.938893903907228e-18,L96R
-1.307224744294725,764.0,871.0,0.05152112630154384,2.7542460302868663e-43,L96S
-0.7161878564935169,598.0,1016.0,0.17845216730635977,0.0,L96T
-0.43021767913964165,518.0,1151.0,0.05484970814222895,1.983666356306962e-234,L96V
-0.6963368710710549,1205.0,2091.0,0.03807284523214792,1.4980725791559434e-85,L96W
0.021408132703378616,332.0,986.0,0.21947884618893587,1.3877787807814457e-17,L96Y
-2.5269665265643346,633.0,320.0,0.09544652723974734,0.0,L96_
-0.18474950734081821,351.0,901.0,0.09280446257951495,1.734723475976807e-18,M103A
-0.3906840012142788,355.0,791.0,0.181603584136645,0.0,M103C
-2.7328203658759955,515.0,229.0,0.08169686431069441,1.38499799160847e-109,M103D
-2.909091824325324,289.0,113.0,0.2624597901025735,0.0,M103E
-0.13544593291950394,406.0,1078.0,0.06006722830380636,1.2222102375785435e-102,M103F
-0.5710308005111808,501.0,937.0,0.1877551108465057,0.0,M103G
-1.4267037116948056,889.0,968.0,0.050587189512453945,5.748229599505505e-09,M103H
-0.3530111606656597,418.0,911.0,0.061141487663681396,1.1832937935539167e-107,M103I
-1.9480891558821114,420.0,301.0,0.07849597780088981,4.4200538964008063e-17,M103K
-0.3144653058699691,788.0,1814.0,0.05209308477761226,1.8865117801247777e-17,M103L
-2.0028525981168945,824.0,612.0,0.055664280957377264,2.404447435908258e-51,M103N
-2.9474837993941714,551.0,213.0,0.08342868442754228,7.569974945122872e-12,M103P
-1.450454908863634,482.0,502.0,0.08440510642531572,0.0,M103Q
-2.6156197417407885,391.0,186.0,0.24783031145539627,6.938893903907228e-17,M103R
-0.39996386596373146,469.0,1029.0,0.2178676305450802,1.3877787807814457e-17,M103S
-0.8583429539561294,370.0,604.0,0.19312848665177268,1.3877787807814457e-17,M103T
-0.3480906973137345,624.0,1419.0,0.09522538687506617,3.469446951953614e-18,M103V
-0.14006899044492585,369.0,971.0,0.1792110407470297,6.938893903907228e-18,M103W
-0.9718638675893296,551.0,839.0,0.05686897084588475,1.6906394288425577e-76,M103Y
-2.854404970572892,694.0,272.0,0.08433054398227591,1.5243882545146192e-15,M103_
-0.46899962523595284,625.0,1346.0,0.14579071265252894,0.0,M107A
0.001753825488115894,416.0,1239.0,0.18589625230825943,0.0,M107C
-2.4527197832132583,632.0,336.0,0.09918977197260918,3.469446951953614e-18,M107D
-2.358695018174056,845.0,469.0,0.15195570795020846,1.3877787807814457e-17,M107E
-0.16532659420870244,779.0,2037.0,0.07967989667569415,0.0,M107F
-0.47255674819021753,867.0,1796.0,0.21227262682235876,1.3877787807814457e-17,M107G
-0.9747933897707378,913.0,1285.0,0.045254522505385864,3.9800787623437303e-168,M107H
-1.191229267824084,205.0,250.0,0.09723962443154528,3.9529199870736106e-297,M107I
-1.6195040685378612,653.0,601.0,0.14403882154484843,0.0,M107K
-0.14502241892427892,282.0,754.0,0.07208239260909623,1.9103427511722783e-51,M107L
-0.79074227839937,399.0,644.0,0.12524806122759122,0.0,M107N
-2.84129855512975,324.0,126.0,0.21589284031423311,0.0,M107P
-1.02320569720888,740.0,1037.0,0.054879537667748265,1.2211801448530624e-11,M107Q
-2.678125749652239,714.0,321.0,0.25151918741374213,0.0,M107R
-0.45084881009357947,485.0,1052.0,0.056893384229458735,2.7787504953918057e-213,M107S
-0.49864902119455584,600.0,1251.0,0.1816171811858508,1.3877787807814457e-17,M107T
-1.2095424603227878,602.0,730.0,0.057053518049572906,2.228032726918397e-43,M107V
-0.7379475711122644,666.0,1168.0,0.21554683456325072,0.0,M107W
-0.37302961614861735,543.0,1187.0,0.07765902811109851,1.734723475976807e-18,M107Y
-2.7377097295273796,507.0,218.0,0.0983844188611248,5.204170427930421e-18,M107_
-1.4312901046790016,398.0,429.0,0.07243055755903294,2.2943924270693456e-23,M109A
-1.4978379182991957,400.0,412.0,0.17266637300123547,0.0,M109C
-2.3500657374658878,290.0,165.0,0.2221035049616893,0.0,M109D
-1.7899599876479872,201.0,166.0,0.10979849876132006,6.260589790118773e-07,M109E
-0.8688673808656922,270.0,411.0,0.1346404048289941,0.0,M109F
-1.0843290065546203,832.0,1123.0,0.14051411308797931,0.0,M109G
-0.5780900926643345,577.0,1139.0,0.11770477662997181,1.0408340855860843e-17,M109H
-0.9245993851265945,217.0,339.0,0.08962515389212129,1.9992673886578826e-165,M109I
-2.2879434033484474,816.0,473.0,0.05980373822320207,3.5656504672542586e-65,M109K
-0.9463705383609213,633.0,950.0,0.10008117437990774,0.0,M109L
-0.21080519840697634,363.0,915.0,0.10309386831855752,0.0,M109N
-2.956641119746798,727.0,264.0,0.07428172913359261,2.940265577331539e-23,M109P
-0.5660671653416297,522.0,1006.0,0.30773217466617714,0.0,M109Q
-2.109796770741143,618.0,413.0,0.1622736365542319,0.0,M109R
-0.4626846640269163,803.0,1638.0,0.06733749785875692,0.0,M109S
-0.5360810212934795,608.0,1245.0,0.14776901280012567,1.3877787807814457e-17,M109T
-1.4884866763182114,972.0,981.0,0.08046898254282579,0.0,M109V
-0.5581705525575884,422.0,834.0,0.1311997069283971,6.938893903907228e-18,M109W
-0.3868045427033671,635.0,1403.0,0.04959851900305927,6.103456927718783e-41,M109Y
-2.788210038823613,486.0,203.0,0.08587018367593216,4.915992036205254e-114,M109_
-0.8692154848714924,740.0,1172.0,0.04888783221547938,2.4481566394340093e-100,M132A
-0.9637616094854577,715.0,1023.0,0.050584579349736855,1.0431995329049756e-09,M132C
-2.7385645526831874,457.0,197.0,0.08787179420212653,2.0717831195896993e-119,M132D
-2.042195442450995,423.0,303.0,0.07777316575925682,1.1251181299690964e-176,M132E
-0.21340784754018868,512.0,1299.0,0.05419497520650175,3.9148693117810575e-27,M132F
-1.6449028157134553,730.0,669.0,0.07520227022171912,0.0,M132G
0.05662617978171362,1167.0,3639.0,0.16496376311935657,0.0,M132H
-1.265391612777399,797.0,948.0,0.050020445664312685,6.1033441811545855e-59,M132I
-1.8584943739320818,883.0,688.0,0.052840545334914765,1.0050412581585827e-58,M132K
-0.7998949142666925,442.0,758.0,0.12822407237467057,3.469446951953614e-18,M132L
-2.300463174086652,766.0,445.0,0.06155089026460315,1.6139835608063693e-17,M132N
-2.9417208250770113,547.0,211.0,0.1492598592685008,0.0,M132P
-0.43525473477973275,470.0,982.0,0.15388609902372755,6.938893903907228e-18,M132Q
-2.7333112256378507,670.0,284.0,0.07337398950855588,5.8044900781036076e-12,M132R
-1.2559533332001123,449.0,544.0,0.20462546174116428,4.163336342344337e-17,M132S
-1.2248793426475217,733.0,878.0,0.05197775204059398,9.649894992447421e-44,M132T
-1.7410763828264526,557.0,502.0,0.06374431551088904,6.716670404416721e-80,M132V
-1.220340027627303,263.0,340.0,0.0845376367297556,2.419823580230297e-46,M132W
-0.6156200911473937,1300.0,2398.0,0.04148990202617354,1.2408693864096598e-15,M132Y
-2.6396109639906435,789.0,367.0,0.06512310304122432,2.7804109939140147e-34,M132_
-0.9409374074009456,660.0,983.0,0.052490766841857044,1.958182266773697e-52,M150A
-0.42328548284212175,726.0,1521.0,0.07325745640178005,0.0,M150C
-2.5495570412331507,389.0,190.0,0.1617042044961308,0.0,M150D
-0.5245523124903445,596.0,1221.0,0.07900336005426953,3.469446951953614e-18,M150E
-0.653979667379248,692.0,1295.0,0.07142705849116267,8.673617379884035e-19,M150F
-0.932321709615866,617.0,942.0,0.19679529170863475,0.0,M150G
-0.645196836965507,392.0,722.0,0.08524473229932163,1.734723475976807e-18,M150H
-0.6764740279328085,542.0,952.0,0.08912981927290252,0.0,M150I
-1.9449733648026504,144.0,106.0,0.13475781089929653,3.1628733253419696e-06,M150K
-0.8384646266608544,514.0,822.0,0.16734574917163142,0.0,M150L
-1.0250700627202693,579.0,837.0,0.10444114368445057,5.204170427930421e-18,M150N
-1.39049925915594,875.0,925.0,0.09024026334360379,0.0,M150P
-0.33829366017323553,981.0,2231.0,0.13889556463700373,0.0,M150Q
-2.0102004862220273,476.0,343.0,0.10388853484435619,0.0,M150R
-0.45369184899738313,540.0,1140.0,0.13467191815278068,1.3877787807814457e-17,M150S
-0.21303943981469847,449.0,1092.0,0.058156908692095825,1.414414580890318e-16,M150T
-0.4668121339220184,328.0,694.0,0.06952791844191257,1.496471038607776e-08,M150V
-0.8274591044797319,610.0,996.0,0.10492834972836466,3.469446951953614e-18,M150W
-0.5961886887447566,1049.0,2000.0,0.040046609427509164,4.250243574497081e-50,M150Y
-2.686911525658409,651.0,288.0,0.07875924565125458,4.6560470106163376e-11,M150_
-0.42867696230427765,917.0,1932.0,0.041844208429037945,1.1239793356639885e-35,M157A
-0.4581071149472456,864.0,1803.0,0.21803201058440816,0.0,M157C
-0.1181620005092258,432.0,1144.0,0.05815792885105427,2.164777285030414e-11,M157D
-0.03247391990681957,610.0,1733.0,0.04876953006672476,5.526376768597717e-75,M157E
-0.9736871564347284,666.0,970.0,0.15059187413868633,6.938893903907228e-18,M157F
-0.46965757421205023,744.0,1599.0,0.04614558153994208,2.0640323234184516e-26,M157G
-0.4123016446035283,842.0,1813.0,0.08119601253448391,0.0,M157H
-0.07812048934814694,923.0,2533.0,0.040140637990980076,6.296890674790751e-85,M157I
-0.077631386628604,826.0,2231.0,0.04242995613016285,2.82303120041913e-07,M157K
-0.014583817640720953,760.0,2168.0,0.1480268544996593,0.0,M157L
-0.3554076439192032,704.0,1625.0,0.10223259854343636,0.0,M157N
-0.854221912320207,503.0,805.0,0.15220075929426172,0.0,M157P
-0.2176360882740062,801.0,2020.0,0.1141416190912097,0.0,M157Q
-0.5158236201667666,575.0,1147.0,0.05297139402403451,1.1877395617531386e-86,M157R
-0.3264557526172024,1083.0,2465.0,0.03825930870195217,1.6973988098425552e-182,M157S
-0.5090642829028685,1356.0,2812.0,0.09230563789416567,5.204170427930421e-18,M157T
-0.10235963886304855,488.0,1289.0,0.05495541979807529,6.816113781477765e-187,M157V
-0.13770869988172116,538.0,1423.0,0.12758935771569507,3.469446951953614e-18,M157W
0.05965722967202784,326.0,957.0,0.06618195512659969,3.35900448321504e-44,M157Y
-2.7317391197532666,719.0,314.0,0.09232592449034507,1.734723475976807e-18,M157_
-0.11550916739928244,886.0,2429.0,0.08731802480665969,0.0,M172A
-0.46874740961267464,470.0,1026.0,0.05758586901078875,1.288142544480242e-57,M172C
-0.09101276038357865,160.0,428.0,0.21350384013485582,0.0,M172D
-1.0770635571519003,1280.0,1725.0,0.06550150071295066,0.0,M172E
-0.14485545013764203,788.0,2051.0,0.06592414107260085,8.673617379884035e-19,M172F
-0.14915190376206192,718.0,1937.0,0.045593860348525646,3.2966587185814297e-09,M172G
-0.6145815718845985,581.0,1098.0,0.053250304091493186,1.6775704519950076e-150,M172H
-0.42925610168305617,498.0,1107.0,0.08282585917009322,2.6020852139652106e-18,M172I
-0.33290648644161264,434.0,1006.0,0.38358837921329175,0.0,M172K
-0.05203542396762646,823.0,2252.0,0.0424956116063548,9.646904077870412e-90,M172L
-0.7590147387246612,696.0,1221.0,0.04956620808908824,6.665849924833229e-66,M172N
-0.6192035142157296,1078.0,2044.0,0.12281097027433864,1.734723475976807e-17,M172P
-0.16633087469123412,424.0,1082.0,0.06137588115812474,2.326456411804595e-08,M172Q
-0.7386840422684803,515.0,904.0,0.057366385708704996,5.453982549366814e-104,M172R
-0.39072416956090616,664.0,1440.0,0.06378408270012126,8.673617379884035e-19,M172S
-0.41461823801534875,337.0,730.0,0.0678219753328025,4.769215226511365e-52,M172T
-0.39235043021077826,574.0,1286.0,0.05225227337428468,5.957263976584824e-24,M172V
-0.811798060719659,466.0,777.0,0.060709615476611176,3.478561720130164e-171,M172W
-0.32648151208879994,616.0,1383.0,0.07318809234840637,1.734723475976807e-18,M172Y
-2.623399397609967,536.0,249.0,0.17224690212082103,0.0,M172_
-2.719621722694687,652.0,286.0,0.07348525308178865,2.3237366602044928e-21,M1A
-3.1753188910959045,843.0,272.0,0.0721138889258458,4.566057110751827e-07,M1C
-1.9704378668886846,1105.0,800.0,0.05856694902201338,0.0,M1D
-2.577988066666354,879.0,423.0,0.061435846963623496,1.3065861844472694e-48,M1E
-2.6473940054856797,1065.0,476.0,0.05693468268676366,5.685915221257486e-17,M1F
-2.7421078715782583,358.0,153.0,0.272287395329092,0.0,M1G
-2.8753216900566354,1467.0,582.0,0.050880664334937646,1.2201274932279604e-228,M1H
-2.70028764653323,677.0,301.0,0.07142269648332408,8.342491839529825e-137,M1I
-2.9825996757945843,538.0,193.0,0.22291308685383932,0.0,M1K
-2.6913259038865815,921.0,409.0,0.07097639035302597,1.5053062962788744e-15,M1L
-2.8657896269851912,1214.0,485.0,0.10767043223628629,0.0,M1N
-2.8467279514091595,653.0,262.0,0.14338786335083947,1.734723475976807e-17,M1P
-2.5584479644229896,260.0,124.0,0.11177397429779035,3.475133279245612e-61,M1Q
-2.721801472927556,792.0,351.0,0.06642646688102781,9.403371845672999e-57,M1R
-2.7984554934381003,557.0,236.0,0.19107410636638508,6.938893903907228e-18,M1S
-2.6309268608231364,917.0,422.0,0.23151605230426076,4.163336342344337e-17,M1T
-2.684609955481262,622.0,276.0,0.1659112829073678,0.0,M1V
-2.87337513545034,539.0,211.0,0.22321449926165063,0.0,M1W
-3.1582189600845347,1172.0,382.0,0.060949189994200605,2.442295572859587e-40,M1Y
-2.844459375099785,686.0,273.0,0.1727525932983566,6.938893903907228e-18,M1_
-0.6110867402031742,935.0,1764.0,0.042355641354661244,8.186963349157134e-128,M263A
-0.030607499735063697,892.0,2532.0,0.0406644590952655,2.036702498628054e-198,M263C
-0.28373773145609676,1720.0,4136.0,0.030502174327749113,3.680765191607044e-62,M263D
-0.44339204085584016,984.0,2104.0,0.04044042371373344,2.308772925192264e-234,M263E
-0.5110227248364102,942.0,1918.0,0.04153936574078283,2.5300339415234054e-20,M263F
-0.9859014656493847,1536.0,2272.0,0.07155408077210447,0.0,M263G
-0.5955403424710438,657.0,1269.0,0.11179557075978443,3.469446951953614e-18,M263H
-0.5920145781662387,1310.0,2506.0,0.0774692218553127,0.0,M263I
-2.437920352820604,599.0,324.0,0.2960044331744074,0.0,M263K
0.21633500068194222,1078.0,3689.0,0.10530650743972407,1.0408340855860843e-17,M263L
-0.13324180558684712,1228.0,3267.0,0.03519435839909472,1.0074753323521332e-62,M263N
-0.6356675571578058,904.0,1647.0,0.04330509747298856,1.0310753347098381e-120,M263P
-0.5389350445900226,1173.0,2351.0,0.14991566291626202,0.0,M263Q
-0.8127874092354734,1559.0,2534.0,0.034624083581458374,1.6835763924332304e-07,M263R
-0.501741074076683,1071.0,2156.0,0.05047540841922237,0.0,M263S
-0.3896785765481001,868.0,1942.0,0.09023530908216491,5.204170427930421e-18,M263T
-0.6112744793703634,1059.0,1952.0,0.04003088376870111,1.923750117494014e-197,M263V
-0.4122486913685252,1349.0,2886.0,0.12672853730484887,0.0,M263W
-0.16261371667690588,1324.0,3420.0,0.04444504358354934,2.168404344971009e-19,M263Y
-2.7090429605557644,1066.0,481.0,0.07531772301261522,0.0,M263_
-1.487389429531902,1025.0,1090.0,0.05252186469949838,6.884683795282953e-16,M296A
-1.0347472772546655,1259.0,1759.0,0.1633670026327244,0.0,M296C
-2.719406458518845,1235.0,541.0,0.09492094832177858,1.734723475976807e-18,M296D
-0.9779411812430768,1030.0,1490.0,0.09343726245321475,0.0,M296E
-1.804700175870542,1027.0,867.0,0.0727870145909698,1.734723475976807e-18,M296F
-1.84280504801195,1278.0,1032.0,0.1560002839510741,6.938893903907228e-18,M296G
-2.0856701399416284,1104.0,732.0,0.07824431347518637,0.0,M296H
-0.6717924684847286,969.0,1748.0,0.042017372874984624,4.912178046919311e-40,M296I
-1.9315278220669854,959.0,724.0,0.0939772631156575,0.0,M296K
0.2425917380027252,1066.0,3674.0,0.07408739859517743,0.0,M296L
-2.9826784136008,2295.0,846.0,0.1056571813115124,0.0,M296N
-2.807522586893453,1031.0,421.0,0.06009900746336192,2.2039095450054273e-07,M296P
-0.5918018994968776,1528.0,2938.0,0.06519505135656527,1.734723475976807e-18,M296Q
-1.0145862205621319,1404.0,1997.0,0.0368137234235716,7.981890469417779e-45,M296R
-2.0372820565412706,868.0,616.0,0.0546182031371188,1.6654340579869454e-14,M296S
-0.5317867724346342,724.0,1466.0,0.16274886588082946,0.0,M296T
-1.9990365416345517,976.0,710.0,0.051285770261898095,8.790841162436103e-45,M296V
-2.5438971674105146,840.0,414.0,0.21242990779311285,0.0,M296W
-1.8857721868246515,1371.0,1064.0,0.04284061663334771,0.0,M296Y
-2.7600826061863506,715.0,307.0,0.14291698675765657,0.0,M296_
-0.5134867362076881,672.0,1357.0,0.15015316558122993,0.0,M308A
-0.45963020571634505,1122.0,2332.0,0.038149909622612777,7.362406442343038e-257,M308C
-2.507518816930464,1098.0,563.0,0.10110708163364668,3.469446951953614e-18,M308D
-2.023062645998292,681.0,489.0,0.07088271261861302,2.684484579074109e-16,M308E
-0.8519422381464128,931.0,1515.0,0.13572858323921852,2.0816681711721685e-17,M308F
-2.680587368832341,4820.0,2200.0,0.02770786596295652,1.0349446225484648e-226,M308G
-2.3239791923234407,1383.0,800.0,0.11646319932211288,1.0408340855860843e-17,M308H
-0.2882330745298878,499.0,1168.0,0.05522272730951768,3.120906328714895e-20,M308I
-2.891383742064942,2153.0,836.0,0.05157382643768134,0.0,M308K
-0.3580730554922643,1008.0,2253.0,0.039666483830771086,1.7474822436150915e-116,M308L
-1.5640386419153212,618.0,605.0,0.16003236470885177,1.3877787807814457e-17,M308N
-2.605654180692938,1219.0,569.0,0.052719819379247565,8.189243174639374e-252,M308P
-2.367260839979495,2480.0,1396.0,0.03533210669690886,1.963507920978866e-60,M308Q
-2.6620840390586413,1078.0,499.0,0.05606565892087039,1.5434677152201324e-82,M308R
-0.9091011333391109,1201.0,1854.0,0.1837983148687307,0.0,M308S
-1.2917822262909062,586.0,694.0,0.19876571398920517,0.0,M308T
-0.07434608667496874,808.0,2180.0,0.1252289112903738,0.0,M308V
-1.4606285476339966,1715.0,1797.0,0.06308054108398149,1.734723475976807e-18,M308W
-3.3797144610701118,7168.0,2017.0,0.06123583261931018,1.734723475976807e-18,M308Y
-2.873437380232431,1085.0,421.0,0.05958700024498794,2.9572789593139225e-16,M308_
-0.05060349985630595,858.0,2407.0,0.04154955411740107,2.877563634851229e-47,M338A
0.16761729906812964,1493.0,4807.0,0.06938819404505278,3.469446951953614e-18,M338C
-2.367204523126726,1199.0,664.0,0.05025090544558717,5.3044516074440974e-42,M338D
-2.778347230389803,1340.0,554.0,0.08436974145355675,0.0,M338E
-0.3011213738587935,1087.0,2625.0,0.03785027952822453,1.7531388673176659e-168,M338F
0.006653371093810363,804.0,2325.0,0.042557118788597574,2.7300539888377165e-45,M338G
-2.3294481005376295,1261.0,730.0,0.09881796670409723,1.734723475976807e-18,M338H
-0.7449768976178578,961.0,1678.0,0.04242317623810647,3.8563595527731323e-69,M338I
-2.6055592340505354,1437.0,651.0,0.08455593846313751,1.734723475976807e-18,M338K
-0.2831661552886952,717.0,1713.0,0.11993811546923658,0.0,M338L
-3.1075857152915143,2709.0,919.0,0.03999514727795652,8.393134942676595e-67,M338N
-2.651786925096979,1336.0,607.0,0.14991029710693637,2.0816681711721685e-17,M338P
-1.4204351624826455,953.0,1007.0,0.04736983625228375,5.616334340416398e-21,M338Q
-2.966845339579181,2342.0,875.0,0.0469927497441177,4.098934733298698e-15,M338R
-0.30932895861954063,1578.0,3675.0,0.03192609069072027,6.766743316051844e-212,M338S
-0.4415000330472151,1935.0,4082.0,0.05373116062579219,0.0,M338T
-0.56806414643978,158.0,330.0,0.24226272138425484,4.163336342344337e-17,M338V
-1.5583200488961964,578.0,593.0,0.06082592318688709,1.0245151578688953e-101,M338W
-1.8591714229769931,1681.0,1321.0,0.12197798307308498,0.0,M338Y
-2.760194089940897,741.0,316.0,0.19591556626833295,0.0,M338_
-2.1776147278094116,1193.0,760.0,0.09111403346459965,0.0,M361A
-1.4180343924453729,1797.0,1976.0,0.03455611959421273,6.391512826216677e-178,M361C
-2.0614049603665645,1044.0,734.0,0.1744847617252359,0.0,M361D
-0.9339376217481915,1385.0,2088.0,0.15741482255233513,6.938893903907228e-18,M361E
-0.5100647477849917,765.0,1555.0,0.04604160596025193,0.0,M361F
-2.336938042656403,2419.0,1379.0,0.09944091781624625,3.469446951953614e-18,M361G
-1.1882952890317164,752.0,954.0,0.1406927848640479,2.0816681711721685e-17,M361H
-0.7487369774550502,628.0,1095.0,0.1880314103892649,1.3877787807814457e-17,M361I
-2.9019568657799164,1364.0,516.0,0.053439044044857456,1.7133829196531443e-44,M361K
-0.9337062414783783,940.0,1420.0,0.11447202334194016,1.0408340855860843e-17,M361L
-1.4427423833985151,809.0,864.0,0.12353075146291784,6.938893903907228e-18,M361N
-2.7650518558566652,1541.0,658.0,0.08825795275445913,0.0,M361P
-0.1995527554490629,466.0,1150.0,0.056776784382329616,3.6002545004903235e-202,M361Q
-2.780573235679765,1681.0,700.0,0.12660775162462978,6.938893903907228e-18,M361R
-1.9814607301137228,757.0,555.0,0.155839851840153,6.938893903907228e-18,M361S
-1.2953119420133825,769.0,886.0,0.07936073282211567,1.734723475976807e-18,M361T
-1.2418788959841065,857.0,1080.0,0.13603727180322792,0.0,M361V
-1.6055782799150415,1107.0,1043.0,0.04522449536885838,1.564127049574644e-101,M361W
-1.8609801383756364,1016.0,797.0,0.1212783774622093,1.734723475976807e-17,M361Y
-2.493790216836418,1191.0,601.0,0.051866669204114084,7.69559569959376e-25,M361_
-0.013498134020324655,1007.0,2875.0,0.038253641286774206,3.057443794352778e-08,M388A
-0.1122120962824966,925.0,2478.0,0.04030257258416119,1.34676664124788e-103,M388C
-0.0753049197538834,1765.0,4864.0,0.02961750565544331,1.601548347901805e-96,M388D
-0.16306599927039572,657.0,1659.0,0.12950389700376164,0.0,M388E
-0.14153004331860172,1195.0,3105.0,0.09883223348400541,0.0,M388F
-0.013610328873223295,1277.0,3658.0,0.034263022728091924,4.0974351335122615e-96,M388G
-0.7076507090939416,1247.0,2198.0,0.17257121972867495,0.0,M388H
0.2151730234900146,646.0,2176.0,0.10282837496160238,0.0,M388I
0.019939272541725124,866.0,2522.0,0.04104688425761344,2.0067456155588688e-78,M388K
-0.03941898329774637,995.0,2799.0,0.04747913676841945,0.0,M388L
-0.018484578767092117,1085.0,3067.0,0.036969303116830964,1.943949612340159e-12,M388N
0.028771694189530364,1359.0,3988.0,0.03312067654480898,9.858925246412154e-81,M388P
-0.014149403282887366,1791.0,5119.0,0.029238170545459193,2.0155698395793789e-75,M388Q
-0.24315333812333378,1388.0,3417.0,0.033640793393713855,5.914800751162205e-132,M388R
0.10376089899041156,1011.0,3097.0,0.09052903173961815,0.0,M388S
-0.1074625231428001,1304.0,3568.0,0.03416388535240781,2.6291406045299996e-49,M388T
-0.05115869322337815,1440.0,3939.0,0.04627027814895384,8.673617379884035e-19,M388V
-0.17040514447284386,1140.0,2934.0,0.03658321015913218,4.647992121436917e-09,M388W
-0.3644688714286704,1140.0,2594.0,0.03731883504724643,2.9204372571727616e-121,M388Y
0.15736238722134777,1415.0,4527.0,0.03223065058738055,2.601048485873594e-10,M388_
-0.006432059905732761,439.0,1233.0,0.06970998755674356,4.336808689942018e-19,M52A
0.11989453879902211,1032.0,3281.0,0.037410681564033196,1.425471727174241e-70,M52C
-3.04811306134715,333.0,123.0,0.27449012682141366,0.0,M52D
-2.8119662243540464,1736.0,690.0,0.04689450330147734,2.2971266450241536e-78,M52E
-0.8844157677109917,1033.0,1627.0,0.09832731076149567,0.0,M52F
-1.0465707221942877,1026.0,1437.0,0.04284597334096624,3.1089575202277305e-205,M52G
-2.4760371717207863,875.0,454.0,0.06003770210125846,2.289919046148128e-100,M52H
-1.2931776135685844,582.0,701.0,0.05836476049913173,2.6351930666487043e-115,M52I
-2.583892685970426,861.0,424.0,0.06159673674649584,4.587529081693291e-55,M52K
-0.8280871215215295,1133.0,1902.0,0.08577812885391291,0.0,M52L
-2.649507817835141,1180.0,551.0,0.053663596534647265,8.808503752748222e-81,M52N
-2.9966494606561085,775.0,286.0,0.09751706949560637,0.0,M52P
-2.4181429612214367,767.0,426.0,0.06238607046881073,3.24909046994528e-22,M52Q
-2.7768537382732457,1073.0,447.0,0.06833703005960322,1.3444106938820255e-17,M52R
-0.3542415577212174,1142.0,2553.0,0.04227145423319567,8.694542481813006e-15,M52S
0.08281522213877744,600.0,1796.0,0.07136381804318224,1.734723475976807e-18,M52T
-0.8888403401029128,1969.0,3101.0,0.030706617900064747,6.825311310965849e-31,M52V
-2.525546682935659,928.0,465.0,0.058964070486661045,6.342710216726147e-117,M52W
-2.581322396213325,651.0,309.0,0.07145769961578494,5.100188398089994e-100,M52Y
-2.3755707423520205,968.0,531.0,0.06588068577750111,7.37257477290143e-18,M52_
-0.22302954894316868,344.0,849.0,0.09250549838981363,0.0,M84A
0.002967295616001381,774.0,2186.0,0.12111742386452523,0.0,M84C
-1.0934108261577071,743.0,1020.0,0.11736833995210479,1.3877787807814457e-17,M84D
-0.2662924341237502,377.0,902.0,0.14896898050759347,6.938893903907228e-18,M84E
0.03309720968910056,68.0,205.0,0.21876065228409267,2.7755575615628914e-17,M84F
-0.26265042802557215,603.0,1451.0,0.06836769435654655,1.734723475976807e-18,M84G
-1.4368300318432283,791.0,844.0,0.31974274092225463,0.0,M84H
-0.4547351626691343,444.0,946.0,0.10641970212048171,3.469446951953614e-18,M84I
-1.4448150849590014,807.0,854.0,0.1244833689227273,0.0,M84K
-0.10597211595700369,388.0,1053.0,0.061139082099893945,4.6458687034558036e-32,M84L
-0.8990037091506188,297.0,474.0,0.07685384377661415,3.372216999360257e-25,M84N
-1.3160039890100614,324.0,371.0,0.07918071235520605,3.038225039925519e-07,M84P
-0.4437806908214897,587.0,1254.0,0.183469529528732,0.0,M84Q
-1.9055492576361412,701.0,540.0,0.059560609256325794,1.073275823556973e-110,M84R
0.001163473258075642,648.0,1865.0,0.2761310187792226,5.551115123125783e-17,M84S
-0.20683918813317623,793.0,2034.0,0.20973199060237904,0.0,M84T
-0.15769527536881559,434.0,1050.0,0.2719119713319383,2.7755575615628914e-17,M84V
1.3821561857428546,1882.0,14072.0,0.026199355924261772,2.9092933736581835e-93,M84W
-0.3560188570144788,610.0,1349.0,0.050765914563041574,9.54468545055872e-47,M84Y
-2.701381967333811,759.0,332.0,0.09085077481141274,0.0,M84_
-0.09343190719695396,341.0,928.0,0.1778147967652179,0.0,M95A
-0.2362059835027269,1264.0,3074.0,0.03524807191848888,4.56123019664738e-34,M95C
-0.40936451334431717,568.0,1215.0,0.22906436540005243,1.3877787807814457e-17,M95D
-0.07496689323779862,347.0,944.0,0.10580467396154614,0.0,M95E
-0.6929400787017549,757.0,1313.0,0.047599542448602344,1.4615388360304045e-125,M95F
-0.2653196057293739,302.0,734.0,0.07047705748088404,0.0,M95G
-0.6946108166508148,528.0,932.0,0.24235056431223817,9.71445146547012e-17,M95H
-0.05122968782462101,705.0,1902.0,0.18006383133351733,0.0,M95I
-1.2683354656913388,647.0,809.0,0.10851892896589685,3.469446951953614e-18,M95K
-0.5304516271489778,602.0,1213.0,0.06990668321059808,0.0,M95L
-0.7101275999237413,802.0,1427.0,0.04614101462464623,1.4459196022537808e-60,M95N
-0.6290910741247902,723.0,1319.0,0.04812046202760827,2.511730647131192e-74,M95P
-0.13375513167148986,702.0,1857.0,0.16868708009231934,0.0,M95Q
-1.7073207911261297,703.0,632.0,0.14861845193339732,0.0,M95R
0.16087895929428,582.0,1885.0,0.42125072949499026,0.0,M95S
-1.0023580317414913,507.0,755.0,0.0980262435552905,0.0,M95T
0.19678125120150597,544.0,1822.0,0.08332192355556675,3.469446951953614e-18,M95V
-0.29094179795131464,642.0,1445.0,0.25207542829013746,0.0,M95W
-0.7608366308214595,1082.0,1824.0,0.04024623907114637,3.4131230360308774e-174,M95Y
-3.0078702730191345,378.0,131.0,0.10349401956718948,1.027749721602234e-26,M95_
-1.00035480853839,532.0,756.0,0.0585207882999341,7.624226010216499e-14,N11A
-0.8358333964027094,430.0,696.0,0.06377478548237728,7.302891532467179e-31,N11C
-0.3329504723966224,668.0,1514.0,0.05681685025115511,1.0191500421363742e-17,N11D
-2.269763450273329,1572.0,969.0,0.05338747691684789,4.336808689942018e-19,N11E
-0.4869683296863134,288.0,575.0,0.07476341552112654,1.915913546361783e-25,N11F
-0.7804526746287186,677.0,1127.0,0.07904906556216446,2.6020852139652106e-18,N11G
-1.638144017941906,1053.0,995.0,0.04621566071475445,4.432820866485011e-121,N11H
-1.8908707134946767,1011.0,787.0,0.08502729514872442,0.0,N11I
-1.304905112243192,347.0,410.0,0.07545077185673522,2.115183726389674e-201,N11K
-1.9023116450849582,656.0,516.0,0.14233811012801523,0.0,N11L
-1.2106751209606383,1080.0,1291.0,0.1326601284616737,0.0,N11M
-1.1987735347610633,372.0,452.0,0.07256174243240553,4.038823524394328e-113,N11P
-1.336587753777879,403.0,455.0,0.07085755159773029,0.0,N11Q
-2.48531094189758,541.0,282.0,0.28725815346349687,5.551115123125783e-17,N11R
-0.5999753742443359,631.0,1206.0,0.05097345179422411,1.7343573442195868e-44,N11S
-1.4672708223159014,370.0,398.0,0.27093199390813166,0.0,N11T
-0.979829249951255,640.0,945.0,0.062372146252141374,7.806255641895632e-17,N11V
-2.3054987702918783,208.0,113.0,0.1195273085651265,3.3068059222678697e-41,N11W
-0.3431769743261725,1111.0,2504.0,0.03789233683547873,4.433687868574841e-61,N11Y
-2.5320215733597493,621.0,306.0,0.3145082396064676,0.0,N11_
-0.6926116530374027,335.0,586.0,0.11307784911064232,0.0,N128A
-0.4186155587395475,294.0,616.0,0.10951404546925693,0.0,N128C
-1.950208560300768,645.0,481.0,0.062334147029183516,1.5035249432058351e-47,N128D
-1.4051598074364313,293.0,320.0,0.1182619493501812,0.0,N128E
-0.1435896207044634,519.0,1352.0,0.13168763073737208,3.469446951953614e-18,N128F
-1.3130648380165013,489.0,585.0,0.06349651512055701,4.1205202972431314e-112,N128G
-0.4722289624136808,776.0,1609.0,0.045608409571541206,6.309182328154861e-109,N128H
-0.7935911003017936,432.0,725.0,0.14422764125385457,6.938893903907228e-18,N128I
-1.1359896216279595,730.0,945.0,0.051367910727963186,1.7848995456808753e-170,N128K
-0.9713503656713772,703.0,1049.0,0.16295418148108853,0.0,N128L
-0.5267190224974047,449.0,847.0,0.06016993813373607,4.868200548972223e-09,N128M
-2.6172377586905697,889.0,422.0,0.06102936361760893,4.767927653154672e-37,N128P
-0.6919108790143618,805.0,1423.0,0.052987720932964194,1.6577451217303363e-15,N128Q
-0.270942977331301,597.0,1418.0,0.05068101791532083,2.7616190857146298e-112,N128R
-0.36815769644678914,685.0,1539.0,0.047684984727272214,1.842526294799746e-39,N128S
-0.8324511847646133,672.0,1081.0,0.050976517437256355,2.9231027727652497e-19,N128T
-0.9143755390599315,727.0,1137.0,0.05033187566781913,3.5705409727346477e-07,N128V
-0.5072908478469621,851.0,1688.0,0.0438062771212859,1.471953379078741e-38,N128Y
-2.8523741257005115,748.0,291.0,0.09485073368964937,0.0,N128_
-2.7059824506464216,1218.0,534.0,0.10846978928527042,0.0,N137A
-1.6491956205589957,398.0,358.0,0.25843656382468083,1.3877787807814457e-17,N137C
-2.876916455703634,356.0,138.0,0.10247420529518975,1.2361380441735922e-27,N137D
-2.6728550391823838,767.0,346.0,0.06665496190158299,6.08650838283002e-17,N137E
-2.8212211782017818,514.0,211.0,0.08450303143305812,2.3132403128416224e-35,N137F
-2.157202874959917,444.0,277.0,0.07879556981474382,9.761853838242852e-42,N137G
-3.324294702631751,1014.0,300.0,0.06777360115844652,1.009611773000212e-53,N137H
-2.5824733026106093,641.0,307.0,0.07135407517893436,1.2665495980476138e-11,N137I
-2.9023858364674315,1096.0,434.0,0.05890991679860018,8.701102792373665e-09,N137K
-2.4842662300260128,425.0,205.0,0.08986171825017612,6.966878098084656e-07,N137L
-2.6632625921971784,444.0,216.0,0.17906897022762389,0.0,N137M
-2.516035839830988,761.0,374.0,0.11805470637344664,0.0,N137P
-1.991722166842828,877.0,645.0,0.21900625544113406,0.0,N137Q
-2.677164935449449,560.0,250.0,0.3112067034714508,2.7755575615628914e-17,N137R
-0.16032340992352914,505.0,1292.0,0.24151571067292185,0.0,N137S
-1.865978161148334,402.0,314.0,0.08474331899590436,1.0335358437141284e-11,N137T
-2.6276488571446883,780.0,354.0,0.06594569004971318,1.3035198114161533e-10,N137V
-2.907245068527606,973.0,388.0,0.11346272477266398,2.0816681711721685e-17,N137W
-2.6889532315996387,791.0,353.0,0.11543705668465074,1.0408340855860843e-17,N137Y
-2.9726399360678073,551.0,201.0,0.16296495604465197,0.0,N137_
-0.7946871969115386,1154.0,1886.0,0.07770031001979126,0.0,N200A
0.005949295713635674,763.0,2243.0,0.21808158893843704,4.163336342344337e-17,N200C
-0.08610462260842955,1060.0,2807.0,0.03779513332686602,3.782718342907362e-159,N200D
-0.3588097222544758,621.0,1401.0,0.05207528820599599,3.0778718696443906e-08,N200E
-0.7701562826033901,1181.0,1968.0,0.10616198851039918,0.0,N200F
0.2500806917605488,808.0,2805.0,0.15377354633678042,6.938893903907228e-18,N200G
0.15877387125562795,377.0,1213.0,0.060864153775997916,1.8307677797294317e-61,N200H
-0.42078095265538656,832.0,1783.0,0.04370078422047695,2.5575791474963058e-08,N200I
-0.4004509645926932,557.0,1226.0,0.16779867534668155,0.0,N200K
-0.466819205376325,1393.0,2910.0,0.08536184434366542,0.0,N200L
-0.42335368024775094,1377.0,3030.0,0.07701084256807017,0.0,N200M
0.7206407686246522,3326.0,15794.0,0.036010519393262545,8.673617379884035e-19,N200P
-0.28908623816272677,1053.0,2489.0,0.07192842225500631,0.0,N200Q
-0.3180661678402992,779.0,1773.0,0.04482801246353573,1.0757780619235648e-120,N200R
-0.1934107213680115,445.0,1165.0,0.11656252418260578,0.0,N200S
-0.05690272310068371,460.0,1305.0,0.20187238361504958,2.7755575615628914e-17,N200T
-0.3136111295568215,890.0,2070.0,0.14197614038159914,1.3877787807814457e-17,N200V
-0.32204798387003225,1071.0,2477.0,0.03877633305984282,2.9320215218495746e-07,N200W
-0.34669316264067856,459.0,1053.0,0.08070683177478298,8.673617379884035e-19,N200Y
-2.8825573740823653,970.0,363.0,0.15940171440766357,0.0,N200_
-0.07327313602652427,1243.0,3381.0,0.03490411629623817,1.1926025672874697e-178,N234A
0.20485491698552957,778.0,2538.0,0.0427116368875246,4.338796120520635e-21,N234C
-0.07827345976352643,973.0,2692.0,0.03919675136653917,5.0037998477378724e-45,N234D
0.01176088977686696,1178.0,3432.0,0.11498160812309995,0.0,N234E
-0.03052708460786878,1225.0,3309.0,0.16268592367308785,6.938893903907228e-18,N234F
0.08044375494386566,884.0,2648.0,0.10498729649934337,0.0,N234G
0.11580751370157596,688.0,2149.0,0.14731394794446734,0.0,N234H
0.7855361028827091,822.0,4034.0,0.21567772670695717,0.0,N234I
-0.1590823863025688,706.0,1846.0,0.04602051242613541,3.577711881149177e-260,N234K
0.0833904004309798,1066.0,3260.0,0.05618579285053436,0.0,N234L
0.014049777067785584,794.0,2357.0,0.19817999968827849,0.0,N234M
-0.15628193517804645,1947.0,4990.0,0.028526272960841054,1.6172093603340988e-17,N234P
-0.10590280797212721,1380.0,3729.0,0.033227838955867374,2.4836993973116777e-28,N234Q
-0.09169879724732805,841.0,2293.0,0.08731218658730128,1.734723475976807e-18,N234R
-0.053422249730635835,831.0,2288.0,0.04214517946997683,1.3398246067561641e-25,N234S
0.2791317267009647,524.0,1808.0,0.16223798180530427,2.7755575615628914e-17,N234T
-0.2671755502391907,592.0,1397.0,0.05073899036616699,6.767465298758877e-14,N234V
-0.014515606928261142,1469.0,4205.0,0.09864429905332918,0.0,N234W
-0.02730979771799183,919.0,2586.0,0.06802333702649652,8.673617379884035e-19,N234Y
-2.7607833767008274,1146.0,480.0,0.16019186680017614,0.0,N234_
-0.12909438398477696,793.0,2065.0,0.059974932681572106,0.0,N2A
-3.1961382404292147,90.0,29.0,0.21644888776934226,1.1410135769293012e-35,N2C
-0.10414803570558898,884.0,2400.0,0.04110291138765174,1.0994024045246032e-148,N2D
0.24857921993516652,398.0,1383.0,0.05846535209060686,1.7499561495739584e-22,N2E
0.2266081157119052,533.0,1802.0,0.05092956711224986,5.165407788444068e-91,N2F
-2.419514510125163,807.0,436.0,0.11229019083127921,3.469446951953614e-18,N2G
-0.07313754185292405,764.0,2056.0,0.1284537074587246,3.469446951953614e-18,N2H
-0.22464909204148523,756.0,1905.0,0.04466078683639139,3.7273520443389495e-11,N2I
-0.9791357035056958,2314.0,3372.0,0.07047645226592418,3.469446951953614e-18,N2K
-2.150260446728303,893.0,585.0,0.05510457886431525,3.4822441584399454e-12,N2L
-1.6460780663840364,619.0,577.0,0.10302479519640265,0.0,N2M
0.03752610883569274,701.0,2076.0,0.13708116332827736,0.0,N2P
-0.06896083849631841,911.0,2440.0,0.040526516486477156,1.322759936086396e-129,N2Q
0.22096247960806098,674.0,2240.0,0.045566789574774585,2.0731840205147544e-181,N2R
-1.4257183271623863,688.0,736.0,0.10511132679642131,6.938893903907228e-18,N2S
-0.14908623089288114,832.0,2159.0,0.15097861930903572,0.0,N2T
-2.0201579222142807,408.0,300.0,0.15104216920577954,1.3877787807814457e-17,N2V
-1.6808914168634288,471.0,414.0,0.16132326343555423,1.3877787807814457e-17,N2W
-0.4690640849549771,665.0,1385.0,0.04902469722841363,6.652678085795612e-114,N2Y
-2.9319032348855023,634.0,241.0,0.0777131953328699,4.950656579645517e-67,N2_
-0.10977492747920796,1239.0,3302.0,0.09949147101747574,3.469446951953614e-18,N315A
-0.21374869494853815,875.0,2168.0,0.05697814624038531,0.0,N315C
-0.6236998512144507,1118.0,2073.0,0.038870111455431594,3.415850486982512e-12,N315D
-0.21559528058127414,1350.0,3337.0,0.03407449964657373,1.5826530685440875e-63,N315E
-0.28677903696449497,845.0,2000.0,0.10263029827429347,3.469446951953614e-18,N315F
-0.8542921581369659,1009.0,1624.0,0.04252843948513954,2.0504810967205084e-07,N315G
0.024337738045575184,1293.0,3736.0,0.13365495959942014,6.938893903907228e-18,N315H
-0.4131103510864753,394.0,838.0,0.06300812603587148,1.1067873642027268e-65,N315I
-2.3819062197559044,1207.0,682.0,0.07248071271297522,0.0,N315K
-0.719351978697689,640.0,1139.0,0.0869503115126599,5.204170427930421e-18,N315L
-0.0484330448304235,591.0,1673.0,0.11090410514295745,3.469446951953614e-18,N315M
-2.6924479353794477,1401.0,617.0,0.07650673589540416,0.0,N315P
-0.9537572930444097,870.0,1311.0,0.04573605726281561,1.0620605400017704e-142,N315Q
-2.580298348042618,653.0,324.0,0.07018171780009712,1.8237421904829894e-204,N315R
-0.1386041589111341,1653.0,4182.0,0.030858830116977726,1.2139781585210756e-184,N315S
-0.05952267239949846,738.0,2026.0,0.0866951766458645,0.0,N315T
-0.4170234776832656,1097.0,2429.0,0.06407241086398245,0.0,N315V
-0.41608515591514267,1987.0,4281.0,0.06414915660640914,2.6020852139652106e-18,N315W
-0.8492563605124763,642.0,1036.0,0.17112135528807493,0.0,N315Y
-2.8013204903058755,851.0,355.0,0.06534201732296534,3.4692529907350378e-121,N315_
-0.620595670481154,640.0,1193.0,0.09326270151318575,1.734723475976807e-18,N319A
-0.4043326214804713,982.0,2127.0,0.14107475473087705,2.0816681711721685e-17,N319C
-0.31308035194213657,1344.0,3101.0,0.035649691008035965,1.302260442244494e-08,N319D
-0.1535815411438317,1670.0,4302.0,0.06221162711147827,0.0,N319E
-0.9174585592316364,764.0,1159.0,0.048746273799230834,2.2445823230689664e-19,N319F
-0.41196178963156294,1830.0,3935.0,0.06331711287122217,8.673617379884035e-19,N319G
-0.6044698754340901,1447.0,2720.0,0.059116958709561254,0.0,N319H
-0.6583892686158805,1304.0,2366.0,0.07743928922361562,1.734723475976807e-18,N319I
-0.7170307878958327,1954.0,3406.0,0.030243934837640714,2.0595345589367393e-25,N319K
-1.1552583650114956,815.0,1030.0,0.07570118656307247,0.0,N319L
-0.6521775359293888,953.0,1787.0,0.04198010950941454,1.5809367186766871e-167,N319M
-3.048063958040545,2328.0,812.0,0.14431453293260918,1.3877787807814457e-17,N319P
-0.24929464700342407,990.0,2352.0,0.039648110404059224,8.097530234370698e-234,N319Q
-0.1865152981094835,882.0,2267.0,0.05860623892808649,0.0,N319R
0.7474315493895521,1519.0,7361.0,0.0827698447358712,0.0,N319S
-0.01199592054051762,1841.0,5296.0,0.028916182640061072,2.5579633009024197e-09,N319T
-0.4919599903542408,1275.0,2629.0,0.07133955278396134,8.673617379884035e-19,N319V
-0.8156170699627586,1456.0,2393.0,0.11715560059682434,0.0,N319W
-1.4675981992342815,1135.0,1235.0,0.2843214763902231,2.7755575615628914e-17,N319Y
-2.6222116986228556,1561.0,731.0,0.04677380478360357,1.6482068995975938e-101,N319_
-1.5220679238348,2272.0,2271.0,0.03160101345828152,2.4057183378308644e-46,N332A
-0.39093227358053045,1224.0,2709.0,0.049495598682234465,0.0,N332C
-1.7497330740783708,1015.0,888.0,0.04810854100279302,1.7375391979974294e-63,N332D
-0.9536795672183004,1488.0,2212.0,0.03538322782144536,1.888642820648134e-39,N332E
-2.180632581482193,988.0,634.0,0.05294836296861293,1.080098031279473e-218,N332F
-1.3513614861816594,1372.0,1564.0,0.03896069237062946,0.0,N332G
-0.4116160812903019,1002.0,2176.0,0.1073437610239007,6.938893903907228e-18,N332H
-1.4347795055356696,1541.0,1626.0,0.03752140015933842,7.402159456398481e-187,N332I
-1.7892604278346522,1766.0,1447.0,0.037429541108128454,8.217701018759696e-155,N332K
-1.2491766982310573,732.0,889.0,0.05200951124748876,0.0,N332L
-1.5271452557372163,1859.0,1848.0,0.08243166891231543,6.938893903907228e-18,N332M
-2.778213984565059,923.0,373.0,0.11235629987469979,3.469446951953614e-18,N332P
-0.814645378588847,1317.0,2159.0,0.036843404834389866,3.5775655303831545e-168,N332Q
-1.8714302145818946,699.0,564.0,0.06484312644727282,4.421843750532228e-12,N332R
-0.7506381113613199,1695.0,2889.0,0.03253701590857184,4.011488451956235e-47,N332S
-0.9290556554650948,1352.0,2064.0,0.07051561068797625,1.734723475976807e-18,N332T
-0.7407419700108346,1808.0,3159.0,0.06306520245554606,8.673617379884035e-19,N332V
-2.0653936660014605,981.0,667.0,0.052373394223381976,1.2814698947923834e-58,N332W
-1.3592334881037906,1372.0,1562.0,0.042500618551518654,2.657972149669452e-12,N332Y
-2.5211772036597533,1571.0,779.0,0.05266681345020918,2.3332030751888055e-16,N332_
0.03305970198809842,511.0,1514.0,0.13461581963649333,0.0,N340A
-0.6760432454619265,729.0,1334.0,0.04798240131260499,1.7894389201963869e-200,N340C
-1.1533050528029758,464.0,607.0,0.06399656345087591,3.8832833983132306e-184,N340D
-0.3125449166708194,1067.0,2439.0,0.038522273403690306,4.430546792522537e-101,N340E
-2.2679537251453548,1460.0,879.0,0.06939207221325615,1.734723475976807e-18,N340F
0.14685457390119164,1288.0,4113.0,0.03358478538737936,7.862107182788395e-23,N340G
-0.9655663143448268,1105.0,1612.0,0.10668525108179205,6.938893903907228e-18,N340H
-1.6877721554864669,862.0,770.0,0.05156223144335673,1.833249103916284e-43,N340I
-1.7954158811092087,818.0,673.0,0.05427206435192202,6.170094881343692e-82,N340K
-1.6619175551622023,1765.0,1601.0,0.03646985834260778,2.3480273892699628e-256,N340L
-0.9990967361626589,1677.0,2444.0,0.033650229518823856,3.797282853184623e-186,N340M
-2.7715638353205083,1639.0,687.0,0.2986180072432258,1.3877787807814457e-16,N340P
0.02286680195345243,2027.0,5917.0,0.027585331562686752,6.064649910853425e-114,N340Q
-2.5981844688439746,522.0,251.0,0.0986535154697121,0.0,N340R
0.15684668612305816,1295.0,4206.0,0.033443736317624394,3.623295945014236e-37,N340T
-0.844431907515737,1390.0,2241.0,0.17614280261164664,4.163336342344337e-17,N340V
-2.597284073027855,1266.0,619.0,0.09309557113334448,0.0,N340W
-1.0403536134933093,1452.0,2058.0,0.05285883633826637,0.0,N340Y
-2.8297776133079044,1460.0,603.0,0.05031507763829108,2.0026070782556405e-229,N340_
-0.019380585754989996,1070.0,3056.0,0.19270312351792365,4.163336342344337e-17,N387A
0.07330862093309992,1694.0,5234.0,0.055437164068309466,0.0,N387C
-0.05071863384311901,1532.0,4283.0,0.07887535277357746,0.0,N387D
-0.7752825231654462,2221.0,3793.0,0.028705462594205346,3.2982794356181804e-51,N387E
-0.29695161954394445,890.0,2041.0,0.12866387255173906,0.0,N387F
0.007413142889177571,1202.0,3495.0,0.035507217552131716,1.9497637931880436e-07,N387G
0.00816489659855388,1079.0,3081.0,0.059777068955268804,1.734723475976807e-18,N387H
-0.4963229762106699,611.0,1233.0,0.051901119126128194,5.675590743309483e-07,N387I
-0.07508560353118916,265.0,731.0,0.07368844721542236,1.353819312081818e-113,N387K
-0.057307715032170664,1470.0,4066.0,0.13133924578510725,0.0,N387L
0.8616542826951665,1156.0,5993.0,0.03366626178093117,1.0875056443510882e-177,N387M
-0.6369080861854892,1903.0,3516.0,0.03420197182758526,9.030970415935258e-15,N387P
-0.04166743309529669,1346.0,3777.0,0.03343555837325547,2.822969413851752e-13,N387Q
-0.12578146137274593,1282.0,3359.0,0.12611465474812267,6.938893903907228e-18,N387R
-0.11081849892556528,937.0,2517.0,0.2599730570534768,5.551115123125783e-17,N387S
-0.23288416360454486,1135.0,2786.0,0.05207716664166132,8.673617379884035e-19,N387T
-0.1288486944897753,1515.0,3892.0,0.032088012046833925,1.0683046141574682e-81,N387V
-0.12529616952770423,1235.0,3221.0,0.03521158658927105,3.306332710432858e-178,N387W
-0.11904565309800985,905.0,2354.0,0.07529036880960113,0.0,N387Y
-0.0510170893442467,937.0,2601.0,0.10931498272875508,0.0,N387_
-0.4112429630063738,341.0,754.0,0.06731736137703183,7.336381370093102e-126,N90A
-0.746075127962442,314.0,553.0,0.10277226015468338,1.734723475976807e-18,N90C
-0.35886530237791187,392.0,889.0,0.06822983932356937,4.867309918825391e-11,N90D
-0.1368843993549901,694.0,1785.0,0.046598364089855446,3.0054685737557697e-31,N90E
-0.5034888395298222,600.0,1240.0,0.051536986836812106,9.615333244086581e-32,N90F
-0.27089971505739474,235.0,583.0,0.10677139864759576,3.469446951953614e-18,N90G
-0.23876755371134065,486.0,1210.0,0.10930682740912083,0.0,N90H
0.999451247768833,823.0,4813.0,0.10882019453271378,0.0,N90I
-0.5446106079880673,411.0,783.0,0.06313919442252405,6.030634293191416e-64,N90K
-0.5659182855647568,532.0,1049.0,0.13484683472154027,2.0816681711721685e-17,N90L
-0.01672545653397578,186.0,514.0,0.08753451832435409,6.429097938760382e-41,N90M
-1.414152407797494,652.0,698.0,0.06538736833225692,1.360456886034811e-15,N90P
0.2907709118727736,379.0,1359.0,0.1351113293093806,0.0,N90Q
-1.2653580497365569,542.0,628.0,0.06108777435915805,1.2695812034810174e-23,N90R
-0.16324624097318607,555.0,1404.0,0.06025994336821121,1.2010791666794418e-15,N90S
-0.15979902500418697,501.0,1271.0,0.05452190128415471,3.6211311651815574e-82,N90T
-0.36301967264424834,363.0,796.0,0.13126837783491763,6.938893903907228e-18,N90V
-0.39848093384755157,288.0,611.0,0.07364539064290146,1.2891465274313616e-186,N90W
-0.40360085253217964,315.0,693.0,0.07023534318502608,1.4991778114040686e-102,N90Y
-2.775693008113549,1136.0,486.0,0.1840855460302277,0.0,N90_
-2.7679507169970656,652.0,277.0,0.07379012073154054,1.907466373427354e-72,P110A
-2.4258121215164303,416.0,222.0,0.08585195869683676,2.965804373795776e-128,P110C
-2.731688018665551,703.0,314.0,0.1235258841760357,0.0,P110D
-3.032157881747794,750.0,273.0,0.27294880838826385,0.0,P110E
-2.860730984765164,875.0,360.0,0.12533565341809932,0.0,P110F
-2.3246820862504527,396.0,218.0,0.17670463215335225,2.0816681711721685e-17,P110G
-2.8679780068239036,1010.0,401.0,0.061147700199394396,2.060633095265003e-63,P110H
-1.163836064950555,607.0,775.0,0.1136701415390392,3.469446951953614e-18,P110I
-2.7996225118913136,637.0,265.0,0.15002113480610196,0.0,P110K
-3.1661733695916863,1411.0,443.0,0.23195545074871354,0.0,P110L
-2.4788112220461573,426.0,215.0,0.22579863107499784,0.0,P110M
-2.7585531397717733,471.0,205.0,0.17617406367307822,0.0,P110N
-3.7341450775859943,2207.0,488.0,0.06038493617705293,2.1402150884863858e-16,P110Q
-2.7072441113088748,1017.0,438.0,0.05897922061334099,4.049846136066606e-07,P110R
-2.7054912486220206,406.0,183.0,0.19499985600070494,0.0,P110S
-2.053804504634598,1033.0,714.0,0.06404188971261196,4.336808689942018e-19,P110T
-1.8767059440125222,613.0,483.0,0.07354987742704736,3.599551212651875e-17,P110V
-2.7364110658941687,454.0,194.0,0.3364963870625728,1.6653345369377348e-16,P110W
-2.7363078192461003,931.0,407.0,0.0810655817541048,0.0,P110Y
-2.9746904312361386,250.0,93.0,0.26381106400543664,4.163336342344337e-17,P110_
-0.16340256565478337,786.0,2031.0,0.10410834702627456,0.0,P121A
-0.46503057518233826,356.0,735.0,0.12297035696169704,0.0,P121C
-0.3161552088609245,251.0,579.0,0.08567086796491047,1.9994673885331826e-11,P121D
-0.20659881676953148,91.0,236.0,0.25111592091753354,0.0,P121E
-0.23838915047816486,231.0,542.0,0.08095979886701916,1.4546626847237548e-105,P121F
-0.33221709031029534,481.0,1104.0,0.15018469754593736,1.3877787807814457e-17,P121G
-0.19085885100628086,215.0,544.0,0.08284136547755172,0.0,P121H
-0.11933670943782836,501.0,1313.0,0.06674986668221312,4.336808689942018e-19,P121I
-0.2604953733203976,375.0,900.0,0.32066799560631637,5.551115123125783e-17,P121K
-0.16159221846242183,314.0,805.0,0.17899025282599734,0.0,P121L
-0.3295899586416548,478.0,1127.0,0.16497793397825486,0.0,P121M
-0.5323485448641677,624.0,1218.0,0.0939021196864865,0.0,P121N
-0.08155598077070358,367.0,996.0,0.14758990226964377,6.938893903907228e-18,P121Q
0.4023903218016178,804.0,3056.0,0.1005565405032125,0.0,P121R
-0.22781570576439303,533.0,1297.0,0.154617616716281,6.938893903907228e-18,P121S
-0.35754541263496425,426.0,982.0,0.05997061035495612,1.2641251054530066e-154,P121T
-0.020244881578627427,363.0,1039.0,0.26853934853020256,0.0,P121V
-0.7439790377589484,360.0,633.0,0.22047591494088783,4.163336342344337e-17,P121W
-0.32841966352697494,514.0,1162.0,0.06243473380966547,5.3806785416110614e-15,P121Y
-2.8709396481733807,393.0,154.0,0.15508615710233353,3.469446951953614e-18,P121_
-2.474423786044401,712.0,377.0,0.06619895161578651,1.7636389634560042e-17,P144A
-2.8063351029953783,611.0,243.0,0.12362539064397697,0.0,P144C
-3.2472574868157893,665.0,197.0,0.3764576319845317,5.551115123125783e-17,P144D
-2.9729090387059514,477.0,172.0,0.09132255529986684,5.600905102789375e-242,P144E
-2.7493505395800377,996.0,432.0,0.15096313099450528,1.3877787807814457e-17,P144F
-2.2013514133069525,301.0,188.0,0.3599321232044632,0.0,P144G
-2.8683292541204892,794.0,318.0,0.0686555121965641,4.325103508105921e-53,P144H
-2.89787330120524,982.0,385.0,0.160218480989297,0.0,P144I
-2.9339123492443235,849.0,318.0,0.16903405919917974,0.0,P144K
-2.5189616357327846,569.0,292.0,0.07401460827720316,1.7990581219763816e-16,P144L
-2.58754659963841,687.0,320.0,0.15707975650981862,6.938893903907228e-18,P144M
-2.6249987907987444,454.0,211.0,0.0856411741380572,4.307005273284001e-88,P144N
-2.867956028192289,1770.0,709.0,0.0931253970600861,1.734723475976807e-18,P144Q
-2.783032104031724,560.0,231.0,0.27458706303253033,2.7755575615628914e-17,P144R
-1.9239858340283098,574.0,444.0,0.06563180882733015,8.264803782574886e-121,P144S
-2.689918133844166,343.0,160.0,0.09883854778902826,4.302338278565917e-65,P144T
-2.903883946268604,740.0,283.0,0.2223052107348575,0.0,P144V
-2.8962914099506087,896.0,348.0,0.06497487188508426,2.762506604778635e-18,P144W
-2.8166648784997834,683.0,292.0,0.08301043450722216,9.016225266389455e-16,P144Y
-2.834496760015815,762.0,314.0,0.06911733357040548,1.0884251674552925e-123,P144_
-0.16149258565204583,826.0,2096.0,0.0643067710190052,0.0,P158A
-0.5404004585847201,753.0,1512.0,0.06016565772407917,0.0,P158C
-0.9060469554461157,1192.0,1878.0,0.050463032692471724,4.336808689942018e-19,P158D
-0.7184599399403204,1269.0,2271.0,0.13728158117908726,6.938893903907228e-18,P158E
-2.469058937632005,827.0,440.0,0.19531745252680524,0.0,P158F
-1.5338978911941596,1676.0,1699.0,0.036420718136574416,2.1438857725107735e-153,P158G
-1.6249968981144065,917.0,870.0,0.04942574647599641,1.6883675043462175e-234,P158H
-0.7949168904329251,1189.0,1970.0,0.038717815997579064,5.091958379832214e-12,P158I
-2.975639438545112,699.0,260.0,0.119691925734142,0.0,P158K
-1.3826537713702334,900.0,1000.0,0.047956139933780575,2.24847244452781e-127,P158L
-0.7782241562176521,1107.0,1889.0,0.04714519722969522,4.336808689942018e-19,P158M
-0.9005010339536386,922.0,1427.0,0.1374679272804703,0.0,P158N
-1.8875119711799428,722.0,564.0,0.13013433373755134,3.469446951953614e-18,P158Q
-2.83929026468061,727.0,295.0,0.1509559025198128,0.0,P158R
0.6977429478544172,1185.0,5552.0,0.044589752240617245,4.336808689942018e-19,P158S
-0.6721700097853719,724.0,1320.0,0.11357862424987443,3.469446951953614e-18,P158T
-0.0038045811990664634,834.0,2378.0,0.17931998327847576,1.3877787807814457e-17,P158V
-2.2856585373428087,827.0,483.0,0.2429130510034141,0.0,P158W
-2.7564296893276925,1114.0,476.0,0.056832381816664765,3.7464601693880043e-76,P158Y
-2.7090653930742454,682.0,304.0,0.1281720479235118,0.0,P158_
-0.10493395625257751,491.0,1298.0,0.11485436027197954,3.469446951953614e-18,P180A
0.06229806413020377,399.0,1204.0,0.05969001782197265,1.6167999227356724e-63,P180C
-0.02750725267575819,527.0,1487.0,0.05249781554255815,1.9842730352171904e-174,P180D
-0.037526288607258325,680.0,1982.0,0.046194142413885676,3.996311023905182e-231,P180E
-0.1345142825616542,718.0,1853.0,0.04565063059571571,1.169576804481467e-56,P180F
0.0013265094943503135,693.0,1962.0,0.04583037652592834,6.815849843352505e-43,P180G
-0.05698399933014797,775.0,2170.0,0.043531819276567,1.8261913891011193e-78,P180H
-0.20181250880015467,628.0,1566.0,0.06677632329569151,0.0,P180I
0.002775103422024464,887.0,2547.0,0.07107347773171704,1.734723475976807e-18,P180K
-0.19241711915294057,742.0,1883.0,0.0653708411321962,8.673617379884035e-19,P180L
0.6474331020740213,864.0,3878.0,0.03910740785341267,2.2862662636933826e-47,P180M
-0.16556906072872388,651.0,1644.0,0.04808766006525356,8.423214866159868e-293,P180N
-0.2706541438506248,379.0,917.0,0.1964589627276929,0.0,P180Q
-0.1063347311060071,560.0,1498.0,0.07660007682684712,8.673617379884035e-19,P180R
-0.14501416032152148,651.0,1684.0,0.04781415149903981,1.1996752170781374e-18,P180S
0.03782539621955463,330.0,995.0,0.15208522873614622,6.938893903907228e-18,P180T
-0.2737959844738327,867.0,2056.0,0.04235244092307459,2.588463442300909e-46,P180V
-0.24486784155868693,422.0,1034.0,0.21126907780745258,0.0,P180W
-0.0799639366944126,883.0,2381.0,0.04117647301035209,9.028035852499909e-75,P180Y
-2.792297919663592,766.0,320.0,0.08577331031533833,0.0,P180_
-0.24494139185843045,577.0,1407.0,0.1332446403121342,3.469446951953614e-18,P193A
-0.18822052426111271,485.0,1221.0,0.06744585088642929,1.3010426069826053e-18,P193C
-0.07676165304586918,1027.0,2813.0,0.03814044941309183,5.751304678222756e-52,P193D
-0.13671447232583575,730.0,1960.0,0.04515135965233493,1.1704872014937887e-143,P193E
-1.1028170657478937,587.0,781.0,0.23355857954282142,0.0,P193F
0.08542502763390748,691.0,2047.0,0.13127671139194605,0.0,P193G
-0.384350434910159,893.0,1954.0,0.042112484958082196,3.486970409419545e-20,P193H
-0.817266371057328,578.0,943.0,0.054849662509328705,2.7061159146348957e-164,P193I
-0.08918035465206667,171.0,445.0,0.0926380145288395,2.814813157889465e-56,P193K
-0.9943065377022239,961.0,1398.0,0.04387848020772068,4.4479440914274e-210,P193L
-0.6182215849058516,644.0,1199.0,0.06013323627349853,2.168404344971009e-18,P193M
-0.18822961750271192,885.0,2277.0,0.0992927206850901,3.469446951953614e-18,P193N
-0.17462794012978108,397.0,1023.0,0.2312274568489033,2.7755575615628914e-17,P193Q
-0.24102543840481777,614.0,1489.0,0.08014009929904714,3.469446951953614e-18,P193R
-0.07520850963029944,597.0,1629.0,0.04950382699028289,1.1131988890257714e-27,P193S
0.1978112306257882,976.0,3288.0,0.06573912668382431,0.0,P193T
-0.47125455299424374,653.0,1362.0,0.04941705153584279,1.195270409604736e-66,P193V
-1.5135383421749449,573.0,568.0,0.06149809527253699,2.1785723116053474e-215,P193W
-0.126550514312365,1120.0,2991.0,0.03684482237037949,4.6135561000192914e-27,P193Y
-2.761014433243503,998.0,415.0,0.07723270376049395,0.0,P193_
-0.512996459668799,317.0,637.0,0.09784289451206735,1.734723475976807e-18,P207A
-2.101786328749526,338.0,225.0,0.14638430108865158,6.938893903907228e-18,P207C
-2.898727902796195,381.0,145.0,0.09982059512358443,1.5184886305239541e-46,P207D
-2.736668612162003,582.0,257.0,0.16495370197542086,0.0,P207E
-1.4322944948481955,1066.0,1130.0,0.04458782242651741,4.89183133848402e-25,P207F
-0.7933028959870286,464.0,781.0,0.0879912935071018,0.0,P207G
-2.5660167241206926,991.0,484.0,0.12915839650160715,3.469446951953614e-18,P207H
-0.5802590067673201,1252.0,2443.0,0.08076177406779063,0.0,P207I
-2.608822936794905,854.0,405.0,0.2222649767024044,4.163336342344337e-17,P207K
-1.4746498383062252,797.0,831.0,0.05173879729098367,4.5556221329135013e-128,P207L
-0.7680536303339317,591.0,1002.0,0.2243775326149858,0.0,P207M
-2.539257267071281,659.0,331.0,0.07965419421189882,1.2806162380529784e-14,P207N
-2.6805168808598308,834.0,367.0,0.06499587716505781,7.247150746880044e-19,P207Q
-2.956324994090432,677.0,259.0,0.1578971521838861,6.938893903907228e-18,P207R
-2.201172473885801,444.0,272.0,0.21341576718766755,0.0,P207S
-0.7562496626736922,1082.0,1841.0,0.040149060203163243,9.17393722459253e-78,P207T
-0.837310975822185,773.0,1248.0,0.06261745668651875,0.0,P207V
-1.8171176975720105,865.0,712.0,0.09423829851230726,0.0,P207W
-2.4425101829336677,785.0,413.0,0.10809501690304457,1.734723475976807e-18,P207Y
-2.9323450012209955,557.0,210.0,0.08309916241988348,1.1847290124822484e-77,P207_
-0.1159398124370711,1237.0,3135.0,0.17683465239513632,0.0,P237A
-0.7575032825817618,992.0,1732.0,0.041817312471409976,2.0475944495927804e-33,P237C
-2.64348632529157,1006.0,456.0,0.05854334222075638,6.683333882538397e-113,P237D
-2.0947976302994293,1018.0,692.0,0.144638066081198,0.0,P237E
-1.284695494504763,615.0,735.0,0.11717667120608684,1.3877787807814457e-17,P237F
-0.3036232807299668,1223.0,2938.0,0.18391373834990374,0.0,P237G
-2.538065489265411,3357.0,1696.0,0.07930732147816803,0.0,P237H
-2.1907586196528115,1057.0,658.0,0.0518138228975042,1.5178483121521052e-56,P237I
-2.7503555242157036,1357.0,581.0,0.06577942277972046,0.0,P237K
-2.2765787801615405,1038.0,607.0,0.08666694062773342,0.0,P237L
-2.5681863021797997,1257.0,613.0,0.05116933775860513,1.2001405760238552e-101,P237M
-2.8581766321620647,1433.0,562.0,0.05180868378407414,5.09312954038484e-13,P237N
-3.486585106632754,1134.0,296.0,0.11229316541825266,0.0,P237Q
-2.806026196934198,1179.0,493.0,0.055626543492612826,5.355968451947432e-152,P237R
-0.4094813949329316,1065.0,2288.0,0.04643421011523893,8.673617379884035e-19,P237S
-1.1962864719156332,780.0,1000.0,0.06692236231910817,8.673617379884035e-19,P237T
-1.0970241317001492,1477.0,1974.0,0.03629451522729122,8.133143260247981e-84,P237V
-2.6096671165144225,1454.0,697.0,0.1389750731848025,6.938893903907228e-18,P237W
-1.3828237686445592,827.0,911.0,0.049987063956025715,3.116339191369357e-45,P237Y
-2.57774889599385,1211.0,597.0,0.07182829765284816,0.0,P237_
-0.4356212166779354,988.0,2082.0,0.04038492296146909,5.976582724512165e-44,P24A
-0.793852851624151,434.0,754.0,0.062275533402477254,3.9042646956560187e-50,P24C
-3.177689515675746,522.0,173.0,0.10833340936710432,1.3010426069826053e-17,P24D
-2.985156384978634,743.0,266.0,0.07929635990820955,3.490179410672173e-10,P24E
-3.208859505570584,1159.0,361.0,0.0620681710203747,5.833804933888098e-107,P24F
-1.8532737219808357,454.0,361.0,0.10964501474584146,0.0,P24G
-2.6863484599749774,848.0,380.0,0.24388731353515014,5.551115123125783e-17,P24H
-1.7559021502944894,292.0,250.0,0.3423601939958964,0.0,P24I
-2.7324249631235022,554.0,246.0,0.08426384145460733,2.7607929436491985e-09,P24K
-2.8887105481737834,627.0,248.0,0.11751525010318317,0.0,P24L
-2.4374501773520807,614.0,319.0,0.10907556042955113,5.204170427930421e-18,P24M
-2.7728021710544635,1064.0,451.0,0.13045033185491392,0.0,P24N
-2.7416559077300953,369.0,159.0,0.16243513338045926,1.3877787807814457e-17,P24Q
-2.5410198018434405,230.0,113.0,0.49915393963655985,3.3306690738754696e-16,P24R
-0.5426305610136338,548.0,1093.0,0.08552370930119119,0.0,P24S
-0.6288954435696006,747.0,1348.0,0.04739259172795475,8.016241684352262e-21,P24T
-0.7217062064379306,845.0,1486.0,0.1312564317244521,6.938893903907228e-18,P24V
-2.8734393460112133,602.0,238.0,0.11998387928072615,0.0,P24W
-3.070604947010579,454.0,157.0,0.11846067270332387,0.0,P24Y
-2.7251134577663456,489.0,215.0,0.08391236525759138,9.165638608528415e-07,P24_
-1.502095735720467,1019.0,1040.0,0.1439987438204301,1.3877787807814457e-17,P27A
-2.2262932119866337,411.0,255.0,0.08211898621030894,2.967251862800202e-79,P27C
-2.391987336335631,292.0,164.0,0.5299592628611899,2.220446049250313e-16,P27D
-2.5683045834913525,830.0,404.0,0.14689114492028094,0.0,P27E
-2.425694016942558,480.0,260.0,0.20352884505660496,0.0,P27F
-2.188568357982247,988.0,635.0,0.053155472784142864,9.316130051861234e-10,P27G
-2.0456796763235197,364.0,250.0,0.09378257015751058,7.060103369982418e-13,P27H
-2.1351712199939317,1070.0,709.0,0.138602916661014,6.938893903907228e-18,P27I
-2.6264127159009765,614.0,273.0,0.1191719976617832,0.0,P27K
-2.4873448879363593,534.0,277.0,0.07639693856126199,2.2695675330886555e-187,P27L
-2.5218763391255203,713.0,362.0,0.12749702928511333,0.0,P27M
-2.2219544778805975,613.0,381.0,0.06747054959352365,5.872268314653106e-128,P27N
-2.53938001492825,805.0,398.0,0.0634789061199249,7.894300698559695e-141,P27Q
-2.7633304241486796,1386.0,594.0,0.11677493640614765,0.0,P27R
-2.149271232418555,972.0,624.0,0.05341149596352281,1.7855469555938766e-154,P27S
-2.1981942605271967,778.0,481.0,0.14221776898032054,1.3877787807814457e-17,P27T
-1.9201992249591149,657.0,477.0,0.06260118454677291,2.283425274156157e-35,P27V
-2.401061362281883,703.0,378.0,0.06951079892648244,1.0150482132446383e-08,P27W
-3.111387257247102,1668.0,571.0,0.0827961380644447,3.469446951953614e-18,P27Y
-2.4665181370945066,47.0,26.0,0.5065007564809361,0.0,P27_
-1.9314871801026974,1101.0,796.0,0.07425603277932451,1.734723475976807e-18,P311A
-1.9063967916141933,1093.0,825.0,0.04829113036798104,7.964386009065743e-29,P311C
-2.63870950561309,1008.0,472.0,0.058022227863653825,3.6489064524248024e-16,P311D
-2.588518652094147,811.0,376.0,0.10201609102205929,1.734723475976807e-18,P311E
-2.8069907303049177,712.0,290.0,0.07152266675500363,1.5786153724699377e-10,P311F
-2.5134637111836273,1487.0,760.0,0.04648362481989581,6.42576158736915e-110,P311G
-3.2672072509776817,2127.0,642.0,0.0467823682107965,5.912708597323679e-155,P311H
-2.072108217300438,1065.0,710.0,0.050339582139616035,4.5893910318379255e-27,P311I
-2.6708208353019978,860.0,367.0,0.06415985024125798,2.3778778066617188e-12,P311K
-1.5741853055188484,1379.0,1348.0,0.040284136820874776,6.1e-321,P311L
-2.5737518403076005,1213.0,596.0,0.10122312510139576,0.0,P311M
-1.7109469497681444,1521.0,1338.0,0.03944698023318546,1.0135863027471254e-237,P311N
-3.392995729428222,1855.0,506.0,0.22532541356018077,5.551115123125783e-17,P311Q
-2.7512300212065837,1529.0,656.0,0.04855919958145598,0.0,P311R
-2.577304902599274,1243.0,605.0,0.11925739970862001,1.3877787807814457e-17,P311S
-1.242605321854167,1395.0,1711.0,0.06666227803446757,1.734723475976807e-18,P311T
-1.591931418251333,631.0,615.0,0.21060631332784863,0.0,P311V
-2.5054286299849777,2183.0,1087.0,0.10727728708454974,0.0,P311W
-2.6399105307239767,1651.0,754.0,0.11270530089131246,0.0,P311Y
-2.75490253861552,1012.0,430.0,0.12547964646411794,0.0,P311_
-1.4546625224881082,668.0,691.0,0.0563228662998261,6.177380903793008e-75,P344A
-2.444480838285119,1042.0,566.0,0.05424403246143723,5.03092253492184e-199,P344C
-2.2764981867949197,737.0,448.0,0.09405550324242357,0.0,P344D
-2.8443909944102312,994.0,407.0,0.12772598360828588,1.734723475976807e-17,P344E
-2.727488075311157,1696.0,737.0,0.04601449144658039,2.9499772376741464e-162,P344F
-2.077577083805586,685.0,480.0,0.07678064027259733,0.0,P344G
-2.620509885830849,1117.0,527.0,0.05469915937467423,1.4566379380795043e-34,P344H
-2.7970308929690413,1294.0,535.0,0.11271775352070346,3.469446951953614e-18,P344I
-2.8501350997640817,916.0,368.0,0.06380516726220424,9.104622846583095e-156,P344K
-2.690156031162037,985.0,433.0,0.05960824420524419,1.2918952413516914e-106,P344L
-2.418687247883853,789.0,425.0,0.13304833214697584,0.0,P344M
-2.6562158384249703,813.0,393.0,0.22165163501818094,0.0,P344N
-2.851013984212622,1598.0,628.0,0.04880482601494922,1.3980941607742687e-12,P344R
-2.0326606648951158,457.0,328.0,0.3451940881237162,0.0,P344S
-2.0239800417729987,1406.0,976.0,0.058233291569949774,0.0,P344T
-2.8783642793611666,1235.0,484.0,0.055379209225825156,1.4331112888376744e-19,P344V
-2.587276524136107,1178.0,559.0,0.147470833486677,0.0,P344W
-2.663923089705585,1256.0,573.0,0.05233440100421918,3.02995780640678e-164,P344Y
-2.9180260479675755,1212.0,464.0,0.056643570214349334,2.9657036607264363e-46,P344_
-0.4935695124070352,1844.0,3837.0,0.05494128195587849,1.734723475976807e-18,P358A
-1.0178064155435411,633.0,909.0,0.1521873508612337,6.938893903907228e-18,P358C
-2.5597523194177283,1190.0,588.0,0.05223350642528716,2.174904056496115e-17,P358D
-2.0434404163952005,796.0,561.0,0.057268148491368916,5.265723641394294e-201,P358E
-1.188849093097208,1192.0,1507.0,0.040791940357456646,7.777041050461198e-57,P358F
-1.962628824088831,1114.0,827.0,0.04787347516913111,1.0331954980901607e-87,P358G
-0.8806510424458741,1191.0,1837.0,0.03900334637229505,4.186252000130479e-10,P358H
-0.5496870201464521,1385.0,2742.0,0.08710463513655102,5.204170427930421e-18,P358I
-2.8624202889803336,1091.0,427.0,0.06165641719944894,2.4835024687794305e-08,P358K
-1.329624174330311,903.0,1046.0,0.05702714252545165,0.0,P358L
-0.9226588594977231,1800.0,2738.0,0.1330984264508767,0.0,P358M
-1.9745063911536087,1223.0,878.0,0.21975499796473116,0.0,P358N
-1.0698851339901887,1087.0,1482.0,0.054551032689893544,0.0,P358Q
-2.9269547269843086,1252.0,474.0,0.10629731480935677,3.469446951953614e-18,P358R
-1.3204355105585253,1167.0,1338.0,0.04206951705833907,2.527695580608966e-115,P358S
-1.4540183743476605,1220.0,1285.0,0.15612020577039984,0.0,P358T
-0.6888391270028268,1512.0,2704.0,0.034039963899679934,3.4412401505510332e-47,P358V
-2.5408512441974733,1330.0,645.0,0.08674750221366137,1.734723475976807e-18,P358W
-2.3910098127560584,1210.0,667.0,0.050082081560410795,1.14241146436235e-25,P358Y
-2.627616310970833,2159.0,1012.0,0.1046504761137648,1.0408340855860843e-17,P358_
-1.2454490658466066,414.0,505.0,0.08222234747263855,1.734723475976807e-18,P56A
-1.3629586905583817,678.0,772.0,0.15340363722914388,0.0,P56C
-2.929260202802715,874.0,340.0,0.157693633455515,6.938893903907228e-18,P56D
-2.751649863800541,332.0,139.0,0.32376106038376273,2.7755575615628914e-17,P56E
-1.618869537634388,455.0,425.0,0.20658275470010798,0.0,P56F
-0.57101346728743,286.0,568.0,0.13829460982340927,6.938893903907228e-18,P56I
-2.602891006906094,348.0,167.0,0.2916790694792543,0.0,P56K
-1.3586792776097878,361.0,401.0,0.07490623745859819,1.5641535081818316e-79,P56L
-0.15495698795959287,1304.0,3335.0,0.06802771296021841,0.0,P56M
-2.31217429155341,1410.0,792.0,0.0900920570356004,3.469446951953614e-18,P56N
-2.5338967469626636,259.0,131.0,0.11114003401772017,9.978625920663319e-15,P56Q
-2.723206099627531,765.0,330.0,0.16401227684562633,0.0,P56R
-1.4059467729097983,702.0,781.0,0.054056142181019035,4.778435005091836e-71,P56S
-1.0769325568725296,131.0,182.0,0.15676235715487855,3.469446951953614e-18,P56T
-0.7195061082276131,814.0,1407.0,0.0460285562178567,6.038066350187247e-71,P56V
-1.8638739914183098,566.0,455.0,0.10138073829327954,0.0,P56W
-1.507260927723758,972.0,979.0,0.1357853539815545,0.0,P56Y
-1.7013812373597574,33.0,24.0,0.2748216033130571,1.7327400365353526e-223,P56_
-0.283843244213506,306.0,733.0,0.18907001403947152,1.3877787807814457e-17,Q124A
-0.4853091141721637,834.0,1694.0,0.1610307670137217,0.0,Q124C
-0.041459807949618205,233.0,626.0,0.07865674958638529,1.0560755012108732e-55,Q124D
-0.2252820363755436,567.0,1413.0,0.06780840712475147,0.0,Q124E
-1.5618509533296776,679.0,652.0,0.057097249162563896,2.3813503707143153e-104,Q124F
-0.7201265715392884,676.0,1182.0,0.07449647016458959,1.734723475976807e-18,Q124G
-0.7657858976310574,601.0,1050.0,0.1791990380502884,0.0,Q124H
-0.7398967190463971,476.0,803.0,0.07979737893330527,0.0,Q124I
-0.3947073294457884,406.0,906.0,0.061970242198805,6.551426109452049e-24,Q124K
-0.22496747644881726,494.0,1251.0,0.18781967409058403,0.0,Q124L
-0.7064269831563528,641.0,1103.0,0.06754225525697945,0.0,Q124M
0.7490998150621193,630.0,3069.0,0.25546612005997654,0.0,Q124N
-2.668408884754469,439.0,199.0,0.5290736425767083,1.1102230246251565e-16,Q124P
-0.4861502277956172,380.0,764.0,0.06484930092795056,3.6251400439993815e-206,Q124R
-0.328822417941203,814.0,1883.0,0.2405876018827363,0.0,Q124S
-0.40344830097582907,409.0,884.0,0.061985509312654695,1.3638557185260388e-52,Q124T
-0.3322917066288698,628.0,1459.0,0.049444101581031276,2.7175655589167194e-13,Q124V
-1.4858030925613126,415.0,436.0,0.0709120449701766,2.6286590047275283e-91,Q124W
-0.8058875033386811,746.0,1192.0,0.09690614936162777,0.0,Q124Y
-2.910069460026655,539.0,207.0,0.0887611226807364,1.5808000402390762e-08,Q124_
0.07838281660751935,598.0,1795.0,0.04895996935768605,4.603210437091052e-130,Q189A
-0.2911506810470015,829.0,1923.0,0.11917068191082399,0.0,Q189C
-0.267594552443902,67.0,179.0,0.4735246084096263,0.0,Q189D
0.044553137535750784,584.0,1791.0,0.05617136203601228,1.0523916807447797e-14,Q189E
-0.6183648756382957,1426.0,2613.0,0.06352246512860496,0.0,Q189F
-0.20806198199201398,1184.0,3060.0,0.05357992980551709,0.0,Q189G
-0.17186910601417305,468.0,1228.0,0.07782372988315277,0.0,Q189H
-0.6644082575267424,293.0,525.0,0.07532576675611938,7.422182341969832e-208,Q189I
-1.1918356122719502,1757.0,2236.0,0.03380579915305825,2.1937513899581567e-108,Q189K
-0.13228393357299967,1876.0,4915.0,0.08414196977761264,0.0,Q189L
-0.2994602422400023,1071.0,2573.0,0.03813276826107655,3.557581843520628e-117,Q189M
-0.21608858291590616,163.0,415.0,0.19796547825766922,0.0,Q189N
-0.4403307189093497,895.0,1933.0,0.042345916216905005,1.0384911079839899e-41,Q189P
-0.25145765652935154,992.0,2394.0,0.03949701918485764,5.959880929890682e-88,Q189R
-0.2565211390567698,406.0,934.0,0.1448903700027341,0.0,Q189S
-0.6904063711621883,932.0,1680.0,0.08221663482315023,0.0,Q189T
-0.1784318260854331,1019.0,2606.0,0.03877150404143542,2.5416848457236508e-33,Q189V
-0.7370214122063605,826.0,1404.0,0.04569588773284807,1.3414310466632915e-61,Q189W
-0.4007629289193666,917.0,1988.0,0.04604155596887494,6.505278087043376e-13,Q189Y
-2.8011743736538275,1229.0,512.0,0.11550365005944459,3.469446951953614e-18,Q189_
-0.13640607779445144,957.0,2536.0,0.05257396216556993,0.0,Q194A
-0.26620143686786085,865.0,2142.0,0.1500606267348737,0.0,Q194C
-0.07765194319707858,880.0,2433.0,0.11358044087319594,0.0,Q194D
-0.07936418042515118,645.0,1701.0,0.04790753579482303,1.4661839305422517e-43,Q194E
-0.37984866343710094,900.0,2020.0,0.11596588358599336,0.0,Q194F
-0.15133855488500753,573.0,1518.0,0.05082812119546024,4.580115612022681e-211,Q194G
-0.3048199743457714,678.0,1597.0,0.06196323477280268,8.673617379884035e-19,Q194H
-1.0336249015043002,757.0,1071.0,0.07740536950460158,4.336808689942018e-18,Q194I
-0.3905595546469323,420.0,914.0,0.17932485413438548,6.938893903907228e-18,Q194K
-0.22776528162811396,761.0,1842.0,0.04490957512812617,2.021040697386808e-119,Q194L
-0.09185545574696566,740.0,1999.0,0.04477703634347428,0.0,Q194M
-0.3107758199680172,489.0,1124.0,0.17703501219784748,0.0,Q194N
-1.2468778583401128,1023.0,1239.0,0.08213535890198255,5.204170427930421e-18,Q194P
-0.09045254448260252,1001.0,2706.0,0.044722231576702305,2.0383000842727483e-16,Q194R
-0.09895413600197775,1171.0,3157.0,0.035971368347119344,2.2029112236074079e-175,Q194S
-0.11397993484438465,131.0,340.0,0.17053251221724697,0.0,Q194T
-1.1237734729264108,885.0,1168.0,0.1273830136351255,3.469446951953614e-18,Q194V
-0.5393024375065584,693.0,1346.0,0.12981140683167397,0.0,Q194W
-0.32625945551715435,850.0,1923.0,0.08812965984421131,0.0,Q194Y
-2.3548125139194918,900.0,509.0,0.05782025344461561,4.378014118721087e-08,Q194_
-1.0583576773025727,1350.0,1893.0,0.07662908021287287,3.469446951953614e-18,Q255A
-0.5620539954687839,691.0,1307.0,0.05455403001473078,2.0181122398210682e-13,Q255C
-1.7094649874850993,841.0,742.0,0.05239937282789667,8.16508231229484e-83,Q255D
-2.706104504532038,820.0,365.0,0.10668530120318809,0.0,Q255E
-1.9769975164034197,620.0,457.0,0.0641134739653825,1.627151948604698e-64,Q255F
-0.7796258763887025,1229.0,2048.0,0.06569272531520999,0.0,Q255G
-2.3186531887084234,1916.0,1118.0,0.04075926297651307,2.5250742613155963e-08,Q255H
-0.6630075939115451,701.0,1300.0,0.04896691109532038,7.197768518944991e-13,Q255I
-2.6299745139865474,1310.0,599.0,0.05118934905773032,2.8632885352061195e-92,Q255K
-0.6676938735356858,518.0,911.0,0.057150874465889435,2.2779976536567723e-92,Q255L
-0.576011686329681,1213.0,2351.0,0.03719174599121942,2.3886688198081416e-07,Q255M
-0.21890750895116223,926.0,2318.0,0.08604755468862364,6.938893903907228e-18,Q255N
-1.6706806822954827,891.0,803.0,0.14429984917974203,6.938893903907228e-18,Q255P
-2.451155766088566,1103.0,590.0,0.05450886276079773,1.5203286200853256e-07,Q255R
-1.0212388995514219,1024.0,1449.0,0.12398333874574857,6.938893903907228e-18,Q255S
-0.9657132041383348,1056.0,1571.0,0.05211296173912657,0.0,Q255T
-1.086101468128187,937.0,1263.0,0.04516351181503928,8.195917848656121e-79,Q255V
-2.3967434139652055,586.0,320.0,0.0721914126196753,1.3067911926427792e-17,Q255W
-2.83860354801516,611.0,258.0,0.07644602116452073,1.3716736228789315e-156,Q255Y
-2.917290070071583,1477.0,569.0,0.05107263529038823,1.3698494476676783e-21,Q255_
-2.1490140663238284,1057.0,701.0,0.0885921903677949,0.0,Q325A
-2.552240644885462,1030.0,505.0,0.09080256863615166,1.734723475976807e-18,Q325C
-2.492788991050418,557.0,292.0,0.1639608892123073,0.0,Q325D
-1.8311104694706193,876.0,710.0,0.1469552255583537,0.0,Q325E
-2.600317851235149,1232.0,588.0,0.05218946824549026,7.178174890032877e-65,Q325F
-2.1087928294379448,1422.0,940.0,0.04409562805608657,4.912124558604978e-50,Q325G
-2.008814192291465,1116.0,798.0,0.13835641435164117,6.938893903907228e-18,Q325H
-2.740090358237444,902.0,383.0,0.171758274793133,0.0,Q325I
-2.530812527386318,1352.0,671.0,0.10588860993803649,0.0,Q325K
-2.695451530213291,1569.0,697.0,0.08784039653721055,1.734723475976807e-18,Q325L
-2.5321485081390667,1779.0,881.0,0.1532776167359248,2.0816681711721685e-17,Q325M
-1.17825356471941,761.0,962.0,0.06574824336601594,0.0,Q325N
-2.442292261422195,1285.0,679.0,0.09012512257092258,0.0,Q325P
-2.558017080869948,2044.0,1020.0,0.04584333423919674,5.385449031169998e-15,Q325R
-0.2364976310710976,1151.0,2859.0,0.03670694937969833,5.888683470612189e-126,Q325S
-0.4339552003259014,893.0,1934.0,0.04545989083479534,4.0638970270553965e-11,Q325T
-2.4513095390663375,1086.0,581.0,0.058607383910337915,1.7669743706399954e-12,Q325V
-2.633117391124376,1306.0,601.0,0.06895542344257387,0.0,Q325W
-2.406676267378747,595.0,326.0,0.07619632648892895,1.2073204801350823e-09,Q325Y
-2.778444235751052,1078.0,465.0,0.11649092887588534,0.0,Q325_
-0.10193293090799004,876.0,2353.0,0.06614265579263769,0.0,Q378A
-0.5069574707334752,1962.0,3959.0,0.06696972665674436,0.0,Q378C
1.0928487539133387,2507.0,15637.0,0.05699491999711213,3.469446951953614e-18,Q378D
-0.001931694994030241,1252.0,3539.0,0.08257112837126711,0.0,Q378E
-0.007388360397164491,816.0,2404.0,0.042309764972640676,1.060283747880857e-30,Q378F
-0.028526018781651463,979.0,2737.0,0.07285579926402458,0.0,Q378G
-1.1762048738742128,2428.0,3134.0,0.029017454439823894,1.181543299997609e-146,Q378H
-0.12411568369649884,744.0,1993.0,0.19683369253335053,1.3877787807814457e-17,Q378I
0.002888928696501069,695.0,2036.0,0.28288132582183745,0.0,Q378K
-0.10540081457437167,768.0,2081.0,0.11818642330438178,0.0,Q378L
0.16313906518056043,1773.0,5832.0,0.04608556377616724,0.0,Q378M
-0.13995973314072882,1451.0,3795.0,0.03269803524179111,1.9297962903861579e-22,Q378N
-0.2839489327407382,2082.0,4978.0,0.028949729130724716,8.707872783573437e-09,Q378P
-0.03284805897228211,895.0,2552.0,0.04049547189627219,1.176890352232164e-27,Q378R
-0.09616499004249704,1201.0,3208.0,0.1455545641733109,6.938893903907228e-18,Q378S
-0.05914995609078804,698.0,1936.0,0.08194468723402691,0.0,Q378T
-0.14695602211098185,609.0,1591.0,0.049441673611699856,7.3776706069798e-310,Q378V
-0.21755810807155307,989.0,2491.0,0.03928482317416258,1.1897732419230196e-29,Q378W
-0.25888143685776116,728.0,1788.0,0.20348380446112482,2.7755575615628914e-17,Q378Y
-0.6659892564193035,1094.0,1953.0,0.07961542030859226,0.0,Q378_
-0.10320880654527433,1247.0,3357.0,0.056345469018298774,8.673617379884035e-19,Q386A
0.006954788665622837,988.0,2822.0,0.043065268597529585,1.650701060215698e-13,Q386C
-0.06849844561273684,1355.0,3757.0,0.033424116601500756,3.131430873441444e-99,Q386D
0.06629011935691198,1150.0,3532.0,0.03561603487169776,7.048443798132653e-46,Q386E
-0.15191257607167394,1758.0,4534.0,0.029877716754865835,6.333555313383735e-08,Q386F
-0.1357712559984573,668.0,1801.0,0.047174043580183476,1.1728565658349229e-38,Q386G
-0.07941382719214352,875.0,2420.0,0.09080603293593759,0.0,Q386H
-0.09055946621703834,1211.0,3321.0,0.14250153760322343,0.0,Q386I
0.04638100701529058,1633.0,4748.0,0.07382830256426746,0.0,Q386K
-0.08642430383057648,1781.0,4828.0,0.12201594700497816,1.0408340855860843e-17,Q386L
0.10686651477992049,1248.0,3829.0,0.06594638644382268,0.0,Q386M
-0.052794784195044436,1595.0,4399.0,0.031045846811560807,2.9642864385645417e-42,Q386N
-0.0803661023278413,1396.0,3799.0,0.033232214103003886,2.1607747084238967e-07,Q386P
-0.030719606451120148,977.0,2780.0,0.14194894733362104,0.0,Q386R
-0.18478808368660757,1207.0,3055.0,0.1020499148873183,3.469446951953614e-18,Q386S
-0.14341846048061954,1591.0,4174.0,0.08230483740711553,0.0,Q386T
-0.47603418975756767,1197.0,2430.0,0.037104353249955216,1.0146893559325276e-99,Q386V
-0.2661710580722685,1303.0,3146.0,0.10560979097038815,0.0,Q386W
-0.2695520262621785,880.0,2141.0,0.04189163211826649,5.483950515265809e-60,Q386Y
-0.1289451352894774,774.0,1994.0,0.051989830879089476,5.2909066017292616e-17,Q386_
-0.20818517904676445,527.0,1267.0,0.07962991774595467,1.734723475976807e-18,Q4A
-0.10680921765330353,761.0,2050.0,0.04655165234658136,3.678118376873856e-09,Q4C
-1.085217006110472,1113.0,1499.0,0.09032100682555164,1.734723475976807e-18,Q4D
-0.051925173931999136,954.0,2655.0,0.08761618116697122,0.0,Q4E
-0.259395733122895,453.0,1094.0,0.057608842808757665,1.1381761914452603e-13,Q4F
-2.3148749362655843,536.0,304.0,0.07382194573792462,4.839698584350493e-09,Q4G
-0.07355079148535809,615.0,1675.0,0.11162196042719215,1.3877787807814457e-17,Q4H
-0.11502495604259985,978.0,2577.0,0.06436146225842693,0.0,Q4I
-0.3378207248591782,707.0,1644.0,0.13695775608362373,6.938893903907228e-18,Q4K
-1.171176820183185,648.0,822.0,0.06757096598272595,0.0,Q4L
-0.10338959172260515,747.0,2040.0,0.04454074522446812,3.592506837151356e-147,Q4M
-0.3897458779964037,471.0,1001.0,0.05772805276878503,7.471139658624146e-67,Q4N
-0.9467726002836756,935.0,1357.0,0.044340037439453514,6.033797221219876e-31,Q4P
-0.13023879032663624,488.0,1272.0,0.09054227395154107,0.0,Q4R
-0.4051951977065884,426.0,920.0,0.2255034912722711,0.0,Q4S
-0.2580102149714776,625.0,1498.0,0.05124551786695986,1.839805252790887e-08,Q4T
0.20316277351157527,824.0,2769.0,0.05465600747382052,0.0,Q4V
-2.4231648367017917,657.0,348.0,0.1161224063650857,0.0,Q4W
-0.2210614313218408,638.0,1574.0,0.09739339402799886,0.0,Q4Y
-2.6183949184492956,912.0,433.0,0.13148518031951184,0.0,Q4_
-0.8276782818897712,418.0,665.0,0.06437411306854138,6.572961684277164e-16,Q51A
-0.8349946942807992,603.0,983.0,0.05364333627495748,2.213958335178906e-41,Q51C
-2.042701995366266,537.0,367.0,0.14510513096312871,0.0,Q51D
-1.2088653819103632,897.0,1144.0,0.08255070495252295,3.469446951953614e-18,Q51E
-2.3961067841215913,1492.0,793.0,0.22594278821663322,1.3877787807814457e-17,Q51F
-1.4865704461525615,1387.0,1422.0,0.03967018935851774,9.434339128492278e-98,Q51G
-3.1899583952024586,2263.0,722.0,0.04457731133724535,2.0438202419509428e-34,Q51H
-2.5360355592596315,399.0,192.0,0.11061727172686249,0.0,Q51I
-2.0074517887186767,374.0,268.0,0.1727915892579993,0.0,Q51K
-2.6157427451793605,381.0,174.0,0.09410453427402843,1.972727824274455e-212,Q51L
-1.4927523532958067,1026.0,1067.0,0.06213717539708427,0.0,Q51M
-0.5936418259918137,1364.0,2658.0,0.03517098891131741,0.0,Q51N
-2.8446558952454803,323.0,136.0,0.1184225480635031,1.4739667819618774e-12,Q51P
-2.3242212882236863,428.0,249.0,0.08216170708078646,8.21929328062728e-126,Q51R
-0.033168525967624006,687.0,1920.0,0.04881339196486389,1.0179189852133064e-09,Q51S
-0.6380914946598867,1161.0,2157.0,0.06889436986731338,5.204170427930421e-18,Q51T
-2.410398376075584,399.0,221.0,0.10288952774793701,8.673617379884035e-19,Q51V
-2.4508109622595704,554.0,288.0,0.4453802439128054,0.0,Q51W
-2.813315838996945,537.0,214.0,0.08306667748454022,9.569975272374408e-120,Q51Y
-2.9953834778781943,1005.0,377.0,0.06221397480341011,1.5740138213438166e-38,Q51_
-1.0243449901836406,668.0,954.0,0.05606167952148187,6.841375541164624e-10,R156A
-0.8243447047207597,736.0,1194.0,0.12216128980101655,0.0,R156C
-1.3133069808662194,435.0,514.0,0.41045091712881626,5.551115123125783e-17,R156D
-1.3248825356488179,604.0,692.0,0.06892004375080077,0.0,R156E
-0.7868234077633048,608.0,1001.0,0.13352162592795008,0.0,R156F
-1.5038164103577452,641.0,663.0,0.057535648244239485,9.003841971032929e-118,R156G
-0.6407003509829663,809.0,1484.0,0.07855280382636193,3.469446951953614e-18,R156H
-0.8758750663897011,762.0,1182.0,0.19694628289822727,2.7755575615628914e-17,R156I
-0.8265368537089283,391.0,654.0,0.07470052460178468,1.1273534189504275e-14,R156K
-1.0883561559094506,443.0,640.0,0.1736419808955726,0.0,R156L
-0.9908744643432057,678.0,974.0,0.16586119105239958,0.0,R156M
-1.034826717604636,277.0,391.0,0.0812521394131787,1.3285272048254977e-146,R156N
-1.260014714603574,547.0,647.0,0.2283988336669075,0.0,R156P
-1.2417003560114643,359.0,456.0,0.17509290538307487,0.0,R156Q
-0.7447582296189005,513.0,867.0,0.0975441973304936,1.734723475976807e-18,R156S
-0.7345885894438261,308.0,540.0,0.179054212587975,6.938893903907228e-18,R156T
-1.1278701505349034,900.0,1204.0,0.06724609327549597,0.0,R156V
-1.0043548161930762,595.0,863.0,0.13103171379247053,0.0,R156W
-0.5892780994736793,367.0,700.0,0.11046219119465987,8.673617379884035e-18,R156Y
-2.6861485895520305,1079.0,471.0,0.2064538211086823,1.3877787807814457e-17,R156_
-2.661135359954986,993.0,456.0,0.0883898401070834,0.0,R310A
-2.8447265676901727,1378.0,555.0,0.05846450323524268,1.9774915212267263e-13,R310C
-3.2768371273718517,1087.0,318.0,0.06581201933043258,3.613499456712652e-30,R310D
-3.6777023834359346,458.0,100.0,0.12865562619261747,4.595282487862562e-15,R310E
-2.88371977856513,880.0,354.0,0.22564560491208616,0.0,R310F
-1.4718862171783302,1652.0,1696.0,0.1400969945167283,0.0,R310G
-2.470803841802987,1064.0,551.0,0.11850250744442344,3.469446951953614e-18,R310H
-2.8191124042913076,1139.0,471.0,0.05655365164688926,6.114505799194086e-12,R310I
0.45557108388700895,1540.0,6086.0,0.04289225776581751,0.0,R310K
-2.4674380397871594,987.0,514.0,0.056462950067822544,4.737321913775466e-267,R310L
-2.9345489989207154,1778.0,661.0,0.1360533791415162,0.0,R310M
-2.5217418229739437,912.0,457.0,0.059336612372457756,5.482775441683912e-128,R310N
-2.744076873259159,614.0,264.0,0.16134953261565746,0.0,R310P
-2.755640538735246,1171.0,500.0,0.055347005073416444,2.3590131089141982e-163,R310Q
-2.6549485889742614,1624.0,746.0,0.06571006535087362,0.0,R310S
-2.656208039796341,1297.0,607.0,0.12249179524429707,6.938893903907228e-18,R310T
-2.6050405167451696,2205.0,1032.0,0.15660892547149527,2.0816681711721685e-17,R310V
-2.8483154921397835,1538.0,629.0,0.04927232275883246,5.06105924989541e-90,R310W
-2.626422798758138,775.0,357.0,0.14294068798650436,0.0,R310Y
-2.4373946585405477,703.0,367.0,0.06641344979194166,8.351965808946354e-43,R310_
-0.5902472486582189,1038.0,1978.0,0.040178846117004584,3.329555067956969e-283,R324A
-0.713342127068425,1684.0,2952.0,0.03243393574596422,2.5822217620568297e-242,R324C
-1.4868620740357998,1155.0,1180.0,0.04332444754206664,4.335136913916696e-72,R324D
-1.1678872299359235,688.0,876.0,0.05300796811923168,1.509051054742853e-178,R324E
-0.35961426423597526,1130.0,2534.0,0.03753147886799522,9.096142566083671e-72,R324F
-1.0778882101611678,1330.0,1792.0,0.03808096388526006,8.917439721431415e-90,R324G
-0.5287927176840787,1444.0,2885.0,0.03403364873045323,2.313820272625055e-39,R324H
-1.6997675413908757,890.0,772.0,0.051341401819055714,3.3853834991891517e-94,R324I
-0.002400603446858048,945.0,2749.0,0.11446298032374955,1.0408340855860843e-17,R324K
-0.3375219306184856,1567.0,3526.0,0.09651642827399477,0.0,R324L
-0.48474149483100254,1171.0,2414.0,0.045479837713555384,0.0,R324M
-0.22733998746360687,1330.0,3361.0,0.12139849087451175,1.0408340855860843e-17,R324N
-2.783402282112409,2699.0,1134.0,0.10280110171159988,0.0,R324P
-1.4128227522109487,3984.0,4308.0,0.03284455928126576,2.168404344971009e-19,R324Q
-0.5243791483456192,776.0,1552.0,0.04598301684000535,1.690930398070876e-10,R324S
-1.6712213370442845,1694.0,1528.0,0.05165577874811676,1.3010426069826053e-18,R324T
-1.4052236090509926,1583.0,1721.0,0.07592055868006359,0.0,R324V
-0.8565083926890381,1418.0,2290.0,0.03567846520196535,3.0491061187127808e-133,R324W
-0.9374758264931423,1175.0,1786.0,0.07214399074649168,0.0,R324Y
-2.785531873486995,676.0,281.0,0.09204961179683807,0.0,R324_
-0.24626226266309312,1226.0,3064.0,0.11390987249851235,3.469446951953614e-18,R380A
-0.17599528953895702,1298.0,3238.0,0.034560892437662014,2.631121669623182e-23,R380C
-1.9064374046162569,3535.0,2734.0,0.11629931490177665,0.0,R380D
-0.3171732880527841,2245.0,5241.0,0.08902599260077929,0.0,R380E
-0.24208766647933533,1580.0,3838.0,0.03175541035895157,2.4282723238199583e-19,R380F
-0.3365792759775517,1628.0,3707.0,0.03162650842302769,2.854573478041309e-09,R380G
-0.2380434245506493,1509.0,3738.0,0.052046533498093704,0.0,R380H
-0.35596731020961087,1617.0,3645.0,0.04183967945013296,0.0,R380I
-0.19730900847905986,1129.0,2843.0,0.036926239531561385,9.086721046455011e-146,R380K
-0.2690970937911605,1342.0,3133.0,0.1253929707707635,3.469446951953614e-18,R380L
-0.04100302820014793,1825.0,4997.0,0.11118967404129318,0.0,R380M
-0.2230795806422129,884.0,2172.0,0.15552233266796536,0.0,R380N
-0.38766775953246974,1037.0,2278.0,0.06634273204752297,0.0,R380P
-0.30108633248394034,1022.0,2404.0,0.049664649545076274,0.0,R380Q
0.3942878729373793,1298.0,4863.0,0.0328674109291617,2.5080697588503817e-56,R380S
-0.27741975188051166,1666.0,3981.0,0.07073138893759574,1.734723475976807e-18,R380T
-0.32714355869026734,1038.0,2345.0,0.06805585210270618,8.673617379884035e-19,R380V
-0.5293992836520769,1720.0,3453.0,0.031408963046805585,7.318054038046946e-92,R380W
-0.5937888030592071,1277.0,2447.0,0.05707957474005916,0.0,R380Y
-0.40683675410397224,939.0,2028.0,0.19348882829360597,0.0,R380_
-2.576448498382205,625.0,301.0,0.07212092042637705,1.228465364728549e-12,R98A
-3.006036700999822,607.0,215.0,0.12432927473637705,0.0,R98C
-2.5744690047867547,454.0,218.0,0.10805338291092757,0.0,R98D
-2.756351551987682,488.0,208.0,0.12794550962794385,0.0,R98E
-2.9072531995656896,370.0,146.0,0.33636282724628735,0.0,R98F
-2.885391043301593,873.0,343.0,0.20906876528794058,2.7755575615628914e-17,R98G
-2.8368319559547546,377.0,153.0,0.2240032299083062,0.0,R98H
-2.908055343557577,636.0,243.0,0.07742343434212919,1.2571095803865254e-53,R98I
-2.3264456746859894,715.0,406.0,0.1498839997642061,0.0,R98K
-2.8655772843644427,784.0,317.0,0.20832459715308746,0.0,R98L
-2.7001449324491604,828.0,359.0,0.08015750699009595,0.0,R98M
-2.8594363020416185,544.0,215.0,0.103304600955054,0.0,R98N
-2.731178961146153,710.0,317.0,0.07003652051204555,4.197163377565107e-20,R98P
-2.7341802053394266,976.0,428.0,0.18762369250091981,0.0,R98Q
-2.7243126819811696,326.0,146.0,0.2385169279749188,0.0,R98T
-2.8611007471554384,767.0,304.0,0.0701829752044436,1.185591273950495e-19,R98V
-2.667436168134966,694.0,313.0,0.19259861166714914,0.0,R98W
-2.8081943584148115,664.0,267.0,0.1187653211653059,3.469446951953614e-18,R98Y
-2.6332104149816655,772.0,339.0,0.10600928627946266,0.0,R98_
-0.2786573346712303,513.0,1223.0,0.17176628738357544,0.0,S104A
-0.8081415275062052,516.0,849.0,0.10534064565701937,0.0,S104C
-2.250196575710492,803.0,483.0,0.05983327794466991,4.4133241758861274e-99,S104D
-2.2242893240340553,275.0,168.0,0.1008527606976716,1.3408477817847284e-193,S104E
-1.6605433477727414,445.0,426.0,0.18594789205925336,0.0,S104F
-0.7727772578482869,549.0,920.0,0.09300203342128201,0.0,S104G
-1.6326710841657261,318.0,314.0,0.08256613614933749,1.5912259377935617e-62,S104H
-3.068724933000068,493.0,175.0,0.0903637792499739,0.0,S104I
-2.366412872806708,693.0,384.0,0.1552352483610317,0.0,S104K
-2.8372961911199774,407.0,161.0,0.09609072923883272,1.005931950720919e-43,S104L
-1.070562978540732,651.0,894.0,0.05379546244296465,1.209723930969944e-24,S104M
-1.1729197416662307,822.0,1068.0,0.16030605101842804,2.0816681711721685e-17,S104N
-2.7594799766242897,711.0,305.0,0.07077127308136305,3.6371625365953215e-85,S104P
-1.335035893587842,445.0,521.0,0.24206613049299688,2.7755575615628914e-17,S104Q
-2.744447999467892,789.0,353.0,0.06615728737848953,1.1077460452575082e-278,S104R
-2.0704757763537827,627.0,425.0,0.09729884193982943,1.734723475976807e-18,S104T
-2.8443662915237717,841.0,345.0,0.0659015800604716,1.5693744230309052e-80,S104V
-1.9413105655732625,249.0,185.0,0.2608025618523221,1.3877787807814457e-17,S104W
-1.374617565876747,257.0,267.0,0.08989366974691619,8.531525182138992e-67,S104Y
-4.349304810337213,1291.0,177.0,0.08168674023829303,4.034196071996679e-109,S104_
-0.9078377308282575,306.0,458.0,0.19779848323972105,0.0,S120A
-0.6799323204388811,541.0,967.0,0.05574678006541102,1.1115879152378011e-197,S120C
-1.90430743505097,353.0,281.0,0.26734117155727855,2.7755575615628914e-17,S120D
-2.0204177284769536,637.0,452.0,0.13099719946689514,0.0,S120E
-1.2083793779869016,1230.0,1513.0,0.040413490036217706,5.560167368846885e-56,S120F
-0.8148198320471128,333.0,552.0,0.0714357573535567,1.630378794460471e-17,S120G
-0.6467660235794404,914.0,1719.0,0.04282904697589421,0.0,S120H
-0.8293446324815104,765.0,1241.0,0.21164442720203164,0.0,S120I
-1.8843918790652576,650.0,507.0,0.08908481168304702,0.0,S120K
-1.4236256509236496,911.0,964.0,0.059522282710982866,0.0,S120L
-1.5818918224730636,536.0,495.0,0.06445099503815027,5.219615322981134e-50,S120M
-2.0124941178186733,314.0,216.0,0.09087729647260194,1.0642126249811982e-53,S120N
-2.1461211478694984,739.0,481.0,0.1246948789472255,0.0,S120P
0.6720451059300719,1971.0,9211.0,0.0265821802234124,6.866987078328658e-54,S120Q
-2.302394630549677,719.0,414.0,0.08219048882241355,8.673617379884035e-19,S120R
-0.4578930615547645,856.0,1765.0,0.04345845254284572,1.1026389490824108e-129,S120T
-1.2309435502788966,406.0,501.0,0.0986878417243854,0.0,S120V
-2.3818604338848663,644.0,355.0,0.12402028327335475,0.0,S120W
-1.7994316651096085,512.0,417.0,0.13785538849248957,3.469446951953614e-18,S120Y
-2.72637588250048,841.0,362.0,0.06516560253811594,7.079904301244349e-35,S120_
-0.04446731362264746,760.0,2177.0,0.0765754980238432,0.0,S122A
-0.3032432286716757,525.0,1233.0,0.204529838506652,0.0,S122C
-0.6454456061566931,276.0,520.0,0.07684115297051464,7.827417750744953e-222,S122D
-0.24234202091431398,456.0,1078.0,0.05770131649376368,7.30868053779439e-103,S122E
-0.6202517958858709,657.0,1186.0,0.05059104694602914,8.486975984155332e-180,S122F
-0.20651602091745305,281.0,714.0,0.286468115726965,0.0,S122G
-0.2137804510185575,880.0,2213.0,0.04162010820555678,1.6755757856280573e-278,S122H
-0.09541933051347765,846.0,2270.0,0.04500325721608587,1.0088770823531851e-10,S122I
-0.13896439090699236,305.0,811.0,0.1102215197078706,0.0,S122K
0.5216191540256943,760.0,3172.0,0.06335123750750284,0.0,S122L
-0.06566675420200217,367.0,1030.0,0.24337456686616574,5.551115123125783e-17,S122M
-0.2396710787743759,519.0,1281.0,0.2538601533337579,0.0,S122N
0.1033949276680408,389.0,1195.0,0.060115318936544655,7.328538579144749e-107,S122P
-0.2842495324752889,422.0,991.0,0.17687243175634712,0.0,S122Q
-0.36933723780367644,449.0,989.0,0.0588531528254735,4.552697362087444e-186,S122R
-0.34402637221413657,1182.0,2741.0,0.03667187539670331,2.5227949979460067e-24,S122T
0.046700083889380725,387.0,1175.0,0.06056437931466586,2.7823115151495257e-58,S122V
-0.3592215309795548,457.0,1041.0,0.07848646226582087,2.6020852139652106e-18,S122W
-0.3073770652977059,402.0,973.0,0.0709114890270614,8.027432885082675e-16,S122Y
-2.7016508090617974,642.0,287.0,0.07306406736833888,3.217183828820736e-56,S122_
-0.37628566239844985,419.0,957.0,0.060587841096908755,0.0,S133A
-0.8259806409608389,334.0,544.0,0.07526969446635105,3.168549496108779e-08,S133C
-2.626164574916409,517.0,238.0,0.0803959989903435,5.540798300871711e-25,S133D
-2.535453152339841,608.0,307.0,0.3734586675658507,0.0,S133E
-2.7843036174177715,898.0,384.0,0.16713882451173592,0.0,S133F
-0.0088427355214345,234.0,687.0,0.07756210207806295,4.3716980303807847e-38,S133G
-2.907500283448889,835.0,325.0,0.06740268063348621,1.2912028275682577e-154,S133H
-2.8487925893135615,852.0,353.0,0.06523562371099428,5.740587790641666e-62,S133I
-2.9865826520738428,238.0,82.0,0.13195443521068664,1.1359946217956672e-38,S133K
-2.554867286852076,501.0,236.0,0.09951077120891716,1.734723475976807e-18,S133L
-1.2360893634317238,773.0,957.0,0.05051210708550971,5.549744824172871e-86,S133M
-1.3876023885014306,656.0,718.0,0.14435487165546146,6.938893903907228e-18,S133N
-3.0918235220727586,430.0,148.0,0.325764780166435,0.0,S133P
-1.3070867102370463,495.0,579.0,0.11558239242861418,0.0,S133Q
-2.931909879249718,644.0,241.0,0.07806724708912904,9.434998476907583e-21,S133R
-1.7852934855506004,475.0,404.0,0.06985594014332683,1.0130108387221027e-31,S133T
-2.511975316514149,661.0,339.0,0.22338976303095825,0.0,S133V
-2.910181885054779,781.0,304.0,0.19008123144483516,1.3877787807814457e-17,S133W
-2.8667312247102763,514.0,205.0,0.1783683859892029,0.0,S133Y
-2.7408846503848747,663.0,282.0,0.13060848925757262,6.938893903907228e-18,S133_
0.17374974172875565,918.0,2976.0,0.05538284886905043,8.673617379884035e-19,S138A
0.06970493251941645,590.0,1715.0,0.176952911338062,6.938893903907228e-18,S138C
-2.6135463494832947,391.0,179.0,0.09235741381309977,3.810515943506176e-11,S138D
-2.205072532781274,566.0,351.0,0.1224879866111942,0.0,S138E
-0.6399821172809758,451.0,855.0,0.06046723136975445,4.663011388831872e-44,S138F
-0.03499081289798289,194.0,550.0,0.08546992539427999,1.5540224767747972e-39,S138G
-2.001294619484866,447.0,326.0,0.10747836701209891,0.0,S138H
-0.33987088308248886,646.0,1434.0,0.07508504307178578,3.469446951953614e-18,S138I
-1.8626319293911644,681.0,536.0,0.23811607587590122,2.7755575615628914e-17,S138K
-0.021645516636620614,218.0,637.0,0.1129600803124091,0.0,S138L
-0.04805250177949446,529.0,1465.0,0.18567053166032588,1.3877787807814457e-17,S138M
-1.725095581400002,441.0,379.0,0.07235023652019924,4.1271162553623057e-76,S138N
-2.729462168900569,1006.0,444.0,0.1461797468228817,0.0,S138P
-1.7573260013602676,551.0,466.0,0.06763750362860896,2.2155125623522266e-08,S138Q
-2.5955865706138126,757.0,364.0,0.14838280964509315,0.0,S138R
-0.4825513817195545,645.0,1312.0,0.05000950632930556,1.5680915337408963e-192,S138T
-0.24476316656980457,814.0,1929.0,0.10262887033868985,0.0,S138V
-1.7728830538949554,621.0,535.0,0.1570288057895399,6.938893903907228e-18,S138W
-1.423773773872838,785.0,842.0,0.10389345237077408,0.0,S138Y
-2.883721889175833,613.0,242.0,0.07783400170444463,7.970622351654968e-14,S138_
-0.7299721311631225,459.0,812.0,0.19139922962749475,0.0,S154A
-0.11833558541902772,544.0,1422.0,0.052065420017917516,2.063368499785003e-10,S154C
-0.41485549187835896,517.0,1141.0,0.06558074812277284,8.673617379884035e-19,S154D
1.3090899795369864,745.0,5257.0,0.19491634546650435,1.3877787807814457e-17,S154E
-0.5980061348465058,634.0,1205.0,0.06397017275994657,0.0,S154F
-0.8608352420056742,262.0,430.0,0.1928478567413508,1.3877787807814457e-17,S154G
-0.21513097716851926,487.0,1195.0,0.05563917764546307,0.0,S154H
-0.185362178493529,817.0,2092.0,0.12825561681904843,6.938893903907228e-18,S154I
-1.1402658072269118,772.0,1035.0,0.04968115340388217,7.084748861357442e-93,S154K
-0.6903915661370438,734.0,1292.0,0.04825500481232259,6.10374134456152e-51,S154L
-0.4428259782275292,486.0,1035.0,0.05680518654850043,5.346256971993703e-25,S154M
-0.3764543322112695,773.0,1723.0,0.11654129486663936,0.0,S154N
-2.395018233874363,677.0,363.0,0.1643342333584863,0.0,S154P
-0.685562058404883,350.0,604.0,0.06911304563476815,9.356937358154565e-11,S154Q
-2.043386963323124,818.0,559.0,0.13157038127881673,0.0,S154R
-0.5477409223455726,615.0,1220.0,0.0625312615046656,0.0,S154T
-0.10339446130925968,570.0,1504.0,0.05143120637227568,4.1496104743359626e-07,S154V
-0.3537399925393446,257.0,597.0,0.20123496045137226,0.0,S154W
-0.12252487538094589,199.0,540.0,0.18385520701187597,0.0,S154Y
-2.6852824836299045,757.0,341.0,0.14340281777609773,0.0,S154_
-0.9475501265956418,847.0,1228.0,0.09465526254958519,0.0,S173A
-1.134007641268218,536.0,686.0,0.05988361448968282,6.300681110796317e-165,S173C
-0.6305333620947643,663.0,1265.0,0.049808904926254796,4.306100741150126e-60,S173D
-0.9510989468454102,449.0,689.0,0.1600515816042697,2.7755575615628914e-17,S173E
-1.6424845512525257,762.0,700.0,0.1312484780669345,0.0,S173F
-1.1083218148578053,414.0,551.0,0.06755651932617487,1.075668208530639e-67,S173G
-1.1579654983584227,560.0,718.0,0.05851505181124426,1.1485237848353959e-152,S173H
-1.3476981547053781,746.0,846.0,0.12718417157996448,0.0,S173I
-1.4280628912856321,899.0,954.0,0.04846277760098131,2.8706081000092536e-83,S173K
-1.0159571459261134,723.0,1023.0,0.050725056057596946,9.440609094918412e-62,S173L
-0.9057979814271548,407.0,635.0,0.10967973002903071,5.204170427930421e-18,S173M
-0.4614439372726142,855.0,1751.0,0.04362574169187447,2.421552970965136e-61,S173N
-1.6182021945107181,839.0,793.0,0.05145666359483184,1.5378163963041497e-07,S173P
-0.8549413648080405,646.0,1046.0,0.052109786741531265,2.14261522257403e-155,S173Q
-2.890085957695346,773.0,302.0,0.07022124095806997,7.226887316563065e-32,S173R
-0.5039008015551891,598.0,1204.0,0.0518002453511662,5.251312711063837e-15,S173T
-0.587751256041888,563.0,1056.0,0.12897258196979774,0.0,S173V
-2.748661223618476,513.0,228.0,0.19480382110576216,0.0,S173W
-2.2553289806905696,467.0,288.0,0.19631556124922345,1.3877787807814457e-17,S173Y
-2.7755095023301566,414.0,177.0,0.09266984564523272,4.85943899442328e-69,S173_
-0.15105757459987113,476.0,1282.0,0.11071979069857156,0.0,S183A
-0.27866230234688705,819.0,2003.0,0.1662576106716576,2.7755575615628914e-17,S183C
0.028336538181602554,841.0,2454.0,0.10346822091641929,1.0408340855860843e-17,S183D
0.06230875163850378,417.0,1243.0,0.05854717506939095,7.981680629027131e-29,S183E
-0.4432038424347807,1029.0,2095.0,0.21282029361661028,0.0,S183F
-0.29603482622232247,931.0,2185.0,0.04089706055689122,3.2823687749051096e-113,S183G
-0.2249552127458765,1103.0,2746.0,0.14636597287119704,1.3877787807814457e-17,S183H
0.46513656946353604,1303.0,5246.0,0.050269104152120124,0.0,S183I
-0.16118906003053562,512.0,1320.0,0.05395697933770293,4.5476951197250945e-117,S183K
-0.24549326154094991,815.0,1956.0,0.13122199118769035,0.0,S183L
0.001291339749672061,436.0,1270.0,0.13734996767300447,0.0,S183M
0.6091272168272076,1821.0,8114.0,0.02767909347821227,1.6818646181568776e-31,S183N
-0.234078406747472,505.0,1228.0,0.07609073714891613,0.0,S183P
-0.21056807216008633,446.0,1119.0,0.164666983572038,0.0,S183Q
-0.16553991977596294,964.0,2429.0,0.03979568460955975,4.21636289583021e-143,S183R
-0.19232844507296387,558.0,1424.0,0.05192128378844186,1.5873734707300446e-21,S183T
0.17997737381137513,656.0,2159.0,0.06382039521300595,4.336808689942018e-19,S183V
-0.17706356000940746,451.0,1165.0,0.1253293467250514,0.0,S183W
-0.3490096771783049,551.0,1257.0,0.35206464858048797,1.6653345369377348e-16,S183Y
-2.87117218216734,1073.0,429.0,0.05898113155220187,1.6722498717174212e-62,S183_
-0.029200353272802498,852.0,2386.0,0.09156760890747845,0.0,S186A
-0.4264329509882623,767.0,1665.0,0.1160096487684769,0.0,S186C
-0.013132069827125089,1084.0,3149.0,0.03700291213653677,3.2518199142429895e-21,S186D
-0.007362878950984138,855.0,2494.0,0.08734248175554123,0.0,S186E
-0.2919554880702846,557.0,1316.0,0.05255418474359741,1.4590955071458511e-32,S186F
-0.045767318319099436,626.0,1721.0,0.08351077857993915,3.469446951953614e-18,S186G
-0.23120689109251782,645.0,1577.0,0.04855065656116102,0.0,S186H
0.0632314208900468,499.0,1464.0,0.05372787168639337,2.3067161423250733e-21,S186I
0.01752281913768672,1064.0,3145.0,0.03714051383435881,1.3649833801483601e-69,S186K
-0.18836590328755573,889.0,2251.0,0.041294522957994885,7.954957307247018e-27,S186L
-0.20891561380077697,806.0,2003.0,0.145890564836359,0.0,S186M
0.060738967557076626,805.0,2473.0,0.06671186763420639,0.0,S186N
-0.04568084241414951,571.0,1575.0,0.06570597171655912,0.0,S186P
0.04912314253723202,814.0,2451.0,0.04214263367720824,1.137005196585473e-225,S186Q
-0.1772963214492521,568.0,1442.0,0.07474955668358768,0.0,S186R
0.774082020750144,859.0,4217.0,0.15353304910815715,6.938893903907228e-18,S186T
0.2699284059027583,716.0,2526.0,0.1454779914009947,6.938893903907228e-18,S186V
-1.7249354764520912,1960.0,1728.0,0.06645032354391249,0.0,S186W
-0.17780832221891052,786.0,1983.0,0.04401940773060119,5.414701282966537e-19,S186Y
-2.75737268184123,628.0,273.0,0.16182708199484724,1.3877787807814457e-17,S186_
-0.385686192163329,775.0,1728.0,0.08780631992844182,5.204170427930421e-18,S219A
-0.22307176394018624,448.0,1116.0,0.1161852129248938,0.0,S219C
-2.1573696725318334,698.0,456.0,0.22955261562708035,0.0,S219D
-1.4187399899814088,716.0,780.0,0.10622370595354709,0.0,S219E
-0.7279843463843636,978.0,1689.0,0.061251158621603616,0.0,S219F
-0.5337050631877804,587.0,1196.0,0.05249778481063706,4.4517812960069345e-28,S219G
-0.12561352627748976,516.0,1389.0,0.05326799984843148,1.261596240586871e-38,S219H
-2.0755274656372533,282.0,192.0,0.09664310475793716,1.2334497443022336e-171,S219I
-2.9278349377381665,852.0,334.0,0.08331246834303595,0.0,S219K
-2.2629417854767184,826.0,498.0,0.11721536916344716,0.0,S219L
-1.9107982030877262,801.0,619.0,0.05584525692039231,7.275461268309511e-38,S219M
-0.07631253875995443,662.0,1844.0,0.22137231429497342,0.0,S219N
-1.8983400249045406,833.0,642.0,0.0601369920636814,9.228527230592531e-13,S219P
-0.4191317529207518,390.0,843.0,0.06319307709027425,6.59498020809963e-79,S219Q
-2.7384093052577163,679.0,292.0,0.07192960116291074,3.9439553155586936e-27,S219R
-0.22810240465445683,1231.0,3105.0,0.03888720564581618,1.0212268313977702e-12,S219T
-1.6989887139800421,1559.0,1427.0,0.10105609884958498,0.0,S219V
-1.6421622178694322,883.0,809.0,0.05066487019473192,2.6306105474012197e-70,S219W
-0.4041951524111711,766.0,1643.0,0.04567679188318745,5.0379827295513824e-45,S219Y
-2.7350011705382444,681.0,290.0,0.07300271161369426,6.948893874792221e-07,S219_
0.0010772555707282564,792.0,2275.0,0.046263193347489615,1.36141695356376e-10,S226A
-0.4346371974257562,835.0,1745.0,0.08992661181522586,3.469446951953614e-18,S226C
-2.8295956001422864,736.0,289.0,0.2259939131779976,2.7755575615628914e-17,S226D
-2.8911119240746546,2234.0,856.0,0.09992932525143049,3.469446951953614e-18,S226E
-2.2600968483454156,655.0,399.0,0.0656211800110683,1.0883387446987744e-63,S226F
-1.1976727302676902,1120.0,1422.0,0.04915368488750156,7.15573433840433e-18,S226G
-2.2334835718660258,609.0,377.0,0.06789817056389977,2.475828994021185e-182,S226H
-2.5488001561332463,2289.0,1119.0,0.06114522257652562,8.673617379884035e-19,S226I
-2.600089642907203,358.0,176.0,0.1272140503493831,1.734723475976807e-18,S226K
-2.1102279629920204,814.0,543.0,0.05752549147717168,5.997608936763686e-165,S226L
-1.7193163867554395,732.0,636.0,0.07643792643453613,0.0,S226M
-1.7426075650753183,1186.0,1024.0,0.04464905689323903,2.5975775661077834e-158,S226N
-0.8449889377604498,957.0,1521.0,0.13113733606659547,0.0,S226P
-2.4035452572582656,766.0,415.0,0.183338053390422,0.0,S226Q
-2.5925567613294613,936.0,457.0,0.05900976057684151,2.4721552876373164e-57,S226R
-0.6072348344736869,997.0,1901.0,0.06522531458649468,8.673617379884035e-19,S226T
-1.2835454043132002,801.0,967.0,0.05002712085733277,1.2951766154003876e-15,S226V
-2.4589599464857326,1166.0,603.0,0.05204545026147868,1.642471119575263e-56,S226W
-2.7445538831818683,395.0,171.0,0.10317359000205957,6.09476562100919e-11,S226Y
-2.8273128287056903,937.0,383.0,0.2849583281132715,5.551115123125783e-17,S226_
-0.1893865116681004,798.0,1985.0,0.15714359461779984,6.938893903907228e-18,S230A
0.12447142581107978,1107.0,3459.0,0.11813725227857455,0.0,S230C
-0.25902665964560023,1004.0,2396.0,0.03935979462232984,2.8995212667124126e-200,S230D
-0.5124615822430539,618.0,1277.0,0.11764020641633144,0.0,S230E
-0.26994016827087414,571.0,1383.0,0.05148982999922373,3.1327723868677415e-07,S230F
-0.22065983602426686,813.0,1992.0,0.11506477581717264,0.0,S230G
-0.24857111326707565,614.0,1510.0,0.11001495761754951,0.0,S230H
-0.7896317672796992,654.0,1106.0,0.28628152144345426,0.0,S230I
-1.482311133694851,455.0,475.0,0.06826093100338089,4.028013385378666e-39,S230K
0.12823634029622946,846.0,2666.0,0.1569561225621638,6.938893903907228e-18,S230L
0.14960696492050057,957.0,3058.0,0.047865186042817864,0.0,S230M
-0.05633445033915567,500.0,1429.0,0.14030946116592075,1.3877787807814457e-17,S230N
-2.364322582574247,969.0,547.0,0.055578686922476146,1.403573727004987e-214,S230P
-0.9943533520822962,1372.0,1985.0,0.03696858499021075,4.136028588860055e-45,S230Q
-1.2798878814979786,990.0,1166.0,0.052941475461789095,5.876375774871434e-17,S230R
0.013348341755659687,605.0,1781.0,0.04868489418955326,8.368294437674765e-23,S230T
-0.15122130344684104,624.0,1559.0,0.1636726201079795,6.938893903907228e-18,S230V
-0.6091440088053387,875.0,1659.0,0.04718455050290514,6.177646762195454e-11,S230W
-0.0664021149501186,688.0,1888.0,0.22285923296588198,1.3877787807814457e-17,S230Y
-2.9828115587547366,676.0,245.0,0.07704210831618716,1.1596147847457152e-06,S230_
-0.012714133254133415,1020.0,2885.0,0.10887303806742551,0.0,S236A
-0.05490681771613679,617.0,1710.0,0.13108824662602175,0.0,S236C
-0.2378763951199335,559.0,1410.0,0.14841582966493588,0.0,S236D
-0.0869608422107996,951.0,2623.0,0.11209432871892798,3.469446951953614e-18,S236E
-0.17048191819203043,684.0,1788.0,0.13463151062726691,0.0,S236F
-0.036169716306882996,686.0,1927.0,0.046144906235320124,8.34961889737539e-83,S236G
-0.2173499599734912,1368.0,3387.0,0.10469257988422012,0.0,S236H
0.008241457498977381,729.0,2098.0,0.04480971150614419,1.3753264343077407e-18,S236I
0.253419980460923,1172.0,4016.0,0.04091527474705149,1.22514845490862e-17,S236K
0.19300042172069276,1012.0,3398.0,0.037539398279701104,6.568382176890263e-22,S236L
-0.23557347435900497,803.0,1956.0,0.16818736151088057,0.0,S236M
0.0011413175603146358,1063.0,3112.0,0.10970889674568578,0.0,S236N
-0.7602260176735529,985.0,1676.0,0.0419949744544209,5.833391801229978e-73,S236P
-0.2039574843980821,1305.0,3265.0,0.034565976439973924,8.311100863867776e-61,S236Q
-0.242090493225705,510.0,1235.0,0.054445204304568465,5.923632746415241e-94,S236R
-0.023898382141697736,362.0,1023.0,0.06320355807192733,2.012020477328502e-45,S236T
-0.23422770330333428,965.0,2383.0,0.08561549609180136,0.0,S236V
-0.34738562941654094,778.0,1821.0,0.07021984201064595,1.734723475976807e-18,S236W
-0.17237938843702585,752.0,1892.0,0.11501894350207637,3.469446951953614e-18,S236Y
-2.8223666767672753,898.0,366.0,0.15556982365950084,0.0,S236_
-0.359073296579346,1089.0,2452.0,0.049468663784035,8.673617379884035e-19,S241A
-0.031997073965590116,1133.0,3222.0,0.06337655561591135,0.0,S241C
-2.445242418482064,895.0,476.0,0.20521917944980142,1.3877787807814457e-17,S241D
-2.7609153666934256,915.0,377.0,0.07931563189401102,1.734723475976807e-18,S241E
-2.319465221937309,1285.0,741.0,0.15510983805086287,0.0,S241F
-2.423603202711098,950.0,500.0,0.0571948152893712,2.4105703442014335e-61,S241G
-2.7522869500396547,1117.0,493.0,0.05601899843828415,9.163407691956303e-149,S241H
-2.583676610135316,1379.0,655.0,0.04931526826716427,8.614697986495851e-84,S241I
-2.8908353910201376,1248.0,480.0,0.10840077970408392,3.469446951953614e-18,S241K
-2.611175690992456,663.0,314.0,0.07080469392572439,4.647692279203872e-169,S241L
-1.4132586777203104,928.0,1016.0,0.09538768937801295,0.0,S241M
-2.6949535077377513,1237.0,545.0,0.11317645094771561,0.0,S241N
-2.001520219860542,758.0,521.0,0.11034757793007635,3.469446951953614e-18,S241P
-2.832392415757729,1303.0,531.0,0.05342938473520877,6.043692675094969e-169,S241Q
-2.759773277417343,819.0,346.0,0.3286329028073022,0.0,S241R
-0.7663214130642868,1496.0,2512.0,0.11099082775182113,0.0,S241T
-1.3725526237566235,620.0,682.0,0.06464605564968341,2.75694831547435e-13,S241V
-2.5569921193938097,1024.0,499.0,0.2487347488096764,0.0,S241W
-3.183076623737486,1546.0,493.0,0.07458185761393146,8.673617379884035e-19,S241Y
-2.6308669610355975,994.0,462.0,0.05852620495020588,5.055436133042902e-31,S241_
0.24691534783590818,1154.0,3980.0,0.04955344685834096,0.0,S267A
0.08379401694085509,1195.0,3707.0,0.0757411890141868,1.734723475976807e-18,S267C
-0.07803686879547818,1051.0,2862.0,0.1776099686810743,0.0,S267D
-0.4216386114351149,1412.0,2932.0,0.09032251313762354,0.0,S267E
0.02243581555577996,861.0,2519.0,0.04126072144527831,6.340416276504095e-23,S267F
-0.07627993740858333,763.0,2098.0,0.09426793269048807,0.0,S267G
0.49157382413154876,1925.0,7768.0,0.02718963234843795,3.353215236676056e-17,S267H
-0.27940796234112186,996.0,2314.0,0.03960723974877299,4.230819814225166e-37,S267I
0.48519589291232995,534.0,2166.0,0.049897086544306885,5.456228260606826e-251,S267K
0.12562261250647258,522.0,1633.0,0.1092563755740904,6.938893903907228e-18,S267L
-0.009597761324748915,610.0,1772.0,0.21397889690222402,4.163336342344337e-17,S267M
-0.3774917877823625,912.0,2037.0,0.06175224974264507,0.0,S267N
0.035374632947249095,1329.0,3913.0,0.13670554099326013,0.0,S267P
0.13853620230274494,953.0,2984.0,0.06237504730199019,0.0,S267Q
0.160471654056599,706.0,2263.0,0.04473434433254667,1.1323836317513693e-91,S267R
0.13639335797577262,1164.0,3746.0,0.03529618336761254,2.2583674000587635e-38,S267T
-0.19456517466878107,687.0,1728.0,0.04676477094514132,1.1147294206145209e-08,S267V
-0.21545368405946042,1088.0,2675.0,0.0998338136069712,0.0,S267W
0.07477637208943741,836.0,2538.0,0.041606536040974744,3.7859725783003056e-79,S267Y
-2.670775568012386,1046.0,481.0,0.05702817001185113,2.3923698549965364e-92,S267_
-0.2172031773017382,1185.0,3004.0,0.06578481243477904,2.6020852139652106e-18,S275A
0.03476429897772912,922.0,2675.0,0.03994700835607742,2.2180894896123962e-40,S275C
-0.7742200635753111,766.0,1243.0,0.1283753511416347,1.734723475976807e-17,S275D
-1.3514565702221555,859.0,972.0,0.10559071385449799,0.0,S275E
-0.4196971430030611,999.0,2179.0,0.039988010840886275,4.893864306234142e-82,S275F
-0.7076493814866638,1266.0,2249.0,0.037030895561931655,2.049741458943095e-152,S275G
-0.3398340591128567,1663.0,3771.0,0.08625419704503297,0.0,S275H
-1.8969024403857506,1565.0,1213.0,0.040195769133272274,2.8705275318153745e-126,S275I
-0.13849816648201688,1367.0,3576.0,0.17567072003683337,0.0,S275K
-0.16940638501172753,1569.0,4021.0,0.03972475931557162,0.0,S275L
-0.04842959167559562,784.0,2211.0,0.04330821894457358,5.65636579689498e-197,S275M
-0.22732044383212016,1213.0,3007.0,0.05141875502026543,0.0,S275N
-1.6455527848043492,875.0,811.0,0.10960603085671565,3.469446951953614e-18,S275P
-0.776992646926767,1958.0,3354.0,0.04243286510020614,0.0,S275Q
-2.9008234025087902,1651.0,629.0,0.19347089706032677,0.0,S275R
-0.8748934173385917,2647.0,4211.0,0.05443638039508344,0.0,S275T
-1.6413412860395484,1200.0,1107.0,0.05673390191296528,0.0,S275V
-0.5358841921894172,820.0,1599.0,0.07788204676486396,0.0,S275W
-0.5184960386883807,1420.0,2872.0,0.061759647906374816,8.673617379884035e-19,S275Y
-2.5353938119931763,968.0,490.0,0.11676334604536197,1.734723475976807e-17,S275_
-1.4477511473644673,1833.0,1919.0,0.09792422197895244,3.469446951953614e-18,S279A
-1.5715601451475159,986.0,961.0,0.04723740201074369,5.733232516285579e-18,S279C
-1.9968889991024825,1093.0,773.0,0.04886047581967121,5.1544726833851784e-11,S279D
-0.46156565341222694,1219.0,2544.0,0.05130462248918519,0.0,S279E
-2.9013717356942017,1770.0,671.0,0.04710509055348442,6.645076974684326e-100,S279F
-0.7666083482209068,1130.0,1905.0,0.08188527238036897,0.0,S279G
-2.7424199367647444,1051.0,442.0,0.10572458602069454,0.0,S279H
-2.723059171417545,1179.0,514.0,0.11434257693909414,0.0,S279I
-3.3907649982543777,1491.0,417.0,0.10877767608137709,0.0,S279K
-2.752368014325028,1221.0,526.0,0.05426196321081544,5.29859459995557e-28,S279L
-2.8942729702602676,1129.0,437.0,0.05837722934338964,2.7935584269249944e-81,S279M
-1.665845147028298,1626.0,1452.0,0.08586429342200193,1.734723475976807e-18,S279N
-2.996471359449454,1319.0,486.0,0.07883196047909294,4.336808689942018e-18,S279P
-1.196909124229773,1000.0,1263.0,0.04438131310060221,1.1940224211832033e-86,S279Q
-2.734338292965908,977.0,431.0,0.05978887997029934,1.8657630924067363e-109,S279R
-1.716857882758873,1004.0,847.0,0.04865975256966431,6.433833762865132e-161,S279T
-2.8056831995944056,757.0,317.0,0.30317960358327667,2.7755575615628914e-17,S279V
-2.66414734786651,966.0,430.0,0.060110951134410985,3.684266090655318e-80,S279W
-2.719005088585314,757.0,331.0,0.25503544322141825,0.0,S279Y
-2.6131340427863274,1384.0,648.0,0.049436125040155814,3.6919115472002006e-57,S279_
-2.7716114121779474,1006.0,432.0,0.05976146184605996,9.737868755160627e-16,S299A
-2.484418501245204,1029.0,527.0,0.12128138806832171,0.0,S299C
-1.5551216282646212,140.0,136.0,0.525060480369227,0.0,S299D
-1.984009340841864,1279.0,935.0,0.04609280498534326,6.898598586637153e-08,S299E
-2.6292251909198603,839.0,394.0,0.13972221777938917,3.469446951953614e-18,S299F
-2.2706751633763465,1623.0,981.0,0.12117754724953046,0.0,S299G
-2.6988046457878694,509.0,222.0,0.08282498949096666,5.9982509265347715e-295,S299H
-2.4283308978918225,1345.0,715.0,0.048254946719853524,1.0333579155709847e-225,S299I
-2.856925255562556,1114.0,442.0,0.0580952364789776,5.773622320962501e-99,S299K
-1.5997508924057964,1175.0,1119.0,0.06776555674399534,0.0,S299L
-1.686600336141792,1020.0,916.0,0.10839188944090924,0.0,S299M
-2.2437181552402428,1287.0,794.0,0.06050911978968977,0.0,S299N
-2.8403860450232106,1401.0,562.0,0.05174454209279298,8.479218667490307e-79,S299P
-2.4070042566604917,1097.0,591.0,0.05305680470099753,1.0847271874463e-257,S299Q
-2.8549870809107927,576.0,225.0,0.27382700387964143,0.0,S299R
-1.6626424823299208,1130.0,1046.0,0.044845582318785535,5.432453281181874e-50,S299T
-2.630966049639191,537.0,259.0,0.07769267021077585,1.088179898591132e-18,S299V
-2.7399693458581647,1237.0,523.0,0.12306358547302244,0.0,S299W
-2.8475298712417456,2273.0,933.0,0.04069897093307759,7.955441655434426e-131,S299Y
-2.860107686874449,1348.0,536.0,0.08944411033271703,1.734723475976807e-18,S299_
-1.3299903314958048,698.0,796.0,0.1987137372457452,4.163336342344337e-17,S318A
-1.4930137615254568,1296.0,1333.0,0.08003964016797402,3.469446951953614e-18,S318C
-2.8259884725325035,1431.0,580.0,0.1408624632995226,6.938893903907228e-18,S318D
-2.6142574602864546,590.0,276.0,0.07502002098379022,2.549129391000252e-52,S318E
-2.6452744307719054,1369.0,628.0,0.291647207749106,5.551115123125783e-17,S318F
-2.4114392959299837,1758.0,962.0,0.04205026436908124,3.712010896937333e-163,S318G
-1.862293128444531,2038.0,1624.0,0.03524851396868001,1.9363450390119166e-131,S318H
-2.614597016540479,1210.0,561.0,0.13331475969959833,3.469446951953614e-18,S318I
-2.9013421096256664,817.0,314.0,0.14269052038645616,0.0,S318K
-2.803124006565131,933.0,382.0,0.06301718908546337,2.2709529141859106e-16,S318L
-2.639086624431934,928.0,427.0,0.060324679242829735,6.160394662343505e-17,S318M
-2.710361170168322,1310.0,576.0,0.17075961626723563,3.469446951953614e-17,S318N
-2.7962196596456548,1472.0,595.0,0.13932878897735007,2.7755575615628914e-17,S318P
-2.3625683423633737,980.0,544.0,0.07452472871579559,8.673617379884035e-19,S318Q
-2.162506257620334,1155.0,729.0,0.08633971336633513,5.204170427930421e-18,S318T
-2.432447729822985,1072.0,580.0,0.11252922055451528,0.0,S318V
-2.4505112478992053,591.0,320.0,0.18899340290067687,6.938893903907228e-18,S318W
-2.7089965336304744,313.0,146.0,0.1030145731985147,1.964938609995006e-251,S318Y
-2.7531711841300415,1243.0,530.0,0.10784634694388844,0.0,S318_
-2.257983253439657,4045.0,2445.0,0.10631436356336887,0.0,S333A
-0.7659589957280216,1633.0,2756.0,0.03313712177367474,2.2503727951255076e-148,S333C
-2.5774717053676834,515.0,257.0,0.12631742861193546,0.0,S333D
-2.3156276419849595,1203.0,709.0,0.04943795847152445,4.261671288352321e-79,S333E
-1.5710062461927699,977.0,955.0,0.04741750820814937,4.727137990591779e-20,S333F
-0.18765817928112657,1065.0,2740.0,0.08461553782373576,0.0,S333G
-0.9852788487526106,1310.0,1927.0,0.14063188246502445,0.0,S333H
-2.0090538707276617,1485.0,1068.0,0.04203849058056879,3.2362173833427e-73,S333I
-2.7628928829267974,1143.0,476.0,0.07182757917278168,0.0,S333K
-1.216569322829895,848.0,1050.0,0.04809898535648824,1.1501123978421087e-46,S333L
-1.2482882041554137,847.0,1033.0,0.18012299110107038,6.938893903907228e-18,S333M
-1.0311857613848274,1271.0,1820.0,0.056416463248772204,1.734723475976807e-18,S333N
-2.5842507225167557,713.0,349.0,0.23203493043875223,0.0,S333P
-0.9546752136036107,1547.0,2277.0,0.03664483820886571,1.191841299426604e-09,S333Q
-2.3996227022517593,977.0,538.0,0.0559544010320703,2.9428858324192812e-21,S333R
-1.5029164837909665,1490.0,1520.0,0.08643219000368726,5.204170427930421e-18,S333T
-1.5475809708603379,1151.0,1140.0,0.188779104536693,0.0,S333V
0.04742011170736743,2241.0,6654.0,0.10704478079046903,0.0,S333W
-1.2461808397579766,1294.0,1545.0,0.04379898931070764,3.634145935571542e-13,S333Y
-2.995038911148589,851.0,306.0,0.06878721140867997,1.2907561553402815e-111,S333_
0.10238402525933916,970.0,3026.0,0.07664328920307192,0.0,S337A
-1.7484861085488288,1159.0,1002.0,0.11509889085374828,0.0,S337C
-2.89864507858571,1013.0,397.0,0.06488411753242368,3.3446823214690335e-09,S337D
-2.668315103073687,1655.0,767.0,0.045531066654844875,5.185078279025203e-91,S337E
-2.747810112625704,2028.0,892.0,0.08735280451274365,1.734723475976807e-18,S337F
0.14172553346478947,800.0,2538.0,0.042234872401059526,1.5540257459676613e-140,S337G
-2.905048784722067,2655.0,1033.0,0.10060394597272382,0.0,S337H
-2.8847881407611258,582.0,225.0,0.09966956869740833,0.0,S337I
-2.610076703781449,770.0,355.0,0.12894943174315832,6.938893903907228e-18,S337K
-2.704839007370072,1356.0,591.0,0.11245598517475415,6.938893903907228e-18,S337L
-2.560237961691029,1742.0,852.0,0.09223925220159335,0.0,S337M
-2.8236487425511156,974.0,403.0,0.1428150174338951,0.0,S337N
-2.6620817131637575,1875.0,851.0,0.043220452251490744,7.715613496270017e-175,S337P
-2.79959795992198,1211.0,511.0,0.06015538093160397,6.630826530212852e-12,S337Q
-2.4551961288440483,1120.0,559.0,0.053812640811544875,6.160409074055796e-129,S337R
-2.117074335531304,2419.0,1587.0,0.14281596552809928,2.0816681711721685e-17,S337T
-2.6415432620963455,1502.0,694.0,0.0651481071958574,8.673617379884035e-19,S337V
-2.543729439629817,739.0,374.0,0.06538458919840967,1.5355783758929258e-12,S337W
-3.566767014078303,1970.0,476.0,0.052707170575518415,2.4087678981484137e-306,S337Y
-2.6071998437474737,1393.0,650.0,0.10836559119814233,0.0,S337_
-0.41331077775597724,1044.0,2327.0,0.0797130754338874,5.204170427930421e-18,S366A
-0.6339358872687215,1600.0,3026.0,0.0378688384229384,8.727827488508311e-17,S366C
-2.564612919591073,1976.0,963.0,0.041076389451549976,1.196525652184912e-11,S366D
-2.661907403936119,1235.0,566.0,0.13953120320582305,6.938893903907228e-18,S366E
-2.7224857052850076,842.0,358.0,0.14629751615862416,6.938893903907228e-18,S366F
-0.5735952566149464,898.0,1727.0,0.11618876912483787,0.0,S366G
-3.025560331056797,1692.0,593.0,0.059039591303240324,0.0,S366H
-2.2647506934828594,785.0,462.0,0.09757022096828911,0.0,S366I
-2.590089964220764,1346.0,644.0,0.04992794786943596,5.526607371690919e-84,S366K
-2.437777390325422,1264.0,681.0,0.04958964921202434,9.594702636225785e-89,S366L
-2.495395796111152,851.0,429.0,0.061167670293815375,3.2475859271086032e-49,S366M
-2.541714454979193,1640.0,827.0,0.08728477927754048,3.469446951953614e-18,S366N
-2.742732897195117,1953.0,844.0,0.05819920621992827,0.0,S366P
-2.6725448313018068,748.0,336.0,0.2644178815343702,0.0,S366Q
-2.7358027735245263,1220.0,537.0,0.12348913675589628,6.938893903907228e-18,S366R
-1.2340551821597836,1573.0,1903.0,0.03598587320202358,3.34690845498624e-104,S366T
-2.037120502745719,813.0,549.0,0.05731479522839633,2.284025335037996e-130,S366V
-2.6485906275169793,601.0,281.0,0.09172215239356453,0.0,S366W
-2.8613790475789598,849.0,338.0,0.06652591416169203,6.405405531307101e-72,S366Y
-2.8807102792268444,1414.0,545.0,0.05555668750540743,3.977279886728871e-10,S366_
0.03500922535112507,515.0,1535.0,0.0535288207717765,2.2872475269276795e-07,S38A
-0.4021249604843251,397.0,863.0,0.07456489785487115,1.3444106938820255e-17,S38C
-2.0871683173029725,861.0,579.0,0.15327976242266278,2.0816681711721685e-17,S38D
0.004366350486792005,743.0,2157.0,0.06581900844441242,8.673617379884035e-19,S38E
-1.4981682442345001,1102.0,1146.0,0.04414449149934204,5.248982348499936e-73,S38F
-0.22289474591978997,717.0,1744.0,0.04617050012880295,4.232651060458244e-183,S38G
-0.09353174635075495,527.0,1435.0,0.08122164421440575,0.0,S38H
-0.6145137365465305,792.0,1481.0,0.045833019065829705,9.581427791792534e-49,S38I
-0.0015072215964862955,742.0,2131.0,0.044397757573999504,4.3073210424963084e-69,S38K
-0.8898918123083817,775.0,1187.0,0.06271710427994442,0.0,S38L
-0.3643519580366,1056.0,2363.0,0.11656158702272257,0.0,S38M
-0.29080305057960487,810.0,1943.0,0.18617737244431076,1.3877787807814457e-17,S38N
-1.2857456942760925,1467.0,1734.0,0.03746912880178228,8.617755287457934e-85,S38P
0.07008631113620761,1250.0,3788.0,0.03428847887616927,5.196764995627385e-32,S38Q
-0.01431538461655492,482.0,1361.0,0.081196733351481,8.673617379884035e-19,S38R
-0.29101855265898063,835.0,1972.0,0.043213176367483966,6.381295056434237e-08,S38T
-0.6258652612254887,784.0,1465.0,0.051516915645586955,7.779389112061441e-14,S38V
-0.34424074716915426,798.0,1771.0,0.060483733018873366,2.168404344971009e-18,S38W
-0.4280286671390377,764.0,1655.0,0.0454851136667669,6.0217464544962156e-24,S38Y
-2.69398441281832,613.0,275.0,0.12149770680933669,0.0,S38_
0.012161869148792973,303.0,908.0,0.06816314911766676,1.4007659418665628e-63,S50A
-0.19383618852963208,481.0,1234.0,0.08785382585166132,1.734723475976807e-18,S50C
-1.1208582719665094,729.0,983.0,0.11379430250121755,3.469446951953614e-18,S50D
-2.2055375611067523,383.0,241.0,0.1494869127088096,1.3877787807814457e-17,S50E
-0.663234466792119,968.0,1771.0,0.04174381665719069,2.3156468433266817e-11,S50F
-0.7532956495255843,703.0,1192.0,0.04966962743421977,1.355844596561901e-21,S50G
-0.550293453141314,362.0,742.0,0.2681294616429005,0.0,S50H
-1.3849954213283289,714.0,796.0,0.05353831269678733,4.0580239888367804e-41,S50I
-1.1995994567992858,747.0,935.0,0.10160991766830225,0.0,S50K
-0.6398872731754475,552.0,1041.0,0.05468981154379917,8.486233697866113e-200,S50L
-0.49267432652012133,703.0,1444.0,0.07048851774483264,8.673617379884035e-19,S50M
-0.5134569623270943,869.0,1772.0,0.17362203918973154,2.0816681711721685e-17,S50N
-1.7532543111790502,1053.0,884.0,0.047496930711594235,1.558861235004903e-12,S50P
-0.5681949775428469,746.0,1419.0,0.21411735496851392,0.0,S50Q
-1.5476121220159798,818.0,836.0,0.0722435946480103,0.0,S50R
-0.45158606163805237,833.0,1772.0,0.04382515135124048,5.709525528167996e-128,S50T
-1.017674899048852,991.0,1370.0,0.14828077250416805,6.938893903907228e-18,S50V
0.4022833914707737,482.0,1809.0,0.17530843536924254,0.0,S50W
-0.969408440817137,115.0,180.0,0.2802395867697942,0.0,S50Y
-3.0346109602438758,598.0,213.0,0.21741216391723503,1.3877787807814457e-17,S50_
-0.7376415503088316,332.0,560.0,0.07141327886814748,1.188930285093883e-72,S55A
-2.5965135842824174,1491.0,706.0,0.08410405636262469,3.469446951953614e-18,S55C
-2.790623741921374,1202.0,522.0,0.17643289788807606,0.0,S55D
-2.8575844325081854,283.0,108.0,0.11526928541159193,1.189719256995675e-09,S55E
-2.882626380373862,489.0,190.0,0.0875215211666061,2.771217631971074e-24,S55F
-0.9126278143076016,1532.0,2327.0,0.10875389883019157,0.0,S55G
-2.7025474559041416,511.0,225.0,0.09530261494068797,2.3158558404290375e-16,S55H
-2.5594452449955813,813.0,404.0,0.10184071923105009,3.469446951953614e-18,S55I
-2.6758263719467066,848.0,392.0,0.09996239882443657,1.734723475976807e-18,S55K
-2.6822923460196684,678.0,300.0,0.13164999974990785,1.0408340855860843e-17,S55L
-2.7321996881633104,435.0,194.0,0.08916313994439927,9.585168417102957e-62,S55M
-2.9683060500776484,865.0,321.0,0.1966297922690151,0.0,S55N
-2.699353601269313,563.0,251.0,0.1722550530536611,1.3877787807814457e-17,S55P
-2.6928536244482837,1180.0,520.0,0.05454553895578529,3.579512476445917e-129,S55Q
-2.487694764642004,1165.0,591.0,0.06322829178622591,0.0,S55R
-2.753619745202379,1280.0,535.0,0.1102729496757296,3.469446951953614e-18,S55T
-3.092862822486546,1043.0,361.0,0.07981226601672349,3.469446951953614e-18,S55V
-2.57682442774252,611.0,290.0,0.13565026222514867,0.0,S55W
-2.7331917447926144,649.0,278.0,0.07366879558721734,7.388142325628636e-37,S55Y
-2.6661185784004484,908.0,425.0,0.06089567317381434,2.3562094162181603e-163,S55_
-0.31222920490938105,444.0,1045.0,0.1713786336957964,2.0816681711721685e-17,S79A
-0.40166414084081764,371.0,817.0,0.2848710533267069,0.0,S79C
-1.338204426396574,667.0,759.0,0.055130330956792026,3.2961644443397787e-82,S79D
-0.4232589676953441,401.0,853.0,0.1118245294855193,0.0,S79E
-0.34938452936036557,633.0,1434.0,0.06931900471848443,0.0,S79F
-0.7750679367529235,453.0,774.0,0.061256095135496784,1.296133827493592e-139,S79G
-1.2180657166730655,1098.0,1365.0,0.04261028951812219,1.059493838710215e-39,S79H
-1.0341291362166019,856.0,1212.0,0.05910050301366789,0.0,S79I
-2.457032012807222,836.0,443.0,0.13269162049964844,1.0408340855860843e-17,S79K
-1.021897496272441,709.0,985.0,0.08244549973370772,3.469446951953614e-18,S79L
-0.6626180787607425,680.0,1225.0,0.07463743380316007,1.734723475976807e-18,S79M
-1.1471856060586734,350.0,459.0,0.32961837066753535,8.326672684688674e-17,S79N
-0.9493509159025366,149.0,230.0,0.25312321094021295,0.0,S79P
-0.1554919617497727,1087.0,2736.0,0.08371056022077727,1.734723475976807e-18,S79Q
-2.7914419156780013,357.0,145.0,0.1008571576694707,9.646840431663432e-66,S79R
-0.8585716597328141,370.0,570.0,0.06893374435967392,3.053663677483495e-93,S79T
-0.2724135870780717,500.0,1181.0,0.16447370901250294,0.0,S79V
-0.3114727034853312,395.0,913.0,0.13317929133624423,3.469446951953614e-18,S79W
-0.17538402095218167,569.0,1457.0,0.05140482132778438,6.733667827966289e-17,S79Y
-2.9133090928894214,468.0,176.0,0.27717487232880345,2.7755575615628914e-17,S79_
-0.39723782820360115,324.0,692.0,0.07005069337017451,7.168821573767131e-07,S81A
-0.4630307672989648,847.0,1781.0,0.11878104306899696,0.0,S81C
-1.0288008608401293,349.0,482.0,0.08421831880636708,2.1206994493816467e-16,S81D
-0.8050857807644298,666.0,1101.0,0.0769767478374244,2.6020852139652106e-18,S81E
-0.1191647539294346,436.0,1204.0,0.06366925634346993,3.517731895705256e-12,S81F
-0.8928913126739408,553.0,840.0,0.057052487056606746,2.848703532007675e-25,S81G
0.2652051746234412,219.0,765.0,0.2602014252169654,1.3877787807814457e-17,S81H
-2.1454577560269943,456.0,303.0,0.07700183012592189,1.2503593207718221e-27,S81I
-1.2685729031837987,930.0,1106.0,0.08734697653465262,0.0,S81K
-2.7460820748731045,430.0,183.0,0.10322982709812845,5.687290915989962e-15,S81L
-0.45685979156586953,480.0,1027.0,0.05735895772168659,5.620900884555825e-101,S81M
-0.23271372806945703,740.0,1810.0,0.07710811668802825,1.734723475976807e-18,S81N
-1.9162865849181407,400.0,304.0,0.07852220050936251,4.2002602994693643e-94,S81P
-0.08428804002541723,411.0,1121.0,0.22799575701564936,1.3877787807814457e-17,S81Q
-2.801141062948218,831.0,351.0,0.3581465086294602,0.0,S81R
-0.3446993115992269,496.0,1132.0,0.12278946106790523,0.0,S81T
-1.098683636401852,768.0,1016.0,0.04993508343895955,6.751480601425977e-75,S81V
-0.06068813976467384,1128.0,3133.0,0.08253709399298817,0.0,S81W
0.33900546596862224,458.0,1644.0,0.14172931740142372,1.3877787807814457e-17,S81Y
-3.5768899534778726,585.0,165.0,0.36622400979959313,0.0,S81_
0.765579326667745,1448.0,7155.0,0.10846508364163944,0.0,S92A
-0.2875936956842326,331.0,780.0,0.1902033431262278,0.0,S92C
0.6525210691198813,741.0,3391.0,0.12301220871409722,1.3877787807814457e-17,S92D
-0.38016568378593946,1079.0,2382.0,0.05389289082140968,0.0,S92E
-0.29196202495354123,613.0,1458.0,0.06414511146789716,8.673617379884035e-19,S92F
-0.16084893644406395,480.0,1263.0,0.05544777314312453,5.540778680727619e-149,S92G
-0.5700771454176551,350.0,695.0,0.2984151742907124,0.0,S92H
-1.5792257897212583,2101.0,2041.0,0.08673098254850797,0.0,S92I
-0.9849997812081013,526.0,784.0,0.0587425375059906,5.380653067663466e-23,S92K
-0.7112273399722251,564.0,994.0,0.05478258641606117,8.724614884510604e-164,S92L
-0.3366777221630682,586.0,1357.0,0.13312818827100115,3.469446951953614e-18,S92M
-0.6209702758214763,363.0,644.0,0.06800004077590571,2.1773872934547686e-52,S92N
-0.4252755537114899,429.0,913.0,0.1101959950336104,6.938893903907228e-18,S92P
-0.2512521200067239,312.0,753.0,0.06964299077962544,1.1500116132859456e-35,S92Q
-1.6636963439546386,455.0,419.0,0.16982045794322015,6.938893903907228e-18,S92R
-0.26117090910015645,279.0,671.0,0.07359641923307678,1.1540218666649553e-55,S92T
-0.18760080984049246,567.0,1394.0,0.0717513533653849,8.673617379884035e-19,S92V
-0.21288447419805126,460.0,1134.0,0.05717445643019697,0.0,S92W
-0.1016835936343808,346.0,938.0,0.09317805305920848,0.0,S92Y
-2.7929862274285697,580.0,244.0,0.07859856624998846,2.4097397829742205e-283,S92_
-0.06466979285040328,646.0,1752.0,0.047836716509998566,1.9430133291938917e-84,S97A
-0.9786621380202489,360.0,519.0,0.07119142090291856,1.056308821776549e-53,S97C
-1.9516996950814907,454.0,345.0,0.0743991245277028,2.7859581534213686e-07,S97D
-1.835351404102802,524.0,414.0,0.10196533841907027,0.0,S97E
-2.424474712870873,619.0,336.0,0.06986258814157138,1.2014508592326744e-50,S97F
-0.16785362295273,346.0,910.0,0.06516834623610246,5.63129980674855e-252,S97G
-1.1751479550276662,1336.0,1814.0,0.2052068722630163,0.0,S97H
-1.7599425828612145,617.0,523.0,0.22741844846131679,5.551115123125783e-17,S97I
-2.7498183897933717,510.0,220.0,0.09563304846907601,5.568462357885551e-16,S97K
-2.314050823324066,510.0,298.0,0.07565075469355698,8.107430941548317e-40,S97L
-2.0290957899722732,490.0,362.0,0.07160016905906828,5.111550920730663e-81,S97M
-1.4656213897909014,400.0,412.0,0.14476611053037244,0.0,S97N
-1.960101055439857,400.0,294.0,0.1425865085020907,3.469446951953614e-18,S97P
-1.2123439336453783,663.0,830.0,0.255005066097988,0.0,S97Q
-2.672534017309395,398.0,179.0,0.11949203564683807,1.734723475976807e-18,S97R
-0.6437617645097686,374.0,673.0,0.08864330566435526,0.0,S97T
-0.6087396695144643,530.0,954.0,0.05596971847378249,8.250242616041307e-10,S97V
-2.7637667309207776,598.0,251.0,0.07734754903505635,1.1808469673651833e-90,S97W
-2.370931333366518,480.0,262.0,0.07913979783009292,2.749536302697882e-100,S97Y
-2.635569871095326,502.0,236.0,0.08095653055300482,2.3699940142380968e-11,S97_
-1.298130725999698,700.0,831.0,0.05337347643893729,4.271633054897859e-123,T113A
-1.1203023285809242,825.0,1105.0,0.04820589652998872,6.071175589637529e-13,T113C
-1.1838833068536025,297.0,374.0,0.2474064404599363,5.551115123125783e-17,T113D
-1.6246970307027868,567.0,514.0,0.07480849001091505,2.5153490401663703e-17,T113E
-1.6854651213217566,564.0,538.0,0.06253253781016838,1.7943139537194533e-169,T113F
-1.6660050115722624,874.0,780.0,0.08172685468912949,1.734723475976807e-18,T113G
-0.35549481834637847,367.0,840.0,0.20035502454302323,0.0,T113H
-1.037866584384112,684.0,957.0,0.051968910176248516,2.9719806089280744e-19,T113I
-2.357203616602648,417.0,237.0,0.1447579137997797,6.938893903907228e-18,T113K
-0.910119257260918,548.0,860.0,0.08098799202503042,0.0,T113L
-0.9432697511993812,765.0,1142.0,0.04857546098511728,9.51016451092503e-18,T113M
-1.0196266732304513,392.0,559.0,0.07814360336766725,9.610368056911511e-16,T113N
-0.6643508110624529,306.0,559.0,0.07367808531689501,3.372626494670996e-53,T113P
-0.6227341266988093,179.0,348.0,0.309889320830037,5.551115123125783e-17,T113Q
-2.7394687310437984,764.0,323.0,0.08665625336358163,4.336808689942018e-18,T113R
-0.875924492652254,542.0,875.0,0.22103932591990652,0.0,T113S
-0.5377153956856362,221.0,422.0,0.17089008818662263,2.7755575615628914e-17,T113V
-1.4731649097585362,605.0,642.0,0.058780627958345696,4.143466938339284e-76,T113W
-0.44414375893297026,469.0,1000.0,0.12171404603787814,6.938893903907228e-18,T113Y
-2.933365385565972,491.0,181.0,0.33088728812331675,5.551115123125783e-17,T113_
0.07572644946351377,1117.0,3398.0,0.03619337876074483,2.694964521528307e-265,T184A
-0.13531901630950366,812.0,2133.0,0.10326726718862608,0.0,T184C
-0.09056778196678739,729.0,1991.0,0.04505972619072079,9.907627264715516e-158,T184D
0.38278011332304657,513.0,1965.0,0.15062858131029463,6.938893903907228e-18,T184E
-0.19108840098004448,657.0,1673.0,0.05254330718585289,1.4304388836622328e-12,T184F
-0.0640154764701513,815.0,2220.0,0.08723919588461836,1.734723475976807e-18,T184G
-0.11917123487097694,453.0,1224.0,0.060466440739899034,1.5027036709153868e-09,T184H
-0.30490652685274844,928.0,2231.0,0.08163455421165917,3.469446951953614e-18,T184I
0.014407970760886778,951.0,2753.0,0.03928498547510379,7.061221331735463e-92,T184K
-1.1978084955474244,1738.0,2183.0,0.04257213858996859,6.505213034913027e-19,T184L
-0.14818482614748324,256.0,637.0,0.08518815033209833,3.730953913871904e-12,T184M
-0.13421221011379278,925.0,2429.0,0.12163326429146117,1.734723475976807e-17,T184N
0.015378022835091801,610.0,1730.0,0.07389549842444669,1.734723475976807e-18,T184P
-0.12799991391403615,673.0,1804.0,0.047042187089855705,1.0130006978215593e-31,T184Q
-0.11369996183686425,517.0,1380.0,0.122710318398951,0.0,T184R
-0.43301252254665185,793.0,1709.0,0.11966761900599047,0.0,T184S
-0.03870474117097185,581.0,1654.0,0.1258721879555099,0.0,T184V
-0.35880001876128353,1163.0,2645.0,0.24271124006369102,6.938893903907228e-17,T184W
-0.19155477380294128,766.0,1933.0,0.2222301390403776,2.7755575615628914e-17,T184Y
-2.169611757381356,372.0,238.0,0.34837551285517543,1.3877787807814457e-16,T184_
0.2644315589153456,809.0,2767.0,0.18836366592540396,4.163336342344337e-17,T185A
-0.26161211989581845,537.0,1311.0,0.18972695055810188,0.0,T185C
0.02278700992884722,623.0,1840.0,0.08161356288579466,1.734723475976807e-18,T185D
0.05220906114780458,499.0,1425.0,0.1761318090572809,0.0,T185E
-0.2684148311485274,781.0,1847.0,0.04443999590839665,2.165808263838812e-110,T185F
0.11774080074591534,626.0,1881.0,0.0952218735867227,3.469446951953614e-18,T185G
-0.02952180096648944,265.0,759.0,0.0735620927714892,7.026481762781806e-68,T185H
-0.05622925998205399,874.0,2463.0,0.04101361216123855,5.907606664742888e-16,T185I
0.09236584660288752,321.0,951.0,0.06624757965558095,4.499306490199493e-32,T185K
-0.20157069034426306,621.0,1572.0,0.14655077195236632,2.0816681711721685e-17,T185L
-0.18204771879256668,929.0,2374.0,0.10349358199748,0.0,T185M
0.09730867028547295,393.0,1241.0,0.15953679262622752,0.0,T185N
-0.08257867256001711,1005.0,2668.0,0.03867048363301465,2.60409511274364e-26,T185P
-0.06936602093317983,1110.0,3107.0,0.04670260020592559,2.168404344971009e-19,T185Q
-0.3809621162510343,1315.0,2922.0,0.0709209789446094,0.0,T185R
0.8427821985804218,1098.0,5594.0,0.06843228193131434,0.0,T185S
-1.2537567697350318,2205.0,2718.0,0.0306402831399565,5.260479267576467e-248,T185V
-0.21372794379181004,814.0,2033.0,0.04598258875304171,8.610184127092954e-10,T185W
-0.05579230453262927,337.0,933.0,0.10599964211781114,1.734723475976807e-18,T185Y
-2.3898892558285696,358.0,195.0,0.09187952327555779,2.593112136050147e-139,T185_
-0.5337374732711668,1161.0,2323.0,0.03786995982254444,8.025665832892918e-17,T197A
-0.06336825593123593,668.0,1814.0,0.0898710479684292,0.0,T197C
0.2838556083098762,662.0,2364.0,0.0456073969018494,1.3270687255414996e-303,T197D
-0.15043337746682686,1031.0,2692.0,0.13266988690435758,6.938893903907228e-18,T197E
-0.5533537443336624,645.0,1280.0,0.16264578091745124,0.0,T197F
-0.13927760547886173,801.0,2077.0,0.06002668430073808,1.3010426069826053e-18,T197G
-0.2614806247780806,530.0,1333.0,0.05317784670418754,3.7086289657799263e-112,T197H
-0.1881546633010943,723.0,1861.0,0.08285658999721712,0.0,T197I
-0.1037282522926636,571.0,1516.0,0.13850413305762974,0.0,T197K
-0.4700130808988929,1167.0,2330.0,0.03771228781016892,5.627844951828509e-90,T197L
-0.4793394214305412,625.0,1320.0,0.05031635592545463,3.1876014198212046e-12,T197M
-0.0160220447117054,559.0,1580.0,0.050926795493241826,3.046813749647185e-109,T197N
-0.062441717128267696,702.0,1879.0,0.0460100890002182,2.84707011602764e-106,T197P
0.07715175927222369,605.0,1775.0,0.1258924151554494,3.469446951953614e-18,T197Q
-0.04056975059377121,1633.0,4515.0,0.030635224595973044,1.5443984460559192e-70,T197R
-0.2645829150290668,408.0,994.0,0.15900548889111052,0.0,T197S
-0.012716803197472953,619.0,1812.0,0.1021620859615651,0.0,T197V
-0.4814845007862079,805.0,1681.0,0.044629309909738984,2.1748790176703715e-34,T197W
0.7740464161088341,1351.0,6591.0,0.07713849553006384,0.0,T197Y
-2.699850105760664,723.0,320.0,0.06933593357602155,1.2204644885638522e-291,T197_
-0.21655824686018435,826.0,2084.0,0.11736048013487399,0.0,T206A
-0.365715732054318,626.0,1433.0,0.11467575373593718,3.469446951953614e-18,T206C
-2.1114264627280286,612.0,415.0,0.06571109926243639,5.4439212178374415e-49,T206D
-1.182159306193974,593.0,733.0,0.09924750068717074,0.0,T206E
0.06876871982089237,338.0,1034.0,0.06443488937511616,1.1071590522288273e-82,T206F
-0.48251389263985617,830.0,1708.0,0.04420353630744624,3.0333490772089767e-111,T206G
-0.3002954541521025,594.0,1363.0,0.18648295428213377,0.0,T206H
-0.0012035548339457817,624.0,1816.0,0.1381793879881277,6.938893903907228e-18,T206I
-0.3222580453250836,520.0,1188.0,0.07669163525445469,8.673617379884035e-19,T206K
-0.9094376781596533,857.0,1269.0,0.04615533503077733,6.314271779933777e-263,T206L
-0.3564354539357974,753.0,1707.0,0.04566244569368761,2.8513356543866866e-48,T206M
-1.1393661823592476,505.0,656.0,0.1992344173856438,1.3877787807814457e-17,T206N
-0.17053758246791825,571.0,1467.0,0.07245894162405651,0.0,T206P
-0.4369027606328598,778.0,1676.0,0.07685637011247812,0.0,T206Q
-1.5031111449204015,927.0,950.0,0.11521146676300444,0.0,T206R
-0.2578006449140832,821.0,1971.0,0.09564093297050666,0.0,T206S
-0.42115116641524536,759.0,1626.0,0.14421621037385662,0.0,T206V
-0.8834656258972925,954.0,1475.0,0.06262372828406883,0.0,T206W
-0.17842555828024503,985.0,2476.0,0.17003372924539947,0.0,T206Y
-2.8311589567757287,713.0,286.0,0.07234698726084374,6.301668433805012e-61,T206_
0.07024077567816929,947.0,2868.0,0.07792168473485582,0.0,T211A
-0.22114650631054036,1127.0,2823.0,0.03704256063470464,3.1339644055057707e-84,T211C
-2.2355797461609654,284.0,173.0,0.16967008703368475,0.0,T211D
-2.5676044899947494,704.0,340.0,0.07000222924602524,1.0595231828404526e-07,T211E
-2.9486981778721826,928.0,355.0,0.06421841063317632,3.138689657138541e-23,T211F
-0.2623849308663855,453.0,1079.0,0.058037207562278044,5.31565577475334e-52,T211G
-2.6424675661703865,661.0,300.0,0.07174522454573183,1.1712637236161456e-110,T211H
-1.3959273704965949,417.0,453.0,0.07015447811392113,2.0023969701179068e-85,T211I
-2.4569194781472588,451.0,244.0,0.08191862542570157,3.316759342707597e-154,T211K
-1.6736377162252902,649.0,598.0,0.060043808671469974,1.716977957915626e-07,T211L
-1.5153463800194302,434.0,446.0,0.07238738032059663,2.3989036829251756e-08,T211M
-1.1079241711041885,989.0,1336.0,0.043886478633715344,1.751348208979929e-110,T211N
-2.8209326563817942,1076.0,448.0,0.063859308828771,2.3761090751223124e-12,T211P
-1.15152122532,470.0,615.0,0.06351870089135779,4.0869590388928305e-204,T211Q
-2.8052450124268824,904.0,381.0,0.06317302940482229,7.04740004432212e-187,T211R
-0.13406971158898964,1047.0,2770.0,0.04625993877882759,0.0,T211S
0.21430007686842725,1020.0,3506.0,0.0890535630426036,1.734723475976807e-18,T211V
-2.60929363391176,801.0,382.0,0.0870044728729547,1.734723475976807e-18,T211W
-2.369614572235367,595.0,328.0,0.10415798426646812,0.0,T211Y
-3.6868824819493424,2904.0,657.0,0.13702600676060828,0.0,T211_
-0.12077516526165022,691.0,1838.0,0.14831390198248862,0.0,T223A
-0.02625746586826371,865.0,2513.0,0.11765350692292026,0.0,T223C
-2.2741179736433796,1073.0,658.0,0.054997559582493166,8.068175731462332e-10,T223D
-2.578932168388458,462.0,222.0,0.11215608469023639,1.734723475976807e-18,T223E
-2.2971002233917974,1258.0,727.0,0.04843096950197253,6.398312072410796e-21,T223F
-0.27095786595631693,849.0,2044.0,0.042521601735082494,4.999259775641334e-16,T223G
-0.6043987252987911,531.0,1017.0,0.05544817329892167,4.640278701352369e-64,T223H
-0.6398372428734129,824.0,1539.0,0.046354417455436066,3.8639183675066077e-08,T223I
-2.7750789503175692,906.0,374.0,0.09300807525259151,0.0,T223K
-1.8022834257503988,884.0,716.0,0.097252799569421,3.469446951953614e-18,T223L
-0.5854111649643439,1028.0,1985.0,0.11078883416682332,0.0,T223M
-0.3725915812182284,324.0,732.0,0.0833185897893851,8.673617379884035e-19,T223N
-1.4636734882702993,557.0,594.0,0.14596756583446432,0.0,T223P
-0.9337856706918126,1002.0,1530.0,0.042478909225844665,2.597948926868822e-22,T223Q
-3.0804076549308617,1550.0,525.0,0.08895292556876984,3.469446951953614e-18,T223R
0.013874439225814519,635.0,1830.0,0.11024412020062074,0.0,T223S
-0.7217870580170964,1626.0,2797.0,0.03302366139236177,8.764784199862655e-48,T223V
-0.7117083546441418,415.0,740.0,0.16728988618658883,0.0,T223W
-0.683284848059504,871.0,1577.0,0.09857261179878817,0.0,T223Y
-2.6515752488265756,774.0,354.0,0.1543313568246512,1.3877787807814457e-17,T223_
-0.5102233815793917,723.0,1487.0,0.07309537242126096,0.0,T229A
-1.3675093320006928,1497.0,1660.0,0.05652331967736838,0.0,T229C
-3.9591772442141746,2176.0,408.0,0.20557910383687789,0.0,T229D
-1.6892569062116758,1140.0,1020.0,0.13885326765538858,0.0,T229E
-1.4002030538891614,1009.0,1119.0,0.04557283396691849,4.149362835237556e-24,T229F
-1.2329795939286627,629.0,777.0,0.05562195779332363,3.4988947012939163e-32,T229G
-2.019537473661306,236.0,170.0,0.11137982219060932,1.2466964396593005e-10,T229H
-1.8307298778580121,1585.0,1243.0,0.10172393128346509,6.938893903907228e-18,T229I
-2.588381201023543,1509.0,742.0,0.04664447323993052,1.5977742957790677e-07,T229K
-0.6405013206677025,493.0,916.0,0.05808541998729459,5.6669359562352625e-37,T229L
-0.8783962658473541,351.0,548.0,0.07088405128314172,8.181436114768317e-77,T229M
-1.8721559625919455,878.0,697.0,0.12132835533645316,0.0,T229N
-1.5018783108999654,1030.0,1072.0,0.045741840896531896,1.9694557920634084e-77,T229P
-1.6098684054345422,711.0,667.0,0.12711744517469162,1.734723475976807e-17,T229Q
-3.0562157076635343,749.0,261.0,0.18530768388852895,1.3877787807814457e-17,T229R
-1.7733502165317643,1112.0,963.0,0.14172456633832184,0.0,T229S
-0.47715395803107086,490.0,978.0,0.10213582910318693,8.673617379884035e-18,T229V
-2.1120394846975206,866.0,568.0,0.21727313915857444,0.0,T229W
-1.8196548774225352,584.0,477.0,0.06420024268439009,9.605353385694193e-62,T229Y
-2.692346449193514,468.0,205.0,0.08619440191110876,4.7731047996486235e-229,T229_
-0.0695131427362667,807.0,2194.0,0.04283245395686695,3.2137411143779805e-45,T245A
-0.06304839183995985,1031.0,2902.0,0.03791085711025529,6.8948755374401155e-12,T245C
-1.6227827736365479,1464.0,1401.0,0.043538256464931695,2.2366418613029015e-13,T245D
-0.36791014021907625,892.0,1984.0,0.04212504152062673,0.0,T245E
-1.4151703815311114,1178.0,1234.0,0.042713660270315645,7.21216069686913e-285,T245F
-0.6081467134493884,836.0,1605.0,0.13360803812746566,0.0,T245G
-2.610457943900452,1279.0,600.0,0.1964301950202708,2.7755575615628914e-17,T245H
-0.43660956565488607,1186.0,2558.0,0.0369320238060827,5.072643087796928e-128,T245I
-2.7590225305549803,1367.0,585.0,0.1806427811663646,6.938893903907228e-18,T245K
-0.49764606240928594,2791.0,5714.0,0.11231131315544034,0.0,T245L
-0.052409312709986416,1126.0,3206.0,0.12027914596513897,0.0,T245M
-2.0590326203014513,677.0,460.0,0.18383441089199432,1.3877787807814457e-17,T245N
-0.6934912570104822,1322.0,2333.0,0.06921892232313534,0.0,T245P
-0.703887648904847,917.0,1709.0,0.0428428980792828,1.9666905972621983e-292,T245Q
-3.500637397494693,2526.0,641.0,0.1171322127387485,1.3877787807814457e-17,T245R
0.10373156375942269,1724.0,5374.0,0.06579769782655515,0.0,T245S
-0.17926371659295434,1417.0,3580.0,0.06349670014167606,0.0,T245V
-1.764825813044261,837.0,712.0,0.06876224548934398,0.0,T245W
-2.207241123402988,1478.0,929.0,0.04393256463878214,2.7948745698003114e-43,T245Y
-2.762614693326474,1259.0,543.0,0.059242465922901985,1.887912569331629e-13,T245_
0.11650748183471998,1016.0,3148.0,0.08396023591410984,6.938893903907228e-18,T270A
-0.24640970721903202,1213.0,2914.0,0.10055517306697631,0.0,T270C
-0.11961206331563692,1067.0,2816.0,0.07162158117711946,0.0,T270D
0.24621004620367098,6608.0,22719.0,0.01883873106201359,5.937904248159986e-16,T270E
-0.21437409182452538,978.0,2462.0,0.06432658515566696,0.0,T270F
0.25646910378337917,634.0,2101.0,0.04688894426548341,5.6221159335390316e-61,T270G
-0.04938246165676991,708.0,2006.0,0.09282803229589844,0.0,T270H
-1.2005152904477663,1410.0,1766.0,0.037645834455869755,9.745598091494446e-182,T270I
-0.1308535462645111,1242.0,3259.0,0.03512528487475547,1.1157294327656146e-108,T270K
-0.8268257486893852,1010.0,1646.0,0.041979574523908485,4.646095049136304e-33,T270L
0.1647774550542058,830.0,2613.0,0.08155414649594564,0.0,T270M
0.040785732377073385,1679.0,5010.0,0.11004248368884369,0.0,T270N
0.16633076298840282,721.0,2352.0,0.11338680262179483,0.0,T270P
0.3329342443012507,562.0,2028.0,0.09157746461287851,1.734723475976807e-18,T270Q
-0.4800101256134259,1094.0,2238.0,0.038671449943153836,4.534121009135361e-71,T270R
-0.05122955500038163,700.0,1929.0,0.045862266333306693,0.0,T270S
-0.3377970921463328,1264.0,2925.0,0.07362841939074026,0.0,T270V
-0.22322637502261553,1016.0,2511.0,0.13541963232446458,0.0,T270W
0.26462847042005894,1342.0,4576.0,0.07404929590998902,1.734723475976807e-18,T270Y
-2.657629102715166,1301.0,601.0,0.10188179830934536,5.204170427930421e-18,T270_
0.10059058434732988,776.0,2396.0,0.14256691335914604,0.0,T294A
-0.10548366812655274,661.0,1783.0,0.04732030297656219,3.4930800225483057e-192,T294C
0.0008453387591003402,1180.0,3263.0,0.1698746951377552,0.0,T294D
-0.11976745531586452,1198.0,3171.0,0.09572920314142326,0.0,T294E
0.7663519649345216,2069.0,10015.0,0.07534886883060096,0.0,T294F
-0.05120577155822319,1259.0,3508.0,0.04267301832750107,0.0,T294G
0.07291840058474028,1140.0,3452.0,0.03583169844770763,3.964557135117246e-79,T294H
-0.20552991939826817,1008.0,2555.0,0.06182115627495121,0.0,T294I
1.300333188862075,2636.0,18927.0,0.14139111204377308,0.0,T294K
-0.0554933836188567,1038.0,2850.0,0.07062435613112499,0.0,T294L
-0.06498138398561572,733.0,2037.0,0.05577813149637512,0.0,T294M
0.17112468126095426,246.0,797.0,0.16443071372831908,6.938893903907228e-18,T294N
-0.4414864012892308,896.0,1970.0,0.09194029001700964,5.204170427930421e-18,T294P
-0.2903217228853981,1321.0,3157.0,0.06161279481456386,0.0,T294Q
-0.4758087394158355,929.0,1920.0,0.2297345826875503,0.0,T294R
0.09851031774315025,948.0,2936.0,0.03909829156876828,1.3514247119839834e-36,T294S
-0.07841822504966002,938.0,2515.0,0.10977521054361862,0.0,T294V
-0.912273230976586,1607.0,2461.0,0.10966500683664417,1.0408340855860843e-17,T294W
0.009757279970199317,1340.0,3945.0,0.09292992635929286,6.938893903907228e-18,T294Y
-2.970333614477198,849.0,313.0,0.12396159909765946,1.0408340855860843e-17,T294_
0.003928386254865157,730.0,2115.0,0.06853167615304487,8.673617379884035e-19,T314A
-0.342181103912918,980.0,2212.0,0.04015237819187303,9.186295754241178e-156,T314C
-2.647901982354954,1946.0,904.0,0.05213246324334798,0.0,T314D
-2.369339168388784,1814.0,1004.0,0.04256949350915652,2.1385203423905392e-08,T314E
-0.9104355323077631,1850.0,2838.0,0.1827366966167244,0.0,T314F
-0.8208540127754724,1778.0,2892.0,0.0796302962618737,5.204170427930421e-18,T314G
-0.45233546576149625,1151.0,2482.0,0.053771155218911106,0.0,T314H
-0.3401412955189828,1486.0,3386.0,0.09596619031499587,0.0,T314I
-2.3650256077999314,675.0,384.0,0.16106588819932455,2.0816681711721685e-17,T314K
-0.6699379863240702,1444.0,2665.0,0.09371617831368599,3.469446951953614e-18,T314L
-0.4832124115389252,863.0,1748.0,0.07426631909394044,0.0,T314M
-1.1099726217556174,970.0,1281.0,0.07083669731247241,8.673617379884035e-19,T314N
-2.2328913131129635,1428.0,875.0,0.10284692017940772,0.0,T314P
-0.5355239279051442,2119.0,4239.0,0.028525034387971538,4.345371560212878e-247,T314Q
-2.2919109069785946,1040.0,606.0,0.08214808926004821,0.0,T314R
-0.4355362493636621,1312.0,2797.0,0.08710304932347011,0.0,T314S
-0.2977453143040407,1670.0,3912.0,0.08755396495945003,0.0,T314V
-1.091571369263956,634.0,873.0,0.15669986256467391,1.3877787807814457e-17,T314W
-0.561630772094564,534.0,1058.0,0.06895881637412288,4.336808689942018e-19,T314Y
-2.8101007224486287,1716.0,702.0,0.07041719892538933,0.0,T314_
0.26165704822838076,1665.0,5610.0,0.02963352731785269,2.270287056605056e-95,T334A
0.03504749300106118,1768.0,5219.0,0.03275317800993657,1.0670950885069419e-13,T334C
-2.7477819921944335,1422.0,607.0,0.15855032073487657,2.0816681711721685e-17,T334D
-2.1432090390103693,1381.0,918.0,0.06694865486921793,1.734723475976807e-18,T334E
1.7860632360741286,2802.0,27998.0,0.0854468945054402,8.673617379884035e-18,T334F
-0.5312851169474276,1528.0,3007.0,0.05892247012682504,0.0,T334G
-1.5691589724981911,1174.0,1185.0,0.0432126462399854,1.7625727648431204e-236,T334H
-0.2794081513765552,2773.0,6583.0,0.06809174469033244,0.0,T334I
-2.7726818600243472,1403.0,595.0,0.05068513540474329,5.661912502960079e-19,T334K
-0.4038132681168983,1169.0,2540.0,0.0494326259899646,4.336808689942018e-19,T334L
0.056137009660344864,1183.0,3556.0,0.03526289667899482,3.5002869341119238e-158,T334M
-2.7902830304061306,1495.0,619.0,0.17733575202182147,0.0,T334N
-2.6779484387431403,1378.0,619.0,0.17130720785008163,0.0,T334P
-1.724411466127258,851.0,734.0,0.10099351881842049,3.469446951953614e-18,T334Q
-2.8440936056709587,1190.0,485.0,0.14851245535571891,0.0,T334R
-0.5164527823601313,1619.0,3266.0,0.12629423587864727,0.0,T334S
-1.1613328976859953,1721.0,2265.0,0.0444800788099467,2.168404344971009e-19,T334V
-2.010130099496559,2347.0,1673.0,0.11303877004850055,0.0,T334W
-1.6752250418070331,1518.0,1399.0,0.06407336059448002,1.734723475976807e-18,T334Y
-2.6666558491500427,767.0,342.0,0.1833432773679784,0.0,T334_
0.038479625862267726,1613.0,4756.0,0.030625577825447357,1.2986045793014832e-24,T336A
-0.6143034575304612,1409.0,2634.0,0.1520606867708608,6.938893903907228e-18,T336C
-1.3948914933379162,732.0,794.0,0.20355789377946407,1.3877787807814457e-17,T336D
-0.794161666635703,1078.0,1767.0,0.061787074967278824,8.673617379884035e-19,T336E
-0.34403088711048746,691.0,1575.0,0.18371608217591712,1.3877787807814457e-17,T336F
-0.31734442684048064,1173.0,2728.0,0.04100095768532686,1.6043741855875648e-13,T336G
0.6065660595136062,1494.0,6661.0,0.03761110116646425,2.168404344971009e-19,T336H
-0.7599485662543682,305.0,506.0,0.09869794413055656,1.734723475976807e-18,T336I
-2.26182953647563,783.0,466.0,0.06049557841671001,2.547725200568712e-38,T336K
-0.5805300432216484,1250.0,2340.0,0.043259526241317396,1.8648277366750676e-17,T336L
-0.2192094664047101,1217.0,3033.0,0.13267773459734933,0.0,T336M
-0.2482368154261634,1101.0,2614.0,0.0376862388615064,1.6606723567846763e-177,T336N
-2.5686643385365033,1215.0,596.0,0.1375594023638643,0.0,T336P
0.15765723902480935,704.0,2211.0,0.14423715888970098,1.3877787807814457e-17,T336Q
-2.1637611205640255,2378.0,1531.0,0.04687869004126864,0.0,T336R
0.39037145472854734,1663.0,6221.0,0.07918677150802898,0.0,T336S
-0.493306320326919,1448.0,2952.0,0.08353308221729605,1.734723475976807e-18,T336V
-0.24721297459748015,1380.0,3352.0,0.048091920898751604,0.0,T336W
-0.21958331504460812,1702.0,4246.0,0.06066643869996014,2.6020852139652106e-18,T336Y
-2.7781807417472897,1210.0,510.0,0.0546009342619611,1.388243841190958e-35,T336_
-0.9159524964848036,1773.0,2687.0,0.062406614150505,0.0,T36A
0.13932007942836955,706.0,2169.0,0.21119625308554765,0.0,T36C
-0.3345381111157112,291.0,664.0,0.14229540876436375,1.0408340855860843e-17,T36D
-0.7971762016221202,862.0,1471.0,0.26892482108235466,2.7755575615628914e-17,T36E
0.04034818261316706,807.0,2338.0,0.04252436700534617,0.0,T36F
-0.049330220042604164,497.0,1374.0,0.15477240085764044,6.938893903907228e-18,T36G
0.12410030555238857,558.0,1702.0,0.14866483946636147,0.0,T36H
-0.5469170751709967,1427.0,2861.0,0.050840401861185776,8.673617379884035e-19,T36I
0.10300873316365107,657.0,2038.0,0.04661114684064998,2.007904119355778e-76,T36K
-0.08251854775663074,510.0,1428.0,0.1326770088632077,0.0,T36L
-0.5460961965893337,329.0,647.0,0.06969501975969901,2.2388945426686353e-30,T36M
0.19873160036196633,702.0,2341.0,0.04471156734112122,1.327578649561816e-133,T36N
-1.6982983158403289,629.0,557.0,0.06048588365256802,3.057557712897195e-154,T36P
0.32906952248579535,917.0,3339.0,0.04270393788025901,1.515512108168915e-12,T36Q
0.6967988368342131,6.0,21.0,0.4624964923080173,1.4330570268433518e-07,T36R
-0.06042345077689297,1045.0,2926.0,0.03779653922958314,8.554961175850314e-98,T36S
-0.18293733115911498,1197.0,3040.0,0.03591178752314116,3.3403439218714706e-108,T36V
-0.11389495702484091,765.0,2022.0,0.04427427530596992,6.168763092130363e-42,T36W
-0.15585263463971435,468.0,1216.0,0.08792940386621133,0.0,T36Y
-2.9189090171857566,209.0,83.0,0.13355828859043808,5.95187313955714e-77,T36_
-0.18400730371233895,569.0,1447.0,0.12483700391102868,0.0,T60A
-0.10965964090086561,1103.0,2955.0,0.06546424313182855,1.734723475976807e-18,T60C
-0.1046203529155347,1192.0,3207.0,0.04625436522251682,0.0,T60D
-0.152139722592774,714.0,1873.0,0.19235806878176012,0.0,T60E
-0.39382475504646,712.0,1578.0,0.047059238108321515,7.802700030071572e-85,T60F
-0.1715305532395954,1099.0,2811.0,0.03729586213008541,4.333334677358597e-75,T60G
0.03652872311989716,557.0,1578.0,0.0509289778723036,1.1938794899599305e-48,T60H
-0.17160604123592077,1104.0,2784.0,0.04806074390104159,6.505213034913027e-19,T60I
-1.5077482753419942,2228.0,2295.0,0.04589258691253739,8.673617379884035e-19,T60K
0.048238512580486434,882.0,2600.0,0.040772277226423716,1.0282697077591299e-07,T60L
-0.28139007937319394,536.0,1290.0,0.1611159831239849,0.0,T60M
-0.29764694865084795,714.0,1702.0,0.046358333266386755,3.5833143274540363e-88,T60N
-1.4001959629166514,261.0,293.0,0.12436080017420605,6.938893903907228e-18,T60P
-0.050621552383988154,334.0,925.0,0.06707933364568669,2.2710321043872697e-07,T60Q
-1.6860289913976512,1393.0,1266.0,0.040814026133166786,5.284936669701773e-241,T60R
-0.22909494035536482,685.0,1698.0,0.047191195389273265,1.089443365882309e-18,T60S
-0.4832443207055829,337.0,682.0,0.1293457993585516,0.0,T60V
-0.1933714786434992,378.0,957.0,0.06262256146051136,6.37346604445451e-89,T60W
-0.05554497556810141,609.0,1691.0,0.04983267118893037,3.518936097098534e-07,T60Y
-2.5092146322961453,607.0,305.0,0.23079818132579955,0.0,T60_
-0.5663013148322028,457.0,895.0,0.25018302599925324,0.0,V108A
-0.36476236904847686,548.0,1247.0,0.05309273464219029,8.793982407959978e-91,V108C
-2.5649604244612285,781.0,371.0,0.06523877531802386,1.646900769906492e-177,V108D
-2.121476515046706,712.0,473.0,0.06148728916645344,2.2164453463699427e-146,V108E
-1.8277667317738515,316.0,261.0,0.2369369650460707,0.0,V108F
-1.2748694014668,912.0,1068.0,0.04712596776219408,7.181493811308172e-195,V108G
-1.413438438768076,496.0,546.0,0.1466396926091193,2.0816681711721685e-17,V108H
-0.39184813212284797,767.0,1729.0,0.15076609225239088,0.0,V108I
-1.736435570867552,605.0,521.0,0.13793108758309774,0.0,V108K
-0.9232803968831849,642.0,989.0,0.21481564075383483,0.0,V108L
-0.2009450000709552,932.0,2330.0,0.27426159242575954,8.326672684688674e-17,V108M
-0.9083814021186689,543.0,819.0,0.08703832133540715,1.734723475976807e-18,V108N
-2.822046188789503,558.0,221.0,0.09634290375400122,9.540979117872439e-18,V108P
-0.297193113690617,521.0,1214.0,0.18632694744437697,0.0,V108Q
-2.5839751589585886,673.0,329.0,0.06920546011998122,3.6974141528538e-10,V108R
-0.4278158498982593,420.0,895.0,0.10610347819631016,3.469446951953614e-18,V108S
-0.613993908820837,489.0,929.0,0.20348980751687695,2.7755575615628914e-17,V108T
-2.938346527618957,533.0,208.0,0.08448564427680326,2.140648360564449e-23,V108W
-2.757403300236253,578.0,254.0,0.2586984231471077,0.0,V108Y
-2.903627968064463,773.0,301.0,0.07035254865140701,7.827087473200942e-16,V108_
0.19968135000826598,712.0,2325.0,0.31342168955655053,0.0,V112A
-1.4441916624174214,650.0,697.0,0.05685694215459623,2.8329840600935634e-59,V112C
-2.093797133398626,338.0,226.0,0.08866043956970296,3.703891272394955e-224,V112D
-0.8632672142206851,362.0,572.0,0.2091247471694394,1.3877787807814457e-17,V112E
-2.576586658548362,494.0,238.0,0.1759819481297679,3.469446951953614e-17,V112F
-0.7564635980282391,872.0,1499.0,0.11499662220805194,0.0,V112G
-1.0645154783030355,675.0,931.0,0.052791488098781154,2.9085528288352456e-30,V112H
-0.5041184802147681,344.0,689.0,0.12528640306517738,3.469446951953614e-18,V112I
-1.888584889302096,359.0,274.0,0.2623184713335916,0.0,V112K
-1.048591641061435,622.0,874.0,0.06890842717030737,0.0,V112L
-1.2549818570703375,580.0,701.0,0.1944146265554682,0.0,V112M
-0.6793929727054931,330.0,589.0,0.3613795065369894,0.0,V112N
-2.7341142643899805,390.0,178.0,0.0925586058443459,3.163482718302132e-10,V112P
-2.3739126196403637,1660.0,924.0,0.04290592256921093,5.0013811108732354e-61,V112Q
-2.9344739378133498,654.0,244.0,0.07707143596917738,1.7953091057597286e-88,V112R
-1.0293780459868953,802.0,1136.0,0.05100557387892341,1.7274505684401753e-09,V112S
-0.39044781533879347,844.0,1864.0,0.13216604369094423,1.3877787807814457e-17,V112T
-2.8158966746669596,617.0,247.0,0.07724545565981246,1.6450192094785609e-25,V112W
-2.704701275968985,1137.0,514.0,0.05538343545580775,2.436038015048183e-07,V112Y
-2.6573995755725397,588.0,280.0,0.07515521740608186,1.348879974896801e-54,V112_
-0.37043923847345367,619.0,1378.0,0.08962748919586497,0.0,V119A
-0.4208145816134667,554.0,1178.0,0.07525629068328628,0.0,V119C
-0.4027082913394638,385.0,871.0,0.0630774383409916,2.5175368387711925e-32,V119D
-0.2774895702413012,382.0,890.0,0.17505435166444744,0.0,V119E
-0.32271124088497233,674.0,1566.0,0.06845844186915706,0.0,V119F
-0.2559578754583911,458.0,1104.0,0.05770144327434092,1.3985005630028605e-13,V119G
-0.547386402061203,283.0,561.0,0.19860945693259227,0.0,V119H
-0.05753919516298613,263.0,736.0,0.0736212969261338,3.1530014224216594e-07,V119I
-0.57967924599814,544.0,1044.0,0.1286171994376982,3.469446951953614e-18,V119K
-0.14300696236414745,368.0,961.0,0.15343902611232899,0.0,V119L
-0.3230199969815471,680.0,1600.0,0.06264221077326262,0.0,V119M
-1.1098252063876857,853.0,1133.0,0.08155230064404978,3.469446951953614e-18,V119N
-2.059281310255606,416.0,280.0,0.07978174028565997,1.4034988931336085e-144,V119P
-0.3733318784299703,423.0,924.0,0.1008632145759501,5.204170427930421e-18,V119Q
-0.8625842121412832,412.0,628.0,0.06533469701470268,1.1355581591387897e-08,V119R
-0.4460385390664245,467.0,970.0,0.058200819927617775,2.7721026520433573e-63,V119S
-0.058207809081939815,322.0,896.0,0.06692761149653961,2.495635724412296e-270,V119T
-0.9353238792929145,393.0,608.0,0.06677666207642856,8.997010992189955e-25,V119W
-0.2648451182657521,259.0,642.0,0.25760212322136533,0.0,V119Y
-3.1537977592921056,401.0,139.0,0.11209998703416635,1.4286401922580794e-12,V119_
-0.15498816770303264,167.0,434.0,0.0935016909958628,1.5912414645741997e-287,V153A
-0.20050838665057236,594.0,1486.0,0.065763317031289,0.0,V153C
-0.3073049381423957,365.0,836.0,0.18738288188912888,2.7755575615628914e-17,V153D
-0.44519352255038763,459.0,952.0,0.0589203116205996,5.064068131864326e-82,V153E
-1.1325133877925067,765.0,1003.0,0.19359924238306384,1.3877787807814457e-17,V153F
-0.3391409663994671,535.0,1188.0,0.054102606583500794,2.2394333654254494e-33,V153G
-0.08069301642190271,536.0,1414.0,0.07026066320722897,0.0,V153H
0.017070697506202364,718.0,2143.0,0.04968330184116127,8.662525991659509e-13,V153I
-0.9867442608935432,339.0,504.0,0.07256290457240545,3.954960184086388e-114,V153K
-0.18989245179305134,635.0,1616.0,0.19472715336296517,0.0,V153L
-0.5813355481765853,982.0,1844.0,0.04136888926671517,9.663751001770265e-202,V153M
-0.1729025193809163,608.0,1584.0,0.06957740820112583,0.0,V153N
-1.0287613990934,840.0,1153.0,0.1222437611385037,1.734723475976807e-17,V153P
-0.06482115411973775,448.0,1213.0,0.22328838206392113,0.0,V153Q
-0.6708524364800361,623.0,1111.0,0.08347118498261769,1.734723475976807e-18,V153R
-0.17002758893496356,727.0,1851.0,0.045456000126001345,8.502166935342768e-37,V153S
-0.219235301249239,536.0,1338.0,0.09021409861919673,1.734723475976807e-18,V153T
-0.10930501548236814,204.0,531.0,0.08445348717455252,4.628247786813288e-81,V153W
-0.14516311144120478,573.0,1479.0,0.13682374534724362,0.0,V153Y
-2.660102401691208,682.0,317.0,0.15614050106386385,0.0,V153_
0.15504093311405825,771.0,2474.0,0.10699609700947058,3.469446951953614e-18,V174A
0.1319171747182192,753.0,2317.0,0.04354361362825354,3.300942180012022e-34,V174C
-0.38899210895366615,840.0,1853.0,0.0435249320504187,2.282729536887628e-21,V174D
-0.11164510314826954,891.0,2364.0,0.04109313316648296,9.73024623945983e-80,V174E
0.055049957841600695,1029.0,3093.0,0.09696804090555021,0.0,V174F
-0.027035841115260688,784.0,2269.0,0.04306678436281005,2.00652438629465e-24,V174G
-0.27904906262643153,315.0,763.0,0.06924577522462219,6.755511318442482e-59,V174H
-0.2721928632749201,544.0,1293.0,0.052811329845218365,2.4439789808535648e-11,V174I
-0.2726348918232236,495.0,1203.0,0.1752599390689532,6.938893903907228e-18,V174K
-0.09164662344517716,784.0,2161.0,0.08964571899321305,3.469446951953614e-18,V174L
-0.15972068687718838,949.0,2439.0,0.10283235457049315,0.0,V174M
-0.10504228393655175,1362.0,3582.0,0.06450247531640804,0.0,V174N
-0.41749519598421364,409.0,881.0,0.2996484711571089,0.0,V174P
-0.18459299144884775,414.0,1069.0,0.16170623129265874,0.0,V174Q
-0.27207739125869385,332.0,801.0,0.10146181189000397,0.0,V174R
-0.14873315866862735,608.0,1626.0,0.22927558305406937,0.0,V174S
-0.08417265352585464,732.0,1990.0,0.1815548969658724,6.938893903907228e-18,V174T
-0.08675450538859944,754.0,2007.0,0.14916428662096354,0.0,V174W
-0.13853245253306617,605.0,1552.0,0.0508513685277448,1.1004359075605626e-07,V174Y
-2.604282742605876,593.0,278.0,0.07488025049825661,9.309152020219342e-107,V174_
-0.17942967831658274,396.0,1030.0,0.11894357843115443,0.0,V175A
-0.029929299457843693,720.0,2008.0,0.0993726622419526,1.734723475976807e-18,V175C
-0.3299277408976352,608.0,1407.0,0.08909695691853078,0.0,V175D
-0.008533539443832427,532.0,1504.0,0.05206328481187232,1.4803178587131705e-10,V175E
-0.47331847057806126,968.0,2064.0,0.1917979242473534,1.3877787807814457e-17,V175F
-0.008345970637030528,714.0,2029.0,0.0892656477582908,1.734723475976807e-18,V175G
0.27614650083316306,506.0,1738.0,0.05205537735534031,1.6540766953131465e-19,V175H
-0.2066602044583788,608.0,1536.0,0.22038767039532542,1.3877787807814457e-17,V175I
-0.056187651455575666,847.0,2346.0,0.060282813526178,0.0,V175K
-0.1044915829954843,600.0,1640.0,0.050203197713255626,2.3619165872312852e-07,V175L
-0.1259610631550442,560.0,1521.0,0.0736497163765324,3.469446951953614e-18,V175M
0.05813788519691277,851.0,2479.0,0.04141119124557444,1.6673549643997925e-246,V175N
-0.288644475773775,1128.0,2678.0,0.037234315472516294,1.2138644623347664e-54,V175P
-0.10501445144371227,318.0,851.0,0.14399562767014606,0.0,V175Q
0.009695211182125407,1017.0,2899.0,0.03818948271211957,4.5270720135063315e-73,V175R
0.43949989881950025,744.0,2916.0,0.26879212613507103,0.0,V175S
-0.2727505155680707,691.0,1662.0,0.04698370287503796,2.1715664903420894e-33,V175T
-0.24331176577375782,639.0,1595.0,0.048564957270063415,4.5026404510618587e-60,V175W
-0.02820622054174105,358.0,1025.0,0.06350662693664945,4.2499789637107624e-20,V175Y
-2.5924532725433758,646.0,301.0,0.09666898095097655,0.0,V175_
-0.2677834117317953,481.0,1168.0,0.21026447973417217,0.0,V203A
-0.04812468774787391,1070.0,2987.0,0.10971561776976928,0.0,V203C
-0.10607889388808457,995.0,2678.0,0.1269033260484561,0.0,V203D
-0.03956958339680028,383.0,1073.0,0.06173273945068065,5.409649333263382e-07,V203E
-0.39050200979581806,703.0,1565.0,0.08247507704510855,0.0,V203F
-0.0626788153369021,617.0,1671.0,0.04873261820081441,3.818971239374217e-08,V203G
-0.9397611648884149,1057.0,1586.0,0.06035761892355175,8.673617379884035e-19,V203H
1.8093711589735817,1268.0,12914.0,0.09195019727193465,0.0,V203I
-0.3737544378066776,326.0,712.0,0.15768054055680475,0.0,V203K
-1.6607599295928204,1876.0,1708.0,0.1303120351135544,0.0,V203L
-0.14260312293940317,660.0,1741.0,0.050013059104640406,4.374113067302614e-09,V203M
-0.01297783847914925,741.0,2118.0,0.05642774133464174,0.0,V203N
-0.19722205278548405,1146.0,2841.0,0.19205123935728918,0.0,V203P
-0.41187736440258316,840.0,1823.0,0.043432988981436986,2.1340778214240804e-21,V203Q
-0.12440561482036194,964.0,2561.0,0.03948794617064289,2.0787635530001403e-07,V203R
0.1475313208897248,764.0,2403.0,0.09563749772739923,5.204170427930421e-18,V203S
-0.17762724626382295,811.0,2016.0,0.06856743009020218,0.0,V203T
-0.23373088253059485,855.0,2105.0,0.04230661882724056,1.3511322436583914e-131,V203W
-0.5302318255093584,783.0,1562.0,0.16800381086795674,0.0,V203Y
-3.612360380571252,1170.0,271.0,0.19897072672725746,0.0,V203_
-0.381953668640125,712.0,1589.0,0.09367962646497867,3.469446951953614e-18,V213A
0.4920685033219266,1317.0,5260.0,0.03244239293707504,4.225233483799696e-147,V213C
-1.1231579170768724,899.0,1208.0,0.24016092348105397,0.0,V213D
-0.864809448042286,410.0,644.0,0.19038453353552437,0.0,V213E
-0.8835880566067241,900.0,1412.0,0.0803940702508754,1.734723475976807e-18,V213F
-2.2639647829186154,1109.0,661.0,0.14535504485934028,6.938893903907228e-18,V213G
-1.6579705508913016,665.0,579.0,0.05918999679789999,2.403277227126878e-53,V213H
-0.7869150688895201,1195.0,1986.0,0.038411596779384126,3.389546825182074e-17,V213I
-2.166944045597308,1240.0,789.0,0.047385180552971785,5.660924989457908e-11,V213K
0.7724024223319794,824.0,4074.0,0.03972491676616897,1.9887044913465525e-60,V213L
-1.1461988938240077,920.0,1212.0,0.0674580001313972,8.673617379884035e-19,V213M
0.23875186793532802,448.0,1546.0,0.17984171367837087,0.0,V213N
-2.4950384658633746,1239.0,634.0,0.05105710240368211,3.326944777799009e-07,V213P
-1.5928521412158043,842.0,813.0,0.21261921173744794,1.3877787807814457e-17,V213Q
-2.1929433404546397,1802.0,1155.0,0.03965376506395688,9.385741087513041e-232,V213R
-0.5282796172100516,553.0,1104.0,0.05412392206308335,2.9569639952222892e-112,V213S
-0.01001711450735492,551.0,1536.0,0.051405735962326705,1.8239620574810112e-249,V213T
-0.8592215588148098,772.0,1228.0,0.04784740090229576,1.0538503101029096e-91,V213W
-2.498092231672949,935.0,481.0,0.09002030594934353,0.0,V213Y
-2.9319712260923283,729.0,283.0,0.0718738449084052,6.2038853027193185e-09,V213_
-0.3584714594190613,594.0,1357.0,0.31031070784962134,2.7755575615628914e-17,V22A
-0.7254595970712507,705.0,1186.0,0.10194158013396187,0.0,V22C
-2.286703675681037,664.0,405.0,0.06548776299112466,2.2584657710220846e-62,V22D
-1.5567124974911601,672.0,651.0,0.0572663463248568,1.5258179470990995e-103,V22E
-1.1156871356881837,768.0,1036.0,0.21727306685238695,0.0,V22F
-0.4564337059991659,1132.0,2406.0,0.03788367728941265,7.936238467819213e-168,V22G
-0.49645486593420557,888.0,1818.0,0.06643446775993997,0.0,V22H
-0.19389577973030162,311.0,761.0,0.08949273252111341,1.734723475976807e-18,V22I
-2.6213535781834563,1112.0,506.0,0.0557404896422673,1.2133678023604277e-45,V22K
-0.3565699134602053,723.0,1634.0,0.0635888865637833,4.336808689942018e-19,V22L
-0.023216110383157303,961.0,2792.0,0.09369303495099707,0.0,V22M
-0.5972536458343,502.0,969.0,0.0624258335844349,1.3725293037530895e-11,V22N
-2.2178568131912075,735.0,455.0,0.12384711769033838,0.0,V22P
-1.0401534988755223,771.0,1068.0,0.04957958096399086,4.306304664957937e-07,V22Q
-2.023246743325208,3727.0,2653.0,0.02738267417882502,8.521072465223907e-10,V22R
-1.171025227346154,708.0,894.0,0.2023332976424114,4.163336342344337e-17,V22S
-1.1263928763663207,1117.0,1462.0,0.041597261731246234,3.993365726738155e-27,V22T
-0.8139775511959696,315.0,519.0,0.32650540040142206,0.0,V22W
-1.1832318709659826,878.0,1098.0,0.047175707371260533,8.831095771849424e-39,V22Y
-2.742239697792696,230.0,98.0,0.2315613852714946,0.0,V22_
1.7669026080334485,1657.0,16702.0,0.027294420485825432,7.609068032293533e-198,V233A
-0.09266602244541183,1257.0,3431.0,0.06128795129603769,0.0,V233C
-1.1141347707704339,1035.0,1376.0,0.04304350449307225,2.8663913720953597e-62,V233D
-0.4659261816716472,1152.0,2400.0,0.09599182429509186,0.0,V233E
-0.6659643909693747,1410.0,2500.0,0.03519466199362003,4.763092772496854e-101,V233F
0.07586261480655318,652.0,2019.0,0.15934292954743332,0.0,V233G
-0.3561134098447219,1041.0,2292.0,0.0391564252195553,3.375127517622816e-173,V233H
0.1513502780174953,695.0,2150.0,0.2657690718941094,0.0,V233I
-0.5977998939061097,825.0,1610.0,0.04473740312348634,1.49142611358201e-146,V233K
-0.6639019823099396,1028.0,1867.0,0.057297188966486466,0.0,V233L
-0.3183374238858643,1174.0,2653.0,0.03682867436799979,5.071242804074025e-172,V233M
-0.36981191351182213,495.0,1094.0,0.0562141221981999,1.4590769990513266e-65,V233N
-2.05478792985579,1180.0,830.0,0.04723968575746646,2.0621752291225318e-57,V233P
-0.2935621368857118,741.0,1748.0,0.1500503558831602,2.0816681711721685e-17,V233Q
-0.4453284191714633,1252.0,2668.0,0.08352172160690148,0.0,V233R
0.9676372782354405,1616.0,9306.0,0.13046917811842845,0.0,V233S
-0.3238072094920476,1061.0,2448.0,0.1499137909604756,6.938893903907228e-18,V233T
-0.5522747455085008,877.0,1754.0,0.11319856339854066,0.0,V233W
-0.4665067572017483,2311.0,4853.0,0.042811080583771435,1.3010426069826053e-18,V233Y
-2.479265530280852,1009.0,532.0,0.1482704735434269,0.0,V233_
-0.7158958593084163,745.0,1344.0,0.0476975329855136,4.2981580025661657e-78,V25A
-0.09250809573593459,418.0,1107.0,0.059257269002622286,1.0347676623166256e-201,V25C
-0.6596052702288916,956.0,1760.0,0.04215438268179364,4.245813450474913e-32,V25D
-0.40052764798342594,1055.0,2319.0,0.05499180183905164,0.0,V25E
-2.026043884371375,534.0,384.0,0.09960326274244455,0.0,V25F
-0.5144366723176863,536.0,1070.0,0.054845755024049904,2.1558921856662705e-141,V25G
-1.1513493111041055,1757.0,2320.0,0.033541876824213585,1.0908420654002783e-75,V25H
-0.0351582771462624,277.0,778.0,0.07229766153366861,1.0248549359581427e-12,V25I
-2.8343600547322914,850.0,350.0,0.06537055227471154,1.0599373908527696e-23,V25K
-2.807922669628074,1125.0,462.0,0.21666185142487743,1.3877787807814457e-17,V25L
-2.1489654053038794,749.0,498.0,0.07609007830366687,8.673617379884035e-19,V25M
-1.481611354581768,863.0,876.0,0.11159588548274096,0.0,V25N
-1.6569153700199288,917.0,857.0,0.1250225503932286,1.0408340855860843e-17,V25P
-2.4129017505917463,715.0,385.0,0.06555278700008657,9.020802430218482e-07,V25Q
-2.6383606995287123,481.0,222.0,0.15759246536085986,1.3877787807814457e-17,V25R
-0.7652856316140478,952.0,1600.0,0.042745142555932744,2.775364808249122e-32,V25S
-0.022979113485655053,539.0,1536.0,0.10646276078686115,6.938893903907228e-18,V25T
-1.9852468531977618,560.0,403.0,0.06746068478486285,2.6618590676840624e-44,V25W
-1.9757790253558212,804.0,585.0,0.10235632479678348,6.938893903907228e-18,V25Y
-3.002283057236079,865.0,307.0,0.18507854375505295,0.0,V25_
-0.6964057586052402,741.0,1291.0,0.12092151997509043,0.0,V280A
-0.6197703155871862,1118.0,2064.0,0.06151063266018647,3.469446951953614e-18,V280C
-1.0659048181668807,1147.0,1571.0,0.04076542996365384,4.796990444702856e-183,V280D
-0.020889885635574954,958.0,2697.0,0.09260599717468977,0.0,V280E
0.02633576554618645,1425.0,4213.0,0.09751568893153295,0.0,V280F
-0.7753000125616685,907.0,1543.0,0.04378358030759082,4.7799773052723573e-169,V280G
-0.6970585865279807,846.0,1479.0,0.14458966350131464,0.0,V280H
-0.03912555277334437,681.0,1902.0,0.13219579712903495,6.938893903907228e-18,V280I
-0.6490083344333314,955.0,1804.0,0.0947689646391898,0.0,V280K
0.15442562657516898,1510.0,4742.0,0.0312508395462807,5.338765030448947e-51,V280L
-0.08555480689099254,1045.0,2825.0,0.14184009710393952,6.938893903907228e-18,V280M
-0.7237923736313089,880.0,1521.0,0.10758269375674008,3.469446951953614e-18,V280N
-2.323899589520362,1195.0,694.0,0.0496961310113289,3.5280221915684508e-137,V280P
-0.6053347543455124,734.0,1337.0,0.04792612598197616,1.8016094709821217e-57,V280Q
-2.820086899530892,1148.0,462.0,0.08933331635281351,0.0,V280R
-1.0938422939842836,653.0,896.0,0.05342211740894482,2.4890065242285637e-44,V280S
-0.43769588305162416,1322.0,2847.0,0.12105906881365848,1.0408340855860843e-17,V280T
0.15207414148333742,1514.0,4862.0,0.08853628652244824,0.0,V280W
-0.409379338291162,51.0,89.0,0.4980955628701527,0.0,V280Y
-2.5947847111279616,1264.0,594.0,0.051573001861399216,3.948107022342836e-40,V280_
-1.188236305523384,675.0,850.0,0.07042636330470857,8.673617379884035e-19,V282A
-0.8863244326734074,733.0,1151.0,0.05081297358318664,8.022202017553184e-08,V282C
-2.1093717824544247,1323.0,866.0,0.11529490359265926,3.469446951953614e-18,V282D
-1.517827200632525,953.0,957.0,0.05741858647690338,1.734723475976807e-18,V282E
-0.5997841640008026,1632.0,3086.0,0.04653721584648192,4.336808689942018e-19,V282F
-2.2011953610881787,943.0,596.0,0.0543555531890426,1.3269099966451693e-104,V282G
-1.3453298530767661,572.0,657.0,0.05916737380730071,1.2392626841198343e-09,V282H
-0.8934958534186562,1485.0,2299.0,0.043915717593526665,0.0,V282I
-1.633196030909956,1537.0,1417.0,0.0387904868200793,7.900059354094894e-282,V282K
-0.2663839165270611,944.0,2266.0,0.059312346136649804,0.0,V282L
0.2526305109993205,772.0,2681.0,0.053856146414284045,0.0,V282M
-1.3819178485962573,1142.0,1238.0,0.06046197407282465,0.0,V282N
-1.2504608426099917,1288.0,1541.0,0.09154721051124715,0.0,V282P
-0.6625916431600621,1191.0,2186.0,0.03796883370083946,3.932297288583937e-21,V282Q
-2.7047953654450083,881.0,403.0,0.19842394023846066,0.0,V282R
-1.6872711520467754,1239.0,1105.0,0.13417627618577216,0.0,V282S
-0.5495909841925871,297.0,596.0,0.098427757474239,1.734723475976807e-18,V282T
-0.45821439540886194,1252.0,2654.0,0.11323657200791361,3.469446951953614e-18,V282W
-1.4754374071104277,1706.0,1760.0,0.04399317507268844,4.336808689942018e-19,V282Y
-3.0797856428148074,1453.0,496.0,0.10801274080003093,1.0408340855860843e-17,V282_
-0.3590322592852036,1306.0,2944.0,0.08823387143839018,0.0,V284A
0.010152195943232424,799.0,2331.0,0.04262905455943082,1.2165151197204393e-31,V284C
-0.404066457566722,855.0,1868.0,0.0430724998958286,6.929212293478485e-89,V284D
-0.515750219588319,924.0,1860.0,0.15247904013000305,0.0,V284E
-0.5112863963981222,1004.0,2031.0,0.05163094344147114,8.673617379884035e-19,V284F
-0.6668060140092196,551.0,987.0,0.05827121877551607,5.294604194633866e-09,V284G
-0.4459151898381478,1350.0,2861.0,0.03489391177841525,7.7772101644504745e-53,V284H
0.11406769436507797,491.0,1528.0,0.053661770539975825,6.913647489046285e-109,V284I
-0.9922719719184061,1352.0,1924.0,0.1562356272302269,0.0,V284K
0.2166752003081948,1462.0,4787.0,0.10069033126872033,3.469446951953614e-18,V284L
-0.1655317750290271,918.0,2371.0,0.06388917827278495,8.673617379884035e-19,V284M
-0.2874859679086644,1143.0,2723.0,0.037006516823814624,2.5089470315388162e-110,V284N
-2.4784730899958967,1231.0,644.0,0.06255569036939575,0.0,V284P
-0.6295199538290465,846.0,1556.0,0.23728938837369137,1.3877787807814457e-17,V284Q
-1.2310870705748553,627.0,799.0,0.05564471577834451,2.764858908579838e-58,V284R
-0.17063701018850844,1048.0,2740.0,0.06186824213993701,0.0,V284S
0.13750731647686326,611.0,1861.0,0.08469841319623424,0.0,V284T
-0.32243177008783763,886.0,2092.0,0.048708956639697466,3.469446951953614e-17,V284W
-0.9920924747485713,880.0,1263.0,0.2225753048862753,0.0,V284Y
-2.7403141650878857,781.0,345.0,0.06679805499003709,3.46028779390368e-281,V284_
-0.06079501677640192,1056.0,2882.0,0.03766214221606231,1.497387167899213e-78,V287A
-0.03674280081226823,884.0,2489.0,0.04085689231062901,5.080728183018308e-164,V287C
-0.13961225513462022,1166.0,3088.0,0.1303915140306323,0.0,V287D
0.03810240559132913,1552.0,4587.0,0.031116330221649505,2.1773996097368e-148,V287E
-0.008880700673505382,991.0,2774.0,0.07563324223302068,0.0,V287F
-0.15590865342636762,1084.0,2770.0,0.0769139880106079,3.469446951953614e-18,V287G
0.03671464828141599,825.0,2401.0,0.09704259141728769,0.0,V287H
-0.46937471855342744,2194.0,4561.0,0.03000138945379426,2.3608895654420037e-11,V287I
-0.25876159152730893,871.0,2108.0,0.041961097113073643,2.504630413246258e-10,V287K
0.17971562861834878,1091.0,3572.0,0.10283551867079273,6.938893903907228e-18,V287L
-0.1775526196564493,634.0,1582.0,0.04876964890050272,8.196947247490478e-148,V287M
0.10833558936720959,452.0,1382.0,0.0717091082942457,0.0,V287N
-1.3404649388413625,1630.0,1842.0,0.0358858751129401,3.4631155760943788e-31,V287P
-0.09865701132413085,798.0,2089.0,0.057939538428506895,4.336808689942018e-19,V287Q
0.088306305911641,870.0,2647.0,0.07810307659079978,0.0,V287R
-0.11008007547132553,658.0,1736.0,0.05130455528552259,1.3856240731625197e-10,V287S
-0.2134684355122068,704.0,1720.0,0.04666202366429154,4.869384321099854e-12,V287T
0.20188496104094797,693.0,2338.0,0.0640121557353121,0.0,V287W
0.30139063141454486,816.0,2928.0,0.0581515713172642,8.673617379884035e-19,V287Y
-2.636480610311422,999.0,455.0,0.058760997551199415,3.946673373242727e-33,V287_
-0.06653138063353495,327.0,889.0,0.06658288696107412,6.770419050303054e-145,V28A
0.01062554903451734,755.0,2190.0,0.07441748872121288,1.734723475976807e-18,V28C
-0.19630631185247788,532.0,1366.0,0.35619607449389323,0.0,V28D
-0.3345971675440174,597.0,1388.0,0.22679335198295633,0.0,V28E
-0.4177452892445351,1519.0,3257.0,0.08725982971888033,0.0,V28F
-0.055808401623513665,505.0,1408.0,0.08668648301718643,0.0,V28G
-1.4730883642417851,1261.0,1300.0,0.04140505561340179,5.259585141694115e-25,V28H
-0.2555365257507525,274.0,666.0,0.27558508081167427,0.0,V28I
-0.22118551973503792,529.0,1306.0,0.11007396768805473,1.0408340855860843e-17,V28K
-0.5284511835890661,4.0,9.0,0.9941224506415989,0.0,V28L
0.5003931321325892,749.0,3041.0,0.09650885238343124,1.734723475976807e-18,V28M
0.00991194938923158,514.0,1523.0,0.23137627228141552,5.551115123125783e-17,V28N
-0.06573440953542638,532.0,1470.0,0.05238021298624564,2.341105681553067e-254,V28P
-0.02663923795539167,1023.0,2874.0,0.03811292710918489,1.560969588954457e-182,V28Q
-0.05142634935028511,620.0,1759.0,0.11092055553060826,0.0,V28R
0.06198625491313977,591.0,1743.0,0.08949680493016131,0.0,V28S
0.29573101063542984,813.0,2828.0,0.12178833614851979,0.0,V28T
-0.3991669946938229,466.0,1036.0,0.12623023436913525,0.0,V28W
-0.9583627421653296,745.0,1136.0,0.0493222669862157,5.443111310731651e-19,V28Y
-2.710275873429942,1022.0,440.0,0.06202074210454406,1.0053477695302904e-08,V28_
-0.06594661636805199,927.0,2563.0,0.0895342543987769,0.0,V297A
-0.13929202391760306,552.0,1484.0,0.0801816025528705,2.6020852139652106e-18,V297C
-0.8590134405186319,923.0,1473.0,0.07232707960703494,2.6020852139652106e-18,V297D
-0.15788429137484225,552.0,1422.0,0.051906840334774246,7.894568091730517e-90,V297E
0.9273295861490577,1011.0,5447.0,0.03576725514739555,9.821505646992859e-52,V297F
-0.18735125206389044,1180.0,3000.0,0.07842630126182819,3.469446951953614e-18,V297G
-0.33094671271559695,1468.0,3457.0,0.15427313158237568,0.0,V297H
-0.09691597773263329,1050.0,2885.0,0.1059530093870861,0.0,V297I
-0.4485208840682469,969.0,2020.0,0.052585341250022705,4.336808689942018e-19,V297K
-0.10314418130651672,977.0,2593.0,0.03936805304732106,1.098544519462169e-08,V297L
-0.1823616327666695,564.0,1440.0,0.051361982524243344,7.295549452912716e-18,V297M
-0.17776949397594582,1080.0,2784.0,0.03768106758416417,2.0682801288869543e-22,V297N
-0.5449206876464262,1634.0,3266.0,0.03211934377673598,1.7890831122397522e-26,V297P
-0.15454510075614206,1219.0,3114.0,0.10961916819830105,3.469446951953614e-18,V297Q
-0.5262527969257826,1539.0,3026.0,0.03314145133102685,1.8222887794111467e-134,V297R
-0.2115517197546117,1010.0,2533.0,0.040746274257878,3.4425457715058817e-09,V297S
-0.21049644617130714,899.0,2298.0,0.19826540795389924,1.3877787807814457e-17,V297T
-0.4966750402097647,1536.0,3153.0,0.1503302465535231,6.938893903907228e-18,V297W
0.03526125428136878,1053.0,3138.0,0.04341686769121638,4.358492733391728e-17,V297Y
-2.6679802365249,717.0,328.0,0.06883785357159655,5.027023998322668e-271,V297_
-2.2198469717718066,672.0,409.0,0.2992292485692793,8.326672684688674e-17,V301A
-1.9251799511390637,1067.0,809.0,0.04856846061451302,1.6102923346715372e-55,V301C
-1.5393857436929075,1875.0,1830.0,0.0348247520896126,2.996524199284531e-185,V301D
-2.1324155283704465,844.0,561.0,0.05680765293574066,6.161716379069324e-30,V301E
-0.5853240002136701,681.0,1322.0,0.049088657976229716,4.069888628890957e-269,V301F
-2.244042115841643,1116.0,684.0,0.1462891121201781,0.0,V301G
0.4717324537084804,1571.0,6293.0,0.05553113092854503,8.673617379884035e-19,V301H
-0.07184734574532663,773.0,2137.0,0.114687361411482,0.0,V301I
-2.088744835614755,1053.0,723.0,0.1308638276645181,1.3877787807814457e-17,V301K
-2.282213195545719,853.0,500.0,0.1441774496258134,0.0,V301L
-2.236378930256015,1220.0,756.0,0.04826963285521962,3.1203503228014866e-159,V301M
-2.3563286090534707,949.0,545.0,0.12015170147063423,0.0,V301N
-2.356515328761319,805.0,453.0,0.061104666525518825,7.887850109948116e-30,V301P
-2.471593173090166,847.0,430.0,0.06143982989722486,1.5573173462369308e-81,V301Q
-2.3606970650565873,1515.0,848.0,0.044705781850918086,2.6574755905368277e-15,V301R
-2.2476567665599148,1469.0,913.0,0.05546039014874399,4.336808689942018e-19,V301S
-1.253921820107608,993.0,1212.0,0.09310653505753827,0.0,V301T
-1.214757884170632,858.0,1063.0,0.04777628958351642,1.1180865209991912e-15,V301W
-0.6671446732500002,653.0,1238.0,0.2201413168640364,5.551115123125783e-17,V301Y
-3.048369647553606,1413.0,491.0,0.30509207496619845,0.0,V301_
-1.6268344051481323,1291.0,1229.0,0.10955149157012031,0.0,V302A
-0.4987393450635053,1722.0,3559.0,0.1472817400020583,0.0,V302C
-2.391100777210529,997.0,542.0,0.05542959111473183,1.1501790824409845e-298,V302D
-2.596040114461601,809.0,388.0,0.13490526862003765,1.0408340855860843e-17,V302E
-3.280144811231551,1633.0,486.0,0.05356225100838205,1.1540152528540798e-27,V302F
-2.5978726424216307,983.0,478.0,0.14812816850072147,6.938893903907228e-18,V302G
-2.551496655154342,1447.0,716.0,0.14900175229783058,0.0,V302H
-1.3657078518686652,840.0,924.0,0.1468941359512494,0.0,V302I
-2.8709937981948896,853.0,333.0,0.20803540085515881,1.3877787807814457e-17,V302K
-1.2627455505880265,1143.0,1391.0,0.041829250491081466,2.3163790878921946e-52,V302L
-2.489471440562409,1327.0,690.0,0.048828815576250593,2.7576211715247057e-77,V302M
-2.3957503598166294,1156.0,627.0,0.05162785203505631,6.5701124447335875e-177,V302N
-2.687472950166545,1123.0,502.0,0.15482685808063246,0.0,V302P
-2.3191114296273585,1033.0,595.0,0.06291797547481709,6.5052130349130266e-18,V302Q
-2.897126615791216,878.0,335.0,0.06600652566972473,9.634754220684719e-12,V302R
-2.9794432187209776,2709.0,995.0,0.07188990978851915,0.0,V302S
-1.2135261897514933,1229.0,1577.0,0.0777938568256628,1.734723475976807e-18,V302T
-2.7557113523734302,1254.0,542.0,0.05329498462162272,8.485382284979192e-116,V302W
-2.51555553574221,881.0,443.0,0.125227717739331,0.0,V302Y
-2.8909649007499763,1111.0,430.0,0.27405707029211296,5.551115123125783e-17,V302_
-0.5299856030545131,1734.0,3427.0,0.03132529584178756,2.2075989424476196e-139,V353A
0.1155513275717255,688.0,2141.0,0.04545916770308778,1.3185178015953333e-79,V353C
-0.29805901100607163,447.0,1073.0,0.19449392497227627,0.0,V353D
-0.046008584302034534,674.0,1888.0,0.053590104223031634,5.236696493104986e-16,V353E
-0.139318185876687,1118.0,2926.0,0.11417717423032736,6.938893903907228e-18,V353F
-0.6754151215600959,1539.0,2721.0,0.05470124780179499,8.673617379884035e-19,V353G
-0.0964480024698247,1478.0,4036.0,0.032164477657835484,1.9363718913414678e-115,V353H
-0.2540696878962028,1230.0,2926.0,0.035781900182412826,5.69279870207877e-120,V353I
0.13421332950223383,1065.0,3348.0,0.03680520651611082,9.815296332924712e-08,V353K
-0.1566568608746485,1231.0,3223.0,0.041083564489554275,2.710505431213761e-17,V353L
0.19252320265260492,1741.0,5809.0,0.06734007107622265,0.0,V353M
-0.3008095196670809,1305.0,3075.0,0.18358008177270832,0.0,V353N
-1.454585449009137,1402.0,1455.0,0.03943395696858718,9.243325694745735e-87,V353P
0.12713256480765608,1251.0,3967.0,0.17422681838529372,0.0,V353R
0.05510119409008612,1205.0,3637.0,0.0349202115073914,1.5787647376253782e-66,V353S
-0.08430801194206233,898.0,2434.0,0.04075490470582286,2.1352229656548606e-141,V353T
-0.45699095510702353,1507.0,3213.0,0.07375595839073806,1.734723475976807e-18,V353W
0.17208645222604316,1416.0,4600.0,0.032094325364964836,2.1613292493094857e-125,V353Y
-2.7279677107389455,1590.0,703.0,0.04731081651668067,4.101611076659219e-26,V353_
-0.3283241617976464,1431.0,3253.0,0.05486288779180543,0.0,V365A
-0.1793469035452965,534.0,1404.0,0.071873671970709,1.734723475976807e-18,V365C
-1.3404715010239987,1661.0,1883.0,0.10741576154895625,3.469446951953614e-18,V365D
-1.4683056077236938,1565.0,1676.0,0.03722354254426494,4.159029280070336e-17,V365E
-0.2688018969986048,1289.0,3097.0,0.03487442694856846,9.691299018749334e-20,V365F
-0.8695570919480633,1041.0,1655.0,0.04151667617779283,9.049810648041435e-115,V365G
-0.20332293741251362,694.0,1676.0,0.05635476440782747,3.469446951953614e-18,V365H
-0.9649575772613276,838.0,1231.0,0.10832648607472266,0.0,V365I
-2.5325870255830596,888.0,448.0,0.06016282964447786,2.9227097834297747e-80,V365K
-0.9126439754757584,875.0,1363.0,0.045314048422954445,4.3178441668830713e-147,V365L
-0.27160985719540676,1416.0,3393.0,0.05703591283121371,8.673617379884035e-19,V365M
-1.073625763936877,972.0,1318.0,0.0936019315105723,3.469446951953614e-18,V365N
-0.5052806417235579,879.0,1789.0,0.04316698165320598,8.72956301077669e-10,V365P
-0.36695001147153505,1158.0,2529.0,0.037296087292898586,4.1792418644658576e-154,V365Q
-2.561205973011298,1412.0,702.0,0.048310472706515,1.22599891079846e-07,V365R
-0.34603415955805583,945.0,2080.0,0.04453780193715891,4.465198729427383e-11,V365S
-0.18593098250409879,1206.0,3107.0,0.04057129813109129,6.108178199348835e-15,V365T
-0.6236872673860524,1300.0,2463.0,0.13413808121965431,0.0,V365W
-0.6618524013509963,1759.0,3225.0,0.07720363037425676,0.0,V365Y
-2.625231955104068,1088.0,508.0,0.07168153412938545,0.0,V365_
-0.31372550006213545,833.0,1921.0,0.04383034283214282,2.2614954092748665e-07,V370A
0.011397961879182248,1234.0,3551.0,0.042335870363118595,0.0,V370C
-2.078682240866971,1913.0,1301.0,0.09776078712198669,3.469446951953614e-18,V370D
-1.0628163294251256,1604.0,2203.0,0.034680273444972806,1.0955833787866086e-20,V370E
-0.0714419550940476,1295.0,3569.0,0.11198705178665226,0.0,V370F
-0.3274457794719922,1388.0,3182.0,0.1291823188687448,3.469446951953614e-18,V370G
-1.1479109653966253,1326.0,1709.0,0.03845889108408693,1.4146194509188962e-34,V370H
-0.014818039307658017,1137.0,3219.0,0.03619358021546643,8.495919097286686e-96,V370I
-1.500122225034789,851.0,872.0,0.12819422637090863,0.0,V370K
0.4962536983752445,1251.0,5103.0,0.1717538770244673,6.938893903907228e-18,V370L
0.16707700649979548,739.0,2378.0,0.0438776490304871,4.1195197759090094e-13,V370M
-0.34991495919147003,1241.0,2811.0,0.07689585871537752,3.469446951953614e-18,V370N
-0.883941631617728,618.0,965.0,0.05470703051554151,3.067444850023127e-07,V370P
-0.34961763848738514,1608.0,3623.0,0.09548428675714082,0.0,V370Q
-2.4788634294792513,1243.0,635.0,0.05090833623240092,4.940894049083339e-21,V370R
-0.13753374695007473,1719.0,4550.0,0.09423926021421475,0.0,V370S
0.06483817652817561,1488.0,4504.0,0.03166138584278991,5.26240437868888e-135,V370T
-0.09386572712224517,980.0,2635.0,0.03909037968791889,1.0414057912927834e-41,V370W
-0.08422993058092354,634.0,1677.0,0.0482770339744113,9.153088385676306e-29,V370Y
-2.5734767383400223,1164.0,562.0,0.05319834191561471,4.6974562926377717e-26,V370_
-0.06445355472526258,1256.0,3431.0,0.03468052898826495,6.144719313259505e-50,V371A
-0.0849153034222057,662.0,1841.0,0.04697266589251383,1.274813001473862e-21,V371C
-1.6959428948239197,843.0,760.0,0.06251403534719514,8.673617379884035e-19,V371D
-0.3483779677907494,782.0,1726.0,0.04495151362886071,8.48681911118605e-132,V371E
-0.09875368059346595,1679.0,4521.0,0.03041375572848293,3.2878087255296224e-49,V371F
-0.1592068429565938,742.0,1891.0,0.07728277720229408,0.0,V371G
-0.4440461392768942,972.0,2056.0,0.12476649677625591,0.0,V371H
0.011213082045296053,733.0,2090.0,0.14135492950512565,0.0,V371I
-0.646428046971669,1350.0,2503.0,0.03566136395643456,1.9135064741216038e-109,V371K
-0.07952451450694986,1058.0,2922.0,0.2053111538335974,0.0,V371L
-0.026362388575141227,889.0,2581.0,0.08184195904552082,0.0,V371M
-0.17272722060362405,908.0,2319.0,0.09559402805413604,1.734723475976807e-18,V371N
-0.2477062019156575,1693.0,4063.0,0.030764206798605927,1.0799176297371716e-133,V371P
-0.28967127774033924,1019.0,2407.0,0.14312214599102804,0.0,V371Q
-1.231683949190437,1244.0,1515.0,0.23508318053226332,2.7755575615628914e-17,V371R
-0.11138908146701719,1525.0,3993.0,0.03189933978174486,2.1210144527239216e-116,V371S
-0.15413848812677813,1132.0,2888.0,0.03683119425361124,1.2344411900210724e-162,V371T
-0.6839070780819516,878.0,1559.0,0.05141906780533252,3.5128150388530344e-17,V371W
-0.3015245019976953,1298.0,3011.0,0.035054620254079696,2.4941614410168864e-07,V371Y
-2.77549049077364,1600.0,681.0,0.047589102302688965,2.5252305168886337e-107,V371_
-0.7973574599295199,877.0,1508.0,0.044338196629489256,1.015653609604386e-65,V373A
-0.392670299529187,1844.0,4035.0,0.029960178426373517,3.591326482591361e-129,V373C
-2.914755232629972,1831.0,698.0,0.048956833338523825,7.575205082351391e-10,V373D
-2.54710958256138,955.0,474.0,0.05819525950568522,5.923550341127427e-130,V373E
-2.230639063809781,1614.0,980.0,0.1316365923063803,0.0,V373F
-1.0114672673569232,1074.0,1530.0,0.04164197886303649,1.2139203153483358e-16,V373G
-2.5456914984499566,1316.0,652.0,0.15649503063084258,2.7755575615628914e-17,V373H
0.3676106284000647,1710.0,6435.0,0.028907045401252964,5.550937003583344e-16,V373I
-2.8729341601329783,802.0,307.0,0.06925741029640393,4.7522720765617594e-149,V373K
0.06901364324140896,803.0,2403.0,0.05801522422687074,0.0,V373L
-0.5692854833155909,998.0,1932.0,0.08731766439683532,0.0,V373M
-2.167781012393026,1389.0,870.0,0.14293834200123104,0.0,V373N
-1.632546445952441,1093.0,1030.0,0.12619607554616816,0.0,V373P
-1.9563997425983002,587.0,428.0,0.06570884024936849,4.0806345489368606e-61,V373Q
-2.4971359453408044,1431.0,735.0,0.04729815301327948,3.686669793249492e-159,V373R
-0.6750560233926995,1263.0,2302.0,0.03683757450590045,3.610388672778563e-55,V373S
-0.47084737044621916,1899.0,3917.0,0.02983510615076065,1.2863807063976268e-198,V373T
-2.0008112381994456,1381.0,973.0,0.07523388379290927,8.673617379884035e-19,V373W
-2.01709668663596,1830.0,1301.0,0.15183755310520963,0.0,V373Y
-2.9468925603105816,932.0,364.0,0.06389191327724676,4.1183744931721284e-134,V373_
-0.6456605154498403,739.0,1350.0,0.12574286970986567,0.0,V44A
-0.4920589104251106,834.0,1759.0,0.04398011362565875,4.519884768271673e-53,V44C
-2.5379809968635634,307.0,149.0,0.2737554122307531,0.0,V44D
-1.9400843015713127,570.0,437.0,0.15141054233910836,0.0,V44E
-0.8357617625659448,529.0,847.0,0.05773926855037721,2.630577526196426e-16,V44F
-1.130700130985004,700.0,899.0,0.052317388023346886,6.299029750929529e-24,V44G
-1.8951385748112723,311.0,235.0,0.22293700059008342,0.0,V44H
0.08121792348036783,707.0,2168.0,0.17071766425847087,0.0,V44I
-2.985750659314811,868.0,324.0,0.0772240708073726,7.871307772244762e-16,V44K
-0.1549111857374957,160.0,424.0,0.0997663426509729,7.992691360755172e-09,V44L
-0.5571536363828334,406.0,793.0,0.06299933959066155,1.7553281729618666e-63,V44M
-2.185094175237761,245.0,161.0,0.10492111143549375,4.073280705837603e-88,V44N
-2.3724778797308534,387.0,223.0,0.11716611184358984,0.0,V44P
-1.350004056841224,978.0,1123.0,0.045779645998741104,7.57564524532329e-218,V44Q
-2.8094840449412066,1522.0,629.0,0.06721087662537233,0.0,V44R
-0.861081935892681,666.0,1044.0,0.15761299089514785,0.0,V44T
-2.4783184569136822,701.0,364.0,0.06663060437080208,4.672297189512977e-44,V44W
-1.2815431894639415,375.0,447.0,0.23251906456377955,4.163336342344337e-17,V44Y
-2.626831623194515,404.0,196.0,0.0900567110750795,4.206056862248771e-39,V44_
0.07627427089312976,37.0,110.0,0.1962538891054858,4.6601394506885174e-20,V7A
0.019126255490759195,1367.0,3918.0,0.059464951333604334,0.0,V7C
-0.7111000491339191,58.0,94.0,0.17178897505548407,8.951464623514009e-145,V7D
-1.1707293429805048,578.0,753.0,0.07334835957867072,0.0,V7E
-2.0407554684001488,7.0,12.0,0.6892047785394692,0.0001813186442009675,V7F
-0.7586081602679959,689.0,1217.0,0.10283673559668308,0.0,V7G
-1.0788508790086622,246.0,332.0,0.08703581593324866,6.638408928285043e-117,V7H
-0.20452050784791784,865.0,2154.0,0.0708030999118628,8.673617379884035e-19,V7I
-2.5223506733530585,577.0,288.0,0.12935249678547067,0.0,V7K
-2.4836637465352314,815.0,434.0,0.06134231315684473,1.6149774937841284e-14,V7L
0.1185934209239881,336.0,1038.0,0.06447756962642848,5.0197925993301065e-50,V7M
-0.464458262589536,325.0,680.0,0.15202247015899847,0.0,V7N
-0.9525621140595985,405.0,597.0,0.06693128519675946,7.735553089143333e-28,V7P
-0.2602180295267608,361.0,837.0,0.12543390252218609,3.469446951953614e-18,V7Q
-2.725549688376787,534.0,246.0,0.12252545758619063,1.0408340855860843e-17,V7R
0.33625236160917565,2005.0,7415.0,0.03191579826250651,1.0842021724855044e-18,V7S
-0.5334991186516123,730.0,1440.0,0.0473567247472677,7.647663741471673e-140,V7T
-0.7236614390402848,417.0,734.0,0.1805239652959165,0.0,V7W
-2.0120769736857156,700.0,494.0,0.06074779888385344,2.003148613385193e-17,V7Y
-2.69301411114002,641.0,282.0,0.169469699229061,0.0,V7_
-0.12193864621347188,593.0,1563.0,0.15935091038284324,1.3877787807814457e-17,V80A
-0.40269219115496563,617.0,1347.0,0.06921801960115884,0.0,V80C
-2.226842018723177,614.0,372.0,0.19353382762804522,0.0,V80D
-1.0412944923155214,478.0,670.0,0.11759611178902209,6.938893903907228e-18,V80E
-0.7021505213574146,566.0,995.0,0.12335440677146485,0.0,V80F
-0.5321475284441608,364.0,734.0,0.06791618948610174,3.503524479446171e-07,V80G
-1.3901782770144147,325.0,358.0,0.2177612868238785,2.7755575615628914e-17,V80H
0.06377233680377653,250.0,737.0,0.07505214621600706,3.806188972475545e-68,V80I
-2.2609665408208746,311.0,185.0,0.09571118394200201,3.07925871447143e-310,V80K
-0.327838279799664,353.0,801.0,0.06574305122573451,1.1826583509670866e-28,V80L
-0.7964365443753593,837.0,1388.0,0.061228744718853416,0.0,V80M
-1.6755793538983792,1014.0,905.0,0.0535633071579206,3.028241719882363e-14,V80N
-2.6508466388844316,904.0,405.0,0.0760115370533529,0.0,V80P
-1.043934368803067,408.0,583.0,0.1418243386672189,0.0,V80Q
-2.7607732136131373,593.0,255.0,0.2752819437923319,2.7755575615628914e-17,V80R
-0.9266377219393032,601.0,912.0,0.05455932352164913,3.522813960649833e-115,V80S
-0.37785008096875566,659.0,1487.0,0.24035486521176969,0.0,V80T
-0.6260974144592447,355.0,670.0,0.1539351874908936,1.3877787807814457e-17,V80W
-0.9613213478238153,250.0,365.0,0.10216358350338878,0.0,V80Y
-2.6709386899613112,649.0,286.0,0.07294973886602162,2.5185537966212745e-31,V80_
0.09380648956436966,177.0,580.0,0.08809600866616463,5.194782275239353e-271,V87A
-0.13804277848610136,386.0,966.0,0.11895255248308753,0.0,V87C
-0.3353148012476658,374.0,858.0,0.06397688989993047,1.4263621443406016e-198,V87D
-0.31146633932715356,814.0,1869.0,0.04388225547558585,2.2420041234610687e-38,V87E
-0.0371333704607518,315.0,886.0,0.2462797604918365,0.0,V87F
-0.4119728222245716,508.0,1086.0,0.1350673438960556,0.0,V87G
-0.5471798765646602,397.0,774.0,0.22965773992533067,0.0,V87H
1.1769726418490731,1258.0,8043.0,0.031804679656115054,6.2260429222224535e-47,V87I
-0.24141682643197865,296.0,756.0,0.1975077551796855,0.0,V87K
-0.25947826698056836,535.0,1302.0,0.05327073844078872,8.960746292959178e-128,V87L
-0.40086373329128017,534.0,1166.0,0.05402229883544088,9.352493219698602e-20,V87M
-0.5467113450599258,567.0,1130.0,0.09465833713119752,0.0,V87N
-0.8179082672311501,809.0,1317.0,0.13191581160389612,0.0,V87P
-0.34986291813123976,618.0,1407.0,0.052843374202755526,1.3270476427809652e-09,V87Q
-0.5849786520481371,574.0,1119.0,0.05335761203270767,3.988592837612927e-150,V87R
-0.6113211741828519,774.0,1468.0,0.04640834433579283,6.3163881801118356e-58,V87S
-0.8993750282311441,486.0,753.0,0.06024253215370815,8.792346724330562e-79,V87T
-0.44524463699547623,338.0,738.0,0.11572471391141623,3.469446951953614e-18,V87W
-0.20930173703147556,629.0,1588.0,0.12018914343701904,1.0408340855860843e-17,V87Y
-2.9664112867389414,951.0,356.0,0.06797772191150504,8.80631341937041e-10,V87_
-0.1766384258848256,685.0,1689.0,0.047014178854219386,2.3522537647319768e-74,V93A
-0.14534557131927445,387.0,1038.0,0.0931383814176917,0.0,V93C
-0.3726308281176566,294.0,643.0,0.07251566529197648,5.068960865815644e-134,V93D
-0.5868582709429421,564.0,1091.0,0.07798722678830815,0.0,V93E
-0.42382975623915004,809.0,1737.0,0.04703703885105938,1.6359783041610364e-09,V93F
-0.36376086429398286,931.0,2074.0,0.07043279133173647,8.673617379884035e-19,V93G
0.11380109796467888,753.0,2349.0,0.04356614420783311,6.294031539401504e-211,V93H
-0.606547065635609,335.0,657.0,0.2713583829367182,0.0,V93I
-1.8255244065767788,313.0,254.0,0.3213122048487668,0.0,V93K
-0.12714107225438281,318.0,856.0,0.11997206955425671,0.0,V93L
-0.31715997173301336,606.0,1403.0,0.05066668652369956,1.9306241175124032e-07,V93M
0.09335037342777018,348.0,1055.0,0.08040410216406921,0.0,V93N
-0.8506573134445522,678.0,1083.0,0.11263176483284477,0.0,V93P
-0.7831300222313538,692.0,1174.0,0.13139995474067853,0.0,V93Q
-2.4178922219715204,604.0,329.0,0.11280333824120489,3.469446951953614e-18,V93R
-0.47787820841098977,550.0,1165.0,0.10999546103624123,3.469446951953614e-18,V93S
0.04888715288397239,454.0,1322.0,0.05621689924068511,1.4259627275193671e-137,V93T
-0.610360101539529,574.0,1108.0,0.05359325447193657,5.733366394600158e-19,V93W
-0.5671270653035907,631.0,1212.0,0.11844370395591562,0.0,V93Y
-2.738590448378561,611.0,263.0,0.2913609427722221,0.0,V93_
0.10540452867585015,331.0,1064.0,0.2617837489440328,0.0,V99A
-0.4860158058566901,132.0,269.0,0.13094785797570302,3.642919299551295e-17,V99C
-1.2975349825802291,502.0,591.0,0.12160442636209705,0.0,V99D
-0.8979651765599868,612.0,969.0,0.09137459394595132,0.0,V99E
-0.39419888832864336,428.0,940.0,0.06023602809715227,4.033782762636383e-93,V99F
-0.4132570354520361,746.0,1637.0,0.0479054443014183,7.724848313317781e-09,V99G
-1.0159644565761257,520.0,714.0,0.08083998265863351,0.0,V99H
-0.2585277248840435,514.0,1203.0,0.06658352422247242,0.0,V99I
-2.315378381438286,667.0,390.0,0.07937074175232087,0.0,V99K
-0.3376848807431486,609.0,1382.0,0.05035152536125581,5.648694532338628e-11,V99L
-0.13167311869096174,656.0,1656.0,0.10474014530392103,0.0,V99M
-1.1189335445363822,645.0,844.0,0.05450374101471148,7.049110980838989e-78,V99N
-1.940065574756329,670.0,497.0,0.06168282904023513,3.9347351506171985e-25,V99P
-0.8932060277091983,350.0,550.0,0.07094120161109713,1.884565961937406e-61,V99Q
-2.9776598342595313,639.0,236.0,0.09257576041245043,6.071532165918825e-18,V99R
-0.027249870921409465,314.0,911.0,0.067520062502484,5.794572787178628e-79,V99S
-0.5658772064229688,510.0,1008.0,0.05850401337339111,4.952835693444258e-08,V99T
-0.4263588981668101,616.0,1353.0,0.11015267447104894,1.0408340855860843e-17,V99W
-0.6304984729360859,1049.0,1958.0,0.04009213759821265,8.856129439419847e-98,V99Y
-2.8849430922853925,256.0,108.0,0.1368948823065997,5.898059818321144e-16,V99_
-0.447843057705764,795.0,1670.0,0.06989699100674597,0.0,W201A
-0.19235596633834215,631.0,1606.0,0.048856003051474375,1.431360877790867e-76,W201C
-1.4860424748434122,572.0,573.0,0.151455031149084,6.938893903907228e-18,W201D
-1.303203922345802,531.0,613.0,0.12127809235670545,0.0,W201E
-0.4261328003708178,887.0,1911.0,0.08180761673576982,0.0,W201F
-0.8766447591781112,454.0,718.0,0.061961895728081015,3.5221149292488045e-34,W201G
-0.5350125544642902,507.0,1027.0,0.14077050399486324,0.0,W201H
-0.39372529902330544,650.0,1456.0,0.12555263072565023,0.0,W201I
-0.5014026335179164,965.0,1971.0,0.1160495040470914,3.469446951953614e-18,W201K
-0.29252670299273986,381.0,906.0,0.09699879668246514,0.0,W201L
-0.25726973893107347,541.0,1316.0,0.17843895928196268,0.0,W201M
-0.6460418005339825,419.0,732.0,0.06331567240584651,7.252236548253022e-143,W201N
0.10460250069991214,1225.0,3750.0,0.09907985003214013,3.469446951953614e-18,W201P
-0.9564656741606609,904.0,1306.0,0.0717909739720777,8.673617379884035e-19,W201Q
-0.7972560196217152,457.0,753.0,0.061649171443371405,7.367245460760015e-38,W201R
0.40756366934205746,969.0,3708.0,0.2438023779373411,0.0,W201S
-0.372316389937598,849.0,1876.0,0.06733436442229812,0.0,W201T
-0.47966779092490575,730.0,1477.0,0.11186152796552712,6.938893903907228e-18,W201V
-0.2306518990496599,524.0,1261.0,0.2200640385848269,0.0,W201Y
-2.48389252587734,598.0,315.0,0.153628229501555,0.0,W201_
-0.04763414040378189,1266.0,3564.0,0.1239059183064487,0.0,W274A
-0.03488193941958595,709.0,1929.0,0.04565639221646788,7.513870555595084e-202,W274C
-0.9089075875161274,1031.0,1559.0,0.11433793226963852,0.0,W274D
-1.3376314815505397,994.0,1144.0,0.05810529932851938,1.734723475976807e-18,W274E
0.7486950638299574,1248.0,6206.0,0.10251832002050416,6.938893903907228e-18,W274F
-0.22781258800596524,652.0,1602.0,0.13465999550226287,0.0,W274G
0.36575153095193746,1616.0,5913.0,0.15069154614292576,0.0,W274H
-0.18972509589857026,462.0,1184.0,0.12895487689101137,0.0,W274I
-2.5461711862060046,379.0,188.0,0.2287983623094129,0.0,W274K
0.9080058931284448,940.0,5227.0,0.13849708686469994,6.938893903907228e-18,W274L
-0.18554217301621131,1141.0,2875.0,0.13581869370398375,6.938893903907228e-18,W274M
-0.1514528718473957,883.0,2241.0,0.075686421498349,3.469446951953614e-18,W274N
-2.6855250518274456,1017.0,456.0,0.11492711032577056,0.0,W274P
-1.2632987211251834,1179.0,1423.0,0.07102946516616211,3.469446951953614e-18,W274Q
-2.8470455281363694,1290.0,516.0,0.1673018582466644,0.0,W274R
-0.3732612387528976,1246.0,2735.0,0.046238990145250056,2.168404344971009e-19,W274S
-0.05300842089854529,803.0,2222.0,0.04298913455534486,5.006226000938092e-26,W274T
-0.03956409256978861,907.0,2530.0,0.040390889909876986,8.829513281009327e-109,W274V
0.09740058089659466,781.0,2360.0,0.13005382730700965,3.469446951953614e-18,W274Y
-2.597764880923285,819.0,412.0,0.1656272697764265,6.938893903907228e-18,W274_
-0.02703890027579715,1409.0,3982.0,0.032790005089172534,1.1370075306689547e-45,W293A
-0.06086466622906272,496.0,1385.0,0.06668862187100623,0.0,W293C
-0.27872861333499743,810.0,1922.0,0.043643013145511014,4.97643451035889e-93,W293D
1.29896612099901,1671.0,12030.0,0.15452164431498952,0.0,W293E
-1.31426550866005,1778.0,2072.0,0.15832619749017807,0.0,W293F
-0.4341175209452335,1200.0,2557.0,0.1468910506495301,6.938893903907228e-18,W293G
0.08248059609428825,892.0,2731.0,0.11026429933050601,0.0,W293H
0.01027388389756378,513.0,1503.0,0.2352651783057046,0.0,W293I
-0.1900438267663389,1190.0,3002.0,0.10904348185195166,0.0,W293K
-0.037117958414961676,377.0,1055.0,0.23352088459128306,0.0,W293L
0.0013272198531508747,630.0,1819.0,0.058566431440956,0.0,W293M
-0.042193921674746004,1063.0,3012.0,0.037352517190592245,8.581038134056043e-47,W293N
-0.47668666653577263,1318.0,2777.0,0.092489545836625,0.0,W293P
-0.15958949314094864,800.0,2043.0,0.04344220309227514,1.0867071420811898e-144,W293Q
-0.029928079681599613,873.0,2530.0,0.13566699411372202,0.0,W293R
-0.018087090106263994,719.0,2073.0,0.10313539852823661,0.0,W293S
-0.10718137490647114,1186.0,3106.0,0.03592424193839554,1.0217448039232918e-48,W293T
-0.07660637568275819,637.0,1671.0,0.0481892758543516,1.2390643550408059e-11,W293V
-0.07348992731764166,1138.0,3139.0,0.19478414205844877,2.7755575615628914e-17,W293Y
-2.6804510132742942,976.0,455.0,0.14837936795641118,0.0,W293_
0.0,20422.0,58812.0,0.011737864956667126,0.0,WT
-0.43629231127459694,371.0,815.0,0.12230992315320989,0.0,Y131A
-0.35739160420921046,622.0,1430.0,0.12164838381273477,0.0,Y131C
-1.8301965073566289,624.0,511.0,0.061960741762065036,1.7556198035065698e-240,Y131D
-1.0153536916079464,841.0,1237.0,0.15159318030060298,2.0816681711721685e-17,Y131E
-0.1176138426371372,371.0,1013.0,0.1114559489410535,0.0,Y131F
-1.0680095890511618,335.0,463.0,0.09640736609220646,1.734723475976807e-18,Y131G
-0.22447105260495165,473.0,1170.0,0.13591011488930566,0.0,Y131H
-0.3097767834736208,483.0,1134.0,0.05612171171963492,4.664571246071231e-36,Y131I
-0.16118889189833724,323.0,826.0,0.06753095082207805,4.8291500646728006e-83,Y131K
-1.628591158988767,1824.0,1707.0,0.03571850572067517,7.251657301955686e-28,Y131L
-0.3303420129650536,686.0,1586.0,0.04740282146271347,4.536865857550606e-11,Y131M
-0.5068120352840948,897.0,1832.0,0.12422489829670327,0.0,Y131N
-2.9470122041406,465.0,167.0,0.13225013483250198,0.0,Y131P
-0.7280459266424575,821.0,1431.0,0.0583913700687419,0.0,Y131Q
-0.32476601329724053,789.0,1790.0,0.09892352121175112,1.734723475976807e-18,Y131R
-0.9624654969006647,608.0,896.0,0.17173246749837592,2.7755575615628914e-17,Y131S
-0.561113233250213,542.0,1088.0,0.09624140396245524,0.0,Y131T
-0.4261613663958439,760.0,1664.0,0.04557452726797524,2.0167900739749035e-74,Y131V
-0.3308975938580321,663.0,1516.0,0.05228221223800171,2.7151564308512677e-11,Y131W
-2.7427328175741654,646.0,284.0,0.2746099726292791,0.0,Y131_
-0.3904670981858611,549.0,1205.0,0.05323640408877063,1.497043390416427e-11,Y160A
-0.1972182043659472,678.0,1693.0,0.04712932693994461,1.342959681005753e-21,Y160C
-0.4581856943005529,717.0,1488.0,0.06953255076237862,0.0,Y160D
-0.48467580467219373,840.0,1717.0,0.05713663030027306,4.336808689942018e-19,Y160E
0.2295345210744111,116.0,380.0,0.10815785663705363,9.796027755878918e-54,Y160F
-0.32494124773756194,343.0,772.0,0.06722176536421713,4.121452956742024e-20,Y160G
0.6555776883855157,2144.0,9929.0,0.03967869487443862,0.0,Y160H
-0.07670675430785882,804.0,2136.0,0.14732943005731944,0.0,Y160I
-0.26303180587391245,846.0,2058.0,0.07025110296735039,8.673617379884035e-19,Y160L
-0.07586031432648367,862.0,2382.0,0.041575671438987855,8.566601786767996e-15,Y160M
-0.2414601172600973,726.0,1738.0,0.08742636607871566,0.0,Y160N
-1.5058417507021584,1208.0,1209.0,0.05842243574098923,1.3010426069826053e-18,Y160P
-0.2169800834911673,704.0,1763.0,0.0462863746400489,2.0282783286956724e-34,Y160Q
-0.6402479217061718,1041.0,1950.0,0.04391887220904363,2.968739186773317e-12,Y160R
-0.4195977237241841,1388.0,3021.0,0.034194140045612414,1.9980968216984687e-21,Y160S
-0.05336495945224282,714.0,1937.0,0.13234651178834791,0.0,Y160T
-0.10577894948627592,1217.0,3216.0,0.14812276403225755,0.0,Y160V
-0.06870101431783586,811.0,2181.0,0.042902537862233865,7.070798226150858e-80,Y160W
-2.9440507037799653,1278.0,485.0,0.10377974685131888,0.0,Y160_
-0.9884130693945694,1523.0,2194.0,0.06354327417532944,8.673617379884035e-19,Y225A
-2.0137221510855356,701.0,491.0,0.06083156743531031,1.4191365600529895e-17,Y225C
-2.9366734513024935,546.0,204.0,0.2113561319517755,0.0,Y225E
-0.5404281384186127,580.0,1121.0,0.1356114690664302,1.0408340855860843e-17,Y225F
-2.095657899211752,799.0,539.0,0.12109698434369674,0.0,Y225G
-1.1668181364556638,512.0,655.0,0.17385459188097532,1.3877787807814457e-17,Y225H
-2.340448249917458,1059.0,602.0,0.10238214583648844,1.734723475976807e-18,Y225I
-2.7333828872795274,707.0,305.0,0.13818366046126937,0.0,Y225K
-2.1623815442781145,523.0,342.0,0.09265201863378075,0.0,Y225L
-1.509035787123254,1054.0,1093.0,0.045286334413569516,1.4592359023627999e-64,Y225M
-1.7848841638793547,766.0,649.0,0.055522458373141556,0.0,Y225N
-2.5071824175839224,644.0,326.0,0.36477540904032185,5.551115123125783e-17,Y225P
-1.4410219319453215,471.0,493.0,0.1981504688584577,0.0,Y225Q
-2.730351278427535,590.0,289.0,0.3798266645450668,5.551115123125783e-17,Y225R
-1.6144636564458388,505.0,478.0,0.09130639341259217,0.0,Y225S
-2.5395351445423437,782.0,381.0,0.06451401485595835,2.9591045102928407e-87,Y225T
-1.167590995746899,814.0,1026.0,0.22801399964648922,0.0,Y225V
-0.2801092741134055,507.0,1221.0,0.1716036245890105,0.0,Y225W
-2.7239769534887506,357.0,158.0,0.3128900282914584,0.0,Y225_
-2.2695449835629775,653.0,412.0,0.06963878892739378,1.5008395700278482e-09,Y228A
-1.8623565930843062,597.0,476.0,0.06385876060909706,3.901258279030574e-104,Y228C
-2.586586723416873,268.0,129.0,0.11101217283984272,2.00703804451251e-17,Y228D
-2.4785300374970327,914.0,477.0,0.11315110738520394,0.0,Y228E
-0.4321548459379888,421.0,859.0,0.0819579359689818,8.673617379884035e-19,Y228F
-2.4816434907522065,843.0,438.0,0.23630212956508773,0.0,Y228G
-1.1782079121322826,768.0,951.0,0.10251383537892748,3.469446951953614e-18,Y228H
-0.4188447870292384,732.0,1570.0,0.05445105739248364,2.927345865710862e-17,Y228I
-2.6974940095157844,865.0,384.0,0.15136626815395415,0.0,Y228K
-1.2607467673620558,864.0,1067.0,0.0816462920206451,0.0,Y228L
-0.31111718039756825,1001.0,2309.0,0.03958792077958775,4.842961694877522e-75,Y228M
-2.650866795451797,501.0,234.0,0.08178160860039316,1.0944926633515148e-96,Y228N
-2.600939819612229,765.0,366.0,0.11729935573272333,6.938893903907228e-18,Y228P
-2.6523424819974304,1123.0,509.0,0.14969511573085287,0.0,Y228Q
-2.5077116275778617,599.0,312.0,0.09280174529587784,2.6020852139652106e-18,Y228R
-2.5154847136717087,971.0,490.0,0.057305405629525276,1.876888362337665e-31,Y228S
-2.0100060588387554,417.0,295.0,0.18318353663888645,0.0,Y228T
-0.8809706771658495,1080.0,1721.0,0.04685584453897112,8.66277535815918e-16,Y228V
0.15316049282635244,402.0,1292.0,0.05891765411904674,5.6832127785499425e-152,Y228W
-2.9459583728706256,856.0,329.0,0.06687066807115953,4.088666344252887e-147,Y228_
0.03515028572839296,349.0,1038.0,0.12242644480936296,0.0,Y231A
0.286959121983266,959.0,3379.0,0.040980944458828654,7.66597900610233e-11,Y231C
-0.061007424618742215,536.0,1483.0,0.052289079224150006,2.756040548903528e-48,Y231D
-0.16062345572092365,712.0,1829.0,0.058863300938139004,0.0,Y231E
-0.3202151166644187,665.0,1586.0,0.04803272230752371,2.5319944107889237e-231,Y231F
1.0348350257391912,592.0,3396.0,0.045858933892516926,5.574236900428096e-19,Y231G
0.05324709226166506,996.0,2946.0,0.1276924198653864,0.0,Y231H
0.07904058289687795,1000.0,2978.0,0.07268671272193925,0.0,Y231I
0.11453072718230968,511.0,1638.0,0.11316972978376559,0.0,Y231K
-0.42758555571115986,730.0,1549.0,0.05918169625223023,1.3010426069826053e-18,Y231L
-0.06130286060037797,887.0,2466.0,0.04091995991247887,5.9007600875223335e-83,Y231M
-0.06673785622039659,730.0,1992.0,0.044990985561979856,1.1158872543640564e-205,Y231N
-2.558645369407469,322.0,161.0,0.30418943210114874,2.7755575615628914e-17,Y231P
-0.18800287999372356,861.0,2193.0,0.16119696697513386,6.938893903907228e-18,Y231Q
0.1126973504513521,750.0,2297.0,0.16244557226223802,0.0,Y231R
-0.001281314904416228,1148.0,3266.0,0.035987370739348164,5.864413863535706e-53,Y231S
-0.014007532062058306,588.0,1704.0,0.18306304358913886,0.0,Y231T
0.17993298484714104,465.0,1495.0,0.054835236151806736,3.137145185321502e-194,Y231V
-0.34180538496281165,910.0,2127.0,0.06013706857580279,2.168404344971009e-18,Y231W
-2.756936470090132,612.0,270.0,0.07508179617104077,3.2157807662889335e-36,Y231_
-0.7671835195422281,961.0,1599.0,0.06235538781334548,2.6020852139652106e-18,Y235A
-1.5268725286685838,727.0,720.0,0.2323959282022619,0.0,Y235C
-2.347746321398149,632.0,362.0,0.08156424858163604,0.0,Y235D
-2.2475919288029247,959.0,593.0,0.11789386258968683,0.0,Y235E
-0.031765167376376115,1326.0,3724.0,0.03930047932174206,3.664603343001005e-17,Y235F
-1.4440917484001146,1114.0,1150.0,0.13393210466502123,0.0,Y235G
-1.2784173275578323,665.0,790.0,0.05472084063064466,1.4178366303109424e-144,Y235H
-2.626374381929417,866.0,412.0,0.062086355182649426,2.6014636459596235e-68,Y235I
-2.764048317107866,626.0,275.0,0.07482879056280332,7.76755309811167e-55,Y235K
-0.890111763431263,1153.0,1768.0,0.03972367350795262,4.086638682449675e-99,Y235L
-0.5003994963982314,694.0,1386.0,0.04854226444152964,9.69727854191726e-12,Y235M
-1.4601885030078203,1524.0,1582.0,0.26177110421358546,0.0,Y235N
-2.2426800320625704,1513.0,901.0,0.09692563440091732,0.0,Y235P
-1.7319571438424852,1151.0,1008.0,0.0653935632984431,0.0,Y235Q
-2.5441762962252437,1171.0,574.0,0.10423812010737622,3.469446951953614e-18,Y235R
-1.2622890890180216,1259.0,1514.0,0.04006657631862718,2.0949109837612827e-103,Y235S
-1.1543555162910324,1128.0,1439.0,0.04177597150396676,1.7019877135091232e-84,Y235T
-2.651874180026106,1199.0,562.0,0.052975795244570495,7.227467256458294e-43,Y235V
-0.06614473162779617,842.0,2270.0,0.059323844201778726,4.336808689942018e-19,Y235W
-2.3702982970798594,1027.0,585.0,0.05372197201356792,2.5199268046910713e-40,Y235_
-0.2594002560844991,1094.0,2585.0,0.0377983105601217,2.1753541036205103e-66,Y257A
0.08501462738334946,1115.0,3382.0,0.0541707243280272,0.0,Y257C
-2.9676839630475857,2347.0,888.0,0.04115373419770936,1.6758566667569528e-54,Y257D
-0.44221762076698534,914.0,1891.0,0.0420173452874162,1.381541444719099e-23,Y257E
-0.034726668416413344,924.0,2624.0,0.15612837719131636,0.0,Y257F
-0.06108500614712818,1771.0,4896.0,0.029494455743047487,2.5599522165117933e-08,Y257G
0.10319166191463966,1387.0,4431.0,0.09644264745980757,0.0,Y257H
-0.37556787576488343,1260.0,2810.0,0.12358498804875531,0.0,Y257I
-0.45304372152010136,2049.0,4276.0,0.11142127849799636,0.0,Y257K
-0.48290662594960987,1672.0,3429.0,0.039134731310352396,2.168404344971009e-19,Y257L
-0.2874344681144065,940.0,2266.0,0.08871816764386059,1.734723475976807e-18,Y257M
-0.09443856416719598,1034.0,2797.0,0.03817833228170136,7.027044838026944e-60,Y257N
-1.5307487973806062,1452.0,1438.0,0.13388221242923465,0.0,Y257P
-0.02506265888885145,859.0,2385.0,0.12596614847427806,1.734723475976807e-17,Y257Q
-0.07286428462397435,993.0,2715.0,0.03888367091302631,1.4730858796308142e-28,Y257R
-0.18342649447215048,867.0,2215.0,0.041789223758482694,1.5106694830557063e-102,Y257S
-0.4189495418282017,1312.0,2830.0,0.1122912256185482,1.3877787807814457e-17,Y257T
-0.01908991775647857,880.0,2556.0,0.0407869962923407,1.2899874161202807e-167,Y257V
-0.2765380983838773,1173.0,2730.0,0.04747580318231545,6.505213034913027e-19,Y257W
-3.2782136571449487,398.0,120.0,0.13713088401648382,0.0,Y257_
0.1452217068356677,1152.0,3685.0,0.14880162738876093,6.938893903907228e-18,Y265A
0.22275940215235038,1086.0,3557.0,0.05174217564508409,4.336808689942018e-19,Y265C
0.18150878748762092,623.0,2103.0,0.07964189280905352,3.469446951953614e-18,Y265D
0.3249488344948221,1647.0,5955.0,0.02960412846839884,4.528712730132357e-29,Y265E
0.31530912666237115,645.0,2273.0,0.04976683509566391,2.3196279695224947e-10,Y265F
0.20596714703036118,748.0,2488.0,0.17159507671274316,3.469446951953614e-17,Y265G
0.05608162456523881,1326.0,3983.0,0.03342328108808938,2.513536804220263e-170,Y265H
0.11463679825130751,573.0,1832.0,0.04946615930852385,3.2773848122810734e-24,Y265I
0.1187467749892735,870.0,2685.0,0.04066135784108681,4.642995460771012e-128,Y265K
0.17232849724532792,691.0,2241.0,0.052010117279105775,5.069729358542219e-16,Y265L
0.16848936370502537,1086.0,3566.0,0.19158728744031464,0.0,Y265M
0.13297692959269847,1167.0,3735.0,0.11753544819696973,3.469446951953614e-18,Y265N
-0.013965973268653963,1153.0,3287.0,0.16229509253778038,0.0,Y265P
-0.8887935958690525,2881.0,4515.0,0.0500761210487291,4.336808689942018e-19,Y265Q
0.28740214348378024,924.0,3220.0,0.03893025987251668,6.360868415867715e-126,Y265R
0.2901749004535854,1161.0,4058.0,0.034946393180546056,5.890953563163053e-182,Y265S
0.33766455986099864,886.0,3256.0,0.12234593302137109,0.0,Y265T
0.03214691647337386,1316.0,3827.0,0.034081493442230965,1.610983957991589e-07,Y265V
-1.756888220526989,851.0,718.0,0.06905529738817177,0.0,Y265W
-2.747456666527806,1158.0,510.0,0.0668758200528408,1.3010426069826053e-18,Y265_
-2.6115432013001496,1586.0,750.0,0.06939156193155584,1.734723475976807e-18,Y278A
-2.4665756411841135,837.0,437.0,0.16321891199142208,0.0,Y278C
-2.5413376620746,1125.0,543.0,0.05420845590328362,9.04374211736186e-168,Y278D
-2.009858133481366,955.0,684.0,0.052280743893277595,3.040219327149316e-70,Y278E
-1.9170045075278974,917.0,698.0,0.052372709145339875,8.2281761530051e-147,Y278F
-2.509252112512278,842.0,414.0,0.06239222025677673,3.320788403722549e-13,Y278G
-2.379428434248557,1179.0,659.0,0.1538091057733863,6.938893903907228e-18,Y278H
-2.6717510046937676,920.0,412.0,0.06128804753391431,3.11177888046199e-146,Y278I
-2.1071356257603266,1231.0,815.0,0.09452791115445862,0.0,Y278K
-3.3852224841721132,3442.0,937.0,0.03854287514956919,1.3992182260599588e-143,Y278L
-2.597938181480875,1301.0,624.0,0.06798250928479846,0.0,Y278M
-2.7912231687296116,988.0,415.0,0.06039202515033611,1.319853075390911e-63,Y278N
-2.359677367559048,878.0,482.0,0.08066703167782054,1.734723475976807e-18,Y278P
-2.8035757537979555,5046.0,2091.0,0.15643502432500744,2.0816681711721685e-17,Y278Q
-2.4919784899432185,1043.0,523.0,0.14642658199382108,6.938893903907228e-18,Y278R
-2.576521913865755,1585.0,750.0,0.05740226589761155,0.0,Y278S
-2.3948366143185624,1145.0,614.0,0.05259432167381459,3.3990846251276104e-07,Y278T
-2.482138763993427,628.0,328.0,0.2774895757916243,0.0,Y278V
-0.9254514642368579,1458.0,2208.0,0.05912184150196221,4.336808689942018e-18,Y278W
-2.5695813917753654,1663.0,800.0,0.04483625690237517,3.893348731277525e-46,Y278_
-0.6116016607373527,1181.0,2224.0,0.09088181633202248,3.469446951953614e-18,Y292A
-2.145191775424465,1693.0,1094.0,0.040733558198746606,0.0,Y292C
-1.3939941803337674,796.0,865.0,0.17089100818785302,6.938893903907228e-18,Y292D
-0.8739039822464177,720.0,1152.0,0.04953609426825577,7.376656525687847e-182,Y292E
-0.12456438604708282,1253.0,3308.0,0.10429945908244004,1.3877787807814457e-17,Y292F
-0.5885845901139635,1206.0,2300.0,0.04337663933581452,7.296680620827445e-17,Y292G
-0.15688478426435884,750.0,1937.0,0.04470605816793456,1.5638916651508432e-56,Y292H
-2.063628944580708,1484.0,1008.0,0.13554645649339428,1.3877787807814457e-17,Y292I
-0.14127486801506878,637.0,1646.0,0.1536553192897725,0.0,Y292K
-2.568977193972098,1443.0,686.0,0.2227687424648978,1.3877787807814457e-17,Y292L
-1.7383781295119343,1109.0,945.0,0.05747211226189404,0.0,Y292M
-0.08715341816929047,1230.0,3354.0,0.2665890155048379,0.0,Y292N
-0.06561676033932475,1561.0,4267.0,0.03141144901147494,1.9640870223590166e-14,Y292P
-0.744390620056081,816.0,1415.0,0.08718949424041526,3.469446951953614e-18,Y292Q
1.0163264950632684,2588.0,15418.0,0.051628185947239405,0.0,Y292R
-0.7058656167090896,1473.0,2640.0,0.10794237683933323,0.0,Y292S
-0.8561334451577012,1085.0,1728.0,0.040575141110882104,2.0256978629311487e-46,Y292T
-1.938101361334797,1410.0,1087.0,0.04227265820232067,9.844886641866904e-40,Y292V
-0.041974220573560345,614.0,1682.0,0.04897214492738821,3.703505919651433e-66,Y292W
-2.54228030691836,1071.0,539.0,0.19943867877638374,4.163336342344337e-17,Y292_
0.038455932759655635,797.0,2315.0,0.07106120630664257,0.0,Y29A
0.19978711402946298,933.0,3108.0,0.09605781368544941,0.0,Y29C
-1.952926289152387,817.0,629.0,0.05517303589457654,3.9038755932683136e-175,Y29D
-1.2733119549335146,850.0,1017.0,0.13295910001441716,0.0,Y29E
-0.006502953962003859,1497.0,4239.0,0.031822365880171705,1.1437491230734334e-304,Y29F
-1.3460473993582436,256.0,293.0,0.08805279827045714,2.2787993260206996e-50,Y29G
-0.7793416330599735,775.0,1295.0,0.05095213696797963,1.7120802659701534e-10,Y29H
0.5206743996066145,292.0,1173.0,0.0729136384330792,2.0714079214910475e-10,Y29I
-0.5957549900616713,244.0,477.0,0.1312415722260687,0.0,Y29K
-0.8283304605143201,709.0,1169.0,0.06345043083327215,4.336808689942018e-19,Y29L
0.206537270294706,1017.0,3303.0,0.043130774635037304,3.3891075709724383e-15,Y29M
-0.018911923474283446,658.0,1909.0,0.0534213104804965,2.4422738137408473e-15,Y29N
-1.9862914047462348,1040.0,760.0,0.24298710866942647,0.0,Y29P
-0.16638081188831697,660.0,1573.0,0.194072510697464,2.7755575615628914e-17,Y29Q
-0.5748639576200376,867.0,1706.0,0.04360340228397191,9.96632686156296e-180,Y29R
-0.23230814411379372,330.0,828.0,0.1042581993580361,1.734723475976807e-18,Y29S
0.24720728503848344,786.0,2707.0,0.07765954138476322,5.204170427930421e-18,Y29T
-0.34667852541201866,920.0,2068.0,0.06683002726312574,8.673617379884035e-19,Y29W
-2.56893528151792,43.0,22.0,0.9343122528133866,0.0,Y29_
-1.319564607655036,1215.0,1379.0,0.04141676807899726,9.934178021343222e-27,Y316A
-0.9824400179535858,1203.0,1741.0,0.03933546864797757,8.329567992249441e-34,Y316C
-2.0017285658117974,1389.0,996.0,0.10582122681272879,6.938893903907228e-18,Y316D
-1.716881235036358,1496.0,1328.0,0.15413908423412553,6.938893903907228e-18,Y316E
-0.476107263695055,1782.0,3716.0,0.030747000884433245,4.890040188054045e-09,Y316F
-2.291602840488841,1120.0,652.0,0.18870960974491932,1.3877787807814457e-17,Y316G
-0.3917675605784171,346.0,739.0,0.19547986487986346,0.0,Y316H
-1.2413188302780789,1082.0,1332.0,0.0500784737902354,1.713039432527097e-17,Y316I
-1.9576753713139856,1871.0,1398.0,0.10407344935515397,0.0,Y316K
-0.8836842668238878,1082.0,1725.0,0.04069454287295698,9.487989109565214e-205,Y316L
-1.0636711865384134,1435.0,2011.0,0.036518293534734014,2.581262012260233e-124,Y316M
-1.067968363417719,1513.0,2072.0,0.11619664131627834,0.0,Y316N
-2.830475715892431,1115.0,452.0,0.057821563774297355,1.2485651100706096e-76,Y316P
-1.6508928383546158,1679.0,1543.0,0.05133643273456604,0.0,Y316Q
-1.7966436040370068,982.0,831.0,0.24252230072555936,0.0,Y316R
-1.5907985161866964,1489.0,1406.0,0.10343575358185987,6.938893903907228e-18,Y316S
-1.340679734560595,739.0,849.0,0.11087926404535826,1.0408340855860843e-17,Y316T
-0.4234424940119971,2571.0,5574.0,0.025827506315391952,5.403155774576284e-65,Y316V
-0.6971878067738513,629.0,1072.0,0.05203358573692811,1.7885015772463397e-16,Y316W
-2.4792845140281448,2268.0,1152.0,0.08687839669144336,0.0,Y316_
-0.7579575727687536,918.0,1532.0,0.04356509891366081,1.3169602318828794e-50,Y360A
-0.42121827969840053,1393.0,2939.0,0.05414485703114465,0.0,Y360C
-1.7820071100530688,1783.0,1457.0,0.03717137666414319,1.1733674189919723e-15,Y360D
-0.08384814988639817,660.0,1794.0,0.047241526265211206,1.5277002655105223e-105,Y360E
-0.13961987146191931,1144.0,3005.0,0.1906493634739306,1.3877787807814457e-17,Y360F
-0.6731922675525983,1088.0,2004.0,0.1175879724451682,0.0,Y360G
-0.37720159047053614,654.0,1427.0,0.08711971747622917,1.734723475976807e-18,Y360H
-0.16394202902290142,1662.0,4329.0,0.030686600864228624,7.33341224816736e-106,Y360I
-0.9677508619804046,1452.0,2115.0,0.12991281551036565,3.469446951953614e-18,Y360K
-0.06382770054348047,1004.0,2785.0,0.03848261736895299,3.3826980506834604e-40,Y360L
-0.21653435064966914,752.0,1855.0,0.04498321788563197,1.0665457498451777e-126,Y360M
-1.4104095390806346,935.0,1013.0,0.05709996997404566,0.0,Y360N
-2.801754738323713,1499.0,621.0,0.08697712049043398,1.734723475976807e-18,Y360P
-0.41573947336327627,937.0,1981.0,0.04141310192004118,2.5599219868093533e-72,Y360Q
-1.9122505630396682,1381.0,1061.0,0.042808184330706246,6.96359574963006e-269,Y360R
-0.9121114248758906,1128.0,1713.0,0.04037480771564428,2.6887386236953797e-11,Y360S
-0.598590872806501,1341.0,2497.0,0.03627416967832764,1.2044762213424276e-07,Y360T
-0.05883728681858775,1311.0,3611.0,0.1054274498764953,6.938893903907228e-18,Y360V
-0.34528523497983704,563.0,1286.0,0.3026234578836147,0.0,Y360W
-2.742636293308135,1268.0,555.0,0.09160823605670224,1.734723475976807e-18,Y360_
-0.6619160388885543,578.0,1066.0,0.17290613609488192,6.938893903907228e-18,Y9A
-0.7545343573749846,869.0,1480.0,0.04478112037648356,3.6618462449314495e-19,Y9C
-0.5192286423386208,320.0,639.0,0.07065062241241579,7.189783638248212e-159,Y9D
-0.9959084798066267,1430.0,2099.0,0.16773036443350076,3.469446951953614e-17,Y9E
-0.2342830734070721,850.0,2070.0,0.04254852794734015,2.015957877162752e-109,Y9F
-0.452431715760064,669.0,1366.0,0.048954679411663794,3.268269737061707e-35,Y9G
-0.42939566520611155,796.0,1730.0,0.13062367151661508,0.0,Y9H
-0.946988693487019,682.0,1056.0,0.12691957123492462,0.0,Y9I
-1.2865582526635868,893.0,1048.0,0.09091249369358972,0.0,Y9K
-1.502554482439369,364.0,365.0,0.3224667554336632,5.551115123125783e-17,Y9L
-0.04869364047203778,327.0,920.0,0.30564029960968286,0.0,Y9M
-0.18301120572208981,626.0,1600.0,0.1803291027275883,6.938893903907228e-18,Y9N
-1.4317134962456486,631.0,677.0,0.08519813248721757,0.0,Y9P
-1.4993524771996758,1339.0,1353.0,0.18874825223343375,0.0,Y9Q
-1.2282075136365147,616.0,765.0,0.16801968819524704,0.0,Y9R
-0.5238202897055689,683.0,1332.0,0.2854251265529784,0.0,Y9S
-0.6951341874304919,871.0,1572.0,0.044148898380222824,0.0,Y9T
-0.5592797307108625,943.0,1790.0,0.14926313100140795,0.0,Y9V
0.09941898887621092,734.0,2232.0,0.04415741137747807,6.725807936394525e-37,Y9W
-2.2491677166852213,868.0,526.0,0.05718243243065574,6.496593519387219e-20,Y9_
