mut,counts_input,counts_selected,f_score,SE
A105C,717.0,0.0,-17.571500435994352,10.000073573528818
A105D,525.0,0.0,-17.121852098360332,10.000099075555493
A105E,291.0,1.0,-9.612364442616856,0.9968009396229515
A105F,529.0,12.0,-6.902781754431617,0.2919435997705218
A105G,341.0,25.0,-5.211031900158344,0.20734817824759272
A105H,728.0,1.0,-10.935253980713386,0.9957657418830688
A105I,500.0,0.0,-17.051464144437386,10.00010383722601
A105K,498.0,3.0,-8.812062230960475,0.5781960746409585
A105L,541.0,0.0,-17.165162456934517,10.00009625903525
A105M,551.0,1.0,-10.53337421495787,0.9959872761726651
A105N,473.0,607.0,-1.081945216669256,0.06195429628420381
A105P,339.0,0.0,-16.49083502604752,10.00015132689477
A105Q,480.0,0.0,-16.99257165760514,10.000108003678411
A105R,1273.0,13.0,-8.054273796334595,0.2787943433649448
A105S,528.0,101.0,-3.8278619424836373,0.10895278209445262
A105T,636.0,0.0,-17.39855664515333,10.000082454541255
A105V,433.0,0.0,-16.843907539097174,10.000119309827683
A105W,593.0,0.0,-17.297563629256686,10.000088154986706
A105Y,947.0,0.0,-17.9728868559231,10.000056637357616
A105_,384.0,0.0,-16.67065107657834,10.00013404380927
A117C,605.0,16.0,-6.681708591810666,0.253358683376487
A117D,784.0,0.0,-17.700379251883327,10.000067614233245
A117E,991.0,1.0,-11.38019532849642,0.9955826820288763
A117F,497.0,0.0,-17.042782075502508,10.000104440817237
A117G,292.0,10870.0,3.7763968653536826,0.059944405848599926
A117H,663.0,0.0,-17.4585378262177,10.000079253094862
A117I,412.0,0.0,-16.772186549791204,10.000125195259146
A117K,700.0,1.0,-10.878671245025494,0.9957933300756974
A117L,460.0,0.0,-16.931172419702165,10.000112532421177
A117M,298.0,0.0,-16.304867938398168,10.000171617897154
A117N,1198.0,16.0,-7.667317648914841,0.25173890198711685
A117P,447.0,0.0,-16.889814302042165,10.000115693416761
A117Q,788.0,0.0,-17.707721133815927,10.000067290510112
A117R,279.0,0.0,-16.209824026565208,10.000183043136254
A117S,497.0,2.0,-9.391730384323578,0.7068247767753827
A117T,897.0,0.0,-17.894631264549382,10.000059580326264
A117V,370.0,31.0,-5.018553647297662,0.18715524840280745
A117W,530.0,0.0,-17.135526776017933,10.000098177125823
A117Y,1685.0,260.0,-4.137912954188277,0.06720319570100863
A117_,1786.0,0.0,-18.888175449061407,10.000031835078373
A126C,422.0,255.0,-2.1685181797510396,0.07979863559318326
A126D,407.0,0.0,-16.754571437046405,10.000126686067103
A126E,426.0,1.0,-10.162183009320351,0.996254569846739
A126F,332.0,0.0,-16.46073389152542,10.000154436446106
A126G,245.0,0.0,-16.02234782947575,10.00020791090686
A126H,685.0,0.0,-17.50563224509865,10.000076831105085
A126I,341.0,34.0,-4.767577951631471,0.18003437826017532
A126L,422.0,85.0,-3.7533675367939248,0.11920456936786923
A126M,285.0,11.0,-6.135920981641315,0.30726530143367814
A126N,299.0,1.0,-9.651489447472741,0.9967548218875427
A126P,476.0,92.0,-3.8129241258837663,0.1142189799229345
A126Q,437.0,4.0,-8.209715062447467,0.5017386083023484
A126R,590.0,177.0,-3.1787033569136014,0.08614569152302859
A126S,460.0,119.0,-3.3923772368357312,0.10321490360475497
A126T,417.0,701.0,-0.6924417720292775,0.0624606476399888
A126V,125.0,0.0,-15.051550701811998,10.000403799614931
A126W,275.0,0.0,-16.188991275259063,10.000185649612277
A126Y,441.0,0.0,-16.870318565522897,10.000117215192029
A126_,467.0,0.0,-16.952960638369355,10.000110903238665
A134C,384.0,0.0,-16.67065107657834,10.00013404380927
A134D,375.0,0.0,-16.636436262901068,10.000137168602189
A134E,733.0,0.0,-17.60334007622316,10.000072051398934
A134F,414.0,0.0,-16.779172810947784,10.000124609018417
A134G,330.0,1.0,-9.793805455026199,0.9965972187439959
A134H,627.0,1.0,-10.71978416552006,0.9958768378156749
A134I,568.0,0.0,-17.23542352500469,10.00009186596236
A134K,336.0,0.0,-16.47801136565525,10.00015264369516
A134L,362.0,0.0,-16.585536746149938,10.00014195648905
A134M,661.0,1.0,-10.795967810699974,0.9958356499039112
A134N,779.0,0.0,-17.69114904393946,10.000068023562164
A134P,755.0,0.0,-17.6460029487925,10.000070063808051
A134Q,497.0,0.0,-17.042782075502508,10.000104440817237
A134R,395.0,2.0,-9.060344681511319,0.7071922048435292
A134S,1948.0,0.0,-19.013436374258387,10.000029506940912
A134T,296.0,0.0,-16.295153110666007,10.000172751485316
A134V,620.0,0.0,-17.36179868052445,10.00008448326879
A134W,736.0,0.0,-17.609232563921662,10.000071773367102
A134Y,313.0,0.0,-16.37571594485267,10.000163577732648
A134_,707.0,1.0,-10.89302633394676,0.9957862282406749
A151C,329.0,214.0,-2.062248039888037,0.08825471909493204
A151D,491.0,0.0,-17.025259602969555,10.00010567012671
A151E,980.0,34.0,-6.290560375760605,0.17464337886955145
A151F,548.0,1.0,-10.525497932683386,0.9959922637359253
A151H,509.0,5.0,-8.108534402479048,0.44904586809120184
A151I,544.0,0.0,-17.173140367299034,10.000095749381863
A151K,605.0,1.0,-10.66825470157513,0.9959059546184287
A151L,159.0,0.0,-15.398624694131335,10.00031828033231
A151M,282.0,4.0,-7.5777950905984435,0.5029903850493422
A151N,507.0,253.0,-2.4446146115477037,0.07746970979106431
A151P,552.0,0.0,-17.194201598484177,10.000094417388583
A151Q,225.0,2.0,-8.248444624555878,0.7085432097161479
A151R,260.0,0.0,-16.10807430639522,10.000196138137712
A151S,447.0,559.0,-1.119227831157044,0.06405277889744501
A151T,512.0,263.0,-2.402849150176441,0.07636765647976504
A151V,429.0,27.0,-5.431240548016684,0.19857257613443172
A151W,342.0,1.0,-9.84533422174593,0.9965438757610434
A151Y,295.0,0.0,-16.290271054499982,10.00017332404316
A151_,256.0,0.0,-16.08570736033739,10.000199142653091
A162C,124.0,82.0,-2.0383795361476755,0.14259837320741123
A162D,407.0,0.0,-16.754571437046405,10.000126686067103
A162E,520.0,197.0,-2.8420653224368486,0.08411729736484583
A162F,401.0,0.0,-16.73314540960179,10.000128524109101
A162G,515.0,0.0,-17.094107641457565,10.000100924749274
A162H,723.0,0.0,-17.583522797264393,10.000072994835383
A162I,792.0,0.0,-17.715025841974104,10.000066970056857
A162K,517.0,0.0,-17.099699381334595,10.000100549187813
A162L,822.0,0.0,-17.768663140772503,10.000064666066619
A162M,590.0,1.0,-10.632035119911524,0.995927051409838
A162N,1211.0,1.0,-11.66943458631021,0.9954906138258103
A162P,368.0,1.0,-9.951040682605175,0.9964402253355423
A162Q,311.0,99.0,-3.093109635189202,0.11572430988486895
A162R,795.0,7.0,-8.267209569317412,0.37945749889624986
A162S,467.0,0.0,-16.952960638369355,10.000110903238665
A162T,829.0,20.0,-6.814391248483298,0.22640244226191744
A162V,427.0,0.0,-16.82377705215699,10.00012093231035
A162W,497.0,0.0,-17.042782075502508,10.000104440817237
A162Y,682.0,1.0,-10.84108860616654,0.9958122611029868
A162_,626.0,1.0,-10.717481416406427,0.9958781169270341
A164C,827.0,44.0,-5.673796313756172,0.15494540694973
A164D,688.0,8.0,-7.866278297708677,0.3554915014685115
A164E,618.0,4.0,-8.70967895200355,0.5010703051464918
A164F,528.0,194.0,-2.886229053263407,0.08441014341898824
A164G,646.0,421.0,-2.059496812699763,0.06324554884314192
A164H,752.0,100.0,-4.352402400647033,0.10679683961842569
A164I,1153.0,514.0,-2.607331509600932,0.05375479429780673
A164K,1007.0,52.0,-5.71693997816623,0.142467209618776
A164L,547.0,249.0,-2.5771583431560456,0.07694685452568473
A164M,1168.0,694.0,-2.192819086515064,0.04872221036591131
A164N,876.0,84.0,-4.824109183050914,0.11454990013788684
A164P,607.0,9.0,-7.515844184037734,0.3357260876997022
A164Q,618.0,120.0,-3.8062703734975676,0.10013756059971504
A164R,491.0,1.0,-10.367048120217763,0.996098601344946
A164S,721.0,26.0,-6.234675780962044,0.19977609933799143
A164T,717.0,20.0,-6.604994984088613,0.22681818375775464
A164V,818.0,1446.0,-0.6199076720201813,0.044618744872801396
A164W,610.0,43.0,-5.267883673213134,0.15800797312767761
A164Y,629.0,9.0,-7.5672068533746,0.3356402635094735
A164_,595.0,4.0,-8.654962684675127,0.5011327148848274
A169C,589.0,0.0,-17.28779932375908,10.000088727573686
A169D,253.0,14.0,-5.616460362818994,0.2746029782926732
A169E,943.0,18.0,-7.15219779984373,0.23803768176189025
A169F,611.0,1.0,-10.682491705066859,0.9958978058151928
A169G,441.0,426.0,-1.4917188898390448,0.06849584161047441
A169H,1127.0,22.0,-7.119992177585122,0.21540193258050674
A169I,443.0,48.0,-4.647727240171358,0.15219420044712725
A169K,344.0,0.0,-16.51195769906488,10.000149183264371
A169L,628.0,2.0,-9.729243036543782,0.7065278228384257
A169M,371.0,0.0,-16.620965268918535,10.000138606061444
A169N,508.0,3662.0,1.407912113039262,0.04814908686626244
A169P,612.0,1.0,-10.684850939359663,0.9958964632088795
A169Q,1223.0,3.0,-10.108251814244216,0.5771658026298118
A169R,749.0,0.0,-17.63449217610922,10.000070594298881
A169S,632.0,6260.0,1.866350854604827,0.042647308246560246
A169T,538.0,3.0,-8.923520507603676,0.5780669601646021
A169V,854.0,7.0,-8.370489525058531,0.37934297691057073
A169W,753.0,0.0,-17.642176220004416,10.000070239699006
A169Y,1039.0,0.0,-18.106644830419473,10.00005196236229
A169_,866.0,0.0,-17.843890880089642,10.000061575629356
A208C,854.0,270.0,-3.1030349400834147,0.07036553355277204
A208D,751.0,0.0,-17.63833931386951,10.00007041652678
A208E,451.0,0.0,-16.902666617867325,10.000114701394125
A208F,928.0,27.0,-6.5443696229806285,0.19539113232492367
A208G,728.0,1101.0,-0.8449974166884013,0.04856603515841701
A208H,400.0,0.0,-16.72954326286293,10.000128835810223
A208I,391.0,218.0,-2.2846060088644817,0.08497776299048748
A208K,595.0,0.0,-17.302421111130045,10.000087871580147
A208L,1314.0,13.0,-8.100006299140087,0.2787503817477924
A208M,542.0,90.0,-4.031957088612502,0.11415628056225159
A208N,415.0,0.0,-16.782653295714397,10.000124318016931
A208P,827.0,0.0,-17.777411970150716,10.000064298319444
A208Q,721.0,8.0,-7.933868032496325,0.35539792301847767
A208R,629.0,0.0,-17.38259014918814,10.0000833294101
A208S,724.0,63.0,-4.964151725520829,0.13163771663326626
A208T,638.0,262.0,-2.7257519775680414,0.07389734144899397
A208V,789.0,1165.0,-0.879567968257212,0.04693152556423469
A208W,1126.0,0.0,-18.222654930753322,10.000048244227703
A208Y,323.0,0.0,-16.42108602564668,10.000158632476092
A208_,494.0,0.0,-17.03404744180516,10.000105051739347
A215C,591.0,11.0,-7.188090983653262,0.3042948165732653
A215D,668.0,0.0,-17.469376895706567,10.000078688634387
A215E,411.0,0.0,-16.768680691486793,10.00012549051901
A215F,589.0,2.0,-9.636747632580153,0.7066024321761533
A215G,492.0,1117.0,-0.2589122582723542,0.05481351520548692
A215H,493.0,7947.0,2.5689285284249244,0.047233306193025605
A215I,1119.0,2.0,-10.562606528619952,0.7060332004768127
A215K,661.0,0.0,-17.454179293451766,10.000079481270065
A215L,520.0,0.0,-17.108046563060107,10.000099991262243
A215M,515.0,72.0,-4.280126089842889,0.12611687165360774
A215N,754.0,39.0,-5.714462570166722,0.16443080722151823
A215P,1009.0,5.0,-9.095708970269328,0.4479605609425334
A215Q,709.0,267.0,-2.850707017594516,0.0723352661380769
A215R,619.0,0.0,-17.359469912055594,10.000084613546457
A215S,821.0,13262.0,2.5719610270227875,0.03701635603097267
A215T,702.0,87.0,-4.454033274422523,0.11399214131341888
A215V,2438.0,501.0,-3.724587555315376,0.04982904811306043
A215W,1151.0,0.0,-18.254335658515696,10.00004727976243
A215Y,775.0,0.0,-17.6837221216244,10.000068354828036
A215_,449.0,0.0,-16.89625477183903,10.0001151951961
A220C,613.0,0.0,-17.345417804654346,10.000085404138318
A220D,541.0,0.0,-17.165162456934517,10.00009625903525
A220E,108.0,0.0,-14.840672085016632,10.00046674897234
A220F,796.0,0.0,-17.72229375090238,10.000066652824188
A220G,689.0,0.0,-17.51403211768547,10.000076407360433
A220H,666.0,0.0,-17.46505103515935,10.00007891340155
A220I,431.0,0.0,-16.837228538066604,10.000119845636103
A220K,477.0,0.0,-16.98352670703055,10.000108658780201
A220L,659.0,0.0,-17.449807553190716,10.000079710830219
A220M,357.0,0.0,-16.565471681251932,10.00014389082923
A220N,422.0,1.0,-10.148572898799632,0.9962657362857799
A220P,498.0,2.0,-9.394630216541248,0.7068219188168231
A220Q,686.0,0.0,-17.5077368027225,10.000076724705654
A220R,1008.0,0.0,-18.06294524204274,10.000053442304786
A220S,641.0,1.0,-10.75164257679732,0.9958593491389613
A220T,1065.0,1.0,-11.484090784893134,0.9955474692460361
A220V,706.0,0.0,-17.549195814063424,10.000074660012993
A220W,953.0,0.0,-17.981998548451465,10.000056304953205
A220Y,589.0,0.0,-17.28779932375908,10.000088727573686
A220_,171.0,0.0,-15.503587886713152,10.000296215940423
A243C,1356.0,2255.0,-0.7080288029400936,0.03546420735638176
A243D,2006.0,20.0,-8.089258636751037,0.22483396050596
A243E,2070.0,0.0,-19.10107302807413,10.000027994198579
A243F,927.0,4.0,-9.294633671302986,0.5005318080998963
A243G,674.0,0.0,-17.48227719215702,10.000078022336329
A243H,1120.0,13.0,-7.869541657538406,0.2789867295761896
A243I,749.0,0.0,-17.63449217610922,10.000070594298881
A243K,907.0,1.0,-11.252414170081838,0.9956296143040558
A243L,880.0,3.0,-9.633407437096654,0.5774418236031286
A243M,784.0,0.0,-17.700379251883327,10.000067614233245
A243N,791.0,2.0,-10.06215143821695,0.706295575261009
A243P,848.0,12.0,-7.58356803783349,0.29072319031962257
A243Q,538.0,0.0,-17.157140184363378,10.00009677437237
A243R,1102.0,0.0,-18.191572606281316,10.000049211283086
A243S,758.0,105.0,-4.293484976698538,0.10449373996422914
A243T,829.0,23.0,-6.612851432164949,0.21152403849603368
A243V,754.0,338.0,-2.5993125444805383,0.06604188073777578
A243W,814.0,0.0,-17.754553713846697,10.000065263858936
A243Y,622.0,1.0,-10.708233487809409,0.9958832744841246
A243_,1190.0,17.0,-7.570241562131738,0.24434825976924496
A252C,1000.0,436.0,-2.639376114195387,0.05805437691953313
A252D,843.0,0.0,-17.80505694082377,10.000063150843124
A252E,1094.0,2.0,-10.530009525056784,0.7060476623710786
A252F,1263.0,2141.0,-0.6803693441076182,0.036546189273794376
A252G,1179.0,74.0,-5.435506744668766,0.12015262018809034
A252H,965.0,1.0,-11.341839605696881,0.9955963358179694
A252I,1250.0,2.0,-10.7223232360477,0.7059668736651553
A252K,830.0,1.0,-11.124424431408762,0.9956809780064775
A252L,884.0,1.0,-11.215358402789995,0.995644019780927
A252M,451.0,26.0,-5.557815933924337,0.20184348463208168
A252N,507.0,0.0,-17.071521398409224,10.000102456624482
A252P,466.0,2.0,-9.298816418427243,0.7069194507229428
A252Q,1027.0,1.0,-11.431674037324521,0.9955649178009439
A252R,697.0,0.0,-17.53068655052056,10.000075574461786
A252S,1481.0,3.0,-10.384396996016742,0.5770423934252641
A252T,697.0,0.0,-17.53068655052056,10.000075574461786
A252V,679.0,4.0,-8.845481591146015,0.5009252302144467
A252W,1368.0,4.0,-9.85605564057183,0.5001843087438964
A252Y,1152.0,0.0,-18.255588530945428,10.000047242054508
A252_,822.0,1.0,-11.11045165802071,0.9956868661457149
A273C,992.0,6449.0,1.2588563212903425,0.03521238724990861
A273D,1004.0,0.0,-18.057208929514747,10.00005363992201
A273E,376.0,0.0,-16.64027822687939,10.000136814016004
A273F,1176.0,5348.0,0.7433070187380655,0.03337834097634548
A273G,832.0,29.0,-6.283773484086531,0.18907558289088322
A273H,1152.0,369.0,-3.08421623821349,0.06045491693622465
A273I,705.0,1739.0,-0.1392442138873342,0.045500051867549615
A273K,1134.0,2866.0,-0.10418453537177808,0.03615990702624465
A273L,1069.0,38976.0,3.7464443382661465,0.032216409697728765
A273M,1047.0,3548.0,0.3189400379402949,0.03624560872044326
A273N,638.0,1772.0,0.031940987401031684,0.046994677940834395
A273P,913.0,1.0,-11.261926375007056,0.9956259756846382
A273Q,1933.0,4487.0,-0.22688951813244085,0.028583015241681935
A273R,1057.0,853.0,-1.7511492822577406,0.04685274105015412
A273S,599.0,805.0,-1.0153681994669572,0.054666599553619855
A273T,636.0,1848.0,0.09705639280767464,0.04679978885444163
A273V,977.0,2091.0,-0.34404008874394876,0.039731147329464096
A273W,1106.0,56.0,-5.745331007650356,0.13724030351742847
A273Y,574.0,980.0,-0.670074216599561,0.05328529797843216
A273_,560.0,6.0,-7.983738604578225,0.4101851152609225
A289C,1534.0,28.0,-7.217016910352451,0.1908670131279465
A289D,602.0,21.0,-6.2824342010845315,0.2221132142658871
A289E,746.0,1.0,-10.970490682612457,0.9957490998276519
A289F,1257.0,112.0,-4.930091499686034,0.0989954959927205
A289G,763.0,21.0,-6.624348714392481,0.22132278867995292
A289H,831.0,3.0,-9.550753357020355,0.5774998388540296
A289I,739.0,1.0,-10.956889599685653,0.9957554754380067
A289K,1021.0,3.0,-9.847812610427795,0.5773059251900375
A289L,787.0,1.0,-11.047677680378367,0.9957140337907182
A289M,1385.0,398.0,-3.2408146251505405,0.05754399564706234
A289N,1033.0,100.0,-4.81043286919003,0.10508967713997364
A289P,953.0,0.0,-17.981998548451465,10.000056304953205
A289Q,961.0,49.0,-5.735198207884292,0.1467016236573824
A289R,843.0,0.0,-17.80505694082377,10.000063150843124
A289S,582.0,202.0,-2.9684120461276082,0.08212934204988279
A289T,588.0,15.0,-6.7336396248000066,0.26153336017253265
A289V,974.0,12.0,-7.783423344527764,0.29046071251876243
A289W,761.0,0.0,-17.657422607426902,10.00006954168225
A289Y,693.0,7.0,-8.069112732249664,0.37970136722970527
A289_,696.0,0.0,-17.528615230239858,10.000075677527027
A312C,575.0,243.0,-2.684366179799895,0.07701267742818838
A312D,910.0,0.0,-17.915389594953623,10.00005878404346
A312E,963.0,0.0,-17.997057975185605,10.000055760150422
A312F,1908.0,3.0,-10.749884346683775,0.5769114448427993
A312G,1939.0,10542.0,1.0009630003665393,0.02621795129334023
A312H,1136.0,0.0,-18.23541082539209,10.000047853347644
A312I,1072.0,0.0,-18.151753654534147,10.000050480993618
A312K,1038.0,0.0,-18.105255633250103,10.000052008722616
A312L,1636.0,11321.0,1.3489543852687036,0.02786341419457341
A312M,937.0,884.0,-1.525796571545361,0.04769935737361178
A312N,933.0,0.0,-17.951399739901262,10.000057429593847
A312P,1398.0,17.0,-7.802642545545177,0.24409228878651834
A312Q,1257.0,125.0,-4.771675532401684,0.09418967019888698
A312R,793.0,0.0,-17.71684625462796,10.000066890448664
A312S,1190.0,5357.0,0.7286594757992866,0.03322342051229313
A312T,879.0,3778.0,0.6618802207061245,0.03845943835482137
A312V,896.0,103.0,-4.562525251999234,0.10440617622433475
A312W,1194.0,0.0,-18.307250210250263,10.000045715356768
A312Y,800.0,22.0,-6.625581799621486,0.21624216369949917
A312_,974.0,54.0,-5.614432947281408,0.14006630074367843
A321C,978.0,45.0,-5.883326563137318,0.1526976253318911
A321D,1087.0,10.0,-8.204574244556769,0.31764264502721246
A321E,1032.0,1.0,-11.438680758369856,0.995562548542903
A321F,714.0,0.0,-17.56545147586352,10.0000738665227
A321G,1641.0,319.0,-3.8047052928296003,0.061813219310825056
A321H,841.0,0.0,-17.801630150835088,10.000063291889965
A321I,529.0,0.0,-17.132802190137248,10.000098355453105
A321K,953.0,0.0,-17.981998548451465,10.000056304953205
A321L,686.0,0.0,-17.5077368027225,10.000076724705654
A321M,1107.0,3.0,-9.96448386860153,0.577240022113311
A321N,917.0,2.0,-10.275392971263706,0.7061725948812727
A321P,355.0,0.0,-16.557366859279615,10.000144679821533
A321Q,1935.0,2.0,-11.35272462178492,0.7057662688931581
A321R,1227.0,0.0,-18.346582297683803,10.000044589129812
A321S,1393.0,620.0,-2.6096370413392536,0.04906671427291345
A321T,1123.0,0.0,-18.218806065301084,10.00004836284917
A321V,967.0,103.0,-4.672541227210904,0.10401300942941723
A321W,747.0,2.0,-9.97958306083068,0.7063482875165482
A321Y,1117.0,0.0,-18.211077392390138,10.00004860200362
A321_,1060.0,1.0,-11.47730168312816,0.9955496936512419
A328C,952.0,0.0,-17.98048392375104,10.000056360062972
A328D,2032.0,1.0,-12.416131310043088,0.9953230273458618
A328E,1172.0,1.0,-11.622208687465605,0.9955044149792625
A328F,621.0,0.0,-17.36412369600065,10.000084353410688
A328G,1152.0,63.0,-5.634223436630563,0.12967397606505932
A328I,24.0,0.0,-12.671214504618709,10.002086087816275
A328K,547.0,0.0,-17.18107440339531,10.000095245318697
A328L,1017.0,5.0,-9.107102362547511,0.44795185924995656
A328M,1445.0,0.0,-18.582514767565236,10.000038441527856
A328N,865.0,0.0,-17.842224007146083,10.000061642375057
A328P,919.0,1.0,-11.271376273146304,0.9956223845635618
A328Q,814.0,0.0,-17.754553713846697,10.000065263858936
A328R,1034.0,2.0,-10.448633737794813,0.706085222723019
A328S,1400.0,373.0,-3.3499457352603925,0.058923417988750726
A328T,1323.0,7.0,-9.001988623114281,0.3787954591080572
A328V,1161.0,15.0,-7.715107427668255,0.2599237698972953
A328W,1487.0,2.0,-10.97279794905527,0.7058765639588311
A328Y,1027.0,0.0,-18.089885520076315,10.00005252464481
A328_,1084.0,1.0,-11.509601873698548,0.9955392036065105
A347C,740.0,1089.0,-0.8843942861073799,0.048439587168030394
A347D,1023.0,0.0,-18.084255538430238,10.000052715003697
A347E,1104.0,35.0,-6.420637184343361,0.1718890684023111
A347F,946.0,2.0,-10.320310938718999,0.7061489250794187
A347G,2024.0,137174.0,4.6408521191875955,0.02404483348759634
A347H,1032.0,24.0,-6.867472552891233,0.2066279045690324
A347I,782.0,6.0,-8.465473071426915,0.40956672522218585
A347K,1127.0,2.0,-10.57288391629775,0.7060287081172222
A347L,811.0,0.0,-17.749226899358668,10.000065491071567
A347M,960.0,2.0,-10.34150493858768,0.7061380098313554
A347N,859.0,1.0,-11.173970639504791,0.9956605526002744
A347P,1512.0,1.0,-11.98969148923461,0.9954080452205386
A347Q,1445.0,0.0,-18.582514767565236,10.000038441527856
A347R,1263.0,0.0,-18.388301352668933,10.000043427639204
A347S,1526.0,0.0,-18.661199707062515,10.000036604883107
A347T,463.0,1.0,-10.282339066055071,0.9961604217036739
A347V,343.0,0.0,-16.507757832802614,10.000149606990911
A347W,1226.0,1.0,-11.687194554550269,0.9954855394402938
A347Y,1275.0,2.0,-10.750892161941158,0.7059557639728997
A347_,852.0,0.0,-17.82037755932987,10.000062524326834
A349C,1447.0,213.0,-4.205876642337163,0.07390866529263422
A349D,834.0,4.0,-9.142113451550742,0.5006519552499711
A349E,727.0,1461.0,-0.43487587719081766,0.04622499552985017
A349F,1290.0,77.0,-5.507987458816199,0.1176320945650564
A349G,1297.0,3064.0,-0.2015634134684774,0.03426615053042015
A349H,791.0,4139.0,0.9457230792174913,0.0397819744462772
A349I,767.0,59.0,-5.1420088401269695,0.13537665810472804
A349K,610.0,1743.0,0.07288123179886341,0.047852198105404954
A349L,955.0,139.0,-4.222121985986334,0.09120105167103691
A349M,875.0,209.0,-3.5075223520567,0.07748612428699427
A349N,710.0,2093.0,0.11787313890643247,0.04430583451928954
A349P,356.0,31.0,-4.962907151089228,0.18743896928904943
A349Q,1440.0,5187.0,0.40702950432897245,0.03104873939953157
A349R,1260.0,4356.0,0.3477772659944147,0.033166363695966504
A349S,744.0,281.0,-2.8464953576604577,0.07056525688006939
A349T,667.0,219.0,-3.0485064624384703,0.07837107088479883
A349V,1097.0,175.0,-4.089862228814504,0.08186771782880028
A349W,1047.0,146.0,-4.283930952350627,0.08877354327941123
A349Y,948.0,1697.0,-0.6017739325468252,0.0414838307572673
A349_,1129.0,0.0,-18.2264935554006,10.000048126236635
A357C,1302.0,639.0,-2.4686249319609335,0.0490892991854415
A357D,1309.0,0.0,-18.43991140941865,10.000042036481943
A357E,964.0,0.0,-17.99855530803155,10.0000557062918
A357F,1435.0,135.0,-4.85171743214795,0.09044619012482909
A357G,1079.0,10.0,-8.193917267420746,0.3176533813321742
A357H,1519.0,18.0,-7.839984192390768,0.23719154139677542
A357I,1435.0,43890.0,3.492965086913681,0.028221247049208382
A357K,631.0,0.0,-17.387170064594205,10.000083077466925
A357L,1741.0,481.0,-3.297580513485842,0.052250678451077455
A357M,318.0,346.0,-1.3200532153052622,0.07817570201807479
A357N,793.0,0.0,-17.71684625462796,10.000066890448664
A357P,1253.0,0.0,-18.376833219365835,10.000043743580784
A357Q,1533.0,28.0,-7.216076130643149,0.1908681270753388
A357R,1136.0,8.0,-8.589752392983382,0.354684386901188
A357S,978.0,3123.0,0.23322125084569434,0.03767603535509902
A357T,845.0,3193.0,0.47608193509790775,0.039666073171126526
A357V,590.0,320.0,-2.3244172344856304,0.06997559700142308
A357W,1337.0,219.0,-4.051736422397042,0.07342162090399362
A357Y,1138.0,74.0,-5.384444024853435,0.12027971488079767
A357_,1047.0,0.0,-18.117710512350286,10.000051594667747
A362C,1507.0,15.0,-8.091416019399968,0.2595430845487551
A362D,1433.0,1.0,-11.912272485293794,0.995426359425463
A362E,1334.0,2.0,-10.816153080933542,0.7059311954295343
A362F,503.0,0.0,-17.0600942774934,10.000103240834498
A362G,994.0,2.0,-10.391715870507984,0.7061127807997949
A362H,1306.0,0.0,-18.43660123433669,10.000042124222416
A362I,1055.0,0.0,-18.128691964527263,10.000051232549547
A362K,1257.0,29.0,-6.87909683762739,0.18799788837655507
A362L,1104.0,1.0,-11.53597704802007,0.9955308102210532
A362M,775.0,0.0,-17.6837221216244,10.000068354828036
A362N,655.0,0.0,-17.44102412829818,10.00008017415613
A362P,1186.0,9.0,-8.482168169220598,0.3345261572068946
A362Q,1459.0,12.0,-8.366404626587041,0.2898726242239508
A362R,1463.0,2.0,-10.949323230298996,0.7058843782375122
A362S,897.0,6.0,-8.663410083838198,0.40936653643967175
A362T,1625.0,12.0,-8.521863451356573,0.2897518297458304
A362V,1053.0,0.0,-18.125954427931283,10.000051322563264
A362W,746.0,0.0,-17.628702165364253,10.000070862744254
A362Y,697.0,1.0,-10.872475067768764,0.9957964173706271
A362_,844.0,1.0,-11.148555805560282,0.9956709422734085
A368C,1483.0,216.0,-4.221153134975728,0.07335199310827391
A368D,749.0,0.0,-17.63449217610922,10.000070594298881
A368E,883.0,0.0,-17.87193697228115,10.000060464082571
A368F,1790.0,5.0,-9.922736144845747,0.4474776528516746
A368G,618.0,19.0,-6.4645945618099185,0.2330209964448828
A368H,1189.0,4.0,-9.65373771308684,0.500294303110443
A368I,846.0,354.0,-2.6986794189357415,0.06390299983312722
A368K,313.0,13.0,-6.0303106981348735,0.2830822004607467
A368L,1994.0,167.0,-5.019461067136829,0.08103062821735563
A368M,1245.0,230.0,-3.8781836557570215,0.07230241185993593
A368N,966.0,7.0,-8.548274685642138,0.37916399305115583
A368P,1288.0,297.0,-3.558355199934266,0.06496211813745165
A368Q,1710.0,14548.0,1.6469503391845846,0.027024528246848378
A368R,816.0,0.0,-17.758094028112463,10.000065113311992
A368S,1306.0,73.0,-5.602722869759318,0.12057877131606803
A368T,1267.0,244.0,-3.8182105489881155,0.07045741800445805
A368V,892.0,487.0,-2.3149033040228124,0.0570193378947074
A368W,946.0,6.0,-8.740141449186742,0.40929600249868553
A368Y,728.0,1.0,-10.935253980713386,0.9957657418830688
A368_,1005.0,0.0,-18.058645147332427,10.00005359037023
A381C,1352.0,429.0,-3.097817457089688,0.05610154006633824
A381D,553.0,316.0,-2.2491301725439516,0.07106009912039198
A381E,1002.0,643.0,-2.0817786435754044,0.05128328285603863
A381F,631.0,15501.0,3.176760725037183,0.04154597652867551
A381G,967.0,238.0,-3.4643034356016713,0.07288631496633505
A381H,519.0,131.0,-3.4278802153440013,0.09816590836481588
A381I,495.0,161.0,-3.062102192695736,0.09114686429614627
A381K,357.0,261.0,-1.8936542202941533,0.08190914553156724
A381L,1143.0,285.0,-3.445548397508747,0.06678568039106456
A381M,943.0,310.0,-3.0467531329019435,0.06605249306416393
A381N,1086.0,439.0,-2.7485064962423706,0.05723154354473641
A381P,1829.0,19624.0,1.9816901897208803,0.025971083017265174
A381Q,784.0,252.0,-3.079185889941357,0.0729409743607133
A381R,1137.0,580.0,-2.412890079982546,0.051772610974678876
A381S,855.0,137.0,-4.0834549143643,0.09243976192100964
A381T,1601.0,403.0,-3.4318895931201965,0.056415680674320214
A381V,848.0,160.0,-3.8477140232546274,0.08663507417875241
A381W,780.0,51.0,-5.376435430487389,0.14478545977792126
A381Y,696.0,35.0,-5.755063883811356,0.17342671047290484
A381_,1565.0,99.0,-5.424248637185511,0.10399884015916554
A45C,404.0,40.0,-4.777753285400547,0.165969072785963
A45D,712.0,0.0,-17.561404699557922,10.000074063223623
A45E,445.0,0.0,-16.88334495176579,10.000116196115686
A45F,488.0,0.0,-17.016417906845973,10.000106296117002
A45G,789.0,2.0,-10.058499089989922,0.7062978438109033
A45H,263.0,1.0,-9.466413366985424,0.9969844241528696
A45I,843.0,2.0,-10.154005249644843,0.7062403688981734
A45K,934.0,0.0,-17.952945192203703,10.000057372217924
A45L,339.0,0.0,-16.49083502604752,10.00015132689477
A45M,448.0,5.0,-7.924371337680315,0.4493436176673573
A45N,642.0,1.0,-10.753891482243885,0.9958581291225633
A45P,1406.0,0.0,-18.54304214618797,10.000039401312193
A45Q,1496.0,1.0,-11.974343626950056,0.9954115982507912
A45R,748.0,0.0,-17.632564753288584,10.00007068354142
A45S,787.0,88.0,-4.602437421414074,0.11273762626044712
A45T,528.0,1.0,-10.471860966280644,0.99602696184747
A45V,812.0,1.0,-11.092793207667302,0.9956943894236524
A45W,1018.0,1.0,-11.418975541274296,0.9955692410999195
A45Y,791.0,1.0,-11.054991646644083,0.9957108072745441
A45_,432.0,1.0,-10.182360420906711,0.9962382076767212
A46C,878.0,2269.0,-0.07204112549237074,0.04069957415752997
A46D,291.0,8.0,-6.624917492959941,0.35826951921824574
A46E,519.0,18.0,-6.290687065939136,0.23985047205760593
A46F,349.0,449.0,-1.0783156142964962,0.07189690261793051
A46G,684.0,26.0,-6.158673928984506,0.19996378042381666
A46H,714.0,109.0,-4.153278610039734,0.1032027433455883
A46I,609.0,94.0,-4.137374601963552,0.11115741416062479
A46K,828.0,1.0,-11.120943904658482,0.9956824393777453
A46L,357.0,60.0,-4.014484466730413,0.13979172593880873
A46M,550.0,11.0,-7.084366291591137,0.3045019957352021
A46N,297.0,82.0,-3.2984345796512846,0.12504927120071876
A46P,503.0,0.0,-17.0600942774934,10.000103240834498
A46Q,698.0,860.0,-1.1406890864176207,0.05169348808142557
A46R,1228.0,0.0,-18.347757599816312,10.000044555946628
A46S,856.0,68.0,-5.095603669917807,0.12628826546624217
A46T,127.0,565.0,0.7115394947790419,0.09859042182826604
A46V,922.0,5.0,-8.965622800763928,0.4480649290446824
A46W,1013.0,16674.0,2.5990859682317238,0.03352500504856981
A46Y,677.0,0.0,-17.4886843396994,10.000077693616083
A46_,272.0,1.0,-9.514955403945438,0.9969213312149517
A48C,494.0,0.0,-17.03404744180516,10.000105051739347
A48D,256.0,0.0,-16.08570736033739,10.000199142653091
A48E,496.0,1.0,-10.381664920098457,0.9960882960801526
A48F,368.0,0.0,-16.60925216535697,10.000139704662418
A48G,372.0,61.0,-4.050018583536917,0.13840394032560863
A48H,2775.0,6.0,-10.292707080468343,0.4084440052747217
A48I,993.0,0.0,-18.0413154422692,10.000054191578442
A48K,576.0,1.0,-10.597389571425023,0.9959477326513493
A48L,280.0,0.0,-16.21498554701081,10.000182403152781
A48M,686.0,1.0,-10.849525319970708,0.9958079683858375
A48N,317.0,0.0,-16.394035546469173,10.000161562191074
A48P,1062.0,0.0,-18.13823264160228,10.0000509201714
A48Q,470.0,0.0,-16.96219864804064,10.000110219872962
A48R,465.0,0.0,-16.94676893752461,10.000111363714348
A48S,955.0,1.0,-11.326811553009597,0.995601785181655
A48T,521.0,0.0,-17.110818259059485,10.00009980671485
A48V,377.0,0.0,-16.644109986697128,10.00013646131085
A48W,514.0,3.0,-8.857683946321066,0.5781420209297176
A48Y,889.0,0.0,-17.881706843192188,10.000060081921568
A48_,726.0,1.0,-10.931285133102635,0.995767641921815
A62C,874.0,39.0,-5.9275286993528695,0.16387617177227715
A62D,748.0,0.0,-17.632564753288584,10.00007068354142
A62E,540.0,0.0,-17.162493319541305,10.000096430178086
A62F,340.0,0.0,-16.495084373883813,10.000150893125038
A62G,1059.0,4657.0,0.6948929512245257,0.035153996931255954
A62H,448.0,0.0,-16.893038130875524,10.000115443750397
A62I,373.0,3.0,-8.395101827291318,0.5787776794214322
A62K,401.0,2.0,-9.082093718422861,0.7071654237244777
A62L,63.0,0.0,-14.063159910703154,10.000797332815425
A62M,70.0,0.0,-14.215140107679563,10.00071799767709
A62N,983.0,0.0,-18.026713288879005,10.000054703797913
A62P,785.0,0.0,-17.70221822810572,10.000067532993178
A62Q,725.0,0.0,-17.587508090170022,10.000072804066063
A62R,496.0,1.0,-10.381664920098457,0.9960882960801526
A62S,564.0,955.0,-0.6819997186612516,0.05382307093436033
A62T,67.0,0.0,-14.151955508171206,10.000749968932364
A62V,753.0,1.0,-10.983964737252624,0.9957428427132764
A62W,311.0,0.0,-16.3664681644559,10.000164604945176
A62Y,357.0,1.0,-9.90726019850014,0.9964822362642328
A62_,424.0,1.0,-10.155394003399616,0.9962601267465838
A86C,694.0,2.0,-9.873411955525562,0.7064206498542037
A86D,408.0,0.0,-16.758111707873756,10.00012638498245
A86E,439.0,1.0,-10.205549515785066,0.9962196834249291
A86F,563.0,243.0,-2.653939680824392,0.07725295904436758
A86G,396.0,889.0,-0.2751320306716938,0.061047774726424635
A86H,382.0,0.0,-16.66311760059033,10.000134725483536
A86I,534.0,0.0,-17.146373954358673,10.000097470495461
A86K,335.0,0.0,-16.473711356389003,10.000153087869425
A86L,550.0,1.0,-10.53075356240371,0.9959889326511006
A86M,231.0,0.0,-15.937462500558063,10.00022027818567
A86N,455.0,0.0,-16.915405448483963,10.000113726813165
A86P,502.0,1.0,-10.399011816020792,0.9960762005960877
A86Q,261.0,40.0,-4.1474673640004704,0.17000534608123813
A86R,652.0,0.0,-17.434401287448964,10.00008052538126
A86S,264.0,109.0,-2.7179269062021483,0.1141840660444212
A86T,553.0,0.0,-17.196812764679763,10.000094253599114
A86V,241.0,61.0,-3.423770188678181,0.14358536256370777
A86W,269.0,0.0,-16.157166999508696,10.000189704662091
A86Y,821.0,15.0,-7.215198728625308,0.2606090157583699
A86_,558.0,0.0,-17.20979817251037,10.000093443457452
C72A,632.0,380.0,-2.1757048183476,0.06550235449223964
C72D,544.0,0.0,-17.173140367299034,10.000095749381863
C72E,398.0,224.0,-2.2710363584470583,0.08398441172150721
C72F,179.0,2.0,-7.91849568748542,0.7093486541952315
C72G,829.0,110.0,-4.3555496489562175,0.10184859394297247
C72H,1324.0,106445.0,4.887255674551627,0.029008121762522116
C72I,738.0,67.0,-4.902986869021348,0.12788641949190088
C72K,64.0,0.0,-14.085876409653967,10.000784936907538
C72L,780.0,10.0,-7.725773557048338,0.31821208344021745
C72M,783.0,183.0,-3.5389030668609767,0.08257178988137763
C72N,670.0,493.0,-1.8843605346623233,0.0599805531938188
C72P,513.0,7.0,-7.635223510195701,0.3803674899310835
C72Q,521.0,451.0,-1.649946457580449,0.06491063083760493
C72R,653.0,255.0,-2.79834607907896,0.07436114754949028
C72S,381.0,230.0,-2.169927093944114,0.08395853375093626
C72T,270.0,159.0,-2.205690157630988,0.10034577461524248
C72V,595.0,272.0,-2.571049040821107,0.0737141421519031
C72W,474.0,8670.0,2.7512494405466255,0.04797703154660924
C72Y,777.0,50.0,-5.399439472247417,0.14614985742342781
C72_,1357.0,3.0,-10.258246966286613,0.577095852669302
D118A,727.0,99.0,-4.318123875177931,0.10748154306587485
D118C,599.0,48.0,-5.082968063151281,0.150250492421205
D118E,437.0,277.0,-2.0995230511651135,0.07729845041668294
D118F,338.0,0.0,-16.486573125099035,10.00015176323109
D118G,767.0,974.0,-1.097103619281552,0.04906366040568665
D118H,625.0,35.0,-5.599835122219954,0.1738966283163198
D118I,444.0,7.0,-7.426828731268144,0.38076547792877685
D118K,302.0,23.0,-5.1560582478320764,0.21644239287229072
D118L,739.0,70.0,-4.841755791146178,0.12535402157358974
D118M,339.0,40.0,-4.524690112701919,0.1673926890796299
D118N,1045.0,203.0,-3.805688864828654,0.07719837863769252
D118P,508.0,2.0,-9.423312400985413,0.7067939574587458
D118Q,448.0,122.0,-3.3183263546922337,0.10249359901639499
D118R,586.0,13.0,-6.935027233026708,0.2804410840619919
D118S,377.0,27.0,-5.24483206218816,0.199380464271859
D118T,365.0,12.0,-6.367422749574853,0.2933946028492986
D118V,408.0,12.0,-6.528091272168122,0.2929021378092202
D118W,540.0,0.0,-17.162493319541305,10.000096430178086
D118Y,294.0,8.0,-6.63971398901604,0.35822058180098787
D118_,471.0,0.0,-16.9652648859186,10.000109994018851
D179A,265.0,464.0,-0.6336857187759186,0.0774942822424534
D179C,305.0,253.0,-1.7114569524530792,0.08548560861216287
D179E,489.0,168.0,-2.9831116790770533,0.08985415918426311
D179F,429.0,2093.0,0.8447012064412105,0.05371707458369247
D179G,513.0,187.0,-2.897666347139282,0.08586840323017865
D179H,503.0,413.0,-1.7262051846388138,0.06697817725801372
D179I,442.0,1762.0,0.5532763811539523,0.05391401695348575
D179K,701.0,230.0,-3.049533255328372,0.0764914736076144
D179L,755.0,2047.0,-0.0028443241608675507,0.04347181234437418
D179M,380.0,494.0,-1.0632919542365258,0.06879357179209884
D179N,852.0,1007.0,-1.200659074955733,0.047365908035273026
D179P,782.0,149.0,-3.8335727199797063,0.08981375353327141
D179Q,940.0,731.0,-1.8045797789635216,0.050085767578985634
D179R,572.0,319.0,-2.2842335362815964,0.07042524020797974
D179S,979.0,1010.0,-1.3968207406540918,0.04569818962216484
D179T,691.0,1135.0,-0.725868301898954,0.04904081838310189
D179V,784.0,644.0,-1.7255837820710065,0.0538986099662085
D179W,682.0,2197.0,0.24588182192399,0.04470138170056854
D179Y,627.0,456.0,-1.9012178066301493,0.062165911577265476
D179_,294.0,4.0,-7.637913994969829,0.5028464962199353
D239A,774.0,70.0,-4.908514110366561,0.12510971998359538
D239C,1333.0,2.0,-10.815071202951001,0.705931593733853
D239E,779.0,94.0,-4.492550532454416,0.10953374881465881
D239F,1107.0,0.0,-18.19810354536123,10.000049006355326
D239G,639.0,1.0,-10.74713422156874,0.9958618006226123
D239H,1240.0,13.0,-8.016381799309972,0.27883183322200145
D239I,986.0,6.0,-8.799888293551092,0.40924361312079355
D239K,1697.0,5.0,-9.845763563929388,0.447511860651573
D239L,690.0,0.0,-17.51612446630082,10.000076302191909
D239M,1599.0,1.0,-12.0704027693464,0.9953899698915634
D239N,1017.0,3.0,-9.842149478983018,0.5773092615085624
D239P,1095.0,0.0,-18.18237933588857,10.000049501326014
D239Q,1069.0,6.0,-8.916489458853267,0.4091473956014819
D239R,966.0,0.0,-18.00154531965276,10.000055598909075
D239S,628.0,446.0,-1.935506290967873,0.06253981794727732
D239T,1321.0,25.0,-7.164787336421762,0.20203415117133972
D239V,1133.0,13.0,-7.886190638616791,0.27896836890899707
D239W,397.0,1.0,-10.06047106002197,0.9963406211952062
D239Y,524.0,0.0,-17.119101539785866,10.000099257298851
D239_,1304.0,1.0,-11.776178741212156,0.9954610341381135
D260A,930.0,2268.0,-0.15568594913273603,0.039911999703956626
D260C,1071.0,921.0,-1.6594780411700274,0.04578490953049385
D260E,955.0,3204.0,0.304496089208528,0.037894770674292456
D260F,641.0,30.0,-5.8586264559508265,0.18697341867542955
D260G,670.0,1351.0,-0.4300109963286083,0.048057229527666764
D260H,862.0,1531.0,-0.6130876212923164,0.04347457014014951
D260I,829.0,529.0,-2.0898893266400806,0.056332732960041564
D260K,787.0,9.0,-7.890505867316624,0.33516446489707963
D260L,533.0,93.0,-3.9604996750753205,0.11271408431595405
D260M,1136.0,1085.0,-1.5080620116183132,0.04334420070214665
D260N,835.0,218.0,-3.3791939795004557,0.0765593319101714
D260P,881.0,3739.0,0.6436312134891655,0.038461755971774154
D260Q,953.0,460.0,-2.492620945137592,0.0574453481132652
D260R,1266.0,0.0,-18.391724091241777,10.00004333383
D260S,1091.0,1253.0,-1.2420612130510538,0.04232558814744683
D260T,458.0,647.0,-0.9433859039896921,0.06169055769999702
D260V,534.0,383.0,-1.9212795148729063,0.06753012140891865
D260W,1433.0,184.0,-4.40298741700523,0.07879793394606449
D260Y,987.0,498.0,-2.4286848061845143,0.05565921370116718
D260_,848.0,1.0,-11.155376990787328,0.9956681357658964
D290A,604.0,45.0,-5.1880497815843025,0.1547568482419188
D290C,792.0,169.0,-3.670204851872267,0.08518342138213887
D290E,290.0,102.0,-2.9491868779215134,0.11544657966233104
D290F,847.0,5.0,-8.843219405198761,0.4481720844833365
D290G,818.0,302.0,-2.879316976187779,0.06790009485869267
D290H,1001.0,751.0,-1.8563471799836746,0.04906451378713913
D290I,752.0,30.0,-6.08903143888929,0.18635662257399255
D290K,1068.0,900.0,-1.688707035320257,0.04608920576547488
D290L,461.0,1.0,-10.276093758404414,0.9961651246386601
D290M,2076.0,28119.0,2.317865687043157,0.024373175406059613
D290N,936.0,472.0,-2.429501334686959,0.0571293194253302
D290P,1269.0,15.0,-7.843430467093889,0.2597827226521191
D290Q,1134.0,1957.0,-0.6545770508723336,0.038335431819585104
D290R,745.0,121.0,-4.063928333298876,0.09840141775752863
D290S,831.0,372.0,-2.601319251293803,0.06299404763492737
D290T,1291.0,897.0,-1.96709901828552,0.044341824654356043
D290V,1300.0,2039.0,-0.7924486864134428,0.036557546920991356
D290W,1014.0,62.0,-5.473221996711342,0.13110839061836257
D290Y,1216.0,24.0,-7.10417069559583,0.20627280418442462
D290_,577.0,1.0,-10.599892035220298,0.9959462221524144
D307A,504.0,0.0,-17.062959554280564,10.000103043615043
D307C,620.0,0.0,-17.36179868052445,10.00008448326879
D307E,435.0,0.0,-16.85055576192114,10.000118778946096
D307F,1014.0,3.0,-9.837887494098243,0.5773117810083462
D307G,769.0,8.0,-8.026851122257884,0.35527610893125294
D307H,1112.0,2.0,-10.553553361525527,0.7060371842906428
D307I,1004.0,50.0,-5.769208039807174,0.14515096319788334
D307K,1092.0,1.0,-11.520209875763632,0.9955358093671856
D307L,1094.0,0.0,-18.18106121623571,10.00004954306371
D307M,697.0,1.0,-10.872475067768764,0.9957964173706271
D307N,1432.0,1.0,-11.911265375326343,0.9954266041996079
D307P,1148.0,0.0,-18.250570499813943,10.000047393280354
D307Q,715.0,1.0,-10.909259132488893,0.9957782820691378
D307R,958.0,0.0,-17.989547911267792,10.000056031130113
D307S,698.0,0.0,-17.532754901208005,10.000075471691853
D307T,1185.0,1.0,-11.63812304178717,0.9954997136804115
D307V,1202.0,0.0,-18.31688418927886,10.00004543665356
D307W,1256.0,2.0,-10.729231550255474,0.7059641670208922
D307Y,686.0,0.0,-17.5077368027225,10.000076724705654
D307_,804.0,0.0,-17.736720641198524,10.000066027828336
D323A,856.0,204.0,-3.510782596021672,0.07840106158208895
D323C,969.0,2459.0,-0.09830067363716477,0.03892870559967311
D323E,188.0,93.0,-2.4571464738555804,0.12707160742134818
D323F,1377.0,2.0,-10.86192263616918,0.7059146154111903
D323G,789.0,49.0,-5.4506903497590935,0.1474727281392253
D323H,1400.0,816.0,-2.2205732111989476,0.04490602511733282
D323I,834.0,0.0,-17.789571878005663,10.000063790881143
D323K,1698.0,61894.0,3.7460881177493737,0.026112767687379867
D323L,969.0,276.0,-3.253585832829568,0.06878832409118789
D323M,969.0,90.0,-4.8701491733464675,0.1105380164288835
D323N,1337.0,319.0,-3.5091315183742258,0.06292400841951852
D323P,877.0,414.0,-2.524722494297012,0.06026967520537775
D323Q,1429.0,72972.0,4.232460459329168,0.028111996586069662
D323R,854.0,28.0,-6.372033890994648,0.1922219470913913
D323S,914.0,168.0,-3.8854576608417704,0.08439728609449663
D323T,842.0,44.0,-5.6997289068785,0.15487588018917617
D323V,1419.0,14257.0,1.8869199716428582,0.029183092783310775
D323W,1171.0,443.0,-2.84413704236673,0.05646276970299962
D323Y,633.0,1.0,-10.733524004050391,0.995869247982331
D323_,1147.0,2.0,-10.598261568931491,0.7060177512591613
D32A,467.0,445.0,-1.5114105029918559,0.06682228360750266
D32C,395.0,15364.0,3.8397270046252863,0.051705550524232806
D32E,371.0,1.0,-9.96275378616674,0.9964291998639402
D32F,464.0,38.0,-5.051499783659115,0.16894018869570765
D32G,853.0,1866.0,-0.3124726584809494,0.04224946519537329
D32H,595.0,352.0,-2.1990923176456256,0.06781052801670015
D32I,571.0,0.0,-17.243023207417416,10.000091403488081
D32K,926.0,11.0,-7.835936215634814,0.3032873531664201
D32L,682.0,0.0,-17.499300088918332,10.00007715217548
D32M,264.0,0.0,-16.130099772025932,10.000193224663942
D32N,633.0,33.0,-5.703048063579648,0.17874674689146813
D32P,294.0,0.0,-16.28537242142475,10.00017390049579
D32Q,457.0,46.0,-4.75400118859173,0.1549171933407281
D32R,816.0,1.0,-11.099882545360671,0.9956913579922984
D32S,306.0,140.0,-2.569843742296774,0.10240610011098383
D32T,515.0,0.0,-17.094107641457565,10.000100924749274
D32V,566.0,1.0,-10.572123255329615,0.9959631310646606
D32W,997.0,0.0,-18.047115170850137,10.00005398956768
D32Y,893.0,62.0,-5.289898352646741,0.1316170004640309
D32_,674.0,1.0,-10.824065709405225,0.9958209993342412
D352A,1050.0,259.0,-3.461118179706645,0.06992869208687298
D352C,1756.0,5.0,-9.895069558282968,0.44748973903738115
D352E,908.0,87.0,-4.825249878968255,0.11256569906243807
D352F,1281.0,2.0,-10.757665337538146,0.7059531621456641
D352G,890.0,2.0,-10.23227705080342,0.7061960181094152
D352H,889.0,0.0,-17.881706843192188,10.000060081921568
D352I,1127.0,1.0,-11.565724124724884,0.9955215260232791
D352K,1314.0,0.0,-18.445411545857883,10.00004189113813
D352L,815.0,0.0,-17.7563249569525,10.000065188493105
D352M,935.0,1.0,-11.296277507997196,0.995613033502748
D352N,845.0,1.0,-11.150264127793838,0.9956702381563203
D352P,871.0,0.0,-17.852196478329724,10.000061244199756
D352Q,1068.0,0.0,-18.14636044616786,10.000050655677827
D352R,1713.0,0.0,-18.827968864260033,10.000033028098228
D352S,1547.0,0.0,-18.680917813341708,10.000036160111334
D352T,1071.0,0.0,-18.150407241392315,10.000050524542344
D352V,900.0,0.0,-17.899448227235897,10.000059394526971
D352W,1032.0,0.0,-18.09689224112165,10.000052288771307
D352Y,1106.0,0.0,-18.196799720597713,10.000049047192649
D352_,1379.0,0.0,-18.515068209532036,10.000040097579845
D39A,547.0,39.0,-5.25144612037075,0.16594989650508235
D39C,220.0,0.0,-15.867076295244647,10.000231099491893
D39E,527.0,1.0,-10.469126050406185,0.9960287658515383
D39F,384.0,0.0,-16.67065107657834,10.00013404380927
D39G,621.0,0.0,-17.36412369600065,10.000084353410688
D39H,960.0,1.0,-11.334345147014812,0.995599046312637
D39I,1141.0,0.0,-18.241746726524607,10.00004766047691
D39K,595.0,1.0,-10.644209628378253,0.9959199010087793
D39L,803.0,1.0,-11.076713667131,0.9957013205307729
D39M,715.0,1.0,-10.909259132488893,0.9957782820691378
D39N,528.0,7.0,-7.676801815021817,0.380294689918084
D39P,254.0,0.0,-16.074392490834477,10.000200680395437
D39Q,701.0,10.0,-7.571715961719255,0.318439018299432
D39R,1160.0,0.0,-18.265572533150557,10.000046942731595
D39S,993.0,0.0,-18.0413154422692,10.000054191578442
D39T,321.0,0.0,-16.41212543635602,10.000159596879108
D39V,481.0,0.0,-16.99557408328117,10.000107787127044
D39W,1049.0,0.0,-18.120463721725645,10.000051503620398
D39Y,568.0,0.0,-17.23542352500469,10.00009186596236
D39_,452.0,0.0,-16.90586188625701,10.000114456131815
D63A,1224.0,0.0,-18.34305063553171,10.000044689004689
D63C,890.0,1.0,-11.225117259230554,0.9956401900705085
D63E,675.0,1.0,-10.826204588450963,0.9958198957323959
D63F,724.0,2.0,-9.934465128656765,0.7063783897493023
D63G,1104.0,1.0,-11.53597704802007,0.9955308102210532
D63H,506.0,0.0,-17.068673092335295,10.000102651514648
D63I,1726.0,0.0,-18.838876113921703,10.000032808257211
D63K,895.0,0.0,-17.891410997722247,10.000059704884439
D63L,865.0,1.0,-11.184012524394287,0.995656497594376
D63M,921.0,0.0,-17.93272401661058,10.000058127823191
D63N,478.0,0.0,-16.98654799573268,10.000108439499291
D63P,664.0,0.0,-17.460712164681286,10.000079139522708
D63Q,598.0,90.0,-4.173807228846019,0.11339702298198107
D63R,1100.0,1.0,-11.530740447173091,0.9955324644868445
D63S,698.0,2.0,-9.881703210029077,0.7064148054393822
D63T,690.0,0.0,-17.51612446630082,10.000076302191909
D63V,259.0,0.0,-16.102514995285492,10.000196880566643
D63W,616.0,0.0,-17.35246096704186,10.000085006917283
D63Y,532.0,0.0,-17.140960559737174,10.00009782248242
D63_,1489.0,4.0,-9.978330307277412,0.5001249254606173
E152A,578.0,218.0,-2.8484949568641573,0.07996133270942668
E152C,332.0,1.0,-9.80252240877363,0.9965880606718643
E152D,627.0,2722.0,0.676317193125862,0.04515575019677677
E152F,800.0,54.0,-5.330514396561053,0.14086117092704345
E152G,416.0,318.0,-1.8293408919421932,0.07500092582558807
E152H,439.0,53.0,-4.491712173264088,0.1456674739136584
E152I,536.0,0.0,-17.151767112321966,10.000097121135209
E152K,371.0,0.0,-16.620965268918535,10.000138606061444
E152L,521.0,0.0,-17.110818259059485,10.00009980671485
E152M,492.0,0.0,-17.0281948342742,10.000105463159686
E152N,284.0,423.0,-0.8670447751372521,0.07721274758894447
E152P,330.0,0.0,-16.452016937777994,10.000155349118696
E152Q,421.0,78.0,-3.873918339428993,0.12357550392524362
E152R,1020.0,0.0,-18.08001858702157,10.000052858752639
E152S,371.0,104.0,-3.276530646994545,0.11129510586079085
E152T,644.0,602.0,-1.5390904548313298,0.05736434603752909
E152V,391.0,0.0,-16.69671270056992,10.000131712865082
E152W,869.0,1.0,-11.19066849191423,0.9956538253563239
E152Y,325.0,8.0,-6.784332871603849,0.35776747864430175
E152_,866.0,12.0,-7.613870444384008,0.2906810332473635
E192A,411.0,10.0,-6.801454432650802,0.32001550904316717
E192C,833.0,3.0,-9.554221333933103,0.5774973373995262
E192D,1228.0,79.0,-5.399938053796286,0.11639478794763358
E192F,729.0,0.0,-17.59544580040965,10.000072425667604
E192G,366.0,19.0,-5.708847445157312,0.23539934956884617
E192H,498.0,21.0,-6.008821461047131,0.2228927315635641
E192I,801.0,0.0,-17.73132744963334,10.000066260738798
E192K,105.0,0.0,-14.800033916814424,10.000479973375391
E192L,741.0,5.0,-8.650333414710973,0.44836046118950346
E192M,570.0,0.0,-17.240494425432416,10.00009155710528
E192N,1110.0,11.0,-8.097409211030193,0.30299209466674065
E192P,1015.0,171.0,-4.011136161584922,0.08312411515749177
E192Q,857.0,104.0,-4.484384612501163,0.10420222155814679
E192R,1196.0,174.0,-4.222782146229189,0.08160701485240145
E192S,297.0,0.0,-16.300018701736633,10.000172182782919
E192T,922.0,8062.0,1.6864904531657325,0.035852765344409884
E192V,351.0,0.0,-16.541019328304902,10.000146284779273
E192W,906.0,1.0,-11.250822687155903,0.9956302254247618
E192Y,733.0,768.0,-1.3745026007578973,0.05237460786884889
E192_,643.0,2.0,-9.76329667907444,0.7065015349448592
E222A,654.0,0.0,-17.43881989104965,10.000080290873154
E222C,784.0,1.0,-11.042167769131535,0.9957164752767593
E222D,630.0,0.0,-17.384881924289836,10.00008320323856
E222F,1012.0,0.0,-18.068658836666742,10.000053246249736
E222G,907.0,0.0,-17.91062565283363,10.000058965775064
E222H,1102.0,1.0,-11.533361123529524,0.9955316358531574
E222I,763.0,5.0,-8.692542367870319,0.448317066948547
E222K,711.0,1.0,-10.901165563957438,0.9957822328110466
E222L,752.0,0.0,-17.64025904248758,10.000070327995324
E222M,826.0,0.0,-17.775666443518393,10.000064371512712
E222N,830.0,1.0,-11.124424431408762,0.9956809780064775
E222P,857.0,0.0,-17.828819234425154,10.00006218194815
E222Q,789.0,0.0,-17.70955078116885,10.00006721009219
E222R,975.0,2.0,-10.363872520417395,0.7061266625888418
E222S,780.0,0.0,-17.69299981588433,10.000067941276562
E222T,678.0,4.0,-8.843355321375437,0.5009273983373058
E222V,515.0,4.0,-8.446649215002644,0.5013931229831133
E222W,854.0,1.0,-11.16554867631736,0.9956639752841234
E222Y,1065.0,0.0,-18.14230226764493,10.000050787552091
E222_,615.0,1.0,-10.691905581903058,0.9958924615759729
E268A,1060.0,52.0,-5.790939843283754,0.14229284713248616
E268C,648.0,109.0,-4.013350406864429,0.10389153809297419
E268D,615.0,803.0,-1.0569867311603494,0.05429640528652578
E268F,695.0,124.0,-3.9283720899818446,0.0978748657068235
E268G,348.0,32.0,-4.884328996624582,0.18490676941223433
E268H,1098.0,94.0,-4.987727972922435,0.10781790240182601
E268I,858.0,9861.0,2.0808742364145307,0.03665640972320272
E268K,492.0,6.0,-7.796973653563014,0.41048584067875216
E268L,680.0,25.0,-6.206773816067293,0.20379246381628666
E268M,845.0,67.0,-5.098314918762718,0.12721383198539365
E268N,904.0,161.0,-3.9309832540116547,0.08598704620981903
E268P,1116.0,94.0,-5.011186733824159,0.10774976045922345
E268Q,741.0,93.0,-4.4358300868640494,0.11035323669106373
E268R,1163.0,3.0,-10.035679115767664,0.5772023447261833
E268S,788.0,44.0,-5.60410547742138,0.1551384006038593
E268T,702.0,390.0,-2.2897752823019912,0.06375980907964704
E268V,920.0,231.0,-3.435489054320234,0.07411178680217817
E268W,867.0,14.0,-7.393314588939281,0.2694582935694621
E268Y,864.0,2.0,-10.189503514910196,0.70621995661702
E268_,991.0,0.0,-18.038406811248212,10.000054293195353
E356A,826.0,0.0,-17.775666443518393,10.000064371512712
E356C,1398.0,0.0,-18.53480997120856,10.000039604809933
E356D,1091.0,22.0,-7.073156186137039,0.21546988390280483
E356F,1130.0,26.0,-6.882920146678836,0.19851572852520072
E356G,1038.0,258.0,-3.450116270723349,0.07011416350451251
E356H,1163.0,0.0,-18.269298792527366,10.000046831547147
E356I,828.0,0.0,-17.779155387410277,10.000064225302967
E356K,985.0,7.0,-8.576374933071946,0.37913766071830723
E356L,1660.0,4.0,-10.135168796850188,0.5000557568058291
E356M,1300.0,21.0,-7.393097565017265,0.22009634896696978
E356N,830.0,0.0,-17.782635914160558,10.000064079797836
E356P,2080.0,1.0,-12.449814272456855,0.9953173223258684
E356Q,752.0,2.0,-9.989207351308648,0.7063419870455381
E356R,1331.0,0.0,-18.463956701215565,10.00004140513717
E356S,1154.0,3.0,-10.024471339684759,0.577208153563593
E356T,1316.0,0.0,-18.44760574258488,10.000041833309844
E356V,707.0,1.0,-10.89302633394676,0.9957862282406749
E356W,1093.0,0.0,-18.17974189118022,10.000049584877779
E356Y,828.0,0.0,-17.779155387410277,10.000064225302967
E356_,743.0,0.0,-17.622888823731657,10.000071133357386
E376A,938.0,591.0,-2.108215578311216,0.05324378615968324
E376C,1065.0,100.0,-4.854445625804384,0.10495119685447664
E376D,1647.0,268.0,-4.061285394262805,0.06644667197258476
E376F,578.0,0.0,-17.260601648569594,10.000090343050692
E376G,596.0,12.0,-7.0748232970091065,0.29157943379156837
E376H,647.0,7.0,-7.970024572195782,0.37983643693195307
E376I,1233.0,10.0,-8.386393532372121,0.3174711303916054
E376K,1127.0,25.0,-6.935646265295709,0.20235638184196075
E376L,1298.0,12089.0,1.7775278838824922,0.030494674131142308
E376M,1625.0,130.0,-5.085548911985531,0.09156359621501911
E376N,1083.0,20.0,-7.199976403087951,0.2257767931023849
E376P,1473.0,0.0,-18.610202515429304,10.000037783794552
E376Q,908.0,68.0,-5.180684205616402,0.12602311216468048
E376R,1983.0,6.0,-9.807906062977722,0.4086201540241834
E376S,578.0,1172.0,-0.4219762947404888,0.05157619815736705
E376T,835.0,55.0,-5.365822483560566,0.13947364893488767
E376V,689.0,0.0,-17.51403211768547,10.000076407360433
E376W,967.0,4.0,-9.355579578394671,0.5004872319793797
E376Y,1447.0,3.0,-10.35089050614966,0.5770561403800526
E376_,1363.0,1.0,-11.840019954880765,0.9954443608434977
E385A,1086.0,1326.0,-1.1537405484915535,0.041853784314195105
E385C,556.0,106.0,-3.8327052851816132,0.10634094440365216
E385D,1169.0,698.0,-2.185762477097118,0.04862986951036481
E385F,1344.0,314.0,-3.5394562796032583,0.06328861935301172
E385G,796.0,531.0,-2.025842341181197,0.05671212068425512
E385H,1631.0,349.0,-3.6662201649520005,0.059625160304336365
E385I,1734.0,91572.0,4.280927749893168,0.025776221832426394
E385K,683.0,853.0,-1.1211388630295902,0.052088596713175235
E385L,901.0,129.0,-4.245855036352999,0.09454098583410295
E385M,363.0,285.0,-1.7907915684589906,0.07962530482982381
E385N,1146.0,771.0,-2.013592972260611,0.047396076580871194
E385P,1500.0,487.0,-3.0647436338000684,0.05288481304682016
E385Q,1068.0,55020.0,4.24516452502325,0.032113724919954914
E385R,1051.0,750.0,-1.9285894759758353,0.048596055295786436
E385S,933.0,115.0,-4.461928052893587,0.09921437028513654
E385T,804.0,256.0,-3.092808097249426,0.07229563157226157
E385V,945.0,246.0,-3.3834074517429906,0.07211005875431185
E385W,817.0,89.0,-4.640109220445242,0.11196188306496158
E385Y,947.0,179.0,-3.8451342936470425,0.08196969230266539
E385_,933.0,265.0,-3.2576405603808496,0.07015723545499684
E82A,1206.0,2.0,-10.670625469480024,0.7059875449562786
E82C,500.0,0.0,-17.051464144437386,10.00010383722601
E82D,464.0,25.0,-5.655373751340112,0.20546514951716438
E82F,593.0,1.0,-10.639352146504894,0.9959227467059825
E82G,402.0,1.0,-10.078527102080132,0.996324899575176
E82H,489.0,0.0,-17.01937116377966,10.000106086600164
E82I,341.0,0.0,-16.499321242339313,10.000150461899318
E82K,298.0,0.0,-16.304867938398168,10.000171617897154
E82L,735.0,1.0,-10.949059591505382,0.9957591731486485
E82M,602.0,0.0,-17.319294647757577,10.000086894486298
E82N,701.0,0.0,-17.53894222055525,10.000075165141281
E82P,402.0,2.0,-9.085686893652998,0.7071610378290364
E82Q,779.0,2.0,-10.040097352760533,0.7063093611735791
E82R,825.0,0.0,-17.77391880240283,10.000064444883417
E82S,479.0,3.0,-8.755943293719488,0.5782649462069905
E82T,352.0,0.0,-16.54512360987271,10.000145880120305
E82V,323.0,0.0,-16.42108602564668,10.000158632476092
E82W,437.0,0.0,-16.857173488902387,10.000118252923697
E82Y,694.0,62.0,-4.926178472557886,0.1328312009667197
E82_,928.0,0.0,-17.943647547489597,10.000057718328263
F10A,498.0,9494.0,2.8109761360692755,0.04679868245913981
F10C,349.0,2865.0,1.5954050792477545,0.0573679495624625
F10D,357.0,120.0,-3.0146046762910297,0.10587953643613457
F10E,4.0,0.0,-10.089253242843212,10.012464899009887
F10H,552.0,0.0,-17.194201598484177,10.000094417388583
F10I,406.0,2241.0,1.0227671037284312,0.05464445255081631
F10K,341.0,569.0,-0.7031548555591742,0.0690412846274174
F10L,335.0,60.0,-3.9227241418674836,0.14044810492189574
F10M,111.0,5159.0,4.096537878202198,0.09632667543444802
F10N,1211.0,7477.0,1.1844558679266188,0.03219154571359926
F10P,583.0,1523.0,-0.05646193625736995,0.04948359580539051
F10Q,557.0,0.0,-17.207210424438244,10.000093604322233
F10R,861.0,0.0,-17.835537189502517,10.000061910908258
F10S,621.0,4814.0,1.5127559171192457,0.043529327577141196
F10T,196.0,978.0,0.8771271408441743,0.07874681108231239
F10V,751.0,8454.0,2.0509369794585854,0.03907201755097872
F10W,877.0,3990.0,0.7439323478004423,0.03831003906881376
F10Y,968.0,91.0,-4.852719788055253,0.10998929956543196
F10_,1194.0,0.0,-18.307250210250263,10.000045715356768
F129A,732.0,0.0,-17.601370553261084,10.000072144582635
F129C,475.0,0.0,-16.977465081588797,10.000109100111812
F129D,624.0,33.0,-5.682388921730308,0.17881046969010186
F129E,498.0,0.0,-17.045681907720176,10.000104238812161
F129G,503.0,1.0,-10.401882794741603,0.9960742127219354
F129H,456.0,1.0,-10.260361175278202,0.996177062357903
F129I,242.0,0.0,-16.004573857703477,10.000210440583748
F129K,540.0,0.0,-17.162493319541305,10.000096430178086
F129L,712.0,0.0,-17.561404699557922,10.000074063223623
F129M,510.0,0.0,-17.0800327308826,10.000101876539523
F129N,691.0,4.0,-8.870755358310564,0.5008997015022107
F129P,663.0,2.0,-9.807486135038772,0.7064683333237457
F129Q,167.0,0.0,-15.469441684975282,10.00030321843847
F129R,611.0,0.0,-17.340703187818654,10.000085671119349
F129S,209.0,0.0,-15.793079165063409,10.000243059814858
F129T,461.0,0.0,-16.93430524115621,10.000112296651741
F129V,360.0,0.0,-16.577544176798355,10.000142723777545
F129W,453.0,24.0,-5.679630405199968,0.20960335130176067
F129Y,457.0,37.0,-5.068033509394755,0.17112760042544814
F129_,330.0,1.0,-9.793805455026199,0.9965972187439959
F13A,635.0,1.0,-10.738075024498801,0.9958667498980445
F13C,610.0,0.0,-17.338340089157782,10.000085805266362
F13D,378.0,0.0,-16.647931596414722,10.000136110471802
F13E,664.0,3.0,-9.227092487921585,0.5777618110765549
F13G,656.0,0.0,-17.44322500291593,10.000080057794946
F13H,709.0,2.0,-9.904261480388158,0.7063990730847499
F13I,905.0,1.0,-11.249229446675384,0.9956308378956193
F13K,494.0,0.0,-17.03404744180516,10.000105051739347
F13L,335.0,1.0,-9.81549987363721,0.9965745284349622
F13M,381.0,0.0,-16.65933605917099,10.000135069004337
F13N,517.0,0.0,-17.099699381334595,10.000100549187813
F13P,361.0,0.0,-16.58154599634823,10.000142339070608
F13Q,1035.0,0.0,-18.101079997564888,10.0000521483411
F13R,1137.0,1.0,-11.57846875085841,0.9955176065460091
F13S,814.0,43.0,-5.684097297902049,0.15670254726778152
F13T,125.0,0.0,-15.051550701811998,10.000403799614931
F13V,554.0,0.0,-17.199419213403907,10.000094090400928
F13W,588.0,0.0,-17.285347886420695,10.00008887193764
F13Y,496.0,0.0,-17.03987640285025,10.00010464363683
F13_,418.0,2.0,-9.141992960887556,0.7070937140000306
F140A,724.0,1.0,-10.927305337083897,0.9957695524542122
F140C,378.0,0.0,-16.647931596414722,10.000136110471802
F140D,536.0,0.0,-17.151767112321966,10.000097121135209
F140E,1013.0,0.0,-18.07008370670078,10.000053197477895
F140G,591.0,0.0,-17.29268973721763,10.000088440311371
F140H,438.0,0.0,-16.86047100363113,10.000117991713893
F140I,609.0,0.0,-17.335973113448595,10.000085939853916
F140K,418.0,0.0,-16.793044652066484,10.000123453366333
F140L,598.0,1.0,-10.651465322742744,0.9959156681375171
F140M,668.0,6.0,-8.238155714995381,0.40983305132843767
F140N,594.0,0.0,-17.299994414554643,10.000088013044873
F140P,306.0,0.0,-16.343085994982072,10.000167231719914
F140Q,478.0,1.0,-10.328336512980886,0.996126403447839
F140R,292.0,0.0,-16.275524971561453,10.00017506524546
F140S,714.0,0.0,-17.56545147586352,10.0000738665227
F140T,493.0,0.0,-17.031124105835232,10.000105257032265
F140V,640.0,3.0,-9.173981966224583,0.5778106822386883
F140W,846.0,6.0,-8.578960731603868,0.4094486115596891
F140Y,409.0,0.0,-16.761643312390934,10.000126085370045
F140_,896.0,0.0,-17.893022029637923,10.000059642535845
F149A,495.0,1142.0,-0.23574910805130056,0.05452160659131511
F149C,440.0,970.0,-0.30133150792144114,0.058141105335249965
F149D,382.0,0.0,-16.66311760059033,10.000134725483536
F149E,230.0,0.0,-15.931203781615167,10.000221219171145
F149G,406.0,769.0,-0.5203077189928962,0.06196904090749181
F149H,245.0,0.0,-16.02234782947575,10.00020791090686
F149I,241.0,47.0,-3.799848238822075,0.15968115261704016
F149K,629.0,0.0,-17.38259014918814,10.0000833294101
F149L,497.0,466.0,-1.5347087822846275,0.06507460296113404
F149M,407.0,430.0,-1.3624888470248804,0.06970842635399362
F149N,346.0,33.0,-4.831633506363133,0.1823752601964738
F149P,593.0,0.0,-17.297563629256686,10.000088154986706
F149Q,431.0,422.0,-1.4722389729034733,0.06904012731406531
F149R,585.0,1.0,-10.6197569991249,0.9959343239852245
F149S,668.0,1149.0,-0.6593450672477568,0.04943777224204081
F149T,189.0,107.0,-2.2625117602477465,0.12129485436497629
F149V,423.0,601.0,-0.935097589950197,0.06406770976476103
F149W,698.0,1867.0,-0.022384771884222943,0.0452222876874409
F149Y,456.0,1177.0,-0.07380560587687768,0.055851052994893284
F149_,398.0,2.0,-9.071260183691479,0.7071787134794428
F159A,429.0,2.0,-9.179466781346722,0.7070503384548037
F159C,371.0,0.0,-16.620965268918535,10.000138606061444
F159D,764.0,0.0,-17.663098717518128,10.000069283694646
F159E,276.0,0.0,-16.194227733553713,10.000184990910777
F159G,681.0,44.0,-5.393567522574206,0.1557796878027619
F159H,505.0,22.0,-5.961875721846399,0.21792394956723354
F159I,346.0,1.0,-9.862109446833875,0.9965269163872806
F159K,574.0,3.0,-9.016963389920013,0.5779661225806141
F159L,682.0,71.0,-4.705493597462563,0.12500229218010406
F159M,1001.0,899.0,-1.5968421344892123,0.04677735563160822
F159N,710.0,0.0,-17.55734654006043,10.000074261032703
F159P,565.0,3.0,-8.994163920905402,0.5779901288966199
F159Q,281.0,0.0,-16.220128666930947,10.000181767724149
F159R,666.0,0.0,-17.46505103515935,10.00007891340155
F159S,1008.0,4.0,-9.415486815587823,0.5004452093439496
F159T,408.0,1.0,-10.09990022512196,0.996306541945363
F159V,1158.0,13.0,-7.917677755887064,0.2789342153801637
F159W,309.0,3.0,-8.123541045712116,0.5792571537305538
F159Y,420.0,2252.0,0.9809228348220715,0.05386778959910889
F159_,839.0,0.0,-17.798195201912055,10.00006343360925
F161A,687.0,4634.0,1.3120633371624408,0.04181117090382602
F161C,976.0,3382.0,0.35111827462111744,0.037377227308364125
F161D,457.0,298.0,-2.058659807685098,0.07497014954490705
F161E,931.0,2386.0,-0.0840632958680505,0.03962331823133291
F161G,451.0,1968.0,0.6837114079954958,0.05293551301587737
F161H,617.0,1436.0,-0.22309479735288384,0.04892738044749424
F161I,612.0,486.0,-1.774364043953205,0.06138669532431942
F161K,731.0,7.0,-8.146127703880113,0.37960257901882094
F161L,565.0,1223.0,-0.32770692304947957,0.05161715105625525
F161M,555.0,1245.0,-0.2762231570759397,0.051785818898564547
F161N,856.0,114698.0,5.624202178775441,0.03540797227151224
F161P,595.0,1.0,-10.644209628378253,0.9959199010087793
F161Q,399.0,274.0,-1.9839911748245802,0.07894618418020083
F161R,372.0,1.0,-9.966637116122754,0.9964255641967497
F161S,777.0,12073.0,2.5159136159143336,0.03803431885278106
F161T,991.0,5492.0,1.0285679155740621,0.035608279278008935
F161V,854.0,975.0,-1.250630763861123,0.04767989391711434
F161W,611.0,444.0,-1.9023986389281795,0.06297325824124114
F161Y,580.0,871.0,-0.855183308074519,0.054304658649065154
F161_,535.0,0.0,-17.149073053461954,10.000097295488837
F16A,624.0,1.0,-10.71286486220105,0.9958806874437347
F16C,179.0,0.0,-15.569547378664348,10.000283149761193
F16D,1076.0,1.0,-11.498915293852018,0.9955426483054945
F16E,536.0,0.0,-17.151767112321966,10.000097121135209
F16G,676.0,3.0,-9.252932107170265,0.5777386753377207
F16H,231.0,164.0,-1.9359663396373223,0.10248317633479902
F16I,501.0,0.0,-17.05434659537904,10.000103637635258
F16K,863.0,0.0,-17.838884472453007,10.000061776330499
F16L,771.0,0.0,-17.67625676795464,10.00006868953111
F16M,197.0,0.0,-15.70777605701155,10.000257630670044
F16N,401.0,2.0,-9.082093718422861,0.7071654237244777
F16Q,289.0,0.0,-16.260626608043673,10.000176842595724
F16R,1021.0,0.0,-18.081432287187496,10.000052810742465
F16S,764.0,3.0,-9.429479040758427,0.5775911982660383
F16T,118.0,0.0,-14.968416312636146,10.00042752353364
F16V,906.0,3.0,-9.675414493147994,0.5774135861751386
F16W,356.0,270.0,-1.8406997427161107,0.08117432905920587
F16Y,845.0,418.0,-2.4572257748674398,0.06043592073534079
F16_,261.0,0.0,-16.11361227734607,10.00019540139762
F170A,818.0,1895.0,-0.22977973987611922,0.04274313915869665
F170C,831.0,479.0,-2.2366048796891604,0.05803265756556289
F170D,794.0,0.0,-17.718664373154287,10.000066811040991
F170E,315.0,4.0,-7.737446397210977,0.5026209867303568
F170G,405.0,480.0,-1.1966878843781599,0.06803793111695126
F170H,701.0,2188.0,0.20031758566717084,0.044275780939465936
F170I,518.0,0.0,-17.102487144836356,10.000100362494589
F170K,701.0,0.0,-17.53894222055525,10.000075165141281
F170L,790.0,103.0,-4.380881333435756,0.10512087054039486
F170M,834.0,143.0,-3.9857434672148324,0.09093041129271129
F170N,657.0,36.0,-5.631240640956582,0.17137358612489215
F170P,685.0,2.0,-9.854580553919721,0.7064340491621808
F170Q,651.0,54.0,-5.033176067420602,0.14187304118265937
F170R,589.0,0.0,-17.28779932375908,10.000088727573686
F170S,382.0,171.0,-2.6013245302654697,0.09242369324178762
F170T,521.0,138.0,-3.358333073175297,0.09613530053140706
F170V,833.0,118.0,-4.261219514444952,0.09874775556889608
F170W,621.0,107.0,-3.9786656948126824,0.10503331073840805
F170Y,721.0,312.0,-2.6502218167834055,0.06832835500095236
F170_,657.0,2.0,-9.794370833967934,0.7064780817273132
F188A,696.0,755.0,-1.3244070978356524,0.05327327694102745
F188C,772.0,81693.0,5.283654478807147,0.03720693832800204
F188D,514.0,954.0,-0.5495868547902631,0.0554120003725762
F188E,279.0,589.0,-0.36381951919441846,0.0732028706717989
F188G,580.0,775.0,-1.0236576647798428,0.05559864600981062
F188H,686.0,901.0,-1.0484813050694788,0.051423395405355815
F188I,596.0,388.0,-2.0610375183701617,0.06581696333556988
F188K,432.0,344.0,-1.77040902098192,0.07279044425912239
F188L,1280.0,70028.0,4.331910287968809,0.02953505033573821
F188M,588.0,12676.0,2.9883213858669606,0.04308521589009878
F188N,342.0,279.0,-1.7355164943208097,0.0811467026078938
F188P,731.0,578.0,-1.7805915057094328,0.05634571428346897
F188Q,487.0,1315.0,-0.008744347091740323,0.05376422341684162
F188R,423.0,206.0,-2.479772216147569,0.08541041448876197
F188S,827.0,978.0,-1.1998503740161404,0.04804638337911385
F188T,667.0,12808.0,2.821399321895771,0.04067062011580675
F188V,643.0,404.0,-2.1122449878955107,0.06408718535138419
F188W,673.0,84.0,-4.443789785649566,0.11604310476848456
F188Y,541.0,312.0,-2.235857808812888,0.07162552234182487
F188_,863.0,1.0,-11.180672989701213,0.9956578429999359
F204A,882.0,0.0,-17.870302208714442,10.000060528281569
F204C,776.0,1.0,-11.0273709569095,0.9957230781648755
F204D,362.0,0.0,-16.585536746149938,10.00014195648905
F204E,420.0,1.0,-10.14171939055035,0.9962713992158496
F204G,871.0,0.0,-17.852196478329724,10.000061244199756
F204H,321.0,0.0,-16.41212543635602,10.000159596879108
F204I,701.0,0.0,-17.53894222055525,10.000075165141281
F204K,201.0,0.0,-15.736774471429216,10.000252580418826
F204L,1042.0,6.0,-8.879583233105755,0.409177015570699
F204M,412.0,0.0,-16.772186549791204,10.000125195259146
F204N,366.0,0.0,-16.601390261805864,10.000140447068201
F204P,588.0,23.0,-6.117302618196605,0.2126894735154694
F204Q,894.0,1.0,-11.231586682032708,0.99563766548047
F204R,319.0,0.0,-16.40310884476891,10.00016057337448
F204S,581.0,1.0,-10.609858707842006,0.9959402321297451
F204T,393.0,3.0,-8.470453540992361,0.5786598080394574
F204V,514.0,24.0,-5.861883934850351,0.20897750005628477
F204W,988.0,128.0,-4.390063943928057,0.09434415987423798
F204Y,369.0,19.0,-5.720624292471677,0.23535216516830315
F204_,714.0,0.0,-17.56545147586352,10.0000738665227
F216A,436.0,1045.0,-0.18071119752519937,0.05768231376467487
F216C,837.0,7452.0,1.71251802958846,0.037492881203576855
F216D,1095.0,0.0,-18.18237933588857,10.000049501326014
F216E,376.0,0.0,-16.64027822687939,10.000136814016004
F216G,373.0,209.0,-2.277437155375904,0.08684554478426845
F216H,291.0,2.0,-8.619524234189722,0.7078315768197645
F216I,798.0,5159.0,1.2508206962299484,0.03903521575991619
F216K,670.0,9.0,-7.658306528295727,0.33549530798745636
F216L,511.0,654.0,-1.0858336449426993,0.059688631886115874
F216M,518.0,1561.0,0.1496331090073717,0.05145746642560891
F216N,527.0,46.0,-4.959605792054734,0.15397629059941784
F216P,791.0,1.0,-11.054991646644083,0.9957108072745441
F216Q,538.0,97.0,-3.913222428620055,0.11065131025230834
F216R,557.0,1.0,-10.548998941686452,0.995977462148314
F216S,418.0,894.0,-0.34504130367027397,0.05989689715056226
F216T,951.0,391.0,-2.724049823057051,0.06071069348818191
F216V,765.0,6647.0,1.6773601963976819,0.039171562896100166
F216W,666.0,1.0,-10.80683955240756,0.9958299474103596
F216Y,647.0,2.0,-9.772243515027476,0.7064947305382585
F216_,1005.0,0.0,-18.058645147332427,10.00005359037023
F221A,803.0,54.0,-5.335914316930805,0.14084459380437883
F221C,746.0,1.0,-10.970490682612457,0.9957490998276519
F221D,665.0,0.0,-17.46288323105072,10.000079026292116
F221E,580.0,0.0,-17.26558497001595,10.000090044769927
F221G,880.0,1.0,-11.208815631104562,0.9956466019255197
F221H,366.0,0.0,-16.601390261805864,10.000140447068201
F221I,902.0,5.0,-8.933983830536313,0.4480917638877175
F221K,1187.0,1.0,-11.640555897130332,0.9954989995416216
F221L,308.0,69.0,-3.5998946692046223,0.1334694596757635
F221M,1476.0,724.0,-2.469415783099548,0.04621140420736515
F221N,402.0,0.0,-16.736738584831926,10.000128213958684
F221P,954.0,0.0,-17.983511584678798,10.000056249958968
F221Q,944.0,0.0,-17.968309338230362,10.000056805144355
F221R,1294.0,1.0,-11.76507257447225,0.9954640107796369
F221S,669.0,0.0,-17.471534971591602,10.00007857675476
F221T,735.0,1.0,-10.949059591505382,0.9957591731486485
F221V,637.0,0.0,-17.40082321651534,10.000082331129585
F221W,624.0,0.0,-17.371076344952844,10.000083966333603
F221Y,843.0,3.0,-9.57143726406407,0.577485008006048
F221_,755.0,0.0,-17.6460029487925,10.000070063808051
F250A,1075.0,682.0,-2.098280098466363,0.04973201551261525
F250C,493.0,58.0,-4.529038201849332,0.13908112343350162
F250D,849.0,0.0,-17.81528874249043,10.000062731689727
F250E,1184.0,1.0,-11.636905073913049,0.9955000716543427
F250G,658.0,18.0,-6.633034239281926,0.2390004969440139
F250H,1154.0,1.0,-11.599879533692668,0.9955110992952414
F250I,926.0,37.0,-6.086835548898962,0.16785833802725275
F250K,898.0,2.0,-10.245187015282118,0.7061889311352951
F250L,609.0,305.0,-2.439404190522292,0.07069218835273244
F250M,435.0,236.0,-2.32399539293389,0.08131851958464384
F250N,494.0,0.0,-17.03404744180516,10.000105051739347
F250P,864.0,20.0,-6.874049754183383,0.22629450237898716
F250Q,612.0,1.0,-10.684850939359663,0.9958964632088795
F250R,888.0,0.0,-17.88008311898742,10.00006014525644
F250S,961.0,7.0,-8.540788005283426,0.3791710953562422
F250T,339.0,0.0,-16.49083502604752,10.00015132689477
F250V,1571.0,531.0,-3.006676244997961,0.050956179147964416
F250W,705.0,158.0,-3.599422672188374,0.08845297208694246
F250Y,805.0,20.0,-6.772008448825467,0.22648185002079757
F250_,2157.0,231.0,-4.664800471571397,0.06977977463396579
F254A,826.0,381.0,-2.558125200735696,0.06254628227742867
F254C,626.0,82.0,-4.374108777072873,0.1177618308099685
F254D,721.0,0.0,-17.579526464905033,10.000073186663045
F254E,1185.0,2.0,-10.645282833360035,0.7059979517305532
F254G,519.0,179.0,-2.977516969569355,0.08711957614141623
F254H,791.0,2.0,-10.06215143821695,0.706295575261009
F254I,685.0,20.0,-6.539126793192907,0.22696175999159474
F254K,593.0,0.0,-17.297563629256686,10.000088154986706
F254L,957.0,425.0,-2.6128320295874694,0.058945757071283474
F254M,958.0,389.0,-2.7420282897074513,0.06075568900244398
F254N,778.0,173.0,-3.610728086889816,0.08451117405603129
F254P,947.0,27.0,-6.573608931414132,0.19533580075006013
F254Q,3148.0,7.0,-10.252604780546633,0.3782166160467739
F254R,1140.0,0.0,-18.240481770379272,10.000047698915711
F254S,373.0,177.0,-2.5171782583013034,0.0916901680349239
F254T,734.0,203.0,-3.2960437401874048,0.07978120255796801
F254V,593.0,146.0,-3.46378406925703,0.09280061139266531
F254W,815.0,132.0,-4.067965356880224,0.09422822193927649
F254Y,1008.0,0.0,-18.06294524204274,10.000053442304786
F254_,1168.0,1.0,-11.617276434079468,0.9955058825823164
F258A,807.0,2310.0,0.0754458249057004,0.04181908509884337
F258C,1183.0,3368.0,0.06763933669549171,0.034914294010006036
F258D,878.0,0.0,-17.86374456721119,10.00006078653993
F258E,681.0,1.0,-10.838971696216959,0.9958133421586783
F258G,556.0,5220.0,1.789075018607209,0.04546311273140494
F258H,564.0,11.0,-7.120629184469982,0.3044278812045415
F258I,556.0,111.0,-3.7662160036089487,0.10432411784761958
F258K,937.0,22.0,-6.853628210807301,0.21581916841552404
F258L,856.0,1605.0,-0.5349120858692116,0.043221002196588164
F258M,882.0,832.0,-1.5259889608182062,0.04911698205259492
F258N,563.0,1.0,-10.564456260397819,0.9959678572065273
F258P,1426.0,6.0,-9.33219820893627,0.4088611056795745
F258Q,6463.0,317.0,-5.791400784595763,0.058189316815150195
F258R,826.0,0.0,-17.775666443518393,10.000064371512712
F258S,1218.0,399.0,-3.051823985493176,0.05834388978600834
F258T,709.0,300.0,-2.682590202263264,0.06942935164593114
F258V,1616.0,438.0,-3.3251952292126727,0.054577067087037044
F258W,750.0,460.0,-2.1470394240380264,0.059866323111377955
F258Y,817.0,151.0,-3.877504463992449,0.08901038443000492
F258_,866.0,0.0,-17.843890880089642,10.000061575629356
F259A,1461.0,1843.0,-1.1066969702869813,0.03610877963617131
F259C,963.0,2.0,-10.346006284006679,0.7061357121181376
F259D,1369.0,0.0,-18.504568275695362,10.000040362426335
F259E,1254.0,0.0,-18.377984143664328,10.000043711759876
F259G,1073.0,32.0,-6.508791850745051,0.1795800392333054
F259H,818.0,1.0,-11.103414193103859,0.9956898533907771
F259I,775.0,3.0,-9.450102444864697,0.5775751162007897
F259K,1210.0,59.0,-5.799710518375529,0.1336020772441303
F259L,779.0,28.0,-6.239422775864956,0.1925149631496115
F259M,521.0,212.0,-2.7389735646736293,0.08193230682612916
F259N,743.0,5.0,-8.65422203053645,0.4483564102484191
F259P,866.0,12.0,-7.613870444384008,0.2906810332473635
F259Q,886.0,14.0,-7.4245889374350655,0.2694123942432576
F259R,904.0,0.0,-17.905845927505876,10.000059148712836
F259S,1317.0,0.0,-18.4487015907822,10.000041804461564
F259T,744.0,0.0,-17.62482920820311,10.000071042910527
F259V,2283.0,1184.0,-2.389050729392296,0.03687005550755534
F259W,1183.0,28474.0,3.1473166920413105,0.030938914651461206
F259Y,1505.0,68.0,-5.909677187329854,0.1242777645238153
F259_,1180.0,2.0,-10.639182685410645,0.7060004841059512
F262A,649.0,828.0,-1.0903873324764772,0.05315372510244048
F262C,941.0,1592.0,-0.6832273778748661,0.04204307341792816
F262D,642.0,1.0,-10.753891482243885,0.9958581291225633
F262E,742.0,0.0,-17.620945825982194,10.000071224048032
F262G,2815.0,236601.0,4.951377558316096,0.02088684636584286
F262H,1002.0,42.0,-6.017815126953963,0.15772965972911057
F262I,961.0,78.0,-5.064615281609852,0.1180518385100092
F262K,793.0,0.0,-17.71684625462796,10.000066890448664
F262L,627.0,516.0,-1.7228842441385757,0.0600800560566546
F262M,783.0,884.0,-1.2667628594069251,0.04985104935775505
F262N,773.0,2.0,-10.028942582372185,0.7063164145324187
F262P,777.0,9.0,-7.872057066141451,0.33518885925400405
F262Q,1415.0,312.0,-3.622942891449276,0.06315480637306889
F262R,634.0,19.0,-6.5014699749166995,0.23293335995067213
F262S,765.0,1901.0,-0.12857920683765034,0.04370359157488727
F262T,843.0,10.0,-7.837830681987778,0.3180615046662873
F262V,903.0,15.0,-7.3525408986239915,0.2603967253674503
F262W,556.0,4915.0,1.702216799883975,0.04559366722073139
F262Y,754.0,707.0,-1.5346478528810215,0.053079608234498935
F262_,1383.0,0.0,-18.51924687891022,10.000039992713646
F266A,893.0,460.0,-2.398805923479471,0.05805574369435182
F266C,1117.0,303.0,-3.3239996062304296,0.06536255464210884
F266D,1554.0,67931.0,4.008207795404075,0.027111116200585275
F266E,1115.0,684.0,-2.1467621433424346,0.04935195208791527
F266G,689.0,1901.0,0.022374477855354513,0.04532316412667083
F266H,914.0,516.0,-2.266605741411099,0.05575681280390465
F266I,762.0,148.0,-3.8059100950326386,0.09025194894025625
F266K,841.0,769.0,-1.5709154125567881,0.05065782281421214
F266L,724.0,686.0,-1.5195748335014834,0.053997188742138984
F266M,684.0,87.0,-4.416559109817408,0.11415644562957931
F266N,577.0,1126.0,-0.4772434036070621,0.05194188193240531
F266P,745.0,0.0,-17.62676698641668,10.000070952706475
F266Q,1125.0,1201.0,-1.3474844782876914,0.04240647148213482
F266R,522.0,140.0,-3.3403423876189082,0.09557622293402274
F266S,696.0,1156.0,-0.7098208779575286,0.04877090000877529
F266T,400.0,213.0,-2.350909722290729,0.08527219992117879
F266V,1617.0,488.0,-3.170140801198664,0.052386630013972584
F266W,1123.0,450.0,-2.761136624775742,0.0564750578836507
F266Y,542.0,10.0,-7.200600406425029,0.31909540832098876
F271A,1251.0,11.0,-8.269929859052835,0.3028244883883385
F271C,1182.0,1.0,-11.634466049078926,0.9955007894189286
F271D,1171.0,1.0,-11.620977204056596,0.9955047809402687
F271E,642.0,1.0,-10.753891482243885,0.9958581291225633
F271G,1052.0,43.0,-6.054127293276677,0.15581323271830547
F271H,789.0,0.0,-17.70955078116885,10.00006721009219
F271I,741.0,1.0,-10.960788725154387,0.9957536415478784
F271K,797.0,0.0,-17.72410502160882,10.000066574013555
F271L,1150.0,10.0,-8.285855438278485,0.31756330527577836
F271M,731.0,1.0,-10.941186855138941,0.9957629113122008
F271N,913.0,1123.0,-1.1431266088460577,0.04541516902752812
F271P,928.0,11.0,-7.839048793925228,0.3032835162696627
F271Q,930.0,1.0,-11.288541942173117,0.9956159211552642
F271R,977.0,8.0,-8.372222092228913,0.3548862794577808
F271S,1121.0,2311.0,-0.39807046166650073,0.03743740432828621
F271T,909.0,3.0,-9.680183684742694,0.577410431869336
F271V,1523.0,4.0,-10.010902278882877,0.5001099363259828
F271W,931.0,1.0,-11.290092377074128,0.9956153411441258
F271Y,1506.0,166.0,-4.623184112607671,0.08224679341278057
F271_,1060.0,1.0,-11.47730168312816,0.9955496936512419
F300A,1429.0,351.0,-3.4672267911434353,0.06021214288375641
F300C,1161.0,472.0,-2.74028588490326,0.055287552918635435
F300D,573.0,0.0,-17.248067512624147,10.000091097862205
F300E,458.0,1.0,-10.26667481105601,0.9961722560102255
F300G,1027.0,2.0,-10.438833828897387,0.7060898904997547
F300H,761.0,4.0,-9.009964180971984,0.5007668090883292
F300I,542.0,0.0,-17.16782666526102,10.000096088523922
F300K,736.0,1.0,-10.951021081169866,0.9957582449542826
F300L,657.0,0.0,-17.44542252514686,10.000079941787973
F300M,993.0,1305.0,-1.0476141059451738,0.043012930133134765
F300N,539.0,1107.0,-0.4035105058360511,0.053248311310364914
F300P,1043.0,17.0,-7.380020855120307,0.24459048746401127
F300Q,765.0,1.0,-11.006774319626683,0.9957323825495529
F300R,1433.0,2.0,-10.91943227686666,0.7058945140380298
F300S,432.0,728.0,-0.6889012565816195,0.06136093251676677
F300T,693.0,45.0,-5.386353516874736,0.15406836459862336
F300V,656.0,1.0,-10.785013520164137,0.9958414392909885
F300W,984.0,71857.0,4.748517301811216,0.033271033394541724
F300Y,1005.0,32.0,-6.414338185786846,0.17975552203572698
F300_,1081.0,1.0,-11.505603677014218,0.995540489395231
F303A,832.0,943.0,-1.2611226149228152,0.04836463660775734
F303C,930.0,163514.0,6.01615749147238,0.03403187095598983
F303D,901.0,0.0,-17.901050314041314,10.000059332868823
F303E,279.0,0.0,-16.209824026565208,10.000183043136254
F303G,771.0,0.0,-17.67625676795464,10.00006868953111
F303H,404.0,0.0,-16.743898198746148,10.000127598263902
F303I,753.0,0.0,-17.642176220004416,10.000070239699006
F303K,337.0,4.0,-7.834840170196672,0.5024147936774043
F303L,725.0,237.0,-3.0548477795727713,0.07533470566572742
F303M,706.0,7027.0,1.8733556120075945,0.04044148700427134
F303N,762.0,1.0,-11.001105643786099,0.9957349667147989
F303P,1094.0,20.0,-7.214555764329972,0.22575623185744506
F303Q,901.0,4.0,-9.253591887586396,0.5005629026409414
F303R,714.0,1.0,-10.907239993111723,0.9957792656061994
F303S,531.0,0.0,-17.138246226109473,10.00009799947019
F303T,735.0,3.0,-9.373651397497472,0.5776359014378804
F303V,1168.0,0.0,-18.27548791683126,10.00004664750895
F303W,1456.0,405.0,-3.287785645740758,0.056856649645730034
F303Y,1492.0,266.0,-3.9294996350115317,0.06712890038574683
F303_,866.0,3.0,-9.61027120332994,0.5774577300547142
F306A,853.0,0.0,-17.822069850571392,10.000062455529998
F306C,1293.0,0.0,-18.42216872366439,10.000042509135907
F306D,1053.0,0.0,-18.125954427931283,10.000051322563264
F306E,771.0,4.0,-9.02879834149972,0.5007497917562804
F306G,1238.0,0.0,-18.359458258763503,10.000044227063178
F306H,1217.0,48.0,-6.1056570926890945,0.14740242601921624
F306I,696.0,1.0,-10.870403747488066,0.9957974523810679
F306K,845.0,6.0,-8.577254429834447,0.4094503197346466
F306L,780.0,0.0,-17.69299981588433,10.000067941276562
F306M,691.0,1.0,-10.86000230201369,0.9958026723515572
F306N,806.0,0.0,-17.74030493402214,10.000065873517913
F306P,931.0,1.0,-11.290092377074128,0.9956153411441258
F306Q,754.0,4.0,-8.996632426736364,0.500778989438032
F306R,628.0,0.0,-17.38029472772271,10.000083455983448
F306S,748.0,17.0,-6.900397327625201,0.2453622291681854
F306T,912.0,0.0,-17.9185568392656,10.000058663553272
F306V,714.0,0.0,-17.56545147586352,10.0000738665227
F306W,564.0,0.0,-17.22522793803435,10.0000924902478
F306Y,685.0,12.0,-7.275611809393015,0.2912053823606343
F306_,1316.0,0.0,-18.44760574258488,10.000041833309844
F317A,1363.0,3.0,-10.264611760872857,0.5770930421131346
F317C,1239.0,0.0,-18.3606231222844,10.000044194466817
F317D,232.0,18.0,-5.129111719175228,0.2447685903904054
F317E,952.0,1.0,-11.322272440999248,0.9956034423086859
F317G,1336.0,9.0,-8.653982801398692,0.33438463486828424
F317H,1964.0,4.0,-10.377779139701854,0.49996251487688737
F317I,1043.0,0.0,-18.11218828078369,10.000051777809956
F317K,1284.0,0.0,-18.41209172918425,10.000042780180266
F317L,1131.0,0.0,-18.22904697602077,10.000048047923668
F317M,1429.0,8.0,-8.920792870651335,0.35442985982585484
F317N,648.0,1.0,-10.76731178993642,0.9958508880673304
F317P,864.0,0.0,-17.840555206089125,10.00006170927526
F317Q,801.0,2.0,-10.080275758454412,0.7062844023319309
F317R,1243.0,0.0,-18.365273193725862,10.000044064605847
F317S,1073.0,0.0,-18.15309881229063,10.000050437526065
F317T,881.0,6.0,-8.63744440993244,0.4093912642926138
F317V,1174.0,0.0,-18.28287998793488,10.000046428732347
F317W,832.0,5.0,-8.81744127108932,0.44819583034166705
F317Y,1214.0,54.0,-5.93220476323194,0.13933987779380966
F317_,581.0,1.0,-10.609858707842006,0.9959402321297451
F327A,78.0,1.0,-7.713026691320694,1.0014962179550495
F327C,1536.0,1.0,-12.012411416647643,0.9954028544417023
F327D,951.0,2.0,-10.32791601605975,0.7061449899039198
F327E,1267.0,0.0,-18.392863201960083,10.000043302658986
F327G,1329.0,1.0,-11.803575768139716,0.99545378847466
F327H,1351.0,0.0,-18.48547364416895,10.000040849030208
F327I,935.0,0.0,-17.954488990748988,10.000057314964728
F327K,637.0,2.0,-9.749771525336415,0.7065119016556205
F327L,1371.0,461.0,-3.0141639600757077,0.05454663076415563
F327M,1432.0,400.0,-3.2817284116034995,0.05722806958945407
F327N,843.0,39.0,-5.875428657799209,0.1640044924839486
F327P,1124.0,1.0,-11.561878678940184,0.9955227154628968
F327Q,1452.0,3.0,-10.35586700328111,0.5770540784136812
F327R,686.0,1.0,-10.849525319970708,0.9958079683858375
F327S,1492.0,1.0,-11.970481013171863,0.9954124984131988
F327T,732.0,1.0,-10.943159070509289,0.9957619729425987
F327V,1276.0,6.0,-9.171853745559865,0.408961904461595
F327W,966.0,1057.0,-1.3119158196002125,0.0453656931612534
F327Y,982.0,22.0,-6.9213014819068785,0.21570583801856835
F327_,1260.0,1.0,-11.726658991713707,0.9954744847043705
F335A,984.0,83.0,-5.0091107436316165,0.11462890775401899
F335C,1033.0,1.0,-11.44007802827878,0.9955620774428805
F335D,1958.0,3.0,-10.787203747195758,0.5768998453321481
F335E,637.0,19.0,-6.508280399866791,0.23291741467343052
F335G,1352.0,0.0,-18.486541113227048,10.000040821656743
F335H,803.0,0.0,-17.734925149882795,10.000066105271792
F335I,807.0,1248.0,-0.8128237779449279,0.04601318235492788
F335K,1224.0,139.0,-4.580149585756654,0.08993057967607847
F335L,1066.0,0.0,-18.1436562625833,10.000050743511531
F335M,787.0,1.0,-11.047677680378367,0.9957140337907182
F335N,1015.0,2.0,-10.421877540730854,0.7060980421165727
F335P,1399.0,3.0,-10.302221888861741,0.5770766847625868
F335Q,1232.0,2.0,-10.701397565818485,0.7059751517127674
F335R,1032.0,1.0,-11.438680758369856,0.995562548542903
F335S,203.0,0.0,-15.751057990319016,10.000250129922874
F335T,1122.0,16.0,-7.572763232442823,0.2518511760029031
F335V,713.0,116.0,-4.061467956813095,0.10049500849093303
F335W,793.0,0.0,-17.71684625462796,10.000066890448664
F335Y,1011.0,0.0,-18.06723255797608,10.00005329511806
F335_,862.0,0.0,-17.83721180175644,10.000061843541317
F341A,1806.0,8702.0,0.8267479772369462,0.027302345519114358
F341C,1630.0,106731.0,4.591159960784807,0.02645104569849653
F341D,1302.0,0.0,-18.432175819893175,10.000042241838669
F341E,1228.0,0.0,-18.347757599816312,10.000044555946628
F341G,1276.0,37.0,-6.549375505970829,0.16697368840070326
F341H,859.0,0.0,-17.832182122256583,10.000062046112678
F341I,1873.0,5.0,-9.98812709977994,0.44744999014853987
F341K,812.0,3.0,-9.517385013659394,0.5775242166784111
F341L,1198.0,66.0,-5.623606358698398,0.12673094606308874
F341M,887.0,2753.0,0.19219275955322068,0.03959061870776702
F341N,795.0,0.0,-17.720480203328034,10.000066731833085
F341P,925.0,0.0,-17.93897615818553,10.00005789306719
F341Q,1357.0,1.0,-11.833655160294521,0.9954459902213864
F341R,1444.0,1.0,-11.923304541226686,0.9954236892812794
F341S,1463.0,283.0,-3.811809511148626,0.06552680120933141
F341T,819.0,224.0,-3.312112746597202,0.07590696963397717
F341V,1459.0,1.0,-11.93821357954088,0.9954201130499604
F341W,803.0,0.0,-17.734925149882795,10.000066105271792
F341Y,1171.0,0.0,-18.27918868680839,10.00004653784041
F341_,671.0,0.0,-17.47584146287424,10.000078353995898
F351A,734.0,0.0,-17.605306914118128,10.000071958469134
F351C,816.0,3.0,-9.524474351352762,0.5775189902512468
F351D,1121.0,7.0,-8.762963804615325,0.37897519754966935
F351E,1392.0,1.0,-11.870393383411235,0.995436683494399
F351G,834.0,1.0,-11.131360395253868,0.9956780762842566
F351H,802.0,0.0,-17.733127421222008,10.000066182908371
F351I,1011.0,121.0,-4.504393904858276,0.09659029482542551
F351K,1377.0,3.0,-10.279354650588406,0.5770865793461548
F351L,1375.0,680.0,-2.457609059891848,0.04769307443357453
F351M,981.0,26.0,-6.678924354735776,0.19885397695775733
F351N,769.0,0.0,-17.672509554666593,10.00006885818836
F351P,796.0,1.0,-11.064082268150585,0.9957068197151965
F351Q,1205.0,2.0,-10.669428718624687,0.7059880322953767
F351R,1313.0,0.0,-18.444313194790457,10.000041920118337
F351S,1098.0,1.0,-11.528115001655685,0.9955332961385125
F351T,1295.0,1.0,-11.766187046444372,0.9954637110471951
F351V,509.0,1.0,-10.418989712922462,0.9960624494215097
F351W,1225.0,0.0,-18.344228817107254,10.00004465565871
F351Y,658.0,1.0,-10.789405222436407,0.9958391129822102
F351_,1070.0,0.0,-18.149059570519743,10.000050568172469
F47A,682.0,6275.0,1.7599581436956586,0.041260292750901255
F47C,569.0,531.0,-1.5415097934472488,0.06097079108516969
F47D,563.0,0.0,-17.222667743149614,10.000092647705198
F47E,379.0,4.0,-8.004284683209223,0.5020874492718571
F47G,415.0,1.0,-10.124441812962601,0.9962857951886012
F47H,445.0,60226.0,5.638610300455889,0.04837912707935918
F47I,538.0,428.0,-1.7717833007532269,0.06535970335127757
F47K,1822.0,3.0,-10.683346491378153,0.5769328845983024
F47L,652.0,3159.0,0.8347116910012753,0.04389839381559485
F47M,415.0,6950.0,2.6240022323772703,0.05128606515079178
F47N,471.0,2575.0,1.0089536235023768,0.05087475289502727
F47P,937.0,0.0,-17.95757164069886,10.000057200824948
F47Q,457.0,599.0,-1.0514404622733933,0.06272441661926093
F47R,864.0,1.0,-11.182343723337329,0.995657169518801
F47S,473.0,8941.0,2.798700405544045,0.047987078448862956
F47T,880.0,4864.0,1.0247595554260118,0.037666134755600295
F47V,1148.0,3259.0,0.06350375349537929,0.03542187885220572
F47W,1150.0,0.0,-18.253081697114478,10.000047317535932
F47Y,1229.0,270.0,-3.6282067262738735,0.06777923624328201
F47_,605.0,2.0,-9.675414493147994,0.7065706605530682
F57A,480.0,27.0,-5.593293733096173,0.19794799803881383
F57C,429.0,211.0,-2.4654947214913783,0.08453907492123891
F57D,749.0,0.0,-17.63449217610922,10.000070594298881
F57E,258.0,0.0,-16.096934178915046,10.000197628750557
F57G,603.0,41.0,-5.319929094828396,0.16161509553779999
F57H,865.0,1.0,-11.184012524394287,0.995656497594376
F57I,593.0,221.0,-2.8657396012488254,0.07929558402885954
F57K,932.0,0.0,-17.949852630294778,10.000057487092892
F57L,512.0,95.0,-3.8718155307760194,0.11204949811661269
F57M,487.0,318.0,-2.056674079955018,0.07262710534925546
F57N,588.0,0.0,-17.285347886420695,10.00008887193764
F57P,196.0,0.0,-15.700434455290402,10.000258925439029
F57Q,733.0,0.0,-17.60334007622316,10.000072051398934
F57R,416.0,0.0,-16.786125404056538,10.000124028414449
F57S,268.0,31.0,-4.553276216908376,0.1898832836392101
F57T,558.0,178.0,-3.0901275037626617,0.08652479303544892
F57V,1265.0,1132.0,-1.6020569031973397,0.04184121543258857
F57W,176.0,0.0,-15.545164593780813,10.000287910388938
F57Y,402.0,33.0,-5.04805116160939,0.18126816036158622
F57_,918.0,0.0,-17.92801706512348,10.000058305232733
F6A,336.0,1.0,-9.819799882903453,0.9965700713468553
F6C,575.0,9.0,-7.4377109463115785,0.33586260112443467
F6D,817.0,1.0,-11.101649449894872,0.9956906047710244
F6E,458.0,370.0,-1.7496096522858116,0.07044702550264421
F6G,467.0,24.0,-5.723540950138936,0.20944543408526292
F6H,502.0,18.0,-6.24264083286631,0.23998644959294663
F6I,539.0,600.0,-1.2871203098214101,0.05998906017100935
F6K,590.0,155.0,-3.3701729335173027,0.09068008891642752
F6L,1047.0,20.0,-7.151205060444543,0.22584709099450556
F6M,320.0,51.0,-4.091059799169038,0.15101555172961031
F6N,629.0,178.0,-3.262919480440429,0.08534785922834642
F6P,338.0,0.0,-16.486573125099035,10.00015176323109
F6Q,873.0,61821.0,4.704160418311359,0.03519138081117288
F6R,266.0,449.0,-0.6865277218496812,0.07786638788797788
F6S,297.0,27.0,-4.900740777227665,0.20116413696237723
F6T,930.0,0.0,-17.94675342492491,10.000057602461942
F6V,393.0,26.0,-5.359222533809072,0.20265243908850106
F6W,405.0,103.0,-3.4169679479563193,0.11069627590343345
F6Y,836.0,179.0,-3.6652748329823455,0.08282048863859366
F6_,778.0,1.0,-11.031084411916298,0.9957214147166319
F78A,313.0,1061.0,0.3193627832754844,0.06491594254355323
F78C,470.0,3967.0,1.6354938606154952,0.04956297639737995
F78D,441.0,0.0,-16.870318565522897,10.000117215192029
F78E,809.0,0.0,-17.745664731548796,10.000065643482827
F78G,469.0,4516.0,1.8255632757357358,0.04929888852474579
F78H,248.0,0.0,-16.03990548856421,10.000205442428749
F78I,231.0,720.0,0.19826682283831243,0.07612149390889612
F78K,368.0,1.0,-9.951040682605175,0.9964402253355423
F78L,457.0,153311.0,6.9482250420940135,0.047659772526833774
F78M,392.0,9274.0,3.1224361035287638,0.05230276145048844
F78N,1154.0,30.0,-6.706863412846174,0.18510960224613326
F78P,631.0,0.0,-17.387170064594205,10.000083077466925
F78Q,520.0,0.0,-17.108046563060107,10.000099991262243
F78R,914.0,2.0,-10.27066545436545,0.7061751291613024
F78S,1542.0,128933.0,4.943870928326848,0.02707499754824458
F78T,688.0,4605.0,1.3009080335208885,0.04180212126345568
F78V,393.0,3940.0,1.883766548024293,0.053619644547678286
F78W,524.0,675.0,-1.0764802849714021,0.05887797009884593
F78Y,509.0,1138.0,-0.28104748618783404,0.054038136043483856
F78_,529.0,1.0,-10.474590707385456,0.9960251646604551
F83A,423.0,434.0,-1.4047583014881093,0.068883234421356
F83C,450.0,1984.0,0.6985955148780292,0.05294334575518067
F83D,574.0,16556.0,3.4083405277281775,0.04335119670992713
F83E,323.0,1055.0,0.2658111224922921,0.06419137792753242
F83G,456.0,377.0,-1.7162574877211618,0.07015824402148982
F83H,193.0,240.0,-1.1273758961086884,0.09707917935855982
F83I,469.0,205.0,-2.6357192165071446,0.08418287735914058
F83K,591.0,3.0,-9.059070060457927,0.5779227696417464
F83L,573.0,142.0,-3.4543626086796584,0.09414734816029917
F83M,439.0,489.0,-1.2861846511454935,0.06632944819874746
F83N,326.0,235.0,-1.9139888878525664,0.08601932312933513
F83P,220.0,0.0,-15.867076295244647,10.000231099491893
F83Q,324.0,137.0,-2.6835519608857092,0.10228322011042844
F83R,488.0,3.0,-8.782798230086271,0.5782316553598121
F83S,507.0,4006.0,1.540285098509313,0.04794546824817509
F83T,261.0,2379.0,1.7463895331329322,0.06579064561047213
F83V,222.0,55.0,-3.4546536696672883,0.15086288445880047
F83W,663.0,1547.0,-0.21941482926428346,0.047238505595975665
F83Y,461.0,29.0,-5.431970660958211,0.1916163295714426
F83_,485.0,0.0,-17.00752168922035,10.000106929851304
F85A,1244.0,69296.0,4.357907481561373,0.02991785764256575
F85C,517.0,52.0,-4.755126058738396,0.14573285691071552
F85D,323.0,0.0,-16.42108602564668,10.000158632476092
F85E,267.0,0.0,-16.14640097036086,10.000191096843338
F85G,450.0,0.0,-16.899464256913635,10.000114947746459
F85H,249.0,0.0,-16.04571087662756,10.000204632820138
F85I,960.0,19.0,-7.100013813118054,0.23178080983054028
F85K,494.0,0.0,-17.03404744180516,10.000105051739347
F85L,386.0,14.0,-6.225904178035343,0.2721120894044843
F85M,460.0,1940.0,0.6345321437002571,0.05259393831604821
F85N,512.0,446.0,-1.6408907467705287,0.06536041883546458
F85P,359.0,0.0,-16.57353122591777,10.000143110627622
F85Q,234.0,144.0,-2.1421960031692064,0.10627360528053628
F85R,424.0,0.0,-16.81360548615141,10.000121760770922
F85S,854.0,608.0,-1.9319527275091213,0.0537815169788923
F85T,623.0,62.0,-4.770477342078334,0.13344788194163523
F85V,164.0,0.0,-15.443290977309031,10.000308694460253
F85W,538.0,176.0,-3.053770406970858,0.08727538130688699
F85Y,315.0,1314.0,0.6187119058036918,0.06334293105167951
F85_,414.0,0.0,-16.779172810947784,10.000124609018417
F91A,478.0,0.0,-16.98654799573268,10.000108439499291
F91C,367.0,0.0,-16.60532656896225,10.000140074853892
F91D,696.0,34.0,-5.796871939532018,0.17583137660272244
F91E,692.0,7.0,-8.067029447832716,0.3797041130644827
F91G,548.0,9.0,-7.368326119621643,0.3359901350691345
F91H,591.0,0.0,-17.29268973721763,10.000088440311371
F91I,298.0,86.0,-3.234579248436491,0.12271488274663392
F91K,597.0,1.0,-10.649050810219716,0.9959170743698549
F91L,505.0,21.0,-6.028958705064909,0.2228302869567108
F91M,495.0,34.0,-5.305221575482115,0.17748259982543305
F91N,433.0,2.0,-9.192855847918246,0.7070351112918244
F91P,696.0,2.0,-9.877563539060931,0.70641771925581
F91Q,300.0,27.0,-4.915239861183148,0.20108043719377647
F91R,185.0,0.0,-15.617110448087466,10.000274091670622
F91S,438.0,40.0,-4.894326090285529,0.16538923714075848
F91T,455.0,93.0,-3.7322353274418303,0.11413185922606796
F91V,721.0,9.0,-7.764143169091496,0.3353379339712939
F91W,171.0,0.0,-15.503587886713152,10.000296215940423
F91Y,544.0,0.0,-17.173140367299034,10.000095749381863
F91_,447.0,1.0,-10.23160281929037,0.9961992228571529
G101A,506.0,7.0,-7.615402458324673,0.3804029352989823
G101C,594.0,0.0,-17.299994414554643,10.000088013044873
G101D,450.0,1.0,-10.241252774161842,0.9961917375902847
G101E,514.0,0.0,-17.09130362308077,10.000101113625973
G101F,469.0,3.0,-8.725506202679044,0.5783034321385538
G101H,505.0,0.0,-17.065819151737955,10.000102847176638
G101I,803.0,0.0,-17.734925149882795,10.000066105271792
G101K,477.0,1.0,-10.325315224278757,0.9961286048054875
G101L,249.0,0.0,-16.04571087662756,10.000204632820138
G101M,506.0,0.0,-17.068673092335295,10.000102651514648
G101N,633.0,0.0,-17.391735486802183,10.00008282711578
G101P,429.0,0.0,-16.83051847252565,10.00012038644026
G101Q,537.0,0.0,-17.154456149727725,10.000096947430926
G101R,1117.0,2.0,-10.560025701211208,0.7060343336166262
G101S,447.0,0.0,-16.889814302042165,10.000115693416761
G101T,636.0,0.0,-17.39855664515333,10.000082454541255
G101V,350.0,0.0,-16.53690333726481,10.000146691750496
G101W,461.0,0.0,-16.93430524115621,10.000112296651741
G101Y,911.0,0.0,-17.91697408626718,10.000058723732236
G101_,428.0,3.0,-8.593532023238744,0.5784799935454166
G102A,533.0,1.0,-10.485458313365658,0.9960180433159084
G102C,543.0,0.0,-17.170485962692176,10.000095918640614
G102D,577.0,1.0,-10.599892035220298,0.9959462221524144
G102E,402.0,2.0,-9.085686893652998,0.7071610378290364
G102F,469.0,0.0,-16.959125879438744,10.000110446690176
G102H,236.0,0.0,-15.968355185375543,10.000215692868762
G102I,627.0,0.0,-17.377995648271853,10.000083582960533
G102K,798.0,0.0,-17.725914021157312,10.00006649540044
G102L,765.0,0.0,-17.664985802378474,10.000069198148422
G102M,764.0,3.0,-9.429479040758427,0.5775911982660383
G102N,638.0,0.0,-17.403086232525606,10.000082208104777
G102P,454.0,0.0,-16.912231270527773,10.000113968848458
G102Q,769.0,0.0,-17.672509554666593,10.00006885818836
G102R,673.0,0.0,-17.480135137390313,10.000078132560986
G102S,302.0,0.0,-16.324103516056166,10.000169395762205
G102T,325.0,0.0,-16.429991304012557,10.000157679942193
G102V,556.0,0.0,-17.20461802640572,10.00009376576565
G102W,569.0,34.0,-5.506217912460589,0.1767409131745673
G102Y,610.0,2.0,-9.687288397978856,0.7065610734400402
G102_,568.0,2.0,-9.584371833825763,0.7066468463790775
G106A,325.0,16.0,-5.785233711496301,0.25615344152607045
G106C,439.0,9.0,-7.0483777027233225,0.3366636883972314
G106D,614.0,0.0,-17.34776934800376,10.000085271300021
G106E,600.0,0.0,-17.314493741375873,10.000087171329604
G106F,579.0,62.0,-4.6648102868032755,0.13390411648007303
G106H,603.0,0.0,-17.32168912315561,10.000086756753296
G106I,640.0,0.0,-17.407601642984282,10.000081963208496
G106K,409.0,0.0,-16.761643312390934,10.000126085370045
G106L,809.0,0.0,-17.745664731548796,10.000065643482827
G106M,479.0,0.0,-16.98956297047919,10.000108221133935
G106N,234.0,0.0,-15.956077378063299,10.000217503482336
G106P,231.0,0.0,-15.937462500558063,10.00022027818567
G106Q,437.0,0.0,-16.857173488902387,10.000118252923697
G106R,640.0,0.0,-17.407601642984282,10.000081963208496
G106S,443.0,0.0,-16.876846460829952,10.000116703353525
G106T,575.0,0.0,-17.253094242125115,10.000090794362375
G106V,420.0,1.0,-10.14171939055035,0.9962713992158496
G106W,567.0,1.0,-10.57466989248606,0.9959615667926988
G106Y,435.0,1.0,-10.192344279169347,0.9962301957536395
G106_,1148.0,1.0,-11.592359017062149,0.9955133739705258
G111A,334.0,531.0,-0.7729470827315774,0.07038409866835244
G111C,314.0,43.0,-4.309861284080329,0.16282448875617767
G111D,368.0,0.0,-16.60925216535697,10.000139704662418
G111E,407.0,0.0,-16.754571437046405,10.000126686067103
G111F,314.0,2.0,-8.72926600884605,0.7076537607245054
G111H,593.0,0.0,-17.297563629256686,10.000088154986706
G111I,379.0,0.0,-16.651743109664142,10.000135761484083
G111K,382.0,0.0,-16.66311760059033,10.000134725483536
G111L,269.0,0.0,-16.157166999508696,10.000189704662091
G111M,488.0,1.0,-10.358206424094178,0.9961048858126719
G111N,253.0,0.0,-16.068701603249814,10.00020145838321
G111P,291.0,0.0,-16.27057592536865,10.0001756536239
G111Q,203.0,0.0,-15.751057990319016,10.000250129922874
G111R,684.0,1.0,-10.845313130175702,0.9958101084709148
G111S,392.0,506.0,-1.0735193773067193,0.06785275354083671
G111T,380.0,0.0,-16.655544579653395,10.000135414333082
G111V,447.0,0.0,-16.889814302042165,10.000115693416761
G111W,747.0,0.0,-17.63063475200961,10.00007077302289
G111Y,736.0,1.0,-10.951021081169866,0.9957582449542826
G111_,367.0,0.0,-16.60532656896225,10.000140074853892
G114A,272.0,171.0,-2.111373816372371,0.0979833760451511
G114C,621.0,0.0,-17.36412369600065,10.000084353410688
G114D,704.0,0.0,-17.545103117482054,10.00007486120331
G114E,415.0,0.0,-16.782653295714397,10.000124318016931
G114F,852.0,1.0,-11.162166076578075,0.9956653556024585
G114H,710.0,1.0,-10.899135057308635,0.9957832274494876
G114I,628.0,0.0,-17.38029472772271,10.000083455983448
G114K,530.0,0.0,-17.135526776017933,10.000098177125823
G114L,313.0,0.0,-16.37571594485267,10.000163577732648
G114M,427.0,1.0,-10.165565569405196,0.9962518109055704
G114N,485.0,0.0,-17.00752168922035,10.000106929851304
G114P,335.0,0.0,-16.473711356389003,10.000153087869425
G114Q,708.0,0.0,-17.55327693315071,10.000074459959325
G114R,1680.0,3.0,-10.566285434514361,0.5769730873056339
G114S,301.0,27.0,-4.920040687685392,0.20105290040667462
G114T,498.0,2.0,-9.394630216541248,0.7068219188168231
G114V,567.0,0.0,-17.232881375237852,10.000092021207964
G114W,777.0,1.0,-11.029228879203195,0.9957222453706849
G114Y,622.0,0.0,-17.366444970561204,10.000084223970129
G114_,721.0,0.0,-17.579526464905033,10.000073186663045
G130A,395.0,124.0,-3.113227530845517,0.10330654673242938
G130C,548.0,19.0,-6.291166598786629,0.2334640704881201
G130D,712.0,0.0,-17.561404699557922,10.000074063223623
G130E,213.0,0.0,-15.820428356960491,10.000238567683166
G130F,727.0,0.0,-17.59148240444463,10.00007261434635
G130H,419.0,2.0,-9.145440180135115,0.7070896767726648
G130I,152.0,0.0,-15.33367343063199,10.000332759957189
G130K,453.0,0.0,-16.909050093430384,10.000114211952312
G130L,383.0,0.0,-16.66688925587406,10.000134383756517
G130M,531.0,12958.0,3.1671665194950105,0.04513503463269626
G130N,439.0,2.0,-9.212709307357933,0.7070127902331196
G130P,337.0,3.0,-8.24867891989189,0.5790250253000123
G130Q,218.0,0.0,-15.853901508093731,10.00023318432398
G130R,1136.0,1.0,-11.577199342640299,0.9955179953892334
G130S,221.0,0.0,-15.873618844396155,10.000230071225493
G130T,626.0,1.0,-10.717481416406427,0.9958781169270341
G130V,309.0,73.0,-3.523282357894449,0.13042120378256347
G130W,315.0,0.0,-16.3849048236659,10.00016256356357
G130Y,859.0,85.0,-4.778765277499084,0.11403616998749082
G130_,351.0,1.0,-9.882807845553106,0.9965062603344195
G139A,359.0,13.0,-6.228125979199973,0.28235825442187434
G139C,746.0,2.0,-9.977650474185324,0.7063495577386132
G139D,548.0,0.0,-17.18370941543518,10.000095078524046
G139E,640.0,0.0,-17.407601642984282,10.000081963208496
G139F,261.0,0.0,-16.11361227734607,10.00019540139762
G139H,792.0,2.0,-10.063974150795175,0.7062944452797848
G139I,341.0,0.0,-16.499321242339313,10.000150461899318
G139K,357.0,0.0,-16.565471681251932,10.00014389082923
G139L,633.0,0.0,-17.391735486802183,10.00008282711578
G139M,1011.0,1.0,-11.409021075224286,0.9955726568676683
G139N,206.0,0.0,-15.77222156538629,10.000246543390622
G139P,757.0,0.0,-17.649819554081535,10.000069888846491
G139Q,732.0,0.0,-17.601370553261084,10.000072144582635
G139R,652.0,0.0,-17.434401287448964,10.00008052538126
G139S,895.0,19.0,-6.998868181073695,0.23194394568840254
G139T,562.0,0.0,-17.22010299688582,10.000092805722932
G139V,618.0,0.0,-17.35713737845847,10.000084744245726
G139W,579.0,1.0,-10.604883978198085,0.9959432168002994
G139Y,613.0,1.0,-10.68720632190255,0.9958951249811383
G139_,762.0,4.0,-9.011858700082973,0.5007650872824729
G143A,240.0,0.0,-15.9926017128126,10.000212162167578
G143C,589.0,1.0,-10.629587841007286,0.9959284960514485
G143D,530.0,3.0,-8.90190709925823,0.5780912261714959
G143E,542.0,0.0,-17.16782666526102,10.000096088523922
G143F,473.0,0.0,-16.971377880132234,10.000109545175516
G143H,827.0,2.0,-10.12636027897179,0.706256616488712
G143I,323.0,0.0,-16.42108602564668,10.000158632476092
G143K,1027.0,0.0,-18.089885520076315,10.00005252464481
G143L,688.0,1.0,-10.853725247365592,0.9958058407383754
G143M,602.0,0.0,-17.319294647757577,10.000086894486298
G143N,396.0,0.0,-16.715044057475588,10.000130098356692
G143P,279.0,1.0,-9.551612543813413,0.9968750704731406
G143Q,459.0,0.0,-16.92803278049895,10.000112769217903
G143R,770.0,0.0,-17.67438437792285,10.00006877375022
G143S,403.0,1.0,-10.082111350379432,0.9963218020345114
G143T,535.0,1.0,-10.49086157071016,0.9960145225568529
G143V,448.0,0.0,-16.893038130875524,10.000115443750397
G143W,929.0,0.0,-17.94520132201043,10.000057660332741
G143Y,649.0,2.0,-9.776696212319532,0.7064913597635435
G143_,272.0,0.0,-16.17316688669723,10.000187654775804
G145A,544.0,44.0,-5.06952471090449,0.15696211459102133
G145C,510.0,0.0,-17.0800327308826,10.000101876539523
G145D,590.0,1.0,-10.632035119911524,0.995927051409838
G145E,643.0,2.0,-9.76329667907444,0.7065015349448592
G145F,579.0,0.0,-17.263095460949877,10.000090193652733
G145H,724.0,0.0,-17.585516819835693,10.000072899318978
G145I,368.0,2.0,-8.958200474178042,0.7073235119637277
G145K,340.0,0.0,-16.495084373883813,10.000150893125038
G145L,693.0,1.0,-10.864171883508494,0.9958005753278703
G145M,391.0,0.0,-16.69671270056992,10.000131712865082
G145N,136.0,0.0,-15.17321992403124,10.000371452894154
G145P,414.0,0.0,-16.779172810947784,10.000124609018417
G145Q,485.0,1.0,-10.349310206468557,0.9961112479843999
G145S,338.0,45.0,-4.350543275713486,0.1589105808359574
G145T,357.0,0.0,-16.565471681251932,10.00014389082923
G145V,362.0,0.0,-16.585536746149938,10.00014195648905
G145W,514.0,0.0,-17.09130362308077,10.000101113625973
G145Y,519.0,0.0,-17.105269531845412,10.000100176520782
G145_,108.0,0.0,-14.840672085016632,10.00046674897234
G147A,619.0,0.0,-17.359469912055594,10.000084613546457
G147C,498.0,1.0,-10.387470424968384,0.9960842318850051
G147D,402.0,0.0,-16.736738584831926,10.000128213958684
G147E,736.0,2.0,-9.958180872742734,0.7063624496704141
G147F,697.0,1.0,-10.872475067768764,0.9957964173706271
G147H,355.0,0.0,-16.557366859279615,10.000144679821533
G147I,455.0,0.0,-16.915405448483963,10.000113726813165
G147K,179.0,0.0,-15.569547378664348,10.000283149761193
G147L,567.0,0.0,-17.232881375237852,10.000092021207964
G147M,496.0,0.0,-17.03987640285025,10.00010464363683
G147N,490.0,11.0,-6.9177196340567235,0.30486733397308613
G147P,469.0,0.0,-16.959125879438744,10.000110446690176
G147Q,943.0,17.0,-7.234612840086621,0.2447982375776654
G147R,225.0,0.0,-15.899496315734806,10.000226049556277
G147S,338.0,0.0,-16.486573125099035,10.00015176323109
G147T,620.0,0.0,-17.36179868052445,10.00008448326879
G147V,716.0,0.0,-17.569486932658645,10.000073670920644
G147W,254.0,0.0,-16.074392490834477,10.000200680395437
G147Y,542.0,5.0,-8.199159872065813,0.44891266201192437
G147_,628.0,3.0,-9.146675050963008,0.5778365168930768
G148A,89.0,0.0,-14.561546528589716,10.00056555840882
G148C,419.0,0.0,-16.796491871314043,10.00012316790086
G148D,648.0,2.0,-9.774471581509285,0.706493042552045
G148E,698.0,0.0,-17.532754901208005,10.000075471691853
G148F,1003.0,1.0,-11.397559797750713,0.9955766189678512
G148H,410.0,0.0,-16.765166292923276,10.000125787219122
G148I,313.0,0.0,-16.37571594485267,10.000163577732648
G148K,444.0,15.0,-6.328391103658078,0.26258569774582446
G148L,475.0,0.0,-16.977465081588797,10.000109100111812
G148M,695.0,0.0,-17.526540931826574,10.000075780888857
G148N,200.0,0.0,-15.729579328886476,10.000253824044371
G148P,986.0,1.0,-11.372897991510484,0.995585251849193
G148Q,752.0,117.0,-4.1259148311302365,0.09976393611111671
G148R,858.0,0.0,-17.83050165819209,10.000062113951257
G148S,433.0,0.0,-16.843907539097174,10.000119309827683
G148T,225.0,0.0,-15.899496315734806,10.000226049556277
G148V,752.0,0.0,-17.64025904248758,10.000070327995324
G148W,685.0,0.0,-17.50563224509865,10.000076831105085
G148Y,833.0,1.0,-11.129629527941013,0.995678799103039
G148_,672.0,0.0,-17.477989897458244,10.000078243113686
G163A,860.0,8004.0,1.7765028129682294,0.03693927251188355
G163C,572.0,668.0,-1.2179654853439388,0.0576367943642894
G163D,482.0,0.0,-16.998570273514872,10.000107571474208
G163E,503.0,0.0,-17.0600942774934,10.000103240834498
G163F,751.0,3.0,-9.404719637109807,0.5776108111136425
G163H,650.0,50.0,-5.141968219508851,0.14700759834642413
G163I,571.0,0.0,-17.243023207417416,10.000091403488081
G163K,344.0,0.0,-16.51195769906488,10.000149183264371
G163L,724.0,11.0,-7.480918066271324,0.3037836615720214
G163M,612.0,11.0,-7.23846366854709,0.3041994031473393
G163N,1992.0,25963.0,2.262366039350802,0.0248458678442313
G163P,716.0,0.0,-17.569486932658645,10.000073670920644
G163Q,410.0,5.0,-7.796499499728068,0.44957375213422496
G163R,879.0,0.0,-17.865386774125923,10.000060721754986
G163S,639.0,5531.0,1.671837720547873,0.04269092226226898
G163T,755.0,254.0,-3.0134052743463142,0.07306253451506603
G163V,313.0,426.0,-0.9971162691688162,0.07495961678524518
G163W,466.0,47.0,-4.751116144412435,0.15327994575896323
G163Y,749.0,110.0,-4.2091451246763985,0.10247913778381273
G163_,543.0,0.0,-17.170485962692176,10.000095918640614
G166A,430.0,767.0,-0.606919639671454,0.06087763613550302
G166C,312.0,195.0,-2.119838978521485,0.09170475962741494
G166D,444.0,1.0,-10.221887882526971,0.9962068092166102
G166E,526.0,1.0,-10.466385940105184,0.9960305767115213
G166F,735.0,2.0,-9.956219383078245,0.7063637581442266
G166H,415.0,0.0,-16.782653295714397,10.000124318016931
G166I,911.0,2678.0,0.11382773603255014,0.03934322932333554
G166K,512.0,0.0,-17.085679183525365,10.00010149359272
G166L,436.0,758.0,-0.643939159159908,0.06074178536117987
G166M,475.0,465.0,-1.4724909604524798,0.06582177091462267
G166N,544.0,239.0,-2.6283570069971267,0.07809559631616461
G166P,871.0,2204.0,-0.1024252341954206,0.04097079686208035
G166Q,525.0,1.0,-10.463640615608538,0.996032394466576
G166R,294.0,2.0,-8.634320730245822,0.7078068083651918
G166S,572.0,4.0,-8.598089138207293,0.5012001347665347
G166T,570.0,1.0,-10.58228294268062,0.9959569068937161
G166V,745.0,334.0,-2.599163310352213,0.06643027548822535
G166W,1038.0,0.0,-18.105255633250103,10.000052008722616
G166Y,979.0,0.0,-18.020830792106576,10.00005491161562
G166_,600.0,0.0,-17.314493741375873,10.000087171329604
G187A,621.0,255.0,-2.7258574942002642,0.0748898536233737
G187C,1970.0,79192.0,3.887285203860424,0.024434288911009638
G187D,320.0,276.0,-1.6551912674005607,0.0826120740810301
G187E,527.0,327.0,-2.1302903994453617,0.07093872680802998
G187F,283.0,3.0,-7.996740549957889,0.5795137211237823
G187H,480.0,167.0,-2.964924789018152,0.09026489152640471
G187I,333.0,4.0,-7.817614270304261,0.5024502629420039
G187K,1482.0,566.0,-2.830450551527244,0.05018274423304506
G187L,294.0,15.0,-5.733664159804062,0.26476459731105667
G187M,443.0,97.0,-3.632928705086627,0.11243796662168855
G187N,661.0,63.0,-4.832814199136905,0.13213677938069823
G187P,621.0,12.0,-7.134103260295016,0.29146358613097423
G187Q,614.0,268.0,-2.6377701368710555,0.07373355634426272
G187R,453.0,79.0,-3.9612305474103584,0.12223288360407371
G187S,629.0,321.0,-2.412259529220411,0.06915029210017817
G187T,638.0,278.0,-2.6402370754556577,0.07239586844302343
G187V,994.0,51.0,-5.726203176289969,0.14382913687328408
G187W,766.0,341.0,-2.6093439961529317,0.06568657862332454
G187Y,1199.0,82.0,-5.311694859927462,0.11447467678537679
G187_,545.0,0.0,-17.17578989705309,10.000095580744231
G18A,292.0,64.0,-3.631443378295778,0.138289169974325
G18C,691.0,0.0,-17.518213784765482,10.000076197327775
G18D,291.0,1.0,-9.612364442616856,0.9968009396229515
G18E,323.0,1.0,-9.762874542894888,0.9966301643975493
G18H,491.0,0.0,-17.025259602969555,10.00010567012671
G18I,448.0,1.0,-10.234826648123729,0.9961967166359186
G18K,197.0,1.0,-9.049564574259756,0.997623019820321
G18L,728.0,4.0,-8.94600703701026,0.5008262786739925
G18M,468.0,0.0,-16.95604655223419,10.000110674476668
G18N,86.0,0.0,-14.51208350634997,10.000585150397615
G18P,632.0,1.0,-10.731243098860908,0.9958705029510132
G18Q,457.0,0.0,-16.921732929694976,10.000113245920197
G18R,360.0,0.0,-16.577544176798355,10.000142723777545
G18S,1226.0,10063.0,1.5952244338407469,0.03149322433703411
G18T,954.0,0.0,-17.983511584678798,10.000056249958968
G18V,387.0,0.0,-16.68187804076742,10.00013303450819
G18W,494.0,1.0,-10.375835959053369,0.9960923931663125
G18Y,496.0,0.0,-17.03987640285025,10.00010464363683
G18_,25.0,0.0,-12.730084158569262,10.002002839516644
G20A,453.0,190.0,-2.6952623660048944,0.08687423663892235
G20C,439.0,0.0,-16.86376099853686,10.000117731694077
G20D,508.0,2.0,-9.423312400985413,0.7067939574587458
G20E,582.0,0.0,-17.27055113743293,10.000089748539157
G20F,400.0,1.0,-10.071331780111134,0.9963311410892011
G20H,417.0,0.0,-16.789589176196234,10.000123740200907
G20I,380.0,0.0,-16.655544579653395,10.000135414333082
G20K,813.0,0.0,-17.752780293455366,10.000065339410167
G20L,306.0,0.0,-16.343085994982072,10.000167231719914
G20M,887.0,0.0,-17.87845756525448,10.000060208734116
G20N,496.0,0.0,-17.03987640285025,10.00010464363683
G20P,1043.0,0.0,-18.11218828078369,10.000051777809956
G20Q,670.0,0.0,-17.473689824109265,10.000078465209093
G20R,744.0,2.0,-9.973777517024182,0.7063521084194327
G20S,1746.0,615.0,-2.9471748643604307,0.04770240590090397
G20T,290.0,0.0,-16.265609843425104,10.000176246059949
G20V,620.0,1.0,-10.70358719777266,0.9958858782080429
G20W,342.0,1.0,-9.84533422174593,0.9965438757610434
G20Y,684.0,0.0,-17.503524612927496,10.000076937815622
G20_,1092.0,0.0,-18.178421358515426,10.000049626768428
G217A,984.0,0.0,-18.028180172962728,10.00005465210748
G217C,568.0,0.0,-17.23542352500469,10.00009186596236
G217D,886.0,0.0,-17.876830177865884,10.00006027235508
G217E,338.0,0.0,-16.486573125099035,10.00015176323109
G217F,348.0,229.0,-2.0455129818905498,0.08553886539799005
G217H,283.0,1.0,-9.572148743965798,0.9968496623114543
G217I,693.0,1.0,-10.864171883508494,0.9958005753278703
G217K,372.0,1.0,-9.966637116122754,0.9964255641967497
G217L,902.0,0.0,-17.90265062373152,10.000059271347386
G217M,899.0,1.0,-11.239632876612177,0.9956345413261862
G217N,1017.0,3.0,-9.842149478983018,0.5773092615085624
G217P,244.0,0.0,-16.01644746936026,10.000208747221158
G217Q,806.0,4.0,-9.09284650756722,0.5006935522863116
G217R,694.0,2.0,-9.873411955525562,0.7064206498542037
G217S,641.0,0.0,-17.40985405954911,10.000081841333424
G217T,350.0,0.0,-16.53690333726481,10.000146691750496
G217V,245.0,0.0,-16.02234782947575,10.00020791090686
G217W,684.0,0.0,-17.503524612927496,10.000076937815622
G217Y,920.0,1.0,-11.27294525573821,0.9956217905960424
G217_,464.0,1.0,-10.285451610769286,0.9961580854310523
G246A,1043.0,0.0,-18.11218828078369,10.000051777809956
G246C,965.0,17.0,-7.267883662785291,0.24474885427926574
G246D,597.0,0.0,-17.307262292971508,10.00008759007242
G246E,714.0,0.0,-17.56545147586352,10.0000738665227
G246F,674.0,42.0,-5.445760121670503,0.15926176263863567
G246H,922.0,1.0,-11.276078111207342,0.9956206065252028
G246I,602.0,161.0,-3.3444319742633573,0.08915543526451926
G246K,770.0,0.0,-17.67438437792285,10.00006877375022
G246L,768.0,2.0,-10.019580600674626,0.7063223764626505
G246M,1262.0,39.0,-6.457530349890616,0.16279936963672711
G246N,1641.0,11.0,-8.661420567645848,0.3025106567609648
G246P,725.0,0.0,-17.587508090170022,10.000072804066063
G246Q,607.0,1.0,-10.673015997099478,0.9959032204587883
G246R,767.0,0.0,-17.668752583126654,10.000069027725164
G246S,2191.0,12.0,-8.953010924074482,0.28947737826383535
G246T,765.0,0.0,-17.664985802378474,10.000069198148422
G246V,1092.0,223.0,-3.7336005754260277,0.07400433557050855
G246W,981.0,1061.0,-1.3286963105506144,0.04515142398737673
G246Y,1119.0,1.0,-11.555446737047085,0.9955247120315879
G246_,663.0,0.0,-17.4585378262177,10.000079253094862
G247A,1038.0,626.0,-2.1713575504801748,0.05135752845310373
G247C,952.0,12.0,-7.750463488045408,0.29050155102337893
G247D,792.0,0.0,-17.715025841974104,10.000066970056857
G247E,592.0,0.0,-17.295128741434805,10.00008829740806
G247F,664.0,0.0,-17.460712164681286,10.000079139522708
G247H,583.0,0.0,-17.273027825206874,10.000089601185927
G247I,1170.0,0.0,-18.277956151307933,10.000046574334101
G247K,968.0,0.0,-18.00452914723502,10.000055491970073
G247L,821.0,8.0,-8.121248557837287,0.3551601784140482
G247M,919.0,399.0,-2.6454504725836774,0.060589814285090096
G247N,1025.0,0.0,-18.087073275560737,10.000052619638538
G247P,1584.0,3.0,-10.481397057377412,0.5770043483966086
G247Q,785.0,0.0,-17.70221822810572,10.000067532993178
G247R,1095.0,0.0,-18.18237933588857,10.000049501326014
G247S,971.0,13.0,-7.663588102615311,0.2792321643720511
G247T,456.0,0.0,-16.918572658029998,10.0001134858394
G247V,1115.0,64.0,-5.564410346615965,0.1288262675844487
G247W,582.0,0.0,-17.27055113743293,10.000089748539157
G247Y,1164.0,21.0,-7.233678296632307,0.22030042470477984
G247_,1114.0,3.0,-9.973577797269071,0.5772351054233194
G248A,609.0,4935.0,1.5767203690611313,0.04383421378957238
G248C,749.0,964.0,-1.0777316844659648,0.04948964132804756
G248D,1078.0,1.0,-11.501594369172535,0.9955417823387341
G248E,959.0,0.0,-17.991053054846624,10.000055976708126
G248F,595.0,0.0,-17.302421111130045,10.000087871580147
G248H,663.0,1.0,-10.800326343465906,0.9958333585893153
G248I,926.0,2.0,-10.289483278020253,0.7061650905117057
G248K,947.0,0.0,-17.9728868559231,10.000056637357616
G248L,1081.0,29.0,-6.661480579568013,0.1883420511658787
G248M,744.0,0.0,-17.62482920820311,10.000071042910527
G248N,852.0,1.0,-11.162166076578075,0.9956653556024585
G248P,1141.0,0.0,-18.241746726524607,10.00004766047691
G248Q,565.0,0.0,-17.227783597665102,10.000092333347762
G248R,1158.0,0.0,-18.26308300260486,10.000047017174603
G248S,932.0,1424.0,-0.8302528783038294,0.043034723446823755
G248T,650.0,0.0,-17.429969109216422,10.000080761332468
G248V,1352.0,1.0,-11.828329630475253,0.9954473590814609
G248W,492.0,0.0,-17.0281948342742,10.000105463159686
G248Y,1042.0,0.0,-18.11080441381694,10.000051823815205
G248_,541.0,0.0,-17.165162456934517,10.00009625903525
G251A,870.0,0.0,-17.850539179505425,10.000061310180918
G251C,825.0,0.0,-17.77391880240283,10.000064444883417
G251D,1140.0,0.0,-18.240481770379272,10.000047698915711
G251E,1321.0,2.0,-10.802024987423803,0.7059364204041523
G251F,511.0,0.0,-17.082858719604054,10.000101684691426
G251H,900.0,2.0,-10.248396536056969,0.7061871790666208
G251I,1071.0,0.0,-18.150407241392315,10.000050524542344
G251K,912.0,0.0,-17.9185568392656,10.000058663553272
G251L,538.0,0.0,-17.157140184363378,10.00009677437237
G251M,910.0,1.0,-11.257178112201832,0.9956277889983508
G251N,670.0,1.0,-10.81547834135747,0.9958254466720742
G251P,965.0,0.0,-18.000051088448675,10.000055652544798
G251Q,913.0,0.0,-17.92013785775885,10.000058603506131
G251R,883.0,1.0,-11.213725489529356,0.9956446631245118
G251S,1078.0,4.0,-9.51234742546941,0.5003808440425
G251T,935.0,7.0,-8.501218356738367,0.37920924953557533
G251V,555.0,0.0,-17.202020961671543,10.00009392779083
G251W,885.0,1.0,-11.216989469928365,0.9956433778907953
G251Y,1414.0,1.0,-11.893016131119769,0.9954310693260345
G251_,668.0,0.0,-17.469376895706567,10.000078688634387
G291A,856.0,1587.0,-0.5511831530924916,0.04330267550123582
G291C,617.0,335.0,-2.3228845275378145,0.06842879583619363
G291D,867.0,629.0,-1.904760496570253,0.053103525118596576
G291E,784.0,403.0,-2.401851235140396,0.061916211474317986
G291F,1355.0,3.0,-10.256119112801134,0.5770967950494825
G291H,1128.0,1034.0,-1.5673245357693228,0.04393655539948503
G291I,828.0,0.0,-17.779155387410277,10.000064225302967
G291K,1223.0,317.0,-3.389630760923037,0.06363116159794713
G291L,2018.0,271.0,-4.338310148258893,0.06528578502545619
G291M,1212.0,308.0,-3.41814732255397,0.06440899656384713
G291N,830.0,313.0,-2.848714785696182,0.06690580073517789
G291P,841.0,0.0,-17.801630150835088,10.000063291889965
G291Q,674.0,1104.0,-0.7298834777734466,0.049661269726985764
G291R,1369.0,3066.0,-0.2785653988062573,0.03366610984971468
G291S,1117.0,15453.0,2.348379056430648,0.03219867615662812
G291T,898.0,1450.0,-0.7505353821973628,0.04335918660756154
G291V,769.0,21.0,-6.635649107993547,0.22129968636124195
G291W,1537.0,33.0,-6.982874419035596,0.17612853120408292
G291Y,1650.0,17558.0,1.969787851573107,0.02719938045446918
G291_,987.0,1.0,-11.374360414764606,0.9955847358027486
G305A,1869.0,0.0,-18.953709578962116,10.000030591849091
G305C,956.0,0.0,-17.98653290501715,10.000056140315642
G305D,741.0,86.0,-4.548711517944502,0.11424911293576334
G305E,1019.0,1.0,-11.420392017456937,0.995568756963059
G305F,2369.0,16.0,-8.65096198676456,0.250918063232007
G305H,798.0,0.0,-17.725914021157312,10.00006649540044
G305I,874.0,0.0,-17.857156982377433,10.000061047162177
G305K,921.0,0.0,-17.93272401661058,10.000058127823191
G305L,1027.0,1.0,-11.431674037324521,0.9955649178009439
G305M,566.0,4.0,-8.582876311626489,0.5012186221027941
G305N,1267.0,8.0,-8.747204769551372,0.354556060621587
G305P,931.0,1.0,-11.290092377074128,0.9956153411441258
G305Q,834.0,0.0,-17.789571878005663,10.000063790881143
G305R,871.0,0.0,-17.852196478329724,10.000061244199756
G305S,848.0,0.0,-17.813588473539124,10.000062801136728
G305T,1013.0,0.0,-18.07008370670078,10.000053197477895
G305V,786.0,0.0,-17.704054863203602,10.000067451959824
G305W,747.0,0.0,-17.63063475200961,10.00007077302289
G305Y,1171.0,0.0,-18.27918868680839,10.00004653784041
G305_,907.0,5.0,-8.941958859638424,0.44808494438158314
G322A,815.0,139.0,-3.993423907177444,0.09218189183146455
G322C,731.0,0.0,-17.599398337890733,10.000072238021282
G322D,514.0,6.0,-7.860082442369583,0.41037986527724074
G322E,534.0,16.0,-6.501616361842416,0.2537920040279696
G322F,575.0,0.0,-17.253094242125115,10.000090794362375
G322H,1673.0,54.0,-6.394870526624929,0.13852656841981636
G322I,926.0,79.0,-4.992715423179155,0.1175300939761263
G322K,867.0,44.0,-5.741940172975553,0.1547652840513691
G322L,657.0,126.0,-3.824171916809197,0.09764589215666589
G322M,932.0,107.0,-4.56439462910681,0.10244347806486832
G322N,2167.0,8230.0,0.4833935562439513,0.025685933384191464
G322P,510.0,541.0,-1.3566650903363762,0.062337274872380916
G322Q,634.0,57.0,-4.91701350543219,0.13854544311792394
G322R,952.0,12.0,-7.750463488045408,0.29050155102337893
G322S,1091.0,87.0,-5.090134112918507,0.11174215422710253
G322T,776.0,47.0,-5.486830474467558,0.15045766268799193
G322V,1345.0,61.0,-5.904222174586679,0.13119085262084418
G322W,1487.0,0.0,-18.623849640234198,10.000037464216591
G322Y,1194.0,10.0,-8.34002395141427,0.317512848756276
G322_,870.0,2.0,-10.199487488326497,0.7062143054259277
G326A,563.0,219.0,-2.803958618791814,0.08011843882660159
G326C,1167.0,59.0,-5.7475084712430835,0.13371599111358395
G326D,1071.0,1.0,-11.492195758640523,0.9955448273687147
G326E,1091.0,0.0,-18.177099616028595,10.00004966873587
G326F,813.0,0.0,-17.752780293455366,10.000065339410167
G326H,1583.0,13.0,-8.368700413230439,0.278518319069697
G326I,1026.0,0.0,-18.08848008305672,10.000052572095381
G326L,1200.0,1.0,-11.656270236315684,0.995494415650582
G326M,1263.0,0.0,-18.388301352668933,10.000043427639204
G326N,1378.0,0.0,-18.514021648314376,10.000040123891518
G326P,1831.0,1.0,-12.265863478460888,0.9953501654517226
G326Q,1569.0,3.0,-10.467670161339184,0.5770095783350679
G326R,1421.0,8.0,-8.912693565635825,0.35443541751025565
G326S,955.0,274.0,-3.2430821108832575,0.06908984439775942
G326T,833.0,0.0,-17.787841010692805,10.00006386285019
G326V,615.0,0.0,-17.350117064654853,10.000085138893713
G326W,410.0,0.0,-16.765166292923276,10.000125787219122
G326Y,1478.0,2.0,-10.9640396302274,0.7058794645839057
G326_,961.0,0.0,-17.994058639294046,10.000055868203932
G329A,1014.0,1.0,-11.413295688106151,0.9955711871939427
G329C,865.0,43.0,-5.771767591201432,0.15647126951306414
G329D,1132.0,0.0,-18.230321993594444,10.000048008870955
G329E,1157.0,1.0,-11.603625141739165,0.9955099708026456
G329F,1717.0,9604.0,1.0419436476278565,0.027628359802798652
G329H,772.0,2.0,-10.027075039890732,0.7063176007443892
G329I,1132.0,0.0,-18.230321993594444,10.000048008870955
G329K,729.0,0.0,-17.59544580040965,10.000072425667604
G329L,985.0,0.0,-18.029645567082568,10.000054600521997
G329M,1437.0,657.0,-2.570877683458312,0.04790335616199396
G329N,984.0,0.0,-18.028180172962728,10.00005465210748
G329P,934.0,4.0,-9.305486765748784,0.5005237319583599
G329Q,665.0,1904.0,0.07579829919188441,0.04588833635099105
G329R,1549.0,110.0,-5.257434697208492,0.0990578197102766
G329S,1322.0,68.0,-5.722637204140571,0.12464725938806191
G329T,1129.0,3.0,-9.9928738786409,0.5772247748235538
G329V,1404.0,5.0,-9.57232170884148,0.44764923695235603
G329W,1800.0,2.0,-11.24838852115131,0.705793727360661
G329Y,924.0,2.0,-10.28636396989835,0.7061667455227597
G329_,1377.0,0.0,-18.512974327348108,10.000040150241407
G330A,1352.0,15.0,-7.934832851606359,0.25968959669839814
G330C,807.0,1.0,-11.08388226384021,0.9956982209588474
G330D,1193.0,1.0,-11.647829944056948,0.995496871488674
G330E,863.0,0.0,-17.838884472453007,10.000061776330499
G330F,1326.0,1.0,-11.800315463535883,0.9954546435313726
G330H,1479.0,1.0,-11.957855615007677,0.9954154575618164
G330I,999.0,1.0,-11.391794832523164,0.9955786238080939
G330K,504.0,1.0,-10.40474807152877,0.9960722327320726
G330L,1127.0,2.0,-10.57288391629775,0.7060287081172222
G330M,734.0,0.0,-17.605306914118128,10.000071958469134
G330N,1024.0,0.0,-18.085665094912983,10.000052667274554
G330P,1047.0,0.0,-18.117710512350286,10.000051594667747
G330Q,1036.0,1.0,-11.444261736658376,0.9955606695981886
G330R,1152.0,1.0,-11.597377048193632,0.9955118548882095
G330S,1161.0,0.0,-18.266815689288944,10.000046905606268
G330T,922.0,0.0,-17.934289593959136,10.00005806894323
G330V,1133.0,0.0,-18.231595885334585,10.000047969887179
G330W,1113.0,0.0,-18.20590184566634,10.000048762872394
G330Y,566.0,0.0,-17.230334738081407,10.000092177002127
G330_,855.0,4.0,-9.177990063008892,0.5006225433088889
G339A,1771.0,3.0,-10.642387972349287,0.5769465819927145
G339C,1192.0,2.0,-10.653779938541799,0.7059944420808755
G339D,3.0,0.0,-9.675414493147994,10.016601355196423
G339E,768.0,1.0,-11.012420809101759,0.9957298185662068
G339F,1929.0,4.0,-10.351837486716772,0.499971753737572
G339H,626.0,1.0,-10.717481416406427,0.9958781169270341
G339I,1279.0,3.0,-10.17284315810826,0.5771347881028972
G339K,1139.0,1.0,-11.581004221394206,0.9955168309074292
G339L,1151.0,1.0,-11.596124175763903,0.995512233669169
G339M,992.0,1.0,-11.381650377021579,0.9955821711726449
G339N,803.0,0.0,-17.734925149882795,10.000066105271792
G339P,1102.0,0.0,-18.191572606281316,10.000049211283086
G339Q,1547.0,0.0,-18.680917813341708,10.000036160111334
G339R,1354.0,0.0,-18.48867368475805,10.000040767031114
G339S,1083.0,0.0,-18.16648185499369,10.000050007265456
G339T,1365.0,2.0,-10.849295119947026,0.7059191373508045
G339V,945.0,0.0,-17.969836791804866,10.000056749097077
G339W,1428.0,0.0,-18.56544137306319,10.000038853450006
G339Y,758.0,1.0,-10.993512594372875,0.9957384440765533
G339_,1204.0,1.0,-11.661071182638114,0.9954930251329132
G343A,770.0,0.0,-17.67438437792285,10.00006877375022
G343C,1079.0,1.0,-11.502932043504945,0.9955413505589077
G343D,955.0,1.0,-11.326811553009597,0.995601785181655
G343E,726.0,0.0,-17.58949661585443,10.000072709075546
G343F,1202.0,0.0,-18.31688418927886,10.00004543665356
G343H,881.0,0.0,-17.868665590643623,10.000060592626307
G343I,1129.0,1.0,-11.56828207264881,0.9955207365744975
G343K,1380.0,1.0,-11.857902529350767,0.9954398212010341
G343L,1476.0,3.0,-10.379518109787245,0.577044375336736
G343M,1239.0,0.0,-18.3606231222844,10.000044194466817
G343N,991.0,0.0,-18.038406811248212,10.000054293195353
G343P,1306.0,16.0,-7.791843641820431,0.2516017649412915
G343Q,1062.0,0.0,-18.13823264160228,10.0000509201714
G343R,1455.0,3.0,-10.358844682594722,0.5770528480326649
G343S,740.0,1.0,-10.958840479674738,0.9957545572542665
G343T,1569.0,0.0,-18.701289838098887,10.000035706929708
G343V,1408.0,1.0,-11.886881388425776,0.9954325830668205
G343W,1182.0,1.0,-11.634466049078926,0.9955007894189286
G343Y,3046.0,1.0,-13.000144486250035,0.9952407264244196
G343_,1061.0,0.0,-18.136873544516444,10.000050964544494
G348A,1143.0,0.0,-18.244273316326137,10.000047583801088
G348C,1081.0,2.0,-10.512763468587082,0.7060554467853437
G348D,1063.0,0.0,-18.139590459549765,10.000050875881792
G348E,1062.0,0.0,-18.13823264160228,10.0000509201714
G348F,1105.0,0.0,-18.19549471644645,10.000049088103886
G348H,1250.0,1.0,-11.715163444474832,0.9954776736836433
G348I,810.0,2.0,-10.09639522369602,0.7062745824198589
G348K,1112.0,4.0,-9.557146626249537,0.5003525021358491
G348L,778.0,0.0,-17.689295894668092,10.000068106059294
G348M,887.0,0.0,-17.87845756525448,10.000060208734116
G348N,1517.0,0.0,-18.65266588656355,10.000036799269159
G348P,1051.0,1.0,-11.46500020418765,0.9955537509022346
G348Q,689.0,0.0,-17.51403211768547,10.000076407360433
G348R,1478.0,2.0,-10.9640396302274,0.7058794645839057
G348S,1147.0,3.0,-10.015693583350718,0.5772127345297919
G348T,750.0,1.0,-10.978205544600106,0.995745510036746
G348V,1563.0,4.0,-10.048303872972802,0.50009313640282
G348W,867.0,0.0,-17.8455558293701,10.000061509037623
G348Y,867.0,0.0,-17.8455558293701,10.000061509037623
G348_,1345.0,0.0,-18.47905218992431,10.00004101412577
G34A,581.0,44.0,-5.164454534199255,0.1565887757322977
G34C,1071.0,15.0,-7.598698979771629,0.26006296397550693
G34D,774.0,11245.0,2.4189941117473017,0.038179793176857595
G34E,674.0,11.0,-7.3776784385926515,0.3039522563796644
G34F,1161.0,12.0,-8.03679525358331,0.29017591394976994
G34H,884.0,63.0,-5.252204791226926,0.1306847388606683
G34I,849.0,0.0,-17.81528874249043,10.000062731689727
G34K,1029.0,25.0,-6.8044029511678605,0.20256507486027547
G34L,772.0,8.0,-8.032468298660952,0.3552689972106055
G34M,38.0,0.0,-13.333958126250257,10.00131919605556
G34N,2443.0,1007.0,-2.7203765754678773,0.03845991694755185
G34P,819.0,0.0,-17.76338826302055,10.000064888870188
G34Q,661.0,2.0,-9.80312760227284,0.706471563142849
G34R,698.0,10.0,-7.565528642372012,0.31844864489131497
G34S,380.0,15.0,-6.103836318032708,0.26330696312627605
G34T,491.0,0.0,-17.025259602969555,10.00010567012671
G34V,844.0,2.0,-10.155715597133147,0.7062393738652443
G34W,583.0,0.0,-17.273027825206874,10.000089601185927
G34Y,446.0,7.0,-7.433312619132507,0.38075221581805047
G34_,1007.0,1.0,-11.403301818010636,0.9955746300506922
G364A,1074.0,175.0,-4.059292978032269,0.08198685584276867
G364C,1252.0,105.0,-5.017442275746815,0.1019726117517535
G364D,940.0,2.0,-10.311131609287035,0.7061537025198682
G364E,1189.0,3.0,-10.067576462782057,0.5771860573008801
G364F,1341.0,109.0,-5.0625824205558745,0.09997985907003386
G364H,1110.0,1.0,-11.543796481842765,0.995528351172028
G364I,1448.0,133.0,-4.886259762065842,0.09102543588968641
G364K,1029.0,0.0,-18.09269229334883,10.00005243002034
G364L,1739.0,740.0,-2.674444373526205,0.04475676723310043
G364M,860.0,126.0,-4.212610022841012,0.09578857230107772
G364N,1719.0,2.0,-11.181961537079047,0.7058122719919294
G364P,1781.0,0.0,-18.884130907719385,10.000031913672188
G364Q,1617.0,0.0,-18.744763891656344,10.000034760972929
G364R,231.0,0.0,-15.937462500558063,10.00022027818567
G364S,923.0,91.0,-4.784044115043172,0.11021801450000965
G364T,1273.0,139.0,-4.636777993277334,0.08975556893705385
G364V,1162.0,201.0,-3.973078120093172,0.07689115661299314
G364W,1077.0,40.0,-6.192322022796564,0.161242188490814
G364Y,729.0,2.0,-9.944394109230723,0.706371684319579
G364_,1286.0,1.0,-11.756125669163989,0.9954664254170358
G369A,1458.0,322.0,-3.620618034096281,0.06219449551085822
G369C,1193.0,150.0,-4.433270370074593,0.08707027905432232
G369D,864.0,1.0,-11.182343723337329,0.995657169518801
G369E,953.0,2.0,-10.330946857272536,0.7061434273894173
G369F,903.0,2.0,-10.25319746906575,0.706184565507435
G369H,2083.0,0.0,-19.1101050562314,10.000027843451694
G369I,744.0,0.0,-17.62482920820311,10.000071042910527
G369K,949.0,0.0,-17.975930485370004,10.000056526089129
G369L,689.0,1.0,-10.855820634933679,0.9958047815449158
G369M,800.0,22.0,-6.625581799621486,0.21624216369949917
G369N,846.0,9.0,-7.994798616501513,0.33503224586534747
G369P,1283.0,0.0,-18.41096770590912,10.000042810531033
G369Q,923.0,1.0,-11.277641991471143,0.9956200164135119
G369R,1888.0,3.0,-10.734682020138145,0.5769162566043493
G369S,1041.0,178.0,-3.989748549390148,0.0815785682419756
G369T,1474.0,63.0,-5.9898165085290245,0.1289407363755831
G369V,1451.0,4.0,-9.941034326504472,0.5001425087226036
G369W,1247.0,1.0,-11.711696842521215,0.9954786403488793
G369Y,1160.0,1.0,-11.607361050398763,0.9955088481457607
G369_,1835.0,1.0,-12.26901173321869,0.995349567418816
G37A,428.0,30.0,-5.275924096400158,0.18903813169764042
G37C,468.0,0.0,-16.95604655223419,10.000110674476668
G37D,519.0,6.0,-7.874048351134227,0.4103570293445779
G37E,439.0,1.0,-10.205549515785066,0.9962196834249291
G37F,790.0,1.0,-11.05316662832265,0.9957116108414559
G37H,664.0,0.0,-17.460712164681286,10.000079139522708
G37I,226.0,0.0,-15.905893803229699,10.000225066381487
G37K,437.0,0.0,-16.857173488902387,10.000118252923697
G37L,372.0,1.0,-9.966637116122754,0.9964255641967497
G37M,717.0,0.0,-17.571500435994352,10.000073573528818
G37N,230.0,0.0,-15.931203781615167,10.000221219171145
G37P,492.0,2.0,-9.377143143095271,0.7068392406531745
G37Q,464.0,0.0,-16.94366309352108,10.000111595440757
G37R,674.0,0.0,-17.48227719215702,10.000078022336329
G37S,251.0,0.0,-16.057252036858916,10.000203032955145
G37T,429.0,1.0,-10.172306989773858,0.9962463315862685
G37V,758.0,59.0,-5.124980334124983,0.1354338192715592
G37W,465.0,4.0,-8.29931051106969,0.5016012811908779
G37Y,599.0,2.0,-9.661035592630945,0.7065823761771646
G37_,603.0,0.0,-17.32168912315561,10.000086756753296
G41A,449.0,25.0,-5.60796542965806,0.2056402771574163
G41C,722.0,0.0,-17.581526014837586,10.000073090616372
G41D,623.0,0.0,-17.368762516224937,10.000084094945098
G41E,470.0,1.0,-10.303987165288845,0.9961442764522745
G41F,963.0,1.0,-11.338846492433813,0.9955974166391925
G41H,397.0,1.0,-10.06047106002197,0.9963406211952062
G41I,694.0,1.0,-10.866252163952696,0.9957995313467868
G41K,610.0,5.0,-8.369673295962576,0.44868353111406933
G41L,909.0,0.0,-17.913803361502396,10.00005884448738
G41M,384.0,0.0,-16.67065107657834,10.00013404380927
G41N,401.0,0.0,-16.73314540960179,10.000128524109101
G41P,603.0,1.0,-10.663477640403817,0.9959087069072329
G41Q,571.0,30.0,-5.691795603819131,0.18748414343861303
G41R,365.0,1.0,-9.939231702528692,0.9964514319177897
G41S,686.0,2.0,-9.856685111543573,0.706432543000876
G41T,727.0,0.0,-17.59148240444463,10.00007261434635
G41V,327.0,0.0,-16.438841950100908,10.00015673905964
G41W,246.0,0.0,-16.028224156450168,10.00020708139152
G41Y,1533.0,0.0,-18.667802398717654,10.000036455271912
G41_,304.0,0.0,-16.33362597589979,10.000168306622792
G58A,194.0,3710.0,2.8154253377862024,0.07416677045624744
G58C,639.0,7442.0,2.0999870991637746,0.04214366308566682
G58D,619.0,5.0,-8.390803118860386,0.4486569697349874
G58E,395.0,0.0,-16.711396372690245,10.000130417988583
G58F,215.0,0.0,-15.833910956286935,10.000236384294581
G58H,1027.0,0.0,-18.089885520076315,10.00005252464481
G58I,5818.0,72121.0,2.1900271031140526,0.016203115825898604
G58K,373.0,0.0,-16.628721504051022,10.000137883478168
G58L,443.0,506.0,-1.249968184882948,0.06565307471012372
G58M,186.0,84.0,-2.5885420276948263,0.1317429132525186
G58N,100.0,0.0,-14.729651458228837,10.00050377708051
G58P,231.0,0.0,-15.937462500558063,10.00022027818567
G58Q,950.0,1.0,-11.319238412813194,0.9956045528729158
G58R,1363.0,1.0,-11.840019954880765,0.9954443608434977
G58S,1144.0,4998.0,0.6854593085463145,0.03392629019628519
G58T,264.0,1427.0,0.992536147175402,0.0675669782644049
G58V,793.0,795.0,-1.4381608676882172,0.05094761290647726
G58W,1181.0,1.0,-11.633244988633384,0.9955011492126591
G58Y,520.0,0.0,-17.108046563060107,10.000099991262243
G58_,318.0,0.0,-16.398579328502638,10.000161066228095
G59A,610.0,0.0,-17.338340089157782,10.000085805266362
G59C,826.0,0.0,-17.775666443518393,10.000064371512712
G59D,285.0,0.0,-16.240519735205684,10.000179270599148
G59E,882.0,1.0,-11.212090725962648,0.995645307926492
G59F,500.0,0.0,-17.051464144437386,10.00010383722601
G59H,698.0,0.0,-17.532754901208005,10.000075471691853
G59I,859.0,0.0,-17.832182122256583,10.000062046112678
G59K,840.0,4.0,-9.15245527221295,0.5006434019572789
G59L,534.0,0.0,-17.146373954358673,10.000097470495461
G59M,1018.0,0.0,-18.077187024026088,10.000052955055953
G59N,955.0,0.0,-17.98502303576139,10.000056195079901
G59P,318.0,1.0,-9.740367845750844,0.9966545842995022
G59Q,888.0,1.0,-11.221871636235626,0.9956414608920299
G59R,854.0,1.0,-11.16554867631736,0.9956639752841234
G59S,466.0,1.0,-10.291656626854376,0.9961534429496652
G59T,940.0,1.0,-11.30397181771417,0.9956101765613704
G59V,225.0,0.0,-15.899496315734806,10.000226049556277
G59W,667.0,0.0,-17.46721558679627,10.000078800849481
G59Y,638.0,0.0,-17.403086232525606,10.000082208104777
G59_,745.0,39.0,-5.6971387033921195,0.16447951808119368
G66A,1152.0,1000.0,-1.6459336296303406,0.04410026442180822
G66C,505.0,6.0,-7.834597971026771,0.41042210611981433
G66D,651.0,2.0,-9.781135209193662,0.706488009683941
G66E,698.0,0.0,-17.532754901208005,10.000075471691853
G66F,1043.0,0.0,-18.11218828078369,10.000051777809956
G66H,505.0,1.0,-10.407607668986161,0.996070260579686
G66I,242.0,0.0,-16.004573857703477,10.000210440583748
G66K,724.0,0.0,-17.585516819835693,10.000072899318978
G66L,528.0,2.0,-9.479020757853512,0.7067412090978258
G66M,301.0,0.0,-16.31931861219436,10.000169945759291
G66N,854.0,0.0,-17.823760159069153,10.000062386894275
G66P,331.0,0.0,-16.456381998264746,10.000154891403794
G66Q,610.0,1815.0,0.13127788221116354,0.04761379885627321
G66R,581.0,6.0,-8.036849009882616,0.41010643393537666
G66S,1064.0,225.0,-3.6832455014178924,0.07389778761834438
G66T,574.0,257.0,-2.6010461928094157,0.07556338012826729
G66V,426.0,0.0,-16.820394492072143,10.000121207167417
G66W,636.0,0.0,-17.39855664515333,10.000082454541255
G66Y,167.0,1.0,-8.811230202223488,0.9980798918983409
G66_,465.0,4.0,-8.29931051106969,0.5016012811908779
G74A,564.0,0.0,-17.22522793803435,10.0000924902478
G74C,416.0,0.0,-16.786125404056538,10.000124028414449
G74D,582.0,1.0,-10.612339654681135,0.9959387474834546
G74E,530.0,0.0,-17.135526776017933,10.000098177125823
G74F,575.0,0.0,-17.253094242125115,10.000090794362375
G74H,516.0,0.0,-17.09690622052157,10.000100736604635
G74I,343.0,1.0,-9.849546350050822,0.9965395988627201
G74K,984.0,3.0,-9.794560496203024,0.5773378203077283
G74L,594.0,1.0,-10.64178293180285,0.9959213214630696
G74M,577.0,9.0,-7.442720222158554,0.335853627137818
G74N,783.0,4.0,-9.051079502105502,0.5007299439843643
G74P,164.0,0.0,-15.443290977309031,10.000308694460253
G74Q,447.0,1.0,-10.23160281929037,0.9961992228571529
G74R,632.0,35.0,-5.6159032351841995,0.1738456682944144
G74S,513.0,1.0,-10.430282661454529,0.9960547600125621
G74T,665.0,0.0,-17.46288323105072,10.000079026292116
G74V,468.0,0.0,-16.95604655223419,10.000110674476668
G74W,554.0,0.0,-17.199419213403907,10.000094090400928
G74Y,558.0,1.0,-10.551586689758576,0.9959758469871206
G74_,926.0,0.0,-17.94053496919918,10.000057834695081
G88A,296.0,1.0,-9.636941627914211,0.9967718241655793
G88C,402.0,127.0,-3.1040841147224487,0.10216502047227857
G88D,485.0,1.0,-10.349310206468557,0.9961112479843999
G88E,309.0,453.0,-0.8899054454297266,0.07429934936318984
G88F,508.0,1392.0,0.01244595761039502,0.05257039217117717
G88H,271.0,134.0,-2.4578002424896566,0.10596615372391795
G88I,538.0,29.0,-5.654805604165381,0.19080453067405317
G88K,353.0,0.0,-16.54921624840322,10.000145477753941
G88L,534.0,26.0,-5.801523270415682,0.2009879863555011
G88M,236.0,19.0,-5.075812368726991,0.23857450950742656
G88N,198.0,1.0,-9.056869005036813,0.9976101719559205
G88P,521.0,59.0,-4.584074516059797,0.1376314809550009
G88Q,790.0,102.0,-4.394955145570854,0.10557254641982378
G88R,940.0,180.0,-3.826393866863371,0.08182823902724085
G88S,193.0,48.0,-3.4490635718744036,0.16151429646236934
G88T,536.0,1834.0,0.33287486741154115,0.049876702317914974
G88V,292.0,60.0,-3.724537757039931,0.14200431299366342
G88W,729.0,360.0,-2.4596964399995906,0.06500937791550454
G88Y,427.0,241.0,-2.2669716645294713,0.08104237323029771
G88_,559.0,1.0,-10.554169804521617,0.9959742376019707
H123A,904.0,995.0,-1.303422522925354,0.04677598508065285
H123C,602.0,358.0,-2.191582382537259,0.0673135598757161
H123D,582.0,169.0,-3.2257301473310918,0.08781678936374086
H123E,243.0,64.0,-3.3664412854478414,0.14076367169925771
H123F,364.0,21.0,-5.556624833623392,0.22454477337899273
H123G,440.0,127.0,-3.2343890377292643,0.10110819313078527
H123I,519.0,5.0,-8.136602738650204,0.4490037180850172
H123K,526.0,32.0,-5.480290461311398,0.18225843538530695
H123L,540.0,91.0,-4.010683960361541,0.1136504131033572
H123M,473.0,135.0,-3.250599230965171,0.09796823087938053
H123N,576.0,231.0,-2.7599333700070465,0.07836895563107397
H123P,280.0,83.0,-3.1959161176796984,0.12527903928025383
H123Q,577.0,204.0,-2.9417512676140163,0.08192428225241323
H123R,203.0,4.0,-7.103599563864095,0.5043602082103114
H123S,395.0,204.0,-2.3950441223321715,0.08666081746904816
H123T,394.0,139.0,-2.944838392005069,0.09903801805937608
H123V,282.0,164.0,-2.223757356132624,0.09858984757253153
H123W,623.0,40.0,-5.402617602879336,0.16332684266845807
H123Y,668.0,85.0,-4.4159600509490655,0.11548636647574105
H123_,640.0,0.0,-17.407601642984282,10.000081963208496
H155A,669.0,7779.0,2.097692064358569,0.0412321759296053
H155C,638.0,247.0,-2.810804403642427,0.07544924085794394
H155D,358.0,0.0,-16.56950708160861,10.000143499638797
H155E,307.0,0.0,-16.347792844091657,10.00016669952023
H155F,945.0,243.0,-3.4011087294796436,0.07245717463109526
H155G,777.0,0.0,-17.68744036195499,10.000068188768768
H155I,733.0,268.0,-2.893340865090453,0.07191826770453864
H155K,589.0,0.0,-17.28779932375908,10.000088727573686
H155L,961.0,20.0,-7.027553187388307,0.22603623535536366
H155M,932.0,0.0,-17.949852630294778,10.000057487092892
H155N,554.0,194.0,-2.955575817634876,0.08388200258379307
H155P,302.0,37.0,-4.470404095755946,0.1743779468219258
H155Q,628.0,1.0,-10.722083244970916,0.9958755627762189
H155R,591.0,1.0,-10.634478254465836,0.9959256116548639
H155S,360.0,30.0,-5.0263165732000665,0.1902017924354971
H155T,323.0,38.0,-4.528922715784716,0.17170189507972156
H155V,627.0,382.0,-2.156672864069816,0.06549350133294941
H155W,676.0,172.0,-3.4163469642726962,0.08584683364687014
H155Y,922.0,150.0,-4.061518537224986,0.08847375027923578
H155_,948.0,1.0,-11.316197990531336,0.9956056681217746
H178A,1509.0,212953.0,5.698994128861846,0.02727961336168034
H178C,348.0,332.0,-1.5096968830330315,0.077215499867742
H178D,631.0,3550.0,1.050293498383894,0.044082259330974025
H178E,638.0,618.0,-1.487743670455429,0.05711624679761308
H178F,767.0,277.0,-2.911102145389383,0.07064373466389454
H178G,876.0,192.0,-3.6315607058857786,0.08016481062037027
H178I,394.0,583.0,-0.8765064329615431,0.06580302725922516
H178K,344.0,157.0,-2.5733888719210034,0.09670940297882778
H178L,675.0,986.0,-0.8951014133287716,0.050719259976500175
H178M,609.0,787.0,-1.0718787667067273,0.05467573821362241
H178N,573.0,570.0,-1.4493679035800229,0.059802347191937784
H178P,828.0,8987.0,1.9983262944598104,0.037360164580892384
H178Q,610.0,426.0,-1.9597404134739325,0.06374539534554907
H178R,626.0,266.0,-2.676500038246095,0.07371208207565624
H178S,582.0,365.0,-2.114902768540734,0.06733965998123904
H178T,468.0,1552.0,0.2877317754131816,0.05345865250370119
H178V,757.0,1152.0,-0.8360258395244005,0.04760073355213247
H178W,551.0,62.0,-4.59330052356306,0.13423142559633897
H178Y,362.0,148.0,-2.7321297146446835,0.0979563687701191
H178_,799.0,0.0,-17.727720755236334,10.0000664169841
H354A,1995.0,1286.0,-2.0752889332812,0.03681908271370202
H354C,1486.0,1825.0,-1.145334271663188,0.03602333252427531
H354D,1277.0,4100.0,0.24106278957652671,0.03322313004254512
H354E,989.0,10000.0,1.8960777077581734,0.03446603144808304
H354F,1126.0,712.0,-2.103045047583694,0.04867608794691161
H354G,496.0,0.0,-17.03987640285025,10.00010464363683
H354I,1035.0,12.0,-7.871059561859253,0.29035653299434033
H354K,1479.0,3871.0,-0.05371658876611951,0.031800216433783744
H354L,540.0,0.0,-17.162493319541305,10.000096430178086
H354M,1252.0,33098.0,3.2826316715300288,0.03009525317352817
H354N,887.0,3390.0,0.49247243827525633,0.038719022301222095
H354P,1215.0,3.0,-10.098783801880852,0.5771704665142957
H354Q,1557.0,44043.0,3.3802681375969454,0.027235216411391303
H354R,1914.0,1001.0,-2.376936797144398,0.039978114395775456
H354S,2116.0,372.0,-3.949727953804171,0.05689888085437853
H354T,705.0,3218.0,0.748658366631699,0.042496658135258325
H354V,2002.0,137291.0,4.657849351927671,0.024157340585803738
H354W,795.0,1562.0,-0.46743603923704935,0.04443919308198164
H354Y,187.0,261.0,-0.9608051524975547,0.0962048531244659
H354_,2148.0,1.0,-12.49622451783836,0.9953096766250321
H379A,692.0,120.0,-3.969433076882435,0.09926983464809226
H379C,816.0,371.0,-2.5789235755822224,0.06322670020254281
H379D,1279.0,22.0,-7.302519404976405,0.2151570210381302
H379E,1282.0,62.0,-5.811557632062722,0.13031980524516035
H379F,1148.0,739.0,-2.0772642337647884,0.047969047472443384
H379G,632.0,53.0,-5.01740575633993,0.14325995239781542
H379I,568.0,297.0,-2.377199639656353,0.0721402640018299
H379K,723.0,237.0,-3.050862486667145,0.0753600244955424
H379L,831.0,432.0,-2.385595946509844,0.05995758073460321
H379M,1576.0,643.0,-2.735158425881627,0.04760771795509447
H379N,703.0,151.0,-3.660695938413199,0.09011841200473418
H379P,941.0,4.0,-9.316258823864636,0.5005157758432611
H379Q,1308.0,289.0,-3.6199770697421565,0.06558508471228615
H379R,846.0,188.0,-3.611660133805631,0.08110290034512559
H379S,897.0,424.0,-2.522820594786263,0.05958225421763097
H379T,1174.0,242.0,-3.720100946619694,0.07113815756130282
H379V,689.0,1113.0,-0.7499250884074238,0.04926071021469126
H379W,982.0,90.0,-4.889375335149914,0.11047620355068744
H379Y,486.0,201.0,-2.715513539505622,0.08431632703830395
H379_,396.0,0.0,-16.715044057475588,10.000130098356692
H89A,446.0,35.0,-5.1130319067146255,0.17573322148755122
H89C,694.0,38.0,-5.632300336842524,0.16681295758232287
H89D,603.0,0.0,-17.32168912315561,10.000086756753296
H89E,733.0,31.0,-6.004822265610536,0.18354480437913095
H89F,432.0,11.0,-6.735973150094138,0.3053163570432615
H89G,514.0,0.0,-17.09130362308077,10.000101113625973
H89I,595.0,241.0,-2.7456157235025263,0.0768546989552828
H89K,287.0,2.0,-8.599556508903937,0.7078654054757345
H89L,370.0,1.0,-9.95885997515849,0.9964328551694814
H89M,462.0,17.0,-6.205263848743125,0.24704290779986682
H89N,844.0,112.0,-4.3554273701727215,0.10094250686649577
H89P,330.0,27.0,-5.052739013269027,0.20032556302637844
H89Q,592.0,83.0,-4.276059312103697,0.11752743217687515
H89R,372.0,0.0,-16.624848598874546,10.000138243798624
H89S,157.0,15.0,-4.828655381911481,0.27031105825535257
H89T,475.0,53.0,-4.605416256316024,0.14507370317588786
H89V,319.0,11187.0,3.6902842171174877,0.05745330855070985
H89W,633.0,42.0,-5.355218416315668,0.15956317056455005
H89Y,420.0,166.0,-2.78094834545833,0.09209464970640871
H89_,253.0,0.0,-16.068701603249814,10.00020145838321
I100A,372.0,138.0,-2.872363412990361,0.10005371973941814
I100C,653.0,526.0,-1.7538096744106602,0.05923909148644335
I100D,783.0,0.0,-17.69853792856042,10.00006769568082
I100E,625.0,0.0,-17.373386468648455,10.000083838133657
I100F,586.0,17.0,-6.548265054081118,0.24611419808826615
I100G,497.0,8.0,-7.397123643093797,0.35627625843057303
I100H,797.0,0.0,-17.72410502160882,10.000066574013555
I100K,926.0,0.0,-17.94053496919918,10.000057834695081
I100L,196.0,5.0,-6.731767662095195,0.4525255509097276
I100M,734.0,0.0,-17.605306914118128,10.000071958469134
I100N,346.0,0.0,-16.52032092958567,10.000148343158884
I100P,168.0,0.0,-15.478054301090898,10.000301436555132
I100Q,266.0,1.0,-9.482776194548624,0.9969629192569451
I100R,277.0,0.0,-16.199445254125564,10.00018433696503
I100S,525.0,112.0,-3.670512180220978,0.10444757168884439
I100T,474.0,2.0,-9.323373000165528,0.7068938344944414
I100V,191.0,54.0,-3.2641445330412955,0.15436065914941288
I100W,444.0,6.0,-7.6488781845675815,0.41075339062517835
I100Y,345.0,113.0,-3.0519825558015263,0.10873838539083676
I100_,748.0,1.0,-10.974353270536792,0.9957473001346951
I116A,402.0,26.0,-5.3918879008889355,0.20251184375738093
I116C,640.0,18.0,-6.593019177078009,0.23908989812025994
I116D,685.0,0.0,-17.50563224509865,10.000076831105085
I116E,611.0,0.0,-17.340703187818654,10.000085671119349
I116F,479.0,1.0,-10.331351487727396,0.9961242112766365
I116G,245.0,0.0,-16.02234782947575,10.00020791090686
I116H,363.0,26.0,-5.244665803333391,0.2031705972807633
I116K,289.0,1.0,-9.602415125291879,0.9968128676380433
I116L,658.0,8.0,-7.801958272779492,0.3555846933050822
I116M,564.0,0.0,-17.22522793803435,10.0000924902478
I116N,444.0,0.0,-16.880099365278767,10.000116449163407
I116P,539.0,1.0,-10.501607752057197,0.996007559384887
I116Q,295.0,1.0,-9.632059571748188,0.9967775683698986
I116R,1145.0,1.0,-11.588584006297197,0.9955145202458922
I116S,465.0,1.0,-10.288557454772816,0.9961557592012551
I116T,383.0,0.0,-16.66688925587406,10.000134383756517
I116V,525.0,59.0,-4.5951083553606455,0.1375783457427322
I116W,498.0,0.0,-17.045681907720176,10.000104238812161
I116Y,460.0,0.0,-16.931172419702165,10.000112532421177
I116_,510.0,0.0,-17.0800327308826,10.000101876539523
I12A,397.0,0.0,-16.718682542773763,10.000129780334987
I12C,500.0,0.0,-17.051464144437386,10.00010383722601
I12D,393.0,3.0,-8.470453540992361,0.5786598080394574
I12E,413.0,0.0,-16.775683909242876,10.000124901429068
I12F,395.0,0.0,-16.711396372690245,10.000130417988583
I12G,1058.0,1.0,-11.474577071519793,0.9955505892987598
I12H,316.0,55.0,-3.963999220878777,0.14635492858178842
I12K,462.0,0.0,-16.93743127440651,10.000112061902925
I12L,1659.0,17.0,-8.049590447601926,0.2438616659106899
I12M,769.0,135.0,-3.951730905499529,0.0937231415386348
I12N,620.0,154.0,-3.451062271600142,0.0904585948256658
I12P,970.0,104.0,-4.663072194381603,0.10354792444399213
I12Q,673.0,31.0,-5.88161732677769,0.18387582595031693
I12R,782.0,0.0,-17.6966942521381,10.000067777336698
I12S,1014.0,1.0,-11.413295688106151,0.9955711871939427
I12T,966.0,0.0,-18.00154531965276,10.000055598909075
I12V,396.0,2.0,-9.063992366296661,0.7071876850386762
I12W,764.0,0.0,-17.663098717518128,10.000069283694646
I12Y,293.0,0.0,-16.28045709848363,10.000174480883082
I12_,989.0,1.0,-11.377280821508526,0.9955837068397465
I135A,544.0,0.0,-17.173140367299034,10.000095749381863
I135C,868.0,0.0,-17.847218859422362,10.000061442599325
I135D,439.0,0.0,-16.86376099853686,10.000117731694077
I135E,655.0,0.0,-17.44102412829818,10.00008017415613
I135F,567.0,0.0,-17.232881375237852,10.000092021207964
I135G,383.0,0.0,-16.66688925587406,10.000134383756517
I135H,420.0,0.0,-16.799930873302145,10.000122883794704
I135K,282.0,0.0,-16.225253517053364,10.000181136801903
I135L,725.0,1.0,-10.929296607418227,0.9957685958708814
I135M,570.0,140.0,-3.4672521727471173,0.09472854619133603
I135N,525.0,0.0,-17.121852098360332,10.000099075555493
I135P,570.0,0.0,-17.240494425432416,10.00009155710528
I135Q,510.0,0.0,-17.0800327308826,10.000101876539523
I135R,582.0,0.0,-17.27055113743293,10.000089748539157
I135S,495.0,0.0,-17.036964866189955,10.000104847275875
I135T,261.0,68.0,-3.3820811008841316,0.13642502034180712
I135V,383.0,47.0,-4.468137290680323,0.1547894148891628
I135W,843.0,5767.0,1.3324070576446094,0.03790014421195816
I135Y,456.0,0.0,-16.918572658029998,10.0001134858394
I135_,698.0,0.0,-17.532754901208005,10.000075471691853
I136A,245.0,0.0,-16.02234782947575,10.00020791090686
I136C,588.0,0.0,-17.285347886420695,10.00008887193764
I136D,646.0,2.0,-9.770012002245732,0.706496423746303
I136E,370.0,0.0,-16.617071457910285,10.000138970282375
I136F,356.0,0.0,-16.56142496170185,10.000144284217285
I136G,1061.0,9203.0,1.6748727260736742,0.03358502030178405
I136H,586.0,30.0,-5.729204876146215,0.18736455573956756
I136K,334.0,1.0,-9.811187009700966,0.9965790121913072
I136L,473.0,0.0,-16.971377880132234,10.000109545175516
I136M,539.0,386.0,-1.9234686327311223,0.06725068707323108
I136N,506.0,0.0,-17.068673092335295,10.000102651514648
I136P,351.0,0.0,-16.541019328304902,10.000146284779273
I136Q,290.0,142.0,-2.4719049394806154,0.1027945031816603
I136R,641.0,0.0,-17.40985405954911,10.000081841333424
I136S,656.0,118.0,-3.9166035066680767,0.10037440139683042
I136T,538.0,1.0,-10.498928701611586,0.9960092904755815
I136V,706.0,49.0,-5.290335382653669,0.14797704219853047
I136W,620.0,0.0,-17.36179868052445,10.00008448326879
I136Y,306.0,2.0,-8.692034303803144,0.7077125830276512
I136_,678.0,0.0,-17.49081374783036,10.000077584689105
I141A,300.0,0.0,-16.314517785692114,10.000170499422872
I141C,549.0,6.0,-7.9551184428158965,0.41022872501821966
I141D,593.0,0.0,-17.297563629256686,10.000088154986706
I141E,488.0,0.0,-17.016417906845973,10.000106296117002
I141F,798.0,1.0,-11.067702538405516,0.9957052386782973
I141G,484.0,0.0,-17.00454405087846,10.00010714284185
I141H,288.0,0.0,-16.255626100313478,10.000177443273929
I141K,553.0,1.0,-10.538601281927969,0.99598398117992
I141L,369.0,0.0,-16.61316710912023,10.000139336477336
I141M,676.0,1.0,-10.828340301178173,0.9958187953943789
I141N,562.0,7.0,-7.766832362875201,0.38014401932071185
I141P,656.0,39.0,-5.513596719891369,0.16503216356999076
I141Q,525.0,0.0,-17.121852098360332,10.000099075555493
I141R,392.0,1.0,-10.042186170501928,0.9963567436090947
I141S,337.0,0.0,-16.482298596651592,10.000152202156846
I141T,553.0,5.0,-8.228145971484555,0.44887178488874396
I141V,409.0,57.0,-4.284644026257873,0.14164217457141368
I141W,619.0,1.0,-10.7012584293038,0.9958871863768396
I141Y,527.0,36.0,-5.313155648967698,0.17246552227588982
I141_,742.0,0.0,-17.620945825982194,10.000071224048032
I146A,318.0,235.0,-1.8781448021907394,0.08646669060079823
I146C,509.0,429.0,-1.6884775395368976,0.0661236814094441
I146D,525.0,0.0,-17.121852098360332,10.000099075555493
I146E,540.0,0.0,-17.162493319541305,10.000096430178086
I146F,315.0,1.0,-9.726693340914103,0.9966696080443591
I146G,894.0,323.0,-2.9105069555261123,0.06550748359500101
I146H,197.0,2.0,-8.056724365832622,0.7089887993370358
I146K,552.0,0.0,-17.194201598484177,10.000094417388583
I146L,240.0,548.0,-0.2506871137657116,0.07789783426778973
I146M,231.0,163.0,-1.944789650368933,0.10266550153603313
I146N,248.0,1.0,-9.381694005812417,0.997099744600593
I146P,285.0,127.0,-2.6078652650962058,0.10704597104283389
I146Q,232.0,3.0,-7.710074508321801,0.580183477847903
I146R,534.0,6.0,-7.915152773647488,0.41029108019947313
I146S,384.0,190.0,-2.4568633491528518,0.08912785790174996
I146T,340.0,21.0,-5.458223927210766,0.2249761497235112
I146V,310.0,0.0,-16.361821949236354,10.000165123521624
I146W,555.0,234.0,-2.6877383999965376,0.07843396134307604
I146Y,429.0,0.0,-16.83051847252565,10.00012038644026
I146_,355.0,0.0,-16.557366859279615,10.000144679821533
I15A,485.0,18.0,-6.192939223314076,0.24013187409281778
I15C,846.0,0.0,-17.810181912315052,10.000062940523256
I15D,729.0,0.0,-17.59544580040965,10.000072425667604
I15E,552.0,0.0,-17.194201598484177,10.000094417388583
I15F,400.0,1.0,-10.071331780111134,0.9963311410892011
I15G,107.0,0.0,-14.827252817576259,10.000471074721279
I15H,722.0,5.0,-8.612859221642376,0.44840006252548825
I15K,242.0,0.0,-16.004573857703477,10.000210440583748
I15L,620.0,327.0,-2.3647515468118367,0.06890343221937903
I15M,785.0,82.0,-4.700634106020376,0.1163799782901409
I15N,586.0,991.0,-0.6838204848845821,0.052842429694873
I15P,1015.0,5.0,-9.104262438714574,0.44795402182936755
I15Q,299.0,614.0,-0.4037263986090682,0.07106196609398377
I15R,830.0,0.0,-17.782635914160558,10.000064079797836
I15S,465.0,7.0,-7.493498303513988,0.38063189441062245
I15T,711.0,25.0,-6.271087704528262,0.20363509441794264
I15V,1223.0,111.0,-4.903469468207148,0.09951204732966112
I15W,520.0,1.0,-10.449835080308311,0.9960415880594979
I15Y,206.0,0.0,-15.77222156538629,10.000246543390622
I15_,308.0,0.0,-16.352484386845614,10.000166170776247
I167A,731.0,2084.0,0.06960433686681355,0.04387037486255468
I167C,808.0,402.0,-2.448936575497334,0.06165958204475997
I167D,476.0,300.0,-2.10777610856812,0.07423485521803881
I167E,553.0,12.0,-6.96679232897413,0.2918030630015514
I167F,446.0,1948.0,0.685058304726966,0.05321881137271017
I167G,311.0,773.0,-0.1282687072930786,0.06771831601382483
I167H,489.0,285.0,-2.2206462449622686,0.07503593856926896
I167K,619.0,34.0,-5.627726621347753,0.17633886360913537
I167L,1055.0,4399.0,0.6181273907515838,0.035383293951252656
I167M,643.0,1033.0,-0.757853675611087,0.050990449187409186
I167N,592.0,257.0,-2.645591867564507,0.07521206781114972
I167P,626.0,2787.0,0.7126657542271388,0.04508903792105397
I167Q,576.0,790.0,-0.9860177594906645,0.05548588139619949
I167R,864.0,2.0,-10.189503514910196,0.70621995661702
I167S,337.0,338.0,-1.4375202879408464,0.07747618120890247
I167T,411.0,318.0,-1.8118961793724493,0.07519562042249582
I167V,284.0,69.0,-3.4828592062535364,0.13449331437518836
I167W,899.0,1403.0,-0.7996785930762664,0.043610586736678
I167Y,445.0,694.0,-0.8006761214495919,0.06135826955828001
I167_,1076.0,1.0,-11.498915293852018,0.9955426483054945
I171A,361.0,166.0,-2.5625634685044156,0.09418351863569913
I171C,86.0,1.0,-7.853872023598178,1.000900774429856
I171D,474.0,1.0,-10.316213208592664,0.9961352645782096
I171E,675.0,2.0,-9.833364380023827,0.7064493560379506
I171F,656.0,166.0,-3.4242424750721163,0.08732064943750098
I171G,1070.0,333.0,-3.125781690148856,0.0633583367201529
I171H,620.0,33.0,-5.673111257301917,0.17883937726796656
I171K,699.0,246.0,-2.9483909507429766,0.07464760820911545
I171L,787.0,3127.0,0.5485351442336066,0.04083162371366518
I171M,439.0,696.0,-0.7769405846852937,0.06157441602121679
I171N,734.0,418.0,-2.254057078439936,0.06189880311080303
I171P,545.0,12.0,-6.945769461347457,0.29184854073880534
I171Q,572.0,166.0,-3.226565036818397,0.08859317127482655
I171R,1135.0,2.0,-10.583088608075894,0.7060242790575081
I171S,459.0,723.0,-0.7863047996228456,0.06032001168174164
I171T,657.0,428.0,-2.06006564153671,0.06273146068476865
I171V,957.0,2715.0,0.06255679049698148,0.038601026292884075
I171W,660.0,88.0,-4.348543337542919,0.11381682234301715
I171Y,309.0,0.0,-16.357160722471818,10.000165645454418
I171_,693.0,1.0,-10.864171883508494,0.9958005753278703
I177A,1541.0,6778.0,0.6951907250360403,0.029550910068714846
I177C,483.0,225.0,-2.5438587548056155,0.081187392705132
I177D,585.0,4041.0,1.3463879142207014,0.04509579445657467
I177E,446.0,583.0,-1.0553502443245462,0.06351483245604096
I177F,229.0,22.0,-4.820974362776348,0.22333228725635795
I177G,476.0,230.0,-2.4910901126450664,0.08077888686145455
I177H,407.0,104.0,-3.4101368151224154,0.11021886199509838
I177K,564.0,310.0,-2.3052008051862876,0.07124265511019925
I177L,304.0,149.0,-2.4705044437413948,0.10038485831536591
I177M,210.0,265.0,-1.1062060424369191,0.0928004085577906
I177N,489.0,647.0,-1.037870773961549,0.060558355521395754
I177P,1559.0,72724.0,4.101934848407815,0.027055103447072907
I177Q,444.0,214.0,-2.494708775021862,0.08367601612966771
I177R,928.0,2158.0,-0.22430552290851224,0.040221384598290125
I177S,1216.0,4785.0,0.5345720303553727,0.03328878097644345
I177T,327.0,111.0,-3.00043992730414,0.11019529581448112
I177V,357.0,8.0,-6.919813248843224,0.3573818439118592
I177W,231.0,0.0,-15.937462500558063,10.00022027818567
I177Y,253.0,3.0,-7.83508192649011,0.5798750916110506
I177_,792.0,2.0,-10.063974150795175,0.7062944452797848
I199A,726.0,160.0,-3.623622165569934,0.08777127204817278
I199C,536.0,52.0,-4.807193789725766,0.1454974359006649
I199D,616.0,37848.0,4.499325049425796,0.041551979979767256
I199E,892.0,163.0,-3.8938942295147543,0.08562973745445515
I199F,783.0,209.0,-3.3472535798853054,0.0783478032415334
I199G,885.0,1957.0,-0.29690935032484855,0.041445260635200445
I199H,648.0,421.0,-2.063956391963316,0.06320776737553961
I199K,347.0,34.0,-4.792741143660328,0.17989350562056647
I199L,543.0,97.0,-3.9265682069488532,0.11057394657214041
I199M,824.0,138.0,-4.019683855790771,0.09239169094976821
I199N,323.0,7.0,-6.9678153916360595,0.3818717416095048
I199P,536.0,240.0,-2.6009602158976577,0.07815961360881743
I199Q,1117.0,246.0,-3.624648052328262,0.07097124661506664
I199R,820.0,56.0,-5.3136799864557895,0.13838441847157318
I199S,1471.0,421.0,-3.2466754642397686,0.05596285220191773
I199T,1175.0,312.0,-3.3548036776971695,0.06428745887233321
I199V,421.0,252.0,-2.1821683351712178,0.08012572807010132
I199W,496.0,123.0,-3.453388420224261,0.10110541063266189
I199Y,458.0,66.0,-4.236417411075103,0.13194458518140048
I199_,417.0,0.0,-16.789589176196234,10.000123740200907
I19A,201.0,0.0,-15.736774471429216,10.000252580418826
I19C,346.0,0.0,-16.52032092958567,10.000148343158884
I19D,423.0,0.0,-16.810198965145567,10.00012203953575
I19E,519.0,0.0,-17.105269531845412,10.000100176520782
I19F,366.0,0.0,-16.601390261805864,10.000140447068201
I19G,762.0,0.0,-17.659317126537893,10.000069455460673
I19H,921.0,6.0,-8.701502835899397,0.40933105296836364
I19K,347.0,0.0,-16.52448443436817,10.000147926737588
I19L,471.0,100.0,-3.677408244078056,0.11044859698386655
I19M,1616.0,736.0,-2.576433668922143,0.04532417175606486
I19N,881.0,1.0,-11.210454107891831,0.9956459541918322
I19P,727.0,3.0,-9.357862727684928,0.5776488603131438
I19Q,840.0,1.0,-11.141702215916077,0.9956737755012213
I19R,529.0,0.0,-17.132802190137248,10.000098355453105
I19S,594.0,0.0,-17.299994414554643,10.000088013044873
I19T,244.0,270.0,-1.2957222503745198,0.08876122201248879
I19V,231.0,215.0,-1.5453463606594182,0.09516595348912825
I19W,419.0,2.0,-9.145440180135115,0.7070896767726648
I19Y,396.0,0.0,-16.715044057475588,10.000130098356692
I19_,532.0,2.0,-9.489908868558246,0.7067311348940232
I205A,1333.0,192.0,-4.237229065224049,0.07768551538589608
I205C,884.0,13498.0,2.4907454114471745,0.03580627346267659
I205D,359.0,0.0,-16.57353122591777,10.000143110627622
I205E,937.0,1.0,-11.299360157947063,0.9956118870683845
I205F,308.0,28.0,-4.900758118771107,0.1975474077371765
I205G,606.0,0.0,-17.328848796288405,10.00008634628162
I205H,676.0,31.0,-5.888033973317345,0.1838578945931436
I205K,975.0,28.0,-6.563197943521817,0.191843584656675
I205L,606.0,94.0,-4.130250284803358,0.11119397172046115
I205M,677.0,216.0,-3.08987385787018,0.07863392183265548
I205N,984.0,3.0,-9.794560496203024,0.5773378203077283
I205P,959.0,0.0,-17.991053054846624,10.000055976708126
I205Q,770.0,140.0,-3.901142125237551,0.09229207284183553
I205R,712.0,0.0,-17.561404699557922,10.000074063223623
I205S,949.0,0.0,-17.975930485370004,10.000056526089129
I205T,573.0,1095.0,-0.5074829931238698,0.052299132038809905
I205V,429.0,377.0,-1.628203302216816,0.0711350324049597
I205W,603.0,30.0,-5.770461519557324,0.1872361303737566
I205Y,992.0,39.0,-6.110233576748811,0.16346039997590384
I205_,703.0,1.0,-10.884840924315622,0.9957902691205444
I209A,468.0,15.0,-6.404338290613505,0.2623656868081259
I209C,886.0,79.0,-4.929010631845856,0.11773731981796003
I209D,342.0,0.0,-16.503545704497725,10.000150033195295
I209E,893.0,1.0,-11.229972044041551,0.9956382945082858
I209F,1173.0,102.0,-4.9652276378259685,0.10359663820260913
I209G,830.0,13.0,-7.437230667442763,0.27954525728406987
I209H,299.0,0.0,-16.309700930224537,10.000171056789734
I209K,881.0,0.0,-17.868665590643623,10.000060592626307
I209L,392.0,27.0,-5.301119728744755,0.19912577766046918
I209M,772.0,136.0,-3.946701623426711,0.09340511693235834
I209N,561.0,0.0,-17.217533683031753,10.000092964303995
I209P,738.0,0.0,-17.61314756080426,10.000071589268314
I209Q,1556.0,6.0,-9.458065442227259,0.4087894516431076
I209R,905.0,1.0,-11.249229446675384,0.9956308378956193
I209S,1113.0,243.0,-3.637173783341118,0.07134645624853796
I209T,641.0,220.0,-2.9845725806927588,0.0786262126123407
I209V,548.0,306.0,-2.2824182368414014,0.07189886357927264
I209W,562.0,0.0,-17.22010299688582,10.000092805722932
I209Y,470.0,2.0,-9.31114695686171,0.7069065337218075
I209_,451.0,4.0,-8.255208191412407,0.5016678180254273
I23A,613.0,1.0,-10.68720632190255,0.9958951249811383
I23C,462.0,0.0,-16.93743127440651,10.000112061902925
I23D,667.0,0.0,-17.46721558679627,10.000078800849481
I23E,301.0,0.0,-16.31931861219436,10.000169945759291
I23F,761.0,3.0,-9.423802930667202,0.5775956648922136
I23G,745.0,0.0,-17.62676698641668,10.000070952706475
I23H,803.0,0.0,-17.734925149882795,10.000066105271792
I23K,534.0,1.0,-10.488162471606879,0.9960162796414072
I23L,1150.0,9148.0,1.5500167201316604,0.03249101951667521
I23M,587.0,2586.0,0.697476051949308,0.04655147581113853
I23N,596.0,1.0,-10.646632249962945,0.9959184853190183
I23P,724.0,68.0,-4.853985643373751,0.12712872112564633
I23Q,824.0,8.0,-8.126510609266248,0.35515393546369217
I23R,1115.0,5.0,-9.23982514668643,0.44785538586442547
I23S,586.0,0.0,-17.2804324797445,10.000089162143645
I23T,204.0,0.0,-15.758147066746368,10.000248922692148
I23V,1282.0,458.0,-2.9267513287898153,0.05513781697094194
I23W,396.0,1.0,-10.056832574723796,0.9963438131289855
I23Y,500.0,0.0,-17.051464144437386,10.00010383722601
I23_,383.0,0.0,-16.66688925587406,10.000134383756517
I240A,1391.0,4.0,-9.880109655852458,0.5001722263358613
I240C,1415.0,847.0,-2.182156157565228,0.04431848027014943
I240D,940.0,15.0,-7.410475038845276,0.26031301466443263
I240E,646.0,0.0,-17.42106369342466,10.000081237617792
I240F,702.0,1.0,-10.882787294780817,0.9957912865331241
I240G,689.0,0.0,-17.51403211768547,10.000076407360433
I240H,656.0,0.0,-17.44322500291593,10.000080057794946
I240K,785.0,0.0,-17.70221822810572,10.000067532993178
I240L,3100.0,1565.0,-2.4278958101081645,0.0322234147635455
I240M,1895.0,5042.0,-0.030001298382697605,0.028334265535270044
I240N,1849.0,455.0,-3.4645776860196213,0.05306014657658524
I240P,1039.0,2.0,-10.455593139240545,0.7060819270855381
I240Q,1051.0,3.0,-9.88959201017974,0.5772817116935033
I240R,996.0,3.0,-9.812047746288648,0.5773272164957193
I240S,1121.0,1.0,-11.558022955874153,0.995523911267339
I240T,770.0,7.0,-8.221113743912227,0.37951130693038243
I240V,659.0,43.0,-5.3793511372460685,0.1576217936717947
I240W,966.0,7.0,-8.548274685642138,0.37916399305115583
I240Y,1056.0,7.0,-8.676788153331017,0.3790476333983313
I240_,978.0,0.0,-18.019356412522868,10.00005496383566
I242A,1024.0,1966.0,-0.5007539605913109,0.039522053042384486
I242C,1152.0,36470.0,3.542690633636771,0.03118113390414877
I242D,768.0,0.0,-17.670632291853554,10.00006894284639
I242E,443.0,17.0,-6.1446790351665665,0.2472307189003526
I242F,831.0,2771.0,0.2956793578724666,0.04050962233054034
I242G,766.0,3222.0,0.6307310240086332,0.04114154295266038
I242H,645.0,279.0,-2.6507995134883062,0.07218905588864516
I242K,984.0,470.0,-2.507776341310379,0.056750854112470515
I242L,1065.0,4072.0,0.49307931116538706,0.035515244415395865
I242M,634.0,3549.0,1.0430443223394743,0.043998025051709695
I242N,943.0,53.0,-5.594731440477233,0.14142699409025525
I242P,974.0,1.0,-11.355232297481603,0.9955915270364765
I242Q,769.0,342.0,-2.610758666557163,0.06558246429467453
I242R,826.0,56.0,-5.324197730571036,0.1383524089016562
I242S,990.0,122.0,-4.462238517550281,0.0963479922616942
I242T,1256.0,143.0,-4.576454830643572,0.08868757135185709
I242V,1080.0,768.0,-1.9336424859741594,0.04800811424663585
I242W,1009.0,2064.0,-0.40928532848193466,0.03939999407909872
I242Y,1158.0,24560.0,2.9647967148438354,0.031321914029565766
I242_,654.0,0.0,-17.43881989104965,10.000080290873154
I244A,699.0,2.0,-9.883768599625924,0.7064133547794226
I244C,734.0,777.0,-1.3596613685514312,0.05221263529248841
I244D,772.0,1.0,-11.019915248317865,0.995726430909291
I244E,633.0,0.0,-17.391735486802183,10.00008282711578
I244F,780.0,1.0,-11.034788333132537,0.9957197597960252
I244G,986.0,0.0,-18.031109474262276,10.000054549041153
I244H,1108.0,0.0,-18.199406192866814,10.000048965591713
I244K,790.0,1.0,-11.05316662832265,0.9957116108414559
I244L,1182.0,4.0,-9.6452191053758,0.5002992808671738
I244M,1615.0,1302.0,-1.7525973853079955,0.03826264196564865
I244N,1050.0,0.0,-18.121838358603846,10.000051458226789
I244P,715.0,0.0,-17.567470615240687,10.000073768584889
I244Q,1108.0,7.0,-8.746135558856192,0.3789890058902392
I244R,500.0,0.0,-17.051464144437386,10.00010383722601
I244S,971.0,0.0,-18.008993349333103,10.000055332387557
I244T,820.0,1.0,-11.106937216651353,0.9956883561264289
I244V,1285.0,12900.0,1.8857258759411848,0.030537168859902018
I244W,1436.0,1.0,-11.91528960382214,0.9954256271481208
I244Y,1023.0,1.0,-11.426044055678444,0.9955668298782321
I244_,764.0,2.0,-10.0120470263392,0.7063272021549792
I249A,568.0,331.0,-2.220836343128238,0.06970211225068265
I249C,352.0,45.0,-4.409093760487162,0.15853992788847013
I249D,309.0,0.0,-16.357160722471818,10.000165645454418
I249E,1252.0,89.0,-5.255929663971523,0.11004637067128138
I249F,1154.0,8657.0,1.4654182839810042,0.03254000987882832
I249G,385.0,1.0,-10.016191631105302,0.9963800180336313
I249H,677.0,1.0,-10.830472856947607,0.9958176983057327
I249K,1089.0,2.0,-10.523400801528517,0.706050634392365
I249L,745.0,912.0,-1.15000496353937,0.050155142997092776
I249M,504.0,244.0,-2.488306901308598,0.07847977838836391
I249N,619.0,2.0,-9.708418220876666,0.7065442066138063
I249P,944.0,1.0,-11.310097855478567,0.9956079127924469
I249Q,486.0,0.0,-17.010493194546545,10.000106717737237
I249R,596.0,0.0,-17.30484373271474,10.000087730590124
I249S,1108.0,47.0,-6.000654227673077,0.1491689780225109
I249T,1577.0,17276.0,2.011711526791694,0.027727070264438457
I249V,808.0,346.0,-2.665354230743591,0.06484206681462483
I249W,326.0,4.0,-7.7869649877095455,0.5025144221571054
I249Y,615.0,0.0,-17.350117064654853,10.000085138893713
I249_,291.0,0.0,-16.27057592536865,10.0001756536239
I256A,838.0,18.0,-6.981892189784649,0.23831661079198171
I256C,1195.0,2016.0,-0.6873147122601688,0.037545141738819135
I256D,778.0,2.0,-10.038244203489164,0.7063105291833375
I256E,1520.0,22.0,-7.551572675985929,0.21486874922813096
I256F,1308.0,113.0,-4.974646042728988,0.09843825422682406
I256G,791.0,6502.0,1.5973231199156053,0.038662648860658684
I256H,1114.0,1.0,-11.548985991276979,0.9955267265185793
I256K,925.0,0.0,-17.93897615818553,10.00005789306719
I256L,587.0,161.0,-3.308029602997798,0.0893931661463193
I256M,744.0,3.0,-9.391209531443408,0.5776216554795147
I256N,540.0,1.0,-10.504281836789513,0.9960058347025288
I256P,728.0,0.0,-17.59346546346518,10.00007251987739
I256Q,676.0,0.0,-17.48655178392997,10.000077802865322
I256R,740.0,1.0,-10.958840479674738,0.9957545572542665
I256S,929.0,0.0,-17.94520132201043,10.000057660332741
I256T,875.0,0.0,-17.858806700731815,10.000060981783228
I256V,760.0,1556.0,-0.40803379064841216,0.04511359943558508
I256W,728.0,19.0,-6.700922646816627,0.23249579672546178
I256Y,971.0,0.0,-18.008993349333103,10.000055332387557
I256_,1041.0,1.0,-11.451207735386063,0.995558341217779
I272A,818.0,53.0,-5.38957685058288,0.1419987304818873
I272C,759.0,17.0,-6.921458663629684,0.24532274390607492
I272D,914.0,0.0,-17.921717145544378,10.000058543590384
I272E,994.0,1.0,-11.384556078935118,0.9955811525430079
I272F,1166.0,1154.0,-1.456719252282081,0.042437772053385815
I272G,1413.0,1.0,-11.891995483865019,0.9954313207235849
I272H,4669.0,3.0,-12.040932292586596,0.5766427725109097
I272K,1247.0,0.0,-18.36990832527301,10.000043935577976
I272L,1316.0,56.0,-5.996137029637524,0.1367136518342508
I272M,731.0,1754.0,-0.17910089052345413,0.04488750183673026
I272N,481.0,0.0,-16.99557408328117,10.000107787127044
I272P,1269.0,0.0,-18.395138728714574,10.000043240464336
I272Q,1326.0,0.0,-18.458526946287677,10.000041546785052
I272R,1044.0,1.0,-11.455359338832942,0.9955569548920415
I272S,562.0,0.0,-17.22010299688582,10.000092805722932
I272T,959.0,23.0,-6.823007786622533,0.211137165816843
I272V,1100.0,177.0,-4.077408684175169,0.0814572052389292
I272W,1037.0,1.0,-11.445653614356413,0.9955602021263176
I272Y,965.0,0.0,-18.000051088448675,10.000055652544798
I272_,1213.0,60.0,-5.779039520324201,0.13253331718976347
I277A,1190.0,2591.0,-0.3192539297497712,0.03609811982597378
I277C,688.0,2706.0,0.5338709150912857,0.043586813740497055
I277D,1665.0,1.0,-12.128754650178907,0.995377517425403
I277E,1174.0,26.0,-6.938029303991889,0.1984321749416805
I277F,1001.0,12090.0,2.1524923297419716,0.034036733658682976
I277G,962.0,876.0,-1.5768993682816914,0.0475165762201896
I277H,563.0,7.0,-7.769397109138992,0.3801398624734739
I277K,835.0,128.0,-4.147331775283626,0.09532195678694912
I277L,1297.0,1572.0,-1.1643740242416936,0.03852178148882309
I277M,602.0,42.0,-5.2827775772710615,0.15981787603805642
I277N,1251.0,27673.0,3.025519531478707,0.03020406788025264
I277P,1073.0,1.0,-11.494887329538837,0.9955439533070457
I277Q,744.0,54.0,-5.225818375251121,0.14119473451874293
I277R,1294.0,40.0,-6.457139143878441,0.16075863404060226
I277S,816.0,136.0,-4.026668920469516,0.09303048445719085
I277T,560.0,332.0,-2.196020710152279,0.0698171552789572
I277V,1249.0,1793.0,-0.9201963096415668,0.037883383921213584
I277W,684.0,89.0,-4.383772900726074,0.11301971050670212
I277Y,770.0,41.0,-5.672624349595634,0.16049852412801877
I277_,1125.0,0.0,-18.22137311616634,10.000048283697899
I281A,817.0,1450.0,-0.614157608382981,0.044614133909584665
I281C,702.0,22.0,-6.437055347641055,0.2166452633200022
I281D,583.0,0.0,-17.273027825206874,10.000089601185927
I281E,497.0,0.0,-17.042782075502508,10.000104440817237
I281F,753.0,85.0,-4.588759375246918,0.11475243298444196
I281G,1052.0,111.0,-4.686181686424558,0.1001776126072921
I281H,999.0,149.0,-4.186884783116564,0.08825386834960103
I281K,1109.0,15.0,-7.648999403617803,0.260001446646089
I281L,1134.0,197.0,-3.966887412604385,0.07768208424950121
I281M,1063.0,1975.0,-0.5480900270566895,0.03903648004658727
I281N,139.0,15.0,-4.652987604542662,0.2718322537957257
I281P,1379.0,1.0,-11.856856726780244,0.99544008514108
I281Q,1026.0,154.0,-4.177743674132409,0.08685925129809303
I281R,1220.0,3.0,-10.104708587174287,0.5771675444231059
I281S,1369.0,115.0,-5.015096588687685,0.0974789528656638
I281T,778.0,40.0,-5.72315098132249,0.1623449333561424
I281V,931.0,1439.0,-0.8135867676678981,0.04296300529529033
I281W,1147.0,19.0,-7.356770443461867,0.23141417409086362
I281Y,950.0,2.0,-10.32639820438606,0.7061457736269713
I281_,489.0,0.0,-17.01937116377966,10.000106086600164
I288A,621.0,538.0,-1.6487783280255632,0.05954642592446721
I288C,852.0,251.0,-3.204920338859245,0.07234912210721245
I288D,656.0,0.0,-17.44322500291593,10.000080057794946
I288E,1124.0,104.0,-4.875655539767989,0.1028636342430723
I288F,1189.0,144.0,-4.4873147646476665,0.08866675445801529
I288G,1060.0,55.0,-5.710034978234626,0.13855935777033743
I288H,479.0,71.0,-4.195756479023419,0.12746355549229837
I288K,584.0,65.0,-4.609054329698911,0.13103947356911638
I288L,824.0,1091.0,-1.036864242034655,0.04697823633904091
I288M,906.0,990.0,-1.3138786925624188,0.04680413107339249
I288N,725.0,129.0,-3.9323128124817055,0.0959553215164608
I288P,1061.0,1.0,-11.478662061764652,0.9955492470934012
I288Q,700.0,182.0,-3.3851526310232165,0.08366331297195084
I288R,619.0,686.0,-1.2935279257213859,0.056124707453759276
I288S,760.0,227.0,-3.185057366685154,0.07614236500879744
I288T,925.0,228.0,-3.4621666795353727,0.0744556058953029
I288V,717.0,123.0,-3.9850124533683644,0.09798416383141147
I288W,735.0,397.0,-2.3303833478717033,0.06289792722969804
I288Y,888.0,104.0,-4.535648497063431,0.1040065810143186
I288_,879.0,0.0,-17.865386774125923,10.000060721754986
I295A,1015.0,0.0,-18.072929231909782,10.000053100222514
I295C,1071.0,5.0,-9.181740448197107,0.4478965190786902
I295D,1261.0,2.0,-10.734963316147521,0.705961931151603
I295E,800.0,8.0,-8.083866797104333,0.3552051868222315
I295F,810.0,425.0,-2.372237748708847,0.06053291481377752
I295G,745.0,1.0,-10.968555503664888,0.9957500032963982
I295H,920.0,32.0,-6.286849776944424,0.18001104809006613
I295K,1108.0,7.0,-8.746135558856192,0.3789890058902392
I295L,1517.0,30.0,-7.101438282965262,0.18454867288071605
I295M,803.0,1.0,-11.076713667131,0.9957013205307729
I295N,981.0,442.0,-2.5919836497225415,0.0579529564040161
I295P,869.0,1.0,-11.19066849191423,0.9956538253563239
I295Q,964.0,0.0,-17.99855530803155,10.0000557062918
I295R,822.0,6.0,-8.537441960061319,0.40949075275958985
I295S,314.0,1.0,-9.722106217273184,0.9966746797012455
I295T,1286.0,194.0,-4.170493756146751,0.07751624163672782
I295V,1090.0,1437.0,-1.0430660856723222,0.04111091654194394
I295W,599.0,1.0,-10.65387580105808,0.995914266598392
I295Y,865.0,181.0,-3.6984422255815828,0.08220345464296507
I295_,561.0,0.0,-17.217533683031753,10.000092964303995
I298A,976.0,139.0,-4.2535020755866055,0.09107745076441164
I298C,947.0,229.0,-3.489763879643487,0.07415775013456331
I298D,479.0,2.0,-9.338511279300262,0.7068782584020084
I298E,870.0,8.0,-8.204880747096716,0.355063589299078
I298F,630.0,64.0,-4.740800331024163,0.1314786319869326
I298G,785.0,15.0,-7.150509966485036,0.26071616032834477
I298H,703.0,1.0,-10.884840924315622,0.9957902691205444
I298K,739.0,0.0,-17.615101082437448,10.000071497592595
I298L,613.0,4.0,-8.697959378199425,0.5010834747461725
I298M,839.0,106.0,-4.426282460687951,0.10344925596871926
I298N,809.0,0.0,-17.745664731548796,10.000065643482827
I298P,1263.0,36.0,-6.574119468478655,0.16922948484586411
I298Q,1062.0,7.0,-8.684962007591658,0.37904057615858705
I298R,999.0,0.0,-18.050006315274956,10.00005388916893
I298S,601.0,1.0,-10.658684708831869,0.9959114775061119
I298T,1977.0,196901.0,5.1962117164778405,0.024242283957130375
I298V,722.0,464.0,-2.079657737704796,0.06014103122478811
I298W,820.0,26.0,-6.420298015460156,0.19935657469539272
I298Y,1180.0,17.0,-7.5580669509261895,0.24436283151234084
I298_,783.0,0.0,-17.69853792856042,10.00006769568082
I304A,956.0,0.0,-17.98653290501715,10.000056140315642
I304C,904.0,2.0,-10.254794236326948,0.7061836981736666
I304D,1636.0,4.0,-10.114158431052239,0.5000645929403601
I304E,510.0,2.0,-9.428981039703672,0.7067884966383016
I304F,1372.0,0.0,-18.507726287567486,10.000040282567014
I304G,894.0,0.0,-17.8897981647845,10.000059767372514
I304H,569.0,6.0,-8.006740022457247,0.4101506854083476
I304K,869.0,1.0,-11.19066849191423,0.9956538253563239
I304L,1036.0,679.0,-2.0513280181975286,0.0501474756109588
I304M,1688.0,2.0,-11.155707050437528,0.705819840089916
I304N,1098.0,1415.0,-1.0758737612248677,0.041161178383658965
I304P,532.0,0.0,-17.140960559737174,10.00009782248242
I304Q,1259.0,3.0,-10.150105356131952,0.5771455481848402
I304R,553.0,0.0,-17.196812764679763,10.000094253599114
I304S,825.0,4.0,-9.12646037594791,0.500665018175795
I304T,1271.0,5.0,-9.428743878793895,0.4477324754537112
I304V,1185.0,188.0,-4.097812746029543,0.07899073397909548
I304W,1363.0,8.0,-8.85257300522385,0.35447765896145533
I304Y,709.0,2.0,-9.904261480388158,0.7063990730847499
I304_,794.0,1.0,-11.060452890402493,0.9957084087143871
I309A,861.0,0.0,-17.835537189502517,10.000061910908258
I309C,604.0,24.0,-6.094659942739437,0.20828276408849616
I309D,1744.0,0.0,-18.853843603250176,10.000032509272616
I309E,1001.0,0.0,-18.052891677464892,10.000053789171368
I309F,1299.0,15.0,-7.877139566144851,0.25974769324897673
I309G,927.0,1.0,-11.283880615006112,0.9956176686947907
I309H,1150.0,1.0,-11.594870214362684,0.9955126131087277
I309K,1006.0,0.0,-18.060079936802246,10.000053540916962
I309L,999.0,5.0,-9.081339522079748,0.4479716337959601
I309N,816.0,0.0,-17.758094028112463,10.000065113311992
I309P,769.0,3.0,-9.438889877906892,0.5775838312573595
I309Q,1092.0,0.0,-18.178421358515426,10.000049626768428
I309R,990.0,1.0,-11.378738810981776,0.9955831939168672
I309S,792.0,2.0,-10.063974150795175,0.7062944452797848
I309T,1593.0,816.0,-2.4068914024017727,0.04393191242576255
I309V,1460.0,6849.0,0.7881223997812614,0.030128534983571993
I309Y,1226.0,211.0,-3.980382286267789,0.07504372874647391
I309_,1596.0,1.0,-12.067693499047861,0.9953905603795713
I313A,879.0,0.0,-17.865386774125923,10.000060721754986
I313C,1360.0,0.0,-18.49505255031349,10.0000406041182
I313D,825.0,0.0,-17.77391880240283,10.000064444883417
I313E,1343.0,36.0,-6.662723453691093,0.16909008033161707
I313F,1046.0,17.0,-7.384164509176255,0.24458486622077175
I313G,2323.0,1.0,-12.609219172688974,0.9952920582320725
I313H,930.0,0.0,-17.94675342492491,10.000057602461942
I313K,1828.0,4.0,-10.274250826949398,0.5000003968641743
I313L,802.0,166.0,-3.7141448933781946,0.08571695315181674
I313M,729.0,28.0,-6.143719532335146,0.19274349214317402
I313N,640.0,1.0,-10.74939016023249,0.9958605729663496
I313P,737.0,0.0,-17.611191390363288,10.000071681192814
I313Q,747.0,0.0,-17.63063475200961,10.00007077302289
I313R,760.0,0.0,-17.65552559719856,10.000069628130719
I313S,1304.0,3.0,-10.200770547204247,0.5771218018820592
I313T,776.0,18.0,-6.870999973755019,0.23851655494834126
I313V,705.0,40.0,-5.581006003717884,0.16275431318570804
I313W,884.0,0.0,-17.873569885541787,10.000060400028818
I313Y,720.0,2.0,-9.92647244860574,0.7063838210997868
I313_,1714.0,0.0,-18.828810817374887,10.000033011068986
I320A,684.0,1440.0,-0.36780530814232293,0.047256765164492814
I320C,1148.0,1309.0,-1.252453906783587,0.041373952646247984
I320D,1101.0,1.0,-11.532051380413277,0.995532049793781
I320E,1184.0,0.0,-18.29511655666484,10.000046069032022
I320F,1164.0,2.0,-10.619487052126425,0.7060087338419653
I320G,1058.0,6.0,-8.901567373560404,0.4091592807619652
I320H,1358.0,698.0,-2.401969309223743,0.047389989824650064
I320K,1316.0,33.0,-6.758918319362344,0.1764384263568479
I320L,620.0,83.0,-4.342729251193344,0.11720244822390813
I320M,1000.0,100.0,-4.763593075862835,0.10524155738892747
I320N,869.0,1.0,-11.19066849191423,0.9956538253563239
I320P,897.0,0.0,-17.894631264549382,10.000059580326264
I320Q,897.0,2.0,-10.243579573370454,0.7061898100978431
I320R,1046.0,2.0,-10.465280243660711,0.7060773660990286
I320S,1092.0,16.0,-7.533663765999169,0.2518997811237645
I320T,1144.0,17.0,-7.513367528193541,0.24441739138740864
I320V,1196.0,641.0,-2.3416054998174367,0.049728731905294844
I320W,791.0,1.0,-11.054991646644083,0.9957108072745441
I320Y,428.0,3.0,-8.593532023238744,0.5784799935454166
I320_,1302.0,3.0,-10.198556143133471,0.5771228224381839
I342A,641.0,582.0,-1.5810977385044778,0.057922507739660706
I342C,856.0,610.0,-1.9305895736102565,0.05370589671107983
I342D,1762.0,3.0,-10.63503772612706,0.5769490814549879
I342E,1086.0,5.0,-9.20180588519573,0.4478821223703707
I342F,791.0,8702.0,2.0177860198074606,0.03815649094867046
I342G,1248.0,14801.0,2.126199410972368,0.030751160778309243
I342H,845.0,556.0,-2.0456524005282066,0.05530589527990933
I342K,1076.0,1.0,-11.498915293852018,0.9955426483054945
I342L,1207.0,53.0,-5.950824094330142,0.14060460186581794
I342M,828.0,150.0,-3.9063843306761266,0.08916687970360572
I342N,959.0,173.0,-3.9124852470683464,0.08306352997515354
I342P,518.0,1.0,-10.44427566208456,0.99604531516663
I342Q,631.0,167.0,-3.359523196007218,0.08745982877656591
I342R,921.0,1.0,-11.274512533858788,0.9956211979179876
I342S,854.0,159.0,-3.86693028132611,0.08681390686172827
I342T,1020.0,196.0,-3.8213789481194587,0.07847903139200973
I342V,1280.0,1447.0,-1.2648750055402882,0.03935885447510617
I342W,622.0,798.0,-1.0823257657921852,0.054199664437063415
I342Y,1285.0,102292.0,4.8729752477942165,0.02940706202304215
I342_,1500.0,0.0,-18.636407409481137,10.0000371728071
I346A,796.0,1.0,-11.064082268150585,0.9957068197151965
I346C,929.0,12.0,-7.715180886304796,0.290546307308528
I346D,743.0,1.0,-10.964677340979865,0.9957518175271612
I346E,1230.0,2.0,-10.699053644390986,0.705976086445437
I346F,1463.0,313.0,-3.666453793013549,0.06288961550115992
I346G,1015.0,0.0,-18.072929231909782,10.000053100222514
I346H,749.0,1684.0,-0.27295099622084695,0.04478517235579463
I346K,1041.0,12.0,-7.879398782432224,0.290346943463126
I346L,961.0,16.0,-7.349301046777791,0.25214743524114114
I346M,1800.0,17.0,-8.167272786666855,0.24376483636600751
I346N,859.0,3.0,-9.598562445496881,0.5774658775413108
I346P,1795.0,11589.0,1.2488987254610682,0.026836242464426226
I346Q,674.0,0.0,-17.48227719215702,10.000078022336329
I346R,1068.0,0.0,-18.14636044616786,10.000050655677827
I346S,762.0,0.0,-17.659317126537893,10.000069455460673
I346T,427.0,4.0,-8.17631862570207,0.5017920081419487
I346V,971.0,185.0,-3.8336777176339325,0.08069550204287103
I346W,649.0,12.0,-7.197727467792828,0.2913443843987205
I346Y,797.0,522.0,-2.0523151976929093,0.05698382943218701
I346_,1085.0,1.0,-11.510932147410276,0.9955387765899667
I355A,1897.0,2.0,-11.324110883515429,0.7057736028375456
I355C,1146.0,1.0,-11.589843441075164,0.9955141374874291
I355D,1711.0,0.0,-18.826283482509968,10.000033062216428
I355E,1099.0,30.0,-6.636412200797648,0.1852267017850956
I355F,1035.0,158.0,-4.153351752689774,0.08585850519308316
I355G,937.0,4.0,-9.310113214243938,0.5005203076543157
I355H,179.0,0.0,-15.569547378664348,10.000283149761193
I355K,495.0,0.0,-17.036964866189955,10.000104847275875
I355L,436.0,188.0,-2.6553466413868643,0.08768800771588002
I355M,1102.0,27.0,-6.79229468177235,0.19495525840056524
I355N,1127.0,16.0,-7.579178014960421,0.25184332584672886
I355P,673.0,1.0,-10.821923654638518,0.9958221062144581
I355Q,1277.0,77.0,-5.493375032058533,0.11766563264881352
I355R,923.0,1.0,-11.277641991471143,0.9956200164135119
I355S,1527.0,0.0,-18.662144800833588,10.0000365834261
I355T,997.0,23.0,-6.879069902626047,0.21104302822346863
I355V,995.0,9.0,-8.228834925155276,0.33476798184635853
I355W,1183.0,1.0,-11.63568607692382,0.9955004302333367
I355Y,418.0,0.0,-16.793044652066484,10.000123453366333
I355_,707.0,0.0,-17.551237816698553,10.000074559844682
I359A,1000.0,154.0,-4.140713308779067,0.08700500081188492
I359C,645.0,218.0,-3.0067220319597823,0.0788295909844018
I359D,1240.0,0.0,-18.361787046027768,10.00004416192303
I359E,784.0,0.0,-17.700379251883327,10.000067614233245
I359F,1373.0,8.0,-8.863118991474511,0.35447012170989733
I359G,1210.0,0.0,-18.326454261375215,10.000045161635645
I359H,2265.0,4.0,-10.583494284142162,0.49989484200137263
I359K,1183.0,0.0,-18.293897559675614,10.000046104728407
I359L,1017.0,113.0,-4.611606337074171,0.09954317780259324
I359M,1075.0,3130.0,0.10002236984026958,0.03642124385045644
I359N,1979.0,749.0,-2.843516833491602,0.043785775290495266
I359P,1038.0,0.0,-18.105255633250103,10.000052008722616
I359Q,1282.0,43.0,-6.339386390264676,0.15526502278519175
I359R,356.0,0.0,-16.56142496170185,10.000144284217285
I359S,1200.0,1.0,-11.656270236315684,0.995494415650582
I359T,732.0,2963.0,0.575333416501608,0.042194685682193936
I359V,1354.0,5095.0,0.4700517676569427,0.03180586035276687
I359W,1460.0,12.0,-8.367393105663805,0.28987181447702154
I359Y,818.0,0.0,-17.76162567585565,10.000064963501206
I359_,1198.0,0.0,-18.3120752414311,10.000045575539888
I363A,1185.0,20.0,-7.329829072633222,0.2256007148272016
I363C,1039.0,49.0,-5.847784399009717,0.1464351362539805
I363D,1107.0,0.0,-18.19810354536123,10.000049006355326
I363E,607.0,1.0,-10.673015997099478,0.9959032204587883
I363F,914.0,6.0,-8.690495964833193,0.40934121013717595
I363G,1415.0,3.0,-10.318627862811203,0.5770696818490205
I363H,981.0,0.0,-18.023775038678767,10.000054807494926
I363K,936.0,0.0,-17.956031139072643,10.000057257833866
I363L,588.0,1020.0,-0.6471241157874168,0.05251503781102061
I363M,1429.0,614.0,-2.660476771444576,0.049043026390880505
I363N,725.0,0.0,-17.587508090170022,10.000072804066063
I363P,1322.0,0.0,-18.45416838060251,10.000041660874809
I363Q,1298.0,1.0,-11.769525306121329,0.995462814620334
I363R,994.0,3.0,-9.80914788492721,0.5773289660316173
I363S,846.0,7.0,-8.35691127830443,0.37935757113890145
I363T,1453.0,206.0,-4.260053173841744,0.07496102390686683
I363V,1162.0,87.0,-5.181092272024007,0.1114912774184625
I363W,2013.0,0.0,-19.06078962995697,10.000028678149995
I363Y,1278.0,33.0,-6.716646992536901,0.17650244230833953
I363_,1168.0,0.0,-18.27548791683126,10.00004664750895
I372A,1226.0,1.0,-11.687194554550269,0.9954855394402938
I372C,1035.0,0.0,-18.101079997564888,10.0000521483411
I372D,1114.0,0.0,-18.20719747402877,10.000048722546897
I372E,740.0,0.0,-17.61705196242653,10.00007140616464
I372F,1548.0,1.0,-12.023638599260938,0.9954003193999498
I372G,1009.0,2.0,-10.413324072285608,0.7061021905982879
I372H,902.0,2.0,-10.251598932552593,0.706185434763248
I372K,924.0,0.0,-17.937415661077278,10.000057951565644
I372L,1588.0,1767.0,-1.2877046092976547,0.035671305157642164
I372M,678.0,0.0,-17.49081374783036,10.000077584689105
I372N,409.0,1.0,-10.103431829639142,0.9963035346717473
I372P,1001.0,0.0,-18.052891677464892,10.000053789171368
I372Q,1805.0,5.0,-9.934775327490511,0.44747246536063195
I372R,1620.0,1.0,-12.089226526680667,0.9953858977013855
I372S,1208.0,0.0,-18.324067688278404,10.00004523004863
I372T,1391.0,2.0,-10.87651639112845,0.7059094383879749
I372V,505.0,0.0,-17.065819151737955,10.000102847176638
I372W,1121.0,56.0,-5.76476572567859,0.13719621953605635
I372Y,805.0,14.0,-7.286272660300391,0.2696230764097067
I372_,895.0,122.0,-4.316699221538958,0.09690279024664217
I375A,569.0,90.0,-4.10209162651991,0.11377218614307875
I375C,994.0,542.0,-2.3167357128141823,0.054109202616150154
I375D,835.0,0.0,-17.791300671205892,10.000063719084473
I375E,980.0,310.0,-3.102276533620385,0.06574872964017749
I375F,826.0,167.0,-3.748019574931405,0.08529419562427928
I375G,920.0,202.0,-3.629017647184683,0.07819200724053603
I375H,787.0,109.0,-4.293716297306378,0.10257142638482193
I375K,499.0,16.0,-6.403818330418594,0.25405063482842494
I375L,1454.0,1109.0,-1.8325596334475422,0.040819769782376385
I375M,1192.0,437.0,-2.8894529572066325,0.05660381254182876
I375N,532.0,75.0,-4.268093332950599,0.12364471282755972
I375P,1406.0,2.0,-10.891990455009045,0.7059040059436499
I375Q,1566.0,92.0,-5.530953764048478,0.10762780634797284
I375S,374.0,40.0,-4.666439126923069,0.16656611949952163
I375T,739.0,982.0,-1.0316509870273052,0.04948006197275686
I375V,1494.0,5473.0,0.4313498714889219,0.030477035247026555
I375W,865.0,70.0,-5.0688787158548125,0.12456534454574765
I375Y,1570.0,179.0,-4.574456476777073,0.07937262762354724
I375_,1176.0,0.0,-18.285335618762197,10.0000463563029
I53A,344.0,69.0,-3.759367981423888,0.13219054834418253
I53C,966.0,342.0,-2.93979443154333,0.063528516329374
I53D,530.0,2.0,-9.484475084839003,0.7067361530063015
I53E,691.0,2.0,-9.867162093586554,0.7064250775365056
I53F,190.0,47.0,-3.456830578620047,0.16313106992523216
I53G,985.0,82.0,-5.0280614449972205,0.11526338683094615
I53H,922.0,1.0,-11.276078111207342,0.9956206065252028
I53K,302.0,0.0,-16.324103516056166,10.000169395762205
I53L,2134.0,401.0,-3.853651634278447,0.05512803339480765
I53M,412.0,158.0,-2.8244583049160923,0.09398209525932714
I53N,706.0,6.0,-8.317974633352241,0.40973473969815694
I53P,578.0,0.0,-17.260601648569594,10.000090343050692
I53Q,607.0,1.0,-10.673015997099478,0.9959032204587883
I53R,1150.0,1.0,-11.594870214362684,0.9955126131087277
I53S,344.0,30.0,-4.960730095466592,0.19054110702878077
I53T,316.0,534.0,-0.684898270553723,0.0715113713384547
I53V,615.0,192.0,-3.12122323574897,0.08313150547753016
I53W,524.0,4.0,-8.471643113330945,0.5013598651991592
I53Y,870.0,2.0,-10.199487488326497,0.7062143054259277
I53_,555.0,0.0,-17.202020961671543,10.00009392779083
I54A,830.0,0.0,-17.782635914160558,10.000064079797836
I54C,703.0,0.0,-17.543052407067414,10.000074962227743
I54D,83.0,0.0,-14.460864245719403,10.000606158461498
I54E,1349.0,31.0,-6.884818523010846,0.18183987927658285
I54F,791.0,0.0,-17.71320312939588,10.000067049866333
I54G,916.0,2.0,-10.273818852940924,0.706173437797858
I54H,410.0,1.0,-10.106954810171482,0.9963005420583901
I54K,424.0,0.0,-16.81360548615141,10.000121760770922
I54L,852.0,31.0,-6.221859748717248,0.18302500509624875
I54M,572.0,2.0,-9.594495873483282,0.7066381353263116
I54N,434.0,0.0,-16.84723548004575,10.000119043775292
I54P,1170.0,1.0,-11.61974466855614,0.995505147526709
I54Q,900.0,17.0,-7.167280801572514,0.24490169812592716
I54R,1045.0,0.0,-18.114952038759377,10.000051686063598
I54S,663.0,1.0,-10.800326343465906,0.9958333585893153
I54T,623.0,19.0,-6.476219699576386,0.23299313007467987
I54V,459.0,243.0,-2.3593047181737266,0.07981512430910648
I54Y,2191.0,123329.0,4.372977501255502,0.023266160142353626
I54_,966.0,0.0,-18.00154531965276,10.000055598909075
I5C,810.0,3.0,-9.513827238115246,0.57752684923098
I5D,287.0,0.0,-16.250608200082866,10.000178048137862
I5E,342.0,0.0,-16.503545704497725,10.000150033195295
I5F,419.0,0.0,-16.796491871314043,10.00012316790086
I5G,837.0,0.0,-17.794752055110287,10.000063576005797
I5H,306.0,260.0,-1.6768065049751453,0.08479780827105089
I5K,346.0,578.0,-0.7015140974043668,0.06853436406290399
I5L,1296.0,4.0,-9.778053714455954,0.5002249023085755
I5M,614.0,8.0,-7.702110915595052,0.3557377943658597
I5N,396.0,64.0,-4.0709624642099165,0.13499830752486008
I5P,199.0,0.0,-15.722348122123424,10.000255080167882
I5Q,692.0,977.0,-0.9442143735940096,0.05045187906778265
I5R,765.0,653.0,-1.6701683378874232,0.05399386885251397
I5S,726.0,9.0,-7.774113320040891,0.33532369158843234
I5T,505.0,12.0,-6.835798716032322,0.2920974166632897
I5V,136.0,0.0,-15.17321992403124,10.000371452894154
I5W,878.0,15.0,-7.312036305590502,0.26045726391426555
I5Y,1180.0,248.0,-3.6921237044136572,0.07040128711119628
I5_,438.0,0.0,-16.86047100363113,10.000117991713893
I70A,515.0,0.0,-17.094107641457565,10.000100924749274
I70C,455.0,7.0,-7.46213481447334,0.38069397362035556
I70D,728.0,0.0,-17.59346546346518,10.00007251987739
I70E,813.0,0.0,-17.752780293455366,10.000065339410167
I70F,588.0,1136.0,-0.4917318774168953,0.05155308518676917
I70G,339.0,42.0,-4.454317955561004,0.16379992985318576
I70H,542.0,1.0,-10.50961518250923,0.9960024044210077
I70K,795.0,1.0,-11.062268720576242,0.9957076132157507
I70L,861.0,139.0,-4.072636139727463,0.0918256449370541
I70M,702.0,231.0,-3.045331093362842,0.07635504808875546
I70N,368.0,0.0,-16.60925216535697,10.000139704662418
I70P,364.0,646.0,-0.6142164032600705,0.06612061880170135
I70Q,485.0,0.0,-17.00752168922035,10.000106929851304
I70R,671.0,3.0,-9.242221786114538,0.5777482147774633
I70S,1202.0,10.0,-8.349657930442865,0.31750407089637134
I70T,545.0,28.0,-5.724063628978585,0.19394112298919008
I70V,415.0,407.0,-1.469876675056283,0.07030873262595617
I70W,979.0,822.0,-1.6939624677223657,0.04811201035327466
I70Y,169.0,0.0,-15.486615806490128,10.000299675757612
I70_,463.0,0.0,-16.940550548806865,10.000111828168116
I71A,112.0,0.0,-14.893134734527646,10.000450218345543
I71C,604.0,19.0,-6.431536814321301,0.23310145799214563
I71D,1129.0,0.0,-18.2264935554006,10.000048126236635
I71E,473.0,0.0,-16.971377880132234,10.000109545175516
I71F,910.0,0.0,-17.915389594953623,10.00005878404346
I71G,507.0,1.0,-10.413309915657429,0.9960663396019348
I71H,554.0,0.0,-17.199419213403907,10.000094090400928
I71K,635.0,0.0,-17.396286507250593,10.000082578341617
I71L,790.0,13.0,-7.3659728643566496,0.2796543453454069
I71M,491.0,2.0,-9.374207911790627,0.7068421687415889
I71N,799.0,1.0,-11.069509272484542,0.9957044511270282
I71P,729.0,69.0,-4.842856082768661,0.12625043416166054
I71Q,765.0,0.0,-17.664985802378474,10.000069198148422
I71R,926.0,1.0,-11.282323486447389,0.9956182537235094
I71S,370.0,0.0,-16.617071457910285,10.000138970282375
I71T,480.0,0.0,-16.99257165760514,10.000108003678411
I71V,911.0,2.0,-10.265922395088255,0.7061776801231607
I71W,741.0,34.0,-5.887256917198339,0.1755830899752139
I71Y,777.0,3.0,-9.453820685195288,0.5775722410628048
I71_,91.0,0.0,-14.593604175568057,10.00055321463966
I73A,443.0,80.0,-3.9108818505578693,0.12178882701396168
I73C,517.0,244.0,-2.5250467283626294,0.07816128557925717
I73D,489.0,77.0,-4.108541082483086,0.12291082067334407
I73E,892.0,5495.0,1.1811955013737276,0.03714622803269193
I73F,429.0,82.0,-3.8289343504403037,0.12083616271910297
I73G,320.0,244.0,-1.8329715315940147,0.08543939574563476
I73H,206.0,1.0,-9.114010082634497,0.997511873862686
I73K,1078.0,0.0,-18.15980585192433,10.00005022139795
I73L,749.0,466.0,-2.1264188828913406,0.05964702556780064
I73M,506.0,181.0,-2.9248913107707954,0.08704939680796125
I73N,256.0,2.0,-8.434655669158463,0.7081633501746414
I73P,245.0,0.0,-16.02234782947575,10.00020791090686
I73Q,635.0,7.0,-7.943015873239974,0.3798748820405009
I73R,566.0,0.0,-17.230334738081407,10.000092177002127
I73S,226.0,94.0,-2.7072952917446544,0.1230387928399795
I73T,563.0,241.0,-2.665862355522094,0.07747366078050057
I73V,619.0,460.0,-1.8700923087417207,0.06217832318512796
I73W,551.0,28.0,-5.739859429635158,0.19388960663962052
I73Y,643.0,13.0,-7.068943123535573,0.28017125454901376
I73_,330.0,0.0,-16.452016937777994,10.000155349118696
I76A,357.0,112.0,-3.114131763112579,0.10865363130168204
I76C,441.0,200.0,-2.5825340530247116,0.08569753550985394
I76D,391.0,0.0,-16.69671270056992,10.000131712865082
I76E,502.0,10.0,-7.089997039936592,0.31932567606293016
I76F,1182.0,350.0,-3.1975690109542,0.061480672243738724
I76G,568.0,125.0,-3.625667639580988,0.09918007732274683
I76H,635.0,10.0,-7.429060248414602,0.31867173321712117
I76K,524.0,0.0,-17.119101539785866,10.000099257298851
I76L,447.0,498.0,-1.2859272107102786,0.0657409577630163
I76M,348.0,129.0,-2.8734406804818455,0.10344860102638162
I76N,707.0,15.0,-6.999529555077867,0.2609855442067844
I76P,460.0,449.0,-1.4767124642514293,0.06691623851849697
I76Q,643.0,74.0,-4.560843869232088,0.12305961432687508
I76R,351.0,1.0,-9.882807845553106,0.9965062603344195
I76S,866.0,192.0,-3.61499705118376,0.08024698411018778
I76T,481.0,63.0,-4.374208988966309,0.13426187435571313
I76V,281.0,34.0,-4.488385376223103,0.18176496981775048
I76W,650.0,99.0,-4.156610579949725,0.10823688406339878
I76Y,475.0,52.0,-4.6328917589925975,0.14631843990431478
I76_,526.0,0.0,-17.12459742285698,10.000098894503159
K125A,730.0,0.0,-17.5974234227408,10.00007233171592
K125C,462.0,1.0,-10.279219791654715,0.996162768084296
K125D,814.0,0.0,-17.754553713846697,10.000065263858936
K125E,677.0,0.0,-17.4886843396994,10.000077693616083
K125F,622.0,0.0,-17.366444970561204,10.000084223970129
K125G,778.0,0.0,-17.689295894668092,10.000068106059294
K125H,451.0,0.0,-16.902666617867325,10.000114701394125
K125I,1076.0,21.0,-7.120266329930767,0.22045983164523264
K125L,768.0,0.0,-17.670632291853554,10.00006894284639
K125M,331.0,0.0,-16.456381998264746,10.000154891403794
K125N,717.0,0.0,-17.571500435994352,10.000073573528818
K125P,421.0,0.0,-16.80336169711319,10.000122601038182
K125Q,777.0,0.0,-17.68744036195499,10.000068188768768
K125R,684.0,758.0,-1.2935953521911197,0.053460322121302035
K125S,514.0,0.0,-17.09130362308077,10.000101113625973
K125T,453.0,0.0,-16.909050093430384,10.000114211952312
K125V,581.0,11.0,-7.163471437029433,0.3043426644719619
K125W,569.0,0.0,-17.23796120316843,10.000091711262423
K125Y,775.0,0.0,-17.6837221216244,10.000068354828036
K125_,422.0,0.0,-16.806784381551424,10.000122319621699
K127A,703.0,38.0,-5.650889097205449,0.1667576572816004
K127C,591.0,0.0,-17.29268973721763,10.000088440311371
K127D,466.0,0.0,-16.94986810960617,10.000111132982447
K127E,502.0,30.0,-5.505995695174298,0.18812499413326048
K127F,794.0,0.0,-17.718664373154287,10.000066811040991
K127G,495.0,3.0,-8.803345189430255,0.5782065981391805
K127H,469.0,0.0,-16.959125879438744,10.000110446690176
K127I,758.0,1.0,-10.993512594372875,0.9957384440765533
K127L,513.0,103.0,-3.7579973665676345,0.10832299110699622
K127M,292.0,0.0,-16.275524971561453,10.00017506524546
K127N,483.0,0.0,-17.001560254152132,10.000107356714322
K127P,827.0,18.0,-6.962829504244443,0.23834990878626042
K127Q,389.0,15.0,-6.137606176327944,0.2631913280070039
K127R,470.0,100.0,-3.6743420062000958,0.11046904411474515
K127S,297.0,1.0,-9.641807218984837,0.9967661186086988
K127T,600.0,653.0,-1.3196762768848203,0.05722590591464935
K127V,755.0,0.0,-17.6460029487925,10.000070063808051
K127W,548.0,0.0,-17.18370941543518,10.000095078524046
K127Y,708.0,0.0,-17.55327693315071,10.000074459959325
K127_,330.0,0.0,-16.452016937777994,10.000155349118696
K181A,536.0,642.0,-1.1814589637145794,0.05916113820436095
K181C,473.0,495.0,-1.3762078303305714,0.0648928094575698
K181D,657.0,302.0,-2.5631138254789887,0.07007132642972624
K181E,505.0,259.0,-2.405098972840756,0.07692729621886239
K181F,812.0,604.0,-1.8687198758375354,0.05444179421361988
K181G,1358.0,9937.0,1.4295228972627076,0.03022913821156264
K181H,562.0,262.0,-2.542768741928257,0.07531780195318387
K181I,764.0,1141.0,-0.8631468073818134,0.04756148863646835
K181L,622.0,1158.0,-0.5451567843446377,0.050478083336745305
K181M,884.0,1047.0,-1.1976541895797963,0.04650919199366224
K181N,570.0,2626.0,0.7620184591129329,0.04703144001273875
K181P,757.0,2.0,-9.998767862902607,0.7063357697478091
K181Q,679.0,1197.0,-0.6238643383429032,0.048835873809316976
K181R,1111.0,745.0,-2.0183349230192036,0.04815746122087969
K181S,717.0,4392.0,1.1730213776066036,0.04122089487261045
K181T,2095.0,484254.0,6.41086823862122,0.023583575303076643
K181V,830.0,434.0,-2.3771952505030995,0.05988066832167926
K181W,985.0,3302.0,0.3033393967539797,0.03734781470917364
K181Y,634.0,841.0,-1.0341774571184548,0.053320765124473146
K181_,655.0,1.0,-10.782812645546388,0.9958426077706707
K182A,1424.0,2563.0,-0.5939149863928206,0.03419362237217148
K182C,742.0,864.0,-1.2221854362813618,0.05081220370276353
K182D,285.0,279.0,-1.4724905250287694,0.0846731660514636
K182E,620.0,322.0,-2.3869808091369986,0.06924713807389736
K182F,349.0,16.0,-5.888017977230977,0.2557401114696018
K182G,1186.0,294.0,-3.4539738599976793,0.06573586059584863
K182H,598.0,764.0,-1.0883729043647046,0.05529820550782583
K182I,447.0,83.0,-3.8707448727110547,0.11983581716944373
K182L,876.0,91.0,-4.7086451756118946,0.1104813935455766
K182M,403.0,250.0,-2.1306246520469045,0.08098125285957158
K182N,535.0,141.0,-3.365563196119366,0.09506637085525714
K182P,1391.0,832.0,-2.1832548344111413,0.04469458608362747
K182Q,1227.0,5772.0,0.7921319760516123,0.03263486567372867
K182R,666.0,839.0,-1.1086506496355888,0.05263226354232813
K182S,1007.0,183.0,-3.901878439062984,0.08083326286067997
K182T,842.0,369.0,-2.631972270541109,0.06304271022477781
K182V,321.0,63.0,-3.790760342041157,0.13806686713288063
K182W,488.0,52.0,-4.671844584249773,0.14612667571618665
K182Y,451.0,62.0,-4.3043814437207235,0.13572204043438496
K182_,611.0,0.0,-17.340703187818654,10.000085671119349
K190A,947.0,231.0,-3.4772191717533296,0.07390241737887517
K190C,700.0,54.0,-5.1378718948253,0.14149359038642756
K190D,1048.0,929.0,-1.615681268186707,0.04590641946361665
K190E,259.0,64.0,-3.4584334020198186,0.13985781733592254
K190F,704.0,7.0,-8.091832483471432,0.37967167661568757
K190G,503.0,82.0,-4.05851015540805,0.11940880315623272
K190H,656.0,250.0,-2.83352682183161,0.07483984443167402
K190I,1575.0,155.0,-4.7867226102310765,0.08463396837114699
K190L,859.0,5.0,-8.863515329061375,0.44815368402645916
K190M,828.0,8826.0,1.9722464689362003,0.03738731957145177
K190N,756.0,276.0,-2.895479596360195,0.07087020716380109
K190P,1073.0,75.0,-5.280231585504056,0.11975102862936943
K190Q,860.0,388.0,-2.590054416834099,0.06178046327233831
K190R,738.0,43.0,-5.542691144859612,0.15710568854578255
K190S,513.0,519.0,-1.425019428749204,0.06287145769036735
K190T,514.0,304.0,-2.199472463569271,0.07288105532190184
K190V,1669.0,3614.0,-0.3271869169725399,0.03086509089420537
K190W,737.0,4.0,-8.963732963908368,0.5008095322554698
K190_,435.0,1.0,-10.192344279169347,0.9962301957536395
K198A,482.0,712.0,-0.8789603903452452,0.05963149932752997
K198C,657.0,91.0,-4.293613165967097,0.11219022100090388
K198D,332.0,193.0,-2.2243459153807192,0.09093861376391706
K198E,671.0,321.0,-2.505510842906512,0.06842699620081821
K198F,633.0,27.0,-5.992457562293217,0.19667199564366264
K198G,449.0,177.0,-2.7847115260893123,0.08918136313723213
K198H,996.0,179.0,-3.917914860772295,0.08165219765270618
K198I,1039.0,210.0,-3.748474424850431,0.07616382317881899
K198L,1187.0,177.0,-4.187224134132409,0.0810471870360481
K198M,551.0,168.0,-3.155326213007057,0.08856450226774891
K198N,573.0,234.0,-2.733784950949139,0.07807232029237235
K198P,698.0,1328.0,-0.5138484164597816,0.04756517540153656
K198Q,709.0,344.0,-2.4851502888905,0.06628804481618963
K198R,1073.0,440.0,-2.7278501208401815,0.057283755867083994
K198S,1501.0,183.0,-4.477734017611477,0.07878575801821162
K198T,732.0,303.0,-2.7142927671013757,0.06887029818696358
K198V,641.0,271.0,-2.683795593423339,0.0729844785427405
K198W,898.0,48.0,-5.667119485802454,0.14838922672032856
K198Y,483.0,79.0,-4.0537407081321035,0.12167075061605842
K198_,710.0,0.0,-17.55734654006043,10.000074261032703
K202A,1058.0,38.0,-6.240625244409622,0.16532039208757487
K202C,1079.0,35.0,-6.387592179828236,0.1719501044183502
K202D,397.0,12.0,-6.48866210706813,0.29301803742045174
K202E,523.0,14.0,-6.664104486706647,0.270862312014254
K202F,1431.0,31261.0,3.0074639153154976,0.028418148558731475
K202G,825.0,30.0,-6.222691198804543,0.1860406615398087
K202H,585.0,90.0,-4.142098905228174,0.11356075233673349
K202I,610.0,20.0,-6.371834637252043,0.2273568234813936
K202L,397.0,18.0,-5.904100076867488,0.24108158792811105
K202M,618.0,130.0,-3.6908024033817943,0.09688450917433415
K202N,698.0,4.0,-8.885296474753085,0.500885214531739
K202P,525.0,44.0,-5.0182364419657866,0.1571738831279227
K202Q,1028.0,356.0,-2.9716594439735315,0.06211649013727541
K202R,798.0,295.0,-2.8774377830456217,0.06869954900343866
K202S,586.0,97.0,-4.0365147240011785,0.10996120438893486
K202T,805.0,156.0,-3.809163014606888,0.08791394325027639
K202V,796.0,115.0,-4.232822063894702,0.10013968754870507
K202W,818.0,5.0,-8.792958882660443,0.448218777660587
K202Y,392.0,43.0,-4.6299412373090725,0.1608668937862899
K202_,491.0,1.0,-10.367048120217763,0.996098601344946
K232A,373.0,2.0,-8.977669812872092,0.7072977635947544
K232C,897.0,1.0,-11.236419781797586,0.9956357868096508
K232D,595.0,3.0,-9.068801434370343,0.5779129285157141
K232E,913.0,0.0,-17.92013785775885,10.000058603506131
K232F,33.0,0.0,-13.130482239610828,10.001518417002988
K232G,525.0,0.0,-17.121852098360332,10.000099075555493
K232H,826.0,0.0,-17.775666443518393,10.000064371512712
K232I,473.0,1.0,-10.313166397380442,0.9961375032651978
K232L,861.0,1.0,-11.177325706750725,0.9956591946540247
K232M,816.0,3.0,-9.524474351352762,0.5775189902512468
K232N,1041.0,2.0,-10.458367526958929,0.7060806176905374
K232P,973.0,0.0,-18.011961828155098,10.00005522654591
K232Q,750.0,0.0,-17.6364170273519,10.000070505294318
K232R,763.0,1.0,-11.002997678313733,0.9957341030692604
K232S,625.0,16.0,-6.7286288761322,0.2532542824924778
K232T,633.0,0.0,-17.391735486802183,10.00008282711578
K232V,908.0,0.0,-17.912215382078344,10.000058905064435
K232W,1040.0,3.0,-9.874413014432779,0.5772904278947336
K232Y,1060.0,2.0,-10.484461474701025,0.7060684247571456
K232_,1034.0,2.0,-10.448633737794813,0.706085222723019
K238A,941.0,135.0,-4.242938601152493,0.09244642781467532
K238C,807.0,86.0,-4.671805056630324,0.11376507535866083
K238D,1601.0,296.0,-3.8770593155854156,0.06387225741295761
K238E,911.0,18.0,-7.102391620360908,0.23811590998600698
K238F,792.0,13225.0,2.6198115405736777,0.03761675067955861
K238G,559.0,3.0,-8.978761610513711,0.5780065619758128
K238H,1022.0,18740.0,2.7548456887476,0.03329596181580973
K238I,955.0,2479.0,-0.06561847024632961,0.03908057819150296
K238L,457.0,78.0,-3.9922895720107787,0.12281612518021305
K238M,881.0,115.0,-4.379193903635947,0.09953266947874773
K238N,897.0,1.0,-11.236419781797586,0.9956357868096508
K238P,1155.0,5.0,-9.290673840083311,0.4478207086262368
K238Q,647.0,160.0,-3.457420755921908,0.0887241560500509
K238R,658.0,223.0,-3.0027959220988034,0.07797841301315647
K238S,736.0,14.0,-7.1569913234908435,0.26983895184162626
K238T,922.0,413.0,-2.600400501104552,0.05985508430196292
K238V,617.0,123.0,-3.7683130849125357,0.0991308980545355
K238W,718.0,34.0,-5.841767842383997,0.17570614757210012
K238Y,630.0,29.0,-5.882547344091838,0.19009193514470726
K238_,1321.0,0.0,-18.45307667860273,10.000041689505203
K261A,890.0,70.0,-5.109983450691079,0.1244349305602709
K261C,654.0,49.0,-5.1799594596398935,0.148357079687901
K261D,705.0,1.0,-10.888939434311691,0.9957882429509962
K261E,1130.0,6.0,-8.99654964991064,0.4090856808834826
K261F,815.0,127.0,-4.123670486843023,0.09579754645730501
K261G,1791.0,90506.0,4.217373482667556,0.025420237333260085
K261H,1078.0,28.0,-6.708079583849823,0.19158801018645608
K261I,1034.0,23.0,-6.931640160749652,0.210957980247569
K261L,652.0,55.0,-5.008923099803635,0.14067347691440435
K261M,943.0,73.0,-5.132901901172636,0.12179484107558707
K261N,1238.0,234.0,-3.845175697088496,0.07181827673028274
K261P,1320.0,121.0,-4.889145496757514,0.0953841977104729
K261Q,1157.0,69.0,-5.509246906849968,0.12422457725815877
K261R,516.0,982.0,-0.5134561251114285,0.05507324041326135
K261S,3059.0,35771.0,2.105859309005579,0.020776285727792238
K261T,816.0,3.0,-9.524474351352762,0.5775189902512468
K261V,53.0,0.0,-13.813843641661064,10.000947013184085
K261W,1185.0,1834.0,-0.811692544805457,0.038287378262431775
K261Y,2165.0,8.0,-9.520150547071438,0.3540941004891307
K261_,2719.0,1.0,-12.836305265402839,0.9952605619247697
K264A,856.0,492.0,-2.240734828493842,0.05724932286023837
K264C,1788.0,11925.0,1.2957689492736337,0.02683157956486422
K264D,803.0,1735.0,-0.3303406974212173,0.04357149710331252
K264E,1231.0,511.0,-2.7102138690838715,0.05334833881280734
K264F,759.0,134.0,-3.9435730492686574,0.09410861114469338
K264G,1225.0,9886.0,1.5708000231379233,0.03153201883604765
K264H,728.0,3.0,-9.359845786705478,0.577647224894408
K264I,1173.0,15.0,-7.72994234170887,0.25990681942751137
K264L,548.0,7.0,-7.730438781424559,0.3802038030775117
K264M,856.0,187.0,-3.636307049312707,0.0811930636440677
K264N,1011.0,912.0,-1.5904705350987696,0.0465014452122703
K264P,1144.0,18.0,-7.43095248795065,0.23764600150238072
K264Q,891.0,114.0,-4.408076068871785,0.09985127733556509
K264R,1155.0,1361.0,-1.2050224917812784,0.040955306495940154
K264S,961.0,849.0,-1.6205647131919099,0.04790834612165379
K264T,1248.0,247.0,-3.7787829561521886,0.07018895942173238
K264V,498.0,2.0,-9.394630216541248,0.7068219188168231
K264W,865.0,1.0,-11.184012524394287,0.995656497594376
K264Y,718.0,4.0,-8.92605270663692,0.5008453775046211
K264_,1072.0,0.0,-18.151753654534147,10.000050480993618
K31A,463.0,3647.0,1.535804081139077,0.0501076150594217
K31C,835.0,31.0,-6.1927828605932715,0.1830902722540913
K31D,354.0,163.0,-2.5606244595784737,0.09505875673687128
K31E,293.0,81.0,-3.2965728063189754,0.1258324407607308
K31F,777.0,178.0,-3.56776969320728,0.0835550235123739
K31G,967.0,4442.0,0.7578151103186164,0.0365517999855545
K31H,466.0,167.0,-2.922221241019183,0.09061091219460703
K31I,381.0,24.0,-5.429916370940573,0.21059608523590326
K31L,443.0,190.0,-2.66305873340446,0.08716055065884913
K31M,808.0,781.0,-1.490826943734831,0.050939150796121664
K31N,673.0,1060.0,-0.7864167878986503,0.05006041001574127
K31P,2250.0,0.0,-19.221366704231126,10.000026061854575
K31Q,600.0,1062.0,-0.6180559161618868,0.05181741898440319
K31R,461.0,20.0,-5.967799789250467,0.22851905421456734
K31S,416.0,295.0,-1.9376491659448494,0.07661787829801671
K31T,537.0,67.0,-4.44429545794481,0.12985416364702934
K31V,258.0,0.0,-16.096934178915046,10.000197628750557
K31W,493.0,184.0,-2.863627554794876,0.08683109454840998
K31Y,789.0,43.0,-5.6390943652242,0.15682669811963224
K31_,506.0,0.0,-17.068673092335295,10.000102651514648
K377A,829.0,391.0,-2.525978816207412,0.0619720317301442
K377C,1267.0,245.0,-3.8123101888726265,0.07033861754003988
K377D,757.0,51.0,-5.333255168684592,0.14491991246935204
K377E,856.0,53.0,-5.455086021106975,0.14180751449557313
K377F,719.0,285.0,-2.776794112944984,0.07054250747947151
K377G,1014.0,585.0,-2.2353335053695433,0.052653122975996954
K377H,1076.0,1709.0,-0.7743254634278474,0.03989096110151828
K377I,999.0,37.0,-6.196306894974737,0.16762312096318727
K377L,718.0,65.0,-4.907065194277011,0.12981441541308947
K377M,1081.0,310.0,-3.243788026917949,0.06501967795216224
K377N,961.0,88.0,-4.89060689757796,0.11171263307217784
K377P,2441.0,492.0,-3.7525134783085137,0.05018905066566975
K377Q,1126.0,1791.0,-0.7722410637664332,0.039028592801646084
K377R,1201.0,640.0,-2.3498766276709495,0.04971824033651557
K377S,922.0,258.0,-3.279150231432382,0.07097324145998381
K377T,763.0,121.0,-4.098370507947722,0.09824038867522415
K377V,996.0,310.0,-3.1256402902002893,0.06562395661745381
K377W,1057.0,967.0,-1.5701811279795415,0.04535389304320611
K377_,1302.0,1.0,-11.77396433714138,0.9954616258092238
K382A,1433.0,356.0,-3.450853822732032,0.05986265112842468
K382C,1321.0,341.0,-3.395550252651711,0.06136983921830229
K382D,946.0,49.0,-5.7125021984881705,0.14675784736671918
K382E,1515.0,10683.0,1.3761241540855766,0.02881776411326079
K382F,878.0,433.0,-2.4616318445023078,0.059372973485700614
K382G,979.0,251.0,-3.405373571635952,0.07128913207081437
K382H,784.0,538.0,-1.9850338839082422,0.05666560462668323
K382I,348.0,59.0,-4.001892215170475,0.1410551531853437
K382L,991.0,111.0,-4.600004788451444,0.10046922073206835
K382M,843.0,164.0,-3.803560779903031,0.08579166653156664
K382N,1123.0,426.0,-2.840206389617233,0.057572754496567666
K382P,1139.0,206.0,-3.908788955148001,0.07621603514668737
K382Q,1665.0,360.0,-3.6512167725206406,0.05878003840076667
K382R,1357.0,880.0,-2.0666343455782523,0.0441594867512455
K382S,1021.0,135.0,-4.360653638020431,0.0919949802405889
K382T,1790.0,6403.0,0.39698779951228946,0.028135883612699916
K382V,1038.0,201.0,-3.8102759782091793,0.07755677938788116
K382W,1526.0,24209.0,2.5459129454277623,0.027810176859457247
K382Y,1086.0,145.0,-4.34660790582231,0.08884634639913268
K382_,1017.0,35.0,-6.302217809314216,0.17211431503543526
K384A,874.0,672.0,-1.820961901307479,0.052048247467638226
K384C,716.0,189.0,-3.363311987611225,0.0822444478290852
K384D,521.0,331.0,-2.0962310771830293,0.07083220329798716
K384E,974.0,329.0,-3.0075999664767483,0.06436536413334923
K384F,1166.0,264.0,-3.5847104967006107,0.06871794665470202
K384G,2355.0,703.0,-3.1859108860646246,0.043862020258951695
K384H,169.0,48.0,-3.257496585831537,0.16377606332239772
K384I,1196.0,121.0,-4.746826089860454,0.095795034134785
K384L,1166.0,210.0,-3.9148450467692086,0.07547250422978391
K384M,820.0,151.0,-3.8827922307489304,0.0889852270483097
K384N,881.0,30163.0,3.6556833825985926,0.03528469055446277
K384P,734.0,82.0,-4.60372279203278,0.11675962265811539
K384Q,772.0,188.0,-3.4796049525602397,0.0817984188608197
K384R,836.0,550.0,-2.0458571664911895,0.05559767983632972
K384S,1051.0,552.0,-2.370804904843558,0.05328998423039798
K384T,2186.0,83976.0,3.821810520011548,0.023370021680552983
K384V,1373.0,293.0,-3.6701151417878837,0.06494593844132082
K384W,1381.0,257.0,-3.867622183254733,0.06849673135721993
K384Y,1010.0,424.0,-2.6939941980776583,0.05852622874546573
K384_,1327.0,1163.0,-1.632110557207287,0.04111212667815869
K3A,1239.0,1.0,-11.702411639532606,0.9954812410038035
K3C,629.0,0.0,-17.38259014918814,10.0000833294101
K3D,191.0,280.0,-0.8899646353707693,0.09425191944899101
K3E,750.0,562.0,-1.8581088468543694,0.05647511511557998
K3F,558.0,298.0,-2.3467250505004937,0.07228049512107114
K3G,1312.0,1.0,-11.785002524138626,0.9954586854888194
K3H,141.0,282.0,-0.44184597306581086,0.10351069738446386
K3I,521.0,7.0,-7.657547625048862,0.3803281433343726
K3L,816.0,7.0,-8.304823394101842,0.3794148426634592
K3M,625.0,34.0,-5.641643177940615,0.1762948848728741
K3N,496.0,89.0,-3.9201246906488283,0.11544512297202307
K3P,406.0,0.0,-16.751022457271198,10.00012698863489
K3Q,1484.0,1029.0,-1.9700386274552244,0.04150244646258556
K3R,923.0,2656.0,0.08304757872222446,0.03920091566258957
K3S,1564.0,139.0,-4.933783978058667,0.08893764373250138
K3T,640.0,0.0,-17.407601642984282,10.000081963208496
K3V,629.0,139.0,-3.6196890994130815,0.09412928458110949
K3W,310.0,0.0,-16.361821949236354,10.000165123521624
K3Y,638.0,9.0,-7.587702936712069,0.33560685361989834
K3_,625.0,0.0,-17.373386468648455,10.000083838133657
K64A,324.0,101.0,-3.1233350294364177,0.11429404926646156
K64C,597.0,22.0,-6.203318863079953,0.21722270324510212
K64D,1012.0,39.0,-6.139030553642182,0.16339945083850918
K64E,618.0,89.0,-4.237385666257048,0.11370833226840049
K64F,443.0,15.0,-6.325138199209263,0.26259537795296495
K64G,416.0,90.0,-3.650255827408018,0.1165781298202953
K64H,346.0,755.0,-0.3161127971814617,0.06550855632474782
K64I,1012.0,257.0,-3.419121962796444,0.07039763502202105
K64L,816.0,140.0,-3.984851775427166,0.09189459970408077
K64M,585.0,7655.0,2.2680762549280256,0.04378128816164741
K64N,255.0,13.0,-5.734655771470884,0.28436272778812804
K64P,926.0,57.0,-5.46353568306612,0.1367387273794507
K64Q,740.0,325.0,-2.6288554748022666,0.0671189749395067
K64R,340.0,83.0,-3.476014944552703,0.122738040663692
K64S,1254.0,193527.0,5.828047453705832,0.029654752496362128
K64T,487.0,205.0,-2.690051929137762,0.08371351185585844
K64V,394.0,60.0,-4.156752227258606,0.13884772703544354
K64W,682.0,19.0,-6.606757272269781,0.23269495514538344
K64Y,796.0,24593.0,3.5075231392165778,0.03706376784424363
K64_,576.0,0.0,-17.255601054176815,10.000090643402809
K67A,817.0,513.0,-2.113161604828635,0.05700921214535399
K67C,806.0,62.0,-5.142019759875537,0.13207537968283503
K67D,618.0,15.0,-6.805429116837783,0.26137548455855436
K67E,1633.0,933.0,-2.2493639928144553,0.04196380936641986
K67F,321.0,675.0,-0.36950418154155606,0.06836243549840204
K67G,667.0,41392.0,4.513705290207568,0.04000228057474396
K67H,175.0,102.0,-2.220521589853047,0.12487479728895426
K67I,487.0,2.0,-9.362406900890434,0.7068540012192692
K67L,600.0,67.0,-4.6043330495929595,0.129099109176025
K67M,273.0,387.0,-0.9383777677080829,0.07952092400064195
K67N,676.0,41.0,-5.4847917556027515,0.1610601126063413
K67P,303.0,216.0,-1.9300621207187794,0.08947866629101378
K67Q,1035.0,744.0,-1.918045605750068,0.04885731774765364
K67R,512.0,20.0,-6.119173731619624,0.22804581699536264
K67S,208.0,170.0,-1.7328280951446686,0.10376060631123972
K67T,514.0,413.0,-1.7574145302261837,0.06665982015883234
K67V,636.0,64.0,-4.754475051887659,0.13142167476869093
K67W,573.0,273.0,-2.5114013369252266,0.07405967212237684
K67Y,94.0,36.0,-2.826211443683058,0.1961734575104707
K67_,968.0,0.0,-18.00452914723502,10.000055491970073
K68A,3719.0,46314.0,2.196663326428738,0.019164441124637683
K68C,528.0,15.0,-6.5783641874117516,0.26190255947245594
K68D,466.0,27.0,-5.550590185097204,0.19810602387115697
K68E,361.0,26.0,-5.2366953124052396,0.20320815171171402
K68F,576.0,27.0,-5.856323129667849,0.1970690258943068
K68G,240.0,44.0,-3.888986056418055,0.1642114398451738
K68H,150.0,10.0,-5.347339614286451,0.3265625781584698
K68I,826.0,789.0,-1.507910478737835,0.050545479099171654
K68L,1012.0,824.0,-1.7382846113800783,0.04773369182264222
K68M,604.0,78.0,-4.394636273285657,0.12062863012455285
K68N,820.0,322.0,-2.7903308280156915,0.06634595875387517
K68P,517.0,111.0,-3.6612973585378263,0.10497233600368193
K68Q,831.0,241.0,-3.227567646152538,0.07368416167894075
K68R,637.0,432.0,-2.00204612924513,0.06293957898234426
K68S,654.0,52.0,-5.094246568453451,0.14433605102904706
K68T,947.0,91720.0,5.15591822561317,0.03381794059982501
K68V,471.0,63.0,-4.343899791603737,0.13442614783688012
K68W,529.0,1.0,-10.474590707385456,0.9960251646604551
K68Y,333.0,48.0,-4.235953476100588,0.1546243903353845
K68_,809.0,2.0,-10.094613040369868,0.7062756627383875
L115A,255.0,494.0,-0.4878083927718082,0.07760451449031837
L115C,681.0,423.0,-2.1287790302114766,0.06252369812584457
L115D,117.0,3.0,-6.72251935098593,0.5838227359556226
L115E,361.0,7.0,-7.128275362337608,0.3814448243538663
L115F,365.0,898.0,-0.1429992952077317,0.06268986852380481
L115G,219.0,138.0,-2.108018754861905,0.10903507969397117
L115H,443.0,26.0,-5.53199577688696,0.20194264517349475
L115I,395.0,45.0,-4.575366523304696,0.1575616128004343
L115K,197.0,196.0,-1.4491364181094397,0.10126430909174408
L115M,252.0,734.0,0.1005239193995715,0.0735341489704073
L115N,244.0,25.0,-4.72815812717929,0.21014041590331584
L115P,753.0,0.0,-17.642176220004416,10.000070239699006
L115Q,414.0,9.0,-6.963789515134246,0.33686790770077485
L115R,240.0,398.0,-0.7120846543304866,0.08219360103002851
L115S,197.0,51.0,-3.3912116716146077,0.15734255301814049
L115T,180.0,88.0,-2.4741325082747982,0.13036252306675333
L115V,579.0,117.0,-3.748751249592539,0.10173573258903366
L115W,196.0,64.0,-3.05635286202473,0.14422598516952143
L115Y,476.0,621.0,-1.0581701982595852,0.06154568653459151
L115_,590.0,0.0,-17.290246602663316,10.000088583699092
L142A,190.0,2.0,-8.004530852634854,0.7091206625204962
L142C,436.0,15.0,-6.302160158275597,0.2626643723680986
L142D,629.0,0.0,-17.38259014918814,10.0000833294101
L142E,602.0,0.0,-17.319294647757577,10.000086894486298
L142F,448.0,531.0,-1.1965867211543406,0.0647463670126707
L142G,818.0,3.0,-9.52800599909595,0.5775163961876923
L142H,664.0,0.0,-17.460712164681286,10.000079139522708
L142I,456.0,887.0,-0.48190990916380905,0.058284755063909524
L142K,409.0,0.0,-16.761643312390934,10.000126085370045
L142M,727.0,4.0,-8.944023977989708,0.5008281649461247
L142N,403.0,0.0,-16.740322833131223,10.000127905347426
L142P,459.0,0.0,-16.92803278049895,10.000112769217903
L142Q,215.0,0.0,-15.833910956286935,10.000236384294581
L142R,501.0,0.0,-17.05434659537904,10.000103637635258
L142S,849.0,0.0,-17.81528874249043,10.000062731689727
L142T,1097.0,416.0,-2.840681380114602,0.05824218737853715
L142V,506.0,616.0,-1.1580069416817276,0.06063325078361894
L142W,487.0,0.0,-17.013458592069362,10.000106506494255
L142Y,733.0,1.0,-10.945128593471363,0.9957610371324346
L142_,679.0,2.0,-9.841888326422005,0.7064431792245223
L14A,730.0,199.0,-3.31687011700567,0.08044571257823196
L14C,451.0,1005.0,-0.28581628692319416,0.0573502921865038
L14D,635.0,31.0,-5.797768696637974,0.18411745081878017
L14E,766.0,1.0,-11.008658939352157,0.99573152565771
L14F,595.0,430.0,-1.910338521108521,0.06389809572800072
L14G,472.0,113.0,-3.5041618021054264,0.10509124096953577
L14H,599.0,293.0,-2.4734250017145367,0.07182666160195257
L14I,354.0,0.0,-16.5532973097676,10.000145077660754
L14K,39.0,0.0,-13.371423099412853,10.001285479777387
L14M,333.0,1401.0,0.6310350310187536,0.0615912242665253
L14N,591.0,116.0,-3.7907281874136673,0.10192526970999875
L14P,325.0,1.0,-9.771779821260765,0.9966206066542207
L14Q,852.0,1.0,-11.162166076578075,0.9956653556024585
L14R,421.0,0.0,-16.80336169711319,10.000122601038182
L14S,516.0,366.0,-1.937310775103998,0.06889780858916872
L14T,502.0,66.0,-4.368754416039885,0.131217404745434
L14V,162.0,0.0,-15.425590061548572,10.000312457808095
L14W,266.0,66.0,-3.4525187945677187,0.1377870541361542
L14Y,289.0,3.0,-8.027006931283971,0.5794504265328068
L14_,303.0,0.0,-16.328872602548,10.000168849395314
L165A,552.0,15.0,-6.64249333686349,0.2617453123141394
L165C,1227.0,1433.0,-1.2178931460265061,0.039869993992122564
L165D,367.0,2225.0,1.1581257255616801,0.05701712796259858
L165E,764.0,1519.0,-0.45032687560937745,0.045210642624015925
L165F,410.0,634.0,-0.8129483177463168,0.06397673321720575
L165G,614.0,79.0,-4.399949801983734,0.1198418082940979
L165H,731.0,499.0,-1.9926172313441768,0.058725918471450714
L165I,323.0,1305.0,0.572615310677346,0.06276107343840526
L165K,547.0,6.0,-7.949853222684127,0.4102368419914813
L165M,824.0,1.0,-11.113957558923165,0.9956853833956157
L165N,537.0,2667.0,0.8704075590180089,0.04810311572341682
L165P,471.0,0.0,-16.9652648859186,10.000109994018851
L165Q,629.0,1146.0,-0.5763300417494719,0.05039035503496101
L165R,847.0,0.0,-17.81188619839397,10.00006287074771
L165S,1090.0,27667.0,3.2239586467745838,0.03209925555635859
L165T,442.0,81.0,-3.889701913179864,0.12117484308928637
L165V,688.0,193.0,-3.275548753972682,0.08192277612641058
L165W,1005.0,0.0,-18.058645147332427,10.00005359037023
L165Y,755.0,131.0,-3.96861363229109,0.09504886208719576
L165_,432.0,0.0,-16.840571903658507,10.000119577111763
L168A,486.0,216.0,-2.611682712717325,0.08224221202204984
L168C,667.0,168.0,-3.4309561020936634,0.08676433520905404
L168D,443.0,2.0,-9.225794769651023,0.7069982450481005
L168E,494.0,0.0,-17.03404744180516,10.000105051739347
L168F,406.0,219.0,-2.3323133329133983,0.0842958502912479
L168G,399.0,80.0,-3.7599674894306316,0.12280649758422334
L168H,515.0,21.0,-6.057247194784519,0.22274399620682234
L168I,495.0,493.0,-1.4476355767430151,0.06422859902887494
L168K,477.0,147.0,-3.139900033237703,0.0947388292122567
L168M,559.0,383.0,-1.9872868477876455,0.06690717415658975
L168N,856.0,184.0,-3.6596382953393896,0.08172816656103955
L168P,729.0,457.0,-2.115507687102969,0.06030468078464089
L168Q,842.0,583.0,-1.9721115544544627,0.05458631786479903
L168R,441.0,1.0,-10.212107082771102,0.9962144987305462
L168S,564.0,507.0,-1.5955013560134184,0.06182362975354903
L168T,847.0,642.0,-1.841578049786583,0.053056828437913525
L168V,469.0,675.0,-0.9165046246242827,0.06074870810067693
L168W,825.0,219.0,-3.3552096780450302,0.0765173403479134
L168Y,625.0,14.0,-6.9211452282176396,0.2702856954030515
L168_,659.0,0.0,-17.449807553190716,10.000079710830219
L176A,666.0,694.0,-1.3823822048431555,0.05494702618215704
L176C,623.0,322.0,-2.3939446448374833,0.06919103693505678
L176D,441.0,0.0,-16.870318565522897,10.000117215192029
L176E,351.0,0.0,-16.541019328304902,10.000146284779273
L176F,682.0,299.0,-2.63139397508209,0.06991007949911833
L176G,631.0,2550.0,0.5729733145432565,0.04531789453682038
L176H,82.0,1.0,-7.785167455721846,1.00118401911193
L176I,306.0,0.0,-16.343085994982072,10.000167231719914
L176K,329.0,9049.0,3.3397618081764513,0.056804277322901546
L176M,797.0,869.0,-1.3170198633310903,0.04982187719596352
L176N,1073.0,755.0,-1.9488906798864232,0.048303610979216496
L176P,466.0,55.0,-4.524389921960844,0.14283271683027893
L176Q,232.0,16.0,-5.298936592565246,0.2585496398087588
L176R,192.0,168.0,-1.6344291605915666,0.1060041699497542
L176S,876.0,34.0,-6.128711244083818,0.17498986116936394
L176T,696.0,320.0,-2.5627858620621717,0.06810623036431139
L176V,497.0,50.0,-4.7547811857949345,0.1486096499304952
L176W,778.0,0.0,-17.689295894668092,10.000068106059294
L176Y,610.0,44.0,-5.2347244327632385,0.15632728904921117
L176_,646.0,0.0,-17.42106369342466,10.000081237617792
L17A,402.0,1.0,-10.078527102080132,0.996324899575176
L17C,816.0,95.0,-4.544230375363118,0.10875421073417191
L17D,308.0,0.0,-16.352484386845614,10.000166170776247
L17E,1581.0,96.0,-5.483312820295625,0.10547456603400614
L17F,506.0,0.0,-17.068673092335295,10.000102651514648
L17G,146.0,18.0,-4.460991910481675,0.24990067980358008
L17H,428.0,1.0,-10.16894021724665,0.996249064848762
L17I,368.0,15.0,-6.057543903736282,0.2634698551976453
L17K,394.0,0.0,-16.707739441780127,10.00013073924292
L17M,1029.0,0.0,-18.09269229334883,10.00005243002034
L17N,488.0,294.0,-2.172840301809516,0.07434499643219593
L17P,909.0,1.0,-11.255591878750604,0.9956283960952805
L17Q,680.0,6.0,-8.263841977537076,0.4098008211221669
L17R,846.0,0.0,-17.810181912315052,10.000062940523256
L17S,513.0,0.0,-17.088494144206322,10.000101303239017
L17T,239.0,1700.0,1.3886055305260445,0.06963442032686783
L17V,1019.0,367.0,-2.915071747634773,0.06150497002045945
L17W,445.0,1.0,-10.225133469013995,0.9962042690714809
L17Y,498.0,6.0,-7.814460727008993,0.41045601249157154
L17_,1666.0,3.0,-10.554212674376972,0.5769774219291407
L191A,444.0,258.0,-2.2249600027520122,0.07877065186517132
L191C,499.0,362.0,-1.904833993173205,0.06959251244925735
L191D,760.0,2564.0,0.31251676591965794,0.04222062934109113
L191E,637.0,869.0,-0.9937380582376107,0.05289011357739744
L191F,1032.0,175.0,-4.001742502153306,0.08221762197109231
L191G,834.0,1214.0,-0.900151098210026,0.04582071732283488
L191H,689.0,1005.0,-0.8971817867413385,0.05023114593260735
L191I,445.0,841.0,-0.5235096173189921,0.05927041689461947
L191K,225.0,194.0,-1.6556529199657746,0.09836369101359867
L191M,823.0,16786.0,2.9084107585225376,0.03676167549387301
L191N,349.0,56.0,-4.081306856799877,0.14420817371642397
L191P,477.0,444.0,-1.5452221581400778,0.06652359684901028
L191Q,872.0,616.0,-1.9431857248594104,0.05335654984696203
L191R,620.0,4197.0,1.317203694575595,0.04390828365124794
L191S,693.0,685.0,-1.458545937549931,0.05458579142505305
L191T,903.0,87156.0,5.150919560501488,0.03457855445275965
L191V,611.0,800.0,-1.0529727746939024,0.05443724921155293
L191W,564.0,6.0,-7.994006757323165,0.41016967780661784
L191Y,786.0,313.0,-2.7701337347392263,0.06740793614481302
L191_,362.0,0.0,-16.585536746149938,10.00014195648905
L195A,1318.0,291500.0,6.347195989907,0.028964554510647868
L195C,930.0,156.0,-4.0174025388005905,0.08695917478666726
L195D,575.0,474.0,-1.720464367168952,0.06265425464301118
L195E,329.0,560.0,-0.6744736612438249,0.0700135629308429
L195F,628.0,52.0,-5.035721405126511,0.14455517407148746
L195G,810.0,976.0,-1.1728386059015783,0.04833143519069722
L195H,392.0,20.0,-5.733892201347981,0.2293529226499679
L195I,756.0,782.0,-1.3930130777758079,0.05175215120134455
L195K,786.0,15329.0,2.8437782319358726,0.03760690802489032
L195M,585.0,246.0,-2.69153914181482,0.07649211202787322
L195N,806.0,392.0,-2.4817020971567114,0.062196704336856215
L195P,914.0,1360.0,-0.8684594116191802,0.04365963749447851
L195Q,509.0,405.0,-1.7715312864675417,0.06716001849497805
L195R,684.0,262.0,-2.8261903579699306,0.0731806699299655
L195S,960.0,759.0,-1.780725356861831,0.04935541323760049
L195T,1250.0,526.0,-2.6905723207579424,0.05270572495798597
L195V,574.0,485.0,-1.684856193847657,0.06229557278088489
L195W,820.0,27.0,-6.365870774894179,0.1957539714011388
L195Y,536.0,373.0,-1.9648404246592381,0.06799503960091033
L195_,929.0,0.0,-17.94520132201043,10.000057660332741
L196A,562.0,583.0,-1.3888699880672402,0.05976085271203392
L196C,466.0,436.0,-1.5377945060981792,0.06720265900498401
L196D,679.0,996.0,-0.8890674109408749,0.05053250088587278
L196E,402.0,38497.0,5.139576382879389,0.05089471147210414
L196F,577.0,246.0,-2.6716741779102176,0.07664687162725455
L196G,534.0,505.0,-1.5223496190090104,0.06268634794320167
L196H,758.0,885.0,-1.2183179408328044,0.05025902751000331
L196I,512.0,30170.0,4.439004560471956,0.04542056420969052
L196K,559.0,621.0,-1.2900524076610553,0.05895720561164208
L196M,1041.0,1157.0,-1.2893774100351916,0.0436084582649143
L196N,393.0,1502.0,0.49246167466501767,0.05733266388192072
L196P,669.0,901.0,-1.0122794739385776,0.051782302621224546
L196Q,338.0,216.0,-2.0877626432698166,0.08754828929625742
L196R,778.0,1048.0,-1.0120029372475416,0.048128112291288716
L196S,408.0,513.0,-1.1114123800557252,0.06691035318448815
L196T,1220.0,1695.0,-0.9673940046854983,0.03855421812174429
L196V,430.0,343.0,-1.7679143899954948,0.07292248976687124
L196W,1338.0,159.0,-4.514694311495288,0.08433911618120706
L196Y,579.0,1248.0,-0.3338254923028039,0.05104073687107549
L196_,906.0,3.0,-9.675414493147994,0.5774135861751386
L210A,707.0,5.0,-8.582571023503347,0.4484328275851279
L210C,825.0,0.0,-17.77391880240283,10.000064444883417
L210D,947.0,3.0,-9.739267179163397,0.577372205757579
L210E,818.0,0.0,-17.76162567585565,10.000064963501206
L210F,326.0,98.0,-3.1757101740052462,0.11553019682519852
L210G,844.0,0.0,-17.806767288312074,10.000063080570374
L210H,811.0,0.0,-17.749226899358668,10.000065491071567
L210I,816.0,1.0,-11.099882545360671,0.9956913579922984
L210K,513.0,1.0,-10.430282661454529,0.9960547600125621
L210M,1402.0,1.0,-11.880720447649349,0.9954341097615941
L210N,778.0,0.0,-17.689295894668092,10.000068106059294
L210P,302.0,0.0,-16.324103516056166,10.000169395762205
L210Q,502.0,0.0,-17.057223298772584,10.000103438839668
L210R,197.0,0.0,-15.70777605701155,10.000257630670044
L210S,805.0,0.0,-17.738513900731206,10.00006595057728
L210T,685.0,0.0,-17.50563224509865,10.000076831105085
L210V,761.0,0.0,-17.657422607426902,10.00006954168225
L210W,441.0,0.0,-16.870318565522897,10.000117215192029
L210Y,738.0,2.0,-9.962095869625333,0.706359843353421
L210_,527.0,0.0,-17.127337533157977,10.000098714137913
L212A,820.0,1483.0,-0.5869798989864901,0.044391405827171555
L212C,582.0,497.0,-1.669563878318714,0.061700978833318786
L212D,452.0,0.0,-16.90586188625701,10.000114456131815
L212E,536.0,3.0,-8.918147435562265,0.5780729588537705
L212F,522.0,49.0,-4.85472420889445,0.1496544907410332
L212G,911.0,469.0,-2.39964302321673,0.05750329376301236
L212H,2053.0,93.0,-5.906005824465373,0.1063739492672169
L212I,291.0,38.0,-4.378412615506685,0.17269038600941397
L212K,337.0,0.0,-16.482298596651592,10.000152202156846
L212M,660.0,769.0,-1.2212803409807051,0.05378008058124828
L212N,901.0,2.0,-10.249998622862387,0.7061863059475019
L212P,927.0,0.0,-17.942092097757904,10.000057776448907
L212Q,1030.0,13.0,-7.748688388195779,0.2791265133755097
L212R,629.0,0.0,-17.38259014918814,10.0000833294101
L212S,329.0,265.0,-1.7538794506245265,0.08300397043121394
L212T,939.0,286.0,-3.156869748345623,0.06810380262464932
L212V,600.0,63.0,-4.693128647061011,0.13271748542470554
L212W,1573.0,281.0,-3.9266292826219065,0.06535374043966771
L212Y,280.0,0.0,-16.21498554701081,10.000182403152781
L212_,1294.0,1.0,-11.76507257447225,0.9954640107796369
L214A,448.0,1.0,-10.234826648123729,0.9961967166359186
L214C,469.0,1.0,-10.300914396686952,0.9961465534262308
L214D,749.0,1.0,-10.976280693357426,0.9957464038911469
L214E,251.0,25.0,-4.768962694677947,0.20986830804745668
L214F,1036.0,0.0,-18.10247321941017,10.000052101711761
L214G,414.0,0.0,-16.779172810947784,10.000124609018417
L214H,503.0,0.0,-17.0600942774934,10.000103240834498
L214I,671.0,36.0,-5.661659578683959,0.17128090941033172
L214K,627.0,1.0,-10.71978416552006,0.9958768378156749
L214M,777.0,1.0,-11.029228879203195,0.9957222453706849
L214N,856.0,1.0,-11.168923363627954,0.9956626014138985
L214P,1124.0,2.0,-10.56903847051305,0.7060303852615517
L214Q,569.0,0.0,-17.23796120316843,10.000091711262423
L214R,859.0,0.0,-17.832182122256583,10.000062046112678
L214S,677.0,9.0,-7.673301043885862,0.3354723083965194
L214T,788.0,12.0,-7.477700698110293,0.29087757122424973
L214V,747.0,18.0,-6.816052286103333,0.23862140298367063
L214W,751.0,0.0,-17.63833931386951,10.00007041652678
L214Y,979.0,52.0,-5.676257469510377,0.14256685114248432
L214_,382.0,0.0,-16.66311760059033,10.000134725483536
L218A,841.0,0.0,-17.801630150835088,10.000063291889965
L218C,542.0,1.0,-10.50961518250923,0.9960024044210077
L218D,612.0,1.0,-10.684850939359663,0.9958964632088795
L218E,629.0,1.0,-10.724378666436344,0.9958742917892532
L218F,1179.0,2.0,-10.637959554511117,0.7060009931573937
L218G,1054.0,1.0,-11.469112362792242,0.995552390788384
L218H,671.0,0.0,-17.47584146287424,10.000078353995898
L218I,1080.0,174.0,-4.075597364690351,0.08215539431658876
L218K,552.0,1.0,-10.535990115732384,0.9959856256931143
L218M,938.0,2.0,-10.308058807961626,0.7061553085745342
L218N,942.0,0.0,-17.96524957092849,10.0000569175959
L218P,592.0,0.0,-17.295128741434805,10.00008829740806
L218Q,517.0,0.0,-17.099699381334595,10.000100549187813
L218R,919.0,3.0,-9.695968079138396,0.5774000661277285
L218S,1223.0,0.0,-18.341871491003918,10.000044722405198
L218T,445.0,5.0,-7.914678158570581,0.44936036120072587
L218V,682.0,0.0,-17.499300088918332,10.00007715217548
L218W,534.0,0.0,-17.146373954358673,10.000097470495461
L218Y,724.0,1.0,-10.927305337083897,0.9957695524542122
L218_,628.0,1.0,-10.722083244970916,0.9958755627762189
L21A,270.0,12.0,-5.9324995996683985,0.2950327245361162
L21C,413.0,73.0,-3.941805544665507,0.12725878378745523
L21D,559.0,0.0,-17.212381287273413,10.000093283168205
L21E,323.0,1.0,-9.762874542894888,0.9966301643975493
L21F,325.0,75.0,-3.557124077225983,0.12839462410629873
L21G,414.0,3.0,-8.545553134188083,0.5785482776026629
L21H,492.0,1.0,-10.369983351522404,0.9960965235443808
L21I,505.0,2481.0,0.854748872891447,0.04959854601331522
L21K,337.0,0.0,-16.482298596651592,10.000152202156846
L21M,465.0,14511.0,3.521947569624661,0.047918679860589466
L21N,609.0,0.0,-17.335973113448595,10.000085939853916
L21P,1917.0,2.0,-11.339241462428337,0.7057697066326368
L21Q,1363.0,17.0,-7.766064011969174,0.2441299107278054
L21R,827.0,0.0,-17.777411970150716,10.000064298319444
L21S,743.0,17.0,-6.890721398068274,0.24538056134399
L21T,365.0,15.0,-6.045734923659799,0.26351223520386197
L21V,322.0,3750.0,2.0999222294512285,0.058727803256421754
L21W,858.0,0.0,-17.83050165819209,10.000062113951257
L21Y,310.0,0.0,-16.361821949236354,10.000165123521624
L21_,819.0,0.0,-17.76338826302055,10.000064888870188
L224A,966.0,0.0,-18.00154531965276,10.000055598909075
L224C,605.0,0.0,-17.32646618432692,10.000086482653211
L224D,586.0,0.0,-17.2804324797445,10.000089162143645
L224E,559.0,1.0,-10.554169804521617,0.9959742376019707
L224F,301.0,2746.0,1.7476587415235834,0.061344183105959786
L224G,814.0,0.0,-17.754553713846697,10.000065263858936
L224H,789.0,11.0,-7.604952027604482,0.3035963236029355
L224I,698.0,29.0,-6.030420321010007,0.18968476914628485
L224K,459.0,0.0,-16.92803278049895,10.000112769217903
L224M,247.0,0.0,-16.034076645271472,10.000206258592565
L224N,287.0,1.0,-9.59239671733107,0.9968249617457274
L224P,1083.0,0.0,-18.16648185499369,10.000050007265456
L224Q,607.0,0.0,-17.33122747985127,10.000086210359349
L224R,570.0,1.0,-10.58228294268062,0.9959569068937161
L224S,895.0,1.0,-11.233199514970453,0.9956370378578911
L224T,437.0,0.0,-16.857173488902387,10.000118252923697
L224V,672.0,0.0,-17.477989897458244,10.000078243113686
L224W,656.0,0.0,-17.44322500291593,10.000080057794946
L224Y,264.0,0.0,-16.130099772025932,10.000193224663942
L224_,906.0,22.0,-6.80509074001614,0.2159037506924336
L227A,486.0,1.0,-10.352281711794753,0.9961091185379355
L227C,725.0,1.0,-10.929296607418227,0.9957685958708814
L227D,602.0,0.0,-17.319294647757577,10.000086894486298
L227E,584.0,2.0,-9.62444857733481,0.7066127175188892
L227F,484.0,21.0,-5.967683604205416,0.2230229831015045
L227G,1039.0,2.0,-10.455593139240545,0.7060819270855381
L227H,482.0,0.0,-16.998570273514872,10.000107571474208
L227I,267.0,7.0,-6.693130336350241,0.38272095022164004
L227K,610.0,1.0,-10.68012860640599,0.995899152821603
L227M,761.0,830.0,-1.3165815096546396,0.050947455700988735
L227N,426.0,0.0,-16.820394492072143,10.000121207167417
L227P,1509.0,3.0,-10.41141798050164,0.5770315373138514
L227Q,859.0,1.0,-11.173970639504791,0.9956605526002744
L227R,836.0,0.0,-17.793027395258402,10.000063647459564
L227S,842.0,1.0,-11.145133080521251,0.995672355523484
L227T,729.0,0.0,-17.59544580040965,10.000072425667604
L227V,773.0,4.0,-9.032535847096193,0.5007464410562269
L227W,343.0,59.0,-3.9810140898029287,0.1412035498560754
L227Y,1176.0,21.0,-7.248475172089149,0.22028052769549572
L227_,1405.0,0.0,-18.54201568952687,10.00003942662268
L253A,848.0,883.0,-1.383446317646265,0.048872453225933865
L253C,1018.0,697.0,-1.9882952898938218,0.04993799724567332
L253D,1206.0,6.0,-9.090455979947768,0.40901751417754584
L253E,845.0,1.0,-11.150264127793838,0.9956702381563203
L253F,1270.0,5546.0,0.6848155445559176,0.03231873272127369
L253G,1099.0,142.0,-4.393934900451447,0.08960168944944952
L253H,1108.0,14.0,-7.747164952435996,0.26899238217733246
L253I,1161.0,5435.0,0.7851074748507081,0.033497860040192
L253K,527.0,1.0,-10.469126050406185,0.9960287658515383
L253M,574.0,255.0,-2.61231686487933,0.07576503201400735
L253N,826.0,0.0,-17.775666443518393,10.000064371512712
L253P,739.0,9.0,-7.799717786623909,0.33528756062033227
L253Q,1070.0,72.0,-5.335078018905068,0.12205869961181785
L253R,1026.0,0.0,-18.08848008305672,10.000052572095381
L253S,706.0,198.0,-3.275910142663111,0.08089163010695241
L253T,1768.0,2925.0,-0.7154796941560355,0.03137327103140071
L253V,360.0,775.0,-0.3356168715622454,0.06438013554288714
L253W,627.0,287.0,-2.5691822645772815,0.07180435469789943
L253Y,1062.0,854.0,-1.7562672989214176,0.04679051716843835
L253_,525.0,0.0,-17.121852098360332,10.000099075555493
L269A,761.0,4.0,-9.009964180971984,0.5007668090883292
L269C,580.0,471.0,-1.7421149004856442,0.06264184448709605
L269D,934.0,2.0,-10.301893501024775,0.7061585413071049
L269E,1033.0,64.0,-5.4542079177649,0.12910228160863008
L269F,921.0,2.0,-10.281672325431654,0.706169241509147
L269G,799.0,30.0,-6.176493151638049,0.18614663579522012
L269H,787.0,3776.0,0.8206138966979566,0.0401529201169466
L269I,440.0,228.0,-2.3902340291885844,0.08206852914729791
L269K,1239.0,0.0,-18.3606231222844,10.000044194466817
L269M,793.0,1528.0,-0.49555179512691083,0.0446347334075686
L269N,895.0,50.0,-5.603410108014675,0.14556820412880608
L269P,1474.0,350.0,-3.516073081967368,0.06010222938753218
L269Q,1067.0,31.0,-6.546491177352143,0.18237778287210105
L269R,739.0,7.0,-8.161830448426826,0.3795830730124316
L269S,1181.0,55.0,-5.865978283739851,0.1382101341449739
L269T,1054.0,1932.0,-0.5675808095872288,0.03928292972903007
L269V,726.0,380.0,-2.3757468525893266,0.06391945317862985
L269W,847.0,0.0,-17.81188619839397,10.00006287074771
L269Y,1039.0,2.0,-10.455593139240545,0.7060819270855381
L269_,742.0,0.0,-17.620945825982194,10.000071224048032
L26A,420.0,26.0,-5.455080189359154,0.2022484666049066
L26C,403.0,1.0,-10.082111350379432,0.9963218020345114
L26D,470.0,0.0,-16.96219864804064,10.000110219872962
L26E,643.0,3.0,-9.180728693493666,0.577804374065963
L26F,564.0,16.0,-6.580470345518092,0.2535956928050379
L26G,697.0,9.0,-7.715303254707021,0.3354091326874365
L26H,604.0,1345.0,-0.2868222574338368,0.049758274949986546
L26I,313.0,1101.0,0.37275210192411024,0.06465166954292198
L26K,802.0,0.0,-17.733127421222008,10.000066182908371
L26M,752.0,16238.0,2.9906843650834998,0.03831642928923151
L26N,766.0,0.0,-17.66687042210395,10.000069112825553
L26P,632.0,0.0,-17.389454581612704,10.000082952093294
L26Q,314.0,2.0,-8.72926600884605,0.7076537607245054
L26R,473.0,0.0,-16.971377880132234,10.000109545175516
L26S,266.0,0.0,-16.14098767730042,10.00019180078424
L26T,396.0,269.0,-1.9996718743551831,0.07949413807019563
L26V,580.0,1393.0,-0.17773888092882828,0.05018738330410144
L26W,336.0,0.0,-16.47801136565525,10.00015264369516
L26Y,263.0,0.0,-16.124624849737216,10.000193944724394
L26_,566.0,0.0,-17.230334738081407,10.000092177002127
L276A,1032.0,129.0,-4.441696963433333,0.09379293825177283
L276C,1056.0,2340.0,-0.2939036177459,0.03809336729891197
L276D,1392.0,5.0,-9.559938072967821,0.44765609495295805
L276E,910.0,3.0,-9.681769918193924,0.5774093850519031
L276F,431.0,14.0,-6.384987297635788,0.27161464342444214
L276G,589.0,1.0,-10.629587841007286,0.9959284960514485
L276H,1235.0,4.0,-9.708499587874064,0.5002629947816267
L276I,956.0,2.0,-10.335481213838221,0.7061410958693269
L276K,760.0,0.0,-17.65552559719856,10.000069628130719
L276M,1241.0,11.0,-8.258351277944382,0.3028351233351915
L276N,685.0,2.0,-9.854580553919721,0.7064340491621808
L276P,1031.0,0.0,-18.09549361662564,10.000052335762984
L276Q,977.0,0.0,-18.017880524637622,10.000055016162598
L276R,1108.0,3.0,-9.965786516107112,0.5772393159281113
L276S,851.0,531.0,-2.1222318709663925,0.05599172555970005
L276T,731.0,0.0,-17.599398337890733,10.000072238021282
L276V,1170.0,21.0,-7.241095704634887,0.2202904254072369
L276W,1144.0,1.0,-11.587323471105131,0.99551490367336
L276Y,1084.0,1.0,-11.509601873698548,0.9955392036065105
L276_,989.0,0.0,-18.03549230426032,10.000054395223247
L283A,481.0,0.0,-16.99557408328117,10.000107787127044
L283C,1863.0,29654.0,2.550725068481248,0.02544176340475661
L283D,788.0,0.0,-17.707721133815927,10.000067290510112
L283E,733.0,0.0,-17.60334007622316,10.000072051398934
L283F,847.0,1.0,-11.153674715642175,0.9956688349084425
L283G,1137.0,1.0,-11.57846875085841,0.9955176065460091
L283H,1328.0,0.0,-18.460701301136517,10.000041489997905
L283I,1324.0,37.0,-6.602649889117089,0.16688858859996963
L283K,826.0,0.0,-17.775666443518393,10.000064371512712
L283M,835.0,0.0,-17.791300671205892,10.000063719084473
L283N,1350.0,1.0,-11.826193901939769,0.9954479094640563
L283P,1238.0,1.0,-11.70124677601171,0.9954815684484454
L283Q,1383.0,0.0,-18.51924687891022,10.000039992713646
L283R,1272.0,1.0,-11.74033382059314,0.9954707241019584
L283S,891.0,3.0,-9.651329142697907,0.5774296760491985
L283T,630.0,3.0,-9.151262247530134,0.5778321428540105
L283V,958.0,0.0,-17.989547911267792,10.000056031130113
L283W,1421.0,1.0,-11.90014051529274,0.9954293194486463
L283Y,923.0,0.0,-17.935853474222938,10.000058010190854
L283_,1132.0,0.0,-18.230321993594444,10.000048008870955
L285A,742.0,525.0,-1.9408885440101544,0.05769932112045665
L285C,763.0,213.0,-3.2825756204933274,0.07798723863833429
L285D,1018.0,3.0,-9.843567347266386,0.5773084249727715
L285E,1215.0,209.0,-3.981119129965438,0.07539425620528359
L285F,1010.0,9206.0,1.7464116162817285,0.03428569965025779
L285G,1064.0,228.0,-3.66413752211425,0.07350107921903108
L285H,1815.0,10.0,-8.944186528921247,0.31706128170021963
L285I,966.0,62.0,-5.403260145506157,0.13129513507166773
L285K,1142.0,0.0,-18.24301057452695,10.000047622105429
L285M,1078.0,636.0,-2.20304402315929,0.05076152877410212
L285N,541.0,865.0,-0.7647332661767265,0.05550897197876482
L285P,777.0,58.0,-5.185354457969087,0.1363898353845536
L285Q,970.0,948.0,-1.4748921594107554,0.04650326550097652
L285R,993.0,7.0,-8.58804480825858,0.3791268743565582
L285S,557.0,68.0,-4.475679247976305,0.12874709801613562
L285T,755.0,98.0,-4.387289708633281,0.10772335668752689
L285V,592.0,100.0,-4.007272099594263,0.10846638215418138
L285W,1179.0,3.0,-10.055391568930343,0.5771922367370714
L285Y,759.0,3.0,-9.420006412533366,0.5775986622396485
L285_,1340.0,80.0,-5.507714447576799,0.11541878566521961
L286A,1632.0,194.0,-4.51424179238154,0.0764454716183789
L286C,923.0,121.0,-4.373014821105133,0.09707722202018514
L286D,1770.0,4.0,-10.227734375474872,0.5000183221288474
L286E,868.0,8.0,-8.201560427013654,0.35506731873034164
L286F,839.0,357.0,-2.674518337048416,0.06379434298145922
L286G,1095.0,3.0,-9.948759659128868,0.5772485968730615
L286H,596.0,0.0,-17.30484373271474,10.000087730590124
L286I,895.0,42.0,-5.8548939272357305,0.15810742385528304
L286K,592.0,4.0,-8.647670314979887,0.5011412121958423
L286M,1076.0,1836.0,-0.6709123856205537,0.03938037629253501
L286N,757.0,0.0,-17.649819554081535,10.000069888846491
L286P,854.0,0.0,-17.823760159069153,10.000062386894275
L286Q,954.0,1.0,-11.325300101927002,0.9956023363996299
L286R,1449.0,0.0,-18.586502842173104,10.000038346009664
L286S,890.0,0.0,-17.883328741982346,10.000060018729021
L286T,849.0,7.0,-8.362018108479809,0.37935206613853734
L286V,1164.0,7.0,-8.817268109294732,0.3789317178648021
L286W,1343.0,0.0,-18.476905337881373,10.000041069485436
L286Y,1091.0,0.0,-18.177099616028595,10.00004966873587
L286_,1186.0,2.0,-10.646499773855208,0.705997447816637
L30A,364.0,0.0,-16.593485280296438,10.000141197632006
L30C,446.0,0.0,-16.88658325314313,10.000115944202676
L30D,642.0,0.0,-17.41210296499568,10.000081719838018
L30E,1238.0,1.0,-11.70124677601171,0.9954815684484454
L30F,181.0,0.0,-15.585576597952791,10.000280063676012
L30G,463.0,0.0,-16.940550548806865,10.000111828168116
L30H,835.0,2.0,-10.140248980026964,0.7062484149083245
L30I,711.0,0.0,-17.55937704670923,10.000074161989058
L30K,502.0,0.0,-17.057223298772584,10.000103438839668
L30M,1168.0,1.0,-11.617276434079468,0.9955058825823164
L30N,910.0,0.0,-17.915389594953623,10.00005878404346
L30P,1087.0,0.0,-18.17180050339276,10.000049837377802
L30Q,432.0,3.0,-8.606952226898805,0.5784612952957167
L30R,313.0,0.0,-16.37571594485267,10.000163577732648
L30S,751.0,1.0,-10.980127831117716,0.9957446185619522
L30T,526.0,0.0,-17.12459742285698,10.000098894503159
L30V,1217.0,1.0,-11.676564830595893,0.9954885690643308
L30W,864.0,0.0,-17.840555206089125,10.00006170927526
L30Y,534.0,0.0,-17.146373954358673,10.000097470495461
L30_,589.0,1.0,-10.629587841007286,0.9959284960514485
L331A,916.0,57.0,-5.447871257986789,0.13678182905339203
L331C,986.0,88.0,-4.92765773254619,0.11159448457104766
L331D,483.0,0.0,-17.001560254152132,10.000107356714322
L331E,706.0,0.0,-17.549195814063424,10.000074660012993
L331F,1017.0,1.0,-11.417557672990926,0.9955697261886227
L331G,1084.0,0.0,-18.167813356450342,10.000049964676002
L331H,1331.0,0.0,-18.463956701215565,10.00004140513717
L331I,1048.0,13830.0,2.2802829951668024,0.03321582751634176
L331K,561.0,3.0,-8.983914006272052,0.5780010452789053
L331M,752.0,337.0,-2.599755262224278,0.06613498206965997
L331N,1387.0,1.0,-11.865201997247732,0.995437984275254
L331P,2051.0,7.0,-9.634499182720614,0.37844116097301134
L331Q,1386.0,17.0,-7.790205531654424,0.24410497433542572
L331R,584.0,0.0,-17.27550026851374,10.00008945433732
L331S,1119.0,0.0,-18.21365821979888,10.00004852200051
L331T,851.0,1.0,-11.16047179793578,0.9956660481938701
L331V,1258.0,348.0,-3.2957375393789334,0.06119789366860312
L331W,778.0,1.0,-11.031084411916298,0.9957214147166319
L331Y,1417.0,2.0,-10.903233539200274,0.7059000952218586
L331_,1024.0,0.0,-18.085665094912983,10.000052667274554
L33A,1375.0,430.0,-3.1187948117302926,0.0559427390545923
L33C,535.0,0.0,-17.149073053461954,10.000097295488837
L33D,586.0,0.0,-17.2804324797445,10.000089162143645
L33E,246.0,254.0,-1.3956264820039816,0.08988060743527178
L33F,287.0,0.0,-16.250608200082866,10.000178048137862
L33G,483.0,0.0,-17.001560254152132,10.000107356714322
L33H,815.0,0.0,-17.7563249569525,10.000065188493105
L33I,556.0,0.0,-17.20461802640572,10.00009376576565
L33K,764.0,0.0,-17.663098717518128,10.000069283694646
L33M,272.0,135.0,-2.452388237530167,0.1056408513862183
L33N,732.0,257.0,-2.9518336793907833,0.07303284223107202
L33P,570.0,0.0,-17.240494425432416,10.00009155710528
L33Q,1168.0,466.0,-2.7674146236133823,0.055487197198378455
L33R,656.0,4.0,-8.795766576461011,0.5009767668381925
L33S,337.0,33.0,-4.793611173429055,0.18258673733542835
L33T,359.0,0.0,-16.57353122591777,10.000143110627622
L33V,708.0,9.0,-7.737893637337172,0.3353759026432199
L33W,535.0,0.0,-17.149073053461954,10.000097295488837
L33Y,443.0,0.0,-16.876846460829952,10.000116703353525
L33_,578.0,2.0,-9.609549957390666,0.7066252946128214
L345A,1744.0,8.0,-9.208185170841467,0.3542515089281065
L345C,1358.0,10.0,-8.525703135207463,0.31735353598821353
L345D,1168.0,1.0,-11.617276434079468,0.9955058825823164
L345E,876.0,0.0,-17.86045453479166,10.000060916553544
L345F,919.0,0.0,-17.929587755898098,10.000058245967523
L345G,754.0,6.0,-8.412869672480099,0.40962469254259576
L345H,1472.0,2.0,-10.958171071925207,0.7058814180324383
L345I,628.0,0.0,-17.38029472772271,10.000083455983448
L345K,1028.0,2.0,-10.44023789810816,0.7060892197844668
L345M,700.0,128.0,-3.8929138318550214,0.09652583083493305
L345N,601.0,1.0,-10.658684708831869,0.9959114775061119
L345P,1550.0,79.0,-5.7358932679845065,0.11566580381924559
L345Q,941.0,4.0,-9.316258823864636,0.5005157758432611
L345R,891.0,0.0,-17.88494881945761,10.000059955678317
L345S,683.0,2.0,-9.850362206033761,0.7064370747061777
L345T,733.0,27.0,-6.204062151714191,0.19612332310214725
L345V,1466.0,51.0,-6.286765849896614,0.1426986969265959
L345W,991.0,1.0,-11.38019532849642,0.9955826820288763
L345Y,1063.0,123.0,-4.553102476923776,0.09563963925334382
L345_,1376.0,0.0,-18.51192624552935,10.000040176629595
L350A,327.0,229.0,-1.9557189738212974,0.08661078053489292
L350D,741.0,3.0,-9.38538053114648,0.5776263657210715
L350E,825.0,14689.0,2.712386932303615,0.036837208483434775
L350F,1180.0,1585.0,-1.01610195963988,0.0394354737879549
L350G,2028.0,453.0,-3.604244779987598,0.05270053421078413
L350H,848.0,1.0,-11.155376990787328,0.9956681357658964
L350I,1169.0,861.0,-1.8829801888026036,0.04575638396651504
L350K,1036.0,25.0,-6.814183877229201,0.20254886656618093
L350M,797.0,360.0,-2.5883556611987624,0.0641029275667093
L350N,910.0,348.0,-2.8285484531717566,0.06363304936793697
L350P,923.0,2.0,-10.28480178304401,0.7061675757164138
L350Q,557.0,1025.0,-0.5619319652658019,0.053363802754793244
L350R,721.0,4004.0,1.0315595868356517,0.04139430206180002
L350S,1110.0,2802.0,-0.10590538559363427,0.03653183200729022
L350T,731.0,861.0,-1.2056559647765077,0.0510508799190958
L350V,1885.0,1255.0,-2.0286681337082615,0.03747136060988413
L350W,994.0,7690.0,1.5098583870021542,0.034826143060582224
L350Y,822.0,92.0,-4.601088188784328,0.11028014048505323
L350_,769.0,0.0,-17.672509554666593,10.00006885818836
L35A,1322.0,1.0,-11.795956897850719,0.9954557896425006
L35C,730.0,0.0,-17.5974234227408,10.00007233171592
L35D,916.0,1.0,-11.266659061368056,0.9956241742451265
L35E,709.0,0.0,-17.555313171567086,10.000074360355729
L35F,199.0,16.0,-5.077590529607167,0.2599281253006758
L35G,346.0,0.0,-16.52032092958567,10.000148343158884
L35H,420.0,0.0,-16.799930873302145,10.000122883794704
L35I,687.0,1.0,-10.851626812004302,0.9958069030141911
L35K,888.0,0.0,-17.88008311898742,10.00006014525644
L35M,1137.0,128.0,-4.592711337687937,0.09363858573377741
L35N,412.0,0.0,-16.772186549791204,10.000125195259146
L35P,75.0,0.0,-14.314662043174867,10.000670395083228
L35Q,604.0,0.0,-17.324079630969855,10.000086619476354
L35R,113.0,7.0,-5.452687001046219,0.38933137826288367
L35S,363.0,0.0,-16.58951648727638,10.000141576015306
L35T,289.0,0.0,-16.260626608043673,10.000176842595724
L35V,1182.0,0.0,-18.29267753183072,10.000046140485189
L35W,904.0,0.0,-17.905845927505876,10.000059148712836
L35Y,294.0,0.0,-16.28537242142475,10.00017390049579
L35_,398.0,2.0,-9.071260183691479,0.7071787134794428
L367A,1080.0,868.0,-1.7570559184053494,0.04641953375796625
L367C,921.0,4852.0,0.9554989816843933,0.03699540505206755
L367D,1192.0,4.0,-9.657373203265806,0.5002921876679992
L367E,659.0,17.0,-6.717640127527334,0.24572987330813065
L367F,1450.0,264.0,-3.899193185014336,0.06748467256212529
L367G,1046.0,368.0,-2.9488745858709624,0.06123827700544489
L367H,810.0,3063.0,0.47714363656300396,0.04047004083710232
L367I,859.0,1471.0,-0.6657345936802104,0.04382614670730984
L367K,1351.0,1.0,-11.827262161417156,0.9954476340691035
L367M,1571.0,579.0,-2.881827010157557,0.049400550353166706
L367N,1050.0,55.0,-5.696360170958517,0.13859177530202238
L367P,999.0,39.0,-6.120378032250396,0.16343879278513695
L367Q,1438.0,101.0,-5.273298492668426,0.1033063921435553
L367R,1298.0,1.0,-11.769525306121329,0.995462814620334
L367S,1506.0,7388.0,0.8526596530588768,0.029599931800173066
L367T,1271.0,276.0,-3.6449777548236844,0.06698229847001017
L367V,1558.0,16293.0,1.944681939777264,0.027928761501920914
L367W,778.0,45.0,-5.553266045282541,0.15355588843176285
L367Y,918.0,16.0,-7.283259472607225,0.2522440682215432
L367_,1283.0,0.0,-18.41096770590912,10.000042810531033
L374A,1686.0,1396.0,-1.7140986335507522,0.03723222852325443
L374C,1344.0,373.0,-3.2910524755772173,0.059175422754855815
L374D,1268.0,5.0,-9.425334620783493,0.44773455419292396
L374E,1398.0,64.0,-5.890728377942888,0.12811969693362782
L374F,1029.0,443.0,-2.6576406489071704,0.057496856821044336
L374G,955.0,1021.0,-1.3453855649621866,0.04586204413906984
L374H,1666.0,46591.0,3.3637878237185967,0.02642905906162495
L374I,653.0,103.0,-4.106115503240657,0.1063765048216676
L374K,1121.0,231.0,-3.720566754456177,0.07278505985683068
L374M,895.0,2674.0,0.1372343374051539,0.03959888171481107
L374N,388.0,110.0,-3.2602539793000496,0.1083703427367835
L374P,1140.0,0.0,-18.240481770379272,10.000047698915711
L374Q,1469.0,836.0,-2.255046928748646,0.04420049549822305
L374R,848.0,174.0,-3.726705876790054,0.08368287064677907
L374S,813.0,621.0,-1.8304514138430097,0.05400992964502212
L374T,1072.0,905.0,-1.6861075414952609,0.04598459075487062
L374V,1880.0,622.0,-3.037525472444487,0.04707864229700951
L374W,1384.0,10454.0,1.47533535591593,0.0299163919402996
L374Y,947.0,401.0,-2.681536262709602,0.060220044495395024
L374_,1815.0,0.0,-18.91141278775724,10.000031387773406
L383A,755.0,411.0,-2.319117073693997,0.06192182084255845
L383C,1297.0,381.0,-3.2090836509125067,0.05892709401421715
L383D,913.0,432.0,-2.521360770488636,0.05904942666424959
L383E,1048.0,356.0,-2.9994576284952865,0.06196688254270581
L383F,901.0,342.0,-2.839299425931885,0.06411358679038501
L383G,1685.0,888.0,-2.365904141596076,0.04238368830396148
L383H,1079.0,40172.0,3.7766156912689635,0.03206966987260728
L383I,440.0,324.0,-1.883292788241815,0.07372784696926295
L383K,15.0,0.0,-11.99350307800898,10.0033343964467
L383M,611.0,456.0,-1.8639253461769485,0.06250091272933421
L383N,1071.0,55767.0,4.260573249550347,0.032069068401673936
L383P,1354.0,317.0,-3.536432954677173,0.06300648305115022
L383Q,1402.0,940.0,-2.018543446323471,0.043056653909513756
L383R,653.0,858.0,-1.0479054390755458,0.0526654820554248
L383S,1603.0,1697.0,-1.3595831755222512,0.035915086623512164
L383T,773.0,2590.0,0.30260386903789716,0.04191107875439551
L383V,940.0,1179.0,-1.1149668711642118,0.04459577332323443
L383W,1193.0,404.0,-3.0039380444508863,0.05822540253629495
L383Y,632.0,329.0,-2.3836107678560543,0.06854538672368389
L383_,1067.0,133.0,-4.445761893455247,0.09237004575479445
L40A,1252.0,0.0,-18.375681376172945,10.000043775452525
L40C,625.0,1.0,-10.715174985896663,0.9958794001298333
L40D,835.0,30.0,-6.240073067607606,0.18600164427839683
L40E,542.0,0.0,-17.16782666526102,10.000096088523922
L40F,1106.0,42.0,-6.1602826501111965,0.15743189792195578
L40G,869.0,2.0,-10.197828283487096,0.7062152418750507
L40H,473.0,23.0,-5.803332611908146,0.21365926379096178
L40I,880.0,1.0,-11.208815631104562,0.9956466019255197
L40K,611.0,0.0,-17.340703187818654,10.000085671119349
L40M,1.0,0.0,-8.100006299140086,10.049386837275325
L40N,1010.0,2.0,-10.414753176661847,0.7061014957635622
L40P,741.0,0.0,-17.619000207906183,10.000071314983453
L40Q,537.0,0.0,-17.154456149727725,10.000096947430926
L40R,657.0,1.0,-10.787211042395068,0.9958402743669031
L40S,1531.0,1.0,-12.00770751410062,0.9954039224357283
L40T,720.0,16.0,-6.93276654726841,0.25283715470516493
L40V,1402.0,4.0,-9.891473503946223,0.5001665878278543
L40W,70.0,0.0,-14.215140107679563,10.00071799767709
L40Y,800.0,137.0,-3.987531654413532,0.0928736614718949
L40_,805.0,40.0,-5.772368987385606,0.16221210638296818
L42A,622.0,166.0,-3.347462442717389,0.08779646921295729
L42C,767.0,613.0,-1.7651295948606034,0.05488036102995632
L42D,286.0,0.0,-16.245572785942088,10.000178657231428
L42E,518.0,225.0,-2.644785645489841,0.08032127294036287
L42F,260.0,2.0,-8.457022615216292,0.7081209211959151
L42G,1063.0,8.0,-8.493932027141057,0.3547695946566538
L42H,712.0,110.0,-4.1360576481251,0.10281708358811045
L42I,608.0,149.0,-3.4704807157899316,0.09182844923309354
L42K,501.0,474.0,-1.5217167204228774,0.06467165978740444
L42M,662.0,20.0,-6.489854753876344,0.2270734660752836
L42N,527.0,186.0,-2.944244970110698,0.08573416794692922
L42P,521.0,0.0,-17.110818259059485,10.00009980671485
L42Q,842.0,21620.0,3.2405911964200405,0.036203357583368415
L42R,545.0,1232.0,-0.26513545644396963,0.05218530198876554
L42S,610.0,17.0,-6.6061726634944,0.2459777639699024
L42T,1396.0,62726.0,4.0478877982669434,0.02844406613704078
L42V,464.0,290.0,-2.11984806648427,0.07536629371791158
L42W,483.0,0.0,-17.001560254152132,10.000107356714322
L42Y,494.0,198.0,-2.760761770404847,0.08456533456550504
L42_,342.0,0.0,-16.503545704497725,10.000150033195295
L43A,39.0,0.0,-13.371423099412853,10.001285479777387
L43C,653.0,0.0,-17.436612280879345,10.000080407947648
L43D,598.0,0.0,-17.30967680549454,10.000087450024665
L43E,755.0,2.0,-9.994951257613572,0.7063382467917921
L43F,692.0,0.0,-17.520300081843338,10.00007609276671
L43G,655.0,33.0,-5.7523367050756455,0.1785982639861848
L43H,462.0,1.0,-10.279219791654715,0.996162768084296
L43I,854.0,0.0,-17.823760159069153,10.000062386894275
L43K,961.0,26.0,-6.6492079553510575,0.19890731120145294
L43M,298.0,16.0,-5.660110345881913,0.2566969989980311
L43N,725.0,1.0,-10.929296607418227,0.9957685958708814
L43P,301.0,0.0,-16.31931861219436,10.000169945759291
L43Q,384.0,0.0,-16.67065107657834,10.00013404380927
L43R,1108.0,0.0,-18.199406192866814,10.000048965591713
L43S,1319.0,0.0,-18.450890793167193,10.00004174689623
L43T,686.0,0.0,-17.5077368027225,10.000076724705654
L43V,111.0,0.0,-14.88019683918506,10.000454239321394
L43W,183.0,0.0,-15.601429678087737,10.000277045041637
L43Y,819.0,0.0,-17.76338826302055,10.000064888870188
L43_,788.0,0.0,-17.707721133815927,10.000067290510112
L49A,508.0,84.0,-4.038018740423596,0.1181042138500997
L49C,359.0,210.0,-2.2153608203487254,0.0873150104416705
L49D,237.0,0.0,-15.974455126985543,10.00021479902095
L49E,1166.0,0.0,-18.27301545233825,10.000046720934828
L49F,631.0,277.0,-2.6295196268569327,0.07260533189445265
L49G,662.0,6.0,-8.2251390250709,0.40984960361481454
L49H,452.0,2.0,-9.254810195078083,0.7069664585731408
L49I,564.0,102.0,-3.90880497253076,0.10794801528755926
L49K,779.0,83.0,-4.672079614608352,0.11578953850390467
L49M,613.0,23.0,-6.177372536430255,0.21252636437268355
L49N,852.0,26.0,-6.475526875386879,0.19924166656475123
L49P,788.0,0.0,-17.707721133815927,10.000067290510112
L49Q,1552.0,11224.0,1.4125836247246002,0.02846428928264022
L49R,458.0,5.0,-7.956219500612595,0.44928938574899135
L49S,634.0,966.0,-0.834262288300784,0.051857916088194234
L49T,255.0,30.0,-4.528833414590391,0.19318497890034123
L49V,490.0,153.0,-3.1209800644415555,0.09302198951773098
L49W,590.0,1.0,-10.632035119911524,0.995927051409838
L49Y,483.0,0.0,-17.001560254152132,10.000107356714322
L49_,56.0,0.0,-13.89326352933565,10.000896497312254
L61A,943.0,167.0,-3.939133397163017,0.0844090922386414
L61C,488.0,37.0,-5.162718486545752,0.17072099471856764
L61D,369.0,1.0,-9.954955626368434,0.9964365302729218
L61E,463.0,0.0,-16.940550548806865,10.000111828168116
L61G,263.0,82.0,-3.12304072765187,0.12677762825123928
L61H,394.0,429.0,-1.3190157856427671,0.07032602610473973
L61I,763.0,129.0,-4.006013883377211,0.09559671134408923
L61K,373.0,579.0,-0.8074208594894339,0.06696845871883943
L61M,543.0,168.0,-3.1342264779895705,0.0887153238045529
L61N,354.0,68.0,-3.821766133305662,0.1326849437719805
L61P,871.0,1.0,-11.19398499557793,0.995652498438562
L61Q,316.0,216.0,-1.9906669266948835,0.0887167821068291
L61R,161.0,9.0,-5.601274194068974,0.34245493280884115
L61S,484.0,178.0,-2.8848733821307535,0.08809387178278846
L61T,1255.0,230.0,-3.8897251853064914,0.07225813975438485
L61V,373.0,185.0,-2.4534058723518477,0.0903482252859347
L61W,597.0,428.0,-1.921905409361357,0.06393905793727868
L61Y,593.0,15.0,-6.745855367636,0.2615059451284239
L61_,769.0,0.0,-17.672509554666593,10.00006885818836
L65A,940.0,460.0,-2.47280569715209,0.05757151689072986
L65C,939.0,558.0,-2.192644361777342,0.054164834216412404
L65D,525.0,1.0,-10.463640615608538,0.996032394466576
L65E,782.0,0.0,-17.6966942521381,10.000067777336698
L65F,799.0,1479.0,-0.5534484738651564,0.044771330599390285
L65G,784.0,18.0,-6.885796785977053,0.23848898870149884
L65H,827.0,28797.0,3.6800756232678293,0.03634138619503403
L65I,994.0,323.0,-3.0634763524285225,0.06464287108732897
L65K,164.0,2.0,-7.792239286130103,0.7097086883421133
L65M,728.0,245.0,-3.0129124503777245,0.07437653440136892
L65N,942.0,61.0,-5.390419555590858,0.13239754820782446
L65P,586.0,1.0,-10.62222099699271,0.9959328595461563
L65Q,489.0,115.0,-3.5298994767719822,0.10400307377007223
L65R,1106.0,252.0,-3.575606358655741,0.07034943327922183
L65S,584.0,168.0,-3.239240783811133,0.08798364287504612
L65T,79.0,2.0,-6.738562671229391,0.7143149577434865
L65V,101.0,21.0,-3.7071448762640484,0.23994413490744781
L65W,590.0,463.0,-1.7914908702447452,0.06270137474727626
L65Y,844.0,530.0,-2.113035328682437,0.05611035769152847
L65_,645.0,0.0,-17.41882872366522,10.000081357612139
L69A,563.0,165.0,-3.2124019057154607,0.08895617719404902
L69C,887.0,1917.0,-0.32995922803550837,0.041543037866788306
L69D,458.0,25.0,-5.636596951626834,0.2055338418386455
L69E,487.0,15.0,-6.461750330448676,0.26220677539083004
L69F,502.0,310.0,-2.1371961659245233,0.07276324545843461
L69G,835.0,212.0,-3.419455976820039,0.07740248311931418
L69H,488.0,95.0,-3.802554254096626,0.11247729331621363
L69I,494.0,173.0,-2.9554796340268856,0.08877532618261338
L69K,990.0,115.0,-4.5474786067258925,0.09890289280254715
L69M,585.0,301.0,-2.400444686070628,0.07147248811072555
L69N,498.0,0.0,-17.045681907720176,10.000104238812161
L69P,491.0,175.0,-2.9301098640012126,0.0884724414871593
L69Q,660.0,127.0,-3.8193406091495294,0.09728987437458106
L69R,789.0,39.0,-5.7799224981442885,0.16425181601863822
L69S,693.0,396.0,-2.24913412517299,0.06360003679391096
L69T,896.0,1207.0,-1.0119439264233003,0.044959401956551175
L69V,788.0,1088.0,-0.9763888427870855,0.04759121693766976
L69W,1712.0,457733.0,6.6208765821987665,0.025750509099954213
L69Y,587.0,658.0,-1.2770703876921097,0.05744630132317497
L69_,950.0,0.0,-17.977449895564988,10.000056470630568
L75A,274.0,78.0,-3.2542923835822295,0.12862801607844385
L75C,711.0,731.0,-1.4017735252067887,0.05339677540419802
L75D,498.0,3.0,-8.812062230960475,0.5781960746409585
L75E,685.0,3.0,-9.272012568338948,0.5777218548973126
L75F,419.0,15.0,-6.244783609693356,0.2628414446384705
L75G,370.0,64.0,-3.972989864644611,0.1356539123482066
L75H,416.0,0.0,-16.786125404056538,10.000124028414449
L75I,426.0,455.0,-1.3467838599764752,0.0679846448474918
L75K,378.0,0.0,-16.647931596414722,10.000136110471802
L75M,584.0,0.0,-17.27550026851374,10.00008945433732
L75N,731.0,22.0,-6.495454907999179,0.21651480163870707
L75P,348.0,1.0,-9.870424475418368,0.9965185827919391
L75Q,528.0,0.0,-17.13007244903244,10.000098534455853
L75R,402.0,0.0,-16.736738584831926,10.000128213958684
L75S,252.0,119.0,-2.524192995463829,0.11156857552518736
L75T,379.0,290.0,-1.8279280826273316,0.07850735680771076
L75V,563.0,34.0,-5.490924452441772,0.17679388965104195
L75W,466.0,0.0,-16.94986810960617,10.000111132982447
L75Y,390.0,0.0,-16.693018311618914,10.000132040734318
L75_,1006.0,0.0,-18.060079936802246,10.000053540916962
L77A,300.0,79.0,-3.366698239672088,0.12675426332498438
L77C,379.0,74.0,-3.7982386086428637,0.12738499017784963
L77D,576.0,0.0,-17.255601054176815,10.000090643402809
L77E,437.0,3.0,-8.623553812142685,0.5784384030118925
L77F,362.0,132.0,-2.897177146077661,0.10205064248131482
L77G,572.0,174.0,-3.1586649679131424,0.08701616314019711
L77H,1148.0,16.0,-7.605812907297686,0.25181109934235024
L77I,203.0,0.0,-15.751057990319016,10.000250129922874
L77K,522.0,1.0,-10.455373157552412,0.9960378894982399
L77M,330.0,7.0,-6.998746303767372,0.38178574994498976
L77N,563.0,16.0,-6.577910150633357,0.25360190177990505
L77P,440.0,5.0,-7.8983767146435335,0.4493887730303897
L77Q,817.0,0.0,-17.759860932646664,10.000065038314917
L77R,798.0,0.0,-17.725914021157312,10.00006649540044
L77S,960.0,70716.0,4.7610488155934005,0.0336540069972363
L77T,601.0,23.0,-6.148850923359573,0.212602978861258
L77V,781.0,0.0,-17.69484821659443,10.000067859201677
L77W,304.0,0.0,-16.33362597589979,10.000168306622792
L77Y,933.0,168.0,-3.915140255198658,0.08426518759347772
L77_,505.0,0.0,-17.065819151737955,10.000102847176638
L8A,591.0,1322.0,-0.2803161730034107,0.05025174603287029
L8C,801.0,0.0,-17.73132744963334,10.000066260738798
L8D,230.0,0.0,-15.931203781615167,10.000221219171145
L8E,190.0,49.0,-3.396722112404027,0.1604483573814396
L8F,49.0,0.0,-13.700655247798048,10.00102398729677
L8G,633.0,199.0,-3.1111821810670532,0.08173996756701683
L8H,596.0,855.0,-0.9211900596392217,0.05407583992088898
L8I,591.0,612.0,-1.3914221314944646,0.05833330333979599
L8K,852.0,2644.0,0.19199054842876695,0.04035720309365042
L8M,635.0,178.0,-3.2766158385028863,0.08525981222480652
L8N,521.0,3723.0,1.3952917066489543,0.04758932787769986
L8P,605.0,4562.0,1.4728438991743613,0.044145919033353166
L8Q,410.0,1101.0,-0.01669824614649773,0.05851510205846205
L8R,191.0,0.0,-15.663155365993283,10.000265602637505
L8S,386.0,636.0,-0.7213835897011212,0.06511301010412557
L8T,546.0,63.0,-4.5570694755121375,0.13333701787662597
L8V,353.0,867.0,-0.14545523542141314,0.06374139531632196
L8W,608.0,2.0,-9.682550556769396,0.7065648893792131
L8Y,641.0,40.0,-5.443709146203512,0.16318880148035642
L8_,968.0,2.0,-10.35347745605609,0.7061319142283309
L94A,486.0,6.0,-7.779272013835361,0.4105164031009767
L94C,512.0,24.0,-5.856259495294949,0.20899568163401924
L94D,507.0,1.0,-10.413309915657429,0.9960663396019348
L94E,511.0,0.0,-17.082858719604054,10.000101684691426
L94F,529.0,0.0,-17.132802190137248,10.000098355453105
L94G,384.0,1.0,-10.01243959382655,0.9963834121733156
L94H,355.0,153.0,-2.656028536100078,0.09710374821354448
L94I,363.0,23.0,-5.421471219052292,0.21515321481020563
L94K,527.0,1.0,-10.469126050406185,0.9960287658515383
L94M,249.0,1.0,-9.387499393875764,0.9970916247659144
L94N,299.0,108.0,-2.910823661596198,0.11260358366806847
L94P,417.0,0.0,-16.789589176196234,10.000123740200907
L94Q,682.0,8.0,-7.853641656509624,0.3555094858519492
L94R,699.0,0.0,-17.534820290804852,10.000075369215963
L94S,710.0,18.0,-6.742764074154154,0.23876753268400666
L94T,435.0,12.0,-6.620535326215507,0.2926423409922407
L94V,463.0,1.0,-10.282339066055071,0.9961604217036739
L94W,340.0,0.0,-16.495084373883813,10.000150893125038
L94Y,229.0,0.0,-15.924917792667905,10.000222168374384
L94_,691.0,54.0,-5.119202951813494,0.14155932381760714
L96A,302.0,51.0,-4.007539130659223,0.15163094392260204
L96C,481.0,4.0,-8.348115656826252,0.5015299719482899
L96D,681.0,0.0,-17.49718317896875,10.000077259827558
L96E,392.0,2.0,-9.049345962074794,0.7072059024395049
L96F,672.0,314.0,-2.5394670138215583,0.068916473725377
L96G,528.0,42.0,-5.093555378545923,0.16054455783619628
L96H,675.0,0.0,-17.484416071202755,10.000077912438257
L96I,428.0,40.0,-4.861006786652843,0.16555041791898972
L96K,223.0,0.0,-15.88661559947769,10.000228042357504
L96M,555.0,754.0,-0.9997249248685538,0.05661101479901897
L96N,267.0,0.0,-16.14640097036086,10.000191096843338
L96P,763.0,12.0,-7.431188725359894,0.2909490347556226
L96Q,414.0,0.0,-16.779172810947784,10.000124609018417
L96R,541.0,1.0,-10.506950974182722,0.996004116392988
L96S,623.0,0.0,-17.368762516224937,10.000084094945098
L96T,522.0,791.0,-0.8421763272966212,0.057067275525428694
L96V,394.0,707.0,-0.5982964414698637,0.0634760514082035
L96W,926.0,760.0,-1.7268041883889111,0.049723931937779596
L96Y,316.0,11.0,-6.284878654959736,0.30670470075754647
L96_,527.0,2.0,-9.476285841979049,0.7067437515207997
M103A,274.0,47.0,-3.9849837760726894,0.15810871866201498
M103C,274.0,92.0,-3.01616078927825,0.12080844761801089
M103D,438.0,2.0,-9.209419312452201,0.707016467991261
M103E,245.0,0.0,-16.02234782947575,10.00020791090686
M103F,324.0,234.0,-1.9112629743102127,0.0862348041723019
M103G,418.0,1.0,-10.134833169314689,0.9962771163026891
M103H,758.0,0.0,-17.65172407712467,10.000069801711938
M103I,345.0,0.0,-16.516145374470074,10.000148761994128
M103K,395.0,0.0,-16.711396372690245,10.000130417988583
M103L,727.0,352.0,-2.488153610960209,0.06552190920118733
M103N,741.0,0.0,-17.619000207906183,10.000071314983453
M103P,470.0,0.0,-16.96219864804064,10.000110219872962
M103Q,387.0,0.0,-16.68187804076742,10.00013303450819
M103R,299.0,103.0,-2.979204152585848,0.11458167573722546
M103S,410.0,14.0,-6.312925052492458,0.27183330855948573
M103T,356.0,99.0,-3.2880664324351514,0.11395479394764198
M103V,552.0,42.0,-5.157684527997661,0.16028790631555095
M103W,302.0,238.0,-1.7853689468082452,0.08711743842366365
M103Y,422.0,0.0,-16.806784381551424,10.000122319621699
M103_,546.0,0.0,-17.178434569827,10.000095412724304
M107A,522.0,135.0,-3.392805991137142,0.09695012205418606
M107C,373.0,111.0,-3.1903194812542512,0.10847066900726669
M107D,635.0,2.0,-9.745234816071667,0.706515400725596
M107E,759.0,2.0,-10.00257439811414,0.706333305749286
M107F,723.0,15.0,-7.031814535643708,0.2609255715103745
M107G,683.0,6.0,-8.270192716501505,0.40979294014173434
M107H,691.0,0.0,-17.518213784765482,10.000076197327775
M107I,187.0,0.0,-15.632622613455334,10.000271201469097
M107K,566.0,2.0,-9.579283046902479,0.7066512480354631
M107L,252.0,309.0,-1.1476222722467382,0.08532896947032094
M107N,343.0,2579.0,1.4687000087599422,0.058136975203746465
M107P,252.0,2.0,-8.411936487151337,0.708207123387367
M107Q,631.0,47.0,-5.18841809940047,0.15143852222191734
M107R,693.0,0.0,-17.522383366260286,10.000075988507405
M107S,425.0,102.0,-3.500581017050804,0.11060127309428924
M107T,482.0,906.0,-0.5313309199954706,0.05705419907955246
M107V,563.0,17.0,-6.490500317486229,0.2462557823999427
M107W,560.0,3.0,-8.981340108529707,0.5780037987084065
M107Y,478.0,0.0,-16.98654799573268,10.000108439499291
M107_,488.0,1.0,-10.358206424094178,0.9961048858126719
M109A,209.0,0.0,-15.793079165063409,10.000243059814858
M109C,282.0,8.0,-6.579595084644654,0.3584225354483984
M109D,236.0,0.0,-15.968355185375543,10.000215692868762
M109E,198.0,0.0,-15.715080487788608,10.000256348978708
M109F,225.0,1.0,-9.241284832983013,0.9973063983174408
M109G,671.0,9.0,-7.660458167060701,0.33549199304936567
M109H,548.0,0.0,-17.18370941543518,10.000095078524046
M109I,219.0,1.0,-9.202292457994297,0.9973674381866432
M109K,702.0,0.0,-17.54099877753261,10.000075063539988
M109L,513.0,0.0,-17.088494144206322,10.000101303239017
M109N,330.0,0.0,-16.452016937777994,10.000155349118696
M109P,568.0,0.0,-17.23542352500469,10.00009186596236
M109Q,397.0,0.0,-16.718682542773763,10.000129780334987
M109R,536.0,1.0,-10.49355562957017,0.9960127720253795
M109S,711.0,0.0,-17.55937704670923,10.000074161989058
M109T,585.0,1.0,-10.6197569991249,0.9959343239852245
M109V,894.0,15.0,-7.338089903163814,0.2604181308098998
M109W,352.0,58.0,-4.04303770588681,0.14197193686884577
M109Y,522.0,1.0,-10.455373157552412,0.9960378894982399
M109_,390.0,1.0,-10.034806828867119,0.9963633082476069
M132A,669.0,0.0,-17.471534971591602,10.00007857675476
M132C,628.0,0.0,-17.38029472772271,10.000083455983448
M132D,402.0,0.0,-16.736738584831926,10.000128213958684
M132E,342.0,0.0,-16.503545704497725,10.000150033195295
M132F,379.0,179.0,-2.5239905473880864,0.09111272254143438
M132G,611.0,0.0,-17.340703187818654,10.000085671119349
M132H,939.0,2521.0,-0.01700540256810168,0.03922260957624818
M132I,670.0,16.0,-6.828932231593008,0.25304203650275015
M132K,787.0,0.0,-17.705889163130163,10.000067371132397
M132L,374.0,10.0,-6.665357781432678,0.32039135522532336
M132N,641.0,0.0,-17.40985405954911,10.000081841333424
M132P,513.0,1.0,-10.430282661454529,0.9960547600125621
M132Q,412.0,71.0,-3.978380058335434,0.12878837076766247
M132R,604.0,1.0,-10.66586814821806,0.9959073284854345
M132S,389.0,11.0,-6.584715684384264,0.3057350890071516
M132T,657.0,1.0,-10.787211042395068,0.9958402743669031
M132V,525.0,1.0,-10.463640615608538,0.996032394466576
M132W,211.0,0.0,-15.806818567422566,10.000240792460549
M132Y,1202.0,2.0,-10.66583249809993,0.7059894991758825
M132_,660.0,0.0,-17.451995079259007,10.000079595876235
M150A,459.0,219.0,-2.5093236561411487,0.08259175883451864
M150C,594.0,62.0,-4.701709240408039,0.13374116742621692
M150D,301.0,0.0,-16.31931861219436,10.000169945759291
M150E,507.0,1.0,-10.413309915657429,0.9960663396019348
M150F,592.0,3.0,-9.061509064675104,0.5779202969085697
M150G,587.0,14.0,-6.830651036061201,0.2704772286729686
M150H,331.0,2.0,-8.805330307085818,0.7075381896959053
M150I,421.0,70.0,-4.03001640582192,0.12936657047146355
M150K,128.0,0.0,-15.085763712310559,10.000394426471273
M150L,434.0,54.0,-4.448224647093761,0.14455441700428273
M150N,522.0,158.0,-3.1658563954290946,0.09122050639899625
M150P,787.0,0.0,-17.705889163130163,10.000067371132397
M150Q,868.0,7718.0,1.710650528152628,0.03685678823790446
M150R,446.0,0.0,-16.88658325314313,10.000115944202676
M150S,375.0,77.0,-3.725606181604494,0.12541418356777764
M150T,460.0,150.0,-3.0584013629680165,0.09442925044144529
M150V,299.0,111.0,-2.871298907427767,0.1114870508837918
M150W,555.0,0.0,-17.202020961671543,10.00009392779083
M150Y,818.0,1.0,-11.103414193103859,0.9956898533907771
M150_,603.0,1.0,-10.663477640403817,0.9959087069072329
M157A,793.0,0.0,-17.71684625462796,10.000066890448664
M157C,743.0,0.0,-17.622888823731657,10.000071133357386
M157D,379.0,15.0,-6.100034848043455,0.2633201472446427
M157E,607.0,515.0,-1.678914654782,0.0605468784406521
M157F,590.0,1.0,-10.632035119911524,0.995927051409838
M157G,565.0,216.0,-2.8289731158358835,0.08047416222313711
M157H,713.0,1.0,-10.905218023865263,0.9957802519011167
M157I,811.0,509.0,-2.1138205200727027,0.05722258003138183
M157K,753.0,501.0,-2.0296244410136683,0.05831609604624745
M157L,740.0,282.0,-2.833593261761461,0.07052731342315281
M157N,612.0,3.0,-9.109442745351757,0.5778725371154328
M157P,459.0,0.0,-16.92803278049895,10.000112769217903
M157Q,681.0,197.0,-3.231201938345494,0.08137006201986206
M157R,489.0,0.0,-17.01937116377966,10.000106086600164
M157S,987.0,32.0,-6.38826493597082,0.17980598902217693
M157T,1118.0,0.0,-18.21236838319752,10.000048561966285
M157V,417.0,14.0,-6.337347935765416,0.2717579930145612
M157W,430.0,30.0,-5.28264980281153,0.18900938743767987
M157Y,308.0,229.0,-1.8693614105660012,0.08769301387554675
M157_,598.0,0.0,-17.30967680549454,10.000087450024665
M172A,724.0,109.0,-4.173343954011908,0.10310898126591807
M172C,409.0,1893.0,0.7686791942773006,0.05522664688169527
M172D,150.0,793.0,0.9604855651172235,0.08946527650132154
M172E,1164.0,29884.0,3.240403575851165,0.03113450114453787
M172F,651.0,347.0,-2.349497282392713,0.06704201181913828
M172G,571.0,201.0,-2.948043552376494,0.08248002781289587
M172H,447.0,836.0,-0.5385817231720553,0.0592455876914033
M172I,434.0,2880.0,1.288478815407733,0.05223131908975913
M172K,342.0,40.0,-4.5374007911521215,0.16731538476171667
M172L,670.0,528.0,-1.7854121914651184,0.05884907699531381
M172N,542.0,1431.0,-0.04115243706850524,0.05119166775616054
M172P,811.0,3355.0,0.6067306416314446,0.04009847160617799
M172Q,372.0,86341.0,6.416765939707977,0.052692286584912505
M172R,399.0,124.0,-3.127763257857983,0.1031836419733698
M172S,526.0,2335.0,0.7084717800670264,0.049052660822988925
M172T,280.0,3741.0,2.298082749751825,0.06257318769526915
M172V,545.0,4016.0,1.4396134390360626,0.04648254924518952
M172W,438.0,1559.0,0.3897996527888692,0.054783947502716715
M172Y,507.0,17.0,-6.339353972745839,0.24665378704743918
M172_,439.0,1.0,-10.205549515785066,0.9962196834249291
M1A,556.0,0.0,-17.20461802640572,10.00009376576565
M1C,648.0,1.0,-10.76731178993642,0.9958508880673304
M1D,1125.0,2.0,-10.570321424987412,0.7060298252200304
M1E,844.0,2.0,-10.155715597133147,0.7062393738652443
M1F,928.0,1.0,-11.285436064737802,0.9956170849265537
M1G,301.0,0.0,-16.31931861219436,10.000169945759291
M1H,1186.0,1.0,-11.639339982282342,0.9954993563100127
M1I,568.0,0.0,-17.23542352500469,10.00009186596236
M1K,496.0,0.0,-17.03987640285025,10.00010464363683
M1L,784.0,0.0,-17.700379251883327,10.000067614233245
M1N,922.0,1.0,-11.276078111207342,0.9956206065252028
M1P,503.0,0.0,-17.0600942774934,10.000103240834498
M1Q,247.0,0.0,-16.034076645271472,10.000206258592565
M1R,657.0,0.0,-17.44542252514686,10.000079941787973
M1S,502.0,1.0,-10.399011816020792,0.9960762005960877
M1T,804.0,0.0,-17.736720641198524,10.000066027828336
M1V,535.0,0.0,-17.149073053461954,10.000097295488837
M1W,478.0,0.0,-16.98654799573268,10.000108439499291
M1Y,880.0,0.0,-17.867027113856356,10.00006065711728
M1_,611.0,0.0,-17.340703187818654,10.000085671119349
M263A,875.0,1.0,-11.200595217980023,0.9956498627953146
M263C,761.0,1223.0,-0.7573459328112797,0.04699460908988684
M263D,1371.0,912.0,-2.0299123619663133,0.04361953449066912
M263E,873.0,26.0,-6.510654691471208,0.19917080308711876
M263F,758.0,20.0,-6.685218625218928,0.22665182903466377
M263G,1185.0,83.0,-5.277265095207854,0.11387454234048229
M263H,519.0,172.0,-3.0350647121881407,0.0884146816905861
M263I,1165.0,69.0,-5.519187911658939,0.12420068663591052
M263K,553.0,2.0,-9.545761073500834,0.7066806341459758
M263L,893.0,43440.0,4.162409477785183,0.03492311330487927
M263N,1033.0,493.0,-2.5089602215836315,0.055436419114013036
M263P,761.0,111.0,-4.219020584630135,0.10197566347273308
M263Q,1003.0,138.0,-4.303286094618319,0.09121209395875665
M263R,1355.0,2.0,-10.838687098381907,0.7059229667931674
M263S,984.0,78.0,-5.09873681527853,0.11794877918883849
M263T,638.0,214.0,-3.017695642268703,0.07947859900928335
M263V,876.0,291.0,-3.0316734258113023,0.06822494274348424
M263W,1070.0,320.0,-3.183230202342056,0.06431382707711664
M263Y,1048.0,313.0,-3.1851666453444683,0.06500592879921777
M263_,953.0,0.0,-17.981998548451465,10.000056304953205
M296A,913.0,3.0,-9.686518180999148,0.5774062583469807
M296C,1063.0,0.0,-18.139590459549765,10.000050875881792
M296D,1065.0,3.0,-9.908682590885226,0.5772708785678172
M296E,794.0,2.0,-10.067612681975358,0.7062921938507408
M296F,932.0,0.0,-17.949852630294778,10.000057487092892
M296G,1093.0,1.0,-11.521530408428426,0.995535388580045
M296H,933.0,0.0,-17.951399739901262,10.000057429593847
M296I,844.0,0.0,-17.806767288312074,10.000063080570374
M296K,809.0,5.0,-8.776997938353588,0.448233948255592
M296L,943.0,41630.0,4.022412208604033,0.03407712687604932
M296N,1603.0,1.0,-12.074007233506762,0.9953891860117238
M296P,811.0,0.0,-17.749226899358668,10.000065491071567
M296Q,1323.0,133.0,-4.756012162615384,0.09138314504877183
M296R,1144.0,3.0,-10.011915277097224,0.5772147149510758
M296S,864.0,5.0,-8.871888412893917,0.4481461678028653
M296T,605.0,3.0,-9.09284650756722,0.5778888943081674
M296V,885.0,2.0,-10.224149261501228,0.7062005124946796
M296W,730.0,0.0,-17.5974234227408,10.00007233171592
M296Y,1147.0,0.0,-18.24931326011042,10.00004743125162
M296_,660.0,0.0,-17.451995079259007,10.000079595876235
M308A,673.0,17.0,-6.747967711726927,0.24566563659219015
M308C,995.0,4.0,-9.396759794513894,0.5004581590203349
M308D,1008.0,0.0,-18.06294524204274,10.000053442304786
M308E,583.0,9.0,-7.457644529393337,0.3358270731937096
M308F,764.0,62.0,-5.064813543371524,0.13233332880988977
M308G,2896.0,90.0,-6.449632298270871,0.10738703207084917
M308H,1232.0,0.0,-18.352449256997414,10.000044423752573
M308I,451.0,0.0,-16.902666617867325,10.000114701394125
M308K,1947.0,33.0,-7.324008161477601,0.17573916380560314
M308L,785.0,146.0,-3.868438668106066,0.09055114794246066
M308N,519.0,0.0,-17.105269531845412,10.000100176520782
M308P,1154.0,1.0,-11.599879533692668,0.9955110992952414
M308Q,1726.0,9.0,-9.023492818108165,0.33413164705481774
M308R,886.0,1.0,-11.218618695114088,0.9956427374491966
M308S,1144.0,0.0,-18.245534953856925,10.00004754556371
M308T,489.0,0.0,-17.01937116377966,10.000106086600164
M308V,682.0,0.0,-17.499300088918332,10.00007715217548
M308W,1492.0,1.0,-11.970481013171863,0.9954124984131988
M308Y,5521.0,23.0,-9.348322236833084,0.20908679316076248
M308_,843.0,0.0,-17.80505694082377,10.000063150843124
M338A,701.0,385.0,-2.306333923086444,0.06403626792340755
M338C,1201.0,80230.0,4.620027092134902,0.03036267445089652
M338D,1120.0,21.0,-7.178086457583154,0.2203770113860862
M338E,1102.0,1.0,-11.533361123529524,0.9955316358531574
M338F,980.0,362.0,-2.878561736706801,0.06212525801707234
M338G,760.0,362.0,-2.5117836674369176,0.06445868516761007
M338H,1084.0,0.0,-18.167813356450342,10.000049964676002
M338I,810.0,144.0,-3.9335655399808545,0.09085873753385591
M338K,1240.0,2.0,-10.71073535484884,0.7059714429223153
M338L,524.0,13.0,-6.773696293068071,0.28080083090350577
M338N,2168.0,4.0,-10.520348275544043,0.4999145990967317
M338P,1120.0,0.0,-18.2149469042562,10.000048482106102
M338Q,824.0,0.0,-17.772169041674957,10.000064518432204
M338R,1966.0,0.0,-19.026705950709964,10.000029271942825
M338S,1392.0,60.0,-5.977617651641509,0.13213277525698502
M338T,1660.0,101.0,-5.480416716756306,0.10285529257733492
M338V,128.0,1.0,-8.427552229558765,0.9989933407679275
M338W,516.0,0.0,-17.09690622052157,10.000100736604635
M338Y,1523.0,11.0,-8.55376195177343,0.30258868312070064
M338_,653.0,0.0,-17.436612280879345,10.000080407947648
M361A,1046.0,0.0,-18.11633193483964,10.000051640321985
M361C,1569.0,205.0,-4.377883175167284,0.07477934679873967
M361D,971.0,0.0,-18.008993349333103,10.000055332387557
M361E,1159.0,0.0,-18.264328304872826,10.000046979920985
M361F,676.0,0.0,-17.48655178392997,10.000077802865322
M361G,2112.0,1.0,-12.471840473695933,0.9953136630274717
M361H,658.0,0.0,-17.447616705188203,10.0000798261336
M361I,480.0,6.0,-7.761350476893956,0.4105477272066519
M361K,1081.0,0.0,-18.16381515976601,10.000050092680752
M361L,858.0,1.0,-11.172290175440299,0.9956612339467058
M361N,718.0,0.0,-17.573511133091838,10.000073476408273
M361P,1197.0,0.0,-18.310870495646324,10.000045610406504
M361Q,396.0,587.0,-0.8739465973718641,0.06561655698773272
M361R,1406.0,0.0,-18.54304214618797,10.000039401312193
M361S,714.0,0.0,-17.56545147586352,10.0000738665227
M361T,780.0,0.0,-17.69299981588433,10.000067941276562
M361V,762.0,0.0,-17.659317126537893,10.000069455460673
M361W,914.0,0.0,-17.921717145544378,10.000058543590384
M361Y,751.0,1.0,-10.980127831117716,0.9957446185619522
M361_,1091.0,0.0,-18.177099616028595,10.00004966873587
M388A,842.0,1386.0,-0.7227664223435291,0.044563720318194444
M388C,775.0,419.0,-2.329025066698648,0.06126727608652592
M388D,1469.0,893.0,-2.159890797213702,0.04332821425370426
M388E,510.0,508.0,-1.4474634551065506,0.06329301981244183
M388F,976.0,729.0,-1.8627521413403034,0.0497302550136795
M388G,1152.0,1550.0,-1.013670533329186,0.03987480971731318
M388H,1067.0,710.0,-2.0294572642926285,0.04921813190291098
M388I,589.0,1459.0,-0.13316907785469922,0.049597939555577945
M388K,674.0,474.0,-1.9496473172008546,0.0605814571284744
M388L,935.0,488.0,-2.3798659002913096,0.05652823114942741
M388N,927.0,314.0,-3.0035692141212182,0.06587977133607387
M388P,1266.0,606.0,-2.5046701113416665,0.05016788080376046
M388Q,1561.0,2665.0,-0.6701336493310794,0.03305509494268816
M388R,1202.0,419.0,-2.962187134353106,0.05740481705952403
M388S,822.0,334.0,-2.7410594647080355,0.06547707882716901
M388T,1064.0,434.0,-2.7355063371069495,0.05762577954555195
M388V,1250.0,386.0,-3.137024325148759,0.058884593592727026
M388W,1030.0,205.0,-3.770686971981972,0.0769770777608035
M388Y,979.0,211.0,-3.655807041072303,0.07640253410808776
M388_,1149.0,1806.0,-0.7893802892690007,0.03874037346583174
M52A,361.0,181.0,-2.437764214783731,0.09149512733965705
M52C,763.0,393.0,-2.3989307597017557,0.06270453437827837
M52D,306.0,1.0,-9.684874512230278,0.9967164452670152
M52E,1483.0,1.0,-11.961752134053155,0.995414541529859
M52F,875.0,17.0,-7.126639275068432,0.24496650191643632
M52G,874.0,1.0,-11.198945499625637,0.9956505194450973
M52H,781.0,1.0,-11.036636733842634,0.9957189355131196
M52I,472.0,0.0,-16.968324620773974,10.000109769121726
M52K,818.0,1.0,-11.103414193103859,0.9956898533907771
M52L,984.0,177.0,-3.916636927213009,0.08211238320432068
M52N,1010.0,1.0,-11.407593385088983,0.9955731486985698
M52P,587.0,1.0,-10.624680793740225,0.9959314000944316
M52Q,612.0,0.0,-17.34306242211146,10.000085537410715
M52R,891.0,0.0,-17.88494881945761,10.000059955678317
M52S,947.0,0.0,-17.9728868559231,10.000056637357616
M52T,542.0,33.0,-5.479139242038486,0.17948713062450447
M52V,1534.0,105.0,-5.310504078000826,0.10125010674107046
M52W,780.0,1.0,-11.034788333132537,0.9957197597960252
M52Y,486.0,1.0,-10.352281711794753,0.9961091185379355
M52_,893.0,0.0,-17.888183526793345,10.000059830000538
M84A,242.0,0.0,-16.004573857703477,10.000210440583748
M84C,642.0,100.0,-4.124246323155136,0.10785825670059675
M84D,631.0,0.0,-17.387170064594205,10.000083077466925
M84E,332.0,0.0,-16.46073389152542,10.000154436446106
M84F,62.0,0.0,-14.040079990534895,10.000810128510707
M84G,544.0,83.0,-4.154070937967926,0.11815979926213831
M84H,641.0,32.0,-5.765547098003534,0.18132035404854618
M84I,415.0,406.0,-1.4734256548314901,0.07035175417798968
M84K,627.0,0.0,-17.377995648271853,10.000083582960533
M84L,338.0,185.0,-2.3112574933998644,0.0918716544478029
M84N,279.0,0.0,-16.209824026565208,10.000183043136254
M84P,234.0,0.0,-15.956077378063299,10.000217503482336
M84Q,502.0,0.0,-17.057223298772584,10.000103438839668
M84R,524.0,0.0,-17.119101539785866,10.000099257298851
M84S,564.0,132.0,-3.5368683379620727,0.09708242481859733
M84T,639.0,452.0,-1.9412786344518125,0.0620810476173504
M84V,382.0,231.0,-2.167449916420561,0.0838053981315038
M84W,1710.0,1575.0,-1.560438589735913,0.036006996640413694
M84Y,524.0,0.0,-17.119101539785866,10.000099257298851
M84_,529.0,0.0,-17.132802190137248,10.000098355453105
M95A,254.0,42.0,-4.037875420347962,0.16678580397046147
M95C,1128.0,53.0,-5.853166323081998,0.14081078608959458
M95D,471.0,3.0,-8.731645209158899,0.5782956044247415
M95E,287.0,85.0,-3.197191355325365,0.12379142304902559
M95F,682.0,0.0,-17.499300088918332,10.00007715217548
M95G,274.0,1.0,-9.525524258514633,0.9969078728977645
M95H,461.0,0.0,-16.93430524115621,10.000112296651741
M95I,562.0,404.0,-1.9179996145279663,0.06581268365057998
M95K,574.0,0.0,-17.250583066679717,10.000090945847923
M95L,575.0,4.0,-8.605635815670198,0.5011910355289788
M95N,625.0,1.0,-10.715174985896663,0.9958794001298333
M95P,549.0,0.0,-17.186339623527083,10.00009491233701
M95Q,664.0,4349.0,1.2696153358566145,0.042576215252738005
M95R,591.0,2.0,-9.6416380460387,0.7065983667261551
M95S,483.0,1449.0,0.1431477716326821,0.05326605085826453
M95T,484.0,3.0,-8.77092437411876,0.5782462986806225
M95V,509.0,146.0,-3.243421635674599,0.09428806507740846
M95W,519.0,19.0,-6.212726715196859,0.2336823338188724
M95Y,898.0,957.0,-1.3499923270957686,0.04727885159099936
M95_,276.0,0.0,-16.194227733553713,10.000184990910777
N11A,401.0,249.0,-2.1292293493625225,0.08115664899599265
N11C,392.0,8.0,-7.054739220845013,0.357031785283878
N11D,641.0,6.0,-8.178632878837929,0.40990997114978367
N11E,1153.0,1438.0,-1.123126133464471,0.040490689352889034
N11F,227.0,0.0,-15.912263046901703,10.000224091868553
N11G,526.0,6.0,-7.893376242145793,0.4103257863269459
N11H,892.0,1.0,-11.228355596952088,0.9956389249460632
N11I,796.0,257.0,-3.07275687703208,0.07227696806841508
N11K,315.0,1.0,-9.726693340914103,0.9966696080443591
N11L,602.0,0.0,-17.319294647757577,10.000086894486298
N11M,823.0,0.0,-17.770417156187026,10.00006459215972
N11P,272.0,258.0,-1.5180275241704777,0.08734385780989933
N11Q,384.0,429.0,-1.2819274204409838,0.07079436523975279
N11R,475.0,0.0,-16.977465081588797,10.000109100111812
N11S,561.0,771.0,-0.9830717314654054,0.056180911003245626
N11T,293.0,115.0,-2.790985411475951,0.11038362288495131
N11V,571.0,14.0,-6.7907819669866,0.27056545521142067
N11W,231.0,66.0,-3.248993617825362,0.1398385928528612
N11Y,822.0,55.0,-5.343184953127176,0.13954152970252812
N11_,543.0,0.0,-17.170485962692176,10.000095918640614
N128A,318.0,2.0,-8.74752763732371,0.7076254576505631
N128C,250.0,26.0,-4.706642313529623,0.20621199421342123
N128D,605.0,3.0,-9.09284650756722,0.5778888943081674
N128E,273.0,0.0,-16.17846099208721,10.000186981491572
N128F,516.0,72.0,-4.282924668906895,0.12610195234410176
N128G,433.0,0.0,-16.843907539097174,10.000119309827683
N128H,552.0,184.0,-3.0267050474438193,0.08557361709336483
N128I,360.0,5.0,-7.608877383603145,0.4499503242850012
N128K,601.0,89.0,-4.19714447938224,0.11390941075508433
N128L,528.0,62.0,-4.531787274885835,0.1345255739511347
N128M,359.0,81.0,-3.589646933753114,0.12331418440586533
N128P,692.0,0.0,-17.520300081843338,10.00007609276671
N128Q,792.0,97.0,-4.47110808623078,0.10792414590815638
N128R,428.0,218.0,-2.4150450082930073,0.08366680861607524
N128S,574.0,348.0,-2.1637419248978462,0.06850113777679018
N128T,556.0,185.0,-3.029302394706545,0.08532547885665817
N128V,598.0,130.0,-3.643341830417863,0.09716338900353141
N128Y,661.0,70.0,-4.680834002160498,0.12598930700439004
N128_,615.0,0.0,-17.350117064654853,10.000085138893713
N137A,1004.0,0.0,-18.057208929514747,10.00005363992201
N137C,368.0,0.0,-16.60925216535697,10.000139704662418
N137D,309.0,0.0,-16.357160722471818,10.000165645454418
N137E,632.0,0.0,-17.389454581612704,10.000082952093294
N137F,500.0,0.0,-17.051464144437386,10.00010383722601
N137G,418.0,0.0,-16.793044652066484,10.000123453366333
N137H,716.0,0.0,-17.569486932658645,10.000073670920644
N137I,575.0,0.0,-17.253094242125115,10.000090794362375
N137K,938.0,1.0,-11.30089901638876,0.9956113156840075
N137L,374.0,0.0,-16.63258404026867,10.000137525084494
N137M,369.0,0.0,-16.61316710912023,10.000139336477336
N137P,651.0,0.0,-17.432186900372592,10.000080643175645
N137Q,757.0,0.0,-17.649819554081535,10.000069888846491
N137R,505.0,1.0,-10.407607668986161,0.996070260579686
N137S,464.0,1.0,-10.285451610769286,0.9961580854310523
N137T,397.0,1.0,-10.06047106002197,0.9963406211952062
N137V,634.0,0.0,-17.394012791565252,10.000082702532508
N137W,853.0,0.0,-17.822069850571392,10.000062455529998
N137Y,648.0,0.0,-17.425523272688213,10.000080998740135
N137_,476.0,0.0,-16.98049907787194,10.000108878982434
N200A,855.0,9083.0,1.9673624534655687,0.03683025831690363
N200C,619.0,1534.0,-0.13252155001692945,0.04841657073154261
N200D,916.0,1096.0,-1.1829691081687308,0.04561673897378625
N200E,544.0,74.0,-4.319635866277757,0.12420420449802899
N200F,1020.0,3.0,-9.846398910261868,0.5773067568183214
N200G,797.0,1403.0,-0.6259392553211178,0.04521325024699777
N200H,374.0,283.0,-1.8440186299393728,0.07927146176861471
N200I,781.0,67.0,-4.984687524811515,0.1275944138178645
N200K,503.0,111.0,-3.6216922546966286,0.10522844106191934
N200L,1270.0,9.0,-8.580891851767754,0.33444279334341886
N200M,1017.0,62.0,-5.477483981596116,0.13109729601738598
N200P,2957.0,16136.0,1.0062780392824195,0.021839137700303303
N200Q,860.0,77.0,-4.923030549882103,0.11926818125355142
N200R,621.0,30.0,-5.8128960924023625,0.1871077263341776
N200S,332.0,174.0,-2.3738512947763537,0.09399760068138754
N200T,442.0,260.0,-2.20730671533759,0.07864600102977239
N200V,787.0,37.0,-5.852189742829942,0.168425507526635
N200W,932.0,218.0,-3.5377459385893397,0.07574094477603376
N200Y,350.0,32.0,-4.892596375719233,0.18486236489394872
N200_,830.0,1.0,-11.124424431408762,0.9956809780064775
N234A,1013.0,810.0,-1.7644316082141245,0.047942726744603974
N234C,666.0,875.0,-1.0480391508158293,0.05216433973617666
N234D,902.0,625.0,-1.971058971471357,0.052776934935840576
N234E,1096.0,592.0,-2.3303623272928995,0.05175283945765219
N234F,1016.0,751.0,-1.8778053951384246,0.048913983431913804
N234G,782.0,456.0,-2.2199164104963955,0.059569167302969156
N234H,692.0,296.0,-2.6669417875656247,0.07000089550951907
N234I,685.0,7703.0,2.0494305275522575,0.040822143341849984
N234K,591.0,116.0,-3.7907281874136673,0.10192526970999875
N234L,1001.0,281.0,-3.274557826922239,0.06807627003255289
N234M,757.0,557.0,-1.8844039460315818,0.05650735986695649
N234P,1512.0,109.0,-5.23573010616262,0.09955720422253406
N234Q,1124.0,318.0,-3.263305649577633,0.06411725434153003
N234R,658.0,222.0,-3.009279664263879,0.0781078142841091
N234S,729.0,245.0,-3.0148927873221965,0.07436386662985821
N234T,440.0,513.0,-1.220344180020712,0.06556485845101154
N234V,512.0,18.0,-6.27109671761909,0.2399053785362256
N234W,1221.0,281.0,-3.561176456243583,0.06674115397494007
N234Y,840.0,261.0,-3.128096237710092,0.0714039785474267
N234_,962.0,1.0,-11.337347603933265,0.995597958734617
N2A,631.0,1137.0,-0.5922846473722947,0.050408887915891105
N2C,43.0,0.0,-13.512251232332941,10.001166292097322
N2D,834.0,70.0,-5.016226586714393,0.12473770662080921
N2E,298.0,345.0,-1.230517380316388,0.07956666454547258
N2F,490.0,603.0,-1.1424240808537718,0.06144849282703694
N2G,669.0,0.0,-17.471534971591602,10.00007857675476
N2H,641.0,784.0,-1.1512696240540778,0.05396598281799414
N2I,605.0,321.0,-2.356135564359196,0.06960480080595861
N2K,1752.0,3652.0,-0.38211511012335064,0.030354408454476837
N2L,733.0,0.0,-17.60334007622316,10.000072051398934
N2M,574.0,7.0,-7.797312432669093,0.38009509018584714
N2P,596.0,428.0,-1.9194868491045876,0.06396103117229468
N2Q,783.0,710.0,-1.582986204888285,0.052558054247319984
N2R,554.0,1201.0,-0.3255305755252591,0.05210037817375534
N2S,718.0,180.0,-3.437721699489246,0.08381396360381292
N2T,808.0,28.0,-6.292154075866462,0.1923952673872439
N2V,480.0,0.0,-16.99257165760514,10.000108003678411
N2W,417.0,3.0,-8.555969499436532,0.5785332600214271
N2Y,565.0,55.0,-4.802305410019777,0.14151038293462986
N2_,516.0,23.0,-5.928860952297481,0.21324658903211915
N315A,1007.0,6218.0,1.1845801105429392,0.03508072486182138
N315C,771.0,62.0,-5.077971593808035,0.13228842187144632
N315D,1010.0,1.0,-11.407593385088983,0.9955731486985698
N315E,1300.0,52.0,-6.085384689094112,0.1416795393507861
N315F,738.0,119.0,-4.074352377937826,0.09916877396831894
N315G,784.0,0.0,-17.700379251883327,10.000067614233245
N315H,1164.0,1008.0,-1.6493883176509048,0.04390840580630394
N315I,345.0,18.0,-5.701562908563799,0.241867671481633
N315K,956.0,0.0,-17.98653290501715,10.000056140315642
N315L,535.0,0.0,-17.149073053461954,10.000097295488837
N315M,533.0,307.0,-2.2376717684140885,0.07218140758965
N315P,1308.0,0.0,-18.438808861397536,10.000042065684049
N315Q,751.0,1.0,-10.980127831117716,0.9957446185619522
N315R,577.0,0.0,-17.258103517972092,10.000090492966486
N315S,1395.0,471.0,-3.008240685212127,0.05400678860298475
N315T,683.0,293.0,-2.6627516151173536,0.07038292059963741
N315V,902.0,41.0,-5.900890595404306,0.15990536880873624
N315W,1784.0,439.0,-3.464592810767699,0.05399243203316132
N315Y,506.0,0.0,-17.068673092335295,10.000102651514648
N315_,724.0,1.0,-10.927305337083897,0.9957695524542122
N319A,572.0,1.0,-10.587336081910419,0.9959538274375431
N319C,768.0,78.0,-4.741188934169357,0.11915423222287153
N319D,1154.0,123.0,-4.671603033818472,0.09525103301989618
N319E,1406.0,849.0,-2.169548220085835,0.0443381351049758
N319F,642.0,1.0,-10.753891482243885,0.9958581291225633
N319G,1596.0,31.0,-7.127387171187033,0.18152415772086272
N319H,1292.0,29.0,-6.918717946986016,0.18794056303005247
N319I,1157.0,26.0,-6.916985940547968,0.19846370780576872
N319K,1805.0,13.0,-8.558036873967925,0.27837880605354975
N319L,628.0,1.0,-10.722083244970916,0.9958755627762189
N319M,902.0,36.0,-6.088468739541241,0.17016314034466826
N319P,1909.0,1.0,-12.326048468129263,0.9953389557968902
N319Q,905.0,370.0,-2.732164287905187,0.06232483555053153
N319R,892.0,212.0,-3.514722385318029,0.07690655115282882
N319S,1474.0,30627.0,2.9351914953914124,0.028068980544144206
N319T,1788.0,538.0,-3.174444728112895,0.04994775071054358
N319V,1178.0,127.0,-4.655132606818783,0.09380341318741095
N319W,1224.0,1.0,-11.684839152779917,0.9954862088406201
N319Y,752.0,2.0,-9.989207351308648,0.7063419870455381
N319_,1381.0,1.0,-11.85894757437324,0.9954395576431605
N332A,1631.0,30.0,-7.205973314712654,0.18442380066546551
N332C,1090.0,208.0,-3.831411394913853,0.07616875512469483
N332D,820.0,0.0,-17.765148699403145,10.000064814421194
N332E,1254.0,17.0,-7.645816718000942,0.24426048551920476
N332F,810.0,1.0,-11.089235432123154,0.9956959163632192
N332G,1217.0,1.0,-11.676564830595893,0.9954885690643308
N332H,864.0,303.0,-2.953477419929417,0.06733803106725791
N332I,1166.0,0.0,-18.27301545233825,10.000046720934828
N332K,1442.0,0.0,-18.579516460189126,10.000038513514257
N332L,679.0,0.0,-17.492940017600933,10.000077476082968
N332M,1428.0,23.0,-7.3973961048391015,0.2103245967617138
N332P,859.0,3.0,-9.598562445496881,0.5774658775413108
N332Q,1055.0,11.0,-8.024093210962898,0.3030695876526192
N332R,653.0,2.0,-9.785560589700417,0.7064846801094457
N332S,1350.0,0.0,-18.484405384691563,10.000040876444224
N332T,1250.0,0.0,-18.373374927226628,10.000043839348987
N332V,1417.0,1.0,-11.896073747627408,0.9954303172619737
N332W,843.0,0.0,-17.80505694082377,10.000063150843124
N332Y,1186.0,0.0,-18.297551465034136,10.000045997819843
N332_,1506.0,2.0,-10.991114949272557,0.7058705542290317
N340A,462.0,56.0,-4.485962561459153,0.14175755806069787
N340C,677.0,0.0,-17.4886843396994,10.000077693616083
N340D,476.0,0.0,-16.98049907787194,10.000108878982434
N340E,939.0,0.0,-17.96064771789942,10.00005708717138
N340F,1141.0,3.0,-10.008127049764905,0.5772167057795544
N340G,1022.0,638.0,-2.1215531872840936,0.05121164770730475
N340H,959.0,12.0,-7.761032619140989,0.29048835433968667
N340I,761.0,2.0,-10.006370916247976,0.7063308546934369
N340K,743.0,0.0,-17.622888823731657,10.000071133357386
N340L,1490.0,2.0,-10.975705612818174,0.7058756048680448
N340M,1425.0,2.0,-10.911355643063757,0.705897288969089
N340P,1330.0,0.0,-18.462872383841923,10.000041433381545
N340Q,1563.0,5333.0,0.3288282082497389,0.03006821979424455
N340R,464.0,0.0,-16.94366309352108,10.000111595440757
N340T,1072.0,458.0,-2.668662177114636,0.05650646744101368
N340V,1213.0,9.0,-8.514643439032183,0.33449810486234455
N340W,1102.0,3.0,-9.957952929521614,0.5772435722506887
N340Y,1314.0,8.0,-8.799753113449173,0.3545162472809006
N340_,1318.0,0.0,-18.449796607222417,10.00004177565706
N387A,948.0,225.0,-3.516707973936615,0.07467183818263895
N387C,1478.0,3121.0,-0.36343786717881565,0.03276873217951446
N387D,1294.0,652.0,-2.430677586163374,0.048819111672423386
N387E,1675.0,632.0,-2.847945234250114,0.04749800109520395
N387F,861.0,31.0,-6.237019378889897,0.18299148625718284
N387G,1144.0,1743.0,-0.8343136329002778,0.039046558215950496
N387H,871.0,436.0,-2.440122874821732,0.05931621299289803
N387I,507.0,13.0,-6.7261161516914285,0.28091474470749733
N387K,257.0,15.0,-5.5396234286379045,0.2656876856771328
N387L,1351.0,253.0,-3.8585668573074305,0.06906080813957122
N387M,1028.0,2329.0,-0.2619322808320108,0.0384566700215557
N387P,1636.0,498.0,-3.157729766175274,0.051923311879253205
N387Q,1161.0,10449.0,1.7281191394945412,0.03215302741578094
N387R,1100.0,804.0,-1.894026105114654,0.04721910176047197
N387S,788.0,223.0,-3.262900350726528,0.07635390351573113
N387T,867.0,228.0,-3.368746350719941,0.07493968968215148
N387V,1216.0,696.0,-2.24676996997468,0.048331334823745936
N387W,1073.0,51.0,-5.836534426893688,0.1435714187471556
N387Y,816.0,53.0,-5.386045202839692,0.14200928030825216
N387_,775.0,1619.0,-0.3789697505490537,0.04455067500567581
N90A,365.0,128.0,-2.953474289358219,0.10309382118313892
N90C,261.0,64.0,-3.469530684080399,0.13975201289874933
N90D,288.0,1000.0,0.3540288010016086,0.06744543694567937
N90E,615.0,527.0,-1.664574347885166,0.06000235265431066
N90F,495.0,0.0,-17.036964866189955,10.000104847275875
N90G,229.0,13.0,-5.57951254595011,0.28514446803951693
N90H,416.0,319.0,-1.8248113756759237,0.07493518295086221
N90I,646.0,1.0,-10.762852210672866,0.9958532868130527
N90K,386.0,1.0,-10.019933935714366,0.9963766414682349
N90L,454.0,124.0,-3.3140624286830427,0.10170179828958326
N90M,175.0,109.0,-2.124771689532852,0.12232834842223496
N90P,564.0,266.0,-2.5260350771222235,0.07489372925176696
N90Q,409.0,659.0,-0.7536305755885095,0.06355431499956456
N90R,495.0,1.0,-10.378753383438163,0.9960903404869518
N90S,467.0,62.0,-4.354675464222749,0.1354419000663976
N90T,401.0,46.0,-4.565413668498544,0.15590030232325552
N90V,277.0,9.0,-6.384061958312027,0.33863633092691564
N90W,289.0,1.0,-9.602415125291879,0.9968128676380433
N90Y,295.0,17.0,-5.558103628836598,0.24951043782225704
N90_,926.0,0.0,-17.94053496919918,10.000057834695081
P110A,556.0,0.0,-17.20461802640572,10.00009376576565
P110C,376.0,0.0,-16.64027822687939,10.000136814016004
P110D,556.0,4.0,-8.557159599950797,0.5012503194098603
P110E,583.0,0.0,-17.273027825206874,10.000089601185927
P110F,690.0,1.0,-10.857912983549024,0.9958037254204162
P110G,385.0,0.0,-16.674403113857096,10.000133705627926
P110H,908.0,0.0,-17.912215382078344,10.000058905064435
P110I,488.0,0.0,-17.016417906845973,10.000106296117002
P110K,610.0,3.0,-9.104720412398082,0.5778771723394678
P110L,1154.0,3.0,-10.024471339684759,0.577208153563593
P110M,375.0,0.0,-16.636436262901068,10.000137168602189
P110N,392.0,0.0,-16.700397653253724,10.000131386668594
P110Q,1556.0,7.0,-9.236015988927821,0.37864603133655333
P110R,788.0,1.0,-11.049509651064131,0.9957132240917735
P110S,339.0,1.0,-9.832623543295727,0.9965568577337623
P110T,792.0,0.0,-17.715025841974104,10.000066970056857
P110V,535.0,0.0,-17.149073053461954,10.000097295488837
P110W,413.0,1.0,-10.117472426491084,0.9962916511156356
P110Y,756.0,1.0,-10.989701030773821,0.9957401965517005
P110_,186.0,0.0,-15.624887379435572,10.000272638801023
P121A,615.0,138.0,-3.597631878770665,0.09459723501632504
P121C,261.0,108.0,-2.714735008717734,0.11474523142120939
P121D,181.0,1.0,-8.927365115200997,0.9978478650860939
P121E,68.0,1.0,-7.5151145100984404,1.0024367936402363
P121F,218.0,217.0,-1.4484276037639239,0.09629030808629173
P121G,447.0,90.0,-3.7539447253936435,0.11586094424168188
P121H,191.0,158.0,-1.7154271211181724,0.10789270905592765
P121I,432.0,281.0,-2.0622380531158537,0.07713720733117839
P121K,336.0,146.0,-2.6442318056555907,0.09950750309770705
P121L,240.0,11.0,-5.888002959248233,0.30833392565298173
P121M,309.0,84.0,-3.320815370731073,0.1233542920479867
P121N,487.0,73.0,-4.179580227491994,0.12580498836722745
P121Q,304.0,568.0,-0.5399972672833879,0.07160092993773737
P121R,782.0,30325.0,3.8353824382762296,0.037262949549834674
P121S,483.0,65.0,-4.335114315337302,0.13239862044857292
P121T,367.0,3148.0,1.658754029206711,0.055849598900346915
P121V,383.0,113.0,-3.202726437205511,0.10740794958512116
P121W,271.0,7.0,-6.714582648503446,0.3826487271597898
P121Y,443.0,33.0,-5.188159037607415,0.18063203214969342
P121_,404.0,2.0,-9.09284650756722,0.707152331093003
P144A,573.0,0.0,-17.248067512624147,10.000091097862205
P144C,515.0,1.0,-10.43589615870577,0.9960509600779763
P144D,544.0,0.0,-17.173140367299034,10.000095749381863
P144E,391.0,0.0,-16.69671270056992,10.000131712865082
P144F,742.0,1.0,-10.9627343432304,0.9957527283088297
P144G,267.0,0.0,-16.14640097036086,10.000191096843338
P144H,720.0,0.0,-17.577524139784668,10.00007328297651
P144I,759.0,1.0,-10.995414606541274,0.9957375713011732
P144K,770.0,1.0,-11.016172895171056,0.9957281203396923
P144L,523.0,0.0,-17.116345727137464,10.000099439737195
P144M,668.0,0.0,-17.469376895706567,10.000078688634387
P144N,359.0,1.0,-9.915319743165973,0.9964744065625
P144Q,1738.0,2.0,-11.197819982666672,0.7058077668849108
P144R,558.0,1.0,-10.551586689758576,0.9959758469871206
P144S,527.0,0.0,-17.127337533157977,10.000098714137913
P144T,310.0,0.0,-16.361821949236354,10.000165123521624
P144V,605.0,14.0,-6.874224943896105,0.2703835201727324
P144W,702.0,1.0,-10.882787294780817,0.9957912865331241
P144Y,632.0,0.0,-17.389454581612704,10.000082952093294
P144_,604.0,7.0,-7.870808996959232,0.37998124872654626
P158A,715.0,193.0,-3.3310826390959836,0.08158710584497178
P158C,677.0,59.0,-4.961940596699714,0.13601528829294593
P158D,955.0,34.0,-6.253279745053549,0.17471983712870615
P158E,940.0,0.0,-17.962183300465963,10.000057030525955
P158F,749.0,0.0,-17.63449217610922,10.000070594298881
P158G,1210.0,996.0,-1.7225816547151567,0.04367196739724704
P158H,784.0,1.0,-11.042167769131535,0.9957164752767593
P158I,1095.0,65.0,-5.5159333970737405,0.12795420217969702
P158K,612.0,1.0,-10.684850939359663,0.9958964632088795
P158L,819.0,1.0,-11.105176780268756,0.9956891038448148
P158M,941.0,0.0,-17.963717250319558,10.000056974000923
P158N,752.0,166.0,-3.621276514643762,0.08619917843299468
P158Q,567.0,0.0,-17.232881375237852,10.000092021207964
P158R,621.0,0.0,-17.36412369600065,10.000084353410688
P158S,948.0,105837.0,5.360931400674412,0.03377994946519007
P158T,633.0,45.0,-5.255705637416633,0.1545115989939605
P158V,755.0,109.0,-4.233830082968716,0.10283361023410992
P158W,733.0,0.0,-17.60334007622316,10.000072051398934
P158Y,944.0,0.0,-17.968309338230362,10.000056805144355
P158_,538.0,0.0,-17.157140184363378,10.00009677437237
P180A,443.0,345.0,-1.802495902748169,0.07233634910097701
P180C,369.0,277.0,-1.855516671382956,0.07997954076189523
P180D,421.0,275.0,-2.056165238242418,0.0780273490798179
P180E,638.0,134.0,-3.693033192501196,0.09542692777989681
P180F,601.0,930.0,-0.8119375830470448,0.05306522762332268
P180G,560.0,2611.0,0.7792886722377519,0.04738640368612072
P180H,629.0,1322.0,-0.3702165849739192,0.04922417166376685
P180I,532.0,262.0,-2.4636263047796083,0.07598096759835533
P180K,734.0,72.0,-4.791325362503452,0.1237987669773793
P180L,619.0,310.0,-2.439442779207533,0.07012831443350609
P180M,784.0,5546.0,1.380711440253882,0.039148423274710534
P180N,548.0,377.0,-1.9813942451263458,0.06748354657226117
P180Q,341.0,304.0,-1.607490082827816,0.07936388414482436
P180R,435.0,80.0,-3.884591151649059,0.12195913547427617
P180S,577.0,310.0,-2.3380763851240305,0.070961749663978
P180T,310.0,112.0,-2.9104820310970005,0.11059056019443678
P180V,738.0,119.0,-4.074352377937826,0.09916877396831894
P180W,369.0,284.0,-1.8195130016139949,0.07942135571080067
P180Y,771.0,667.0,-1.650835997546661,0.053600589904399705
P180_,686.0,0.0,-17.5077368027225,10.000076724705654
P193A,550.0,153.0,-3.287626721975969,0.09181756159199982
P193C,451.0,41.0,-4.900906589540112,0.1633350469187418
P193D,864.0,139.0,-4.077654156314067,0.09180368393041351
P193E,684.0,207.0,-3.1661117719242533,0.07980881367280017
P193F,474.0,1.0,-10.316213208592664,0.9961352645782096
P193G,629.0,1500.0,-0.18797755609529165,0.048303802831747955
P193H,760.0,115.0,-4.166053910190886,0.10043636571701103
P193I,489.0,0.0,-17.01937116377966,10.000106086600164
P193K,136.0,0.0,-15.17321992403124,10.000371452894154
P193L,829.0,1.0,-11.122685217637244,0.9956817078109841
P193M,506.0,2.0,-9.417621401156367,0.7067994614041855
P193N,737.0,123.0,-4.024703407737299,0.09779084500493197
P193Q,405.0,35.0,-4.973913379166504,0.17637782677262187
P193R,564.0,99.0,-3.951869408767651,0.10931515636207095
P193S,572.0,140.0,-3.472305311976913,0.094696163922924
P193T,796.0,12010.0,2.473512170709671,0.037634090978033566
P193V,525.0,46.0,-4.9541203572570875,0.15399976133045976
P193W,464.0,0.0,-16.94366309352108,10.000111595440757
P193Y,981.0,7086.0,1.4108389371922878,0.03517493489745084
P193_,893.0,1.0,-11.229972044041551,0.9956382945082858
P207A,312.0,0.0,-16.37109946450992,10.000164089692804
P207C,285.0,0.0,-16.240519735205684,10.000179270599148
P207D,307.0,1.0,-9.689581361339862,0.9967111056340796
P207E,530.0,1.0,-10.477315293266138,0.9960233742519256
P207F,876.0,0.0,-17.86045453479166,10.000060916553544
P207G,444.0,0.0,-16.880099365278767,10.000116449163407
P207H,891.0,0.0,-17.88494881945761,10.000059955678317
P207I,1154.0,0.0,-18.25809101644446,10.000047166834715
P207K,742.0,0.0,-17.620945825982194,10.000071224048032
P207L,595.0,0.0,-17.302421111130045,10.000087871580147
P207M,544.0,39.0,-5.2435120842744745,0.16598026843465613
P207N,524.0,5.0,-8.150434746590658,0.44898324493484315
P207Q,836.0,0.0,-17.793027395258402,10.000063647459564
P207R,572.0,1.0,-10.587336081910419,0.9959538274375431
P207S,429.0,0.0,-16.83051847252565,10.00012038644026
P207T,866.0,2.0,-10.192839188910714,0.7062180641909594
P207V,614.0,0.0,-17.34776934800376,10.000085271300021
P207W,670.0,0.0,-17.473689824109265,10.000078465209093
P207Y,643.0,0.0,-17.414348370253368,10.000081598720508
P207_,407.0,0.0,-16.754571437046405,10.000126686067103
P237A,1211.0,523.0,-2.6530951583128335,0.053052442402813836
P237C,801.0,65.0,-5.0648815108185135,0.12925737136122828
P237D,882.0,1.0,-11.212090725962648,0.995645307926492
P237E,855.0,1.0,-11.167237006712018,0.9956632875458244
P237F,520.0,1.0,-10.449835080308311,0.9960415880594979
P237G,1164.0,1.0,-11.61232726055356,0.9955073602697168
P237H,2591.0,43.0,-7.354493458488993,0.1539907531776693
P237I,819.0,0.0,-17.76338826302055,10.000064888870188
P237K,1101.0,0.0,-18.19026286316507,10.00004925249199
P237L,814.0,0.0,-17.754553713846697,10.000065263858936
P237M,1053.0,4.0,-9.478496001476364,0.5004028502144869
P237N,1242.0,40.0,-6.397967166893235,0.1608592346123511
P237Q,825.0,3.0,-9.540299125643127,0.5775074159201251
P237R,1062.0,9.0,-8.322849345788741,0.3346732695687028
P237S,1007.0,1.0,-11.403301818010636,0.9955746300506922
P237T,703.0,2.0,-9.892000715888486,0.7064075933801401
P237V,1199.0,60.0,-5.7622917674912895,0.13256962719386658
P237W,1235.0,0.0,-18.355958014328984,10.000044325168984
P237Y,674.0,2.0,-9.831225500978091,0.7064509116881384
P237_,1133.0,0.0,-18.231595885334585,10.000047969887179
P24A,890.0,0.0,-17.883328741982346,10.000060018729021
P24C,337.0,0.0,-16.482298596651592,10.000152202156846
P24D,439.0,0.0,-16.86376099853686,10.000117731694077
P24E,632.0,53.0,-5.01740575633993,0.14325995239781542
P24F,962.0,0.0,-17.99555908668506,10.000055814121016
P24G,415.0,0.0,-16.782653295714397,10.000124318016931
P24H,768.0,3.0,-9.437012615093852,0.5775852969927155
P24I,251.0,0.0,-16.057252036858916,10.000203032955145
P24K,463.0,1.0,-10.282339066055071,0.9961604217036739
P24L,556.0,0.0,-17.20461802640572,10.00009376576565
P24M,573.0,1.0,-10.589856029872351,0.9959522957671738
P24N,960.0,0.0,-17.992556629766607,10.000055922399516
P24Q,329.0,0.0,-16.44763863014494,10.000155809615956
P24R,187.0,1.0,-8.97441113070354,0.9977590454779927
P24S,457.0,0.0,-16.921732929694976,10.000113245920197
P24T,587.0,0.0,-17.282892276492017,10.000089016793455
P24V,695.0,1.0,-10.868329449074782,0.9957984903688326
P24W,463.0,9.0,-7.125167252993327,0.3364882868850024
P24Y,415.0,0.0,-16.782653295714397,10.000124318016931
P24_,515.0,0.0,-17.094107641457565,10.000100924749274
P27A,859.0,2.0,-10.181130431077655,0.7062247262127256
P27C,292.0,0.0,-16.275524971561453,10.00017506524546
P27D,291.0,0.0,-16.27057592536865,10.0001756536239
P27E,740.0,28.0,-6.165325694352026,0.19269059021566784
P27F,425.0,1.0,-10.1587924998026,0.9962573417631603
P27G,852.0,1.0,-11.162166076578075,0.9956653556024585
P27H,339.0,0.0,-16.49083502604752,10.00015132689477
P27I,978.0,1.0,-11.361144929771076,0.9955894182017111
P27K,513.0,0.0,-17.088494144206322,10.000101303239017
P27L,437.0,0.0,-16.857173488902387,10.000118252923697
P27M,625.0,0.0,-17.373386468648455,10.000083838133657
P27N,542.0,0.0,-17.16782666526102,10.000096088523922
P27Q,762.0,0.0,-17.659317126537893,10.000069455460673
P27R,1190.0,0.0,-18.302408987795122,10.000045856113582
P27S,821.0,2.0,-10.115855299067068,0.7062628725010113
P27T,645.0,0.0,-17.41882872366522,10.000081357612139
P27V,535.0,1.0,-10.49086157071016,0.9960145225568529
P27W,641.0,1.0,-10.75164257679732,0.9958593491389613
P27Y,1419.0,12.0,-8.32629961146619,0.28990594799226593
P27_,62.0,0.0,-14.040079990534895,10.000810128510707
P311A,1046.0,0.0,-18.11633193483964,10.000051640321985
P311C,958.0,0.0,-17.989547911267792,10.000056031130113
P311D,792.0,2.0,-10.063974150795175,0.7062944452797848
P311E,622.0,0.0,-17.366444970561204,10.000084223970129
P311F,644.0,14.0,-6.964349045769797,0.27019835983737533
P311G,1253.0,11.0,-8.272234465801468,0.30282238172469567
P311H,1617.0,1.0,-12.086552408904549,0.9953864729681039
P311I,875.0,1.0,-11.200595217980023,0.9956498627953146
P311K,779.0,1.0,-11.032937561187667,0.9957205861944777
P311L,1129.0,0.0,-18.2264935554006,10.000048126236635
P311M,1031.0,1.0,-11.437282133873845,0.9955630205565633
P311N,1450.0,1.0,-11.929286657900182,0.9954222499114389
P311Q,1294.0,1.0,-11.76507257447225,0.9954640107796369
P311R,1216.0,3.0,-10.099970707066545,0.5771698801748315
P311S,936.0,0.0,-17.956031139072643,10.000057257833866
P311T,1136.0,24.0,-7.005991137161675,0.20641313434262476
P311V,510.0,1.0,-10.421821248130806,0.9960605157671271
P311W,1794.0,4.0,-10.247164796383323,0.5000107642829884
P311Y,1502.0,0.0,-18.638329708805372,10.000037128422592
P311_,909.0,0.0,-17.913803361502396,10.00005884448738
P344A,577.0,0.0,-17.258103517972092,10.000090492966486
P344C,792.0,18.0,-6.9004433760678285,0.23846197625075172
P344D,589.0,0.0,-17.28779932375908,10.000088727573686
P344E,803.0,0.0,-17.734925149882795,10.000066105271792
P344F,1390.0,2.0,-10.875478861658637,0.7059098047181775
P344G,495.0,0.0,-17.036964866189955,10.000104847275875
P344H,1011.0,0.0,-18.06723255797608,10.00005329511806
P344I,1183.0,2.0,-10.642845868496686,0.705998962113057
P344K,766.0,2.0,-10.015818730925023,0.7063247830131589
P344L,854.0,0.0,-17.823760159069153,10.000062386894275
P344M,693.0,0.0,-17.522383366260286,10.000075988507405
P344N,735.0,0.0,-17.607271074257174,10.0000718657922
P344R,1468.0,0.0,-18.60529708659565,10.000037899406749
P344S,304.0,0.0,-16.33362597589979,10.000168306622792
P344T,1080.0,1.0,-11.504268478687626,0.9955409195784792
P344V,1087.0,0.0,-18.17180050339276,10.000049837377802
P344W,999.0,0.0,-18.050006315274956,10.00005388916893
P344Y,1045.0,1.0,-11.456740556007583,0.9955564945518552
P344_,970.0,0.0,-18.007506816305593,10.000055385472052
P358A,1533.0,22.0,-7.563858968826098,0.21485576662478556
P358C,491.0,0.0,-17.025259602969555,10.00010567012671
P358D,1044.0,1.0,-11.455359338832942,0.9955569548920415
P358E,634.0,0.0,-17.394012791565252,10.000082702532508
P358F,954.0,2.0,-10.33245989349987,0.7061426485876329
P358G,975.0,0.0,-18.014924211596323,10.000055121138478
P358H,1038.0,0.0,-18.105255633250103,10.000052008722616
P358I,1169.0,5.0,-9.308055768721623,0.4478091316401785
P358K,911.0,3.0,-9.683354409507482,0.5774083405307255
P358L,792.0,2.0,-10.063974150795175,0.7062944452797848
P358M,1634.0,1.0,-12.101640620752905,0.9953832410490088
P358N,1002.0,1.0,-11.396120714688685,0.9955771186776756
P358Q,1070.0,0.0,-18.149059570519743,10.000050568172469
P358R,972.0,0.0,-18.01047835223402,10.00005527941229
P358S,972.0,1.0,-11.352266869482227,0.9955925879608527
P358T,1059.0,1.0,-11.475940020521872,0.9955501410522314
P358V,1301.0,2.0,-10.780015650783332,0.7059446626418755
P358W,1279.0,1.0,-11.748251352116167,0.9954685629985026
P358Y,1085.0,0.0,-18.169143630162072,10.000049922165053
P358_,2012.0,2.0,-11.409021075224285,0.7057522571943293
P56A,378.0,0.0,-16.647931596414722,10.000136110471802
P56C,640.0,18.0,-6.593019177078009,0.23908989812025994
P56D,757.0,0.0,-17.649819554081535,10.000069888846491
P56E,266.0,0.0,-16.14098767730042,10.00019180078424
P56F,352.0,0.0,-16.54512360987271,10.000145880120305
P56I,299.0,222.0,-1.8713638893002136,0.0890250900764079
P56K,265.0,0.0,-16.135553995908708,10.000192510037653
P56L,362.0,0.0,-16.585536746149938,10.00014195648905
P56M,1281.0,2803.0,-0.31209966295135594,0.034845210192626236
P56N,1264.0,0.0,-18.38944316802156,10.000043396319994
P56Q,228.0,0.0,-15.918604295038449,10.000223125903512
P56R,722.0,0.0,-17.581526014837586,10.000073090616372
P56S,575.0,7.0,-7.799823608114495,0.3800911046642622
P56T,158.0,3.0,-7.155903384503703,0.5819204604543396
P56V,677.0,226.0,-3.0245853528579936,0.07732051048066757
P56W,494.0,1.0,-10.375835959053369,0.9960923931663125
P56Y,729.0,0.0,-17.59544580040965,10.000072425667604
P56_,30.0,10.0,-3.0257961611505877,0.36510152167082044
Q124A,281.0,19.0,-5.327585850282393,0.23714822413531422
Q124C,636.0,555.0,-1.6383304998700803,0.058744080223771145
Q124D,189.0,577.0,0.1683389401480868,0.08426501573679819
Q124E,484.0,72.0,-4.190562499263787,0.12660895884968665
Q124F,533.0,0.0,-17.14366979611745,10.000097646158755
Q124G,541.0,73.0,-4.331284092357147,0.12498777476265291
Q124H,576.0,60.0,-4.704613839655296,0.13592926698893104
Q124I,389.0,0.0,-16.68931443794863,10.000132370289204
Q124K,377.0,17.0,-5.911942561033743,0.2480286122941082
Q124L,447.0,288.0,-2.075983018116979,0.07606565179725974
Q124M,546.0,172.0,-3.1082297501697296,0.08787422305292471
Q124N,473.0,22857.0,4.152827381445038,0.047272251530156094
Q124P,374.0,0.0,-16.63258404026867,10.000137525084494
Q124R,334.0,321.0,-1.4990678724850328,0.07865039981459032
Q124S,800.0,297.0,-2.871301344164703,0.0685103618473571
Q124T,378.0,154.0,-2.7371951874904115,0.09599642090561358
Q124V,561.0,96.0,-3.988564719629024,0.11079204137700108
Q124W,314.0,0.0,-16.380317700024978,10.000163069033254
Q124Y,628.0,57.0,-4.903295441589648,0.13859981584674622
Q124_,468.0,1.0,-10.2978350694824,0.9961488401253991
Q189A,531.0,260.0,-2.471966736102548,0.07619714516011036
Q189C,609.0,141.0,-3.5524632561060088,0.09386426417115218
Q189D,50.0,46.0,-1.5620639649926193,0.20446809449252656
Q189E,534.0,1273.0,-0.1884897276945754,0.0522968373172033
Q189F,1156.0,0.0,-18.260589168670624,10.000047091875198
Q189G,992.0,1775.0,-0.6023942328827516,0.040598359124258986
Q189H,383.0,185.0,-2.4915736241748867,0.08996002682560095
Q189I,228.0,3.0,-7.684984618278748,0.5802486376344668
Q189K,1313.0,396.0,-3.1710639537031615,0.057996490254955645
Q189L,1446.0,2147.0,-0.8715434350202558,0.03513000807326383
Q189M,1044.0,106.0,-4.74165808036063,0.1023118413703388
Q189N,125.0,0.0,-15.051550701811998,10.000403799614931
Q189P,752.0,6.0,-8.409037861776392,0.4096289979164372
Q189R,867.0,215.0,-3.4534396894714545,0.07668853241148875
Q189S,429.0,231.0,-2.3348507883558822,0.08207655105107035
Q189T,837.0,122.0,-4.220040278926997,0.09730145765599807
Q189V,848.0,7.0,-8.360317839528502,0.37935389681974496
Q189W,728.0,0.0,-17.59346546346518,10.00007251987739
Q189Y,692.0,1670.0,-0.17080286584060378,0.046050623599394484
Q189_,1085.0,0.0,-18.169143630162072,10.000049922165053
Q194A,822.0,129.0,-4.113467863084187,0.0951034311669956
Q194C,814.0,32.0,-6.110246752301119,0.1804037662131678
Q194D,746.0,99.0,-4.355343636097554,0.10731845044818304
Q194E,564.0,129.0,-3.5700326603460333,0.09798546124861916
Q194F,795.0,413.0,-2.386591110473451,0.061285316308146105
Q194G,408.0,46.0,-4.59037996677051,0.1557630289450777
Q194H,581.0,82.0,-4.266486068508453,0.11828597125708139
Q194I,648.0,3.0,-9.191903595928512,0.5777939900905537
Q194K,386.0,15.0,-6.126437156845473,0.26322927951624486
Q194L,586.0,1.0,-10.62222099699271,0.9959328595461563
Q194M,620.0,113.0,-3.897635861855905,0.10265693818712009
Q194N,393.0,18.0,-5.889490751845788,0.24113475136172227
Q194P,828.0,2.0,-10.12810369623135,0.7062555826293855
Q194R,926.0,276.0,-3.188102052033762,0.06913576774775375
Q194S,1030.0,236.0,-3.567533265926323,0.07269641159775665
Q194T,109.0,60.0,-2.302980467690557,0.16097874076149038
Q194V,766.0,1.0,-11.008658939352157,0.99573152565771
Q194W,611.0,2.0,-9.689651496639724,0.706559174830722
Q194Y,732.0,115.0,-4.111898866253405,0.10068660761758855
Q194_,783.0,1.0,-11.040326445808628,0.9957172932615379
Q255A,1136.0,2.0,-10.584359134213162,0.7060237298092414
Q255C,563.0,35.0,-5.44911639672111,0.1744024951810872
Q255D,755.0,0.0,-17.6460029487925,10.000070063808051
Q255E,695.0,3.0,-9.292921255066872,0.5777036758937218
Q255F,507.0,1.0,-10.413309915657429,0.9960663396019348
Q255G,1003.0,60.0,-5.504784065980986,0.13318289562193247
Q255H,1613.0,16.0,-8.09643308094728,0.2513119896843107
Q255I,610.0,1.0,-10.68012860640599,0.995899152821603
Q255K,1182.0,0.0,-18.29267753183072,10.000046140485189
Q255L,429.0,0.0,-16.83051847252565,10.00012038644026
Q255M,1037.0,24.0,-6.874445408877791,0.20661659890517808
Q255N,829.0,78.0,-4.8514533427048425,0.11875151680769723
Q255P,761.0,0.0,-17.657422607426902,10.00006954168225
Q255R,960.0,0.0,-17.992556629766607,10.000055922399516
Q255S,833.0,2.0,-10.136789319513877,0.7062504505437325
Q255T,885.0,0.0,-17.875200952680157,10.000060336119818
Q255V,850.0,0.0,-17.816987009971076,10.000062662406128
Q255W,442.0,1.0,-10.215374722592724,0.996211923968046
Q255Y,510.0,0.0,-17.0800327308826,10.000101876539523
Q255_,1260.0,0.0,-18.3848704744655,10.000043521895114
Q325A,905.0,1.0,-11.249229446675384,0.9956308378956193
Q325C,896.0,0.0,-17.893022029637923,10.000059642535845
Q325D,450.0,0.0,-16.899464256913635,10.000114947746459
Q325E,742.0,0.0,-17.620945825982194,10.000071224048032
Q325F,1067.0,0.0,-18.145008987964765,10.00005069955352
Q325G,1179.0,2.0,-10.637959554511117,0.7060009931573937
Q325H,983.0,0.0,-18.026713288879005,10.000054703797913
Q325I,761.0,0.0,-17.657422607426902,10.00006954168225
Q325K,1142.0,1.0,-11.584799091775155,0.9955156725423381
Q325L,1350.0,0.0,-18.484405384691563,10.000040876444224
Q325M,1380.0,0.0,-18.51611401210256,10.000040071306302
Q325N,719.0,6.0,-8.344297851051191,0.40970348744388596
Q325P,1008.0,0.0,-18.06294524204274,10.000053442304786
Q325R,1738.0,1.0,-12.190660191093807,0.9953648456144657
Q325S,1014.0,366.0,-2.9119117254403726,0.061604745414507694
Q325T,721.0,76.0,-4.687552945879479,0.12091278790872192
Q325V,996.0,0.0,-18.04566742304835,10.000054039918256
Q325W,1117.0,0.0,-18.211077392390138,10.00004860200362
Q325Y,519.0,0.0,-17.105269531845412,10.000100176520782
Q325_,998.0,1.0,-11.390349984538194,0.9955791275285673
Q378A,812.0,407.0,-2.438228069760984,0.061361627411802504
Q378C,1813.0,16986.0,1.7860934003581452,0.026215190576970304
Q378D,2161.0,63519.0,3.435615957240918,0.023564490362865165
Q378E,1192.0,515.0,-2.6525188046514545,0.05345488104796987
Q378F,733.0,210.0,-3.245169670654116,0.0787572929029704
Q378G,875.0,834.0,-1.5110296391144464,0.04917993263425331
Q378H,1808.0,1316.0,-1.9000270218675182,0.03727951492287
Q378I,603.0,220.0,-2.8964076442992566,0.07924891504570848
Q378K,717.0,543.0,-1.8428092896904698,0.05755921038829254
Q378L,651.0,277.0,-2.6745364626353174,0.07226927421363358
Q378M,1531.0,24735.0,2.572204055228756,0.027755853898766208
Q378N,1172.0,1358.0,-1.2292855925622348,0.04082158674989354
Q378P,1862.0,61.0,-6.373466096457042,0.13040170612050725
Q378R,784.0,1735.0,-0.2957947994217518,0.04391645239169804
Q378S,988.0,256.0,-3.3901202959012258,0.07067551361205585
Q378T,606.0,207.0,-2.9914359552851604,0.08097911827166848
Q378V,544.0,171.0,-3.1113472969741753,0.0881056641539566
Q378W,744.0,641.0,-1.6567699650422885,0.05459763110759989
Q378Y,663.0,243.0,-2.8898097638924787,0.07549917331881942
Q378_,975.0,7.0,-8.561653577585702,0.37915139213998805
Q386A,1132.0,339.0,-3.181281783935217,0.06252955475292676
Q386C,871.0,222.0,-3.413859437405401,0.07569140871985547
Q386D,1162.0,911.0,-1.7928785052552048,0.045111593688466525
Q386E,1054.0,13455.0,2.232388186995186,0.03316435830363933
Q386F,1473.0,418.0,-3.2589526797511135,0.05610672494902949
Q386G,600.0,388.0,-2.0706875270312954,0.06573193557538845
Q386H,788.0,484.0,-2.144971899325756,0.058411366575904726
Q386I,1035.0,199.0,-3.8205266918297554,0.07789635847312121
Q386K,1307.0,8280.0,1.2215675144118472,0.031026975194815124
Q386L,1404.0,642.0,-2.5706803534293017,0.04844222412088339
Q386M,1088.0,3953.0,0.41946497179323394,0.035339443784213595
Q386N,1228.0,968.0,-1.7850232689695877,0.043865340498649985
Q386P,1214.0,816.0,-2.0149163844597573,0.046108425731188805
Q386R,721.0,499.0,-1.972745358358476,0.05888723523429496
Q386S,956.0,288.0,-3.1727016210919636,0.06778577378569473
Q386T,1280.0,943.0,-1.8826049226996453,0.04380038058997435
Q386V,1004.0,2099.0,-0.3778594152148793,0.03936008624610044
Q386W,1063.0,374.0,-2.9488012356693876,0.060755621350166586
Q386Y,738.0,176.0,-3.5097777834117405,0.08434029796547594
Q386_,668.0,331.0,-2.4547897138301114,0.06778521701155563
Q4A,444.0,1.0,-10.221887882526971,0.9962068092166102
Q4C,624.0,21.0,-6.334215898279798,0.22198134245321668
Q4D,1062.0,44.0,-6.034616985207734,0.1540795724050807
Q4E,778.0,58.0,-5.18720999068219,0.1363837710120901
Q4F,395.0,93.0,-3.5282262516481158,0.11558507201983358
Q4G,506.0,0.0,-17.068673092335295,10.000102651514648
Q4H,548.0,2125.0,0.5134006893891288,0.04870488211252188
Q4I,848.0,270.0,-3.092863254553384,0.07042437939462574
Q4K,554.0,186.0,-3.0163266503566275,0.08519314480853725
Q4L,604.0,0.0,-17.324079630969855,10.000086619476354
Q4M,668.0,0.0,-17.469376895706567,10.000078688634387
Q4N,357.0,1012.0,0.06139233902651853,0.0621769235127552
Q4P,802.0,0.0,-17.733127421222008,10.000066182908371
Q4R,434.0,269.0,-2.131863296925344,0.07809112372971275
Q4S,316.0,61.0,-3.8146473931864735,0.14011426671248503
Q4T,568.0,68.0,-4.5038923485427516,0.12861200460190547
Q4V,783.0,168.0,-3.662278443857815,0.08547482005931809
Q4W,636.0,0.0,-17.39855664515333,10.000082454541255
Q4Y,521.0,41.0,-5.109058230732268,0.16242056757515766
Q4_,859.0,1.0,-11.173970639504791,0.9956605526002744
Q51A,377.0,0.0,-16.644109986697128,10.00013646131085
Q51C,502.0,2.0,-9.406171607593656,0.7068106007297096
Q51D,424.0,1.0,-10.155394003399616,0.9962601267465838
Q51E,642.0,0.0,-17.41210296499568,10.000081719838018
Q51F,1319.0,0.0,-18.450890793167193,10.00004174689623
Q51G,1135.0,1.0,-11.575928816503028,0.9955183849174855
Q51H,1671.0,13.0,-8.446750411203142,0.2784585904093799
Q51I,379.0,0.0,-16.651743109664142,10.000135761484083
Q51K,368.0,0.0,-16.60925216535697,10.000139704662418
Q51L,287.0,2.0,-8.599556508903937,0.7078654054757345
Q51M,828.0,1.0,-11.120943904658482,0.9956824393777453
Q51N,1158.0,1.0,-11.604871519853065,0.9955095959375109
Q51P,278.0,2.0,-8.553592282279315,0.7079450727467677
Q51R,379.0,0.0,-16.651743109664142,10.000135761484083
Q51S,651.0,68.0,-4.70065572391065,0.12773640850361126
Q51T,998.0,14.0,-7.596320226859169,0.2691772217463763
Q51V,401.0,0.0,-16.73314540960179,10.000128524109101
Q51W,386.0,0.0,-16.67814541846616,10.00013336919876
Q51Y,508.0,0.0,-17.07436409216434,10.000102262501581
Q51_,828.0,3.0,-9.545535710650576,0.5775036136731007
R156A,566.0,0.0,-17.230334738081407,10.000092177002127
R156C,662.0,0.0,-17.456360205782083,10.000079367010128
R156D,386.0,0.0,-16.67814541846616,10.00013336919876
R156E,551.0,0.0,-17.191585697709662,10.000094581772558
R156F,569.0,0.0,-17.23796120316843,10.000091711262423
R156G,571.0,1.0,-10.584811724665624,0.9959553644703204
R156H,670.0,0.0,-17.473689824109265,10.000078465209093
R156I,652.0,46.0,-5.266669546345717,0.1527904436591454
R156K,342.0,0.0,-16.503545704497725,10.000150033195295
R156L,374.0,8.0,-6.986925607859962,0.35720367533339237
R156M,521.0,0.0,-17.110818259059485,10.00009980671485
R156N,231.0,0.0,-15.937462500558063,10.00022027818567
R156P,461.0,0.0,-16.93430524115621,10.000112296651741
R156Q,247.0,0.0,-16.034076645271472,10.000206258592565
R156S,534.0,0.0,-17.146373954358673,10.000097470495461
R156T,267.0,0.0,-16.14640097036086,10.000191096843338
R156V,839.0,3.0,-9.564575525152353,0.5774899045265459
R156W,471.0,5.0,-7.996598092723391,0.44922231787713773
R156Y,334.0,0.0,-16.46939849245276,10.000153534703315
R156_,909.0,3.0,-9.680183684742694,0.577410431869336
R310A,977.0,1.0,-11.359669041885827,0.9955899437919771
R310C,1160.0,0.0,-18.265572533150557,10.000046942731595
R310D,881.0,1.0,-11.210454107891831,0.9956459541918322
R310E,406.0,0.0,-16.751022457271198,10.00012698863489
R310F,716.0,0.0,-17.569486932658645,10.000073670920644
R310G,1357.0,2.0,-10.840814951867387,0.705922196391211
R310H,915.0,52.0,-5.57872138381098,0.14281719521579975
R310I,936.0,0.0,-17.956031139072643,10.000057257833866
R310K,1360.0,1077.0,-1.7783804305596167,0.04172026483988489
R310L,821.0,0.0,-17.766906990245996,10.000064740153558
R310M,1397.0,1.0,-11.87556615587779,0.9954353920230402
R310N,763.0,1.0,-11.002997678313733,0.9957341030692604
R310P,496.0,0.0,-17.03987640285025,10.00010464363683
R310Q,987.0,0.0,-18.032571897516398,10.000054497664623
R310S,1271.0,0.0,-18.397410671989103,10.000043178465416
R310T,1125.0,1.0,-11.563161633414547,0.9955223182783355
R310V,1942.0,0.0,-19.008985920476782,10.000029586241668
R310W,1164.0,1.0,-11.61232726055356,0.9955073602697168
R310Y,694.0,7.0,-8.071193012693868,0.37969862928811127
R310_,621.0,0.0,-17.36412369600065,10.000084353410688
R324A,920.0,0.0,-17.931156738490003,10.000058186831149
R324C,1432.0,58.0,-6.067390954092234,0.13421446128696535
R324D,996.0,7.0,-8.592396789037728,0.3791228740648774
R324E,602.0,0.0,-17.319294647757577,10.000086894486298
R324F,995.0,355.0,-2.928646178077493,0.06243902936370747
R324G,1136.0,0.0,-18.23541082539209,10.000047853347644
R324H,1271.0,24.0,-7.1679909837586875,0.20618652710362412
R324I,782.0,0.0,-17.6966942521381,10.000067777336698
R324K,776.0,5443.0,1.3684627213873308,0.03935937453291458
R324L,1381.0,4862.0,0.3740342779625778,0.03172663349707804
R324M,982.0,13.0,-7.679839665080641,0.27921150706529907
R324N,1204.0,639.0,-2.355731777457669,0.04972196621266545
R324P,2313.0,4.0,-10.61374836766345,0.4998856779200883
R324Q,3610.0,6202.0,-0.6610617977545927,0.02269451243621044
R324S,715.0,94.0,-4.368872103755642,0.11005700067911078
R324T,1502.0,2.0,-10.987278017626444,0.7058718068043944
R324V,1433.0,4.0,-9.923025541590668,0.5001511628913126
R324W,1150.0,7.0,-8.799811063103856,0.3789455176029367
R324Y,966.0,2.0,-10.350493628473831,0.7061334286688755
R324_,573.0,0.0,-17.248067512624147,10.000091097862205
R380A,995.0,86.0,-4.973929531007135,0.11273138595027433
R380C,1109.0,25.0,-6.912418323057522,0.20239196333695703
R380D,2582.0,13.0,-9.074524632251434,0.2780791996498403
R380E,1806.0,108.0,-5.505363903338054,0.09944296903993823
R380F,1320.0,27.0,-7.052706225366352,0.19457052709627795
R380G,1337.0,151.0,-4.588089078100625,0.08629490640708848
R380H,1302.0,54.0,-6.033164986941184,0.13913995959442646
R380I,1355.0,32.0,-6.845431828015256,0.17903919867148205
R380K,993.0,43.0,-5.970859026324551,0.155994363320325
R380L,1188.0,104.0,-4.955547648886332,0.1026304009832627
R380M,1598.0,163.0,-4.735038877002784,0.08268716093256948
R380N,837.0,77.0,-4.883921973813712,0.11940205500244329
R380P,794.0,10.0,-7.751438114318294,0.3181765629075262
R380Q,856.0,55.0,-5.401656658734421,0.13936828531247142
R380S,1077.0,1006.0,-1.5401818157282117,0.04471373045847085
R380T,1383.0,55.0,-6.093768691264895,0.13776200082017437
R380V,877.0,5907.0,1.3099680398869937,0.03723336595936925
R380W,1319.0,6.0,-9.219669612456007,0.40893066741067224
R380Y,1114.0,0.0,-18.20719747402877,10.000048722546897
R380_,756.0,40.0,-5.681767600180013,0.16246008952951654
R98A,564.0,0.0,-17.22522793803435,10.0000924902478
R98C,434.0,1.0,-10.189023997293956,0.9962328540949915
R98D,370.0,0.0,-16.617071457910285,10.000138970282375
R98E,428.0,0.0,-16.827151699998446,10.000120658737625
R98F,331.0,0.0,-16.456381998264746,10.000154891403794
R98G,685.0,3.0,-9.272012568338948,0.5777218548973126
R98H,279.0,0.0,-16.209824026565208,10.000183043136254
R98I,552.0,1.0,-10.535990115732384,0.9959856256931143
R98K,544.0,1.0,-10.514928884547242,0.9959989993499972
R98L,667.0,2.0,-9.816163895617342,0.7064619317487213
R98M,695.0,0.0,-17.526540931826574,10.000075780888857
R98N,455.0,0.0,-16.915405448483963,10.000113726813165
R98P,612.0,1.0,-10.684850939359663,0.9958964632088795
R98Q,805.0,0.0,-17.738513900731206,10.00006595057728
R98T,295.0,0.0,-16.290271054499982,10.00017332404316
R98V,698.0,0.0,-17.532754901208005,10.000075471691853
R98W,564.0,1.0,-10.567016455282555,0.9959662762420443
R98Y,527.0,0.0,-17.127337533157977,10.000098714137913
R98_,649.0,0.0,-17.42774790349846,10.000080879853403
S104A,453.0,6.0,-7.6778289127192005,0.4106989203444794
S104C,432.0,1.0,-10.182360420906711,0.9962382076767212
S104D,791.0,0.0,-17.71320312939588,10.000067049866333
S104E,226.0,0.0,-15.905893803229699,10.000225066381487
S104F,426.0,0.0,-16.820394492072143,10.000121207167417
S104G,390.0,5402.0,2.3501184733306535,0.05315965012974995
S104H,271.0,1.0,-9.509641799762274,0.9969281347941872
S104I,400.0,0.0,-16.72954326286293,10.000128835810223
S104K,605.0,0.0,-17.32646618432692,10.000086482653211
S104L,361.0,0.0,-16.58154599634823,10.000142339070608
S104M,507.0,0.0,-17.071521398409224,10.000102456624482
S104N,672.0,53.0,-5.105941072185472,0.1429308700379937
S104P,566.0,0.0,-17.230334738081407,10.000092177002127
S104Q,403.0,0.0,-16.740322833131223,10.000127905347426
S104R,678.0,0.0,-17.49081374783036,10.000077584689105
S104T,460.0,1.0,-10.272960936950373,0.9961674914330789
S104V,754.0,2.0,-9.993039162012355,0.7063394902382498
S104W,215.0,0.0,-15.833910956286935,10.000236384294581
S104Y,208.0,0.0,-15.78616008297535,10.000244209842144
S104_,879.0,0.0,-17.865386774125923,10.000060721754986
S120A,222.0,0.0,-15.880131857312616,10.000229052222235
S120C,472.0,33.0,-5.2796371975514385,0.18024773183637266
S120D,374.0,165.0,-2.622318202834518,0.09386564534709765
S120E,513.0,0.0,-17.088494144206322,10.000101303239017
S120F,989.0,377.0,-2.8331771339514846,0.06115845780370614
S120G,297.0,3.0,-8.066399024976931,0.5793700017489022
S120H,906.0,357.0,-2.785357305044056,0.06309974537184072
S120I,747.0,36.0,-5.816452867819328,0.17083772808651446
S120K,618.0,1.0,-10.698925895706676,0.9958884987773969
S120L,745.0,0.0,-17.62676698641668,10.000070952706475
S120M,400.0,2.0,-9.078491571684001,0.707169831521442
S120N,282.0,0.0,-16.225253517053364,10.000181136801903
S120P,584.0,0.0,-17.27550026851374,10.00008945433732
S120Q,1796.0,349.0,-3.8052499203460273,0.05915092973535222
S120R,610.0,0.0,-17.338340089157782,10.000085805266362
S120T,756.0,450.0,-2.190243073000272,0.06018057800015381
S120V,289.0,17.0,-5.528459182380288,0.24965141871342486
S120W,551.0,3.0,-8.95796602094996,0.5780290286984877
S120Y,415.0,0.0,-16.782653295714397,10.000124318016931
S120_,771.0,1.0,-11.018045285202845,0.9957272745292544
S122A,658.0,253.0,-2.820709918326682,0.07449122090763462
S122C,487.0,84.0,-3.9771132403286176,0.11846301561519224
S122D,257.0,109.0,-2.6791588244348077,0.11463491968934461
S122E,430.0,165.0,-2.8236115689756645,0.09199218112580483
S122F,589.0,0.0,-17.28779932375908,10.000088727573686
S122G,209.0,24.0,-4.563659476832992,0.21566308947424598
S122H,759.0,447.0,-2.205606603639197,0.06026099417050314
S122I,719.0,215.0,-3.1834028918637314,0.07822111613725401
S122K,234.0,237.0,-1.4234170674660493,0.09257077406256727
S122L,652.0,21965.0,3.6323744381211434,0.04069448443654425
S122M,324.0,37.0,-4.571846115684999,0.17373210467995134
S122N,455.0,44.0,-4.811789792089416,0.15810331371845077
S122P,376.0,210.0,-2.2821078213103476,0.08659086010366376
S122Q,334.0,430.0,-1.077315902431235,0.0734591379784011
S122R,361.0,164.0,-2.5800498354274906,0.09457267506183968
S122T,955.0,576.0,-2.1712167979728676,0.053478834380759066
S122V,407.0,64.0,-4.110489843780732,0.1347453018349508
S122W,439.0,2.0,-9.212709307357933,0.7070127902331196
S122Y,366.0,45.0,-4.4653604124203135,0.15819685880934578
S122_,538.0,0.0,-17.157140184363378,10.00009677437237
S133A,371.0,179.0,-2.4932127066424785,0.09142439792848502
S133C,325.0,0.0,-16.429991304012557,10.000157679942193
S133D,477.0,0.0,-16.98352670703055,10.000108658780201
S133E,569.0,0.0,-17.23796120316843,10.000091711262423
S133F,738.0,1.0,-10.954936078052468,0.9957563961091659
S133G,223.0,78.0,-2.9571722417934945,0.13183235008571753
S133H,661.0,0.0,-17.454179293451766,10.000079481270065
S133I,698.0,0.0,-17.532754901208005,10.000075471691853
S133K,213.0,0.0,-15.820428356960491,10.000238567683166
S133L,432.0,0.0,-16.840571903658507,10.000119577111763
S133M,676.0,0.0,-17.48655178392997,10.000077802865322
S133N,534.0,0.0,-17.146373954358673,10.000097470495461
S133P,353.0,0.0,-16.54921624840322,10.000145477753941
S133Q,444.0,0.0,-16.880099365278767,10.000116449163407
S133R,527.0,31.0,-5.528819722545356,0.18499176886351004
S133T,419.0,0.0,-16.796491871314043,10.00012316790086
S133V,534.0,0.0,-17.146373954358673,10.000097470495461
S133W,661.0,0.0,-17.454179293451766,10.000079481270065
S133Y,431.0,0.0,-16.837228538066604,10.000119845636103
S133_,487.0,0.0,-17.013458592069362,10.000106506494255
S138A,782.0,31015.0,3.867840907256085,0.0372531043085422
S138C,512.0,270.0,-2.3649539645396267,0.07571953968363844
S138D,328.0,0.0,-16.443246994715523,10.000156272921018
S138E,526.0,0.0,-17.12459742285698,10.000098894503159
S138F,390.0,936.0,-0.17878198893456343,0.060903175412694396
S138G,199.0,104.0,-2.3779135001994343,0.12131005140372035
S138H,425.0,0.0,-16.817003982554393,10.00012148331789
S138I,554.0,128.0,-3.5554503174816405,0.09845662277207241
S138K,624.0,0.0,-17.371076344952844,10.000083966333603
S138L,201.0,22.0,-4.63283104153766,0.22468993270292087
S138M,440.0,18.0,-6.0524610419324665,0.24057052898858147
S138N,423.0,0.0,-16.810198965145567,10.00012203953575
S138P,847.0,0.0,-17.81188619839397,10.00006287074771
S138Q,374.0,0.0,-16.63258404026867,10.000137525084494
S138R,617.0,0.0,-17.354801067538524,10.000084875368648
S138T,569.0,107.0,-3.852503201980464,0.1057315217653835
S138V,699.0,180.0,-3.3990308572022583,0.08403949625324413
S138W,566.0,0.0,-17.230334738081407,10.000092177002127
S138Y,656.0,1.0,-10.785013520164137,0.9958414392909885
S138_,498.0,0.0,-17.045681907720176,10.000104238812161
S154A,392.0,127.0,-3.0677431831442448,0.10247510151219995
S154C,500.0,46.0,-4.883732403334141,0.1543086545413598
S154D,462.0,3.0,-8.703811597646808,0.5783313619696232
S154E,607.0,245.0,-2.750674466763817,0.0761950174342491
S154F,545.0,0.0,-17.17578989705309,10.000095580744231
S154G,195.0,1.0,-9.034843819624935,0.9976491103385796
S154H,479.0,46.0,-4.821831229375945,0.15459249643666098
S154I,662.0,308.0,-2.545670635324764,0.06952693246360767
S154K,677.0,0.0,-17.4886843396994,10.000077693616083
S154L,588.0,22.0,-6.181404456529138,0.2172817073195821
S154M,370.0,497.0,-1.0160841987960696,0.06922035041288199
S154N,677.0,77.0,-4.577854258402827,0.12057862554740241
S154P,482.0,1.0,-10.34035879076308,0.9961176893102464
S154Q,292.0,42.0,-4.239007901074935,0.16524282671794266
S154R,667.0,0.0,-17.46721558679627,10.000078800849481
S154T,555.0,0.0,-17.202020961671543,10.00009392779083
S154V,544.0,2.0,-9.522088676120108,0.7067018003487405
S154W,235.0,1.0,-9.304017859948399,0.9972115840090194
S154Y,193.0,0.0,-15.678182792532997,10.000262890244544
S154_,727.0,0.0,-17.59148240444463,10.00007261434635
S173A,653.0,1401.0,-0.34050455310141103,0.04818647318545193
S173C,461.0,727.0,-0.7846176530998719,0.06017842257505375
S173D,615.0,459.0,-1.863879100544196,0.062300777653593355
S173E,415.0,1.0,-10.124441812962601,0.9962857951886012
S173F,676.0,0.0,-17.48655178392997,10.000077802865322
S173G,315.0,174.0,-2.298022226916828,0.09485828303024671
S173H,479.0,16.0,-6.344805377962933,0.2542152558154692
S173I,613.0,9.0,-7.5300345088408065,0.33570207238436756
S173K,740.0,0.0,-17.61705196242653,10.00007140616464
S173L,627.0,0.0,-17.377995648271853,10.000083582960533
S173M,321.0,162.0,-2.428330191195739,0.09676994132248404
S173N,653.0,2.0,-9.785560589700417,0.7064846801094457
S173P,800.0,3.0,-9.49590555275334,0.5775402092478191
S173Q,544.0,226.0,-2.709041380457629,0.07962147818434163
S173R,557.0,0.0,-17.207210424438244,10.000093604322233
S173T,506.0,2.0,-9.417621401156367,0.7067994614041855
S173V,484.0,76.0,-4.112570531852907,0.123689255714687
S173W,464.0,0.0,-16.94366309352108,10.000111595440757
S173Y,330.0,0.0,-16.452016937777994,10.000155349118696
S173_,352.0,1.0,-9.886912127120919,0.9965021994898478
S183A,386.0,224.0,-2.2268699020428127,0.0844481390395467
S183C,614.0,354.0,-2.236266854624451,0.06730685130556062
S183D,684.0,311.0,-2.578851264859889,0.06894993059189482
S183E,388.0,192.0,-2.4567072018269895,0.08866854315502859
S183F,945.0,2464.0,-0.05918820625361043,0.03925337782583462
S183G,736.0,192.0,-3.38033873501578,0.08150788043829191
S183H,877.0,411.0,-2.5352146137580007,0.06041575938175198
S183I,1015.0,35399.0,3.682348350602257,0.033019034624099705
S183K,436.0,2.0,-9.202816728717355,0.7070238740596816
S183L,670.0,139.0,-3.7107887743342083,0.09361109661060957
S183M,337.0,271.0,-1.7562401305258168,0.08206075215404422
S183N,1661.0,4517.0,0.001512532330875338,0.030003733469375748
S183P,399.0,46.0,-4.558200358599469,0.15594038514003866
S183Q,429.0,20.0,-5.86401302061991,0.22887279390932475
S183R,874.0,34.0,-6.125413691669589,0.17499732483862587
S183T,532.0,317.0,-2.1887198296562937,0.07149079549075099
S183V,639.0,15504.0,3.15886427139983,0.04130636126220656
S183W,375.0,187.0,-2.4456084658340274,0.08994831009872674
S183Y,507.0,183.0,-2.911886536709778,0.08667943973127618
S183_,910.0,28.0,-6.46366332687912,0.1920344226714747
S186A,730.0,295.0,-2.7489471846291114,0.06954390809500684
S186C,697.0,95.0,-4.316822897771213,0.10971190828730303
S186D,862.0,788.0,-1.571285484328805,0.050058906097435546
S186E,728.0,668.0,-1.5658833841469066,0.05428983684851589
S186F,482.0,345.0,-1.9242197154330922,0.07106270306499889
S186G,640.0,1017.0,-0.7736273036298575,0.05121079367299682
S186H,609.0,526.0,-1.6531705069799125,0.06016567963304987
S186I,441.0,205.0,-2.5469119025912947,0.08498310666514247
S186K,871.0,333.0,-2.828918597958836,0.06502153928815602
S186L,836.0,47.0,-5.594275430064665,0.15015000171375378
S186M,689.0,62.0,-4.915746943538868,0.13287055455404093
S186N,728.0,551.0,-1.8436745821438087,0.057142382714112046
S186P,514.0,368.0,-1.9238462741120905,0.06884475439446945
S186Q,719.0,686.0,-1.5095770454281663,0.05408605402813062
S186R,526.0,176.0,-3.0212276454644567,0.08751797079958458
S186T,718.0,19190.0,3.2984128995606588,0.03900825568140058
S186V,615.0,588.0,-1.50656399462245,0.05833897901341332
S186W,1374.0,121.0,-4.94698914178901,0.09522799953473678
S186Y,654.0,274.0,-2.696878966171517,0.0724936256003285
S186_,514.0,1.0,-10.433092140328974,0.9960528563507187
S219A,681.0,3.0,-9.263563502209049,0.5777292758217375
S219C,378.0,30.0,-5.096703992816436,0.1898537697459819
S219D,648.0,2.0,-9.774471581509285,0.706493042552045
S219E,623.0,1.0,-10.710551033473145,0.9958819788885267
S219F,885.0,0.0,-17.875200952680157,10.000060336119818
S219G,532.0,1035.0,-0.4816753785605794,0.054061386011747196
S219H,496.0,0.0,-17.03987640285025,10.00010464363683
S219I,225.0,0.0,-15.899496315734806,10.000226049556277
S219K,650.0,0.0,-17.429969109216422,10.000080761332468
S219L,694.0,1.0,-10.866252163952696,0.9957995313467868
S219M,705.0,0.0,-17.547150917063487,10.000074760465466
S219N,635.0,5.0,-8.427619714055387,0.44861160490417296
S219P,685.0,2.0,-9.854580553919721,0.7064340491621808
S219Q,360.0,0.0,-16.577544176798355,10.000142723777545
S219R,604.0,1.0,-10.66586814821806,0.9959073284854345
S219T,1123.0,25.0,-6.930516723120116,0.20236419080410242
S219V,1296.0,9.0,-8.610128845097336,0.33441917652713177
S219W,729.0,0.0,-17.59544580040965,10.000072425667604
S219Y,555.0,0.0,-17.202020961671543,10.00009392779083
S219_,591.0,0.0,-17.29268973721763,10.000088440311371
S226A,695.0,1031.0,-0.8728421315892287,0.049855252652222806
S226C,791.0,16.0,-7.068445536879621,0.25259050599962657
S226D,592.0,0.0,-17.295128741434805,10.00008829740806
S226E,1669.0,5.0,-9.821761096373061,0.4475229058821311
S226F,632.0,1.0,-10.731243098860908,0.9958705029510132
S226G,892.0,22.0,-6.782623649812327,0.2159438645839498
S226H,523.0,13.0,-6.77094048041967,0.28080732796569596
S226I,1758.0,1.0,-12.20716708498772,0.9953615575160563
S226K,273.0,1.0,-9.520249509335418,0.996914577431039
S226L,673.0,0.0,-17.480135137390313,10.000078132560986
S226M,675.0,0.0,-17.484416071202755,10.000077912438257
S226N,1040.0,1.0,-11.449821208440685,0.9955588051032507
S226P,852.0,60.0,-5.2693903448083494,0.13384461064142555
S226Q,680.0,0.0,-17.49506315824826,10.000077367796255
S226R,786.0,31.0,-6.10553705259098,0.18329404188553147
S226T,875.0,668.0,-1.8312246214135435,0.052121233306868194
S226V,704.0,0.0,-17.545103117482054,10.00007486120331
S226W,1093.0,2.0,-10.528690200001293,0.706048254601041
S226Y,308.0,1.0,-9.694272904093818,0.9967058006446317
S226_,790.0,1.0,-11.05316662832265,0.9957116108414559
S230A,670.0,110.0,-4.048342772676444,0.10324433668922797
S230C,925.0,3733.0,0.571003689593867,0.03775903916427962
S230D,911.0,128.0,-4.273005190344916,0.09479645451862259
S230E,496.0,3.0,-8.806256726090549,0.5782030761835621
S230F,543.0,383.0,-1.9453915232064105,0.06729992496616037
S230G,629.0,0.0,-17.38259014918814,10.0000833294101
S230H,456.0,554.0,-1.160948261014382,0.0638337781823943
S230I,587.0,21.0,-6.246031829818972,0.2222087452554049
S230K,407.0,0.0,-16.754571437046405,10.000126686067103
S230L,789.0,604.0,-1.827265966587289,0.05477050382673163
S230M,784.0,51090.0,4.5842305355614865,0.0370386627022111
S230N,502.0,40.0,-5.091078385426983,0.16450695746702326
S230P,848.0,0.0,-17.813588473539124,10.000062801136728
S230Q,1180.0,2865.0,-0.16205372759458614,0.035683114609325266
S230R,880.0,0.0,-17.867027113856356,10.00006065711728
S230T,486.0,909.0,-0.5384846494324416,0.0568723486603699
S230V,520.0,757.0,-0.9000218253668635,0.05762657161261814
S230W,767.0,1.0,-11.010541100374862,0.995730670999502
S230Y,624.0,937.0,-0.8552995206422791,0.05240761577994355
S230_,556.0,1.0,-10.546406543653923,0.9959790831167017
S236A,902.0,574.0,-2.093862373440099,0.05410693475759267
S236C,497.0,666.0,-1.0195258567314456,0.05991916395775828
S236D,487.0,2701.0,1.0296808635411336,0.05000373091049655
S236E,913.0,1445.0,-0.7794179065819051,0.043175343545911876
S236F,546.0,428.0,-1.793077686216848,0.06515103682344024
S236G,651.0,536.0,-1.7222146044389177,0.0589788678372577
S236H,1216.0,594.0,-2.4753907856598967,0.05081958581065561
S236I,784.0,283.0,-2.9118138415540304,0.06989802060499822
S236K,911.0,12295.0,2.3126673913902973,0.035437436456253746
S236L,816.0,25486.0,3.523180068993682,0.03662659815549056
S236M,752.0,1354.0,-0.593380174117816,0.04631535204616327
S236N,935.0,2480.0,-0.034502578393042604,0.03936402875852015
S236P,798.0,1.0,-11.067702538405516,0.9957052386782973
S236Q,1067.0,1473.0,-0.9766012889237521,0.04114457021206696
S236R,468.0,84.0,-3.9197012004934466,0.11881433676996932
S236T,342.0,288.0,-1.689714420572538,0.08045363931475391
S236V,795.0,768.0,-1.4916427278627742,0.05134888016462623
S236W,658.0,107.0,-4.062158704000234,0.10460138660468346
S236Y,664.0,757.0,-1.252687426988044,0.053886763030691974
S236_,819.0,0.0,-17.76338826302055,10.000064888870188
S241A,926.0,78.0,-5.011091611514986,0.1182183007075528
S241C,1049.0,8.0,-8.474805289316937,0.35478728856771624
S241D,779.0,0.0,-17.69114904393946,10.000068023562164
S241E,860.0,2.0,-10.182808939999749,0.7062237678593888
S241F,1070.0,36.0,-6.334877686329464,0.16965090591461782
S241G,725.0,118.0,-4.060886593922167,0.09964910822125428
S241H,1088.0,1.0,-11.514915624665338,0.9955375002489414
S241I,1176.0,1.0,-11.627124136010401,0.9955029573576762
S241K,1088.0,0.0,-18.17312710741713,10.000049795101068
S241L,556.0,1.0,-10.546406543653923,0.9959790831167017
S241M,748.0,0.0,-17.632564753288584,10.00007068354142
S241N,1005.0,1.0,-11.400433664580632,0.995575622530766
S241P,701.0,0.0,-17.53894222055525,10.000075165141281
S241Q,1075.0,0.0,-18.155785370996405,10.000050350833563
S241R,717.0,0.0,-17.571500435994352,10.000073573528818
S241T,1184.0,1.0,-11.636905073913049,0.9955000716543427
S241V,534.0,36.0,-5.332192070168393,0.17239339685981767
S241W,834.0,1.0,-11.131360395253868,0.9956780762842566
S241Y,1245.0,0.0,-18.367592620983896,10.000043999988275
S241_,903.0,123.0,-4.3177611776186895,0.09650711436110224
S267A,1089.0,2306.0,-0.3594132490280746,0.03779828010251625
S267C,948.0,2533.0,-0.023916226208880786,0.039069473052984895
S267D,836.0,684.0,-1.7312975987191983,0.052296464245295216
S267E,1133.0,4589.0,0.5762275396603638,0.03431197996375636
S267F,711.0,593.0,-1.7036082338408365,0.0562988231227333
S267G,662.0,5986.0,1.734874957604064,0.04188559045419897
S267H,1663.0,6281.0,0.4754049060123706,0.0289365626749067
S267I,752.0,56.0,-5.18879032954022,0.1387822737364139
S267K,450.0,6755.0,2.4661341228165083,0.04946722564500902
S267L,465.0,484.0,-1.3840197030344399,0.06552373389741506
S267M,519.0,949.0,-0.5711338628637002,0.05529258654797108
S267N,818.0,32.0,-6.1173187143100725,0.18038711614237188
S267P,1259.0,440.0,-2.958476341441206,0.05606911618106638
S267Q,730.0,2239.0,0.17507802335154654,0.043511671013874396
S267R,612.0,1400.0,-0.24798481557663,0.04924465598667811
S267T,1040.0,850.0,-1.7328404976096978,0.04706146263334599
S267V,568.0,105.0,-3.8771844245785614,0.10658438097233917
S267W,983.0,17.0,-7.294545863215622,0.24471008689588866
S267Y,691.0,806.0,-1.2197036671316352,0.05257976566655563
S267_,905.0,27.0,-6.508163004918211,0.19546119861062067
S275A,975.0,444.0,-2.5766196627058493,0.057919144804661364
S275C,891.0,430.0,-2.4928662294360855,0.05936871629349979
S275D,681.0,0.0,-17.49718317896875,10.000077259827558
S275E,768.0,1.0,-11.012420809101759,0.9957298185662068
S275F,861.0,18.0,-7.020954723596244,0.23824972296603275
S275G,1205.0,25.0,-7.032191067622646,0.2022144167234214
S275H,1464.0,5242.0,0.398399881397149,0.030832081735054247
S275I,1224.0,1.0,-11.684839152779917,0.9954862088406201
S275K,1161.0,31.0,-6.668297878676321,0.18216963624603297
S275L,1450.0,16.0,-7.942740548135719,0.251450606713474
S275M,757.0,82.0,-4.648235431996187,0.11658223165154731
S275N,1049.0,2903.0,0.026726294336628875,0.03707485820093302
S275P,758.0,3.0,-9.418104400364967,0.5776001668388504
S275Q,1721.0,82.0,-5.8331066489816115,0.11336438758518226
S275R,1412.0,0.0,-18.54918559678499,10.00003925020214
S275T,2110.0,28.0,-7.676958859084111,0.19040026751750574
S275V,1070.0,0.0,-18.149059570519743,10.000050568172469
S275W,682.0,0.0,-17.499300088918332,10.00007715217548
S275Y,1201.0,3.0,-10.082063777507239,0.5771787777258472
S275_,843.0,68.0,-5.07352576436183,0.12635956984594876
S279A,1559.0,0.0,-18.69206547280829,10.000035911335802
S279C,841.0,0.0,-17.801630150835088,10.000063291889965
S279D,875.0,1.0,-11.200595217980023,0.9956498627953146
S279E,1039.0,43.0,-6.0361884144748235,0.155851393410525
S279F,1434.0,1.0,-11.913278892712922,0.9954261149926421
S279G,1116.0,0.0,-18.209785245309206,10.000048642112704
S279H,817.0,0.0,-17.759860932646664,10.000065038314917
S279I,1013.0,9.0,-8.254700410887242,0.33474130867106366
S279K,1081.0,0.0,-18.16381515976601,10.000050092680752
S279L,1043.0,1.0,-11.453976798031897,0.9955574161147293
S279M,930.0,13.0,-7.601348178207116,0.2793134500233147
S279N,1326.0,1.0,-11.800315463535883,0.9954546435313726
S279P,1167.0,1.0,-11.616040731490976,0.9955062510547094
S279Q,948.0,1.0,-11.316197990531336,0.9956056681217746
S279R,849.0,0.0,-17.81528874249043,10.000062731689727
S279T,882.0,0.0,-17.870302208714442,10.000060528281569
S279V,687.0,1.0,-10.851626812004302,0.9958069030141911
S279W,850.0,9.0,-8.001603714157536,0.3350239445055784
S279Y,629.0,1.0,-10.724378666436344,0.9958742917892532
S279_,1185.0,0.0,-18.296334524538963,10.000046033395886
S299A,814.0,0.0,-17.754553713846697,10.000065263858936
S299C,957.0,0.0,-17.98804119575357,10.000056085665832
S299D,135.0,0.0,-15.162573465555358,10.000374175702266
S299E,1122.0,4.0,-9.57006239850416,0.5003444928833766
S299F,748.0,1.0,-10.974353270536792,0.9957473001346951
S299G,1469.0,1.0,-11.948068024866961,0.9954177694629447
S299H,355.0,0.0,-16.557366859279615,10.000144679821533
S299I,1201.0,14.0,-7.863442213836123,0.26886244675183846
S299K,1044.0,0.0,-18.113570821584734,10.000051731892837
S299L,1025.0,0.0,-18.087073275560737,10.000052619638538
S299M,939.0,17.0,-7.228480292236036,0.24480746386571375
S299N,1073.0,0.0,-18.15309881229063,10.000050437526065
S299P,1160.0,34.0,-6.533829242442716,0.17418947604801682
S299Q,918.0,0.0,-17.92801706512348,10.000058305232733
S299R,506.0,0.0,-17.068673092335295,10.000102651514648
S299T,988.0,0.0,-18.034032839850326,10.000054446392092
S299V,551.0,0.0,-17.191585697709662,10.000094581772558
S299W,997.0,48.0,-5.817995950191544,0.14801617556219906
S299Y,1883.0,30.0,-7.413248348842314,0.18420121023354577
S299_,1085.0,0.0,-18.169143630162072,10.000049922165053
S318A,634.0,1.0,-10.735801308813457,0.995867996970904
S318C,1105.0,3.0,-9.961875039686749,0.5772414383155619
S318D,1192.0,4.0,-9.657373203265806,0.5002921876679992
S318E,521.0,0.0,-17.110818259059485,10.00009980671485
S318F,1253.0,7.0,-8.923562585355214,0.3788511922681056
S318G,1415.0,4.0,-9.904789113115985,0.5001600370796917
S318H,1668.0,61.0,-6.214733213494967,0.1306409878440086
S318I,997.0,2.0,-10.39606347967121,0.7061106372796074
S318K,786.0,0.0,-17.704054863203602,10.000067451959824
S318L,767.0,1.0,-11.010541100374862,0.995730670999502
S318M,821.0,0.0,-17.766906990245996,10.000064740153558
S318N,1112.0,0.0,-18.204605052704455,10.000048803270419
S318P,1307.0,0.0,-18.437705470133828,10.000042094930839
S318Q,827.0,0.0,-17.777411970150716,10.000064298319444
S318T,1012.0,0.0,-18.068658836666742,10.000053246249736
S318V,930.0,0.0,-17.94675342492491,10.000057602461942
S318W,577.0,0.0,-17.258103517972092,10.000090492966486
S318Y,287.0,1.0,-9.59239671733107,0.9968249617457274
S318_,1147.0,27.0,-6.8500353356014525,0.19486393195421053
S333A,2960.0,261.0,-4.945219879683049,0.06516059262000089
S333C,1392.0,2.0,-10.8775531749841,0.7059090725839154
S333D,401.0,0.0,-16.73314540960179,10.000128524109101
S333E,1043.0,2.0,-10.461136589604763,0.7060793133147235
S333F,838.0,0.0,-17.796474655690922,10.000063504722563
S333G,870.0,71.0,-5.056732688049654,0.12372845657126412
S333H,1100.0,0.0,-18.188951929924887,10.000049293775819
S333I,1208.0,0.0,-18.324067688278404,10.00004523004863
S333K,1065.0,1.0,-11.484090784893134,0.9955474692460361
S333L,746.0,0.0,-17.628702165364253,10.000070862744254
S333M,655.0,2.0,-9.789972437119253,0.7064813708523707
S333N,1083.0,0.0,-18.16648185499369,10.000050007265456
S333P,646.0,0.0,-17.42106369342466,10.000081237617792
S333Q,1359.0,22.0,-7.3900479328573425,0.21505003776952186
S333R,1024.0,3.0,-9.852045418153281,0.5773034400435956
S333T,1259.0,0.0,-18.383725032891654,10.00004355341357
S333V,1007.0,1.0,-11.403301818010636,0.9955746300506922
S333W,2000.0,2.0,-11.400390813103346,0.7057543698855252
S333Y,1143.0,0.0,-18.244273316326137,10.000047583801088
S333_,704.0,0.0,-17.545103117482054,10.00007486120331
S337A,821.0,304.0,-2.875075830734499,0.0677065192122074
S337C,1001.0,0.0,-18.052891677464892,10.000053789171368
S337D,843.0,2.0,-10.154005249644843,0.7062403688981734
S337E,1557.0,1.0,-12.032002018324608,0.9953984437578012
S337F,1677.0,1.0,-12.139115099782602,0.9953753586304419
S337G,649.0,533.0,-1.7258729237693018,0.059107876107157634
S337H,2394.0,1.0,-12.652652986637213,0.9952856446275896
S337I,489.0,3.0,-8.785751487019958,0.5782280319034125
S337K,690.0,0.0,-17.51612446630082,10.000076302191909
S337L,1208.0,21.0,-7.28720724160536,0.22022939334543234
S337M,1621.0,1.0,-12.09011679893241,0.9953857064189146
S337N,795.0,7.0,-8.267209569317412,0.37945749889624986
S337P,1573.0,2.0,-11.05391144198563,0.7058505202799552
S337Q,971.0,1.0,-11.350781866581311,0.9955931200615132
S337R,983.0,0.0,-18.026713288879005,10.000054703797913
S337T,2181.0,1.0,-12.518220192869641,0.9953061380163876
S337V,1374.0,1.0,-11.85161631215502,0.9954414106030918
S337W,679.0,0.0,-17.492940017600933,10.000077476082968
S337Y,1410.0,1.0,-11.888929202540819,0.9954320770553914
S337_,1133.0,0.0,-18.231595885334585,10.000047969887179
S366A,758.0,9.0,-7.836340781311131,0.3352369765612941
S366C,1291.0,14.0,-7.967694226015791,0.26875447917699324
S366D,1780.0,3.0,-10.649700960262628,0.5769441077950956
S366E,1046.0,33.0,-6.427644511617103,0.17699338816683388
S366F,728.0,1.0,-10.935253980713386,0.9957657418830688
S366G,781.0,0.0,-17.69484821659443,10.000067859201677
S366H,1339.0,1.0,-11.814390543116815,0.995450965951936
S366I,770.0,0.0,-17.67438437792285,10.00006877375022
S366K,1104.0,0.0,-18.194188530771864,10.000049129089236
S366L,1113.0,0.0,-18.20590184566634,10.000048762872394
S366M,821.0,0.0,-17.766906990245996,10.000064740153558
S366N,1482.0,1.0,-11.960778990468565,0.9954147700743515
S366P,1673.0,7.0,-9.340610725566297,0.37858667794015793
S366Q,705.0,0.0,-17.547150917063487,10.000074760465466
S366R,1095.0,1.0,-11.524167853136774,0.9955345493108946
S366T,1357.0,7.0,-9.038596009035693,0.378770460702292
S366V,739.0,1.0,-10.956889599685653,0.9957554754380067
S366W,525.0,0.0,-17.121852098360332,10.000099075555493
S366Y,616.0,3.0,-9.118841290282159,0.5778633568527314
S366_,1223.0,43.0,-6.271415075059267,0.15538615442237072
S38A,475.0,2.0,-9.326413390409868,0.7068906930707183
S38C,396.0,0.0,-16.715044057475588,10.000130098356692
S38D,698.0,0.0,-17.532754901208005,10.000075471691853
S38E,667.0,53.0,-5.0951667615234975,0.14296988638626032
S38F,927.0,9.0,-8.126708801944368,0.334878072825338
S38G,609.0,140.0,-3.562730860763299,0.09413368918290677
S38H,505.0,222.0,-2.6274821108136326,0.08100157849282352
S38I,732.0,16.0,-6.956612960744826,0.2527921255821862
S38K,573.0,2988.0,0.9407579382283924,0.04643959995825867
S38L,702.0,8.0,-7.895340345123902,0.35545073006391265
S38M,856.0,103.0,-4.49663806874106,0.10465563201746696
S38N,676.0,90.0,-4.350682207281446,0.112543058604654
S38P,1283.0,0.0,-18.41096770590912,10.000042810531033
S38Q,1094.0,3236.0,0.12279532422860484,0.03605393542391865
S38R,376.0,368.0,-1.4728208779107126,0.0738486052837764
S38T,652.0,69.0,-4.681811569807971,0.12689037645946516
S38V,646.0,14.0,-6.968822452993843,0.27018946388213394
S38W,632.0,197.0,-3.1234733409894453,0.08206663889658933
S38Y,611.0,417.0,-1.9929088280107123,0.06412061879556506
S38_,427.0,0.0,-16.82377705215699,10.00012093231035
S50A,221.0,88.0,-2.770167102680067,0.12634802187087582
S50C,439.0,7.0,-7.410490364526239,0.3807991597890627
S50D,579.0,0.0,-17.263095460949877,10.000090193652733
S50E,331.0,0.0,-16.456381998264746,10.000154891403794
S50F,807.0,6.0,-8.510872565880819,0.4095183614945176
S50G,623.0,0.0,-17.368762516224937,10.000084094945098
S50H,294.0,12.0,-6.055351985719116,0.29451992609711175
S50I,569.0,0.0,-17.23796120316843,10.000091711262423
S50K,587.0,0.0,-17.282892276492017,10.000089016793455
S50L,506.0,1.0,-10.4104616095835,0.9960682962183324
S50M,577.0,7.0,-7.8048328839614705,0.3800831749399814
S50N,608.0,16.0,-6.688844655432068,0.2533425881910255
S50P,990.0,0.0,-18.036950293733568,10.000054344157771
S50Q,621.0,13.0,-7.018718449282855,0.2802695597747376
S50R,769.0,1.0,-11.0142980719148,0.9957289683491474
S50T,712.0,68.0,-4.829873523095981,0.12722024209606803
S50V,810.0,1.0,-11.089235432123154,0.9956959163632192
S50W,465.0,3398.0,1.4275616351462777,0.05021530226973753
S50Y,87.0,0.0,-14.528760319498382,10.000578469626069
S50_,570.0,0.0,-17.240494425432416,10.00009155710528
S55A,334.0,0.0,-16.46939849245276,10.000153534703315
S55C,1251.0,1.0,-11.71631712986541,0.9954773524919673
S55D,876.0,0.0,-17.86045453479166,10.000060916553544
S55E,275.0,0.0,-16.188991275259063,10.000185649612277
S55F,383.0,0.0,-16.66688925587406,10.000134383756517
S55G,1291.0,45.0,-6.283905617061057,0.15188373082038592
S55H,383.0,1.0,-10.008677773122265,0.9963868240248516
S55I,710.0,0.0,-17.55734654006043,10.000074261032703
S55K,721.0,0.0,-17.579526464905033,10.000073186663045
S55L,578.0,1.0,-10.602390165817802,0.9959447168777499
S55M,352.0,0.0,-16.54512360987271,10.000145880120305
S55N,731.0,0.0,-17.599398337890733,10.000072238021282
S55P,506.0,3.0,-8.835053415575594,0.5781686211232532
S55Q,969.0,1.0,-11.347807267243194,0.9955941875566838
S55R,1052.0,3.0,-9.890964032461625,0.5772809283436192
S55T,1091.0,48.0,-5.947980395370003,0.14772396942944355
S55V,862.0,0.0,-17.83721180175644,10.000061843541317
S55W,502.0,0.0,-17.057223298772584,10.000103438839668
S55Y,634.0,0.0,-17.394012791565252,10.000082702532508
S55_,749.0,0.0,-17.63449217610922,10.000070594298881
S79A,368.0,201.0,-2.314272510316046,0.08814187221493358
S79C,333.0,6.0,-7.233851516047996,0.411666198768527
S79D,580.0,0.0,-17.26558497001595,10.000090044769927
S79E,374.0,0.0,-16.63258404026867,10.000137525084494
S79F,519.0,12.0,-6.875249096139778,0.29200597110684245
S79G,379.0,2099.0,1.0276064046357245,0.05649480670553356
S79H,881.0,74.0,-5.015161089622346,0.12134061070950833
S79I,665.0,0.0,-17.46288323105072,10.000079026292116
S79K,704.0,0.0,-17.545103117482054,10.00007486120331
S79L,528.0,1.0,-10.471860966280644,0.99602696184747
S79M,564.0,2.0,-9.574176246855421,0.7066556808810067
S79N,290.0,0.0,-16.265609843425104,10.000176246059949
S79P,125.0,102.0,-1.7351277363084074,0.13371281107964947
S79Q,959.0,3.0,-9.75743337808692,0.5773607632296879
S79R,284.0,0.0,-16.235448923894527,10.000179888286167
S79T,276.0,0.0,-16.194227733553713,10.000184990910777
S79V,419.0,1.0,-10.13828038856225,0.9962742509412337
S79W,355.0,16.0,-5.912609266763357,0.2556454170559694
S79Y,410.0,0.0,-16.765166292923276,10.000125787219122
S79_,427.0,1.0,-10.165565569405196,0.9962518109055704
S81A,283.0,698.0,-0.13940014189787764,0.07101326341556498
S81C,759.0,2.0,-10.00257439811414,0.706333305749286
S81D,305.0,0.0,-16.338363739314598,10.00016776740929
S81E,531.0,2.0,-9.487194534930547,0.7067336392295523
S81F,331.0,0.0,-16.456381998264746,10.000154891403794
S81G,481.0,630.0,-1.0524869753796287,0.06118031179553879
S81H,221.0,0.0,-15.873618844396155,10.000230071225493
S81I,333.0,0.0,-16.46507269675918,10.000153984220793
S81K,810.0,0.0,-17.74744691487495,10.000065567183118
S81L,376.0,0.0,-16.64027822687939,10.000136814016004
S81M,417.0,0.0,-16.789589176196234,10.000123740200907
S81N,618.0,0.0,-17.35713737845847,10.000084744245726
S81P,340.0,0.0,-16.495084373883813,10.000150893125038
S81Q,316.0,0.0,-16.389477408524105,10.000162061292935
S81R,682.0,0.0,-17.499300088918332,10.00007715217548
S81T,425.0,0.0,-16.817003982554393,10.00012148331789
S81V,609.0,1.0,-10.677761630696804,0.9959005042497759
S81W,908.0,2.0,-10.261163690899416,0.7061802479321031
S81Y,446.0,37.0,-5.032883832842908,0.17128520629460706
S81_,428.0,0.0,-16.827151699998446,10.000120658737625
S92A,1206.0,74785.0,4.512640532175338,0.030320743495188825
S92C,302.0,21.0,-5.28724306938312,0.2257970916861773
S92D,634.0,1876.0,0.12329520097642543,0.0467664803995827
S92E,913.0,128.0,-4.276168961836582,0.0947837710429122
S92F,536.0,7.0,-7.698496478311344,0.38025752391040324
S92G,472.0,67.0,-4.258163928991061,0.13083783964477588
S92H,287.0,0.0,-16.250608200082866,10.000178048137862
S92I,1639.0,1107.0,-2.007951218550913,0.03987798781883767
S92K,533.0,0.0,-17.14366979611745,10.000097646158755
S92L,520.0,26.0,-5.763195879117116,0.20111336726487355
S92M,490.0,190.0,-2.8085306601956006,0.08590955057867501
S92N,336.0,109.0,-3.0658384998314636,0.11057290593590065
S92P,407.0,2.0,-9.103519745867477,0.7071394312314773
S92Q,272.0,85.0,-3.1197500419397315,0.12456505405820505
S92R,389.0,0.0,-16.68931443794863,10.000132370289204
S92T,256.0,7.0,-6.632436726326769,0.38293112314541217
S92V,487.0,159.0,-3.0566287143263198,0.0917554024335821
S92W,432.0,149.0,-2.9774503715001126,0.09540710419028726
S92Y,264.0,27.0,-4.730821847516966,0.20220745611665958
S92_,495.0,1.0,-10.378753383438163,0.9960903404869518
S97A,608.0,1424.0,-0.2140024959573772,0.04923156865314161
S97C,326.0,0.0,-16.434423414164463,10.000157208057901
S97D,345.0,0.0,-16.516145374470074,10.000148761994128
S97E,496.0,0.0,-17.03987640285025,10.00010464363683
S97F,519.0,0.0,-17.105269531845412,10.000100176520782
S97G,321.0,7.0,-6.958854802345398,0.3818969958079281
S97H,1147.0,1.0,-11.591101777358626,0.9955137553962214
S97I,561.0,3.0,-8.983914006272052,0.5780010452789053
S97K,406.0,0.0,-16.751022457271198,10.00012698863489
S97L,405.0,0.0,-16.74746472559501,10.000127292696789
S97M,398.0,0.0,-16.722311874870407,10.00012946391133
S97N,301.0,1.0,-9.661107129442566,0.9967436751584475
S97P,368.0,0.0,-16.60925216535697,10.000139704662418
S97Q,520.0,0.0,-17.108046563060107,10.000099991262243
S97R,354.0,0.0,-16.5532973097676,10.000145077660754
S97T,320.0,17.0,-5.675456758902596,0.24897920661411696
S97V,482.0,1.0,-10.34035879076308,0.9961176893102464
S97W,538.0,1.0,-10.498928701611586,0.9960092904755815
S97Y,414.0,0.0,-16.779172810947784,10.000124609018417
S97_,465.0,1.0,-10.288557454772816,0.9961557592012551
T113A,646.0,5.0,-8.452396900229452,0.4485817175928639
T113C,596.0,2.0,-9.653792041535812,0.7065883223703056
T113D,212.0,0.0,-15.813639510774147,10.00023967482505
T113E,476.0,131.0,-3.303109761370532,0.09904845590634317
T113F,451.0,0.0,-16.902666617867325,10.000114701394125
T113G,804.0,1.0,-11.078509158446732,0.9957005427473427
T113H,289.0,117.0,-2.7462823966863326,0.10992343373311474
T113I,575.0,0.0,-17.253094242125115,10.000090794362375
T113K,322.0,0.0,-16.416612687775746,10.000159113180139
T113L,559.0,0.0,-17.212381287273413,10.000093283168205
T113M,652.0,3.0,-9.20078161068926,0.5777857974464353
T113N,352.0,0.0,-16.54512360987271,10.000145880120305
T113P,307.0,5.0,-7.379126050896448,0.45048287048067986
T113Q,174.0,0.0,-15.52867741313736,10.000291175333981
T113R,625.0,0.0,-17.373386468648455,10.000083838133657
T113S,353.0,1.0,-9.891004765651426,0.996498161635834
T113V,176.0,0.0,-15.545164593780813,10.000287910388938
T113W,542.0,1.0,-10.50961518250923,0.9960024044210077
T113Y,432.0,4.0,-8.193113477203585,0.5017649999127352
T113_,385.0,2.0,-9.023351422678168,0.7072386925548224
T184A,1078.0,401.0,-2.8684552587108323,0.0591450241365341
T184C,673.0,440.0,-2.0548864459398626,0.061930064955706986
T184D,679.0,757.0,-1.2849152799076915,0.05357717960692569
T184E,442.0,2365.0,0.9779005528345159,0.052554911742182735
T184F,537.0,58.0,-4.652370245741822,0.13848236417866502
T184G,676.0,495.0,-1.891381734128303,0.05980154319569189
T184H,359.0,141.0,-2.7900213685751787,0.09976937735357592
T184I,717.0,360.0,-2.4357510755842933,0.06518570862421201
T184K,824.0,1484.0,-0.5930277536474895,0.04431955226935476
T184L,1220.0,567.0,-2.5472417050844283,0.05157613827881902
T184M,223.0,29.0,-4.384281019279693,0.19756460023614197
T184N,791.0,451.0,-2.2523313279168438,0.05965104826974309
T184P,574.0,388.0,-2.006776852335137,0.06630368310422285
T184Q,489.0,188.0,-2.8208493852702397,0.08625896634783219
T184R,422.0,129.0,-3.1515891038631088,0.10098388238579349
T184S,681.0,507.0,-1.8674565969478207,0.059308938666079614
T184V,484.0,492.0,-1.418144032992557,0.06461692759046533
T184W,975.0,218.0,-3.602817519890885,0.07542792162632471
T184Y,648.0,230.0,-2.936114307461338,0.07725036195875523
T184_,297.0,0.0,-16.300018701736633,10.000172182782919
T185A,735.0,1209.0,-0.7238044223212139,0.047586174743265715
T185C,430.0,113.0,-3.369714587741269,0.10607118864052864
T185D,530.0,833.0,-0.7894805817134181,0.05624960387348614
T185E,457.0,452.0,-1.457665859826255,0.0669124178572769
T185F,659.0,64.0,-4.805725959925045,0.13121273540839515
T185G,537.0,478.0,-1.6097029703833368,0.0634898768365073
T185H,205.0,158.0,-1.8174732344447824,0.10622297073902591
T185I,742.0,227.0,-3.150477595468784,0.07635167529380844
T185K,292.0,757.0,-0.06750023386820825,0.0694429411081884
T185L,545.0,372.0,-1.9927361145668359,0.06782126364614521
T185M,761.0,171.0,-3.5956295371020435,0.08507907928403927
T185N,398.0,116.0,-3.220350325066444,0.10587370562999014
T185P,839.0,811.0,-1.4907631189416817,0.05001706336518664
T185Q,993.0,747.0,-1.8524755066478855,0.049218946257017324
T185R,1099.0,276.0,-3.435206887230515,0.06789523006149986
T185S,933.0,4364.0,0.7838951420939231,0.03711795011898404
T185V,1572.0,39901.0,3.2239481488159405,0.027165890243108077
T185W,751.0,57.0,-5.161340027736448,0.13765579469455344
T185Y,323.0,10.0,-6.453859766810688,0.3210494893099754
T185_,389.0,0.0,-16.68931443794863,10.000132370289204
T197A,890.0,611.0,-1.9844203705519883,0.0532636142935929
T197C,597.0,346.0,-2.228736179774133,0.06813148319401424
T197D,570.0,26868.0,4.11696361487258,0.043224639628704195
T197E,900.0,1299.0,-0.9123952158586528,0.04424602899268861
T197F,572.0,1.0,-10.587336081910419,0.9959538274375431
T197G,650.0,363.0,-2.2822474383283335,0.06610581078913792
T197H,397.0,236.0,-2.1921221737865126,0.08266034200118276
T197I,644.0,31.0,-5.818072475587993,0.18405767646519094
T197K,478.0,235.0,-2.4661134694207814,0.08014948424143122
T197L,964.0,12.0,-7.768534872325914,0.29047904511384104
T197M,460.0,18.0,-6.116589953795891,0.24036507562947598
T197N,463.0,953.0,-0.4003468167436921,0.05732262032236737
T197P,569.0,337.0,-2.1974574229051322,0.06929289040202481
T197Q,487.0,370.0,-1.838181950547372,0.06951813351495524
T197R,1251.0,36691.0,3.432466575164668,0.030056680723272992
T197S,348.0,306.0,-1.627344779576382,0.07885520282031254
T197V,554.0,219.0,-2.7807100890461083,0.08029830897350955
T197W,653.0,11.0,-7.332013527314977,0.30403073325345414
T197Y,1113.0,44596.0,3.8825813618142746,0.03158612601127508
T197_,623.0,0.0,-17.368762516224937,10.000084094945098
T206A,765.0,219.0,-3.246276678020677,0.0771360441639281
T206C,546.0,422.0,-1.8134450046638682,0.06540547136275096
T206D,516.0,0.0,-17.09690622052157,10.000100736604635
T206E,512.0,0.0,-17.085679183525365,10.00010149359272
T206F,315.0,652.0,-0.39229835260522794,0.06917381373250985
T206G,700.0,1.0,-10.878671245025494,0.9957933300756974
T206H,518.0,4.0,-8.455028718381435,0.5013819088956966
T206I,515.0,1.0,-10.43589615870577,0.9960509600779763
T206K,423.0,0.0,-16.810198965145567,10.00012203953575
T206L,714.0,13.0,-7.220046229145724,0.2798951352155006
T206M,645.0,18.0,-6.604246257758945,0.2390645673392278
T206N,472.0,0.0,-16.968324620773974,10.000109769121726
T206P,477.0,144.0,-3.169645332136458,0.09548376634581668
T206Q,677.0,0.0,-17.4886843396994,10.000077693616083
T206R,760.0,0.0,-17.65552559719856,10.000069628130719
T206S,676.0,71.0,-4.692745292474196,0.12505433598219914
T206V,582.0,2.0,-9.619499446254,0.706616881095313
T206W,796.0,5.0,-8.753626957707171,0.4482564660209089
T206Y,866.0,315.0,-2.900780872812037,0.06637784852968681
T206_,575.0,0.0,-17.253094242125115,10.000090794362375
T211A,839.0,240.0,-3.247388305487748,0.07372360050625384
T211C,1022.0,518.0,-2.422152274973346,0.054641778627738294
T211D,274.0,0.0,-16.183735741266425,10.0001863131216
T211E,631.0,0.0,-17.387170064594205,10.000083077466925
T211F,693.0,5.0,-8.553716573065078,0.44846468570615544
T211G,415.0,0.0,-16.782653295714397,10.000124318016931
T211H,579.0,0.0,-17.263095460949877,10.000090193652733
T211I,338.0,9.0,-6.671189829285499,0.33767303563774004
T211K,399.0,0.0,-16.725932099702714,10.000129149073707
T211L,518.0,0.0,-17.102487144836356,10.000100362494589
T211M,321.0,1.0,-9.753913953604226,0.9966398411433944
T211N,874.0,2.0,-10.206105291198503,0.7062105810459424
T211P,963.0,0.0,-17.997057975185605,10.000055760150422
T211Q,390.0,0.0,-16.693018311618914,10.000132040734318
T211R,718.0,0.0,-17.573511133091838,10.000073476408273
T211S,926.0,539.0,-2.222510550778483,0.0548812390143712
T211V,959.0,6536.0,1.3269976103778505,0.03567262028263622
T211W,766.0,4.0,-9.019411995649032,0.5007582449557191
T211Y,551.0,0.0,-17.191585697709662,10.000094581772558
T211_,2051.0,1.0,-12.42955833397944,0.9953207371826484
T223A,591.0,145.0,-3.4688249646490013,0.0930853918818906
T223C,754.0,235.0,-3.1236563268793844,0.07522084643445592
T223D,866.0,0.0,-17.843890880089642,10.000061575629356
T223E,415.0,0.0,-16.782653295714397,10.000124318016931
T223F,1033.0,0.0,-18.098289511030572,10.000052241870609
T223G,693.0,0.0,-17.522383366260286,10.000075988507405
T223H,474.0,1.0,-10.316213208592664,0.9961352645782096
T223I,711.0,1.0,-10.901165563957438,0.9957822328110466
T223K,804.0,1.0,-11.078509158446732,0.9957005427473427
T223L,801.0,0.0,-17.73132744963334,10.000066260738798
T223M,907.0,984.0,-1.324240296259199,0.04685689717760102
T223N,300.0,25.0,-5.026228443511146,0.2083123230270445
T223P,510.0,0.0,-17.0800327308826,10.000101876539523
T223Q,822.0,56.0,-5.317194427825147,0.13837369751885628
T223R,1272.0,0.0,-18.398545303344935,10.000043147539069
T223S,478.0,72.0,-4.172566444118004,0.12671133291604642
T223V,1349.0,0.0,-18.48333633362347,10.000040903898885
T223W,347.0,308.0,-1.613794863910849,0.07877312022633465
T223Y,762.0,0.0,-17.659317126537893,10.000069455460673
T223_,604.0,0.0,-17.324079630969855,10.000086619476354
T229A,641.0,36.0,-5.595672175358834,0.17148439356872278
T229C,1332.0,0.0,-18.46504020423747,10.0000413769352
T229D,1371.0,0.0,-18.506674384843624,10.000040309147955
T229E,937.0,0.0,-17.95757164069886,10.000057200824948
T229F,795.0,11.0,-7.615881449763667,0.30358056996298305
T229G,595.0,1.0,-10.644209628378253,0.9959199010087793
T229H,181.0,0.0,-15.585576597952791,10.000280063676012
T229I,1368.0,86.0,-5.433225377065071,0.11150936804527424
T229K,1242.0,0.0,-18.364112080238836,10.00004409699267
T229L,437.0,1.0,-10.198962006150593,0.9962249155480283
T229M,327.0,0.0,-16.438841950100908,10.00015673905964
T229N,822.0,0.0,-17.768663140772503,10.000064666066619
T229P,994.0,0.0,-18.04276756168691,10.000054140923332
T229Q,625.0,2.0,-9.722334777469529,0.7065332317116526
T229R,588.0,5.0,-8.316681093225487,0.44875187470830397
T229S,947.0,1.0,-11.314675373171305,0.9956062275122126
T229V,443.0,61.0,-4.30201644549232,0.13683872370050226
T229W,750.0,89.0,-4.516665315150478,0.11244911555233908
T229Y,481.0,9.0,-7.180190787467634,0.33636816957303406
T229_,437.0,0.0,-16.857173488902387,10.000118252923697
T245A,727.0,630.0,-1.648395296543086,0.055132282668592866
T245C,964.0,1024.0,-1.3546850295068573,0.04572397513914062
T245D,1296.0,1.0,-11.76730065815908,0.9954634117772098
T245E,748.0,1.0,-10.974353270536792,0.9957473001346951
T245F,1095.0,1.0,-11.524167853136774,0.9955345493108946
T245G,694.0,36.0,-5.71028176251421,0.1711366722845724
T245H,1119.0,0.0,-18.21365821979888,10.00004852200051
T245I,1046.0,58.0,-5.614246030853737,0.13517106301858267
T245K,1198.0,0.0,-18.3120752414311,10.000045575539888
T245L,2603.0,2.0,-11.780564453809522,0.7056723062057422
T245M,861.0,62.0,-5.2372520153559154,0.1317750098420858
T245N,676.0,0.0,-17.48655178392997,10.000077802865322
T245P,1084.0,2.0,-10.516761665271414,0.7060536338178852
T245Q,789.0,0.0,-17.70955078116885,10.00006721009219
T245R,1812.0,1.0,-12.250814725328649,0.995353042159705
T245S,1395.0,4212.0,0.1524385812558431,0.03211000438285345
T245V,1214.0,6809.0,1.0458699302468526,0.032363188561002926
T245W,683.0,0.0,-17.50141389721269,10.000077044838628
T245Y,1134.0,0.0,-18.23286865322764,10.000047930972155
T245_,1082.0,1.0,-11.506937640771994,0.9955400600069532
T270A,822.0,767.0,-1.54170537403414,0.05096164715407299
T270C,978.0,124.0,-4.421187570678139,0.09572432058523178
T270D,821.0,1651.0,-0.43391765727411435,0.043594691338390584
T270E,4584.0,159897.0,3.6825941433962304,0.017355083939915437
T270F,777.0,56.0,-5.235971649007633,0.13862804433448317
T270G,519.0,694.0,-1.022600701529214,0.058689367681968745
T270H,593.0,207.0,-2.9601507882534444,0.08120216754122464
T270I,1180.0,1.0,-11.63202289383778,0.995501509616074
T270K,952.0,653.0,-1.9856664592599884,0.051561366862780976
T270L,785.0,1.0,-11.04400674535393,0.9957156593753226
T270M,762.0,2030.0,-0.028189817836012487,0.04337882488412422
T270N,1415.0,2733.0,-0.49211632648628667,0.033902817427681795
T270P,582.0,2626.0,0.73196174711242,0.04664530736618731
T270Q,512.0,1291.0,-0.10753853346704911,0.052957242129142885
T270R,756.0,2441.0,0.24920616628051206,0.04253464021640632
T270S,616.0,8.0,-7.706802534633151,0.35573036226966753
T270V,1079.0,88.0,-5.057691784540651,0.11120214008601896
T270W,896.0,239.0,-3.3482386693360127,0.0733265274841556
T270Y,1109.0,2567.0,-0.23097827473941646,0.03698727762100905
T270_,1116.0,0.0,-18.209785245309206,10.000048642112704
T294A,731.0,401.0,-2.3080477446772383,0.06275722303350925
T294C,524.0,67.0,-4.408940848002952,0.13003192541896094
T294D,1035.0,965.0,-1.5428237255045039,0.04559855516394251
T294E,1049.0,22465.0,2.9787845516565046,0.032780920193188054
T294F,1748.0,79342.0,4.062504786544441,0.025719216010857446
T294G,1139.0,9014.0,1.5425938208480114,0.032644894485296956
T294H,921.0,700.0,-1.837636105221586,0.05090295534994247
T294I,802.0,0.0,-17.733127421222008,10.000066182908371
T294K,2369.0,12776.0,0.9892863371274916,0.024024659322719473
T294L,932.0,24.0,-6.7204329420643605,0.20687933185542953
T294M,671.0,134.0,-3.7657884228498277,0.09502218556262218
T294N,223.0,93.0,-2.703445478435559,0.12374340890215293
T294P,658.0,28.0,-5.995890437113696,0.1931270675234762
T294Q,958.0,1057.0,-1.2999184112152422,0.04546086872272208
T294R,801.0,3.0,-9.497707772873639,0.5775388582491139
T294S,850.0,907.0,-1.3481561735257355,0.048536334078920176
T294V,795.0,1.0,-11.062268720576242,0.9957076132157507
T294W,1123.0,158.0,-4.2710778204259725,0.08541646618146592
T294Y,1247.0,1318.0,-1.3619065344388837,0.040465208200279754
T294_,656.0,0.0,-17.44322500291593,10.000080057794946
T314A,559.0,1232.0,-0.30172684666429106,0.051743152099570235
T314C,857.0,57.0,-5.351819948292091,0.1370562846004584
T314D,1420.0,6.0,-9.326115199632333,0.4088647291903544
T314E,1522.0,0.0,-18.657413128577872,10.000036690993094
T314F,1521.0,1.0,-11.998253446279035,0.9954060794851184
T314G,1486.0,114.0,-5.146006364663477,0.09757509266007516
T314H,1095.0,5.0,-9.213712542693361,0.4478736734547471
T314I,1287.0,8.0,-8.769800121683136,0.3545387639031403
T314K,555.0,0.0,-17.202020961671543,10.00009392779083
T314L,1309.0,25.0,-7.15162206723768,0.2020513246761381
T314M,678.0,7.0,-8.037543113819737,0.3797434030437801
T314N,764.0,0.0,-17.663098717518128,10.000069283694646
T314P,1331.0,0.0,-18.463956701215565,10.00004140513717
T314Q,1975.0,41223.0,2.9417231711115703,0.02464508365418096
T314R,853.0,1.0,-11.1638583678196,0.9956646646344434
T314S,1126.0,41.0,-6.2208949024261075,0.1592142688159772
T314V,1352.0,343.0,-3.420578096812724,0.06108847436455577
T314W,559.0,0.0,-17.212381287273413,10.000093283168205
T314Y,465.0,0.0,-16.94676893752461,10.000111363714348
T314_,1437.0,1.0,-11.916293909465088,0.9954253837349994
T334A,1546.0,75.0,-5.807117715063094,0.11855453361490928
T334C,1417.0,109.0,-5.142112364555418,0.09977964194717855
T334D,1268.0,7.0,-8.94073077996808,0.37883873213931424
T334E,1103.0,6.0,-8.961659980721375,0.40911215635481246
T334F,2057.0,153871.0,4.7832340128957505,0.023862874080227636
T334G,1267.0,32.0,-6.748556240414501,0.17918228841221656
T334H,1129.0,0.0,-18.2264935554006,10.000048126236635
T334I,2321.0,25.0,-7.977898687147008,0.20122536772181654
T334K,1160.0,0.0,-18.265572533150557,10.000046942731595
T334L,1046.0,85.0,-5.062915090082139,0.11311998527456746
T334M,1084.0,582.0,-2.3390570354057063,0.05212944995739284
T334N,1294.0,21.0,-7.386423610550997,0.22010445141206825
T334P,1255.0,1.0,-11.720922667781572,0.995476072842786
T334Q,751.0,0.0,-17.63833931386951,10.00007041652678
T334R,1082.0,1.0,-11.506937640771994,0.9955400600069532
T334S,1281.0,263.0,-3.725886995368149,0.06826101474047215
T334V,1460.0,3.0,-10.363793864609736,0.5770508086281391
T334W,1975.0,3.0,-10.799675572121666,0.5768960352377754
T334Y,1213.0,2.0,-10.678975043666792,0.7059841560718576
T334_,647.0,0.0,-17.423295206206404,10.000081117994363
T336A,1361.0,54.0,-6.097102124933544,0.1390202631223504
T336C,1213.0,17.0,-7.597859309182336,0.24431565339000344
T336D,647.0,0.0,-17.423295206206404,10.000081117994363
T336E,915.0,0.0,-17.92329470640718,10.0000584838056
T336F,635.0,9.0,-7.580903211437057,0.3356178853911937
T336G,1002.0,32.0,-6.410025235894899,0.1797638082578277
T336H,1335.0,11320.0,1.6421579625571048,0.03023561650808255
T336I,275.0,0.0,-16.188991275259063,10.000185649612277
T336K,678.0,1.0,-10.832602265078563,0.9958166044520851
T336L,1126.0,1.0,-11.56444344800153,0.9955219217990886
T336M,1115.0,33.0,-6.519804516659102,0.17682618186501436
T336N,1005.0,24.0,-6.829225459102009,0.20669088771126634
T336P,1043.0,7.0,-8.65891764677307,0.37906320216268213
T336Q,574.0,91.0,-4.09877370749995,0.11316681831561622
T336R,2169.0,2.0,-11.517420304070448,0.7057267693248805
T336S,1433.0,2196.0,-0.8259588696310751,0.03507133402929079
T336V,1281.0,26.0,-7.063866344774083,0.19825281985897772
T336W,1262.0,0.0,-18.387158632915177,10.00004345900805
T336Y,1420.0,22.0,-7.4533929504519625,0.21497653215888432
T336_,1031.0,0.0,-18.09549361662564,10.000052335762984
T36A,1163.0,336.0,-3.233082243260409,0.06255185878829203
T36C,685.0,142.0,-3.711927341154161,0.0926195747530281
T36D,285.0,3.0,-8.006900058445982,0.5794923275955939
T36E,698.0,5.0,-8.564088108012797,0.4484531613627097
T36F,717.0,130.0,-3.9051654609176776,0.09572456325968745
T36G,378.0,418.0,-1.296681760736531,0.07151583900034611
T36H,540.0,166.0,-3.1435107916974916,0.08917592932243838
T36I,1300.0,43.0,-6.3595015957456615,0.15523023879319994
T36K,609.0,40.0,-5.3698282001029956,0.16343976268361846
T36L,400.0,443.0,-1.2944916184212696,0.06952710400779724
T36M,234.0,29.0,-4.453742797865302,0.19703042675572266
T36N,608.0,757.0,-1.1255775102550825,0.0551587853858477
T36P,530.0,0.0,-17.135526776017933,10.000098177125823
T36Q,748.0,9531.0,2.229704825606953,0.03896917370523079
T36R,10.0,61.0,1.1658089401133456,0.3411270303208038
T36S,873.0,231.0,-3.3598376912444294,0.07450553326552513
T36V,1045.0,416.0,-2.770621451091131,0.058630302010649386
T36W,640.0,342.0,-2.3458507548748537,0.06755118061270864
T36Y,454.0,117.0,-3.397887059170433,0.10404647064630074
T36_,176.0,0.0,-15.545164593780813,10.000287910388938
T60A,515.0,130.0,-3.4277726663808883,0.09854045460171501
T60C,1051.0,106.0,-4.751298945715338,0.10228065988339868
T60D,1050.0,26.0,-6.7769876746608535,0.19868547615074655
T60E,625.0,24.0,-6.14396678041804,0.20814918325159368
T60F,564.0,180.0,-3.0894385044317563,0.0860526608605451
T60G,908.0,273.0,-3.175549206379424,0.0695771101042665
T60H,485.0,84.0,-3.971176337479605,0.1184987480944356
T60I,866.0,463.0,-2.3451351476710682,0.05823484304928795
T60K,1644.0,424.0,-3.3968436955721724,0.05516791685644691
T60L,715.0,653.0,-1.572653150749634,0.05483381489935482
T60M,502.0,151.0,-3.1748668301183693,0.0932248116170071
T60N,622.0,173.0,-3.2878771627829275,0.08639733336313232
T60P,264.0,0.0,-16.130099772025932,10.000193224663942
T60Q,289.0,40.0,-4.294481694698071,0.1689101380909349
T60R,930.0,130.0,-4.280418449848234,0.09404131314852915
T60S,616.0,125.0,-3.7427050816181557,0.09848606816723186
T60V,273.0,0.0,-16.17846099208721,10.000186981491572
T60W,293.0,70.0,-3.5071118071923593,0.13331662261738703
T60Y,532.0,44.0,-5.037344903342628,0.1570941368394374
T60_,545.0,1.0,-10.517578414301298,0.9959973061817416
V108A,394.0,32.0,-5.063432480234546,0.18399738959272977
V108C,451.0,2403.0,0.9718165087494528,0.052059444778949075
V108D,687.0,1.0,-10.851626812004302,0.9958069030141911
V108E,646.0,0.0,-17.42106369342466,10.000081237617792
V108F,253.0,0.0,-16.068701603249814,10.00020145838321
V108G,769.0,0.0,-17.672509554666593,10.00006885818836
V108H,403.0,1.0,-10.082111350379432,0.9963218020345114
V108I,692.0,263.0,-2.8374700484944135,0.07296573117009955
V108K,540.0,0.0,-17.162493319541305,10.000096430178086
V108L,512.0,235.0,-2.5652446572134666,0.07927811951957471
V108M,833.0,20741.0,3.196213707677051,0.03640706994633738
V108N,407.0,3.0,-8.520951760286703,0.578584177983372
V108P,419.0,0.0,-16.796491871314043,10.00012316790086
V108Q,507.0,0.0,-17.071521398409224,10.000102456624482
V108R,524.0,0.0,-17.119101539785866,10.000099257298851
V108S,355.0,7.0,-7.104096225268992,0.381506185686009
V108T,476.0,11777.0,3.187042799235941,0.0475657723467562
V108W,475.0,1.0,-10.319253598837003,0.9961330353120738
V108Y,456.0,0.0,-16.918572658029998,10.0001134858394
V108_,661.0,0.0,-17.454179293451766,10.000079481270065
V112A,607.0,0.0,-17.33122747985127,10.000086210359349
V112C,579.0,0.0,-17.263095460949877,10.000090193652733
V112D,279.0,0.0,-16.209824026565208,10.000183043136254
V112E,337.0,3.0,-8.24867891989189,0.5790250253000123
V112F,427.0,4.0,-8.17631862570207,0.5017920081419487
V112G,673.0,2.0,-9.829083446211383,0.7064524719578485
V112H,557.0,0.0,-17.207210424438244,10.000093604322233
V112I,300.0,1955.0,1.2622986757727261,0.06262207168793345
V112K,362.0,0.0,-16.585536746149938,10.00014195648905
V112L,505.0,0.0,-17.065819151737955,10.000102847176638
V112M,532.0,1.0,-10.48274907698538,0.9960198136174997
V112N,298.0,7.0,-6.851597304387548,0.38221164261383017
V112P,366.0,0.0,-16.601390261805864,10.000140447068201
V112Q,1227.0,1053.0,-1.6624226861408116,0.04291204006082629
V112R,580.0,0.0,-17.26558497001595,10.000090044769927
V112S,637.0,1.0,-10.74261173376355,0.9958642674938618
V112T,767.0,262.0,-2.9914183281690905,0.07209166031977633
V112W,447.0,0.0,-16.889814302042165,10.000115693416761
V112Y,888.0,1.0,-11.221871636235626,0.9956414608920299
V112_,530.0,2.0,-9.484475084839003,0.7067361530063015
V119A,567.0,20663.0,3.74573762233425,0.04346065216792003
V119C,402.0,442.0,-1.3049471958757008,0.06947436841068351
V119D,313.0,148.0,-2.5223089133474135,0.10013931126490747
V119E,342.0,766.0,-0.27847009878206386,0.06562128009979348
V119F,593.0,1473.0,-0.12915593021567418,0.049416490390279476
V119G,434.0,725.0,-0.7015222062640207,0.061320314720182796
V119H,285.0,2525.0,1.705409840727973,0.06309898696801333
V119I,215.0,40.0,-3.8677660429413345,0.1723992265970835
V119K,510.0,195.0,-2.8287722448941643,0.08464917794106137
V119L,290.0,343.0,-1.1996468270107803,0.08025159911544423
V119M,684.0,711.0,-1.385942382606557,0.05426980939225259
V119N,642.0,3919.0,1.1680267636601531,0.04346918358876664
V119P,416.0,0.0,-16.786125404056538,10.000124028414449
V119Q,329.0,823.0,-0.11901629034620864,0.06581237467774192
V119R,355.0,4013.0,2.056958366324304,0.05606074271736326
V119S,441.0,1002.0,-0.2577811844707094,0.05781272880567903
V119T,300.0,198.0,-2.0412321142918,0.0919797125177998
V119W,320.0,2262.0,1.3796215971466275,0.06036375023923188
V119Y,244.0,1270.0,0.9380328618327418,0.07044418622865266
V119_,343.0,0.0,-16.507757832802614,10.000149606990911
V153A,165.0,31.0,-3.8535428432098238,0.19592012688712296
V153C,458.0,97.0,-3.680968538064479,0.11210873913921111
V153D,316.0,248.0,-1.7913667363481869,0.08528392347074892
V153E,358.0,91.0,-3.417697722428845,0.11771922912661341
V153F,661.0,1907.0,0.0867735898756612,0.04597839511947764
V153G,512.0,39.0,-5.156050900500804,0.1663259897303006
V153H,438.0,1365.0,0.198080991106532,0.0556097434402847
V153I,594.0,594.0,-1.4417948163882928,0.05868340468953866
V153K,242.0,6.0,-6.7733526769922925,0.41303535810114145
V153L,538.0,115.0,-3.6676684973557014,0.1031037967713745
V153M,797.0,196.0,-3.4654653827067126,0.08020763819361289
V153N,489.0,588.0,-1.1758180937472584,0.061825517443028964
V153P,657.0,431.0,-2.0499888034685494,0.06260170871185719
V153Q,371.0,336.0,-1.5847487196515786,0.07581716390258258
V153R,599.0,10.0,-7.344861024973881,0.3188201944879319
V153S,550.0,831.0,-0.8463868277637401,0.055662366245958335
V153T,458.0,552.0,-1.1724795117119182,0.06380999238575298
V153W,171.0,4.0,-6.8561294602582326,0.5052731589505346
V153Y,456.0,951.0,-0.3813997671796123,0.0576302292285581
V153_,603.0,1.0,-10.663477640403817,0.9959087069072329
V174A,679.0,4347.0,1.23672387127723,0.04218495989105344
V174C,694.0,684.0,-1.4627338501652867,0.05458629553100547
V174D,653.0,9.0,-7.621228985065807,0.33555321002987404
V174E,791.0,94.0,-4.514604617910833,0.10944481751660412
V174F,922.0,1587.0,-0.6583379006718797,0.04232609111276857
V174G,748.0,988.0,-1.0403267298265533,0.04925252612045341
V174H,220.0,41.0,-3.8653162669174312,0.1703124768121168
V174I,491.0,87.0,-3.938294099859468,0.1166462410336556
V174K,407.0,96.0,-3.5256024736436764,0.11379507503257939
V174L,699.0,485.0,-1.9690934179727932,0.059742808422977085
V174M,802.0,542.0,-2.0070955723492796,0.05629073598277931
V174N,1079.0,137.0,-4.4191499511572285,0.09111700220105841
V174P,358.0,57.0,-4.092507795475549,0.14286635603592188
V174Q,363.0,140.0,-2.8162742345910834,0.09986935128015376
V174R,272.0,123.0,-2.586678904071242,0.10900711491792128
V174S,538.0,433.0,-1.755027461654497,0.06515299148635846
V174T,637.0,852.0,-1.022240473573767,0.05310672758247357
V174W,699.0,296.0,-2.681461996527138,0.06989745522980381
V174Y,523.0,354.0,-2.0048432337581543,0.06937999418570708
V174_,529.0,0.0,-17.132802190137248,10.000098355453105
V175A,318.0,643.0,-0.42602577463756397,0.06911248997947736
V175C,585.0,373.0,-2.091041794213967,0.06683607607089788
V175D,522.0,2.0,-9.46253294912528,0.7067566096090389
V175E,513.0,2.0,-9.437442453027394,0.7067803851647539
V175F,709.0,452.0,-2.091246101698366,0.060823951524006464
V175G,568.0,339.0,-2.1863833153454646,0.06918882265361503
V175H,423.0,4.0,-8.162740538690647,0.5018140733500139
V175I,546.0,74.0,-4.324930068805721,0.12417709611464575
V175K,697.0,92.0,-4.363111598532384,0.11126490380395984
V175L,501.0,197.0,-2.7883653547557845,0.08454967722454491
V175M,493.0,422.0,-1.6661345406721022,0.06689367547719036
V175N,771.0,9842.0,2.2323366888050384,0.038410943779003656
V175P,973.0,3050.0,0.20649261909715877,0.0378470837139596
V175Q,232.0,2.0,-8.292642493902575,0.708448581166884
V175R,853.0,79.0,-4.874250304551366,0.11792260277065293
V175S,635.0,2143.0,0.3129925493130177,0.04602398322240673
V175T,663.0,201.0,-3.163558171176777,0.08099348770168621
V175W,514.0,158.0,-3.1435753782056555,0.09138378475422669
V175Y,273.0,130.0,-2.5121260170105346,0.1069176356611078
V175_,505.0,0.0,-17.065819151737955,10.000102847176638
V203A,430.0,113.0,-3.369714587741269,0.10607118864052864
V203C,1013.0,301.0,-3.1925599108947127,0.06622764644531612
V203D,900.0,458.0,-2.416356749816388,0.05806248796840868
V203E,335.0,390.0,-1.2224878611583838,0.07500545076156705
V203F,582.0,80.0,-4.304586527160847,0.1195550774045601
V203G,486.0,103.0,-3.6799964169078576,0.10882169587497992
V203H,745.0,332.0,-2.607827911279551,0.06656588191369103
V203I,1138.0,141122.0,5.512491152788636,0.031025928977159164
V203K,270.0,14.0,-5.710278794943214,0.27414950168416197
V203L,1324.0,293.0,-3.617687027321972,0.06515312279344224
V203M,602.0,508.0,-1.6867253719815283,0.060879901973478236
V203N,661.0,279.0,-2.686150083274854,0.07192866359690889
V203P,909.0,5882.0,1.25214634988604,0.03670017877134437
V203Q,712.0,583.0,-1.730171690739339,0.05653765473696034
V203R,843.0,588.0,-1.9615038707913692,0.0544396197630883
V203S,750.0,1122.0,-0.8606910187811128,0.047972580825140165
V203T,683.0,366.0,-2.3418184517951177,0.06536871190635693
V203W,820.0,76.0,-4.873175180377591,0.1202183691764127
V203Y,631.0,46.0,-5.219438323490961,0.15295738558296923
V203_,875.0,1.0,-11.200595217980023,0.9956498627953146
V213A,556.0,74.0,-4.351113525384439,0.12404439412878827
V213C,1151.0,58835.0,4.233907802650481,0.0310257017123775
V213D,893.0,5.0,-8.919516733598137,0.44810423117124376
V213E,355.0,0.0,-16.557366859279615,10.000144679821533
V213F,729.0,46.0,-5.427714059306407,0.1522593976132228
V213G,947.0,9.0,-8.15750356010956,0.3348440557977129
V213H,462.0,1.0,-10.279219791654715,0.996162768084296
V213I,1056.0,264.0,-3.441753831704,0.06936491435986773
V213K,1006.0,2.0,-10.409028245623318,0.7061042833865386
V213L,739.0,1329.0,-0.5951086479342305,0.046716129439272114
V213M,777.0,4.0,-9.03998193550007,0.5007397913373167
V213N,495.0,474.0,-1.504334991233792,0.06485843541262644
V213P,1061.0,1.0,-11.478662061764652,0.9955492470934012
V213Q,721.0,1.0,-10.921314982153241,0.9957724381193596
V213R,1496.0,2.0,-10.981503418522923,0.7058736982223872
V213S,513.0,1.0,-10.430282661454529,0.9960547600125621
V213T,494.0,214.0,-2.6486568515482576,0.08230264072060073
V213W,624.0,2.0,-9.720024653773915,0.7065350462173556
V213Y,720.0,6.0,-8.346302959073483,0.4097011300718135
V213_,634.0,0.0,-17.394012791565252,10.000082702532508
V22A,509.0,0.0,-17.077201195674256,10.000102069141425
V22C,578.0,825.0,-0.9284776625550579,0.054945206302573046
V22D,592.0,0.0,-17.295128741434805,10.00008829740806
V22E,586.0,0.0,-17.2804324797445,10.000089162143645
V22F,551.0,1.0,-10.53337421495787,0.9959872761726651
V22G,942.0,390.0,-2.714026075697869,0.06084728405753315
V22H,706.0,0.0,-17.549195814063424,10.000074660012993
V22I,281.0,0.0,-16.220128666930947,10.000181767724149
V22K,1010.0,1.0,-11.407593385088983,0.9955731486985698
V22L,667.0,0.0,-17.46721558679627,10.000078800849481
V22M,883.0,18.0,-7.0573545063748755,0.23818898757627946
V22N,467.0,0.0,-16.952960638369355,10.000110903238665
V22P,686.0,0.0,-17.5077368027225,10.000076724705654
V22Q,655.0,1.0,-10.782812645546388,0.9958426077706707
V22R,3033.0,0.0,-19.652185545439554,10.000020325018127
V22S,574.0,0.0,-17.250583066679717,10.000090945847923
V22T,996.0,0.0,-18.04566742304835,10.000054039918256
V22W,278.0,0.0,-16.204643973458243,10.000183687723716
V22Y,732.0,1.0,-10.943159070509289,0.9957619729425987
V22_,203.0,0.0,-15.751057990319016,10.000250129922874
V233A,1476.0,314386.0,6.292895897574441,0.02752232347780098
V233C,972.0,391.0,-2.755560468052394,0.06052330666736848
V233D,895.0,1.0,-11.233199514970453,0.9956370378578911
V233E,950.0,1.0,-11.319238412813194,0.9956045528729158
V233F,1167.0,0.0,-18.27425221424277,10.00004668419043
V233G,539.0,1447.0,-0.01710386828792032,0.05121648834460195
V233H,910.0,0.0,-17.915389594953623,10.00005878404346
V233I,637.0,249.0,-2.7969071562760774,0.07524979964013177
V233K,783.0,0.0,-17.69853792856042,10.00006769568082
V233L,912.0,0.0,-17.9185568392656,10.000058663553272
V233M,986.0,237.0,-3.4984491636650272,0.07287122240429432
V233N,444.0,2.0,-9.229047674099839,0.7069946496540797
V233P,916.0,0.0,-17.92487054411985,10.000058424151346
V233Q,662.0,48.0,-5.227240985123492,0.1497208751687005
V233R,1029.0,53.0,-5.720643468076057,0.14111331747860845
V233S,1425.0,41310.0,3.4156526445117517,0.028332877913371433
V233T,775.0,10.0,-7.716495862788407,0.3182250793592378
V233W,756.0,1.0,-10.989701030773821,0.9957401965517005
V233Y,1902.0,44.0,-6.875344465756523,0.15272414185192013
V233_,917.0,0.0,-17.926444662442634,10.000058364627199
V25A,649.0,29.0,-5.9254133233004636,0.1899696705336401
V25C,345.0,83.0,-3.497075945138965,0.12256428259949884
V25D,920.0,0.0,-17.931156738490003,10.000058186831149
V25E,849.0,3.0,-9.581669065730729,0.5774777496588586
V25F,456.0,0.0,-16.918572658029998,10.0001134858394
V25G,451.0,8.0,-7.257008185458618,0.35656414024347166
V25H,1532.0,28.0,-7.215134737052191,0.1908692424704471
V25I,228.0,0.0,-15.918604295038449,10.000223125903512
V25K,661.0,0.0,-17.454179293451766,10.000079481270065
V25L,826.0,0.0,-17.775666443518393,10.000064371512712
V25M,592.0,0.0,-17.295128741434805,10.00008829740806
V25N,746.0,10.0,-7.661475906528259,0.31830387966012746
V25P,758.0,0.0,-17.65172407712467,10.000069801711938
V25Q,573.0,3.0,-9.014447835864445,0.5779687527576006
V25R,435.0,0.0,-16.85055576192114,10.000118778946096
V25S,876.0,3.0,-9.626834858031959,0.5774463164684335
V25T,517.0,1.0,-10.441487898582801,0.9960471895283736
V25W,503.0,0.0,-17.0600942774934,10.000103240834498
V25Y,704.0,0.0,-17.545103117482054,10.00007486120331
V25_,760.0,1.0,-10.99731411444677,0.9957367008217783
V280A,601.0,0.0,-17.316896191583663,10.000087032677637
V280C,975.0,62.0,-5.416639037449719,0.13125874077059227
V280D,1044.0,1.0,-11.455359338832942,0.9955569548920415
V280E,822.0,62.0,-5.1703779666258995,0.13198392604728648
V280F,1242.0,1941.0,-0.797664055028529,0.037378302463427555
V280G,828.0,2.0,-10.12810369623135,0.7062555826293855
V280H,757.0,1.0,-10.99160807132974,0.9957393191570144
V280I,557.0,448.0,-1.7559671099510155,0.06406393868662512
V280K,841.0,0.0,-17.801630150835088,10.000063291889965
V280L,1227.0,1636.0,-1.0267602565649354,0.03876890238332395
V280M,861.0,182.0,-3.683807092748447,0.08205135960663261
V280N,668.0,0.0,-17.469376895706567,10.000078688634387
V280P,966.0,0.0,-18.00154531965276,10.000055598909075
V280Q,651.0,0.0,-17.432186900372592,10.000080643175645
V280R,1009.0,2.0,-10.413324072285608,0.7061021905982879
V280S,553.0,0.0,-17.196812764679763,10.000094253599114
V280T,1050.0,471.0,-2.5983682890735373,0.05614502968106017
V280W,1268.0,296.0,-3.5406431197009884,0.06514366326030671
V280Y,53.0,0.0,-13.813843641661064,10.000947013184085
V280_,1054.0,5.0,-9.158657052348829,0.4479133301283528
V282A,647.0,0.0,-17.423295206206404,10.000081117994363
V282C,661.0,0.0,-17.454179293451766,10.000079481270065
V282D,995.0,1.0,-11.38600673821702,0.9955806447634072
V282E,902.0,1.0,-11.244439140979727,0.9956326834539947
V282F,1307.0,76.0,-5.545731951108272,0.11831341450324474
V282G,814.0,4.0,-9.107095287391779,0.500681375768644
V282H,559.0,0.0,-17.212381287273413,10.000093283168205
V282I,1273.0,374.0,-3.208889819172012,0.05946478274308069
V282K,1304.0,0.0,-18.43439022396395,10.000042182940348
V282L,787.0,6.0,-8.474667982418978,0.40955680713220266
V282M,722.0,4030.0,1.038897878236467,0.04135161437908612
V282N,859.0,16.0,-7.187424529740327,0.2523923295231197
V282P,1085.0,1.0,-11.510932147410276,0.9955387765899667
V282Q,992.0,0.0,-18.039861859773374,10.00005424233568
V282R,799.0,1.0,-11.069509272484542,0.9957044511270282
V282S,1138.0,1.0,-11.57973704312292,0.9955172183860075
V282T,238.0,0.0,-15.980529385636213,10.000213912684071
V282W,1057.0,0.0,-18.131424316440842,10.000051142876462
V282Y,1463.0,2.0,-10.949323230298996,0.7058843782375122
V282_,1243.0,2.0,-10.714221502546932,0.7059700644287629
V284A,1050.0,76.0,-5.229864839578289,0.11910218657273018
V284C,698.0,232.0,-3.030855532514795,0.07628629351255488
V284D,748.0,0.0,-17.632564753288584,10.00007068354142
V284E,800.0,29.0,-6.227190649315045,0.18920267384425804
V284F,870.0,8.0,-8.204880747096716,0.355063589299078
V284G,450.0,2.0,-9.248412565734707,0.706973412479639
V284H,1166.0,1.0,-11.614803969586458,0.9955066201589883
V284I,430.0,41.0,-4.832117378082602,0.16366618199225155
V284K,1156.0,2.0,-10.609537477491696,0.7060129443094745
V284L,1267.0,138.0,-4.6403780160758945,0.09006612462356486
V284M,724.0,164.0,-3.5840206589149526,0.08692054354209185
V284N,1035.0,519.0,-2.437605282107768,0.05449508868548081
V284P,1088.0,10.0,-8.20590084858114,0.31764131406512724
V284Q,777.0,0.0,-17.68744036195499,10.000068188768768
V284R,534.0,0.0,-17.146373954358673,10.000097470495461
V284S,905.0,340.0,-2.8541513719316587,0.06420938744206367
V284T,594.0,863.0,-0.902904758489929,0.054027805512480126
V284W,771.0,2.0,-10.02520507677571,0.7063187900313939
V284Y,723.0,0.0,-17.583522797264393,10.000072994835383
V284_,672.0,0.0,-17.477989897458244,10.000078243113686
V287A,972.0,703.0,-1.9092207615548977,0.050279679535745185
V287C,773.0,128.0,-4.036025377628846,0.09582447142094536
V287D,951.0,241.0,-3.422162319611158,0.07264650289327361
V287E,1344.0,1794.0,-1.0251507567899951,0.0371247609876089
V287F,886.0,2.0,-10.225778486686956,0.7061996095618328
V287G,914.0,8.0,-8.276058713135669,0.3549856621100365
V287H,727.0,153.0,-3.6901440812650934,0.089374564357112
V287I,1725.0,31.0,-7.239522205528559,0.18139504990590893
V287K,806.0,7.0,-8.28703430001152,0.3794348785383
V287L,938.0,74.0,-5.105605998119275,0.12105605985175964
V287M,519.0,8.0,-7.459611099436702,0.35615654636639793
V287N,408.0,331.0,-1.7435245259973007,0.07449008247944097
V287P,1373.0,1.0,-11.850565941131427,0.9954416768537248
V287Q,756.0,1.0,-10.989701030773821,0.9957401965517005
V287R,839.0,251.0,-3.1827379814414316,0.0724746937387175
V287S,580.0,101.0,-3.963374463467149,0.10817076040500853
V287T,646.0,257.0,-2.771526819554361,0.07426747701499219
V287W,573.0,78.0,-4.3186241549399496,0.12099931784367637
V287Y,758.0,435.0,-2.2429631315918215,0.060785169571147726
V287_,820.0,4.0,-9.117690272948227,0.5006723991076916
V28A,336.0,74.0,-3.624506864633969,0.12870347630529835
V28C,682.0,1.0,-10.84108860616654,0.9958122611029868
V28D,439.0,213.0,-2.485127457964661,0.08395988934338774
V28E,504.0,281.0,-2.2846257037379116,0.07496315854994039
V28F,1386.0,11.0,-8.41777420375344,0.3026959070778705
V28G,491.0,106.0,-3.653346861745452,0.10745457669188627
V28H,946.0,11.0,-7.866763876333559,0.30324971215832297
V28I,231.0,13.0,-5.5920572538402675,0.28507817005684644
V28K,449.0,266.0,-2.1970619109269034,0.07786638788797788
V28L,2.0,0.0,-9.09284650756722,10.02484858903677
V28M,592.0,6755.0,2.0704696382953376,0.04374921974710744
V28N,520.0,119.0,-3.5692513801936707,0.10199260013428446
V28P,469.0,364.0,-1.8074354155306,0.07039973918501402
V28Q,951.0,423.0,-2.6105635584814024,0.059095848099055576
V28R,576.0,74.0,-4.402096553155537,0.12379242255548542
V28S,515.0,91.0,-3.9422982822777994,0.11404520467490478
V28T,661.0,889.0,-1.014267266647872,0.05210065698421538
V28W,421.0,140.0,-3.030119444427891,0.09795092020942375
V28Y,608.0,3.0,-9.099982571188622,0.5778818380203489
V28_,1016.0,0.0,-18.07434989261964,10.000053051738409
V297A,828.0,11890.0,2.4021631103653664,0.03699478886020185
V297C,469.0,372.0,-1.7760720969524915,0.06997889527730726
V297D,844.0,0.0,-17.806767288312074,10.000063080570374
V297E,522.0,24.0,-5.88416495207379,0.2089061516601581
V297F,836.0,400.0,-2.505278948783765,0.06142386135545262
V297G,1081.0,127.0,-4.5311606896565335,0.09420855544966528
V297H,1254.0,204.0,-4.0616318933062505,0.07599972113197483
V297I,916.0,999.0,-1.3166590452331866,0.046577649375759644
V297K,868.0,4.0,-9.199760432967445,0.5006050482817579
V297L,837.0,184.0,-3.627255504069928,0.08189024004098636
V297M,535.0,65.0,-4.482627114647126,0.1316364999836764
V297N,923.0,316.0,-2.9881708820871262,0.06576217760413866
V297P,1470.0,0.0,-18.60726126010534,10.000037853067495
V297Q,1084.0,110.0,-4.742466305017521,0.10044589954919872
V297R,1235.0,2.0,-10.704906323150055,0.7059737552879256
V297S,918.0,52.0,-5.583443742527282,0.14280469099829604
V297T,780.0,257.0,-3.043462942014032,0.07245501593448235
V297W,1377.0,1620.0,-1.2073311343039377,0.03768668969847853
V297Y,982.0,1116.0,-1.2572544828775234,0.04462246283161169
V297_,639.0,0.0,-17.40534570432053,10.000082085465015
V301A,542.0,0.0,-17.16782666526102,10.000096088523922
V301C,1005.0,0.0,-18.058645147332427,10.00005359037023
V301D,1560.0,0.0,-18.69299056792812,10.000035890777266
V301E,778.0,0.0,-17.689295894668092,10.000068106059294
V301F,556.0,0.0,-17.20461802640572,10.00009376576565
V301G,936.0,2.0,-10.304979447893714,0.7061569214889323
V301H,1296.0,3.0,-10.191892464151172,0.5771259029946543
V301I,654.0,466.0,-1.9307465978317708,0.061251127398661905
V301K,933.0,0.0,-17.951399739901262,10.000057429593847
V301L,778.0,1.0,-11.031084411916298,0.9957214147166319
V301M,1091.0,0.0,-18.177099616028595,10.00004966873587
V301N,804.0,0.0,-17.736720641198524,10.000066027828336
V301P,622.0,0.0,-17.366444970561204,10.000084223970129
V301Q,683.0,2.0,-9.850362206033761,0.7064370747061777
V301R,1279.0,1.0,-11.748251352116167,0.9954685629985026
V301S,1322.0,1.0,-11.795956897850719,0.9954557896425006
V301T,822.0,1.0,-11.11045165802071,0.9956868661457149
V301W,725.0,3.0,-9.35388841341032,0.5776521446709422
V301Y,585.0,23.0,-6.109923213652605,0.2127099745761347
V301_,1235.0,0.0,-18.355958014328984,10.000044325168984
V302A,1076.0,0.0,-18.157126776603814,10.000050307608165
V302C,1442.0,130.0,-4.9131814851124505,0.0919890634275482
V302D,858.0,0.0,-17.83050165819209,10.000062113951257
V302E,676.0,7.0,-8.033281149919345,0.37974914840391943
V302F,1200.0,3.0,-10.080862042307777,0.5771793787998374
V302G,757.0,3.0,-9.416199877321834,0.5776016754092279
V302H,1271.0,1.0,-11.739199189237311,0.9954710347738425
V302I,687.0,9.0,-7.6944549989425575,0.33544026224154544
V302K,759.0,6.0,-8.422404908581884,0.40961402817933357
V302L,956.0,4.0,-9.339074478562228,0.5004991189483553
V302M,1148.0,1.0,-11.592359017062149,0.9955133739705258
V302N,962.0,0.0,-17.99555908668506,10.000055814121016
V302P,973.0,1.0,-11.353750345403302,0.9955920569536294
V302Q,918.0,0.0,-17.92801706512348,10.000058305232733
V302R,819.0,1.0,-11.105176780268756,0.9956891038448148
V302S,2062.0,0.0,-19.095486620095347,10.000028087910655
V302T,951.0,0.0,-17.978967707238677,10.00005641528864
V302W,1052.0,2.0,-10.473532018042398,0.7060735049688196
V302Y,831.0,0.0,-17.784373033780057,10.000064007307913
V302_,953.0,1.0,-11.323787065699673,0.9956028887740924
V353A,1353.0,3878.0,0.07734920504586684,0.03276816065742007
V353C,638.0,896.0,-0.9518590192759779,0.052537870400804286
V353D,387.0,61.0,-4.10704802542979,0.1380270389300215
V353E,573.0,2459.0,0.6596505637336776,0.04720840250333312
V353F,1018.0,105.0,-4.718947923599958,0.10286888015326252
V353G,1349.0,0.0,-18.48333633362347,10.000040903898885
V353H,1200.0,13749.0,2.0764145911114036,0.031350505577607976
V353I,1083.0,632.0,-2.218822089769281,0.05081733223223039
V353K,866.0,2590.0,0.13870726249936904,0.0402195881884909
V353L,1019.0,433.0,-2.6764907774998496,0.05803064213775976
V353M,1467.0,77650.0,4.284240683606423,0.02777286826557301
V353N,1085.0,1355.0,-1.1211996569895275,0.04167070585942262
V353P,1275.0,0.0,-18.401943853120088,10.000043055051094
V353R,1167.0,5698.0,0.8458464137859121,0.03330444197865571
V353S,1059.0,2926.0,0.024423671236180944,0.036916605745478566
V353T,769.0,2388.0,0.19293979779680548,0.042378381565169765
V353W,1257.0,224.0,-3.93015590140204,0.07305080660535089
V353Y,1111.0,8117.0,1.4272817722763804,0.03316738282075024
V353_,1342.0,1.0,-11.817619229906978,0.995450127396078
V365A,1262.0,285.0,-3.5884337140977864,0.06616517867444033
V365C,525.0,267.0,-2.417245944387762,0.07567495628706102
V365D,1333.0,1.0,-11.807911411378136,0.9954526543847589
V365E,1301.0,0.0,-18.431067341962258,10.000042271355737
V365F,1093.0,1074.0,-1.4670939905679008,0.043849629888128024
V365G,865.0,144.0,-4.028342632251989,0.09042573486433506
V365H,583.0,29.0,-5.770693245008878,0.19042821182788375
V365I,742.0,2.0,-9.969894134803265,0.7063546728410828
V365K,830.0,0.0,-17.782635914160558,10.000064079797836
V365L,661.0,7.0,-8.000908659441146,0.3797933439020956
V365M,1187.0,275.0,-3.5515709210113537,0.06749429307094187
V365N,797.0,0.0,-17.72410502160882,10.000066574013555
V365P,826.0,2.0,-10.124614752339465,0.7062576528497806
V365Q,966.0,37.0,-6.14784589935254,0.16772508957078475
V365R,1390.0,0.0,-18.526530552837563,10.00003981065007
V365S,726.0,88.0,-4.486044874138342,0.11321012315861435
V365T,1088.0,2515.0,-0.23292249659893116,0.03732984374560197
V365W,1061.0,162.0,-4.153078299356165,0.08480419787642922
V365Y,1448.0,0.0,-18.58550685657536,10.00003836983974
V365_,1035.0,1.0,-11.442868514813092,0.995561137973158
V370A,711.0,99.0,-4.286018517442533,0.10762543928446235
V370C,997.0,500.0,-2.4374458428010426,0.055495533777665064
V370D,1666.0,10.0,-8.82060609230068,0.31713897851704564
V370E,1334.0,6.0,-9.235983591401286,0.40892024399772253
V370F,1066.0,361.0,-3.003905082623363,0.0615213717055703
V370G,1157.0,65.0,-5.59539068567613,0.12776283086751436
V370H,1109.0,31.0,-6.602189854625869,0.1822804500500504
V370I,915.0,2092.0,-0.24876448415419095,0.040591732158986885
V370K,668.0,0.0,-17.469376895706567,10.000078688634387
V370L,1079.0,84799.0,4.854472464973506,0.03186476678350075
V370M,670.0,1078.0,-0.7556787885732286,0.04996944584726217
V370N,1003.0,33.0,-6.36708385727997,0.17710913212719195
V370P,571.0,0.0,-17.243023207417416,10.000091403488081
V370Q,1392.0,1145.0,-1.7236041935023318,0.040847714295907216
V370R,1088.0,0.0,-18.17312710741713,10.000049795101068
V370S,1613.0,123.0,-5.1547026908375475,0.09394772287076095
V370T,1241.0,907.0,-1.8941191950634106,0.04455462106116631
V370W,851.0,367.0,-2.655151528113616,0.0630602174294143
V370Y,517.0,407.0,-1.7869227606764833,0.06684262080631281
V370_,1039.0,1.0,-11.44843334766768,0.995559269881443
V371A,1051.0,349.0,-3.032230933580502,0.06239798433148904
V371C,597.0,159.0,-3.3504324152284655,0.08967007174874042
V371D,790.0,0.0,-17.711378111074445,10.000067129877854
V371E,604.0,4.0,-8.676621204514934,0.5011077285709096
V371F,1423.0,840.0,-2.2022622087793633,0.04438460397640206
V371G,677.0,363.0,-2.3409626688113105,0.0656401051666049
V371H,883.0,19.0,-6.9793941556325985,0.23197667554172668
V371I,650.0,195.0,-3.1787086232279878,0.0821168394944423
V371K,1141.0,2.0,-10.590695035345679,0.7060209980026682
V371L,907.0,1716.0,-0.5219272182701014,0.04197697184219972
V371M,695.0,447.0,-2.0785214461727035,0.06125936612881565
V371N,765.0,33.0,-5.97629837915594,0.1779826342798595
V371P,1503.0,478.0,-3.0945367194724622,0.053236578711668425
V371Q,829.0,240.0,-3.2300898039647308,0.07382104328168755
V371R,1096.0,15.0,-7.631987990718725,0.26002201362186905
V371S,1305.0,365.0,-3.2798477838201254,0.059855859555003776
V371T,907.0,80.0,-4.944661042561551,0.11695194172625337
V371W,713.0,76.0,-4.671455987591502,0.12097712113427611
V371Y,1159.0,18.0,-7.449745838966553,0.2376221982939973
V371_,1371.0,1.0,-11.84846290209183,0.9954422105199784
V373A,749.0,1.0,-10.976280693357426,0.9957464038911469
V373C,1511.0,33.0,-6.958261076022364,0.17616030948719943
V373D,1482.0,0.0,-18.618990473220357,10.000037577658455
V373E,893.0,0.0,-17.888183526793345,10.000059830000538
V373F,1209.0,2.0,-10.674209777145325,0.70598608777405
V373G,873.0,1.0,-11.197293892662405,0.9956511775987806
V373H,1155.0,24.0,-7.029920945048102,0.20637805469005255
V373I,1517.0,35194.0,3.0942325866611786,0.02764779671984001
V373K,637.0,1.0,-10.74261173376355,0.9958642674938618
V373L,715.0,399.0,-2.2833333319262668,0.06309976221533653
V373M,917.0,1.0,-11.268233179690842,0.9956235763838635
V373N,1184.0,1.0,-11.636905073913049,0.9955000716543427
V373P,993.0,1.0,-11.383103959517406,0.9955816613450568
V373Q,576.0,0.0,-17.255601054176815,10.000090643402809
V373R,1252.0,0.0,-18.375681376172945,10.000043775452525
V373S,1005.0,21.0,-7.02178470065938,0.22060868738889
V373T,1488.0,168.0,-4.588560028067051,0.08185878365210011
V373W,1266.0,0.0,-18.391724091241777,10.00004333383
V373Y,1719.0,0.0,-18.833013228257975,10.000032926219967
V373_,722.0,0.0,-17.581526014837586,10.000073090616372
V44A,535.0,8.0,-7.5034146210532455,0.35607564408680026
V44C,761.0,980.0,-1.07691375734675,0.04910434025683625
V44D,274.0,1.0,-9.525524258514633,0.9969078728977645
V44E,444.0,0.0,-16.880099365278767,10.000116449163407
V44F,505.0,23.0,-5.897773883513866,0.21334554038825648
V44G,641.0,0.0,-17.40985405954911,10.000081841333424
V44H,253.0,0.0,-16.068701603249814,10.00020145838321
V44I,582.0,5.0,-8.30188434423772,0.44877140867162635
V44K,785.0,2.0,-10.051166536926795,0.7063024155665819
V44L,113.0,0.0,-14.90595763505684,10.000446268529535
V44M,341.0,89.0,-3.37956953013789,0.11934803457245648
V44N,243.0,0.0,-16.010522878713516,10.000209590418349
V44P,411.0,0.0,-16.768680691486793,10.00012549051901
V44Q,849.0,41.0,-5.8135287141632155,0.16012162328318577
V44R,1187.0,1.0,-11.640555897130332,0.9954989995416216
V44T,532.0,398.0,-1.8604435012550598,0.06685027227757757
V44W,671.0,1.0,-10.817629980122444,0.9958243298686137
V44Y,306.0,0.0,-16.343085994982072,10.000167231719914
V44_,430.0,0.0,-16.83387740640982,10.00012011540936
V7A,29.0,317.0,2.0081113334945906,0.1941703943367089
V7C,1334.0,5803.0,0.6792371173327854,0.03160283582730426
V7D,58.0,0.0,-13.943880720374196,10.000865722649852
V7E,424.0,156.0,-2.8842546000270897,0.09404826296562807
V7F,18.0,0.0,-12.256377282294569,10.002779688856334
V7G,479.0,3476.0,1.417509736549997,0.0495188909349076
V7H,197.0,110.0,-2.282429005578729,0.1193430454370051
V7I,766.0,314.0,-2.728347538467265,0.06757864487154154
V7K,467.0,1.0,-10.29474915561756,0.9961511366122188
V7L,691.0,0.0,-17.518213784765482,10.000076197327775
V7M,278.0,1416.0,0.9068279548878033,0.06618155269703001
V7N,320.0,186.0,-2.2245316215187003,0.09261615787303153
V7P,371.0,41.0,-4.619205240591319,0.16479210221836346
V7Q,292.0,2059.0,1.3760663396038444,0.06314274190189409
V7R,399.0,0.0,-16.725932099702714,10.000129149073707
V7S,1710.0,99629.0,4.422694404366933,0.025915718020243
V7T,652.0,8.0,-7.788742855040253,0.35560435764795517
V7W,405.0,918.0,-0.2612424768598185,0.06029247790396112
V7Y,520.0,0.0,-17.108046563060107,10.000099991262243
V7_,625.0,0.0,-17.373386468648455,10.000083838133657
V80A,561.0,43.0,-5.147077267087103,0.15846041021139962
V80C,546.0,96.0,-3.9494656064242717,0.11101281592645969
V80D,573.0,1.0,-10.589856029872351,0.9959522957671738
V80E,385.0,1.0,-10.016191631105302,0.9963800180336313
V80F,462.0,0.0,-16.93743127440651,10.000112061902925
V80G,368.0,2.0,-8.958200474178042,0.7073235119637277
V80H,277.0,0.0,-16.199445254125564,10.00018433696503
V80I,215.0,67.0,-3.1237502645040225,0.1401816235042865
V80K,338.0,7.0,-7.033302491088415,0.38169181286429826
V80L,309.0,83.0,-3.3380912931407094,0.12393416753754011
V80M,715.0,62.0,-4.9691854410940834,0.13267180695364034
V80N,847.0,4.0,-9.16442777193905,0.5006335760917725
V80P,840.0,0.0,-17.799913698667872,10.000063362665252
V80Q,362.0,1.0,-9.927325263398144,0.9964628241101795
V80R,512.0,0.0,-17.085679183525365,10.00010149359272
V80S,474.0,1.0,-10.316213208592664,0.9961352645782096
V80T,561.0,23.0,-6.049488414807663,0.2128817986947414
V80W,347.0,7.0,-7.071213800357548,0.38159128526194575
V80Y,262.0,0.0,-16.119129071345856,10.000194670281228
V80_,564.0,7.0,-7.7719573040237275,0.3801357203213534
V87A,148.0,132.0,-1.6068422478212696,0.12003449191688491
V87C,273.0,41.0,-4.176700963759996,0.1677020014983796
V87D,274.0,0.0,-16.183735741266425,10.0001863131216
V87E,651.0,0.0,-17.432186900372592,10.000080643175645
V87F,301.0,36.0,-4.5051367280040795,0.17654746653103112
V87G,478.0,201.0,-2.6915683406917568,0.08452028523812602
V87H,315.0,26.0,-5.040054139722907,0.20420100133893967
V87I,1029.0,15521.0,2.4730987171718124,0.03336213351309104
V87K,274.0,39.0,-4.254107458241864,0.1713497880039252
V87L,490.0,70.0,-4.248973096329822,0.12806734064747347
V87M,432.0,142.0,-3.0468669997140188,0.0971252498408031
V87N,533.0,49.0,-4.884809364707696,0.14952234580055496
V87P,697.0,0.0,-17.53068655052056,10.000075574461786
V87Q,537.0,84.0,-4.118110797986978,0.11765331638859582
V87R,469.0,45.0,-4.823096030053195,0.15628893450828688
V87S,701.0,286.0,-2.735164251001451,0.07070848407947292
V87T,465.0,0.0,-16.94676893752461,10.000111363714348
V87W,285.0,23.0,-5.0724744669815935,0.21689815493489195
V87Y,493.0,217.0,-2.6256502015054277,0.08193432919837267
V87_,825.0,1.0,-11.115707319651037,0.9956846447156188
V93A,649.0,20.0,-6.46124245159272,0.22714008035427924
V93C,313.0,27.0,-4.976438020343701,0.2007359113491766
V93D,254.0,0.0,-16.074392490834477,10.000200680395437
V93E,372.0,2.0,-8.973796907695618,0.7073028579715808
V93F,681.0,47255.0,4.674852683053966,0.03957732049533701
V93G,751.0,14.0,-7.186098073438692,0.2697886634602022
V93H,637.0,3965.0,1.1961417624212678,0.043575630157217306
V93I,284.0,4.0,-7.587990497439607,0.5029655621279059
V93K,284.0,1.0,-9.577237441142733,0.9968434219997337
V93L,304.0,5.0,-7.36495918270458,0.45051854477496167
V93M,501.0,161.0,-3.0794839218848216,0.09101405279682942
V93N,298.0,109.0,-2.8926950725743854,0.11227581092829142
V93P,585.0,1.0,-10.6197569991249,0.9959343239852245
V93Q,588.0,0.0,-17.285347886420695,10.00008887193764
V93R,461.0,0.0,-16.93430524115621,10.000112296651741
V93S,479.0,4.0,-8.34210454402427,0.501538625625188
V93T,391.0,70.0,-3.92336740927865,0.13006901403025425
V93W,450.0,56.0,-4.447995543966279,0.1419609903921343
V93Y,491.0,275.0,-2.278063144098785,0.07582641432993154
V93_,584.0,0.0,-17.27550026851374,10.00008945433732
V99A,278.0,196.0,-1.9460043345561315,0.09367800561969093
V99C,127.0,0.0,-15.074449286497769,10.00039750165448
V99D,442.0,0.0,-16.873586205344516,10.00011695869379
V99E,491.0,0.0,-17.025259602969555,10.00010567012671
V99F,354.0,13.0,-6.207892063049808,0.2824279112794532
V99G,677.0,19.0,-6.596141523050848,0.2327182224192942
V99H,399.0,1.0,-10.067720616950918,0.9963342852951542
V99I,432.0,69.0,-4.087982186017515,0.12993155914715226
V99K,560.0,0.0,-17.21495978528941,10.000093123451405
V99L,461.0,4.0,-8.286846814701288,0.5016198802368766
V99M,597.0,13.0,-6.961857046253715,0.2803850208686127
V99N,558.0,1.0,-10.551586689758576,0.9959758469871206
V99P,599.0,0.0,-17.312087283809873,10.000087310444506
V99Q,319.0,0.0,-16.40310884476891,10.00016057337448
V99R,585.0,1.0,-10.6197569991249,0.9959343239852245
V99S,253.0,180.0,-1.932912169647219,0.09790023074736752
V99T,428.0,39.0,-4.8975234169738835,0.16747430255259294
V99W,467.0,56.0,-4.5014919254219965,0.1416757979465102
V99Y,872.0,16.0,-7.209094282996721,0.25235794625907215
V99_,230.0,0.0,-15.931203781615167,10.000221219171145
W201A,621.0,519.0,-1.700648980543531,0.06011506033160757
W201C,564.0,19.0,-6.332685121385797,0.2333531791052199
W201D,543.0,0.0,-17.170485962692176,10.000095918640614
W201E,467.0,0.0,-16.952960638369355,10.000110903238665
W201F,825.0,42.0,-5.7374017319163135,0.15840693812515375
W201G,401.0,0.0,-16.73314540960179,10.000128524109101
W201H,418.0,1.0,-10.134833169314689,0.9962771163026891
W201I,518.0,84.0,-4.06614179309561,0.1179432270386955
W201K,847.0,48.0,-5.582766977735377,0.14861498197199716
W201L,390.0,254.0,-2.0604206371727267,0.0811029284362379
W201M,507.0,32.0,-5.427214436863643,0.18245377609907487
W201N,349.0,0.0,-16.532775569747233,10.000147101053848
W201P,1058.0,32587.0,3.5030769996523934,0.032444614753566296
W201Q,832.0,0.0,-17.786108064284527,10.00006393499224
W201R,407.0,39.0,-4.8249431540218435,0.16783381690191826
W201S,789.0,720.0,-1.5738214577724756,0.05227882898477324
W201T,749.0,74.0,-4.780987675087941,0.12216209956833333
W201V,570.0,64.0,-4.596412832166743,0.13211248791642732
W201Y,443.0,51.0,-4.560282075433008,0.14811509006846207
W201_,490.0,1.0,-10.364106904869297,0.9961006876217959
W274A,1130.0,842.0,-1.8662210837370736,0.0463613801941632
W274C,587.0,264.0,-2.5945873208543784,0.07461956248947758
W274D,842.0,17.0,-7.071177137609661,0.24505790607635872
W274E,942.0,1.0,-11.307038088176695,0.9956090422744258
W274F,1152.0,35341.0,3.497323309201208,0.031195176888681328
W274G,573.0,908.0,-0.7776469469340954,0.054067319148060844
W274H,1522.0,24272.0,2.5534490258303153,0.02783919767945768
W274I,443.0,11.0,-6.772247707265583,0.3052222174652119
W274K,335.0,0.0,-16.473711356389003,10.000153087869425
W274L,778.0,15188.0,2.8452055286167965,0.037788453722389814
W274M,958.0,49.0,-5.730687479858034,0.14671272925544068
W274N,796.0,572.0,-1.9185410026284604,0.055509297521270644
W274P,906.0,2.0,-10.257982478728767,0.7061819692468203
W274Q,1001.0,38.0,-6.160728367602926,0.1654830879833322
W274R,1162.0,0.0,-18.268057775134096,10.000046868544842
W274S,1114.0,640.0,-2.2413906474327807,0.05036793521802471
W274T,666.0,119.0,-3.9262558522929174,0.09990460198301616
W274V,802.0,360.0,-2.5973780608119483,0.0640418860358474
W274Y,638.0,967.0,-0.8418430440643077,0.05175214317329189
W274_,716.0,0.0,-17.569486932658645,10.000073670920644
W293A,1237.0,291.0,-3.529511344965896,0.06573814900333132
W293C,422.0,26.0,-5.461933697608434,0.20222056929396787
W293D,636.0,488.0,-1.8239335546956523,0.060813123264445136
W293E,1476.0,324952.0,6.3405855495066525,0.02752044447294918
W293F,1177.0,117.0,-4.772217657184072,0.097327713684506
W293G,1044.0,270.0,-3.392845602598996,0.06883463566764354
W293H,769.0,495.0,-2.0773395048649297,0.058286616967635235
W293I,477.0,3175.0,1.2928749032052962,0.04988132966009844
W293K,1000.0,306.0,-3.150158539109599,0.06591397700658629
W293L,328.0,40.0,-4.47710208136992,0.1676879077443583
W293M,651.0,187.0,-3.24135910330555,0.08342767914091238
W293N,975.0,657.0,-2.0112965028377534,0.05122960722582886
W293P,1226.0,6.0,-9.114184856590878,0.4090009785016087
W293Q,708.0,338.0,-2.508498624439965,0.06669105699491899
W293R,759.0,3005.0,0.5433841770540484,0.04155813511839963
W293S,654.0,452.0,-1.97475282118093,0.061791296673789776
W293T,1067.0,410.0,-2.821637511429782,0.058761880025544624
W293V,531.0,189.0,-2.932071281062054,0.0851511853478767
W293Y,892.0,674.0,-1.8460847039351567,0.051783361027093223
W293_,837.0,0.0,-17.794752055110287,10.000063576005797
WT,17815.0,48396.0,0.0,0.012393167598069146
Y131A,332.0,0.0,-16.46073389152542,10.000154436446106
Y131C,498.0,36.0,-5.231500023529898,0.17278556357548291
Y131D,529.0,0.0,-17.132802190137248,10.000098355453105
Y131E,719.0,1.0,-10.91730754901058,0.9957743752693888
Y131F,328.0,250.0,-1.833548813631201,0.08441162744533885
Y131G,295.0,1.0,-9.632059571748188,0.9967775683698986
Y131H,380.0,13.0,-6.310139332935601,0.2820855469635792
Y131I,408.0,191.0,-2.536751158268763,0.08810813592078812
Y131K,349.0,83.0,-3.513706140416124,0.12242868974278129
Y131L,1282.0,707.0,-2.3003998058990636,0.047657397847639914
Y131M,540.0,128.0,-3.5185244236190387,0.0986939843992961
Y131N,698.0,152.0,-3.640876286964307,0.08993305345880731
Y131P,394.0,0.0,-16.707739441780127,10.00013073924292
Y131Q,642.0,60.0,-4.861115750474159,0.13527118240880623
Y131R,747.0,0.0,-17.63063475200961,10.00007077302289
Y131S,534.0,0.0,-17.146373954358673,10.000097470495461
Y131T,470.0,1.0,-10.303987165288845,0.9961442764522745
Y131V,602.0,124.0,-3.7211258059128474,0.09900385393448058
Y131W,555.0,83.0,-4.182951532340435,0.11800553374952129
Y131_,539.0,0.0,-17.159819234808992,10.000096601955946
Y160A,487.0,964.0,-0.4566981004261086,0.056280323971732216
Y160C,578.0,409.0,-1.9407531525669528,0.06520580627966986
Y160D,575.0,2.0,-9.602042550946187,0.706631681501802
Y160E,644.0,69.0,-4.664000568559624,0.12696542737980787
Y160F,107.0,0.0,-14.827252817576259,10.000471074721279
Y160G,271.0,908.0,0.3025672831759829,0.06977109358589179
Y160H,1812.0,152519.0,4.953459527813096,0.025203674242571816
Y160I,683.0,57.0,-5.024414611079629,0.1381364724733034
Y160L,672.0,2056.0,0.1714978584925193,0.045290698305591306
Y160M,741.0,1962.0,-0.037027338745224014,0.04399984264777145
Y160N,656.0,27.0,-6.043947078406964,0.19653113494486057
Y160P,977.0,1.0,-11.359669041885827,0.9955899437919771
Y160Q,551.0,121.0,-3.628747044591859,0.1007741249019775
Y160R,827.0,293.0,-2.938749688055381,0.06854796369548005
Y160S,1108.0,1321.0,-1.188124330652375,0.041669062533458666
Y160T,593.0,707.0,-1.1881206289464252,0.05636944790079899
Y160V,998.0,330.0,-3.038339345900286,0.06410148574935114
Y160W,770.0,263.0,-2.9915543445739248,0.07195565672765913
Y160_,1034.0,5.0,-9.131018635778533,0.4479338146870177
Y225A,1322.0,0.0,-18.45416838060251,10.000041660874809
Y225C,629.0,1.0,-10.724378666436344,0.9958742917892532
Y225E,471.0,5.0,-7.996598092723391,0.44922231787713773
Y225F,554.0,10.0,-7.232192954567915,0.31903278322402007
Y225G,664.0,0.0,-17.460712164681286,10.000079139522708
Y225H,421.0,1.0,-10.145150214361395,0.9962685610294278
Y225I,815.0,0.0,-17.7563249569525,10.000065188493105
Y225K,643.0,1.0,-10.756136887501572,0.9958569128993817
Y225L,515.0,1.0,-10.43589615870577,0.9960509600779763
Y225M,945.0,0.0,-17.969836791804866,10.000056749097077
Y225N,652.0,0.0,-17.434401287448964,10.00008052538126
Y225P,554.0,5.0,-8.230752420208699,0.44886814909810463
Y225Q,427.0,1.0,-10.165565569405196,0.9962518109055704
Y225R,475.0,0.0,-16.977465081588797,10.000109100111812
Y225S,404.0,1.0,-10.085686715994356,0.9963187198182683
Y225T,645.0,1.0,-10.760617240913426,0.9958544917621258
Y225V,684.0,1.0,-10.845313130175702,0.9958101084709148
Y225W,431.0,3760.0,1.683148435222912,0.05160313773908495
Y225_,290.0,2.0,-8.614558152246175,0.707839946649387
Y228A,557.0,3.0,-8.973590747678543,0.5780121182360007
Y228C,549.0,1.0,-10.528128140775287,0.9959905951611859
Y228D,235.0,0.0,-15.96222934270019,10.000216594323385
Y228E,769.0,1.0,-11.0142980719148,0.9957289683491474
Y228F,300.0,7.0,-6.861247151681493,0.3821823777743592
Y228G,709.0,1.0,-10.897101688815292,0.9957842248926414
Y228H,624.0,1.0,-10.71286486220105,0.9958806874437347
Y228I,647.0,0.0,-17.423295206206404,10.000081117994363
Y228K,755.0,0.0,-17.6460029487925,10.000070063808051
Y228L,744.0,0.0,-17.62482920820311,10.000071042910527
Y228M,884.0,1.0,-11.215358402789995,0.995644019780927
Y228N,422.0,1.0,-10.148572898799632,0.9962657362857799
Y228P,650.0,0.0,-17.429969109216422,10.000080761332468
Y228Q,959.0,2.0,-10.340001363667694,0.7061387789286541
Y228R,515.0,0.0,-17.094107641457565,10.000100924749274
Y228S,909.0,0.0,-17.913803361502396,10.00005884448738
Y228T,301.0,0.0,-16.31931861219436,10.000169945759291
Y228V,952.0,0.0,-17.98048392375104,10.000056360062972
Y228W,358.0,127.0,-2.936852611499133,0.10365041805848163
Y228_,612.0,2.0,-9.69201073093253,0.7065572824208312
Y231A,323.0,56.0,-3.9696173126993246,0.14500561829477945
Y231C,904.0,11348.0,2.2081619688636214,0.035652474423018894
Y231D,543.0,243.0,-2.6017579003669553,0.07767521487711875
Y231E,515.0,764.0,-0.87280374032773,0.057683520721665625
Y231F,551.0,537.0,-1.478924364370232,0.061268320628467904
Y231G,505.0,2426.0,0.8224068199506327,0.049690578235372714
Y231H,784.0,277.0,-2.9427288141460552,0.07044336175763889
Y231I,827.0,1040.0,-1.1111740953465308,0.047407802513969206
Y231K,392.0,8396.0,2.978946706124473,0.052410445789638056
Y231L,625.0,45.0,-5.237356619262906,0.15457701882794117
Y231M,727.0,1847.0,-0.09665025269052396,0.04465095502898505
Y231N,605.0,909.0,-0.8544576392128187,0.05319547398198102
Y231P,228.0,0.0,-15.918604295038449,10.000223125903512
Y231Q,724.0,464.0,-2.083648542702904,0.06010921444325085
Y231R,673.0,355.0,-2.3645630944989904,0.0661776350873908
Y231S,1015.0,102.0,-4.756506266406193,0.10423515608460092
Y231T,534.0,59.0,-4.619630211358986,0.13746162992339248
Y231V,436.0,21.0,-5.817007973223238,0.22353233178744394
Y231W,759.0,2.0,-10.00257439811414,0.706333305749286
Y231_,549.0,0.0,-17.186339623527083,10.00009491233701
Y235A,774.0,1.0,-11.023647918906036,0.9957247502068393
Y235C,613.0,0.0,-17.345417804654346,10.000085404138318
Y235D,529.0,0.0,-17.132802190137248,10.000098355453105
Y235E,885.0,1.0,-11.216989469928365,0.9956433778907953
Y235F,1195.0,11479.0,1.8221088106337482,0.031634220539349056
Y235G,986.0,1.0,-11.372897991510484,0.995585251849193
Y235H,523.0,1.0,-10.45813424438567,0.9960360508200256
Y235I,718.0,0.0,-17.573511133091838,10.000073476408273
Y235K,566.0,0.0,-17.230334738081407,10.000092177002127
Y235L,965.0,44.0,-5.89643543205413,0.15438640680077975
Y235M,521.0,2.0,-9.459766567880555,0.7067592108132275
Y235N,1389.0,1.0,-11.867280793928595,0.9954374628393394
Y235P,1393.0,50.0,-6.241640015767842,0.14418968769548635
Y235Q,979.0,1.0,-11.362619309354782,0.9955888936848863
Y235R,1115.0,2.0,-10.55744024870271,0.7060354708196502
Y235S,1050.0,2.0,-10.470786667424916,0.7060747871115883
Y235T,979.0,2.0,-10.369779100927648,0.7061236953527696
Y235V,915.0,0.0,-17.92329470640718,10.0000584838056
Y235W,762.0,1447.0,-0.5166017600168225,0.045609146725576
Y235_,846.0,2.0,-10.159130221136124,0.7062373908520928
Y257A,858.0,671.0,-1.7964550117061462,0.05227402451517555
Y257C,1005.0,281.0,-3.2803112967897734,0.0680470609023615
Y257D,1643.0,1.0,-12.10956506919301,0.9953815571050275
Y257E,795.0,6.0,-8.48925902261685,0.4095411971906464
Y257F,759.0,286.0,-2.8498481197392715,0.06993341293816611
Y257G,1469.0,514.0,-2.9567707009262802,0.05199051166773135
Y257H,1247.0,3480.0,0.03882360090725401,0.03414775228281125
Y257I,1058.0,94.0,-4.934190042786542,0.10797746158817821
Y257K,1488.0,7398.0,0.8719582122426952,0.029732226307942443
Y257L,1446.0,289.0,-3.764681028568383,0.06502646643833755
Y257M,762.0,47.0,-5.460565161344157,0.15053632056723176
Y257N,870.0,60.0,-5.2995519649839045,0.13375386622096158
Y257P,1199.0,63.0,-5.691913887697947,0.12954270897697884
Y257Q,801.0,11.0,-7.626728696068974,0.30356505153040925
Y257R,875.0,68.0,-5.1272755242698755,0.12618779427705856
Y257S,710.0,46.0,-5.389614798957185,0.15237989280983114
Y257T,1071.0,82.0,-5.148823119306969,0.11490921774246098
Y257V,768.0,381.0,-2.4530910490708564,0.0632729382097341
Y257W,961.0,30.0,-6.442831035695761,0.18557907512584493
Y257_,301.0,1.0,-9.661107129442566,0.9967436751584475
Y265A,967.0,10247.0,1.9637335681118913,0.03476348967026494
Y265C,891.0,3368.0,0.47658807691349603,0.03867852625771317
Y265D,569.0,1187.0,-0.38098863967459806,0.051736704042960394
Y265E,1352.0,200284.0,5.769002796825362,0.028660560201837826
Y265F,596.0,1355.0,-0.256899759542196,0.04992615980327907
Y265G,617.0,1837.0,0.13219888686477255,0.04734846805624112
Y265H,1254.0,2385.0,-0.5143483539735989,0.035965574678723355
Y265I,457.0,1018.0,-0.28634072205717853,0.05698455799849179
Y265K,748.0,7851.0,1.949953983848149,0.039256183864044884
Y265L,576.0,2223.0,0.5065538584665363,0.04756802291355997
Y265M,929.0,11214.0,2.1516695087424673,0.03524747007239939
Y265N,982.0,6546.0,1.2950113689531313,0.03532534054457222
Y265P,1053.0,9310.0,1.7024687639074978,0.03367291447923644
Y265Q,2083.0,10821.0,0.9352986752877701,0.025481024794149924
Y265R,830.0,6451.0,1.5165296135126822,0.03790269844020421
Y265S,981.0,8880.0,1.7364267369890887,0.034767303435751476
Y265T,818.0,9851.0,2.1482864467330325,0.03742708481978758
Y265V,1090.0,799.0,-1.8898507226528682,0.047389522777976915
Y265W,676.0,152.0,-3.594673169686269,0.0901918950412481
Y265_,1011.0,2.0,-10.416180866797152,0.7061008023026906
Y278A,1324.0,1.0,-11.798137826665515,0.9954552157214652
Y278C,687.0,0.0,-17.509838294756094,10.000076618615966
Y278D,1006.0,0.0,-18.060079936802246,10.000053540916962
Y278E,795.0,2.0,-10.069428512149106,0.7062910723814668
Y278F,846.0,0.0,-17.810181912315052,10.000062940523256
Y278G,699.0,5.0,-8.566153497609644,0.4484508762428351
Y278H,1009.0,0.0,-18.064375763464536,10.000053393145297
Y278I,690.0,1.0,-10.857912983549024,0.9958037254204162
Y278K,1169.0,2.0,-10.625670870737903,0.7060061315513361
Y278L,2762.0,0.0,-19.517153833782505,10.000021942499503
Y278M,1135.0,3.0,-10.00052062249512,0.5772207189879718
Y278N,812.0,1.0,-11.092793207667302,0.9956943894236524
Y278P,782.0,4.0,-9.04923582568318,0.500731574729601
Y278Q,4188.0,10.0,-10.150473919084284,0.31656858986785036
Y278R,912.0,0.0,-17.9185568392656,10.000058663553272
Y278S,1317.0,2.0,-10.797649899603273,0.7059380488327797
Y278T,1057.0,0.0,-18.131424316440842,10.000051142876462
Y278V,577.0,0.0,-17.258103517972092,10.000090492966486
Y278W,1399.0,0.0,-18.535841565621443,10.00003957924544
Y278_,1513.0,0.0,-18.64885681367568,10.000036886405265
Y292A,1037.0,6.0,-8.872643916397024,0.4091826697678373
Y292C,1333.0,58.0,-5.964036990144027,0.13440753100868152
Y292D,695.0,2.0,-9.875489240647646,0.7064191824482127
Y292E,567.0,2.0,-9.581829684058924,0.7066490433292347
Y292F,1072.0,49.0,-5.89289322312439,0.1463339386627277
Y292G,1231.0,8.0,-8.705619339890927,0.3545886087510372
Y292H,650.0,304.0,-2.538137949704927,0.07003283981920315
Y292I,1307.0,1.0,-11.779493987382033,0.995460150025972
Y292K,583.0,7.0,-7.819757191196254,0.38005971123059235
Y292L,1202.0,10.0,-8.349657930442865,0.31750407089637134
Y292M,877.0,2.0,-10.211048797677575,0.7062078100432752
Y292N,1092.0,32.0,-6.534114396969846,0.17953488590575278
Y292P,1406.0,182.0,-4.3913120494339015,0.0792605287109108
Y292Q,643.0,11.0,-7.3097496166889995,0.30406989724852623
Y292R,2264.0,66779.0,3.44064765359559,0.02309684456715836
Y292S,1362.0,0.0,-18.497172586610805,10.000040550132859
Y292T,926.0,0.0,-17.94053496919918,10.000057834695081
Y292V,1103.0,1.0,-11.534669678680764,0.9955312226629277
Y292W,501.0,25.0,-5.766057253198073,0.205077472783693
Y292_,883.0,1.0,-11.213725489529356,0.9956446631245118
Y29A,725.0,178.0,-3.4678374214223124,0.0841055797838749
Y29C,832.0,156.0,-3.8567571781602084,0.0876843740650847
Y29D,715.0,2.0,-9.916418924061759,0.7063906956851276
Y29E,749.0,0.0,-17.63449217610922,10.000070594298881
Y29F,1315.0,213.0,-4.0678755207937165,0.07437648195972849
Y29G,220.0,0.0,-15.867076295244647,10.000231099491893
Y29H,647.0,288.0,-2.6094639222812184,0.07137554294376991
Y29I,313.0,0.0,-16.37571594485267,10.000163577732648
Y29K,242.0,0.0,-16.004573857703477,10.000210440583748
Y29L,597.0,0.0,-17.307262292971508,10.00008759007242
Y29M,824.0,35.0,-5.9986176952464545,0.17278206054015574
Y29N,533.0,126.0,-3.5224191877797875,0.09944250004285396
Y29P,906.0,6.0,-8.67781298919651,0.4093530102001236
Y29Q,521.0,242.0,-2.5480392177442983,0.07828285199864161
Y29R,775.0,7.0,-8.230451487613777,0.3795002682303052
Y29S,248.0,2.0,-8.38885379738528,0.7082523057445864
Y29T,658.0,361.0,-2.307865525228264,0.06607976555058179
Y29W,794.0,39.0,-5.789036090129725,0.16422751897286225
Y29_,21.0,0.0,-12.478655263061338,10.002383374875034
Y316A,1035.0,0.0,-18.101079997564888,10.0000521483411
Y316C,1024.0,1.0,-11.42745361216119,0.9955663504588215
Y316D,1224.0,5.0,-9.374383842336503,0.44776621187185855
Y316E,1271.0,1.0,-11.739199189237311,0.9954710347738425
Y316F,1474.0,36.0,-6.796999718653607,0.16889428830388656
Y316G,971.0,19.0,-7.116450532684553,0.23175535269090897
Y316H,286.0,12.0,-6.015552350236455,0.29468139279235467
Y316I,970.0,2.0,-10.356455125126665,0.7061304060296096
Y316K,1498.0,0.0,-18.63448254539764,10.000037217310124
Y316L,944.0,0.0,-17.968309338230362,10.000056805144355
Y316M,1158.0,1.0,-11.604871519853065,0.9955095959375109
Y316N,1379.0,249.0,-3.9111521492927706,0.06941077856121791
Y316P,921.0,1.0,-11.274512533858788,0.9956211979179876
Y316Q,1356.0,2.0,-10.83975141742516,0.7059225813082249
Y316R,815.0,0.0,-17.7563249569525,10.000065188493105
Y316S,1382.0,2.0,-10.867151654517219,0.7059127544379524
Y316T,584.0,2.0,-9.62444857733481,0.7066127175188892
Y316V,2132.0,539.0,-3.425625077347917,0.04900091226512678
Y316W,520.0,285.0,-2.309321644242715,0.07421916236684549
Y316_,1957.0,8.0,-9.374427986334892,0.35416341420668784
Y360A,803.0,68.0,-5.003393973420853,0.1265931666674997
Y360C,1179.0,117.0,-4.774667034332705,0.0973203094126312
Y360D,1211.0,0.0,-18.327646069062006,10.000045127513891
Y360E,539.0,126.0,-3.538568626471326,0.09933743783569941
Y360F,984.0,579.0,-2.2068795284011395,0.05310490584115112
Y360G,852.0,1.0,-11.162166076578075,0.9956653556024585
Y360H,572.0,2.0,-9.594495873483282,0.7066381353263116
Y360I,1344.0,580.0,-2.6541890096122867,0.0504474537475191
Y360K,1177.0,28.0,-6.834835600466906,0.19138427553269904
Y360L,890.0,584.0,-2.0496232898569016,0.05396922854345259
Y360M,653.0,133.0,-3.7373651863698267,0.0955321785070445
Y360N,816.0,2.0,-10.107042336933535,0.7062681560784845
Y360P,1249.0,4.0,-9.724761892070783,0.500253923530098
Y360Q,900.0,14.0,-7.447206986805081,0.2693798090144672
Y360R,1156.0,95.0,-5.046725515921278,0.10708430134451721
Y360S,1059.0,1.0,-11.475940020521872,0.9955501410522314
Y360T,1116.0,19.0,-7.317242428660652,0.23146649284112447
Y360V,1255.0,232.0,-3.8772347818401567,0.07199833849732003
Y360W,455.0,4.0,-8.267947022029041,0.5016483906089673
Y360_,1175.0,31.0,-6.685590515206176,0.1821414668130548
Y9A,447.0,192.0,-2.660920473136283,0.08672914043333568
Y9C,687.0,0.0,-17.509838294756094,10.000076618615966
Y9D,296.0,0.0,-16.295153110666007,10.000172751485316
Y9E,1154.0,0.0,-18.25809101644446,10.000047166834715
Y9F,803.0,178.0,-3.615254481135085,0.08330529235792916
Y9G,587.0,79.0,-4.335072730471992,0.12015394099504806
Y9H,755.0,117.0,-4.13165873743516,0.09973745116979166
Y9I,582.0,1.0,-10.612339654681135,0.9959387474834546
Y9K,780.0,0.0,-17.69299981588433,10.000067941276562
Y9L,253.0,0.0,-16.068701603249814,10.00020145838321
Y9M,294.0,21.0,-5.248511974751703,0.22599651066352944
Y9N,586.0,0.0,-17.2804324797445,10.000089162143645
Y9P,452.0,202.0,-2.6037227949516915,0.0850845798257676
Y9Q,999.0,446.0,-2.6052178785201203,0.05761847340607199
Y9R,473.0,14.0,-6.519136639701418,0.2712351432760449
Y9S,560.0,68.0,-4.483428608827468,0.12870974221579318
Y9T,776.0,52.0,-5.341009117065095,0.1435009066386767
Y9V,689.0,0.0,-17.51403211768547,10.000076407360433
Y9W,601.0,439.0,-1.894930009435095,0.06339174684559187
Y9_,811.0,0.0,-17.749226899358668,10.000065491071567
