mut,counts_input,counts_selected,f_score,SE
A105C,847.0,710.0,-0.6400098446801579,0.051742334228841586
A105D,553.0,326.0,-1.1478595368619153,0.07045488495617337
A105E,354.0,257.0,-0.8474358058556284,0.08248571286433953
A105F,546.0,245.0,-1.5415569266978704,0.07746708352343065
A105G,350.0,454.0,-0.010142253083657238,0.07174866244200902
A105H,763.0,618.0,-0.6895419689536739,0.05492640791129187
A105I,580.0,360.0,-1.0735109795642162,0.06774971220121961
A105K,515.0,85.0,-2.9843661666583907,0.11744465296778424
A105L,646.0,534.0,-0.6601599254126054,0.05923514531818148
A105M,654.0,422.0,-1.017505695844843,0.06314155035723536
A105N,547.0,738.0,0.04660297106233102,0.05719554189543836
A105P,419.0,176.0,-1.6367974638798488,0.09031216935961887
A105Q,539.0,331.0,-1.0889074228908626,0.07045938258201492
A105R,1437.0,190.0,-3.3043930347497152,0.07776236211252227
A105S,698.0,419.0,-1.121733216240579,0.06250949364950265
A105T,745.0,787.0,-0.3063480096331368,0.05197220821127832
A105V,570.0,364.0,-1.0324793314825955,0.06774767258726007
A105W,637.0,180.0,-2.2087091528710747,0.0849311231419609
A105Y,1103.0,620.0,-1.2165526672547236,0.05106566346131778
A105_,505.0,69.0,-3.2569048040552904,0.12868188301427863
A117C,674.0,766.0,-0.20087695639968572,0.0536408256598782
A117D,960.0,266.0,-2.237039138812807,0.06992229734325241
A117E,1368.0,263.0,-2.764359403636151,0.0679804404835195
A117F,557.0,446.0,-0.7060973576417338,0.06423096432996359
A117G,388.0,542.0,0.09675544818153359,0.06715990062790367
A117H,721.0,891.0,-0.08004783179404207,0.0509654770798768
A117I,498.0,401.0,-0.6980066844650068,0.06774887368215843
A117K,796.0,185.0,-2.490653489161531,0.08215590995671539
A117L,473.0,144.0,-2.1011718751964663,0.09563627508749216
A117M,335.0,130.0,-1.7510517512706532,0.10375411424880746
A117N,1421.0,537.0,-1.7893660346634284,0.051517979484022584
A117P,508.0,306.0,-1.1167482835288887,0.07296949314440197
A117Q,860.0,318.0,-1.8207514890226557,0.06629892200153825
A117R,360.0,97.0,-2.277301791013355,0.11477861711219774
A117S,549.0,681.0,-0.07462663090494726,0.058121272736977994
A117T,1061.0,1088.0,-0.34921662344592974,0.0441567895565888
A117V,418.0,468.0,-0.22246828617890912,0.06795004360098336
A117W,651.0,405.0,-1.0701923611242021,0.06397940474263848
A117Y,2056.0,1382.0,-0.9585494129895267,0.03603022900101143
A117_,1780.0,114.0,-4.350123256394831,0.09706271014181314
A126C,449.0,492.0,-0.2535301239114487,0.06593796769635181
A126D,365.0,211.0,-1.1760948042045385,0.08698837587740245
A126E,540.0,477.0,-0.5644367988573729,0.06353286037165409
A126F,412.0,384.0,-0.48700565955947983,0.07155025566472337
A126G,272.0,382.0,0.10448052754648085,0.07988918968061652
A126H,683.0,741.0,-0.2678838756531272,0.053868650801027054
A126I,398.0,493.0,-0.07665795538178966,0.06803727498671631
A126L,421.0,514.0,-0.09752826037903972,0.06639986908020519
A126M,321.0,307.0,-0.44980277861098106,0.08037789075632563
A126N,306.0,334.0,-0.2591576888759297,0.07968691285093389
A126P,578.0,834.0,0.14350004308944975,0.054930091421871705
A126Q,454.0,489.0,-0.278330293094732,0.06584646757017253
A126R,651.0,857.0,0.011162147705944037,0.05283121162341002
A126S,478.0,639.0,0.03332752224123414,0.06119756415932279
A126T,478.0,494.0,-0.33797074027413654,0.06484189728496734
A126V,122.0,120.0,-0.40931495756900294,0.12890656744240514
A126W,309.0,289.0,-0.4820043007747632,0.08236773512926818
A126Y,524.0,565.0,-0.27678812846737966,0.06137145415804179
A126_,523.0,94.0,-2.861422585610743,0.11241614772088598
A134C,445.0,307.0,-0.9210222940207506,0.07478354153387433
A134D,461.0,83.0,-2.858911181783423,0.11959977583241244
A134E,742.0,152.0,-2.672742581696821,0.08952329295904231
A134F,464.0,227.0,-1.4168702329659961,0.08153792327920846
A134G,410.0,372.0,-0.5257878803953462,0.07221689112976866
A134H,754.0,134.0,-2.8777131831251976,0.09421563950975634
A134I,608.0,376.0,-1.0787942074155534,0.06627539669025027
A134K,451.0,74.0,-2.9928374868043743,0.12576624358713046
A134L,439.0,221.0,-1.375612340487324,0.0830105370461388
A134M,686.0,302.0,-1.5691034730129525,0.06969266829828284
A134N,925.0,134.0,-3.1725984881194442,0.0929054022355446
A134P,940.0,255.0,-2.267592468623903,0.07122814047399234
A134Q,560.0,136.0,-2.4272100476047855,0.09605361854818871
A134R,404.0,83.0,-2.668504139373363,0.120872421557272
A134S,2390.0,3180.0,0.026544461358418037,0.02865462248908204
A134T,366.0,164.0,-1.543569470843451,0.09443288443381707
A134V,723.0,638.0,-0.5659067510854054,0.05512435909264861
A134W,809.0,170.0,-2.636008113676441,0.08488993040228193
A134Y,297.0,69.0,-2.4911043540539675,0.1339617789187185
A134_,795.0,138.0,-2.9116703874021734,0.09269256842931535
A151C,374.0,458.0,-0.09316793280748659,0.0703228158018992
A151D,548.0,564.0,-0.34395166374745045,0.060712577832381466
A151E,1176.0,840.0,-0.8708921064409427,0.04614119203631007
A151F,640.0,592.0,-0.49794308789609687,0.057791443322336766
A151H,650.0,550.0,-0.6264742504075373,0.05869242975042124
A151I,572.0,476.0,-0.6505186731368866,0.06274736700129087
A151K,668.0,129.0,-2.7578569879765746,0.09662574896284518
A151L,181.0,136.0,-0.7978268602681684,0.11386470872048475
A151M,414.0,116.0,-2.2208866311021467,0.105468297745862
A151N,531.0,540.0,-0.36122309291478594,0.06183232119182401
A151P,574.0,503.0,-0.5759589755329353,0.06179301460534624
A151Q,302.0,238.0,-0.7290443167665712,0.08718295392353836
A151R,307.0,166.0,-1.272485686206167,0.09679447856506021
A151S,468.0,524.0,-0.22241519879494565,0.06429060341131904
A151T,555.0,783.0,0.11104678054226014,0.05627705495062571
A151V,560.0,385.0,-0.9260268577789299,0.0668672730980624
A151W,361.0,282.0,-0.7417626656414855,0.08002621193672667
A151Y,382.0,259.0,-0.9460727916514564,0.08103580685247865
A151_,271.0,38.0,-3.219365342610427,0.1734559930023508
A162C,139.0,175.0,-0.05322149715333069,0.11399956557468174
A162D,487.0,485.0,-0.3914070891956305,0.06483343091777444
A162E,518.0,689.0,0.02607478650249906,0.058907020692824504
A162F,461.0,135.0,-2.15720196194747,0.09830678396684456
A162G,528.0,660.0,-0.06354755612005114,0.05913752414586328
A162H,809.0,1090.0,0.044641743605496664,0.04734676460830155
A162I,862.0,366.0,-1.6212917262971906,0.06309088536498285
A162K,608.0,449.0,-0.8228176624559129,0.06292889924532565
A162L,866.0,299.0,-1.9196601362117223,0.0677296501506812
A162M,690.0,232.0,-1.957900467565933,0.07646978542137502
A162N,1355.0,1290.0,-0.45639143579468033,0.04001755117066648
A162P,429.0,185.0,-1.5988782107848039,0.0884549371859051
A162Q,351.0,537.0,0.2279666350762044,0.06927697364789354
A162R,914.0,232.0,-2.363493146809491,0.07411108997470349
A162S,481.0,761.0,0.27637833779911425,0.05900183654559398
A162T,867.0,801.0,-0.4996985660833744,0.04990017813620898
A162V,448.0,372.0,-0.6536597183475941,0.07077010311417853
A162W,586.0,129.0,-2.5689125720145114,0.0977036708920267
A162Y,866.0,847.0,-0.41747486804228995,0.049229659367114126
A162_,797.0,55.0,-4.242302203921822,0.13971906483427848
A164C,1010.0,1362.0,0.045897532423410325,0.04257361725131394
A164D,785.0,929.0,-0.14248709244191193,0.04938115510563503
A164E,686.0,834.0,-0.1036351110634568,0.05239223003120786
A164F,657.0,847.0,-0.019006513099511402,0.05282882861544695
A164G,664.0,909.0,0.06762101047449232,0.05190678186176742
A164H,798.0,1058.0,0.021404346767658566,0.047817386569206116
A164I,1186.0,1271.0,-0.2856109793916497,0.04145061834460684
A164K,1115.0,1339.0,-0.12136010035964695,0.04161595888608523
A164L,641.0,777.0,-0.10788388394074211,0.054177831880853414
A164M,1389.0,1788.0,-0.021172366939025355,0.036978816756699374
A164N,1035.0,1341.0,-0.01179489753184626,0.0424275324881819
A164P,640.0,380.0,-1.1375272496775066,0.06543852047778967
A164Q,700.0,988.0,0.11167992572641694,0.05028818155681287
A164R,571.0,590.0,-0.3382467911007172,0.05945068562177088
A164S,804.0,862.0,-0.2849790257887044,0.04992053338179654
A164T,861.0,1129.0,0.005486179551465575,0.04621009762732562
A164V,984.0,872.0,-0.5597984837963654,0.04744723757476204
A164W,710.0,845.0,-0.13434111586141562,0.05176932966320291
A164Y,724.0,871.0,-0.11879052785258537,0.05116154332707867
A164_,645.0,120.0,-2.811637088662641,0.09985598222389691
A169C,792.0,919.0,-0.17090827242262385,0.04938575139605155
A169D,237.0,155.0,-0.9980568277978525,0.1037238768651767
A169E,1117.0,1400.0,-0.05967515581363436,0.04120367003244126
A169F,757.0,235.0,-2.0730603977279607,0.07526180486042224
A169G,499.0,647.0,-0.01075090307506521,0.06031379362193871
A169H,1526.0,1106.0,-0.8498701728114182,0.04059149339989458
A169I,543.0,755.0,0.090046799753706,0.057046359729614755
A169K,443.0,476.0,-0.28181756930462676,0.06668055390623302
A169L,672.0,432.0,-1.0228881801463574,0.062378273504635935
A169M,451.0,420.0,-0.48820593091180076,0.06845696538114045
A169N,580.0,607.0,-0.31982767651129684,0.058819573286107464
A169P,621.0,683.0,-0.24817998513457784,0.056237017288491474
A169Q,1499.0,1313.0,-0.576602290018128,0.03894779144733315
A169R,784.0,194.0,-2.4002112260726207,0.08073464002408773
A169S,644.0,781.0,-0.1072122559528026,0.05404978201093129
A169T,600.0,630.0,-0.31508200343265536,0.05781115775246125
A169V,985.0,1067.0,-0.2701067654644218,0.04517334543497351
A169W,793.0,783.0,-0.4037785124141564,0.05124798261861097
A169Y,1147.0,597.0,-1.3275211534855273,0.051332840154180215
A169_,991.0,179.0,-2.854329618930482,0.08175308146019794
A208C,951.0,1152.0,-0.10884936263986944,0.044808217474155185
A208D,890.0,185.0,-2.651688480241501,0.08134439622434629
A208E,447.0,110.0,-2.408142620567668,0.1068427995575322
A208F,1061.0,627.0,-1.1443480825912085,0.051240450425244374
A208G,899.0,1101.0,-0.09305168254551877,0.04592174128023096
A208H,442.0,87.0,-2.730296072192755,0.1176585686610753
A208I,524.0,660.0,-0.05257664687347674,0.0592596301458164
A208K,652.0,158.0,-2.430348412532175,0.08916639983455091
A208L,1472.0,2116.0,0.13808878683967185,0.03521569889315633
A208M,657.0,880.0,0.03613440236287602,0.05240813153298957
A208N,450.0,232.0,-1.3412402581787504,0.08136674114380026
A208P,931.0,231.0,-2.396311545614478,0.07410218574514961
A208Q,885.0,292.0,-1.9851461674653255,0.06813725610564703
A208R,756.0,124.0,-2.9934190416392097,0.09733865790339848
A208S,734.0,964.0,0.007778207566801143,0.049879129660068515
A208T,680.0,944.0,0.08777599363548205,0.05116729522448818
A208V,881.0,1211.0,0.07351029207176296,0.04526624114777372
A208W,1302.0,495.0,-1.7806811400498348,0.05363225842672073
A208Y,412.0,73.0,-2.8819835551721606,0.12732672187497737
A208_,655.0,65.0,-3.718253559441677,0.13037314835739613
A215C,604.0,701.0,-0.17060759676122306,0.05630567983061092
A215D,713.0,335.0,-1.4751883365746714,0.06690071057481042
A215E,456.0,328.0,-0.860795849661093,0.07300572980512123
A215F,763.0,547.0,-0.865604944016833,0.05680610561852699
A215G,700.0,410.0,-1.1571866212006316,0.06289459915513132
A215H,584.0,648.0,-0.2354471821721429,0.05782473681531692
A215I,1189.0,623.0,-1.3179038096634397,0.05034243906473268
A215K,784.0,282.0,-1.860595921176583,0.07006912416288347
A215L,526.0,224.0,-1.6169972763919551,0.08033309184477984
A215M,602.0,810.0,0.04268208077075197,0.05462480493131169
A215N,842.0,967.0,-0.185776744770072,0.048062090043600667
A215P,1000.0,161.0,-3.020262414167483,0.08543417957462118
A215Q,791.0,1071.0,0.05173392564982038,0.04781337990274384
A215R,647.0,188.0,-2.1684487976553086,0.08338256330000442
A215S,906.0,979.0,-0.2736735641477379,0.04704673508176301
A215T,868.0,1023.0,-0.1484335073387424,0.04709334019018699
A215V,3049.0,4265.0,0.09873805579187334,0.025507960084553548
A215W,1320.0,659.0,-1.3876467830312187,0.04861288259232651
A215Y,935.0,1035.0,-0.2388791795307199,0.0460857483041053
A215_,493.0,83.0,-2.955730046462449,0.11900971581406113
A220C,722.0,582.0,-0.6964450637512742,0.05649265955295874
A220D,650.0,125.0,-2.7638885937510445,0.09811224490486606
A220E,125.0,46.0,-1.8274943306670783,0.1726904174935414
A220F,967.0,179.0,-2.818960812531862,0.08190610626996758
A220G,799.0,732.0,-0.5118203883218717,0.05201792985605266
A220H,799.0,160.0,-2.705521674910166,0.08711700677785067
A220I,519.0,470.0,-0.5285410701513902,0.06436283193262693
A220K,448.0,73.0,-3.002835136256479,0.12655853026114244
A220L,857.0,196.0,-2.513854965481368,0.07972981078822013
A220M,440.0,138.0,-2.0582336919128794,0.09801398905141914
A220N,522.0,179.0,-1.9295074479864764,0.08712156385496625
A220P,535.0,245.0,-1.512195410332824,0.07770974638427382
A220Q,909.0,526.0,-1.1746761249920379,0.05558252539551011
A220R,1058.0,179.0,-2.9487113619538574,0.08136132635063711
A220S,804.0,853.0,-0.30012097697374873,0.05004297655782563
A220T,1172.0,958.0,-0.6763424452962266,0.044556482802504134
A220V,867.0,647.0,-0.8077308095103133,0.052793703023931916
A220W,984.0,267.0,-2.267249388948481,0.06963937533441235
A220Y,638.0,134.0,-2.6367085624595212,0.09548674213126462
A220_,225.0,49.0,-2.584311254283376,0.1579128265375835
A243C,1424.0,2112.0,0.1831872017218683,0.03555192744481008
A243D,2854.0,369.0,-3.336728757849448,0.056111964276378073
A243E,3276.0,230.0,-4.21764145635977,0.06885565417323297
A243F,1011.0,707.0,-0.9014649276241427,0.04991724882376278
A243G,844.0,604.0,-0.8681578436888406,0.05411687807337178
A243H,1298.0,313.0,-2.437491030367072,0.06366640304941397
A243I,924.0,963.0,-0.3258278722382908,0.04699856236823369
A243K,1060.0,217.0,-2.6737146315084726,0.07509783340592678
A243L,997.0,456.0,-1.5140126991667575,0.05730748652030907
A243M,927.0,644.0,-0.9109719979039079,0.05215095985022042
A243N,803.0,625.0,-0.7470088675809547,0.054161827733907986
A243P,908.0,713.0,-0.7342560618079039,0.05091197314521058
A243Q,647.0,198.0,-2.093684904764414,0.0817559528847203
A243R,1217.0,193.0,-3.042063707161308,0.07804472637326118
A243S,877.0,1010.0,-0.18176580736234538,0.04710139848819479
A243T,997.0,1224.0,-0.08953472166504461,0.043682953598910654
A243V,938.0,1306.0,0.09202054884951583,0.04381771691434968
A243W,941.0,194.0,-2.6635492245088503,0.07940576885671552
A243Y,690.0,217.0,-2.0543259319293377,0.07839356870536103
A243_,1248.0,264.0,-2.626435199356054,0.06839024508473752
A252C,1138.0,1414.0,-0.07219109834976933,0.04091638004983
A252D,1007.0,217.0,-2.5997147663909477,0.07542768758059282
A252E,1094.0,220.0,-2.699455107337684,0.07448174977353622
A252F,1455.0,1777.0,-0.09704745482064947,0.03658193834843048
A252G,1341.0,1678.0,-0.06203886844321005,0.03781355944994592
A252H,1192.0,184.0,-3.0810104486386933,0.0797597710102136
A252I,1411.0,1619.0,-0.18708650223524081,0.037611012859547495
A252K,993.0,143.0,-3.181162401436696,0.08993204038972973
A252L,1001.0,1414.0,0.11286575006005428,0.042360527321862525
A252M,576.0,708.0,-0.08779430737272431,0.05689204758972671
A252N,654.0,153.0,-2.48115693782844,0.09029265662958036
A252P,491.0,123.0,-2.382446990301891,0.1012632877701883
A252Q,1168.0,217.0,-2.8136893824597804,0.07451479255275131
A252R,789.0,106.0,-3.2813134099030714,0.10386865788092066
A252S,1730.0,1986.0,-0.18637767628872792,0.034201873590491656
A252T,691.0,801.0,-0.17235652147875946,0.052761686892253724
A252V,727.0,834.0,-0.18738071278558532,0.05160172446454916
A252W,1545.0,483.0,-2.0629613989510016,0.05296989891326749
A252Y,1395.0,461.0,-1.9828756999328432,0.05453627932113757
A252_,922.0,145.0,-3.054100191348832,0.08982693218982926
A273C,1020.0,1808.0,0.4403491746959194,0.04027023106640929
A273D,1150.0,205.0,-2.8733504041412026,0.07639098882332893
A273E,412.0,395.0,-0.4462603634475757,0.07104168996472966
A273F,1341.0,1873.0,0.09656842024887036,0.03698406754740769
A273G,946.0,1190.0,-0.05442382844942184,0.044560240462447366
A273H,1345.0,825.0,-1.0906035738680981,0.045208517945230293
A273I,769.0,1085.0,0.11116388914885889,0.04806493917296555
A273K,1321.0,1867.0,0.11361808076272606,0.03715948048730582
A273L,1279.0,1883.0,0.17254293122602338,0.037431724778600114
A273M,1165.0,1505.0,-0.01603945185475375,0.040137561236328834
A273N,670.0,1068.0,0.28720043571197884,0.05017021563582317
A273P,1029.0,275.0,-2.289171204436383,0.06852921962789227
A273Q,2387.0,2393.0,-0.3818483710439504,0.030414348254216798
A273R,1163.0,1577.0,0.05385812040209803,0.03977642394032821
A273S,675.0,1078.0,0.28991959437495574,0.04997308668132562
A273T,754.0,1077.0,0.12890589660426421,0.048404065139811527
A273V,1099.0,1652.0,0.20254771983430597,0.040043073298077096
A273W,1185.0,1722.0,0.15372410066993458,0.038894808582903936
A273Y,691.0,870.0,-0.05314479160667673,0.05181489954220586
A273_,703.0,123.0,-2.9002397943997495,0.09818395960561235
A289C,1629.0,2048.0,-0.0552428867759196,0.03450164225630376
A289D,682.0,331.0,-1.428388277000205,0.06764263156503234
A289E,747.0,963.0,-0.019046963170620046,0.049651743776377
A289F,1611.0,1948.0,-0.11143455220650189,0.034961231063607004
A289G,864.0,1099.0,-0.03838558803980696,0.046427562056060356
A289H,955.0,878.0,-0.5067486548968176,0.04768923699617872
A289I,857.0,633.0,-0.8225539339695862,0.053242990912135926
A289K,1111.0,506.0,-1.520104187058914,0.05444760890147491
A289L,872.0,934.0,-0.28637686965589193,0.04801711014932526
A289M,1606.0,2300.0,0.13268907141210473,0.03384754830660996
A289N,1229.0,1620.0,0.013035877826230724,0.03897637552067756
A289P,975.0,205.0,-2.635192918623047,0.077405788050632
A289Q,1139.0,742.0,-1.0037400645104242,0.04810260729154544
A289R,1014.0,376.0,-1.8166991303251745,0.06110566245203498
A289S,768.0,835.0,-0.2648018069942788,0.05087112644961291
A289T,594.0,769.0,-0.012955046234667478,0.055426178185041475
A289V,1181.0,1211.0,-0.3492805886697905,0.04196075038424964
A289W,993.0,942.0,-0.4615360576873302,0.04644150879308937
A289Y,827.0,1047.0,-0.04517164414705199,0.047460411037428825
A289_,790.0,141.0,-2.8715436236901795,0.09190058250769373
A312C,705.0,859.0,-0.10043898115351979,0.05167944540638894
A312D,1251.0,237.0,-2.7855436719782785,0.07146187834660223
A312E,1019.0,300.0,-2.149555900863236,0.06635345916558737
A312F,2135.0,2117.0,-0.3976849293920881,0.03207742017622237
A312G,2238.0,2455.0,-0.25195776791884983,0.030698054063725683
A312H,1175.0,708.0,-1.1163015790147064,0.048494130519968114
A312I,1257.0,1266.0,-0.37517751293022883,0.040910102353702425
A312K,1041.0,356.0,-1.9334644427826246,0.06211062796914127
A312L,1771.0,2580.0,0.15733411284843246,0.03225615640561658
A312M,1106.0,1521.0,0.07419502208649842,0.04061801951499422
A312N,1012.0,1154.0,-0.1960380065688998,0.044078235272043124
A312P,1484.0,316.0,-2.6169288822382746,0.06266196140042511
A312Q,1420.0,1728.0,-0.10225970945817453,0.0370288458697723
A312R,932.0,202.0,-2.5913889089477813,0.07817553663114356
A312S,1361.0,1875.0,0.07675043655450464,0.036827891965995924
A312T,1114.0,1521.0,0.06379726865543933,0.04053801379603986
A312V,959.0,1035.0,-0.27544324362835404,0.045794441945509676
A312W,1319.0,1434.0,-0.26487060404909357,0.03929000192845206
A312Y,877.0,548.0,-1.0638612597679407,0.055256101489086586
A312_,1149.0,146.0,-3.3617224548057685,0.08835935204013713
A321C,1122.0,1254.0,-0.22500686764137257,0.04215345939835969
A321D,1214.0,817.0,-0.9568248498838825,0.046215866858500876
A321E,1175.0,479.0,-1.6800155416862266,0.05501736411894571
A321F,724.0,722.0,-0.3894609913447251,0.053426898088099486
A321G,1754.0,2381.0,0.05544652051642318,0.03283788501591467
A321H,1098.0,554.0,-1.3723774573501908,0.05295257091739548
A321I,635.0,423.0,-0.9715577284516455,0.06345867423703465
A321K,1099.0,327.0,-2.1342680406416443,0.06368779290587577
A321L,688.0,748.0,-0.26484216317541875,0.053652236188188554
A321M,1319.0,1035.0,-0.7352809819489234,0.04257385682085266
A321N,902.0,644.0,-0.8715305238775253,0.05243682635182603
A321P,453.0,151.0,-1.9703689947344944,0.0944338364994359
A321Q,2259.0,1339.0,-1.1399941084522047,0.03574502595942898
A321R,1459.0,517.0,-1.8821958673046968,0.05203661696885524
A321S,1677.0,1631.0,-0.42559585057007254,0.03602264663611433
A321T,1408.0,1620.0,-0.18312504809172658,0.037626015569965116
A321V,1027.0,1194.0,-0.1681054961726698,0.04358243861938097
A321W,929.0,447.0,-1.4408572063148828,0.05832422974655389
A321Y,1293.0,796.0,-1.085345159108631,0.04602031646227748
A321_,1223.0,209.0,-2.934262512287126,0.07543427307972199
A328C,1154.0,1126.0,-0.4209062720377563,0.042928427368896425
A328D,2312.0,269.0,-3.4888861155185737,0.06510048147114474
A328E,1386.0,207.0,-3.128635486272892,0.07510256122656572
A328F,737.0,616.0,-0.6442006096680455,0.05539312811235688
A328G,1379.0,1754.0,-0.0384461321230809,0.037195359377291654
A328I,28.0,36.0,-0.023014570230843745,0.25211071717808614
A328K,599.0,161.0,-2.280899980273979,0.08926606438705885
A328L,1158.0,909.0,-0.7347498274490789,0.04529749428746514
A328M,1641.0,1446.0,-0.5679766873330707,0.037271351420598405
A328N,958.0,315.0,-1.990113273948511,0.06562429059290856
A328P,1106.0,302.0,-2.2581663908881646,0.06560117585376062
A328Q,981.0,365.0,-1.8118020397448973,0.06202598849028098
A328R,1225.0,243.0,-2.7191761247403576,0.07084907578229838
A328S,1717.0,2062.0,-0.12131729880919773,0.03399391371471551
A328T,1553.0,1307.0,-0.6342671264630191,0.03869406444216716
A328V,1209.0,1643.0,0.05704489727393325,0.03903814441259527
A328W,1582.0,619.0,-1.7391942843356896,0.048330163685632144
A328Y,1075.0,855.0,-0.7158070678792106,0.04677622844774817
A328_,1120.0,197.0,-2.892641033591268,0.0778263986237886
A347C,921.0,1098.0,-0.13186771854971902,0.045658709331907896
A347D,1050.0,577.0,-1.2492050269783697,0.05266553691154908
A347E,1275.0,729.0,-1.1919682390570534,0.04737346882934454
A347F,1004.0,671.0,-0.9668376529871265,0.05073964377577634
A347G,2400.0,2524.0,-0.3127929771806346,0.030017903877732992
A347H,1174.0,668.0,-1.1989732785749316,0.04936577516852551
A347I,822.0,1058.0,-0.021344772847532667,0.047433274628457686
A347K,1286.0,169.0,-3.3131915317722718,0.08235668318446981
A347L,1047.0,754.0,-0.8590898455056184,0.04867810341199368
A347M,1051.0,1042.0,-0.3978774594691217,0.04471424940785519
A347N,1075.0,990.0,-0.5043052636094512,0.04503919838260193
A347P,1577.0,399.0,-2.368165185919985,0.05682014536196791
A347Q,1573.0,923.0,-1.1545798452882399,0.042512944223679947
A347R,1397.0,201.0,-3.1824733535469854,0.07601911628139478
A347S,1814.0,2070.0,-0.19501485805699437,0.033504761002354756
A347T,561.0,657.0,-0.15758134423150771,0.05824741151484406
A347V,468.0,525.0,-0.21966464022047827,0.06426232787407005
A347W,1513.0,299.0,-2.724626069797759,0.06398061110022113
A347Y,1356.0,369.0,-2.2631061858304777,0.059461130388241426
A347_,958.0,192.0,-2.704329452320234,0.07962479010442157
A349C,1637.0,2077.0,-0.042025158956132014,0.03435907198770438
A349D,943.0,957.0,-0.36420925634305323,0.04683556321136699
A349E,886.0,1075.0,-0.1065149932160967,0.04633674585646616
A349F,1519.0,1905.0,-0.05880298291752206,0.03565767546947395
A349G,1364.0,1563.0,-0.18899739901042967,0.03822483886286454
A349H,884.0,1028.0,-0.16775048260131786,0.04682068757718833
A349I,942.0,1084.0,-0.1829064008247645,0.045522250052918496
A349K,703.0,904.0,-0.022676665908157645,0.05115517574246995
A349L,1033.0,1234.0,-0.12897032090434024,0.04320446415840254
A349M,1017.0,1327.0,-0.00162480874297799,0.0427207561203208
A349N,781.0,910.0,-0.1649288079874225,0.049673907022908144
A349P,389.0,378.0,-0.4268530278805267,0.07283045615553295
A349Q,1826.0,1737.0,-0.45755879280086287,0.034807452223401786
A349R,1351.0,1488.0,-0.2461243177459096,0.03873551528615297
A349S,878.0,1149.0,0.0026118912892929558,0.04579812567709813
A349T,737.0,877.0,-0.1345610878534016,0.05084570999996388
A349V,1206.0,1647.0,0.06413725838994111,0.03904556383132983
A349W,1091.0,1527.0,0.09957499845837336,0.0407390613602065
A349Y,1123.0,1449.0,-0.017773409474598267,0.04085101053619172
A349_,1249.0,234.0,-2.8016131268090207,0.07184824586598942
A357C,1432.0,1959.0,0.066613008433408,0.03601382709036356
A357D,1447.0,729.0,-1.3745345688463302,0.04637907073638116
A357E,994.0,568.0,-1.1928142230288366,0.05343007729921473
A357F,2021.0,1170.0,-1.1740257860845125,0.03791715090056513
A357G,1327.0,1269.0,-0.44994599097840204,0.04037083548340999
A357H,1709.0,615.0,-1.8599492512560256,0.04795141899536287
A357I,1675.0,1482.0,-0.5620847126007842,0.03687797879010041
A357K,659.0,186.0,-2.210390360101763,0.08355655202514098
A357L,2239.0,1077.0,-1.4412995126850916,0.03825358974899614
A357M,355.0,440.0,-0.0757935377874901,0.07195632259397987
A357N,930.0,577.0,-1.0741200932994355,0.053819551756843144
A357P,1377.0,218.0,-3.044543005600995,0.07349402268533566
A357Q,1838.0,730.0,-1.7176266703022445,0.044745118263462245
A357R,1340.0,393.0,-2.155076026443435,0.05812867006840173
A357S,1166.0,1575.0,0.04831064069222357,0.03975873313398249
A357T,921.0,1128.0,-0.09297905460242806,0.045392688656804785
A357V,652.0,855.0,0.005577015668230878,0.05283474662469538
A357W,1410.0,1424.0,-0.37121630325998867,0.038725595756401526
A357Y,1309.0,1145.0,-0.5785861067162759,0.041539205591055575
A357_,1220.0,182.0,-3.130273537138242,0.080013022106745
A362C,1682.0,1796.0,-0.29086108629377216,0.03520697712357188
A362D,1581.0,486.0,-2.0872587754984253,0.052709511276735205
A362E,1550.0,354.0,-2.515885690583549,0.0596502369480183
A362F,551.0,401.0,-0.8439104744544919,0.06630812297980813
A362G,1072.0,1496.0,0.09533126882108522,0.04110336394612292
A362H,1467.0,502.0,-1.9325608836989447,0.05255345356886245
A362I,1215.0,400.0,-1.9883304021242436,0.05840539935624705
A362K,1335.0,241.0,-2.855155821732691,0.07061499957899023
A362L,1201.0,900.0,-0.8017054133776611,0.045077111472928436
A362M,957.0,654.0,-0.934691491050538,0.051596166986643335
A362N,717.0,306.0,-1.6138846273589005,0.0689257747864635
A362P,1342.0,984.0,-0.8331207260426643,0.04300715573099712
A362Q,1641.0,552.0,-1.9572879090726558,0.0500914850229882
A362R,1748.0,318.0,-2.84403958688811,0.06168345798231008
A362S,1091.0,1067.0,-0.41756081441044923,0.04406807121961372
A362T,1953.0,1984.0,-0.3627502252689383,0.033230626608855625
A362V,1111.0,424.0,-1.7751717932427988,0.057850942333859935
A362W,772.0,166.0,-2.6028195731841706,0.08606548784342997
A362Y,621.0,139.0,-2.544898016183918,0.09429857780784227
A362_,907.0,146.0,-3.020521462792299,0.08966372914975154
A368C,1798.0,2231.0,-0.07417425091230978,0.03305469098585309
A368D,871.0,382.0,-1.5745490640860123,0.06208091206952924
A368E,927.0,625.0,-0.9541758154560647,0.052601578816635144
A368F,1992.0,2350.0,-0.1470281802743707,0.03187083768961273
A368G,631.0,863.0,0.0662442215121839,0.05321382097200047
A368H,1251.0,923.0,-0.824145324740885,0.0443957281892539
A368I,953.0,1199.0,-0.05418975278527416,0.04440206090543495
A368K,323.0,388.0,-0.12095518126042926,0.07590353896233915
A368L,2226.0,2710.0,-0.1016320849544683,0.030107329464169417
A368M,1510.0,1433.0,-0.4609796129166446,0.03805645523770671
A368N,1183.0,1408.0,-0.13427487484466205,0.040543042555247405
A368P,1635.0,559.0,-1.9338236494175627,0.04988695718822257
A368Q,2008.0,4799.0,0.8715001789382715,0.028188587723719766
A368R,944.0,170.0,-2.8586527203580054,0.08384230693416989
A368S,1397.0,1873.0,0.03754606799894589,0.036577713810251974
A368T,1418.0,1831.0,-0.016698222654619954,0.03660020472057728
A368V,1041.0,1283.0,-0.0839216985753568,0.042757892797615646
A368W,1149.0,1303.0,-0.2040133844019012,0.041544950860064954
A368Y,899.0,567.0,-1.0504331704727372,0.054444344828168845
A368_,1285.0,217.0,-2.951416343027853,0.07398987306651138
A381C,1664.0,1412.0,-0.6223839838819964,0.037381584873066934
A381D,661.0,850.0,-0.022662469827310794,0.05270206678542888
A381E,1230.0,1517.0,-0.08290963535298257,0.0395019953291933
A381F,743.0,1274.0,0.3924528824334965,0.047106419735036244
A381G,1073.0,1463.0,0.06180592284067554,0.041275837602898754
A381H,694.0,797.0,-0.18582881144228391,0.052761780755219395
A381I,591.0,832.0,0.10794814072028025,0.05460899245878376
A381K,430.0,511.0,-0.1364888731523779,0.06611089818601977
A381L,1189.0,1609.0,0.05094225737818281,0.039379571807385265
A381M,1133.0,1461.0,-0.018664728039098577,0.04068510088387454
A381N,1262.0,1757.0,0.09192887401338412,0.038075584713396844
A381P,2017.0,2629.0,-0.003168793392663183,0.031054296963108387
A381Q,875.0,1245.0,0.12331573390546335,0.04510282874300034
A381R,1309.0,1390.0,-0.2988510429277009,0.039643033032646185
A381S,1039.0,1202.0,-0.1752308274872334,0.04338904420848636
A381T,1801.0,2228.0,-0.07852067013538866,0.03304980636064297
A381V,1083.0,1445.0,0.03056272622492706,0.04127473707350288
A381W,895.0,1205.0,0.04359922573475128,0.04511528856800423
A381Y,840.0,1101.0,0.004878978150582469,0.04676466252694954
A381_,1770.0,2202.0,-0.07040667681530444,0.033276324658168724
A45C,416.0,526.0,-0.046998167546179026,0.06628052195857026
A45D,816.0,112.0,-3.2504294799314355,0.10120011938113373
A45E,557.0,87.0,-3.0639202912864825,0.11565658835817852
A45F,568.0,380.0,-0.9653491316979146,0.06693472014579845
A45G,929.0,901.0,-0.4296211943157324,0.04769166543702224
A45H,339.0,91.0,-2.282701036826081,0.11843050160581899
A45I,957.0,207.0,-2.594303724708653,0.07722577515041924
A45K,1025.0,151.0,-3.1483921768648457,0.0876692245033301
A45L,395.0,122.0,-2.0803599664652834,0.1039992579876357
A45M,512.0,623.0,-0.1023868536470447,0.06038552976535975
A45N,717.0,187.0,-2.3243480088856385,0.08264504218254357
A45P,1599.0,269.0,-2.9569174389361126,0.06656527296704369
A45Q,2004.0,238.0,-3.4592657991277185,0.06920056591793139
A45R,781.0,109.0,-3.22635072072897,0.10267462363966316
A45S,864.0,1138.0,0.011923133438972222,0.04609051519564397
A45T,582.0,375.0,-1.0195850608784784,0.06688044387343027
A45V,1052.0,247.0,-2.475977250296472,0.07132457555209004
A45W,1181.0,244.0,-2.6604791883715375,0.07094462810592843
A45Y,882.0,165.0,-2.8037117412386143,0.08533596806616604
A45_,562.0,98.0,-2.9050651266849297,0.109866204789868
A46C,1015.0,1330.0,0.0044729655855233474,0.04272353793056816
A46D,382.0,421.0,-0.24522608982375793,0.07128245009875099
A46E,550.0,657.0,-0.12901270635526085,0.058552628364775566
A46F,389.0,491.0,-0.04952502132569325,0.06852343454703651
A46G,724.0,956.0,0.015545898834838923,0.05015401513574652
A46H,807.0,915.0,-0.20426922653144075,0.04919594422033208
A46I,653.0,921.0,0.11064154938461801,0.05201297277444404
A46K,972.0,467.0,-1.4429879002112855,0.05708145452070518
A46L,391.0,578.0,0.1784187616530577,0.06614958731087134
A46M,646.0,797.0,-0.08242885816245504,0.053766790255155954
A46N,313.0,394.0,-0.05344668941916009,0.07629552698249957
A46P,636.0,468.0,-0.8279802792657573,0.0616216153781381
A46Q,886.0,989.0,-0.22680805995218023,0.04720150669095277
A46R,1361.0,326.0,-2.447159730067685,0.06237270002650513
A46S,1109.0,1458.0,0.009258053898626883,0.040936367149061424
A46T,147.0,209.0,0.12218748853565131,0.10805060435898871
A46V,1017.0,1278.0,-0.05590492632990163,0.04305758551643138
A46W,1092.0,1289.0,-0.14619279802205654,0.04218704043014818
A46Y,630.0,644.0,-0.35376182443583915,0.05681779642888601
A46_,321.0,51.0,-3.039236420917403,0.15102112980147303
A48C,505.0,332.0,-0.9905554465591502,0.07127644041888503
A48D,290.0,52.0,-2.8647118907872295,0.15087558899958678
A48E,584.0,125.0,-2.6094197530483596,0.09899431386202484
A48F,455.0,256.0,-1.2151682744931884,0.0786896816137814
A48G,460.0,587.0,-0.033750329556767156,0.06297323999862253
A48H,3389.0,1635.0,-1.4370346206363251,0.031542085461452096
A48I,999.0,169.0,-2.9488606951314456,0.08370194332388299
A48K,679.0,123.0,-2.8501274049332688,0.09843966381274118
A48L,326.0,54.0,-2.9790879511708006,0.14720969753354163
A48M,734.0,416.0,-1.2046516964082077,0.06208367183487075
A48N,361.0,415.0,-0.18436288698045278,0.07257962208458302
A48P,1219.0,192.0,-3.051926792857194,0.07820878834314056
A48Q,494.0,190.0,-1.7639350843379962,0.08587983524168884
A48R,511.0,94.0,-2.8279355780773354,0.11261567299693502
A48S,1079.0,1058.0,-0.41382515833176825,0.044273703251001224
A48T,717.0,168.0,-2.4789163212500736,0.08622599394513163
A48V,483.0,80.0,-2.9792710138383747,0.12106610956217016
A48W,624.0,108.0,-2.9158744462828308,0.10463821051395791
A48Y,1067.0,853.0,-0.70840932373999,0.04687997671976775
A48_,879.0,155.0,-2.888988474938235,0.08761880426690251
A62C,968.0,1369.0,0.11456894211372681,0.04303157808391776
A62D,786.0,225.0,-2.1900287338154127,0.07618864774968238
A62E,560.0,124.0,-2.560466313403003,0.09968832877870558
A62F,403.0,270.0,-0.9632729841038117,0.07920296219341741
A62G,1211.0,1582.0,7.775463604264843e-05,0.03932021042149345
A62H,502.0,321.0,-1.0305680487631834,0.07207894714869206
A62I,421.0,306.0,-0.8457458884777358,0.07570549673014304
A62K,474.0,101.0,-2.6158895547539807,0.10999038463725933
A62L,49.0,12.0,-2.414310182050741,0.32211203109136427
A62M,69.0,40.0,-1.1719149906420068,0.1989286801079058
A62N,969.0,1131.0,-0.16244196032083824,0.04477009329237064
A62P,829.0,208.0,-2.3802068037603066,0.078114876467237
A62Q,708.0,236.0,-1.9703919341217837,0.07574782310554273
A62R,576.0,106.0,-2.827363682911037,0.10610074458443407
A62S,567.0,764.0,0.044747155933655414,0.05622041796437398
A62T,64.0,93.0,0.15361834142983888,0.16267238778407764
A62V,850.0,994.0,-0.1596896346307819,0.04765183650998684
A62W,332.0,106.0,-2.0324965202596443,0.11195197408583443
A62Y,374.0,372.0,-0.3932056277407421,0.07382438460709541
A62_,473.0,83.0,-2.895983820759449,0.11936949461327234
A86C,810.0,790.0,-0.4215389901471216,0.05087803161162319
A86D,512.0,186.0,-1.8462619904364104,0.08612407667700135
A86E,573.0,269.0,-1.4763706994620653,0.07450314656679748
A86F,619.0,628.0,-0.36464537067950165,0.05741105118550287
A86G,486.0,490.0,-0.37364499327207135,0.06470363350565085
A86H,485.0,292.0,-1.1174669040055187,0.07466303029513456
A86I,543.0,541.0,-0.3907936921042774,0.06146703229561329
A86K,436.0,247.0,-1.2052619609714288,0.08018827313948497
A86L,557.0,378.0,-0.9447490143701396,0.06729745347522915
A86M,293.0,218.0,-0.8120257767365171,0.08993338109681391
A86N,577.0,492.0,-0.6153788700445117,0.062078707385571114
A86P,552.0,400.0,-0.8501285219678669,0.06633033668850086
A86Q,285.0,216.0,-0.7853846233347888,0.09069883573164857
A86R,771.0,444.0,-1.1816275890224919,0.06031099605206779
A86S,268.0,338.0,-0.05069108876857875,0.08232806988346798
A86T,645.0,559.0,-0.5919176227384249,0.05854447030612276
A86V,262.0,349.0,0.028176312054757346,0.0822806800685174
A86W,249.0,311.0,-0.06471289851827677,0.08555377461828419
A86Y,1181.0,554.0,-1.4775074443278884,0.05234471444258376
A86_,673.0,109.0,-3.0116376415248514,0.1036703767986109
C72A,767.0,964.0,-0.055667461441727184,0.049288054162030574
C72D,616.0,601.0,-0.4210349618048159,0.05809845759602851
C72E,538.0,652.0,-0.10820908326103407,0.058996906681689436
C72F,194.0,261.0,0.042503878842128806,0.09525680551712744
C72G,979.0,1083.0,-0.23981912345950285,0.04508888126052646
C72H,1480.0,1985.0,0.038069165227642365,0.03560423554632755
C72I,820.0,1070.0,-0.001559315230019287,0.047352747618696414
C72K,52.0,76.0,0.1619300100827381,0.18019836308508289
C72L,834.0,1219.0,0.16210318745246965,0.045908374884905484
C72M,964.0,1202.0,-0.06714130509930705,0.044243509700508214
C72N,635.0,758.0,-0.13003261647254316,0.05460986026612382
C72P,531.0,277.0,-1.3242711583305269,0.07470874355903144
C72Q,639.0,647.0,-0.3675206844607475,0.05655710902688462
C72R,650.0,626.0,-0.4397463964048205,0.0567809045425029
C72S,407.0,460.0,-0.20886920369085615,0.06869514214477793
C72T,300.0,299.0,-0.3902870418141955,0.08225452363448257
C72V,635.0,754.0,-0.137665840405929,0.05467390041295353
C72W,504.0,566.0,-0.21809500254577507,0.061960112441589305
C72Y,912.0,1154.0,-0.045936009167759195,0.04529058954832403
C72_,1457.0,242.0,-2.975342398655776,0.07004721568440513
D118A,854.0,891.0,-0.3242815259581615,0.048800440719212135
D118C,609.0,738.0,-0.10829573899095468,0.05554474800616259
D118E,518.0,613.0,-0.142539526528628,0.06041501552084703
D118F,415.0,435.0,-0.31756772013987344,0.06925743930953614
D118G,748.0,639.0,-0.6126892353146705,0.05468103820011325
D118H,721.0,829.0,-0.18409995086261333,0.05178239142186669
D118I,525.0,564.0,-0.2820943466726016,0.06136740594208565
D118K,368.0,490.0,0.027596035917503592,0.06961542085742956
D118L,872.0,1037.0,-0.1354569647513877,0.046896709627262834
D118M,400.0,333.0,-0.649940752450366,0.07477342446279318
D118N,1337.0,554.0,-1.6564965196975514,0.051392351678727174
D118P,602.0,305.0,-1.3664010947895964,0.07090767013567932
D118Q,470.0,648.0,0.07785443830095673,0.06131080693411222
D118R,686.0,745.0,-0.2664400026524376,0.05374182020830873
D118S,406.0,370.0,-0.5194211857075306,0.07248336264188363
D118T,446.0,458.0,-0.3471671456819445,0.06718389178860781
D118V,494.0,507.0,-0.34799622974255673,0.0639125409100937
D118W,682.0,553.0,-0.6879575105851883,0.05798926110791911
D118Y,307.0,351.0,-0.19224370213337316,0.07870425181523115
D118_,603.0,95.0,-3.051500840364591,0.11077802057644417
D179A,252.0,393.0,0.2556148530751816,0.08124515801227286
D179C,318.0,430.0,0.04982789156056011,0.07455398845718972
D179E,539.0,575.0,-0.2921951790304922,0.06068416612052968
D179F,470.0,487.0,-0.3342102423178934,0.06533892340830884
D179G,535.0,656.0,-0.09131823689264174,0.059005979587656854
D179H,568.0,702.0,-0.07989493381869917,0.0572121332990697
D179I,419.0,424.0,-0.36835657150925183,0.06952141761666916
D179K,886.0,928.0,-0.31865281672290546,0.04790036228228522
D179L,865.0,905.0,-0.32025326406552157,0.04846886469093864
D179M,409.0,454.0,-0.2348822282097789,0.0688166937033868
D179N,888.0,1119.0,-0.051895085535158536,0.04591269090989161
D179P,894.0,1336.0,0.19409774608111086,0.044218410093870696
D179Q,1078.0,1516.0,0.1064385224898281,0.0409325801079035
D179R,696.0,828.0,-0.13493002917620078,0.05227514254058494
D179S,1075.0,1255.0,-0.16212140680965437,0.04260569191707621
D179T,831.0,1055.0,-0.04115125559941024,0.04732259446226263
D179V,899.0,1186.0,0.01423691932354565,0.045207439313137046
D179W,792.0,911.0,-0.183521942053539,0.0494823988009225
D179Y,807.0,1034.0,-0.027878503964879897,0.04790057757762004
D179_,306.0,68.0,-2.555230188478455,0.13438676193445612
D239A,905.0,1122.0,-0.07539029081471593,0.045655585624882866
D239C,1475.0,916.0,-1.0727596684765217,0.04310298508199466
D239E,847.0,1087.0,-0.025555881347825604,0.046784538284620765
D239F,1155.0,597.0,-1.3375485266536273,0.05127398821535419
D239G,749.0,541.0,-0.8547999055213209,0.057198819985413034
D239H,1335.0,1028.0,-0.762466436461414,0.04254439941654934
D239I,1101.0,810.0,-0.828286134636742,0.047233719976240256
D239K,1919.0,385.0,-2.7028645927806014,0.05662730648378079
D239L,810.0,398.0,-1.4106052263511586,0.06192953273415799
D239M,1840.0,1266.0,-0.9248949929248442,0.037703755282034526
D239N,1152.0,674.0,-1.1587815251350255,0.04939554850192682
D239P,1134.0,989.0,-0.5828465353139398,0.04451014760740999
D239Q,1196.0,1270.0,-0.29885978174358385,0.04137297988001901
D239R,1050.0,322.0,-2.0906958571747154,0.06439006273698657
D239S,699.0,1063.0,0.2192999823982955,0.049593692136513934
D239T,1550.0,1052.0,-0.944599291129824,0.04103575408543005
D239V,1239.0,1109.0,-0.5453856433925273,0.04239122304446955
D239W,412.0,148.0,-1.862454888244276,0.0962893581039877
D239Y,632.0,226.0,-1.869030964729621,0.07807080829157993
D239_,1564.0,242.0,-3.0775813564768644,0.0697112432730749
D260A,1025.0,1322.0,-0.018375081304842666,0.04266425725550388
D260C,1210.0,1380.0,-0.19581043561927292,0.04048810393193673
D260E,1082.0,1334.0,-0.08341453775793628,0.04197666164739718
D260F,695.0,943.0,0.054769147576812394,0.050867249177899775
D260G,712.0,1108.0,0.25253130696227366,0.04894086498499278
D260H,883.0,1221.0,0.08210314815846687,0.0451630246562156
D260I,847.0,1032.0,-0.10046414361893774,0.047305614285954437
D260K,895.0,1040.0,-0.1688484928763847,0.04655158264596314
D260L,644.0,798.0,-0.0761464513899206,0.05379686540546903
D260M,1293.0,1519.0,-0.1530722517139682,0.03898624649572442
D260N,902.0,1156.0,-0.027531641407516183,0.045408085823741895
D260P,970.0,1338.0,0.07854718658612114,0.04320313015969904
D260Q,1058.0,1421.0,0.040093257426328854,0.04167865334795531
D260R,1489.0,1513.0,-0.36240210640327275,0.037692651872448586
D260S,1190.0,1631.0,0.06932174416920134,0.03926398830227922
D260T,545.0,723.0,0.022262713864686035,0.05749913157583944
D260V,576.0,728.0,-0.047605777058254084,0.05655000579219943
D260W,1776.0,1583.0,-0.5514395221715254,0.03581874537657349
D260Y,1068.0,1354.0,-0.04315694775642687,0.04198907575217986
D260_,922.0,134.0,-3.1679119238930493,0.09292433107518032
D290A,702.0,976.0,0.08993416148243227,0.05037137558007764
D290C,874.0,1134.0,-0.009758515496406162,0.04598035217954949
D290E,326.0,424.0,-0.006288114359673358,0.07425658349468682
D290F,922.0,893.0,-0.43157625351240814,0.047881206154154414
D290G,1004.0,1299.0,-0.013831288095826011,0.0430585381691238
D290H,1107.0,1335.0,-0.11528789230596637,0.04172058179048432
D290I,932.0,1030.0,-0.24122918172782093,0.046173898476120495
D290K,1138.0,1504.0,0.01683073797467216,0.040395925234755485
D290L,557.0,445.0,-0.7093356590190734,0.06427017268870007
D290M,2432.0,3439.0,0.11437396370890873,0.028110114857241013
D290N,1022.0,1333.0,-0.002191895638095964,0.042624647860208545
D290P,1428.0,1203.0,-0.6328276336430796,0.040245970886501385
D290Q,1211.0,1605.0,0.020901321490205405,0.03920485644926113
D290R,782.0,1011.0,-0.014931880508638251,0.04853947470903103
D290S,906.0,1183.0,-0.0006067965786993312,0.045135979527602135
D290T,1417.0,1621.0,-0.19142713504161657,0.037560955008509034
D290V,1372.0,1736.0,-0.045985924875238116,0.037324333731107044
D290W,1148.0,1311.0,-0.19392670527892797,0.04149768570379218
D290Y,1352.0,1778.0,0.009687429541640924,0.03728646821075798
D290_,680.0,110.0,-3.013391476773765,0.10319333315654272
D307A,543.0,90.0,-2.9782917560019815,0.11419140979237029
D307C,661.0,127.0,-2.7652001933006165,0.09733677050064264
D307E,532.0,169.0,-2.039814939593663,0.08879576707937752
D307F,1284.0,175.0,-3.2606173601742334,0.08112326432718704
D307G,860.0,146.0,-2.943756441137344,0.08999909902523257
D307H,1270.0,191.0,-3.1185899679346263,0.07817248906762692
D307I,1141.0,230.0,-2.6960131312560556,0.07288530885116384
D307K,1287.0,235.0,-2.8386993977382717,0.07155660345395233
D307L,1263.0,228.0,-2.8551672439771023,0.07256546424586552
D307M,798.0,172.0,-2.5993845714583665,0.08458692153766795
D307N,1595.0,274.0,-2.92673520497706,0.06606566308441092
D307P,1216.0,197.0,-3.011284513161314,0.07737222247014329
D307Q,762.0,143.0,-2.799164085705388,0.09161359844803806
D307R,1094.0,192.0,-2.8958427572881575,0.07880574335765352
D307S,760.0,171.0,-2.537407896832029,0.08515631562360226
D307T,1190.0,219.0,-2.8273752333956486,0.07412520019666297
D307V,1287.0,289.0,-2.5403021323947907,0.06576699251803919
D307W,1825.0,222.0,-3.42467798900841,0.07169699080144157
D307Y,814.0,127.0,-3.0655746136955466,0.09586499158207075
D307_,1070.0,152.0,-3.200856326234372,0.08718543430669115
D323A,932.0,1251.0,0.039205795975808755,0.04427774454296902
D323C,1041.0,1360.0,0.000163145829015221,0.04223871394527734
D323E,188.0,221.0,-0.15216793684817542,0.09965823015553961
D323F,1627.0,1830.0,-0.21584177247241154,0.035345213998470126
D323G,810.0,1186.0,0.16463436381257068,0.04653955897767382
D323H,1625.0,1862.0,-0.18905796161415278,0.03522285552115266
D323I,868.0,975.0,-0.2177648341726579,0.047601529863825064
D323K,2027.0,3005.0,0.18254639938599881,0.03023788602082071
D323L,1056.0,1361.0,-0.019416015802725006,0.042070463121928595
D323M,1232.0,1503.0,-0.09862954452718142,0.03956296210143323
D323N,1585.0,1975.0,-0.06810217080323655,0.03500645762032441
D323P,1026.0,1345.0,0.005101920520971248,0.04250121109771369
D323Q,1485.0,3507.0,0.8542987118851064,0.032353577890035796
D323R,884.0,1138.0,-0.02109154601369223,0.045805572830524555
D323S,1006.0,1216.0,-0.11195973932261705,0.04364174883543297
D323T,945.0,842.0,-0.5519624148784379,0.04831189181196106
D323V,1575.0,2309.0,0.16644324633779117,0.03400319578801101
D323W,1285.0,1511.0,-0.15173656450105133,0.039092553360561826
D323Y,724.0,816.0,-0.21289297806984475,0.05191229381567716
D323_,1324.0,202.0,-3.097885588070313,0.07611666027248007
D32A,507.0,624.0,-0.08591523980299698,0.06052355562257171
D32C,422.0,258.0,-1.095320388982997,0.07958420408664335
D32E,371.0,450.0,-0.10697119835151625,0.07075120252291466
D32F,591.0,603.0,-0.3564708004086361,0.0586394126637309
D32G,888.0,1130.0,-0.037782474712211744,0.045817857265188396
D32H,739.0,845.0,-0.19209565823843278,0.05123274625501039
D32I,679.0,456.0,-0.959837545917555,0.061268926910078125
D32K,936.0,1148.0,-0.09093082560531585,0.045029455745617286
D32L,829.0,474.0,-1.1919421953912002,0.0583449473347365
D32M,266.0,216.0,-0.6858525654295233,0.09207001224350929
D32N,720.0,782.0,-0.2663000739931851,0.052496097988907905
D32P,297.0,265.0,-0.5499348921745435,0.08502086328776494
D32Q,523.0,609.0,-0.16584280003548457,0.0603509169102389
D32R,891.0,1054.0,-0.14309516026019242,0.04646820569241987
D32S,392.0,428.0,-0.2587161396018951,0.07053767802492356
D32T,523.0,524.0,-0.38271437369821726,0.06251867350613162
D32V,622.0,630.0,-0.3670332326179855,0.057299059905058146
D32W,1144.0,779.0,-0.9398560962640818,0.04739212467329731
D32Y,986.0,784.0,-0.7162004087255678,0.04876368639664464
D32_,714.0,120.0,-2.95825984086094,0.09910294765706662
D352A,1172.0,319.0,-2.262781511795109,0.06384471545395878
D352C,1868.0,752.0,-1.6981486129179042,0.044196303802706796
D352E,1003.0,1030.0,-0.34714783193554943,0.04534399709268061
D352F,1419.0,244.0,-2.925342764158183,0.06993657158149717
D352G,972.0,876.0,-0.5354940037889779,0.04752420603307301
D352H,1064.0,516.0,-1.4295109665894543,0.05446101733233341
D352I,1445.0,305.0,-2.629621214597256,0.06370896673412514
D352K,1520.0,689.0,-1.5269541745386315,0.04687710350134957
D352L,905.0,159.0,-2.8942864216424606,0.08649906064275636
D352M,1217.0,393.0,-2.0161732819422413,0.05877384734330442
D352N,964.0,907.0,-0.4733998415445333,0.047202457491148965
D352P,950.0,419.0,-1.5664282105975618,0.05939202861993183
D352Q,1390.0,1153.0,-0.6551604228907766,0.04092589803788409
D352R,1920.0,911.0,-1.4610452158680736,0.04131256577835159
D352S,1820.0,1109.0,-1.100144189231254,0.03923477199867735
D352T,1334.0,1050.0,-0.7308365998552437,0.04231082756377682
D352V,1114.0,405.0,-1.8452029347803833,0.05877880167883218
D352W,1175.0,232.0,-2.7258843270839126,0.07245295239333667
D352Y,1219.0,227.0,-2.8103523912496646,0.07289475139326267
D352_,1645.0,283.0,-2.92464160457061,0.06503505029544313
D39A,579.0,524.0,-0.5294641075106314,0.06102180835030997
D39C,422.0,64.0,-3.106378158244076,0.13446332492003224
D39E,618.0,256.0,-1.6569002044676981,0.07491601225045122
D39F,535.0,275.0,-1.3455519645495082,0.07479017335362571
D39G,770.0,766.0,-0.39298414216551514,0.051888005334984104
D39H,1069.0,668.0,-1.0638039302045046,0.050206007622274125
D39I,1249.0,338.0,-2.2711173797732824,0.06202693877176367
D39K,721.0,327.0,-1.5261547011507437,0.06732880849170256
D39L,928.0,247.0,-2.29504108856474,0.07220947559936775
D39M,743.0,286.0,-1.7627862241361871,0.07021732571380848
D39N,623.0,675.0,-0.2698166313688004,0.0563452294804413
D39P,334.0,158.0,-1.4653456175359727,0.09700953761932801
D39Q,869.0,343.0,-1.7265923282100282,0.06445398608269515
D39R,1343.0,523.0,-1.7460297970905274,0.05239103075283331
D39S,1042.0,1120.0,-0.28132769590735673,0.044053916263322106
D39T,458.0,271.0,-1.1425031976403535,0.07721058128595694
D39V,616.0,186.0,-2.1130437739529055,0.08418800389593188
D39W,1494.0,377.0,-2.3719852951627387,0.0583952376370795
D39Y,616.0,316.0,-1.3484537448643739,0.06982851688360851
D39_,638.0,96.0,-3.1177926390812045,0.10986887612634934
D63A,1410.0,265.0,-2.7970568757305228,0.06760822449049277
D63C,1169.0,185.0,-3.0450823001759835,0.07967905993165587
D63E,820.0,533.0,-1.0069490896323119,0.05642560952614566
D63F,798.0,181.0,-2.525807609551138,0.0828606569010675
D63G,1291.0,239.0,-2.818827476103025,0.07104032218576196
D63H,574.0,105.0,-2.8360193362119093,0.10655161748019847
D63I,2681.0,210.0,-4.059716855707373,0.07226954029213761
D63K,924.0,152.0,-2.989212416791907,0.08802822626864333
D63L,1071.0,157.0,-3.155513784206766,0.08597054064274956
D63M,1090.0,183.0,-2.9598171697597913,0.08043518968678302
D63N,526.0,107.0,-2.682814791627335,0.10646238892700981
D63P,742.0,147.0,-2.720994522147672,0.09076433088274745
D63Q,602.0,104.0,-2.9185353957919133,0.10660101689009742
D63R,1238.0,237.0,-2.7704733181245773,0.07152058342173102
D63S,807.0,122.0,-3.111057340367039,0.09758794085897907
D63T,741.0,120.0,-3.011808572903602,0.09884514696715291
D63V,324.0,43.0,-3.298764489998896,0.1625575161509546
D63W,719.0,134.0,-2.8091413616962884,0.09455763116374401
D63Y,654.0,131.0,-2.705105944506565,0.09617821167566273
D63_,1734.0,281.0,-3.010889028817139,0.0649884977724962
E152A,760.0,796.0,-0.3187020326428023,0.051577635314021805
E152C,333.0,396.0,-0.13549882563020876,0.07494208605443424
E152D,696.0,710.0,-0.3567388765260482,0.05416093160331402
E152F,889.0,931.0,-0.3188731697128828,0.04782430070067447
E152G,471.0,529.0,-0.21793288212796735,0.06404401055045801
E152H,528.0,558.0,-0.3057444628686872,0.06143452435406013
E152I,588.0,620.0,-0.3090193922428588,0.05832446519270128
E152K,435.0,470.0,-0.27382730022711854,0.06719097196615285
E152L,594.0,533.0,-0.5417948047838097,0.06039723031226938
E152M,478.0,433.0,-0.5281106429821243,0.06700475064657731
E152N,319.0,324.0,-0.36303349513030536,0.07943070657433332
E152P,346.0,363.0,-0.31627462865590505,0.07571690438093068
E152Q,471.0,585.0,-0.07276659038852262,0.06261536826056938
E152R,1041.0,953.0,-0.5128908560330094,0.045805318221899226
E152S,468.0,586.0,-0.06108425883630808,0.0627006912303006
E152T,722.0,927.0,-0.02490410342629712,0.05051706703386818
E152V,454.0,451.0,-0.3950348390070646,0.0671420514487034
E152W,1013.0,988.0,-0.4215210531970728,0.04568924676440195
E152Y,416.0,426.0,-0.3512010983310123,0.06956555029125883
E152_,978.0,188.0,-2.7645100039717754,0.08018456914724569
E192A,471.0,673.0,0.12940006512509417,0.06080439026830316
E192C,896.0,1002.0,-0.22416001854406087,0.046928324958831626
E192D,1338.0,1822.0,0.059971792552904635,0.03720803215242029
E192F,819.0,782.0,-0.45216419722906664,0.05087196691470763
E192G,426.0,520.0,-0.09781811535865614,0.06601982549502372
E192H,597.0,749.0,-0.058240303208907385,0.05566259208263587
E192I,888.0,777.0,-0.5781129433790486,0.050013126747381516
E192K,111.0,138.0,-0.07138702325920043,0.12783686435630146
E192L,807.0,729.0,-0.5321181325289697,0.05195267070068031
E192M,638.0,653.0,-0.3519441379928798,0.05645315179750482
E192N,1268.0,1520.0,-0.12395549444783427,0.03917578845526262
E192P,1078.0,1458.0,0.050159867212788534,0.04125186311682281
E192Q,926.0,1129.0,-0.09951160014519633,0.04531940391351503
E192R,1527.0,892.0,-1.161047907476323,0.043175837025745234
E192S,346.0,400.0,-0.1762478530693583,0.07401514751892133
E192T,1028.0,1025.0,-0.3896865000729708,0.045128351402097006
E192V,422.0,443.0,-0.31540810706809186,0.06866667431863663
E192W,1031.0,885.0,-0.6057628502920984,0.046776790305629846
E192Y,860.0,934.0,-0.2663856253215906,0.0481834432598522
E192_,817.0,151.0,-2.821179833950774,0.08907450765348214
E222A,658.0,128.0,-2.74732317922426,0.09705585050709556
E222C,863.0,157.0,-2.8439910152674566,0.08726953010694807
E222D,644.0,233.0,-1.852161404816517,0.07702367753286099
E222F,1173.0,203.0,-2.916062799357161,0.0765936554229299
E222G,1100.0,219.0,-2.7139181755254125,0.07458752493569992
E222H,1086.0,248.0,-2.5160373761733474,0.0710007886797613
E222I,862.0,148.0,-2.927480140209509,0.0894683982102089
E222K,826.0,130.0,-3.0530068384000426,0.09481861524570664
E222L,928.0,129.0,-3.2321276397596037,0.0944305373258141
E222M,915.0,124.0,-3.268801234520774,0.09615073960680767
E222N,1025.0,200.0,-2.7429641330208776,0.07786889577639929
E222P,1073.0,178.0,-2.9771035135012465,0.0814729057519686
E222Q,917.0,240.0,-2.3193131359766523,0.07311093208629499
E222R,1165.0,171.0,-3.1536599289333953,0.08242686249333127
E222S,944.0,159.0,-2.955154830445643,0.08623478496684905
E222T,892.0,144.0,-3.016361074768114,0.09029529649400872
E222V,620.0,117.0,-2.791129839125439,0.10122929411211469
E222W,1034.0,181.0,-2.899579017367567,0.08111645929483977
E222Y,1291.0,335.0,-2.3316942964042227,0.06203053715957551
E222_,667.0,113.0,-2.9467281380860477,0.10215780450490321
E268A,1121.0,1324.0,-0.14535531555525516,0.04165991701726531
E268C,763.0,994.0,-0.003911785725233763,0.049039163816324546
E268D,723.0,858.0,-0.13849132541892129,0.05134986849999138
E268F,750.0,859.0,-0.18970509144193315,0.050849395634750404
E268G,337.0,526.0,0.25682863985876736,0.07040305548404245
E268H,1252.0,1601.0,-0.03073395265643475,0.03887847813046418
E268I,1078.0,1490.0,0.081481265726155,0.041072938704850306
E268K,490.0,493.0,-0.3766644681324749,0.06447748273427172
E268L,716.0,994.0,0.08781044268164706,0.049908609617123165
E268M,936.0,1246.0,0.027249612333181794,0.04426218600912611
E268N,1022.0,1230.0,-0.11820945419811224,0.04335527887586745
E268P,1261.0,1768.0,0.10207653189812715,0.03803731670712916
E268Q,831.0,1070.0,-0.020783649606931576,0.04718199166469396
E268R,1283.0,1255.0,-0.41730374172236884,0.04079752726198916
E268S,844.0,1087.0,-0.020436971265931803,0.046829365810214234
E268T,839.0,1092.0,-0.005244029743248113,0.04685977076320327
E268V,1040.0,1533.0,0.17429952117855763,0.04125597363575077
E268W,862.0,1095.0,-0.04030265221448737,0.046492232656824665
E268Y,1042.0,1369.0,0.008293675531805711,0.04217052550519124
E268_,1117.0,195.0,-2.9034922763600255,0.07817546909787897
E356A,895.0,1082.0,-0.11173206054507556,0.0461489599761432
E356C,1580.0,1551.0,-0.4121958876485161,0.03695758696411134
E356D,1191.0,1291.0,-0.2691555371847745,0.04126045964724723
E356F,1325.0,604.0,-1.5188290941010774,0.04998527475703172
E356G,1274.0,1208.0,-0.4622143905799847,0.041242521637004446
E356H,1228.0,1389.0,-0.20773550948254194,0.040279989034321964
E356I,969.0,633.0,-0.9997534495394218,0.05196103970613592
E356K,1130.0,1259.0,-0.2295159840767882,0.04204090230317555
E356L,1822.0,991.0,-1.2640295432362598,0.04057253554133005
E356M,1489.0,857.0,-1.1824396856537969,0.04389361421509084
E356N,892.0,994.0,-0.22926970436358918,0.04706702073015017
E356P,2346.0,1267.0,-1.274251438160185,0.03610720253254702
E356Q,906.0,1060.0,-0.15899119037436016,0.046209767173611485
E356R,1589.0,1450.0,-0.5175355404415538,0.03751250131776
E356S,1229.0,1586.0,-0.017564973330076228,0.03914576295016311
E356T,1467.0,1588.0,-0.2711288942127945,0.037411124642995126
E356V,834.0,869.0,-0.32616208968625493,0.049375862661779256
E356W,1191.0,581.0,-1.4210208130375825,0.05146823256932866
E356Y,869.0,503.0,-1.174255883519245,0.05680652665055864
E356_,841.0,135.0,-3.0245268716263505,0.09318862555968015
E376A,1011.0,1128.0,-0.22748759596792656,0.044315251803335
E376C,1080.0,1188.0,-0.2479678769757152,0.04307987683214395
E376D,1712.0,1915.0,-0.2238093892319526,0.034561740425179635
E376F,599.0,359.0,-1.124026244238724,0.0674023265332535
E376G,659.0,829.0,-0.054381039148296395,0.05302735522706363
E376H,763.0,817.0,-0.28681841476548,0.05121316938277485
E376I,1329.0,1171.0,-0.568068750429739,0.04116573984858528
E376K,1235.0,1148.0,-0.4908577008616586,0.04205944927547658
E376L,1557.0,950.0,-1.0982337918580312,0.04222667179078726
E376M,1756.0,1891.0,-0.2786142544617438,0.03444568842622539
E376N,1257.0,1442.0,-0.18738514398287887,0.039714352131040444
E376P,1537.0,909.0,-1.143228667102353,0.04288270562563872
E376Q,1104.0,1291.0,-0.15972325067187398,0.04205461822826319
E376R,1909.0,1340.0,-0.8960510793787946,0.036855250518422554
E376S,592.0,703.0,-0.1375465207140083,0.056567041707862586
E376T,1050.0,1143.0,-0.26303522862432427,0.0437660775654306
E376V,681.0,616.0,-0.5301923982735097,0.056391241942943655
E376W,1071.0,646.0,-1.114813734314274,0.050693948660173266
E376Y,1531.0,1417.0,-0.49710395281983066,0.03804063088991819
E376_,1390.0,755.0,-1.2659977903916828,0.04617488204688417
E385A,1114.0,1450.0,-0.005169519723414062,0.04093315410941577
E385C,663.0,829.0,-0.06311131217527866,0.0529409635581898
E385D,1280.0,1623.0,-0.042953378660658625,0.03854345241785352
E385F,1558.0,1990.0,-0.03239899915877276,0.03510796377757425
E385G,885.0,1224.0,0.08237949650493448,0.045112439564486496
E385H,1881.0,2526.0,0.039882645478519496,0.031870444217443956
E385I,1941.0,2196.0,-0.2073931131424116,0.03253892605063309
E385K,870.0,1170.0,0.04194678545589081,0.0457418878517377
E385L,1005.0,1338.0,0.027408855559288625,0.04278560766814195
E385M,353.0,484.0,0.06985761612862529,0.0706191803617125
E385N,1320.0,1795.0,0.057972835927384114,0.03745510189206211
E385P,1639.0,2050.0,-0.0626638957950254,0.03444040623715621
E385Q,1336.0,1721.0,-0.020145512491889672,0.037653236498508116
E385R,1231.0,1628.0,0.017796893518944756,0.038920465129551246
E385S,1029.0,1367.0,0.024296607766125078,0.04232665917747636
E385T,824.0,1074.0,-0.0031965110209624115,0.047253383065257726
E385V,1064.0,1294.0,-0.10313312988698087,0.04243638798005549
E385W,1049.0,1318.0,-0.05613730084984514,0.04242892907827654
E385Y,1080.0,1406.0,-0.00490800159806426,0.04153750746370354
E385_,1187.0,1548.0,-0.0023874842160118703,0.03970715582470409
E82A,1487.0,646.0,-1.5882561331561544,0.04804860837242727
E82C,647.0,444.0,-0.9286660272742555,0.062337688212724625
E82D,537.0,613.0,-0.1945085314199968,0.05984707305556342
E82F,715.0,344.0,-1.4409831025224262,0.06628490596214767
E82G,536.0,290.0,-1.2716274552434808,0.0734983569484951
E82H,554.0,280.0,-1.3699038527397178,0.07392250857391852
E82I,446.0,191.0,-1.6088980734964622,0.08698071549031273
E82K,362.0,146.0,-1.6954325561086057,0.09848560950429046
E82L,882.0,377.0,-1.6116624083639328,0.06224498541673533
E82M,662.0,278.0,-1.6371864186704617,0.07208161203071688
E82N,801.0,566.0,-0.8864628978985527,0.05570809439691695
E82P,468.0,255.0,-1.2614557203921324,0.07839857145380434
E82Q,924.0,494.0,-1.2888384056187352,0.05652171768301279
E82R,915.0,269.0,-2.151597893245099,0.06998880508888615
E82S,552.0,365.0,-0.9822285995503091,0.06811333960476494
E82T,358.0,178.0,-1.3935117828192265,0.09219053462546718
E82V,467.0,210.0,-1.5384656027586363,0.08361324336186693
E82W,537.0,313.0,-1.1642103912216735,0.07172979509058981
E82Y,775.0,451.0,-1.1665256901036916,0.05996470918608159
E82_,1040.0,194.0,-2.8078646653817723,0.07876621979540417
F10A,500.0,573.0,-0.18886681815985806,0.06191401231584761
F10C,394.0,516.0,0.003696592394826226,0.06755862837180852
F10D,434.0,454.0,-0.32047439586459436,0.06778571907932299
F10E,8.0,12.0,0.19889181695030622,0.45628511531566335
F10H,625.0,352.0,-1.2137330451223622,0.06729797519135863
F10I,473.0,482.0,-0.3582777929639782,0.06539862874711092
F10K,406.0,278.0,-0.9318486701595736,0.07841046559701642
F10L,295.0,324.0,-0.25019570486138054,0.08102008873056328
F10M,174.0,189.0,-0.26617783804826534,0.10547860540638897
F10N,1542.0,481.0,-2.0661435151121275,0.05306296035182299
F10P,644.0,492.0,-0.7738656382730333,0.06060911328546467
F10Q,576.0,512.0,-0.5553920569980688,0.06146041411737124
F10R,864.0,321.0,-1.8138999560797222,0.06603617525505788
F10S,761.0,757.0,-0.3930732396919874,0.05218471395989905
F10T,265.0,265.0,-0.3854701863466179,0.08737905757157474
F10V,825.0,833.0,-0.3715479780566415,0.05000786917609859
F10W,916.0,1091.0,-0.13324111443787334,0.045787418582787905
F10Y,1225.0,1413.0,-0.1794920368370594,0.04015275358702024
F10_,1368.0,239.0,-2.9024060766831665,0.07073279894237779
F129A,856.0,265.0,-2.0770510368176582,0.07092156119430788
F129C,530.0,192.0,-1.8503083170703762,0.08475277937999535
F129D,770.0,128.0,-2.9740908519589073,0.09591031648199842
F129E,640.0,83.0,-3.332207583611499,0.11703602702446773
F129G,576.0,89.0,-3.0795247119337192,0.11427593089036808
F129H,546.0,207.0,-1.7846970987820834,0.08216061997703812
F129I,326.0,393.0,-0.11582038275902029,0.07549880639568808
F129K,575.0,109.0,-2.7845967462596573,0.1048846280075175
F129L,805.0,683.0,-0.6225701898651366,0.05286343423711963
F129M,596.0,314.0,-1.3099962190363792,0.07036086150342218
F129N,772.0,156.0,-2.692451214903665,0.0882801235297107
F129P,832.0,49.0,-4.470923002833097,0.1472892477190233
F129Q,191.0,56.0,-2.155362023004252,0.1522415755407959
F129R,695.0,119.0,-2.9314211189184647,0.09964787070602392
F129S,248.0,53.0,-2.6115320332497625,0.15160697666341552
F129T,528.0,150.0,-2.200976762256614,0.09299645399311866
F129V,436.0,264.0,-1.1092388342169697,0.07854600798133875
F129W,526.0,585.0,-0.23209912732689997,0.0608168702745201
F129Y,505.0,600.0,-0.13679559670869956,0.06111474762263365
F129_,370.0,63.0,-2.9393817335537475,0.1366065191859303
F13A,715.0,884.0,-0.07937091604551672,0.05116644838057589
F13C,745.0,735.0,-0.4049660985061241,0.052829955974363386
F13D,409.0,161.0,-1.7304560088550396,0.09350902114961483
F13E,787.0,635.0,-0.6950728422261845,0.05416294779712118
F13G,708.0,695.0,-0.4122061876707521,0.05421671630073392
F13H,731.0,911.0,-0.06789443797016936,0.050535807235263915
F13I,883.0,488.0,-1.2409892517817962,0.057182541234145526
F13K,562.0,470.0,-0.6433745351918017,0.0632072523919289
F13L,371.0,382.0,-0.34331785467482234,0.07349348500327114
F13M,414.0,597.0,0.14261929567710752,0.06464231657314311
F13N,528.0,305.0,-1.1771788960644587,0.07253067787891217
F13P,358.0,340.0,-0.459892894071416,0.07630545664214633
F13Q,1303.0,1489.0,-0.19296489940610329,0.0390801184657389
F13R,1216.0,203.0,-2.9680025798538496,0.07639661025202883
F13S,1042.0,882.0,-0.6259723914491149,0.046708375701135105
F13T,176.0,72.0,-1.6748584121244612,0.1402022474602157
F13V,613.0,412.0,-0.958701441209759,0.06439437081566068
F13W,727.0,690.0,-0.46082812449042887,0.053971899501285656
F13Y,508.0,584.0,-0.1843340099972215,0.061392013434243504
F13_,499.0,98.0,-2.733538052733957,0.11088382677972605
F140A,771.0,143.0,-2.816103727122134,0.09152995533449018
F140C,408.0,176.0,-1.598417300439559,0.09066769198039373
F140D,531.0,90.0,-2.9460520194192794,0.11437348934697954
F140E,1245.0,185.0,-3.13595235924305,0.07935070457129421
F140G,656.0,138.0,-2.6344151869900685,0.09411925114111144
F140H,515.0,150.0,-2.1650119546817397,0.09325313292566124
F140I,711.0,332.0,-1.484113341530426,0.06713137961979393
F140K,454.0,75.0,-2.983039413699524,0.12498946006746431
F140L,665.0,812.0,-0.09734872697824226,0.05313627190531821
F140M,742.0,620.0,-0.6446173318043575,0.055215782367712705
F140N,640.0,252.0,-1.7300836510006388,0.07495856701749203
F140P,330.0,54.0,-2.996681474784328,0.14708336303877628
F140Q,601.0,126.0,-2.6393209532043223,0.09842742813698838
F140R,316.0,52.0,-2.9885794558862306,0.1499324621849921
F140S,849.0,162.0,-2.7751688672884756,0.08624682949156162
F140T,540.0,104.0,-2.7617340675756425,0.10749182473977581
F140V,676.0,172.0,-2.3600223342310223,0.08591331808588457
F140W,1009.0,362.0,-1.8643092036612154,0.061980962925531416
F140Y,466.0,456.0,-0.41676563792279175,0.0665358981474608
F140_,1021.0,192.0,-2.7962138282399405,0.07921931011878168
F149A,600.0,701.0,-0.16102170716724373,0.05640360575433901
F149C,480.0,649.0,0.04970605954670315,0.060928752805125254
F149D,430.0,359.0,-0.6458163668386669,0.07210533769248784
F149E,278.0,150.0,-1.275548286682417,0.10174197680733227
F149G,488.0,617.0,-0.047087025654064085,0.06130311812162081
F149H,294.0,295.0,-0.38057155327138403,0.08294079296322152
F149I,298.0,402.0,0.046400460087138384,0.07701497960820651
F149K,704.0,470.0,-0.9683746557880335,0.060301437410715863
F149L,553.0,671.0,-0.10644148815214294,0.05819614247587792
F149M,484.0,534.0,-0.2436402828664077,0.06345795302460536
F149N,417.0,331.0,-0.718677364278105,0.07421115463828393
F149P,666.0,634.0,-0.45650842994071894,0.056275712558401976
F149Q,389.0,357.0,-0.5093129430433168,0.07389103241213223
F149R,659.0,489.0,-0.8159065757576762,0.060420114958520954
F149S,717.0,703.0,-0.413918215273557,0.05390130090605961
F149T,185.0,246.0,0.02564352201608422,0.0977660642942164
F149V,460.0,640.0,0.09095903693549978,0.06184299516303578
F149W,820.0,968.0,-0.14608973851474527,0.048381392924945366
F149Y,514.0,483.0,-0.4752135552752552,0.06406288029046044
F149_,511.0,96.0,-2.797565126159654,0.11162752911303954
F159A,448.0,435.0,-0.42795255530100107,0.06796400106906146
F159C,389.0,453.0,-0.16573453086486545,0.06975886662170434
F159D,859.0,100.0,-3.488000850374366,0.10607236011618099
F159E,377.0,98.0,-2.329072116496234,0.11377040354199446
F159G,731.0,848.0,-0.17128005069822994,0.05133630682354698
F159H,624.0,383.0,-1.0896572754254024,0.06558697269681038
F159I,345.0,360.0,-0.3240713840183398,0.07592352737740102
F159K,639.0,262.0,-1.6716868193212928,0.07395798560796656
F159L,850.0,963.0,-0.20539922113208675,0.04799043907430559
F159M,1060.0,1270.0,-0.12470820464527854,0.04264970551204456
F159N,735.0,807.0,-0.2506475140117903,0.05184479148467884
F159P,663.0,628.0,-0.46371328484160745,0.05646962801296272
F159Q,321.0,116.0,-1.8538392565103825,0.10873513225726396
F159R,789.0,210.0,-2.295055745558134,0.07821319424273253
F159S,1044.0,1195.0,-0.19058302618889034,0.04339208443160457
F159T,476.0,529.0,-0.23316707408130988,0.06386966662657621
F159V,1393.0,1120.0,-0.7001641875658322,0.04121812448673983
F159W,352.0,347.0,-0.4061093618511604,0.07622863239605948
F159Y,524.0,442.0,-0.6309855207879655,0.06526076508844862
F159_,978.0,159.0,-3.006201904738152,0.08602099603333913
F161A,843.0,788.0,-0.4828059933544626,0.05043272406387768
F161C,1155.0,873.0,-0.789305444210938,0.04581997708353621
F161D,470.0,642.0,0.06443413060842129,0.06142830879906594
F161E,977.0,1243.0,-0.03807751725837871,0.043774929047393614
F161G,483.0,483.0,-0.3854701863466179,0.06503011379024877
F161H,681.0,611.0,-0.5419501774967168,0.05650890480754588
F161I,734.0,961.0,0.0032815388293023773,0.04991158018279299
F161K,815.0,948.0,-0.16738567001598792,0.048683001988621716
F161L,636.0,829.0,-0.003130131110911094,0.053542273653919975
F161M,565.0,734.0,-0.007946869893593167,0.05674922129104446
F161N,1002.0,952.0,-0.45931846003605514,0.04622356374451695
F161P,662.0,391.0,-1.1451176915587844,0.06446894777625187
F161Q,406.0,328.0,-0.6932456489022929,0.07483245112403415
F161R,365.0,382.0,-0.3197957710367749,0.07379429630701559
F161S,787.0,916.0,-0.1664888053569289,0.04950290600428883
F161T,1063.0,1245.0,-0.15746802491248602,0.04280357463418062
F161V,985.0,1287.0,0.0003428006626595703,0.04336389671430038
F161W,649.0,767.0,-0.14446550671842218,0.05415521169287208
F161Y,755.0,658.0,-0.5838564299509166,0.05415195462712872
F161_,626.0,137.0,-2.5773746940170366,0.09478591967651168
F16A,732.0,757.0,-0.3370211855261651,0.0526811422390145
F16C,220.0,143.0,-1.0069232544121416,0.10782384072133153
F16D,1277.0,416.0,-2.003549895645187,0.05722833453357584
F16E,564.0,198.0,-1.8956176365923598,0.08313532868258405
F16G,819.0,743.0,-0.5259696256355086,0.051527448003287554
F16H,263.0,444.0,0.37000432919493065,0.07837444102999798
F16I,556.0,168.0,-2.1120339116614364,0.08853682932773314
F16K,1119.0,522.0,-1.4855437658412916,0.05382874562424682
F16L,888.0,312.0,-1.8944538408241174,0.06647821901578654
F16M,250.0,181.0,-0.8513865858664404,0.09804392556205681
F16N,455.0,593.0,-0.003312005573891774,0.06302603254410116
F16Q,321.0,236.0,-0.8292404373270941,0.08625828092285794
F16R,1184.0,430.0,-1.8467093366016432,0.05708177864662896
F16S,870.0,809.0,-0.4903446343032458,0.04973635912146514
F16T,123.0,101.0,-0.6697476624238075,0.13460180144124095
F16V,1113.0,339.0,-2.100537005965438,0.06274109256827953
F16W,368.0,580.0,0.27086261831236325,0.0673026028331757
F16Y,942.0,1363.0,0.14751168035745188,0.04339867356861435
F16_,296.0,51.0,-2.9222640952273897,0.15188969070532535
F170A,969.0,1158.0,-0.12840593373674825,0.044539265531836264
F170C,938.0,1125.0,-0.1232075693208321,0.04520157499587699
F170D,911.0,958.0,-0.3128963613460112,0.04721999481893314
F170E,383.0,502.0,0.004863856551907908,0.0684916400596753
F170G,474.0,585.0,-0.08192639581437966,0.06250797790683608
F170H,785.0,1037.0,0.016176682655866692,0.04823271355442832
F170I,588.0,648.0,-0.24529480007909843,0.05772392996236686
F170K,782.0,879.0,-0.21677766435879242,0.050046120631995594
F170L,840.0,1060.0,-0.049870719134535335,0.04713877410088071
F170M,886.0,1190.0,0.040108623582622016,0.04535635770801884
F170N,754.0,1030.0,0.06453259537567213,0.04883975222048638
F170P,736.0,853.0,-0.1726328996968851,0.05117822847507916
F170Q,750.0,826.0,-0.24622077018012423,0.05130467162999358
F170R,677.0,167.0,-2.4047128410707375,0.08690778529295919
F170S,473.0,545.0,-0.18105816942576158,0.06353867803554054
F170T,697.0,910.0,-0.0007671419135526492,0.05120354819459912
F170V,954.0,1103.0,-0.17610060959285523,0.04519990945722786
F170W,741.0,973.0,0.007491433902298894,0.049653426858732266
F170Y,794.0,936.0,-0.14810342042826274,0.04915291766623657
F170_,833.0,144.0,-2.9176350057570373,0.09073391143590316
F188A,750.0,1005.0,0.03675793363390767,0.049158368663513065
F188C,940.0,1804.0,0.554989139784543,0.04130803555279191
F188D,619.0,780.0,-0.0519402825178803,0.05464185494314693
F188E,299.0,418.0,0.09787353549532973,0.07632084707512576
F188G,692.0,912.0,0.012786571075647402,0.05128118277604368
F188H,781.0,1028.0,0.010971186346041328,0.04838761410792816
F188I,628.0,966.0,0.23578040558343183,0.052112685426422285
F188K,473.0,646.0,0.06421562694580807,0.061239681102846916
F188L,1552.0,2523.0,0.31553788491867296,0.033598994041828645
F188M,829.0,4022.0,1.8929850727373045,0.03928237071123277
F188N,371.0,490.0,0.015882932355939516,0.0694574293787406
F188P,916.0,1173.0,-0.02869012713691088,0.04508229662394206
F188Q,565.0,709.0,-0.05794061244463489,0.057170903443040134
F188R,537.0,703.0,0.003126070993073604,0.05807609032370526
F188S,861.0,1216.0,0.11258300797710952,0.045519260029728024
F188T,781.0,1056.0,0.04974038440059303,0.04812035686964013
F188V,677.0,749.0,-0.2396623499367987,0.05385530052719204
F188W,757.0,966.0,-0.03374442077539275,0.04944074395452929
F188Y,589.0,848.0,0.14031896343342343,0.05445374276054346
F188_,952.0,208.0,-2.5797940271223094,0.07711086170572021
F204A,1032.0,1068.0,-0.3360019813004058,0.044648833787112804
F204C,1093.0,961.0,-0.5711534382327903,0.045207203959981755
F204D,407.0,83.0,-2.6791773776736196,0.12079692928724603
F204E,571.0,113.0,-2.7225357587071954,0.10338409905924142
F204G,1078.0,744.0,-0.9204468300678368,0.048578985318780715
F204H,347.0,196.0,-1.2095201654243848,0.08984295483129609
F204I,822.0,957.0,-0.16609213136555034,0.04847335404236181
F204K,248.0,60.0,-2.432593644001015,0.1441672622708969
F204L,1156.0,1341.0,-0.17130406863758285,0.04121851153552591
F204M,431.0,602.0,0.09659592334435363,0.06379222866012325
F204N,437.0,94.0,-2.6022503473756657,0.11407742149052842
F204P,643.0,153.0,-2.4566854170321575,0.0904373871805345
F204Q,1066.0,338.0,-2.04255332383088,0.06312514978319296
F204R,377.0,81.0,-2.6039010644908,0.12282027218104018
F204S,663.0,317.0,-1.4499724660951454,0.06892722377892803
F204T,498.0,415.0,-0.6484987983524002,0.06712515905619638
F204V,566.0,691.0,-0.09759113966254152,0.05746411903458475
F204W,1076.0,1340.0,-0.06891790510155094,0.04199806137251457
F204Y,378.0,537.0,0.12105436696638261,0.06779240411122497
F204_,767.0,147.0,-2.768801279292135,0.09052202491788128
F216A,537.0,780.0,0.15307347980998998,0.05685430714004975
F216C,919.0,1291.0,0.10487752420189267,0.04416932712835018
F216D,1319.0,591.0,-1.5436712422961802,0.05038231626580668
F216E,439.0,387.0,-0.5673531441160584,0.07035609198930641
F216G,455.0,682.0,0.19842445408775422,0.06125538943558241
F216H,334.0,357.0,-0.28939699754744463,0.07670188396750015
F216I,873.0,1221.0,0.09853474502541815,0.045306412808936304
F216K,776.0,681.0,-0.5738694470391605,0.053341026285286045
F216L,636.0,853.0,0.03804301907144314,0.053224394785210606
F216M,635.0,897.0,0.1128745709521688,0.0527049125069241
F216N,547.0,834.0,0.22302728826373208,0.05581542092931508
F216P,967.0,944.0,-0.42019885296584913,0.04670803957145567
F216Q,585.0,849.0,0.15185007426711827,0.05454749853557913
F216R,635.0,100.0,-3.0521052353683773,0.10799070853007284
F216S,466.0,674.0,0.1469388962042295,0.060973345728397195
F216T,1150.0,1212.0,-0.3097149904498053,0.042223785188040895
F216V,869.0,1239.0,0.12627296127175747,0.04523323347882477
F216W,695.0,450.0,-1.0125468612595574,0.06123083976063418
F216Y,688.0,583.0,-0.6243790912571292,0.05706941711941257
F216_,1244.0,143.0,-3.506280332641518,0.08879518423704529
F221A,924.0,477.0,-1.3393591403933458,0.05715633086346422
F221C,797.0,578.0,-0.848973559385847,0.055434447365180356
F221D,745.0,150.0,-2.697671299640856,0.08998166920528766
F221E,708.0,221.0,-2.0651282751011726,0.07762284618084317
F221G,1073.0,307.0,-2.190776154545592,0.06540179916735116
F221H,436.0,261.0,-1.12572632889683,0.07882265467036338
F221I,1048.0,1104.0,-0.3103694293835968,0.04413833871082667
F221K,1392.0,242.0,-2.90950119480617,0.07027560729955781
F221L,328.0,324.0,-0.40317164507692027,0.0788874306531874
F221M,2088.0,807.0,-1.756940351929979,0.04250037183743281
F221N,520.0,203.0,-1.7424587590877083,0.08328937712175506
F221P,1199.0,254.0,-2.624356677524948,0.06970716577000483
F221Q,1147.0,797.0,-0.9106784248482134,0.04706098236404798
F221R,1928.0,144.0,-4.1283418202959,0.08689560640625608
F221S,731.0,171.0,-2.4812806375241996,0.08546225056770343
F221T,942.0,412.0,-1.5785332074839031,0.05980719095683524
F221V,705.0,643.0,-0.5182727331567367,0.0553337152440979
F221W,665.0,493.0,-0.8172293115621043,0.060168994404040915
F221Y,1035.0,438.0,-1.6260791802803736,0.057770596475092514
F221_,743.0,135.0,-2.8457855445229194,0.09402632788847858
F250A,1279.0,1564.0,-0.09524799338085455,0.03885166014193061
F250C,560.0,697.0,-0.06974342111546683,0.05752040266764207
F250D,975.0,436.0,-1.546525978046657,0.05837268679015887
F250E,1434.0,1112.0,-0.7523555091068785,0.04104670966404468
F250G,679.0,868.0,-0.03119134452518857,0.05208653856200277
F250H,1279.0,1245.0,-0.4243404002306814,0.04090569391411437
F250I,1060.0,1332.0,-0.05594314798909927,0.042217853094996705
F250K,966.0,250.0,-2.335522508526765,0.07157681647327829
F250L,742.0,1042.0,0.10438840148812822,0.04894475558297424
F250M,529.0,642.0,-0.1061694114881897,0.0594655047079769
F250N,602.0,515.0,-0.61065719264663,0.06075381900466354
F250P,885.0,710.0,-0.7033245989663461,0.051250134451596464
F250Q,651.0,481.0,-0.8220830034380366,0.060854319903916716
F250R,945.0,158.0,-2.9657839168880784,0.08645876422830721
F250S,1132.0,1138.0,-0.3778436540663481,0.04301541586170707
F250T,385.0,420.0,-0.25994242690156977,0.07117896814370064
F250V,1884.0,1589.0,-0.6311486049721724,0.03533157347508649
F250W,830.0,1045.0,-0.05315406174779813,0.047433617636751
F250Y,885.0,1073.0,-0.10757232673614503,0.04636920505906889
F250_,2701.0,235.0,-3.9081751156452156,0.06865555064482878
F254A,836.0,1044.0,-0.06492676002028475,0.047352062795108577
F254C,706.0,883.0,-0.06272902812889392,0.05135285013603742
F254D,731.0,182.0,-2.391343611094988,0.08336899085678592
F254E,1256.0,1224.0,-0.42270279224930984,0.04124770870258707
F254G,641.0,821.0,-0.028417255649737072,0.05353750745688616
F254H,947.0,977.0,-0.3404765176320961,0.04655857294427775
F254I,770.0,969.0,-0.053835814274478366,0.049182112659644485
F254K,753.0,282.0,-1.802392889297673,0.07044282673272748
F254L,1080.0,1222.0,-0.20725876583753244,0.04280719496155587
F254M,1051.0,1290.0,-0.08986433317328757,0.04260126994695665
F254N,956.0,1194.0,-0.06475288111350341,0.04440431021410702
F254P,1046.0,1203.0,-0.18371819541952839,0.043306775096740385
F254Q,5658.0,884.0,-3.063630318194014,0.037365280506597945
F254R,1219.0,207.0,-2.9434077807598324,0.07575775209176251
F254S,474.0,576.0,-0.10429382351425875,0.06272125463874931
F254T,901.0,1024.0,-0.2008554054749503,0.04663296299310478
F254V,661.0,824.0,-0.06748043812342885,0.05305307343609318
F254W,902.0,1126.0,-0.06546587932481618,0.04566115874733219
F254Y,1137.0,1476.0,-0.009012633409875015,0.04056126975800959
F254_,1305.0,221.0,-2.947347494662783,0.07334285563716683
F258A,854.0,1182.0,0.08344718641494797,0.04588221535725471
F258C,1416.0,1366.0,-0.43733359520939885,0.039070237308262534
F258D,962.0,197.0,-2.673253216020127,0.07876286806451724
F258E,793.0,668.0,-0.6329395452680124,0.053349942858743254
F258G,616.0,856.0,0.08920369299126918,0.05366354070430354
F258H,645.0,858.0,0.026202748180254254,0.05295343068087843
F258I,600.0,936.0,0.25606721135014965,0.05313396486679235
F258K,1020.0,1045.0,-0.3505367346088102,0.045005842576161637
F258L,1026.0,1427.0,0.09048046618628902,0.04199559483979729
F258M,1044.0,1425.0,0.06336632631133199,0.04180681011108961
F258N,569.0,538.0,-0.4662912051516708,0.06086340894054348
F258P,1695.0,888.0,-1.3181161429959807,0.042476995472865674
F258Q,9048.0,1450.0,-3.027007860337138,0.029805815459226805
F258R,855.0,701.0,-0.6719764552551801,0.051810277134475724
F258S,1331.0,1756.0,0.014309463915992637,0.037536604456017746
F258T,745.0,913.0,-0.09209931500444934,0.05025690794866645
F258V,2012.0,1267.0,-1.0526797507897507,0.03707411299756015
F258W,896.0,1137.0,-0.0418119823743357,0.04564836680532598
F258Y,858.0,1033.0,-0.11768233350813695,0.04713541238237657
F258_,1000.0,132.0,-3.306765487589427,0.09307732472087163
F259A,1717.0,1525.0,-0.5565499251395845,0.036419169048776436
F259C,1002.0,1137.0,-0.20312215017689272,0.04433631075578082
F259D,1608.0,541.0,-1.9570193987102336,0.050581577950167586
F259E,1405.0,344.0,-2.415528176808608,0.06088387000577889
F259G,1251.0,1292.0,-0.33894627177980796,0.040762195944173366
F259H,919.0,819.0,-0.5516696792241671,0.04896252069817568
F259I,856.0,934.0,-0.25965984052266133,0.04823979352267741
F259K,1377.0,659.0,-1.448636960504007,0.04828926872663133
F259L,836.0,938.0,-0.2193870824644657,0.048481536022261386
F259M,516.0,804.0,0.25434423433033615,0.057183277649225144
F259N,786.0,649.0,-0.661777146051759,0.053863451723822654
F259P,1012.0,949.0,-0.4781985376433582,0.04615275596769354
F259Q,940.0,954.0,-0.3641419021337846,0.04690671797046862
F259R,1035.0,559.0,-1.2741688966380922,0.05332228129995965
F259S,1540.0,1426.0,-0.49642580656364466,0.03793176065175167
F259T,869.0,834.0,-0.44477828300698086,0.049375862661779256
F259V,3394.0,1117.0,-1.9888189003778818,0.0357505040455041
F259W,1296.0,2120.0,0.32452403350532366,0.03648985546275264
F259Y,1741.0,3572.0,0.6513414434531364,0.03070095017986463
F259_,1284.0,184.0,-3.188270548102219,0.07938206389918788
F262A,658.0,824.0,-0.06091784985986237,0.05311803767709754
F262C,1109.0,1512.0,0.061725120401296074,0.04063608114111225
F262D,679.0,388.0,-1.1928091732146822,0.06432884425214176
F262E,762.0,412.0,-1.2726007630933074,0.061868077148635105
F262G,3835.0,2214.0,-1.1780387876440734,0.028295570947278487
F262H,1051.0,1372.0,-0.0009555857185752359,0.04205398998001064
F262I,1156.0,1325.0,-0.1886208162929286,0.041327598334753454
F262K,926.0,960.0,-0.3334485257791924,0.047008216727276016
F262L,765.0,855.0,-0.2250074992612836,0.05064547460695812
F262M,905.0,1173.0,-0.011260512444238202,0.045229221708228406
F262N,932.0,870.0,-0.48478363713596995,0.04806845759608021
F262P,878.0,515.0,-1.155107112100243,0.05629266151673507
F262Q,1595.0,1792.0,-0.2174569672917519,0.03568196457664534
F262R,755.0,1046.0,0.08485879970052146,0.04866943858449223
F262S,829.0,1208.0,0.1577008015427488,0.046068215317768266
F262T,883.0,1318.0,0.1923894485946498,0.04449072116176858
F262V,1049.0,1289.0,-0.0882351612322756,0.04262960953885833
F262W,694.0,681.0,-0.41275065408235534,0.05474964224095992
F262Y,896.0,1239.0,0.0821309062998603,0.044848295835760076
F262_,1780.0,197.0,-3.5610147663573968,0.0756696355774155
F266A,1050.0,1357.0,-0.01544190190414696,0.04216041753056683
F266C,1300.0,1555.0,-0.12706904910416617,0.038736574605232416
F266D,1778.0,2089.0,-0.15291422609686345,0.03360560759779014
F266E,1275.0,1659.0,-0.005656166201394086,0.03840952192219522
F266G,687.0,1040.0,0.2127242100897666,0.05005323948679743
F266H,1005.0,1335.0,0.024170505722841185,0.04280522997666833
F266I,878.0,1081.0,-0.08539959379179773,0.04639196798666266
F266K,817.0,1271.0,0.25207955299582174,0.04581447125951466
F266L,874.0,1157.0,0.019209455766909578,0.045789334048141804
F266M,814.0,1041.0,-0.03060468205545952,0.04772113139032328
F266N,632.0,822.0,-0.00626162718681833,0.053730795050646755
F266P,843.0,949.0,-0.2145966418003855,0.048251112982030206
F266Q,1199.0,1605.0,0.03526840853940172,0.03931011520531186
F266R,641.0,755.0,-0.1493212971032314,0.05452282560743806
F266S,774.0,1186.0,0.23022187702968733,0.04715242159124069
F266T,469.0,711.0,0.21478098092386677,0.06022304674215579
F266V,1714.0,2181.0,-0.037849328100070245,0.033617629561122
F266W,1341.0,1631.0,-0.10302455441533498,0.038039956609070925
F266Y,570.0,698.0,-0.09320971057102856,0.0572294862557669
F271A,1302.0,1632.0,-0.059560818089219314,0.038327526382258996
F271C,1361.0,1425.0,-0.3191758099894657,0.03904756841548903
F271D,1209.0,355.0,-2.1533647953912576,0.061091404945759376
F271E,788.0,305.0,-1.7548275808479454,0.06808682058744933
F271G,1170.0,1567.0,0.0360233396845393,0.03976262377166231
F271H,937.0,876.0,-0.4825872922538146,0.04792680490451511
F271I,809.0,623.0,-0.7623724016704765,0.05412396895384652
F271K,811.0,284.0,-1.8992481618107586,0.06958626214521464
F271L,1190.0,1321.0,-0.23480249553901,0.04105533208099338
F271M,839.0,711.0,-0.6242883415494429,0.051831897184611356
F271N,997.0,893.0,-0.5444018304034097,0.04702150502293518
F271P,977.0,293.0,-2.1228936125006106,0.06726513554370869
F271Q,1114.0,786.0,-0.8886127971717883,0.04751969206357961
F271R,1031.0,567.0,-1.2480824277344036,0.053120379344196104
F271S,1320.0,993.0,-0.796138893952735,0.04304444100386327
F271T,1072.0,1135.0,-0.3030835416259423,0.04361297174249491
F271V,1714.0,1852.0,-0.27375382438925744,0.03480798377811288
F271W,958.0,766.0,-0.7081476755104559,0.04937115661149666
F271Y,1635.0,3735.0,0.8063424597807951,0.031105765277881427
F271_,1283.0,222.0,-2.9163060349431214,0.07329347473533657
F300A,1895.0,1684.0,-0.5557749424377785,0.03478127486809227
F300C,1292.0,1561.0,-0.11260764329861139,0.038766137063977114
F300D,611.0,673.0,-0.24603823677495917,0.056663137282636875
F300E,526.0,588.0,-0.22471972278290053,0.06074512795356922
F300G,1048.0,1352.0,-0.018016846928414765,0.04221425762724959
F300H,788.0,966.0,-0.09164600050978411,0.0489123714282703
F300I,690.0,797.0,-0.17748963103861293,0.05284087848589393
F300K,779.0,438.0,-1.2161482266549486,0.0604561671473869
F300L,725.0,803.0,-0.23805312663384548,0.05208474347817846
F300M,1090.0,1491.0,0.06647837658955957,0.04094293306704028
F300N,688.0,819.0,-0.1340186534434551,0.05256109053043842
F300P,1217.0,791.0,-1.007043370298426,0.04662732176384337
F300Q,815.0,948.0,-0.16738567001598792,0.048683001988621716
F300R,1654.0,240.0,-3.170271721302889,0.06970867239987806
F300S,526.0,612.0,-0.16700518709213785,0.06019368280838669
F300T,798.0,1005.0,-0.05273906017150409,0.04833577125404444
F300V,681.0,840.0,-0.0827396666474991,0.05241263126278906
F300W,1186.0,1291.0,-0.2630861849341457,0.04130333193082656
F300Y,1106.0,1434.0,-0.010779531479614413,0.0411060925257
F300_,1264.0,193.0,-3.096730561835181,0.07784874026609699
F303A,1003.0,1409.0,0.10487567472872072,0.042366636433816274
F303C,1133.0,2243.0,0.5998052715423396,0.03763839675201096
F303D,976.0,368.0,-1.7926211463513093,0.06188789711471208
F303E,317.0,396.0,-0.06446167534020031,0.07594654738038599
F303G,815.0,637.0,-0.7409719267837751,0.05371245253667725
F303H,468.0,417.0,-0.5519275623845772,0.06799224358499592
F303I,822.0,345.0,-1.6379879526490457,0.06483218030058492
F303K,395.0,85.0,-2.6016548978910725,0.1199296382049154
F303L,802.0,1288.0,0.29798147771397865,0.04595077162113759
F303M,914.0,1478.0,0.30790398951533415,0.043114730906372536
F303N,827.0,834.0,-0.3733102784916742,0.04996415005823792
F303P,1247.0,409.0,-1.9937351992286931,0.057749985836074644
F303Q,1061.0,1029.0,-0.4296514375142335,0.04474953316775462
F303R,863.0,101.0,-3.480349335862531,0.10557916320769754
F303S,601.0,634.0,-0.30835358636502797,0.05770045661035329
F303T,761.0,1006.0,0.017187143028723817,0.04895185147329817
F303V,1293.0,1177.0,-0.5210770414695989,0.04136682675878681
F303W,1629.0,1911.0,-0.15513031878579753,0.035005256060448
F303Y,1594.0,2833.0,0.44420482773992775,0.0326886031092131
F303_,1014.0,155.0,-3.095108871670255,0.08675018699741563
F306A,808.0,505.0,-1.0635313785496292,0.05749766893593507
F306C,1571.0,738.0,-1.4754502802615002,0.04560419996354076
F306D,1240.0,244.0,-2.7308097630141264,0.07066011948209648
F306E,911.0,169.0,-2.815828466123672,0.08427756004269545
F306G,1480.0,348.0,-2.473876442762318,0.06031058312044477
F306H,1391.0,713.0,-1.349608762036938,0.04700661278286629
F306I,798.0,708.0,-0.5581072743532198,0.0524761015796075
F306K,993.0,142.0,-3.1912859082830396,0.09020538512543884
F306L,996.0,508.0,-1.3567735172306268,0.05532346564034759
F306M,810.0,581.0,-0.8648469106277643,0.055171624145364404
F306N,991.0,342.0,-1.9203312930971066,0.0634127538153694
F306P,1010.0,801.0,-0.7199476045540525,0.04823616641896467
F306Q,916.0,363.0,-1.720824243190087,0.06272679543846237
F306R,697.0,77.0,-3.5635318391823114,0.1204501594248949
F306S,921.0,366.0,-1.7168039411513343,0.06249916005684814
F306T,1080.0,648.0,-1.1224268750978235,0.05056993270166072
F306V,834.0,977.0,-0.15716153971465907,0.04807049039302367
F306W,652.0,370.0,-1.2028000158852956,0.06576141076301144
F306Y,762.0,756.0,-0.3968747993588959,0.05218493308548583
F306_,1507.0,254.0,-2.9542019765327954,0.06847359463407163
F317A,1589.0,458.0,-2.1801473872857273,0.05385996454572112
F317C,1411.0,965.0,-0.9335826012502046,0.04281571638514015
F317D,246.0,46.0,-2.804167785305249,0.16089591559286506
F317E,1055.0,247.0,-2.4800855056024105,0.07130562450027027
F317G,1545.0,419.0,-2.268029781789088,0.0558751963442607
F317H,2106.0,775.0,-1.8276956422984902,0.04305057681300752
F317I,1145.0,1147.0,-0.38295241528518975,0.042818237671493016
F317K,1405.0,300.0,-2.612968090181373,0.0642897784356252
F317L,1305.0,1294.0,-0.3976822818348942,0.04033960692506302
F317M,1488.0,1819.0,-0.09570093406991331,0.036193960301644804
F317N,746.0,270.0,-1.8516523163368381,0.07163969443328747
F317P,931.0,151.0,-3.0096227611300312,0.08822921855006845
F317Q,932.0,258.0,-2.2383886377263487,0.07097170779019878
F317R,1341.0,241.0,-2.861625268710465,0.0705912650427375
F317S,1063.0,371.0,-1.9040953769778488,0.061026918162892
F317T,1019.0,689.0,-0.950041568869878,0.050208734922163455
F317V,1460.0,1074.0,-0.8284410107154434,0.0412823390998424
F317W,914.0,1066.0,-0.16353106930769457,0.046047498480734195
F317Y,1380.0,1627.0,-0.1479257894310444,0.037781893565629304
F317_,615.0,108.0,-2.8949151659848376,0.10475021002369614
F327A,104.0,112.0,-0.2785648901312525,0.13649340325751327
F327C,1765.0,1832.0,-0.3317191653432032,0.03465014077444783
F327D,1022.0,225.0,-2.568818474033219,0.07423560876325055
F327E,1484.0,838.0,-1.2099316350714546,0.044219540568636355
F327G,1465.0,651.0,-1.5556290891607643,0.04802997596196968
F327H,1536.0,1590.0,-0.3356219558861375,0.036988903324197804
F327I,968.0,1195.0,-0.08154135183917344,0.04425014055589723
F327K,672.0,532.0,-0.7224995240676888,0.05878734293308457
F327L,1660.0,2074.0,-0.06423926859273044,0.03424585290025164
F327M,1616.0,2052.0,-0.04086855037160264,0.03455936617806991
F327N,939.0,537.0,-1.1916617545183144,0.05491200942997152
F327P,1205.0,227.0,-2.7936875492485305,0.07296009592488824
F327Q,1546.0,1520.0,-0.4099390223188011,0.03732199665125622
F327R,827.0,677.0,-0.6741978167979354,0.05267326605453206
F327S,1537.0,1501.0,-0.4196631492938292,0.037483951404401875
F327T,880.0,972.0,-0.24201894796895385,0.047469583969298575
F327V,1453.0,1845.0,-0.04088618261145971,0.03631037965058955
F327W,1046.0,1350.0,-0.017396736494695197,0.04224883119735003
F327Y,1237.0,1542.0,-0.06751522824619016,0.039308011983186494
F327_,1540.0,250.0,-3.0083521987384847,0.0688287811755011
F335A,1252.0,1189.0,-0.45995542297780423,0.041568812393617934
F335C,1143.0,1367.0,-0.12728441521118405,0.041165777138006315
F335D,2089.0,331.0,-3.043342877446931,0.059899641857353
F335E,704.0,128.0,-2.8448095915181133,0.0965429373068656
F335G,1639.0,977.0,-1.1318496092328498,0.04149542216222139
F335H,891.0,264.0,-2.140319233778296,0.07069845720671053
F335I,917.0,1063.0,-0.17232438923948834,0.046037378838973464
F335K,1504.0,292.0,-2.750194664981172,0.06463469757472416
F335L,1161.0,1163.0,-0.38298708310819585,0.042536708116961516
F335M,863.0,991.0,-0.1859478475514127,0.04749759316946048
F335N,1133.0,297.0,-2.3170473699445697,0.06586128928066448
F335P,1635.0,306.0,-2.8031189417089033,0.06298967214065901
F335Q,1355.0,349.0,-2.3424334061602208,0.06075741951868245
F335R,1246.0,194.0,-3.068582911941734,0.07775056232584744
F335S,250.0,302.0,-0.11285966776306555,0.08601862195334206
F335T,1225.0,1355.0,-0.23996021389303657,0.04052821830813148
F335V,828.0,1013.0,-0.09454186705611622,0.04778165597661454
F335W,874.0,665.0,-0.7797439376733282,0.05230777316564053
F335Y,1192.0,1017.0,-0.6145326603246248,0.0437082179483069
F335_,941.0,152.0,-3.015514006034185,0.0879171042131912
F341A,2161.0,1606.0,-0.8136950585971081,0.03425817266158038
F341C,1705.0,2993.0,0.42634671193289186,0.03176213652694705
F341D,1471.0,337.0,-2.511413934659693,0.061117024728525975
F341E,1541.0,1263.0,-0.6724803483954589,0.039101139408308186
F341G,1338.0,1660.0,-0.07436715227984214,0.03792096067030931
F341H,971.0,1223.0,-0.052592044675805916,0.04399687480557172
F341I,2024.0,2277.0,-0.21554597689393473,0.03196022227033518
F341K,900.0,198.0,-2.569837925793909,0.07905418035647165
F341L,1265.0,1518.0,-0.12243768128303056,0.039210705840344154
F341M,1086.0,1287.0,-0.14048431064571076,0.04226122635315693
F341N,1037.0,839.0,-0.6911400815427697,0.04737516692737815
F341P,1047.0,205.0,-2.7379792193770083,0.076948854655258
F341Q,1607.0,1732.0,-0.2774018332102077,0.03588665788889669
F341R,1698.0,276.0,-3.0065226989211675,0.0655758835008976
F341S,1651.0,2098.0,-0.0397974904574383,0.03421325299817442
F341T,981.0,1298.0,0.018491563847738313,0.0433356939372197
F341V,1691.0,1907.0,-0.212042968787427,0.034698102780534465
F341W,957.0,1072.0,-0.2217577275660414,0.04545286524234016
F341Y,1309.0,997.0,-0.7782664249151297,0.043071449362485976
F341_,771.0,144.0,-2.806050763018871,0.09126432458877565
F351A,981.0,523.0,-1.2928994978879205,0.05495071983455162
F351C,898.0,755.0,-0.6357059440151644,0.050262051219570426
F351D,1241.0,382.0,-2.0853026172650386,0.059259956788983985
F351E,1501.0,888.0,-1.142755946670119,0.04336526494078604
F351G,976.0,314.0,-2.0215556116833007,0.06555460548363574
F351H,977.0,395.0,-1.6919543382939928,0.06035997958088475
F351I,1079.0,1027.0,-0.45672819252704144,0.04459473626393575
F351K,1882.0,288.0,-3.0935536706590616,0.06396610936091539
F351L,1630.0,1541.0,-0.4664747777729703,0.036750957855391876
F351M,1051.0,955.0,-0.5236588375246711,0.0456813951866927
F351N,775.0,270.0,-1.9066722725969862,0.07128875889647021
F351P,930.0,160.0,-2.9245543445987403,0.08609925280512466
F351Q,1428.0,434.0,-2.103676079364059,0.055611008467319985
F351R,1379.0,246.0,-2.8723142394284866,0.06984445571118686
F351S,1156.0,744.0,-1.0212301468141307,0.04793043975384253
F351T,1409.0,1090.0,-0.7558106664235504,0.04141685195354743
F351V,574.0,612.0,-0.2929908309148761,0.05885834551147314
F351W,1460.0,619.0,-1.623413815660462,0.0488735540092038
F351Y,785.0,335.0,-1.6139770580633375,0.06593230865362179
F351_,1305.0,227.0,-2.908703292157235,0.0725229937234951
F47A,824.0,810.0,-0.4101923131466281,0.05036213700649498
F47C,581.0,678.0,-0.1627266291100602,0.05730846317017479
F47D,536.0,471.0,-0.5719724127499841,0.06385098815352222
F47E,359.0,342.0,-0.4554557077666619,0.07614160180035824
F47G,447.0,377.0,-0.631174501691655,0.07055317593621005
F47H,601.0,615.0,-0.3522493132754292,0.05812116934520005
F47I,568.0,943.0,0.3458865543986951,0.053936826061798906
F47K,2150.0,791.0,-1.828045717784466,0.04263256168019268
F47L,790.0,1033.0,0.001441213609511216,0.04818782295006285
F47M,481.0,542.0,-0.2132176043667684,0.06334159728153253
F47N,558.0,759.0,0.0583577304360805,0.0565491198540463
F47P,1042.0,295.0,-2.2060035456635747,0.06661541841050893
F47Q,514.0,468.0,-0.5207272571931929,0.06457870083393764
F47R,1105.0,887.0,-0.7025073375385888,0.046049613141889635
F47S,556.0,595.0,-0.28766710162228915,0.05972761091085278
F47T,1026.0,1170.0,-0.19599411809540523,0.04378992576388848
F47V,1265.0,1809.0,0.1305814071090694,0.03783531162299689
F47W,1276.0,919.0,-0.8589573567195701,0.04427228295607704
F47Y,1262.0,1870.0,0.18185245660233473,0.03762124301032961
F47_,673.0,158.0,-2.4760822624735237,0.08889763818186519
F57A,562.0,750.0,0.03084384411945873,0.056576125747977796
F57C,447.0,669.0,0.19625048320281824,0.06180652931091508
F57D,849.0,254.0,-2.12636643800257,0.07213119981629122
F57E,355.0,345.0,-0.42669167115615636,0.07618072887121853
F57G,722.0,907.0,-0.05637054835057054,0.05075195290525383
F57H,918.0,1129.0,-0.0869936960694968,0.04542311282549131
F57I,640.0,862.0,0.044139972425535134,0.05301669184923146
F57K,936.0,908.0,-0.42928594334091574,0.04751724729041011
F57L,460.0,607.0,0.014584873802487408,0.06252599285141518
F57M,518.0,708.0,0.06531960196773667,0.058575496335751154
F57N,730.0,759.0,-0.32926751979434954,0.05268362768271531
F57P,240.0,242.0,-0.3734980414557416,0.09157930115659008
F57Q,836.0,953.0,-0.19649903315355477,0.04830817272838308
F57R,432.0,331.0,-0.7696600917403771,0.07364803240362507
F57S,321.0,453.0,0.11145447072774672,0.07355840685949289
F57T,734.0,852.0,-0.1703995411348762,0.05122781551512076
F57V,1384.0,1876.0,0.053342964724153674,0.03665786423066531
F57W,173.0,183.0,-0.30440313242544814,0.10645379129011286
F57Y,525.0,614.0,-0.15955293670318937,0.0601795502910196
F57_,1081.0,172.0,-3.0372857100670654,0.08262500220339274
F6A,314.0,414.0,0.013384924576187451,0.07542033696630987
F6C,646.0,807.0,-0.06444013317927588,0.053622013676940555
F6D,888.0,378.0,-1.617621708919315,0.06212697307989456
F6E,481.0,490.0,-0.3587258820066985,0.06486869980477417
F6G,510.0,537.0,-0.3110467675014945,0.0625389739474201
F6H,506.0,566.0,-0.2238085406005057,0.06189679672818053
F6I,653.0,791.0,-0.10887933783008474,0.05370094334842428
F6K,645.0,546.0,-0.6258643401848376,0.05890710082215362
F6L,1346.0,1400.0,-0.32872218254513585,0.03931198064335355
F6M,373.0,470.0,-0.05199304235699831,0.06997658364486846
F6N,750.0,708.0,-0.46861028054780807,0.053234759921763894
F6P,431.0,447.0,-0.332884422371059,0.06815741251708105
F6Q,971.0,495.0,-1.3574986694897673,0.056019919662796167
F6R,261.0,246.0,-0.47085830724252187,0.08935525123345403
F6S,363.0,371.0,-0.35402140470446586,0.07441978813582258
F6T,1078.0,1005.0,-0.48663089093852196,0.04484266755559738
F6V,399.0,467.0,-0.15844164767997881,0.06881641738870913
F6W,429.0,609.0,0.11998445457632823,0.06372732410709886
F6Y,862.0,908.0,-0.3104666060247121,0.04847270866437843
F6_,1009.0,190.0,-2.79426340599737,0.07963771741514049
F78A,406.0,279.0,-0.9266686170526093,0.07832821413449356
F78C,586.0,391.0,-0.9691899655212017,0.06597082346371767
F78D,439.0,453.0,-0.3401810914530943,0.0676278338307693
F78E,827.0,758.0,-0.5111580793726667,0.0511530420397427
F78G,489.0,518.0,-0.3023542052899222,0.06374658655809552
F78H,251.0,238.0,-0.4621928375693214,0.09095946262525803
F78I,272.0,398.0,0.16367480182655747,0.07922783471528153
F78K,358.0,130.0,-1.84684747649026,0.10282581761050495
F78L,511.0,644.0,-0.051738619750060444,0.05998245131161439
F78M,448.0,507.0,-0.20698691881291786,0.06551835924363135
F78N,1529.0,692.0,-1.5292032375426223,0.046768562742202056
F78P,646.0,360.0,-1.2289897029729255,0.06643702997674224
F78Q,550.0,596.0,-0.2695914987873831,0.059868085299281934
F78R,1116.0,249.0,-2.5495445550282634,0.07071185878781931
F78S,1810.0,929.0,-1.3477018231385882,0.04143805608776478
F78T,764.0,1046.0,0.06776303097489489,0.04850888449869659
F78V,469.0,537.0,-0.1901399160576407,0.06389466405795957
F78W,546.0,687.0,-0.05406646141752347,0.05809703826516511
F78Y,452.0,519.0,-0.18606254075821838,0.06501769192500696
F78_,599.0,108.0,-2.8568853851398606,0.10495731461108676
F83A,510.0,417.0,-0.6759137410329847,0.06668571492320337
F83C,541.0,597.0,-0.2433703503096254,0.06009678166910171
F83D,661.0,757.0,-0.1898299257168512,0.05405587487605612
F83E,342.0,328.0,-0.4457688961288193,0.07785109718686582
F83G,547.0,498.0,-0.5208626820217521,0.06264444612524875
F83H,259.0,273.0,-0.3095241895448977,0.08724642665519962
F83I,499.0,521.0,-0.3232278502219854,0.06333665204349948
F83K,592.0,395.0,-0.9692025550911767,0.06564264478149703
F83L,581.0,686.0,-0.14580357421791756,0.057158202816182856
F83M,510.0,639.0,-0.06015721290868559,0.06011556606555965
F83N,409.0,432.0,-0.30654159507904666,0.06962689069705233
F83P,212.0,148.0,-0.9039078492272177,0.10752336291398826
F83Q,389.0,362.0,-0.4892478781453118,0.07362878047610812
F83R,530.0,420.0,-0.721066089062405,0.06599899412486422
F83S,557.0,706.0,-0.04348479672143668,0.05744497468158311
F83T,320.0,388.0,-0.10749334017972778,0.07609448198962801
F83V,264.0,313.0,-0.1398540135198818,0.08408766913772923
F83W,638.0,822.0,-0.019893278099722522,0.05359214908507038
F83Y,526.0,572.0,-0.264520044541384,0.061135426763644744
F83_,584.0,113.0,-2.7550128198035164,0.1031953902582697
F85A,1516.0,1906.0,-0.0551937678253247,0.035672078067669075
F85C,549.0,505.0,-0.5059906581357438,0.062368533208764454
F85D,375.0,127.0,-1.9474571627499158,0.10309319100672142
F85E,316.0,67.0,-2.622992086699516,0.13481771878729826
F85G,497.0,335.0,-0.9545409054601208,0.0713108137155754
F85H,289.0,222.0,-0.7659649370776762,0.08973630354075147
F85I,1077.0,1009.0,-0.479561359024248,0.044808276241441854
F85K,559.0,334.0,-1.1284529811672703,0.06979264847263049
F85L,475.0,358.0,-0.7934281863268042,0.07061622747586076
F85M,531.0,513.0,-0.4352222682497695,0.06261547832741075
F85N,546.0,621.0,-0.1997810601729686,0.059413491689289805
F85P,406.0,297.0,-0.8364739418811826,0.07692917655168627
F85Q,204.0,137.0,-0.9598288616051844,0.11085428499264555
F85R,460.0,161.0,-1.8999851161662722,0.09204822010780558
F85S,940.0,920.0,-0.41649674832257855,0.047317838666077354
F85T,668.0,540.0,-0.6923537625118774,0.05862606771662365
F85V,166.0,133.0,-0.705205619680914,0.11674836144811959
F85W,657.0,820.0,-0.06574401209033454,0.053195477727860256
F85Y,328.0,342.0,-0.3251714765644165,0.07785109718686582
F85_,441.0,69.0,-3.0614042178402316,0.12979364578349134
F91A,550.0,507.0,-0.5029138330928999,0.062279299331892864
F91C,444.0,463.0,-0.32501900281851803,0.06708350596217375
F91D,729.0,757.0,-0.33109643267473476,0.05273447153043578
F91E,805.0,954.0,-0.14047250239902986,0.048771326763558595
F91G,616.0,707.0,-0.18669333668992305,0.055910393491910584
F91H,658.0,580.0,-0.5675019215188684,0.05772396925514683
F91I,369.0,346.0,-0.4783163658811782,0.07542054243027985
F91K,644.0,655.0,-0.36103634424905096,0.05628214501543878
F91L,557.0,677.0,-0.10399627108546206,0.05797066189133315
F91M,513.0,669.0,-0.00242935896134,0.05943265422264348
F91N,467.0,380.0,-0.6828862450625746,0.06972091613907132
F91P,832.0,881.0,-0.3029126599875216,0.04924615930012056
F91Q,341.0,474.0,0.08963326265852611,0.07162639273507987
F91R,200.0,203.0,-0.3639915249140797,0.10006912816793062
F91S,531.0,693.0,-0.0013330461958052098,0.05843285895628467
F91T,531.0,573.0,-0.2756488998319462,0.06096383047670019
F91V,877.0,1002.0,-0.1932384777626428,0.047185236721901204
F91W,178.0,192.0,-0.27624702618844665,0.10446979797096864
F91Y,615.0,601.0,-0.4186910594178066,0.05812116934520005
F91_,589.0,86.0,-3.161186003755728,0.11581249403834255
G101A,512.0,571.0,-0.22812616245456496,0.061583961770285835
G101C,549.0,465.0,-0.6250408723490901,0.06371943591368562
G101D,481.0,458.0,-0.4561579758199876,0.06595856258477384
G101E,502.0,459.0,-0.5146607046202547,0.06525954829496106
G101F,504.0,142.0,-2.2129300202944027,0.09546758569745917
G101H,615.0,436.0,-0.8817188311051849,0.06330663376023025
G101I,1087.0,132.0,-3.427116273278811,0.09264638749201969
G101K,515.0,313.0,-1.1038618829515148,0.07228216002355745
G101L,216.0,90.0,-1.6484110915273176,0.12580741895494776
G101M,576.0,276.0,-1.4468435069697216,0.07380618392328253
G101N,699.0,601.0,-0.6033942855678074,0.056415203650840004
G101P,554.0,79.0,-3.1952750373422045,0.12062280875719328
G101Q,620.0,372.0,-1.1224202679965245,0.06625097488197207
G101R,1326.0,224.0,-2.950926799822655,0.07284533773158086
G101S,496.0,495.0,-0.388381723006912,0.06422199212940362
G101T,673.0,270.0,-1.7030852883628969,0.07264738974192571
G101V,421.0,162.0,-1.763241821911234,0.0929296167118238
G101W,478.0,121.0,-2.3673847125732017,0.10219589509943373
G101Y,988.0,591.0,-1.1268132889793128,0.05284287020174995
G101_,466.0,101.0,-2.591332973015695,0.11015489674465107
G102A,586.0,118.0,-2.697486353454975,0.10133374732901843
G102C,524.0,106.0,-2.6908641685200863,0.10690952978114573
G102D,692.0,120.0,-2.9131084468407593,0.0993273348499423
G102E,482.0,86.0,-2.8719569535115212,0.11742834191482708
G102F,553.0,71.0,-3.3466816431823183,0.12640816362709037
G102H,247.0,60.0,-2.426764800708278,0.14422386460988018
G102I,675.0,105.0,-3.0698523407349496,0.10532130265776876
G102K,765.0,143.0,-2.8048327615459714,0.09158550725898607
G102L,922.0,156.0,-2.94861407779314,0.08707839649809006
G102M,962.0,133.0,-3.239987362133866,0.09298352878214783
G102N,744.0,127.0,-2.935850108051959,0.09646594440823354
G102P,502.0,71.0,-3.2070921772751406,0.1271327277238537
G102Q,773.0,129.0,-2.9684743658211223,0.09556775664401562
G102R,783.0,133.0,-2.9429662040092284,0.09425268849389758
G102S,308.0,63.0,-2.6747946624890764,0.13858340182556958
G102T,445.0,68.0,-3.0954891452621727,0.13053380877671744
G102V,667.0,101.0,-3.108680450205794,0.10717953385106935
G102W,652.0,106.0,-3.0061639161831835,0.10514278785798188
G102Y,657.0,118.0,-2.8624763988573347,0.10041971756137591
G102_,680.0,130.0,-2.7724035531299105,0.0961795056654428
G106A,363.0,435.0,-0.12443091170186005,0.07170604895002597
G106C,482.0,194.0,-1.6984022477041671,0.08554083188179873
G106D,766.0,123.0,-3.024057809436286,0.09758637731415735
G106E,698.0,124.0,-2.8782614293216,0.0979016073801687
G106F,635.0,116.0,-2.8380003274049574,0.1014048301865769
G106H,616.0,105.0,-2.937897236574054,0.10599277112088504
G106I,783.0,99.0,-3.3688547692520494,0.10707626943649293
G106K,479.0,95.0,-2.719374687688169,0.11269898686634094
G106L,918.0,167.0,-2.8440455664948185,0.08464746210449092
G106M,598.0,97.0,-3.0094344197095406,0.1098573764751891
G106N,323.0,57.0,-2.8877621094719457,0.14396137114629223
G106P,232.0,50.0,-2.599368665332257,0.15618698576897722
G106Q,516.0,82.0,-3.038997468394548,0.11924678838640951
G106R,715.0,137.0,-2.769152410099503,0.0937311785658863
G106S,528.0,456.0,-0.59696997734906,0.0646146467058267
G106T,683.0,206.0,-2.1146625181730183,0.08004033595825007
G106V,358.0,101.0,-2.2109719450181347,0.11305504254757616
G106W,638.0,120.0,-2.795894597523029,0.09994111855379155
G106Y,481.0,91.0,-2.7874400940597326,0.11469514843430323
G106_,1228.0,66.0,-4.602964087041939,0.12669554100405558
G111A,386.0,347.0,-0.539131170444608,0.07456931320850993
G111C,345.0,312.0,-0.5305160963067719,0.07868739968986324
G111D,462.0,214.0,-1.4957160541079313,0.08321868083845589
G111E,427.0,60.0,-3.2164652075937967,0.1381809305249674
G111F,361.0,32.0,-3.8809144047609747,0.1846576791679918
G111H,584.0,32.0,-4.574868676926483,0.18177115159348475
G111I,418.0,51.0,-3.420155636627867,0.14860855009246546
G111K,433.0,55.0,-3.362104721410173,0.14344386763980868
G111L,330.0,41.0,-3.3939322794091034,0.16583944765241032
G111M,559.0,45.0,-4.020026807846187,0.15522363380277107
G111N,226.0,257.0,-0.20003229931772637,0.09167167964396539
G111P,377.0,248.0,-0.9896746844795361,0.08229677816329399
G111Q,192.0,40.0,-2.6482191019068972,0.1740403065990731
G111R,787.0,102.0,-3.3331415675848985,0.10564945365781897
G111S,498.0,296.0,-1.135998983400789,0.07398966640087513
G111T,483.0,172.0,-1.8750308044531856,0.08928706892211749
G111V,566.0,218.0,-1.7619034163342953,0.08026153169122488
G111W,794.0,52.0,-4.317766420516413,0.14343889422976444
G111Y,789.0,106.0,-3.2813134099030714,0.10386865788092066
G111_,518.0,106.0,-2.674249773570576,0.10701285760785563
G114A,377.0,342.0,-0.5260344685460216,0.07526324023274815
G114C,814.0,831.0,-0.35565086641325827,0.050200157061851075
G114D,774.0,111.0,-3.187132748819386,0.10192342768227354
G114E,484.0,93.0,-2.765049299794657,0.11360378421176624
G114F,961.0,211.0,-2.5727102582181,0.07660220928691906
G114H,720.0,226.0,-2.0571005229015853,0.07682230965661664
G114I,734.0,229.0,-2.065859307796842,0.07627067249565041
G114K,675.0,235.0,-1.9076569148491815,0.07632045788681698
G114L,313.0,86.0,-2.249102624849315,0.12210469212809992
G114M,487.0,118.0,-2.4305124657798363,0.10303115428690908
G114N,514.0,143.0,-2.2311505822482625,0.09500642150140341
G114P,434.0,249.0,-1.1869947897648085,0.08005130873620765
G114Q,759.0,156.0,-2.667950573127073,0.08840568929557051
G114R,2195.0,380.0,-2.915588409906543,0.05634982844762692
G114S,304.0,407.0,0.03547527479999868,0.0763840444737216
G114T,504.0,454.0,-0.5361984700994089,0.06538269612599686
G114V,590.0,489.0,-0.6563456252302773,0.06187123048971479
G114W,773.0,141.0,-2.8401597861668497,0.09205191268378332
G114Y,745.0,148.0,-2.7170353248697525,0.09048082001785265
G114_,691.0,111.0,-3.0234871319270393,0.10268188349720672
G130A,432.0,520.0,-0.11799552694501791,0.06577245512224981
G130C,613.0,636.0,-0.33233134584763047,0.0573743127177169
G130D,851.0,145.0,-2.9384938780772716,0.09032920422001604
G130E,259.0,30.0,-3.494962761645528,0.19305775145492834
G130F,839.0,634.0,-0.789652596693422,0.05345425871194181
G130H,556.0,201.0,-1.8533137413231193,0.08283489816572548
G130I,187.0,199.0,-0.2957446776785284,0.10227607457979389
G130K,555.0,266.0,-1.4465034707177438,0.07516143417446455
G130L,359.0,308.0,-0.6065170254187722,0.07823234782708896
G130M,583.0,839.0,0.13969719035856354,0.0547296266339689
G130N,519.0,329.0,-1.043101088047088,0.07109417080530987
G130P,402.0,67.0,-2.9702532630073373,0.13228325967015592
G130Q,250.0,212.0,-0.6233236730450855,0.0938339668177247
G130R,1438.0,1125.0,-0.7396060693975062,0.04089622382036834
G130S,263.0,299.0,-0.2003941058592984,0.08505716450300907
G130T,589.0,603.0,-0.3515803869500873,0.058688380576845535
G130V,336.0,395.0,-0.15208517931161936,0.07480573547241492
G130W,337.0,317.0,-0.4737332365290374,0.0788033013394875
G130Y,962.0,724.0,-0.7955124531959861,0.05008893395945032
G130_,449.0,65.0,-3.173484202982525,0.13303227222767383
G139A,433.0,580.0,0.03620724457215907,0.06420076612363051
G139C,888.0,594.0,-0.9655588907793948,0.053831231323070654
G139D,682.0,143.0,-2.639147048085828,0.09244991533322217
G139E,801.0,125.0,-3.0652469341679627,0.09662297136269618
G139F,334.0,40.0,-3.4469289490654837,0.16755861236789332
G139H,857.0,156.0,-2.8431437182591575,0.08754945876272632
G139I,399.0,74.0,-2.8161029686397603,0.12690983074896603
G139K,478.0,59.0,-3.4034796226913198,0.13829859512571258
G139L,705.0,124.0,-2.892657445177081,0.09782893280133363
G139M,1125.0,216.0,-2.7662380042954453,0.07487663835577457
G139N,202.0,40.0,-2.721464364306337,0.1732980560439838
G139P,872.0,158.0,-2.8497990005961906,0.0869695572668268
G139Q,738.0,106.0,-3.184910189538482,0.10428941566775564
G139R,756.0,115.0,-3.1021161964762625,0.10052782998331204
G139S,1050.0,1292.0,-0.08625601776644842,0.042597821288115255
G139T,684.0,597.0,-0.581732506302604,0.05679080408007922
G139V,755.0,234.0,-2.0753957570758192,0.07540571662819162
G139W,593.0,85.0,-3.187822154457513,0.11635226188112296
G139Y,785.0,122.0,-3.07118182188076,0.09776570618430187
G139_,747.0,143.0,-2.770481711177103,0.09175730406720653
G143A,226.0,188.0,-0.6510473946786055,0.09915474612800318
G143C,578.0,251.0,-1.5888197980572958,0.0761721312341237
G143D,655.0,88.0,-3.2812477565404174,0.11391775153978188
G143E,625.0,121.0,-2.7542231854889785,0.09975955559345787
G143F,547.0,147.0,-2.2811230995607907,0.09337340720311052
G143H,1025.0,136.0,-3.2993235378761137,0.09173993392039696
G143I,348.0,56.0,-3.020842615181129,0.1442762973497481
G143K,1388.0,185.0,-3.292812991019478,0.07882755749424553
G143L,750.0,133.0,-2.880845302800706,0.09455031436533594
G143M,730.0,231.0,-2.045431108529356,0.07607151807299938
G143N,430.0,71.0,-2.983746284912372,0.12843778875562756
G143P,326.0,86.0,-2.3078100941611126,0.1215819077884101
G143Q,616.0,121.0,-2.7332976838823813,0.09987664793174848
G143R,844.0,143.0,-2.9466142474795705,0.0909150854902191
G143S,447.0,349.0,-0.7425089186415494,0.07204546142299639
G143T,639.0,404.0,-1.046917691921001,0.06425201688212193
G143V,538.0,130.0,-2.4344805792450277,0.09817653595365189
G143W,1023.0,374.0,-1.8371416845081852,0.061151022326681195
G143Y,734.0,114.0,-3.0721095334906288,0.10110269216273236
G143_,331.0,66.0,-2.7115884854903722,0.13512398476853044
G145A,644.0,707.0,-0.250822655848677,0.05527560718652191
G145C,458.0,592.0,-0.015227738719614692,0.06293436086046568
G145D,682.0,312.0,-1.5136708107550305,0.06898908840779568
G145E,688.0,127.0,-2.8229576299662344,0.09703132339926192
G145F,715.0,216.0,-2.112335503369793,0.07820621344722649
G145H,772.0,160.0,-2.6559276507434904,0.08736786644476684
G145I,441.0,205.0,-1.4905872725496208,0.08505026628877754
G145K,352.0,45.0,-3.3527691304454876,0.1585759379988474
G145L,691.0,372.0,-1.2788353722375545,0.06498824140650011
G145M,437.0,303.0,-0.9137710727010058,0.07534396425616151
G145N,139.0,54.0,-1.7493604031696846,0.16061454338592873
G145P,477.0,347.0,-0.8445124590089987,0.07117842454421452
G145Q,606.0,100.0,-2.984667524406185,0.1083390629707728
G145S,344.0,306.0,-0.5543418904294253,0.07913895364207427
G145T,336.0,289.0,-0.6028549439581932,0.0807737857652551
G145V,391.0,357.0,-0.5167112056646035,0.07380200549350646
G145W,583.0,122.0,-2.6419914189819114,0.0999975031106922
G145Y,585.0,113.0,-2.7574810331664725,0.10318120765424516
G145_,146.0,14.0,-3.7670085059154585,0.27984754436279885
G147A,672.0,446.0,-0.9768768306617339,0.0617931223362142
G147C,627.0,387.0,-1.0815877938510514,0.06532226369691953
G147D,437.0,305.0,-0.9042799359344063,0.07520021851796184
G147E,963.0,365.0,-1.7850849762517385,0.06217938937818205
G147F,930.0,201.0,-2.5954491398423123,0.07834761519016167
G147H,316.0,104.0,-1.9887181565584404,0.11343337977834947
G147I,538.0,127.0,-2.468161084212227,0.09909748728207429
G147K,213.0,42.0,-2.727586656432301,0.16907597753636208
G147L,649.0,125.0,-2.7616673880330813,0.09812432439575929
G147M,545.0,159.0,-2.162635389268373,0.09061984354782532
G147N,526.0,203.0,-1.7590096188845799,0.08315759100364259
G147P,594.0,131.0,-2.5662804680115583,0.09697779712492419
G147Q,1057.0,412.0,-1.7447079529962553,0.05883370698315066
G147R,255.0,61.0,-2.4489063728093736,0.14282991682137294
G147S,372.0,284.0,-0.7748698613266383,0.07935563775023181
G147T,775.0,665.0,-0.6063090769202972,0.053686659388895316
G147V,877.0,248.0,-2.2076651866389128,0.07252963540875641
G147W,267.0,91.0,-1.9382669811394226,0.12174233569379428
G147Y,713.0,301.0,-1.6295810807693156,0.06937483923164126
G147_,728.0,121.0,-2.9743021803057,0.09861846701904278
G148A,100.0,58.0,-1.171240924201257,0.16530463378277477
G148C,500.0,197.0,-1.7291582737724536,0.08464076531175319
G148D,754.0,148.0,-2.734359191644355,0.0903922412953757
G148E,769.0,141.0,-2.83267506728233,0.09208845481613936
G148F,1143.0,239.0,-2.6431653259825545,0.07174275588561076
G148H,456.0,82.0,-2.8606639059029755,0.12031119634902962
G148I,341.0,89.0,-2.323244900096216,0.11939586564718752
G148K,467.0,86.0,-2.8263473183659995,0.11771173051950409
G148L,497.0,120.0,-2.4355904404999285,0.10214149781901438
G148M,941.0,230.0,-2.4179836550510068,0.07415213888406481
G148N,232.0,53.0,-2.5153207297670566,0.15252127372228835
G148P,1342.0,377.0,-2.2171909123082623,0.05904079222332974
G148Q,713.0,218.0,-2.0949981848699455,0.07795938112601089
G148R,990.0,191.0,-2.7592651140869036,0.07958412831307662
G148S,560.0,232.0,-1.6567357865545231,0.0786387698421539
G148T,400.0,105.0,-2.3149795323951228,0.11005023744253785
G148V,1146.0,219.0,-2.7730211694274844,0.07434251116368965
G148W,769.0,167.0,-2.5885380560379305,0.0858851168437074
G148Y,810.0,156.0,-2.7617713987089516,0.08793527654733628
G148_,738.0,114.0,-3.0799501801767617,0.10106616789599347
G163A,1036.0,1284.0,-0.07585167657253589,0.042804981731265825
G163C,765.0,1007.0,0.011057312037333844,0.048871524758060926
G163D,592.0,540.0,-0.5181056082401172,0.060242782919566334
G163E,582.0,497.0,-0.613239248277039,0.061793447600232164
G163F,894.0,957.0,-0.2872271553775496,0.04745199216515109
G163H,756.0,1050.0,0.08845565873161121,0.048613993739813136
G163I,651.0,750.0,-0.18124005936730914,0.054383866627489924
G163K,369.0,251.0,-0.941385258607931,0.08235334457316565
G163L,799.0,544.0,-0.9400505742839176,0.05637344209970127
G163M,599.0,828.0,0.08159791725378529,0.05445503441580324
G163N,2260.0,2907.0,-0.022263308282481464,0.029575102059385523
G163P,803.0,445.0,-1.2370503844636227,0.0598386973184097
G163Q,474.0,657.0,0.08552764745578756,0.060991160517277855
G163R,1051.0,158.0,-3.119158812022656,0.08583934869523932
G163S,733.0,1008.0,0.07413497947296577,0.04944194775356307
G163T,866.0,1077.0,-0.07089413029409286,0.046598629182139285
G163V,335.0,419.0,-0.06268967142157766,0.07389031118948833
G163W,509.0,583.0,-0.18964355681399958,0.061384436702346966
G163Y,806.0,1138.0,0.11217340550595534,0.046985327235146236
G163_,695.0,115.0,-2.9807446147772225,0.10110360524323833
G166A,526.0,621.0,-0.1459439132029452,0.05999666030976614
G166C,440.0,473.0,-0.2811358140531244,0.06689551934751378
G166D,439.0,494.0,-0.21518374307831678,0.06625947208402207
G166E,587.0,632.0,-0.27890788122593246,0.0580862859524913
G166F,818.0,1053.0,-0.02114143427098636,0.047543161647330794
G166H,488.0,206.0,-1.6296665278062994,0.08361510814870313
G166I,1076.0,1185.0,-0.24626243841146778,0.04314451073653407
G166K,575.0,313.0,-1.2628484836190665,0.07086678331575252
G166L,487.0,650.0,0.031040330800441218,0.060662990993396185
G166M,533.0,730.0,0.06828344027673072,0.05774250025676587
G166N,587.0,698.0,-0.13560756163063026,0.056783865682566145
G166P,1015.0,1175.0,-0.17429109243760266,0.04386893244652011
G166Q,697.0,814.0,-0.16160302302047924,0.05245379358114184
G166R,309.0,86.0,-2.2305474024684653,0.12227391772504526
G166S,676.0,780.0,-0.17902215439225344,0.053380872817534814
G166T,687.0,636.0,-0.49675183594938055,0.05582203766746604
G166V,834.0,956.0,-0.18850915933513157,0.0483037807266939
G166W,1135.0,507.0,-1.548089087192217,0.05423662849506451
G166Y,1111.0,1351.0,-0.10330363522525943,0.04157503526844459
G166_,735.0,138.0,-2.7984612583313133,0.09324479683015206
G187A,761.0,944.0,-0.07458345554316104,0.04961419827765274
G187C,2308.0,7301.0,1.2759763947762817,0.025660391968394584
G187D,363.0,526.0,0.1496107492339771,0.06887716798021262
G187E,547.0,634.0,-0.17253179817667785,0.059106657926491904
G187F,311.0,407.0,0.0026330862438870284,0.07589787523723575
G187H,516.0,733.0,0.12096366935497027,0.05822713702748457
G187I,338.0,517.0,0.2276560698889405,0.07057553114225805
G187K,1888.0,923.0,-1.4179184090215275,0.04124663345220634
G187L,334.0,431.0,-0.017640140732772203,0.07350012789124767
G187M,514.0,649.0,-0.049025905928925084,0.05978720957535031
G187N,717.0,1026.0,0.13150946071574765,0.049573629447878825
G187P,707.0,969.0,0.06931074694981554,0.05034484009547367
G187Q,762.0,947.0,-0.07190045696141212,0.04956297482412857
G187R,522.0,679.0,-0.0061148090498903684,0.05896286248817214
G187S,762.0,987.0,-0.01221541536811177,0.049129363681472096
G187T,712.0,1021.0,0.13455740128295623,0.049720334591096024
G187V,1114.0,1501.0,0.04470121893553092,0.040645919462689056
G187W,774.0,959.0,-0.07627653315782545,0.04922326325187783
G187Y,1253.0,1475.0,-0.15014337946269718,0.03955065627601518
G187_,595.0,95.0,-3.0322328283390254,0.1108786118894664
G18A,315.0,308.0,-0.41789062316690107,0.0806806352958901
G18C,814.0,794.0,-0.42135952703903,0.050755598680480574
G18D,351.0,118.0,-1.958073202015374,0.10682225662120905
G18E,398.0,121.0,-2.1031485917109274,0.10423288453138077
G18H,616.0,167.0,-2.268489468413197,0.08774525832450807
G18I,481.0,223.0,-1.4944286701501,0.08155536394461937
G18K,260.0,82.0,-2.0501655542681982,0.1269954941102614
G18L,782.0,277.0,-1.8827191843591526,0.07054749240165806
G18M,518.0,319.0,-1.0848484864140655,0.07178702747422168
G18N,75.0,35.0,-1.4847860667046895,0.2048976283641874
G18P,776.0,403.0,-1.3307297928766868,0.06211429685045868
G18Q,485.0,213.0,-1.5725635186064775,0.0827323583228448
G18R,527.0,100.0,-2.78315626127576,0.10947470931713649
G18S,1366.0,1942.0,0.12211239825860964,0.03654044538002428
G18T,1103.0,895.0,-0.6869403500569309,0.04595792341887844
G18V,451.0,326.0,-0.8537133900494798,0.07329973388134746
G18W,593.0,106.0,-2.8693262579909087,0.10586594936237174
G18Y,605.0,126.0,-2.648890945947583,0.0983715305649914
G18_,34.0,8.0,-2.4715550446457506,0.39285528694154986
G20A,514.0,589.0,-0.18897448566830466,0.0610857280018952
G20C,547.0,339.0,-1.07570956369441,0.06975743914873182
G20D,522.0,131.0,-2.379870693761122,0.09816767241085209
G20E,711.0,138.0,-2.7505672307833695,0.09349072899688811
G20F,477.0,89.0,-2.8074503647874547,0.11584170026041488
G20H,464.0,116.0,-2.3853769136754437,0.10422709437729726
G20I,443.0,229.0,-1.337398854508665,0.08192753879125311
G20K,931.0,141.0,-3.1084693724416583,0.09085159669648414
G20L,295.0,46.0,-3.0662146833550636,0.1587839281720875
G20M,973.0,172.0,-2.8854323784561524,0.08324403181594109
G20N,600.0,123.0,-2.671681128708208,0.09941968588045928
G20P,1194.0,961.0,-0.6986617573028324,0.044342987054033646
G20Q,698.0,184.0,-2.308933720125972,0.08339871801457914
G20R,826.0,155.0,-2.7992681443307026,0.08803437097098026
G20S,1957.0,4620.0,0.8537746600893765,0.028559552152493912
G20T,365.0,99.0,-2.2677600259721142,0.1137007279984021
G20V,626.0,280.0,-1.5461775384940317,0.07250471898739838
G20W,383.0,78.0,-2.681121268148189,0.12457119226528487
G20Y,782.0,139.0,-2.8774685723213684,0.09252403890353382
G20_,1164.0,202.0,-2.9120750219583584,0.07679559762868585
G217A,1129.0,396.0,-1.896919684271631,0.05915348835049856
G217C,651.0,134.0,-2.665809230306505,0.09532271022887498
G217D,1233.0,131.0,-3.6199058446650296,0.09237014248917359
G217E,443.0,94.0,-2.62192331930323,0.11394150396756313
G217F,443.0,61.0,-3.2456918154506464,0.13688044301986818
G217H,316.0,76.0,-2.4411792594568746,0.12809697561828906
G217I,946.0,142.0,-3.1213330959117647,0.09048228323770806
G217K,460.0,87.0,-2.7878822865504045,0.1172817646155209
G217L,1023.0,187.0,-2.8371031113215226,0.08008139522225947
G217M,930.0,190.0,-2.6766410674577443,0.08016453601932366
G217N,1274.0,253.0,-2.717580475608578,0.06946618473948359
G217P,277.0,73.0,-2.3092422595065214,0.13188990305310408
G217Q,969.0,164.0,-2.9481979590325746,0.0849551938893497
G217R,821.0,121.0,-3.1477437070865157,0.09782640999582921
G217S,730.0,156.0,-2.611747906574805,0.0887012088436326
G217T,409.0,66.0,-3.01684979961656,0.13297504461717585
G217V,272.0,41.0,-3.1150822283283413,0.16777618013526244
G217W,763.0,129.0,-2.949689253335536,0.09565641952915707
G217Y,1073.0,170.0,-3.043442194418275,0.08307935593956083
G217_,595.0,83.0,-3.2270270517572603,0.11753978074738147
G246A,1161.0,1088.0,-0.4791587682184284,0.04322780242167255
G246C,1012.0,1196.0,-0.1444642800351028,0.04373168894117389
G246D,629.0,239.0,-1.7814821588445549,0.07656330636709151
G246E,757.0,214.0,-2.2081043337829565,0.07798640931855029
G246F,803.0,1217.0,0.21438097711827453,0.046424294483274356
G246H,979.0,793.0,-0.689454723825234,0.04868955587279357
G246I,741.0,1025.0,0.08260288130793736,0.049125597912392675
G246K,939.0,211.0,-2.539299336823472,0.0767611747844632
G246L,886.0,857.0,-0.43348112978734754,0.04882333089524247
G246M,1441.0,1851.0,-0.02423784426153075,0.036365065444115746
G246N,2106.0,916.0,-1.5865472198030393,0.0406784632347305
G246P,814.0,747.0,-0.5093891481837076,0.05153029187266341
G246Q,650.0,294.0,-1.530066874138293,0.07090766816567634
G246R,807.0,145.0,-2.861904343981699,0.09068314523458643
G246S,3456.0,775.0,-2.5422907475074807,0.04083958404582006
G246T,955.0,1059.0,-0.23634171883434174,0.045602656499506886
G246V,1216.0,1576.0,-0.011348590426162986,0.03930763383231044
G246W,1197.0,1733.0,0.14837458814777849,0.038738356999869536
G246Y,1304.0,1003.0,-0.7640891298080619,0.04303578739347361
G246_,703.0,129.0,-2.831532499337424,0.09623931970436923
G247A,1185.0,870.0,-0.8312655313801569,0.045623475205725725
G247C,1051.0,988.0,-0.47464903343573717,0.045296974695368974
G247D,893.0,278.0,-2.0690097396817215,0.06931822185857636
G247E,798.0,361.0,-1.529838211155699,0.06411971755055217
G247F,770.0,237.0,-2.0853994372839235,0.07487409677334847
G247H,597.0,161.0,-2.2760749894356147,0.08929738438696078
G247I,1329.0,225.0,-2.947761121503321,0.07269732723597912
G247K,1180.0,81.0,-4.2500254543832465,0.11523810206182868
G247L,899.0,196.0,-2.582880090420187,0.07938721483683733
G247M,1073.0,626.0,-1.1628760994790275,0.05116239844018617
G247N,1124.0,464.0,-1.6618972545175152,0.05597331905538237
G247P,1824.0,388.0,-2.61841808543211,0.056689597377183695
G247Q,908.0,380.0,-1.6421409887715654,0.06181451150779598
G247R,1255.0,92.0,-4.155234568503517,0.10841312166964495
G247S,1085.0,798.0,-0.828699795351377,0.04757081352519076
G247T,495.0,303.0,-1.0935624499885757,0.07354316421373955
G247V,1270.0,308.0,-2.4292609470822977,0.06420481204581699
G247W,696.0,142.0,-2.6785856962536982,0.09255664896521806
G247Y,1360.0,412.0,-2.1083361868689035,0.05701428720248364
G247_,1311.0,249.0,-2.781873290600692,0.06976308725194147
G248A,661.0,740.0,-0.22259751737185418,0.0543358462341529
G248C,876.0,1159.0,0.018403583734549755,0.04574450222996517
G248D,1207.0,219.0,-2.8478391652034407,0.07404532248230229
G248E,989.0,207.0,-2.641754833215403,0.07700656666225236
G248F,606.0,106.0,-2.900611425022624,0.10569496117157152
G248H,788.0,102.0,-3.3349735382706625,0.10564182221850664
G248I,1149.0,219.0,-2.776792890447627,0.07432718665427386
G248K,1165.0,217.0,-2.8099790949284493,0.07452958463945893
G248L,1192.0,205.0,-2.925100336747451,0.07619018738636892
G248M,900.0,179.0,-2.7153710349181672,0.08237471420613968
G248N,998.0,217.0,-2.5867629329185053,0.07548702685710963
G248P,1399.0,479.0,-1.9317487814888707,0.053764718371835524
G248Q,675.0,159.0,-2.4712615634180377,0.08864867094224292
G248R,1428.0,257.0,-2.8595798691512173,0.06840606021288448
G248S,1087.0,1120.0,-0.3423237854831793,0.043600671876776444
G248T,651.0,225.0,-1.918160770984402,0.07790081075266822
G248V,1609.0,286.0,-2.8775059836710892,0.06485442237371675
G248W,653.0,112.0,-2.928947732698316,0.10270033642398153
G248Y,1265.0,224.0,-2.88298393393847,0.07309451886785603
G248_,636.0,109.0,-2.9300591492878727,0.10408644160025807
G251A,1021.0,649.0,-1.0391545700356533,0.0510729412079832
G251C,872.0,608.0,-0.9057198139112712,0.05366283918666524
G251D,1345.0,1155.0,-0.6051817429924085,0.041200691069903345
G251E,1806.0,264.0,-3.1596115862870784,0.06655566679143551
G251F,570.0,99.0,-2.9108112661240435,0.10928201940690477
G251H,982.0,304.0,-2.0770891222452645,0.06630158165033243
G251I,1250.0,310.0,-2.3970231643368898,0.06413977452125928
G251K,1120.0,197.0,-2.892641033591268,0.0778263986237886
G251L,672.0,120.0,-2.8707982624556667,0.09954359205792566
G251M,1055.0,339.0,-2.0233271248263636,0.06313349734231709
G251N,813.0,645.0,-0.7194217561367653,0.05355908335801955
G251P,1108.0,355.0,-2.027509519933817,0.06170539417729093
G251Q,1034.0,1494.0,0.1454694801928902,0.04152906063055647
G251R,994.0,148.0,-3.1330359001399826,0.08860327886252262
G251S,1269.0,662.0,-1.3242487092791095,0.048854700223231635
G251T,956.0,474.0,-1.3975784000193094,0.05695514880740916
G251V,531.0,145.0,-2.258056823499171,0.094167375017653
G251W,949.0,152.0,-3.027727241084632,0.08786614209403157
G251Y,1686.0,274.0,-3.0067828290700027,0.0658090633134963
G251_,736.0,165.0,-2.5426420964458325,0.0866436993911476
G291A,971.0,1377.0,0.11851079166838385,0.042945096679226524
G291C,755.0,942.0,-0.06622356421062925,0.04974193706866273
G291D,932.0,1311.0,0.1067911642402386,0.043862686057637705
G291E,848.0,1255.0,0.18007549064762696,0.04543404511847238
G291F,1442.0,888.0,-1.0849035275483243,0.0436784224810651
G291H,1258.0,1567.0,-0.06859919016832938,0.0390035759948736
G291I,981.0,539.0,-1.249425990216393,0.05443184205060556
G291K,1639.0,1478.0,-0.5346388124641424,0.037079974272038345
G291L,3084.0,1374.0,-1.5518851255097537,0.03376780395163922
G291M,1317.0,1776.0,0.04590321864432134,0.03755755914460355
G291N,1022.0,1295.0,-0.04391626057186038,0.04288208828168105
G291P,984.0,166.0,-2.9528730150772358,0.08442865641344069
G291Q,725.0,1018.0,0.10420874750944975,0.049495602034245384
G291R,1572.0,2093.0,0.027498623166733793,0.03467165631343432
G291S,1220.0,1123.0,-0.5049923849795217,0.042406887556972694
G291T,1051.0,1410.0,0.03845881200655121,0.04181979483588074
G291V,950.0,952.0,-0.382436158160564,0.04681072859910776
G291W,1813.0,1166.0,-1.0222769073952005,0.03869637185265345
G291Y,2073.0,2349.0,-0.20514440715387572,0.03156447808199101
G291_,1102.0,192.0,-2.9063541473337615,0.07876363082607718
G305A,2138.0,904.0,-1.627328150580503,0.040769127933659076
G305C,1066.0,212.0,-2.715486938155771,0.07578291909337811
G305D,822.0,140.0,-2.939096258045529,0.09190806203284772
G305E,1120.0,181.0,-3.014840492650027,0.08065742683849973
G305F,2867.0,324.0,-3.530906877828157,0.05935768366448251
G305H,862.0,141.0,-2.997377314372174,0.09132354380301501
G305I,1004.0,184.0,-2.8333877484327132,0.08073851590717791
G305K,960.0,187.0,-2.745404202657891,0.08048091777299225
G305L,1331.0,226.0,-2.9435330843324827,0.07255416471952823
G305M,660.0,140.0,-2.6224281965320326,0.09351839505019405
G305N,1350.0,230.0,-2.9386717894230117,0.07194850236079364
G305P,988.0,298.0,-2.1146350877987734,0.06675284471703281
G305Q,912.0,143.0,-3.0584037984330976,0.09042793755192938
G305R,891.0,155.0,-2.9085505202699196,0.08753132716542146
G305S,934.0,241.0,-2.33981517453451,0.07285651964324487
G305T,1079.0,196.0,-2.8461792573129534,0.07820978628278387
G305V,887.0,138.0,-3.0696477493286194,0.09198613718703308
G305W,813.0,148.0,-2.843048631908438,0.0898582889881591
G305Y,1347.0,231.0,-2.9292035378050088,0.07182907906431622
G305_,1057.0,241.0,-2.5182942987716475,0.07199642317042533
G322A,905.0,1214.0,0.038304480410133124,0.04490981283558503
G322C,817.0,1030.0,-0.051237484079709184,0.04778131712470367
G322D,642.0,745.0,-0.17080616492561607,0.054663394315253105
G322E,546.0,717.0,0.0075956798207359455,0.05757051028845417
G322F,608.0,724.0,-0.1335556144592509,0.05580430863439049
G322H,2010.0,2396.0,-0.13203893594132365,0.03167151985731464
G322I,1085.0,1417.0,-0.00032858612948682975,0.04141951825307934
G322K,1027.0,1245.0,-0.10776308543903568,0.04318705167398816
G322L,766.0,1058.0,0.08044794582101833,0.04836167196793957
G322M,1013.0,1288.0,-0.038974807764790675,0.0430321188513972
G322N,2792.0,2587.0,-0.4954886644082688,0.028860461122942747
G322P,581.0,731.0,-0.054142039049684065,0.05636777264888713
G322Q,652.0,844.0,-0.013104185483504338,0.052978803043799746
G322R,1186.0,1459.0,-0.08659658908807977,0.0402091302049853
G322S,1137.0,1416.0,-0.06888367522248462,0.04091361779831212
G322T,840.0,1113.0,0.020517960651851297,0.04665984592052862
G322V,1548.0,2040.0,0.01269124667970667,0.034991413423669675
G322W,1730.0,1545.0,-0.5486343875307984,0.03624211667935079
G322Y,1509.0,1780.0,-0.14718720658562923,0.036231138645049316
G322_,930.0,148.0,-3.0370217633779815,0.08899310189094063
G326A,640.0,868.0,0.05414703009146127,0.05294101175215499
G326C,1467.0,1108.0,-0.7903779896047167,0.040894892357830406
G326D,1272.0,216.0,-2.94341019147404,0.07418751461848032
G326E,1212.0,192.0,-3.0436184340637356,0.07823907246181688
G326F,1024.0,237.0,-2.496680154274057,0.07269111980362535
G326H,1662.0,228.0,-3.251230244690992,0.07124372484443971
G326I,1116.0,413.0,-1.8195715224129456,0.058356772337208526
G326L,1359.0,152.0,-3.545788118463527,0.08603812532085277
G326M,1556.0,198.0,-3.359676321496455,0.07603376919401775
G326N,1657.0,289.0,-2.904861178330066,0.06443445681285906
G326P,1865.0,390.0,-2.64307053164283,0.05646628775592577
G326Q,1718.0,282.0,-2.9923903940967267,0.06493271143897127
G326R,1599.0,320.0,-2.706460253878831,0.061955661435190386
G326S,1034.0,1377.0,0.02781871202774866,0.04220822731209343
G326T,931.0,389.0,-1.644459608223908,0.06109783140421833
G326V,818.0,453.0,-1.2380457687718858,0.05931399843817196
G326W,475.0,148.0,-2.0677334200418684,0.09460303254320745
G326Y,1686.0,392.0,-2.490120917082707,0.056853199593105204
G326_,1205.0,207.0,-2.9267429387586983,0.07582062924218098
G329A,1039.0,945.0,-0.5222782249612257,0.04592231683658332
G329C,911.0,1079.0,-0.1413007463570617,0.04596382208458771
G329D,1311.0,318.0,-2.4290048387256125,0.06321028848063007
G329E,1248.0,522.0,-1.6429503310777802,0.052963784072280785
G329F,1997.0,1884.0,-0.4695051208747243,0.033462606643686596
G329H,1012.0,1109.0,-0.2534213577748705,0.04447530024198625
G329I,1217.0,1056.0,-0.5901877123526642,0.04309131401605541
G329K,809.0,123.0,-3.102852118881131,0.09723020989005182
G329L,1010.0,776.0,-0.7656926145260998,0.048651280286496505
G329M,1753.0,1434.0,-0.6752493276443077,0.036824004230731476
G329N,1092.0,1241.0,-0.20094151335329347,0.04254118578943781
G329P,1049.0,517.0,-1.4062345267376672,0.05454991294883469
G329Q,693.0,711.0,-0.34847650589767376,0.05420004870169988
G329R,1833.0,333.0,-2.8460474369455797,0.0603048776228019
G329S,1475.0,1918.0,-0.0065846795628794474,0.03588244556466484
G329T,1269.0,1586.0,-0.06377175678503955,0.038816795105165995
G329V,1642.0,1656.0,-0.37322171490416745,0.03607056218066779
G329W,2260.0,204.0,-3.855087566658069,0.07370489197492197
G329Y,1058.0,988.0,-0.48422590076788197,0.045227434529853984
G329_,1458.0,228.0,-3.062301796791904,0.07183212084303157
G330A,1519.0,1776.0,-0.15996184887051967,0.03618836947019872
G330C,924.0,307.0,-1.9750930033322405,0.0665407915519208
G330D,1310.0,220.0,-2.9594070065870097,0.07346302181144874
G330E,891.0,166.0,-2.8096416615721207,0.0850545122164737
G330F,1404.0,272.0,-2.753291801686075,0.06690886149838825
G330H,1656.0,256.0,-3.07890950157184,0.06780983103322756
G330I,1007.0,163.0,-3.0125158205316245,0.08494613850359647
G330K,593.0,103.0,-2.9107422215763243,0.10715559827841538
G330L,1241.0,236.0,-2.7800650324798246,0.07163182641559893
G330M,845.0,143.0,-2.9483225697131266,0.09090737391620309
G330N,1220.0,200.0,-2.9942191213941296,0.07686110917731973
G330P,1153.0,214.0,-2.815125095994828,0.07502125493642983
G330Q,1164.0,208.0,-2.8698488466766214,0.07586023337212731
G330R,1279.0,233.0,-2.8420339534838632,0.07184518561975227
G330S,1264.0,1340.0,-0.3012342965192971,0.04031886342670967
G330T,1071.0,189.0,-2.887907666303221,0.07945211221480218
G330V,1180.0,196.0,-2.9752701076457893,0.07770100157415656
G330W,1325.0,236.0,-2.8745535396953867,0.0712743611769414
G330Y,599.0,103.0,-2.9252658761295107,0.10707675401425668
G330_,974.0,163.0,-2.964446300002593,0.08514394372427492
G339A,1896.0,843.0,-1.5548151097151162,0.04244836400127161
G339C,1300.0,211.0,-3.008609630614363,0.07481010240227022
G339D,4.0,1.0,-2.374717130049744,1.1133569882043097
G339E,923.0,154.0,-2.968792435256951,0.08754833764386258
G339F,2160.0,356.0,-2.9865185069868625,0.057966243285193675
G339H,742.0,130.0,-2.8982862208638425,0.09553858609308184
G339I,1509.0,259.0,-2.9279928483224675,0.067909907996613
G339K,1241.0,216.0,-2.9078149196378558,0.07431975015692767
G339L,1388.0,178.0,-3.3484579539709416,0.080164409263035
G339M,1231.0,215.0,-2.902837002359316,0.07450840376944841
G339N,978.0,168.0,-2.926772297778589,0.08404002484913883
G339P,1196.0,198.0,-2.9800544415362697,0.0772953949254887
G339Q,1596.0,273.0,-2.932914176059062,0.06616378662878858
G339R,1547.0,228.0,-3.1477837046498784,0.07155693862498948
G339S,1161.0,391.0,-1.9555731750656422,0.05922003927048212
G339T,1474.0,290.0,-2.7310419457654023,0.06492143781500265
G339V,1061.0,166.0,-3.061566386630955,0.08399075172071274
G339W,1635.0,223.0,-3.259589337213285,0.07199955267267326
G339Y,841.0,149.0,-2.8821839886350213,0.08937684363714793
G339_,1440.0,210.0,-3.1630190855627496,0.07446027340917823
G343A,887.0,668.0,-0.7945508558945331,0.05208244678208407
G343C,1224.0,668.0,-1.2591439261717623,0.04901209081750814
G343D,1160.0,209.0,-2.857963554433767,0.07572804161288525
G343E,833.0,140.0,-2.958274127965832,0.09182062641274495
G343F,1317.0,228.0,-2.91556748209037,0.07234143287255905
G343H,1086.0,187.0,-2.923320251282223,0.07972655858454661
G343I,1217.0,228.0,-2.801642204655855,0.07277137602056942
G343K,1676.0,243.0,-3.171413355435429,0.06928150419593608
G343L,1742.0,297.0,-2.937639681179559,0.06347561894227467
G343M,1492.0,393.0,-2.310089464518212,0.05747100130493429
G343N,1090.0,272.0,-2.3880799611502983,0.06842494343199901
G343P,1392.0,232.0,-2.970380867428144,0.07153152708799072
G343Q,1339.0,379.0,-2.2063291025510843,0.058936303771587796
G343R,1699.0,286.0,-2.956027035163156,0.06460010819324971
G343S,882.0,916.0,-0.33090185094120894,0.04810072568189657
G343T,1716.0,695.0,-1.6894225054718661,0.045932451316872625
G343V,1620.0,332.0,-2.672174304253656,0.06097091347762846
G343W,1375.0,223.0,-3.009731988620745,0.0727982552592444
G343Y,3334.0,543.0,-3.003677946017064,0.047220128148496
G343_,1209.0,215.0,-2.876820698383934,0.07460753423416784
G348A,1291.0,651.0,-1.3732187524206365,0.048978329209553334
G348C,1234.0,662.0,-1.2838993570373836,0.04908291029992656
G348D,1213.0,164.0,-3.272205943883307,0.08372454470859474
G348E,1174.0,202.0,-2.924416266587884,0.07674793917444062
G348F,1311.0,238.0,-2.847054781592038,0.07108086595997173
G348H,1438.0,241.0,-2.9623789815480346,0.07023407692994767
G348I,980.0,187.0,-2.7751512393597313,0.08034874025484934
G348K,1260.0,209.0,-2.97726149574871,0.07527495763835106
G348L,851.0,140.0,-2.9891163979606015,0.09168225552175795
G348M,1020.0,164.0,-3.0221977960591557,0.08465096821619827
G348N,1942.0,257.0,-3.30312441656481,0.06703763325809946
G348P,1233.0,265.0,-2.6035359816460257,0.06835700857234861
G348Q,816.0,118.0,-3.175147901822937,0.09893203730089045
G348R,1657.0,259.0,-3.062972791088248,0.06747270656930189
G348S,1373.0,489.0,-1.874876446450179,0.053492891581711666
G348T,907.0,166.0,-2.835318494948142,0.0849380472204028
G348V,1827.0,237.0,-3.3319348806545497,0.06967631099615873
G348W,1004.0,160.0,-3.035009849188577,0.08563778426710242
G348Y,990.0,169.0,-2.9358046735900594,0.08375628419579527
G348_,1393.0,253.0,-2.8464094885722204,0.06898186401743327
G34A,674.0,933.0,0.08365236139762722,0.05141665163074439
G34C,1183.0,1413.0,-0.12916077940541904,0.04051203705140932
G34D,981.0,1395.0,0.12246552971704983,0.04271314808373129
G34E,899.0,935.0,-0.32882555496160126,0.047645111356205506
G34F,1229.0,1384.0,-0.2141124737470319,0.04030404248251952
G34H,984.0,1207.0,-0.09077743970642871,0.043965418955436035
G34I,941.0,585.0,-1.0712189547894804,0.05348154009733172
G34K,1184.0,1355.0,-0.190847953450624,0.04087547031789991
G34L,958.0,1020.0,-0.294999510592838,0.045961153862173226
G34M,49.0,46.0,-0.4765988766531297,0.2054911662985486
G34N,2735.0,2878.0,-0.3119446893825497,0.02830735529933032
G34P,943.0,212.0,-2.538610941322477,0.0765859482156338
G34Q,784.0,1044.0,0.027721383354789353,0.04818250559366704
G34R,843.0,959.0,-0.19947407232376602,0.048137118964102034
G34S,425.0,510.0,-0.12244143801841023,0.06634641181759122
G34T,536.0,470.0,-0.5750386506279446,0.06388635081222098
G34V,922.0,773.0,-0.6397655067546397,0.04966332589934797
G34W,706.0,816.0,-0.17657197229757937,0.05225036257595625
G34Y,431.0,493.0,-0.19157461857798896,0.06660857966632988
G34_,1123.0,171.0,-3.10068836493455,0.08262136497598661
G364A,1241.0,1564.0,-0.051735190021644506,0.039158550275496834
G364C,1459.0,1835.0,-0.05467203266880771,0.036312079243906635
G364D,1125.0,945.0,-0.6370065107080922,0.04511413888172101
G364E,1427.0,977.0,-0.9320203972986243,0.042573602070112064
G364F,1582.0,1983.0,-0.05953695270237791,0.034994368497070216
G364H,1283.0,1010.0,-0.7306330244149595,0.04310128812206543
G364I,1794.0,1876.0,-0.32099060025489035,0.034331783696946686
G364K,1174.0,187.0,-3.035727560826164,0.0792925205205841
G364L,1893.0,2438.0,-0.02044817509702046,0.03204129361006378
G364M,950.0,1070.0,-0.21386051139186169,0.04555662281785356
G364N,1901.0,1545.0,-0.6846201315192229,0.035517542711538966
G364P,1928.0,589.0,-2.0962186878192055,0.04800675194822637
G364Q,1774.0,1189.0,-0.9627234796870594,0.03863864877320069
G364R,241.0,27.0,-3.5429976494651703,0.2031274102641201
G364S,887.0,1121.0,-0.04769331297515311,0.04590915363184267
G364T,1320.0,1620.0,-0.09001632678947491,0.03825003055613028
G364V,1232.0,1527.0,-0.07577464251044397,0.039430584081786076
G364W,1130.0,1634.0,0.14661108653625554,0.03981399199259948
G364Y,822.0,1094.0,0.026927889116592496,0.04710428131900737
G364_,1425.0,251.0,-2.890625483730387,0.06909319187880542
G369A,1737.0,2257.0,-0.007663435434906329,0.03327131883817785
G369C,1285.0,1342.0,-0.32285435108717975,0.04014436037452366
G369D,903.0,687.0,-0.7798810518352015,0.051489853519698085
G369E,1090.0,617.0,-1.2064457803090036,0.05124799244889575
G369F,1117.0,183.0,-2.9951179006490163,0.08029722346994315
G369H,2322.0,246.0,-3.624055506068592,0.0677034080170217
G369I,784.0,198.0,-2.370768950441339,0.08008719374088853
G369K,989.0,189.0,-2.772992729171224,0.0799378018184124
G369L,756.0,592.0,-0.7382539584374275,0.05567862391647299
G369M,875.0,949.0,-0.26834640170843027,0.047799460633575076
G369N,817.0,937.0,-0.18775947829442519,0.04877924122978897
G369P,1688.0,191.0,-3.529073561969788,0.0769152535212691
G369Q,987.0,251.0,-2.3607900470041008,0.07131115385040401
G369R,1969.0,345.0,-2.8982305409669,0.059114725973524386
G369S,1212.0,1599.0,0.014307172740283924,0.039225977843335064
G369T,1691.0,1090.0,-1.0190140070022373,0.03996248257176609
G369V,1613.0,538.0,-1.969520675446777,0.05066433803703708
G369W,1277.0,261.0,-2.6760630223556534,0.06857524870935691
G369Y,1308.0,207.0,-3.0450713903526196,0.07538845625036508
G369_,2410.0,252.0,-3.642956431570752,0.06686738532802583
G37A,556.0,498.0,-0.5444063050321573,0.06240781433219812
G37C,510.0,238.0,-1.4849735315930053,0.0790598803762032
G37D,582.0,123.0,-2.6277385247652623,0.0996785763721709
G37E,453.0,84.0,-2.816380111647965,0.1191596253259604
G37F,927.0,192.0,-2.6568736388103487,0.07984368336752182
G37H,755.0,216.0,-2.1908678369216057,0.07773104754303338
G37I,264.0,59.0,-2.547031398984571,0.144299100078352
G37K,509.0,122.0,-2.446164789449293,0.10123666395165072
G37L,464.0,89.0,-2.7675867512779844,0.11609493260757112
G37M,745.0,144.0,-2.756560981480913,0.09151197061568193
G37N,264.0,65.0,-2.407329203169428,0.13877391281048893
G37P,577.0,458.0,-0.718687410510908,0.06328226716833558
G37Q,528.0,63.0,-3.4523827246759025,0.1336136780048829
G37R,776.0,129.0,-2.9740625319313034,0.09554158765756625
G37S,322.0,260.0,-0.6940085677271455,0.08390300483266161
G37T,495.0,205.0,-1.657233573216681,0.08358341178876376
G37V,800.0,309.0,-1.7578346933878413,0.06763386932069079
G37W,569.0,105.0,-2.8233974727006252,0.10662342902686116
G37Y,681.0,152.0,-2.5489799346833797,0.09019499137418642
G37_,794.0,144.0,-2.848458368218518,0.09105826094169353
G41A,523.0,205.0,-1.7366144341641885,0.08293391856165436
G41C,743.0,125.0,-2.956808308266279,0.09712595758181215
G41D,731.0,127.0,-2.9104192377395828,0.0965897552378073
G41E,486.0,83.0,-2.9350991351737594,0.11913239218293598
G41F,1148.0,226.0,-2.7301468829308613,0.07337486091010036
G41H,460.0,78.0,-2.9454044319762964,0.12280451880992557
G41I,759.0,105.0,-3.2390623588252625,0.10454005432277451
G41K,656.0,95.0,-3.1730367201249097,0.11017163681431758
G41L,951.0,264.0,-2.2343381215593636,0.07019589479343517
G41M,537.0,90.0,-2.9622619430375288,0.11428146864228186
G41N,398.0,74.0,-2.812482743807453,0.1269346366229876
G41P,726.0,129.0,-2.8779767081244385,0.09600491279369786
G41Q,687.0,104.0,-3.109079042790431,0.10563265458711218
G41R,361.0,78.0,-2.59577800862236,0.1252081883329745
G41S,780.0,194.0,-2.3928317900736245,0.080775138566887
G41T,1089.0,130.0,-3.451792887589093,0.09326411911390842
G41V,349.0,70.0,-2.7031056484142875,0.13129027326460788
G41W,328.0,51.0,-3.0703579792769053,0.1508008668235828
G41Y,1921.0,139.0,-4.1740746401174125,0.08833176804656756
G41_,392.0,66.0,-2.9556041404793474,0.13337312258038178
G58A,239.0,265.0,-0.23649436712811234,0.08969717135598444
G58C,687.0,847.0,-0.08342228270874408,0.052195988087647444
G58D,805.0,210.0,-2.3240188651204923,0.07805199092755741
G58E,447.0,120.0,-2.282622667039586,0.10323729967551791
G58F,301.0,237.0,-0.7303336715554343,0.0873475512008023
G58H,1181.0,166.0,-3.216149313499688,0.08341870935286276
G58I,8979.0,1690.0,-2.7949947895072014,0.028130019670321454
G58K,446.0,98.0,-2.5715453829422357,0.1119524782216935
G58L,599.0,747.0,-0.06692271814688322,0.05564446114047514
G58M,197.0,251.0,-0.035994206499252,0.09564519943762746
G58N,137.0,73.0,-1.2935853968687585,0.14520229291118916
G58P,250.0,324.0,-0.011417647834012001,0.08470170707516567
G58Q,1063.0,559.0,-1.3126793586229706,0.05308310810224835
G58R,1622.0,262.0,-3.0155591198976563,0.06724122179725166
G58S,1346.0,562.0,-1.6454916085824327,0.05109284665968974
G58T,284.0,288.0,-0.365293009927667,0.08415057411342358
G58V,887.0,926.0,-0.3233927824019167,0.047911372654327836
G58W,1394.0,377.0,-2.2720364009626106,0.05880492483454636
G58Y,585.0,106.0,-2.849731110610916,0.10597480606216741
G58_,405.0,86.0,-2.6208514055916536,0.1190959469011704
G59A,628.0,362.0,-1.18022816791939,0.06665508714480138
G59C,1005.0,94.0,-3.803722005805704,0.10826077735160551
G59D,361.0,40.0,-3.559076452960954,0.16688910273596066
G59E,931.0,104.0,-3.5475446078602584,0.10381125731797824
G59F,636.0,74.0,-3.488727514090379,0.12317550329088528
G59H,718.0,133.0,-2.8179394085406457,0.09486403245429509
G59I,848.0,87.0,-3.67029834038736,0.11296184268500814
G59K,955.0,146.0,-3.0949188457200574,0.08935418346499123
G59L,576.0,85.0,-3.1458595793776416,0.11656593675610591
G59M,1165.0,177.0,-3.103909753508538,0.08121560655912989
G59N,1023.0,157.0,-3.089362081244688,0.08622495759114941
G59P,430.0,56.0,-3.326084063420784,0.14236466079460655
G59Q,953.0,155.0,-3.0056002492637743,0.08711324990291716
G59R,1053.0,170.0,-3.016297810058928,0.08318581740532581
G59S,540.0,118.0,-2.579547193251779,0.10204847076482138
G59T,1015.0,149.0,-3.153483069709715,0.08822916549126726
G59V,226.0,25.0,-3.561279831007057,0.2109426558555305
G59W,733.0,101.0,-3.244804939632682,0.10654793497489547
G59Y,761.0,121.0,-3.0382593242674254,0.09831600943515505
G59_,865.0,163.0,-2.7932265269152783,0.08590031226950788
G66A,1299.0,1455.0,-0.22185365475773278,0.0393104590812157
G66C,504.0,451.0,-0.5457631227598556,0.06549464125822929
G66D,827.0,552.0,-0.9686805580131583,0.05575797059819145
G66E,782.0,623.0,-0.7134019222597798,0.05451679903853981
G66F,1246.0,1048.0,-0.6351333502902152,0.04295306536796596
G66H,609.0,552.0,-0.5272417013110378,0.05951289966098568
G66I,287.0,277.0,-0.43663313230391765,0.08474899300197043
G66K,830.0,843.0,-0.36304915968340445,0.049792017324107186
G66L,577.0,600.0,-0.3290799629428367,0.059058663931391406
G66M,302.0,253.0,-0.6408720991529719,0.08574249975628803
G66N,949.0,838.0,-0.5649260160256979,0.048324398988692646
G66P,356.0,504.0,0.11606440623209657,0.06986567224525651
G66Q,605.0,510.0,-0.6319036397909406,0.06084263134114773
G66R,620.0,636.0,-0.3487122217177392,0.057213584163538535
G66S,1215.0,1278.0,-0.31253924922773635,0.041154825516247426
G66T,576.0,811.0,0.10815565883523348,0.05529309241276719
G66V,500.0,365.0,-0.8394911455035174,0.06948255643077982
G66W,688.0,711.0,-0.3380298697547728,0.054296702520613395
G66Y,165.0,130.0,-0.7294010487040952,0.11764424964332956
G66_,566.0,81.0,-3.1901258158750796,0.11916007283923816
G74A,577.0,645.0,-0.22474498065349113,0.05806591475438984
G74C,599.0,124.0,-2.6575938119234683,0.0991034898872316
G74D,624.0,128.0,-2.6707828189889025,0.09748149976208835
G74E,713.0,121.0,-2.9442662234575785,0.0987648692881181
G74F,586.0,297.0,-1.365883964354488,0.07184399908016201
G74H,548.0,160.0,-2.1615103351090115,0.09034715434128797
G74I,360.0,73.0,-2.687341182179309,0.12869603400124693
G74K,1078.0,168.0,-3.0672217371800485,0.083473807410504
G74L,617.0,213.0,-1.919842896924652,0.08002217961529384
G74M,652.0,281.0,-1.5997428068646355,0.07197586892703033
G74N,862.0,329.0,-1.775043357958114,0.06548064845817418
G74P,182.0,129.0,-0.8820050054123731,0.1154718814245555
G74Q,539.0,186.0,-1.9204020417200365,0.08555421017685712
G74R,700.0,140.0,-2.7073158450503154,0.09305435333613178
G74S,610.0,498.0,-0.6781283677842245,0.06111893221026414
G74T,729.0,161.0,-2.564258496873757,0.08758271710483385
G74V,502.0,97.0,-2.7569809129875873,0.1113032906887836
G74W,553.0,311.0,-1.2158147865704816,0.0714970694511908
G74Y,591.0,141.0,-2.452855249833366,0.09419091809129702
G74_,1134.0,197.0,-2.9105627825627094,0.07775555022427395
G88A,384.0,300.0,-0.7416034772328466,0.07762432451498763
G88C,435.0,559.0,-0.02364466099434548,0.06462112016947287
G88D,618.0,566.0,-0.5122728267236818,0.05893271341975914
G88E,362.0,529.0,0.16179525764069425,0.06885414108328601
G88F,519.0,637.0,-0.08991650167668652,0.059873148379285535
G88H,347.0,363.0,-0.32043813343840544,0.07566188644067841
G88I,571.0,652.0,-0.19409210631507356,0.05807939653220738
G88K,438.0,360.0,-0.6683970131793959,0.07175631119736293
G88L,560.0,666.0,-0.13537893647667332,0.05809798648998878
G88M,294.0,352.0,-0.12571899789865348,0.07956310652597902
G88N,247.0,164.0,-0.9762558543090583,0.10116235943776265
G88P,571.0,506.0,-0.5598203014287408,0.061771700820813825
G88Q,902.0,850.0,-0.4711338001070642,0.0487165945619459
G88R,962.0,1073.0,-0.22793046074104684,0.04538350665774189
G88S,199.0,318.0,0.29076102003259763,0.09087157423259572
G88T,673.0,479.0,-0.8760423532577395,0.06051211276014712
G88V,414.0,415.0,-0.38198970158000645,0.07009419209260338
G88W,756.0,791.0,-0.3201795704763546,0.051721900834552414
G88Y,507.0,509.0,-0.3797903890815846,0.06344415110449853
G88_,606.0,114.0,-2.7956514156609034,0.1025159153005973
H123A,971.0,1148.0,-0.14389303586577995,0.04459980652194014
H123C,686.0,887.0,-0.01474942381463773,0.0517039880753962
H123D,663.0,586.0,-0.5635755328198151,0.057471236952545204
H123E,259.0,291.0,-0.21740925626345842,0.08593821910415059
H123F,420.0,476.0,-0.20490198177682029,0.06760108411564165
H123G,506.0,545.0,-0.27835338162882195,0.062444286579105834
H123I,568.0,795.0,0.09958649197672464,0.055736817967509886
H123K,606.0,769.0,-0.04180942796842668,0.055124637617906515
H123L,688.0,724.0,-0.31189009662831246,0.054063650610373444
H123M,485.0,531.0,-0.25474564945749467,0.06350772821890555
H123N,692.0,639.0,-0.5004245638694229,0.05566148792839453
H123P,323.0,311.0,-0.44008804753740005,0.07999640467040528
H123Q,719.0,870.0,-0.11045003860356761,0.0512681967228015
H123R,220.0,284.0,-0.017097557696738264,0.09030207862368066
H123S,415.0,525.0,-0.04627138370068096,0.06635149429515555
H123T,510.0,530.0,-0.3299761412112865,0.06273529628735529
H123V,381.0,410.0,-0.2796399525943327,0.07177591943665255
H123W,727.0,657.0,-0.5315300656443851,0.05464209389972528
H123Y,715.0,1031.0,0.14255281503833306,0.04956530252169544
H123_,693.0,114.0,-2.989185985632788,0.10150052080745363
H155A,937.0,663.0,-0.8845040008277749,0.05161116182514584
H155C,749.0,985.0,0.009683204626730557,0.049381458647015576
H155D,360.0,431.0,-0.12578582507836522,0.07201421444272263
H155E,355.0,337.0,-0.46053844897464025,0.07663098421070157
H155F,1058.0,1293.0,-0.0960900169538128,0.04250617076431865
H155G,849.0,804.0,-0.46403828763852495,0.05009813102237959
H155I,827.0,898.0,-0.2666434500362893,0.0491015605248923
H155K,687.0,472.0,-0.9269838603287379,0.06051773912893791
H155L,1106.0,1170.0,-0.3043137556363975,0.042977426465081285
H155M,1055.0,1173.0,-0.23251154754432513,0.043457803031046946
H155N,606.0,632.0,-0.3248644010223174,0.057624698790986764
H155P,371.0,408.0,-0.24832374739139773,0.07234970724484875
H155Q,649.0,709.0,-0.2579049182779922,0.05513111942832234
H155R,668.0,469.0,-0.8957212026144372,0.06097006607665399
H155S,383.0,525.0,0.06949265613965494,0.06785158945041253
H155T,348.0,365.0,-0.31666295923629306,0.07550725987919546
H155V,707.0,852.0,-0.11633044371530321,0.05173313227087303
H155W,766.0,830.0,-0.269704694290013,0.050975341356013004
H155Y,1025.0,1140.0,-0.23206169152808176,0.04405678386792108
H155_,1080.0,181.0,-2.962373549833246,0.08086215855290717
H178A,1747.0,3436.0,0.5903761825273732,0.03084893011572806
H178C,427.0,482.0,-0.21067696498873456,0.06711725533131273
H178D,644.0,744.0,-0.17723126434412162,0.05463564362823939
H178E,669.0,801.0,-0.12567770830487657,0.05321075560150648
H178F,834.0,1085.0,-0.005898434190209301,0.04699884638117508
H178G,945.0,1172.0,-0.0748868079340852,0.04471732975001199
H178I,503.0,660.0,0.006430615418990371,0.05992808427294086
H178K,404.0,483.0,-0.12780813094063603,0.06807166405338713
H178L,736.0,1042.0,0.11610166354866092,0.04905686046856475
H178M,737.0,910.0,-0.08127198175628081,0.05043746023524291
H178N,610.0,770.0,-0.04942589758155336,0.05501105797745707
H178P,915.0,1116.0,-0.09897964744459298,0.04557574166393596
H178Q,602.0,792.0,0.010261007869909022,0.054881025632880706
H178R,708.0,990.0,0.09820317423624303,0.05010703458895581
H178S,648.0,711.0,-0.2516164123256006,0.055116700921225906
H178T,524.0,751.0,0.1337675877370268,0.057689820583023674
H178V,956.0,1161.0,-0.10518740207482313,0.044671555444991504
H178W,533.0,660.0,-0.07714490320506329,0.05898712271209613
H178Y,439.0,519.0,-0.14396165303806718,0.0655195563860736
H178_,862.0,127.0,-3.148232701605286,0.09550753804765384
H354A,2309.0,3136.0,0.05618555229338629,0.028985811258069552
H354C,1778.0,2515.0,0.11483051174457026,0.03237675006967483
H354D,1380.0,1586.0,-0.18474704017302424,0.03799158008766179
H354E,1037.0,1456.0,0.10412027149264613,0.04170532344748386
H354F,1181.0,1561.0,0.016988412500224648,0.039693304808358816
H354G,518.0,410.0,-0.7227910382596976,0.06676559177472546
H354I,1123.0,1640.0,0.16086365091492105,0.03985512613516361
H354K,1685.0,1701.0,-0.371835717288024,0.03563101159903048
H354L,637.0,840.0,0.013620295805909954,0.05337144148079722
H354M,1540.0,2269.0,0.17365306189601304,0.03432611184967065
H354N,954.0,1186.0,-0.07143030599127886,0.04449252669659907
H354P,1417.0,225.0,-3.040259100991013,0.07237522312902145
H354Q,1748.0,4265.0,0.9013654996117997,0.029912536247457266
H354R,2220.0,2508.0,-0.2094932610326179,0.03061675347624912
H354S,2336.0,2986.0,-0.03129763947690467,0.029175162360605442
H354T,741.0,1054.0,0.12285345129123737,0.048851629800078386
H354V,2162.0,3401.0,0.26811986564380286,0.029065056896231265
H354W,946.0,1033.0,-0.25854330521397184,0.045970977769057494
H354Y,245.0,296.0,-0.1126649051563593,0.08687890992254135
H354_,2252.0,414.0,-2.828945899911342,0.05429238468566014
H379A,756.0,937.0,-0.07581105917337538,0.04978125123462319
H379C,947.0,1274.0,0.04245485024205564,0.0439214404671335
H379D,1484.0,1824.0,-0.08785736094401653,0.03619816561485847
H379E,1500.0,1916.0,-0.03233721422461455,0.03573226616382715
H379F,1224.0,1721.0,0.10616994918863076,0.03855198589761116
H379G,716.0,1001.0,0.09793455845962651,0.0498380801864217
H379I,697.0,869.0,-0.06727676220115253,0.05170734056836822
H379K,767.0,1075.0,0.10156260152312946,0.04818923687251439
H379L,1052.0,1304.0,-0.07566367160399512,0.0424928378684783
H379M,1850.0,2408.0,-0.005161872075051033,0.03231149896003842
H379N,826.0,1101.0,0.029126233300059923,0.0469798971830415
H379P,1040.0,989.0,-0.45801057327877714,0.045396652048123154
H379Q,1584.0,2090.0,0.014458215478101,0.03461199842356841
H379R,823.0,1208.0,0.16818034574476304,0.04616356204512842
H379S,1071.0,1346.0,-0.05575300861729726,0.04201010959137142
H379T,1362.0,1713.0,-0.05467390869738997,0.037499219094010945
H379V,767.0,958.0,-0.06467485820548458,0.049353916619096085
H379W,1126.0,1405.0,-0.06610942757307203,0.04108582438481313
H379Y,557.0,676.0,-0.10612882685489655,0.05798950458405233
H379_,458.0,508.0,-0.23599238799007782,0.06511557654308585
H89A,509.0,567.0,-0.22979000678302164,0.06177742265213732
H89C,744.0,905.0,-0.1028584651225497,0.05037105122142845
H89D,629.0,645.0,-0.3492316118695369,0.05681881803895955
H89E,874.0,866.0,-0.39873628863440835,0.048857828694682394
H89F,509.0,478.0,-0.47612338628819373,0.06438026923911003
H89G,562.0,664.0,-0.14486101855115407,0.05808221642206621
H89I,712.0,870.0,-0.09633570639911504,0.05140137557369448
H89K,362.0,376.0,-0.33072870561716705,0.07422986627079554
H89L,474.0,548.0,-0.17618546225589338,0.06342443560575392
H89M,554.0,611.0,-0.24418621193187207,0.05941271474916928
H89N,946.0,1038.0,-0.2515771829944411,0.04592023315350574
H89P,341.0,478.0,0.10175656704674996,0.0715030520038641
H89Q,712.0,800.0,-0.21734965639149717,0.05237054239111944
H89R,466.0,497.0,-0.2925562204502823,0.06516228455082143
H89S,182.0,251.0,0.07825693736993422,0.09780758313024668
H89T,581.0,703.0,-0.11048796987300324,0.056849013391727536
H89V,366.0,459.0,-0.0588276676535342,0.07070348110306698
H89W,677.0,815.0,-0.1178295690935185,0.05284199603862548
H89Y,497.0,612.0,-0.08518983973766758,0.061108157060782806
H89_,327.0,61.0,-2.807687304721604,0.13977475004849577
I100A,391.0,582.0,0.18836825051639128,0.06605965155531414
I100C,618.0,838.0,0.05386709088583519,0.05384807012307626
I100D,881.0,616.0,-0.901674809948382,0.0533537800459798
I100E,707.0,535.0,-0.7876349495832189,0.05806673550098219
I100F,551.0,645.0,-0.15822716039106144,0.05876586878828991
I100G,559.0,574.0,-0.3472684069403158,0.060159964853876396
I100H,906.0,765.0,-0.6295185538758377,0.04999127634864656
I100K,1086.0,213.0,-2.735514507777065,0.07552239263559692
I100L,221.0,259.0,-0.15657403545728155,0.09205298264163261
I100M,896.0,809.0,-0.5328274844357432,0.04939992222151964
I100N,368.0,342.0,-0.4911766472058643,0.075692953815954
I100P,249.0,171.0,-0.9275931762610234,0.09975835255996389
I100Q,333.0,308.0,-0.4980584962601853,0.079610145964191
I100R,298.0,58.0,-2.7464574043705907,0.14381312159984677
I100S,738.0,674.0,-0.5163405549938602,0.05410053032232486
I100T,570.0,596.0,-0.3211208790642939,0.05933290877094757
I100V,230.0,305.0,0.021689771352812137,0.08783184370305769
I100W,519.0,627.0,-0.1127440699201756,0.06008186684441505
I100Y,424.0,430.0,-0.3651982660882114,0.06908094480231365
I100_,929.0,138.0,-3.1363915060845677,0.09170867519898894
I116A,447.0,473.0,-0.3039066082565478,0.06662898248069926
I116C,617.0,716.0,-0.17078432122649723,0.05572757390028567
I116D,749.0,157.0,-2.6395987189236694,0.08827418320184952
I116E,757.0,198.0,-2.320209252639546,0.08037071095238602
I116F,549.0,572.0,-0.3262622452114883,0.06048054489520256
I116G,326.0,294.0,-0.5345211790863349,0.08097437931437598
I116H,430.0,459.0,-0.291314812257486,0.06776683381706747
I116K,373.0,133.0,-1.8731497794998262,0.10142652347601212
I116L,793.0,927.0,-0.16022434321667323,0.04927443393529963
I116M,680.0,788.0,-0.17281221077895292,0.053177069465061
I116N,474.0,539.0,-0.20007564288208357,0.0636641811534129
I116P,635.0,208.0,-1.9955966106218623,0.08043913356437972
I116Q,404.0,435.0,-0.2788126231716266,0.06972946769798004
I116R,1239.0,480.0,-1.7535216510258786,0.05457655722263457
I116S,577.0,580.0,-0.37798873430275926,0.05954322044565725
I116T,467.0,631.0,0.04873923987823581,0.06175967445648141
I116V,638.0,743.0,-0.16566759514056706,0.05478562892882357
I116W,515.0,373.0,-0.8508563237531632,0.06863539773498763
I116Y,559.0,564.0,-0.3726235355856815,0.060416137348117634
I116_,494.0,76.0,-3.0857492927379324,0.12356629339269821
I12A,439.0,177.0,-1.6958931227454688,0.08952913189954251
I12C,591.0,682.0,-0.17885983464591426,0.0569779570268521
I12D,525.0,317.0,-1.113286738237778,0.07174548714320217
I12E,450.0,503.0,-0.22484016576685573,0.06556233344360192
I12F,470.0,625.0,0.025717634261200217,0.061772189417067684
I12G,1255.0,490.0,-1.7422859492588936,0.05409062540687341
I12H,343.0,428.0,-0.06607631915078827,0.0730751365876239
I12K,528.0,449.0,-0.6192878635400278,0.06487865668943385
I12L,1672.0,4974.0,1.1873557457259754,0.029788290624334607
I12M,893.0,1114.0,-0.06645623911119092,0.04588769963685376
I12N,690.0,862.0,-0.06438285089099871,0.051937928211952054
I12P,1088.0,1460.0,0.03881624760568769,0.041136974777244296
I12Q,744.0,865.0,-0.16807538740364603,0.0508757175312385
I12R,884.0,181.0,-2.673463473935615,0.08212174046008995
I12S,1281.0,764.0,-1.1310884975455648,0.046666177274643894
I12T,1176.0,1264.0,-0.28136263708725373,0.04158942853376571
I12V,454.0,501.0,-0.2433548614953489,0.06547348684577355
I12W,928.0,608.0,-0.9955154858878883,0.05301414023587134
I12Y,351.0,497.0,0.11629256085098749,0.07035032560763464
I12_,1080.0,191.0,-2.8847947817927526,0.07905352632745605
I135A,650.0,350.0,-1.278535958298229,0.06696053894569999
I135C,922.0,468.0,-1.3637132280715605,0.057528324281056864
I135D,551.0,203.0,-1.8259978937372656,0.08263733717326614
I135E,775.0,207.0,-2.289984650579483,0.07879850962055723
I135F,751.0,513.0,-0.9353153560098049,0.058043385605650734
I135G,482.0,224.0,-1.4909701270498523,0.08140606155465666
I135H,539.0,506.0,-0.476616328820314,0.06260761420886929
I135K,311.0,102.0,-1.9937205689106365,0.11448364891861751
I135L,801.0,734.0,-0.5114907218618319,0.05195207217136445
I135M,655.0,416.0,-1.0403689105882608,0.06339319599376994
I135N,576.0,515.0,-0.5469635990658688,0.06136778894027099
I135P,670.0,168.0,-2.3811057093649843,0.08679145338717609
I135Q,597.0,426.0,-0.8723379872459835,0.06411389268885336
I135R,646.0,150.0,-2.491968006648835,0.0911175097582961
I135S,505.0,303.0,-1.1224167355365742,0.07327069402183287
I135T,296.0,195.0,-0.9875679946358957,0.09270610057343495
I135V,445.0,369.0,-0.6556480289921778,0.07103033754937843
I135W,929.0,1042.0,-0.219867094540108,0.046090270612536004
I135Y,466.0,469.0,-0.3762124165140426,0.06607754593828635
I135_,794.0,134.0,-2.9522867030882,0.09386039821295292
I136A,241.0,355.0,0.17329646891718387,0.08398953605896978
I136C,709.0,855.0,-0.11533486844989316,0.05165470922765572
I136D,691.0,255.0,-1.8236229529234231,0.07387006555650419
I136E,349.0,238.0,-0.9377163704576379,0.08458703347136419
I136F,381.0,458.0,-0.11991995170980552,0.06997268145238691
I136G,1487.0,2609.0,0.4256179380749163,0.03382295463062875
I136H,662.0,758.0,-0.19010631500403363,0.054018605021522476
I136K,372.0,169.0,-1.5237029787310359,0.09323692464569591
I136L,555.0,642.0,-0.17538818302248327,0.058716200092685
I136M,582.0,607.0,-0.3247938439282736,0.05876918863566328
I136N,496.0,607.0,-0.09411910934559575,0.06125130514400188
I136P,441.0,481.0,-0.2602146685883424,0.06659351180633515
I136Q,327.0,314.0,-0.4439944364225479,0.07956655762516654
I136R,699.0,95.0,-3.264632008013831,0.10974523793751342
I136S,743.0,970.0,-0.0008521937726833073,0.04964885489139877
I136T,620.0,603.0,-0.4255797437154598,0.05796066926492031
I136V,805.0,1084.0,0.04382926937251597,0.04746510283735783
I136W,684.0,795.0,-0.16851459594607832,0.052990823945831864
I136Y,354.0,464.0,0.004895597406861185,0.07119072697373567
I136_,806.0,122.0,-3.1092685277971777,0.09759581742608736
I141A,373.0,277.0,-0.8147464362720722,0.0798691801113734
I141C,622.0,652.0,-0.3175138694588595,0.056829786921639695
I141D,599.0,57.0,-3.778763367635138,0.13891874678907537
I141E,543.0,73.0,-3.2802829680731325,0.12500622088253513
I141F,1000.0,1051.0,-0.31370821711055275,0.04516271041414063
I141G,592.0,373.0,-1.0518774237304038,0.06677026739948459
I141H,332.0,27.0,-4.005131336974782,0.2003085041744558
I141K,695.0,98.0,-3.211503061625682,0.10830550957019558
I141L,423.0,214.0,-1.3684837448469889,0.08440914543316796
I141M,721.0,714.0,-0.39954517538813406,0.053625540586473716
I141N,600.0,90.0,-3.122299534685679,0.11342279421972724
I141P,815.0,141.0,-2.9164904695682363,0.09168908939121193
I141Q,580.0,91.0,-3.0574509807945116,0.11313764370002402
I141R,396.0,60.0,-3.1077322129123957,0.1388426907997834
I141S,358.0,285.0,-0.7144575327495453,0.07993798574372529
I141T,742.0,423.0,-1.1962170471832438,0.06164345640784329
I141V,519.0,551.0,-0.2991540204823666,0.06188545001538498
I141W,763.0,200.0,-2.317100018525668,0.0799910213960714
I141Y,635.0,118.0,-2.8133403809610673,0.10068193073462464
I141_,835.0,147.0,-2.8913493673713715,0.08993366153271316
I146A,358.0,307.0,-0.607184423863572,0.07834957330571009
I146C,488.0,663.0,0.056649733025110116,0.06037901864843376
I146D,587.0,401.0,-0.9352170532368467,0.06546347507821017
I146E,579.0,560.0,-0.43360586200708795,0.060008190819251565
I146F,353.0,322.0,-0.5180737469740908,0.07763046591480914
I146G,938.0,402.0,-1.6078421006552466,0.0603473421562282
I146H,204.0,221.0,-0.2699984086968321,0.09754289991519811
I146K,608.0,200.0,-1.9894931054084655,0.08205287613695611
I146L,274.0,413.0,0.206477981629833,0.07847907620544933
I146M,270.0,345.0,-0.031844847250575015,0.0817939357444824
I146N,308.0,235.0,-0.7757252304920392,0.08712060946888393
I146P,320.0,141.0,-1.5677896971817162,0.10151262310725383
I146Q,273.0,262.0,-0.4448021070879715,0.08699271458221951
I146R,582.0,120.0,-2.6633595024303496,0.10069278604751034
I146S,479.0,588.0,-0.08968527040511276,0.06226158620940401
I146T,480.0,514.0,-0.28673822087098966,0.06416379081871819
I146V,308.0,387.0,-0.05607653242481092,0.07693357573516309
I146W,667.0,533.0,-0.7090159770254365,0.05885218759592887
I146Y,482.0,432.0,-0.5434685562029866,0.06691503318019236
I146_,366.0,54.0,-3.1460547988122,0.1460666637699904
I15A,537.0,657.0,-0.09450381092747939,0.058927279279379643
I15C,978.0,537.0,-1.250370449141764,0.05452395645349407
I15D,875.0,1036.0,-0.14180366766826324,0.04686470323088008
I15E,591.0,726.0,-0.088663307709818,0.0561927479524051
I15F,440.0,415.0,-0.4698603984709635,0.06906859483104351
I15G,112.0,148.0,0.016596927019281615,0.12558777502105273
I15H,829.0,1318.0,0.28342972048676085,0.04531216537056429
I15K,288.0,208.0,-0.854936203684745,0.09147555696347287
I15L,657.0,881.0,0.037772879150144156,0.05239582448543941
I15M,883.0,1003.0,-0.20163587812526274,0.04709250171286866
I15N,640.0,961.0,0.20098680996314577,0.051877376220508475
I15P,1222.0,1184.0,-0.43104501163028086,0.04184645802351854
I15Q,295.0,430.0,0.1581361655632163,0.07618042790027577
I15R,930.0,115.0,-3.4009571078755574,0.09928931478351477
I15S,476.0,642.0,0.046133700777118314,0.06120963173876539
I15T,738.0,964.0,-6.243911933179191e-05,0.04980505502732473
I15V,1341.0,1510.0,-0.21423207811066147,0.03868033793878931
I15W,521.0,93.0,-2.871323507975677,0.11295616729088784
I15Y,247.0,62.0,-2.379466841083194,0.14234839300815863
I15_,368.0,64.0,-2.908845942049621,0.13575010540787574
I167A,884.0,1023.0,-0.17478453345816813,0.04687143216407749
I167C,973.0,1230.0,-0.047326678931801425,0.04391986869077135
I167D,549.0,644.0,-0.1552195236730851,0.058842553017204396
I167E,673.0,861.0,-0.03006813423440935,0.05230204009688824
I167F,523.0,708.0,0.051461019666627195,0.05841774934675919
I167G,282.0,414.0,0.1684491075478034,0.07777910272120517
I167H,477.0,618.0,-0.011859514918698189,0.06166606508137398
I167K,688.0,775.0,-0.21368479483960368,0.053216424687702164
I167L,1162.0,1004.0,-0.596319031965967,0.0440998694634773
I167M,739.0,1001.0,0.05232040868082599,0.049400074495737606
I167N,672.0,914.0,0.05825706173951417,0.051675600688528285
I167P,784.0,876.0,-0.2253949034382856,0.050052453426971594
I167Q,712.0,872.0,-0.09302301039156191,0.05137572554106985
I167R,924.0,228.0,-2.4042815523854477,0.074540100633344
I167S,352.0,459.0,-0.0025610157203823647,0.0714677888130658
I167T,460.0,665.0,0.14624062500193613,0.06136625498048008
I167V,296.0,388.0,0.004977733720245681,0.07774144383980545
I167W,994.0,1224.0,-0.08518711250181887,0.04371758873188749
I167Y,544.0,704.0,-0.013507436163599174,0.05785197102406035
I167_,1118.0,163.0,-3.163370902966716,0.08436381944327771
I171A,371.0,541.0,0.15872700166936493,0.06805846374305488
I171C,90.0,174.0,0.5655428337539297,0.13017252982253558
I171D,617.0,603.0,-0.4185821307295319,0.058028279702175736
I171E,725.0,923.0,-0.03712480229370296,0.05050661223745171
I171F,706.0,998.0,0.11389546687994212,0.050066148037520644
I171G,1130.0,1564.0,0.0834440108652803,0.040156502597240976
I171H,783.0,1011.0,-0.01677555693096,0.04852264910768289
I171K,769.0,922.0,-0.12369014705407633,0.04973102473372252
I171L,789.0,1434.0,0.4764694079492484,0.045309722412706595
I171M,471.0,694.0,0.1737285744392718,0.060433544335748476
I171N,806.0,1029.0,-0.03308282701993015,0.04796563279138771
I171P,674.0,752.0,-0.22748833601606044,0.05386688910941988
I171Q,621.0,786.0,-0.04553901914366598,0.054504524135735685
I171R,1212.0,1197.0,-0.40343658371158586,0.04181752369999809
I171S,521.0,615.0,-0.1461713807512499,0.06027896363597719
I171T,732.0,1040.0,0.12119195158477947,0.04915125075666745
I171V,979.0,1161.0,-0.1394852891642513,0.04439564988815962
I171W,676.0,939.0,0.08862574762283515,0.05130725213869865
I171Y,342.0,476.0,0.09148318702760072,0.0715045592598491
I171_,859.0,157.0,-2.837288665071033,0.08730043849882178
I177A,1746.0,1180.0,-0.9507329223840326,0.038838119548956974
I177C,593.0,583.0,-0.4100059903964306,0.059074218810537905
I177D,645.0,464.0,-0.8606358164907562,0.06159305323051909
I177E,474.0,485.0,-0.3523731884707235,0.06526628510290693
I177F,230.0,90.0,-1.7390095749249737,0.12468251047567595
I177G,522.0,315.0,-1.1141500029849283,0.07196102548741404
I177H,425.0,233.0,-1.2525751011702955,0.08205340818900433
I177K,619.0,663.0,-0.2864022721845121,0.05667424761432359
I177L,332.0,429.0,-0.015685605346390297,0.07369613386467844
I177M,222.0,121.0,-1.2609685741531358,0.11338560816889547
I177N,618.0,528.0,-0.6125351157726495,0.0600017916232058
I177P,1845.0,1376.0,-0.8086078673921699,0.0368368845829156
I177Q,478.0,271.0,-1.2041648995652317,0.07661672052456824
I177R,1238.0,574.0,-1.4943453784304062,0.05136236486932504
I177S,1459.0,968.0,-0.9773661014042743,0.04250480114061664
I177T,390.0,369.0,-0.4653213888453003,0.07322707940544294
I177V,449.0,460.0,-0.35055253848348045,0.06700151009341031
I177W,292.0,56.0,-2.7677316285724176,0.14617355980243413
I177Y,269.0,91.0,-1.949033010287259,0.12162792502163884
I177_,947.0,132.0,-3.228202625809148,0.09337747820351164
I199A,870.0,1049.0,-0.11554564412639667,0.04680712033039466
I199C,610.0,945.0,0.24602651630046335,0.052779938684638456
I199D,794.0,801.0,-0.37280710986756205,0.05095162927474109
I199E,887.0,1214.0,0.06728784458283066,0.045158765799895806
I199F,872.0,1040.0,-0.13128937066711632,0.04686704316128487
I199G,1094.0,1114.0,-0.35933392855355883,0.043588313987852435
I199H,718.0,835.0,-0.16768064823256434,0.05175464606783413
I199K,361.0,452.0,-0.06115429643783621,0.07120787516034083
I199L,580.0,696.0,-0.12243992612270915,0.057000735521560784
I199M,1149.0,841.0,-0.8356666803586297,0.04634194241836971
I199N,390.0,501.0,-0.024141902586487518,0.06817785302286253
I199P,535.0,692.0,-0.014243157965234232,0.0583301332352901
I199Q,1450.0,1693.0,-0.16194254143503217,0.036993635404720525
I199R,842.0,1137.0,0.0478654839905408,0.04642573392606141
I199S,1624.0,2058.0,-0.04378071003767481,0.03449464773232358
I199T,1291.0,1488.0,-0.18058614002356865,0.03917704062139228
I199V,439.0,625.0,0.12415528376497864,0.0629765156230351
I199W,575.0,733.0,-0.03522435224857645,0.056493829193696686
I199Y,530.0,742.0,0.09994886361764355,0.05764253867123661
I199_,517.0,97.0,-2.7994569955495976,0.11104336491473013
I19A,229.0,190.0,-0.6548054352007382,0.09857848205772807
I19C,390.0,379.0,-0.426745388301387,0.07273722781169283
I19D,445.0,134.0,-2.1169672816997034,0.0989822452988427
I19E,634.0,331.0,-1.3231009796471236,0.06845826197647796
I19F,405.0,161.0,-1.716277422059112,0.0936380471664534
I19G,919.0,880.0,-0.44803082838835984,0.04809046520530949
I19H,958.0,1018.0,-0.29783107358831806,0.045982102396432134
I19K,403.0,179.0,-1.5562456408134953,0.09030959407351542
I19L,559.0,751.0,0.04048784024947949,0.05664478471766241
I19M,1762.0,2061.0,-0.15934079357215003,0.03377791219416104
I19N,1005.0,1086.0,-0.2736426552881044,0.044766410265985455
I19P,762.0,168.0,-2.5667330117936125,0.08574707038694648
I19Q,956.0,1035.0,-0.2709230937988796,0.04583015472136315
I19R,594.0,249.0,-1.6397537242737021,0.0760762183397258
I19S,722.0,645.0,-0.5481674775189829,0.05498727677614182
I19T,283.0,420.0,0.18410046023793658,0.07747615387822948
I19V,251.0,309.0,-0.08556150073371516,0.08548836720745814
I19W,452.0,134.0,-2.139484216190926,0.09880629942291166
I19Y,469.0,196.0,-1.6441616104949617,0.0855695383924874
I19_,618.0,109.0,-2.8886398825930115,0.10430619251637772
I205A,1445.0,1756.0,-0.1042486024336795,0.03673859348413666
I205C,1028.0,943.0,-0.509979509883701,0.046058680006729684
I205D,425.0,72.0,-2.9466978008980407,0.12778130003159974
I205E,1026.0,428.0,-1.6467985694048943,0.05830315650344193
I205F,398.0,513.0,-0.019287917010701428,0.06745364412663775
I205G,748.0,815.0,-0.26170998268270296,0.05149829134984491
I205H,740.0,605.0,-0.6760559644462276,0.05560946871603887
I205K,1041.0,1098.0,-0.3085629200769944,0.04426690369229233
I205L,647.0,883.0,0.06317157972812915,0.0525953976169962
I205M,788.0,1091.0,0.08390829586605175,0.04768454666262287
I205N,1029.0,453.0,-1.5691123862650622,0.05716186947672664
I205P,1095.0,477.0,-1.5843228152046347,0.05565824698253543
I205Q,840.0,821.0,-0.41847689476849403,0.049966875608513504
I205R,741.0,1020.0,0.07554819276877112,0.04917424811293799
I205S,1081.0,1265.0,-0.15870126570913623,0.04247096757267573
I205T,658.0,1238.0,0.5263713672286832,0.04914973387077421
I205V,499.0,673.0,0.04608902810884352,0.05981675817108482
I205W,706.0,779.0,-0.24351695647058236,0.052804410613563786
I205Y,1206.0,1524.0,-0.04783968687739559,0.039668109020317734
I205_,911.0,139.0,-3.0977484064504512,0.0915402891655458
I209A,502.0,745.0,0.1840735012974779,0.058501886572234124
I209C,908.0,1204.0,0.02159709696494705,0.04494532257717207
I209D,348.0,62.0,-2.874026153981884,0.13815978628663475
I209E,1028.0,270.0,-2.3142397402596746,0.0690256068194803
I209F,1318.0,1599.0,-0.1066525414708428,0.038370838170398595
I209G,934.0,1164.0,-0.06787663524496779,0.04492177841535852
I209H,369.0,129.0,-1.9016472013902384,0.10271078543333725
I209K,895.0,365.0,-1.6794379987883774,0.06281060101006297
I209L,468.0,601.0,-0.02462054699714855,0.06236013939513332
I209M,928.0,1244.0,0.037315639637810705,0.04438064142233972
I209N,631.0,247.0,-1.7385636056693503,0.07563990157348646
I209P,856.0,137.0,-3.0288166412385626,0.09249412224070529
I209Q,1730.0,863.0,-1.3888013818343055,0.04271979803893083
I209R,1062.0,301.0,-2.204384215754537,0.0659694941924528
I209S,1289.0,1425.0,-0.24076159894392068,0.03956960085510002
I209T,699.0,955.0,0.06473255860992033,0.050654899382559355
I209V,629.0,881.0,0.10060525510886809,0.053038433414898174
I209W,648.0,634.0,-0.41698066746957974,0.056645060942035794
I209Y,529.0,392.0,-0.8178747232301466,0.06730151146892348
I209_,523.0,70.0,-3.286675805804519,0.12760837656825955
I23A,582.0,276.0,-1.4617935902258337,0.07368483799850742
I23C,481.0,328.0,-0.9377972749122678,0.07222091855070895
I23D,731.0,92.0,-3.3754987558608844,0.1110160749288643
I23E,302.0,55.0,-2.842300698369165,0.14689409897606176
I23F,866.0,730.0,-0.6319376436954585,0.05111535977299429
I23G,855.0,227.0,-2.298655628908725,0.07525213571444617
I23H,915.0,485.0,-1.3012432035334465,0.05694657204920163
I23K,656.0,104.0,-3.0424657509502664,0.10595773607223351
I23L,1166.0,1763.0,0.2109903099574293,0.03889796927707713
I23M,619.0,521.0,-0.634121839342729,0.060191747131601414
I23N,627.0,308.0,-1.4109814477728584,0.07021206029023896
I23P,768.0,171.0,-2.552514591487019,0.08507580331115284
I23Q,834.0,910.0,-0.25965246939865505,0.04884803059139953
I23R,1271.0,178.0,-3.22141537319972,0.08057699720858671
I23S,563.0,247.0,-1.5740612842247588,0.07689474076455943
I23T,218.0,139.0,-1.034675828276999,0.10894442299558593
I23V,1434.0,1488.0,-0.3321410490416761,0.03817850678133679
I23W,420.0,203.0,-1.4343430693297474,0.08599404684482549
I23Y,578.0,483.0,-0.6445115807640818,0.06235895335383467
I23_,403.0,67.0,-2.9738375113066375,0.13225992773615738
I240A,1681.0,975.0,-1.1713095724858844,0.04133673480108814
I240C,1656.0,2149.0,-0.009509375002077824,0.03402067480576656
I240D,1112.0,504.0,-1.527115684770509,0.05451215263366361
I240E,725.0,338.0,-1.4864051514176024,0.0665281771229822
I240F,803.0,476.0,-1.1398962583574699,0.05860311753506291
I240G,745.0,307.0,-1.6644443286716424,0.06846679073012274
I240H,807.0,289.0,-1.8669373248949475,0.0691913620561765
I240K,862.0,150.0,-2.9081161149806123,0.08896356715064475
I240L,3686.0,1624.0,-1.5679696552095046,0.03122932110603854
I240M,2214.0,2038.0,-0.5049707942280861,0.03210231376436724
I240N,2604.0,1690.0,-1.0091733920038148,0.032618250363774554
I240P,1113.0,144.0,-3.3356958407305717,0.08905414885261473
I240Q,1193.0,706.0,-1.1423157990919348,0.04840290438092934
I240R,1174.0,201.0,-2.9315757028522818,0.0769082118612615
I240S,1310.0,533.0,-1.682813505714205,0.052227435689471406
I240T,837.0,1047.0,-0.06251172910662017,0.047307972378304294
I240V,814.0,614.0,-0.7922545521895552,0.05427097553471361
I240W,1066.0,209.0,-2.736047283866508,0.07622829039493122
I240Y,1242.0,509.0,-1.6723810709111975,0.05345988328013326
I240_,1152.0,156.0,-3.269913014779431,0.08582603464001638
I242A,1192.0,1574.0,0.015578181362103649,0.03952788628780575
I242C,1311.0,2071.0,0.27418564331441697,0.03652179565791562
I242D,794.0,1038.0,0.0011210737491991196,0.048073137161477014
I242E,532.0,695.0,0.0001101857427832087,0.05836700106464886
I242F,908.0,1262.0,0.08947306449021575,0.04451865770615992
I242G,819.0,1019.0,-0.07025494915843478,0.04785964511001834
I242H,839.0,955.0,-0.19864235249728424,0.048241113591011874
I242K,1050.0,1217.0,-0.17253223160277553,0.04315405538607349
I242L,1140.0,1583.0,0.08815370322234273,0.039963832592975514
I242M,702.0,890.0,-0.043140221896880604,0.05134470462207881
I242N,854.0,1171.0,0.06995834139261703,0.045968737499651406
I242P,1151.0,1083.0,-0.47332398986862323,0.043363226005546124
I242Q,948.0,1262.0,0.027278973285429053,0.043993665688053546
I242R,967.0,1069.0,-0.24079755163175776,0.045362705966586744
I242S,1106.0,1477.0,0.03184497768934502,0.040858403327061456
I242T,1424.0,1730.0,-0.10464908678516371,0.0369930842088612
I242V,1296.0,1269.0,-0.4158435985429163,0.04059346644898212
I242W,1156.0,1268.0,-0.2520579410385393,0.041736032543914905
I242Y,1346.0,1801.0,0.03464687710095715,0.03723432840536716
I242_,672.0,87.0,-3.3346997643064826,0.11432068762894332
I244A,818.0,659.0,-0.6972883090115527,0.05318008347423479
I244C,812.0,1025.0,-0.04940160120497872,0.047909569442120575
I244D,926.0,112.0,-3.432870421018152,0.10047831074246248
I244E,685.0,95.0,-3.2354439623076274,0.10987836572736966
I244F,937.0,347.0,-1.8185573926773042,0.06353896820643984
I244G,1114.0,556.0,-1.3880496339696728,0.05276742833017298
I244H,1251.0,297.0,-2.4599800972271892,0.06522621255647923
I244K,892.0,132.0,-3.1418828495899316,0.09372546101407092
I244L,1341.0,1560.0,-0.1672349047981565,0.03840498411777527
I244M,2108.0,2148.0,-0.35835118744482974,0.03206466764356419
I244N,1161.0,351.0,-2.1112665473306595,0.06163161028227409
I244P,871.0,194.0,-2.552028452519017,0.07994173258815643
I244Q,1311.0,323.0,-2.4064981415815696,0.06282407780204236
I244R,611.0,99.0,-3.0110200285102806,0.10874207559113673
I244S,1045.0,515.0,-1.40631458364843,0.05465211057619227
I244T,1012.0,854.0,-0.6303688639442075,0.047405629236000876
I244V,1492.0,2114.0,0.11725480973913616,0.0350925367108013
I244W,1563.0,323.0,-2.6601464601276574,0.06183757139143229
I244Y,1163.0,360.0,-2.07722480207563,0.061038947671970364
I244_,816.0,133.0,-3.002522303561271,0.09397830371309929
I249A,683.0,953.0,0.09511446489215647,0.05100616647602696
I249C,367.0,527.0,0.13654077784910879,0.06863259631777499
I249D,333.0,47.0,-3.20999610152377,0.1560871464173762
I249E,1413.0,430.0,-2.1017997465536142,0.05586994779988311
I249F,1254.0,1667.0,0.02524371955188842,0.03854261162700854
I249G,411.0,508.0,-0.0797867856690706,0.06700530346982714
I249H,727.0,309.0,-1.6197918683194281,0.06855547244638799
I249K,1268.0,248.0,-2.7395661117611105,0.07006388136905294
I249L,885.0,1276.0,0.14240378724427405,0.044741908004721165
I249M,603.0,831.0,0.07721372427782836,0.0543131376702752
I249N,831.0,364.0,-1.5763579398302374,0.06355113616490382
I249P,1201.0,265.0,-2.565599644704852,0.06851488688436172
I249Q,553.0,335.0,-1.108571594637377,0.0698676303173827
I249R,743.0,92.0,-3.398989241701808,0.11091652472155086
I249S,1250.0,1629.0,-0.003414362588745057,0.038756651720799035
I249T,1882.0,2305.0,-0.09297147052574406,0.03245611006990427
I249V,858.0,1248.0,0.155092940496659,0.04533186397473589
I249W,389.0,451.0,-0.1721180064279233,0.06982899412605377
I249Y,713.0,892.0,-0.06233261325979278,0.05110560847695567
I249_,329.0,65.0,-2.7248680612884373,0.13605103769491228
I256A,928.0,1192.0,-0.02428610411548693,0.04477397023467621
I256C,1536.0,1489.0,-0.4303043520137231,0.037561140410954735
I256D,908.0,185.0,-2.6805751203374957,0.08120737265148113
I256E,1748.0,286.0,-2.99704612944866,0.06447228110901483
I256F,1555.0,1779.0,-0.19131942428773074,0.03596397846829603
I256G,886.0,931.0,-0.31399650438657734,0.04786410377996995
I256H,1351.0,277.0,-2.671498576390002,0.06662116502473639
I256K,872.0,274.0,-2.0555863205931697,0.06988914337445366
I256L,574.0,770.0,0.03833112489651569,0.0559377246552775
I256M,848.0,1176.0,0.08627695887645537,0.04601933247246006
I256N,601.0,146.0,-2.4267920015423297,0.09274118003456636
I256P,703.0,184.0,-2.319231225985382,0.08333760740287935
I256Q,830.0,203.0,-2.4170481101881602,0.07885990845276683
I256R,827.0,238.0,-2.1823527708611232,0.07415452810822032
I256S,903.0,1121.0,-0.07348490796535057,0.04569108041823985
I256T,1048.0,1070.0,-0.35549838963571734,0.044463184234360006
I256V,893.0,1082.0,-0.10850458961617448,0.046176063537419626
I256W,781.0,775.0,-0.39659628131664704,0.05156465792826849
I256Y,1085.0,950.0,-0.5771639209437005,0.045414597535616566
I256_,1160.0,219.0,-2.7905387787510847,0.0742716484621334
I272A,979.0,671.0,-0.9304595155789563,0.050989660331926194
I272C,890.0,1054.0,-0.1414750827849307,0.046481772361877616
I272D,969.0,135.0,-3.2289154707862497,0.09234205176516207
I272E,1173.0,251.0,-2.6098687528172597,0.0701756891939816
I272F,1318.0,1031.0,-0.7397731769433973,0.04262460511112777
I272G,1636.0,423.0,-2.3368880787082102,0.05534860606677186
I272H,7342.0,467.0,-4.36011991822765,0.04863845119058671
I272K,1413.0,259.0,-2.8331621576779398,0.06824059310333253
I272L,1525.0,1975.0,-0.012428931230209717,0.03535922275958661
I272M,842.0,1065.0,-0.046512481974735564,0.04706173976454827
I272N,510.0,102.0,-2.7072851353373366,0.10886652855991685
I272P,1486.0,225.0,-3.108852985861113,0.07214848981642015
I272Q,1422.0,440.0,-2.0777935797893816,0.055354496068435045
I272R,1062.0,212.0,-2.7100633171747504,0.07580622693187244
I272S,636.0,270.0,-1.6215067961259182,0.07323990398514477
I272T,998.0,1019.0,-0.35542815342787204,0.04551431956329548
I272V,1306.0,1518.0,-0.16845483521622606,0.03889296580077777
I272W,1275.0,437.0,-1.9302405505643172,0.05622098726523124
I272Y,1037.0,443.0,-1.6124888226248748,0.05753095621253724
I272_,1298.0,265.0,-2.6776529793110333,0.06805929238380139
I277A,1358.0,1784.0,0.008159412526193233,0.03721721719896798
I277C,719.0,913.0,-0.040851360350142585,0.05073750264770037
I277D,1622.0,380.0,-2.479143611590118,0.05776022321950305
I277E,1222.0,942.0,-0.7609119973666338,0.04436325556033994
I277F,1233.0,1732.0,0.10479257295900446,0.0384265791007979
I277G,1128.0,1494.0,0.019939760811859664,0.04054714792738852
I277H,657.0,609.0,-0.4949195980448824,0.0570286830454906
I277K,928.0,1371.0,0.17755665100741158,0.043533648553103516
I277L,1378.0,1801.0,0.0007496479082176322,0.037001929944103576
I277M,681.0,905.0,0.024787564111808713,0.051590523003414074
I277N,1375.0,2536.0,0.49764813705334365,0.03478221281942807
I277P,1106.0,273.0,-2.4038089148571196,0.06822928350711072
I277Q,819.0,1122.0,0.0686623755919138,0.046909046518858556
I277R,1461.0,1060.0,-0.8483583641087686,0.0414253547642964
I277S,1056.0,1487.0,0.10832066654593842,0.04132391368508101
I277T,606.0,700.0,-0.1774362548577324,0.056275247543611726
I277V,1554.0,1377.0,-0.5599269372912388,0.03818274898580317
I277W,807.0,1063.0,0.012026526611144561,0.0476243805165166
I277Y,856.0,997.0,-0.16548986187622816,0.04753340191429272
I277_,1189.0,199.0,-2.9643182037649547,0.077162967935138
I281A,931.0,1099.0,-0.14613424177660495,0.04552171817729268
I281C,775.0,1041.0,0.04022691016683844,0.048364513604242064
I281D,659.0,198.0,-2.1201972517487286,0.08158365230179847
I281E,545.0,350.0,-1.0243567461348961,0.0691383007055503
I281F,932.0,1034.0,-0.23563738766765407,0.046133211196012554
I281G,1171.0,1593.0,0.05853174097093827,0.03962222609979103
I281H,1249.0,1512.0,-0.10978753288591481,0.03937283414139483
I281K,1295.0,1495.0,-0.17827829019252128,0.03910628255247065
I281L,1160.0,1633.0,0.10792619683025162,0.0395302711133998
I281M,1249.0,1452.0,-0.1682038248315072,0.03971837449018149
I281N,140.0,211.0,0.20631131200235675,0.10940600323811162
I281P,1514.0,1648.0,-0.2631199239560731,0.03681717985272515
I281Q,1108.0,1396.0,-0.052131812386079446,0.0413165929883377
I281R,1265.0,253.0,-2.7073526635002976,0.0695063681392935
I281S,1582.0,1716.0,-0.2681709454394601,0.0360980487234012
I281T,849.0,1147.0,0.04855433127336983,0.046237312721119084
I281V,1023.0,1426.0,0.09369366487059771,0.042035456278863424
I281W,1325.0,1379.0,-0.3278405155388935,0.03959903871587232
I281Y,1158.0,1145.0,-0.4017576999024852,0.04272142200197594
I281_,619.0,90.0,-3.167275705365399,0.11319705891183592
I288A,770.0,965.0,-0.05980347582079126,0.0492255807805188
I288C,1027.0,1226.0,-0.12994966912087058,0.04333092503661602
I288D,763.0,699.0,-0.5118590566072934,0.05319218165955806
I288E,1396.0,1997.0,0.1310620947266039,0.036128804920936355
I288F,1299.0,1623.0,-0.06421083436483865,0.038394932507440804
I288G,944.0,1180.0,-0.06354514798740407,0.04466515349364168
I288H,495.0,629.0,-0.03984490334843649,0.06081262806320726
I288K,680.0,949.0,0.09539714077512418,0.051112728007741276
I288L,960.0,1277.0,0.026178297241882476,0.04373728065506879
I288M,1019.0,1350.0,0.020331698136212495,0.042547556582328006
I288N,837.0,994.0,-0.13745467976999315,0.047843177481150904
I288P,1209.0,902.0,-0.8080810309393494,0.04498858584298698
I288Q,870.0,1106.0,-0.03920964525432957,0.0462793443304565
I288R,665.0,877.0,0.013747071459165205,0.05227034836711114
I288S,899.0,1248.0,0.08775023932477843,0.04474175889426382
I288T,1045.0,1323.0,-0.04516296798109298,0.042438137403374265
I288V,871.0,942.0,-0.27241709374785295,0.04793607179719681
I288W,821.0,975.0,-0.13745296499628967,0.04828930674715819
I288Y,934.0,1250.0,0.03495954867630502,0.044259017470082034
I288_,931.0,146.0,-3.0581996697845897,0.08950510023083016
I295A,1079.0,1443.0,0.03390287590284746,0.04132778774058838
I295C,1239.0,1650.0,0.027816750244989308,0.03874748507715087
I295D,1362.0,975.0,-0.8677185613610998,0.04298900074644214
I295E,954.0,1346.0,0.11114264809622298,0.04335156573501089
I295F,857.0,1142.0,0.028721153755178364,0.04615962826756911
I295G,820.0,393.0,-1.4465456679977002,0.06206590464607425
I295H,1042.0,1267.0,-0.10341139820347589,0.042862082548840906
I295K,1312.0,842.0,-1.0253396299639932,0.04514463802720464
I295L,1660.0,1606.0,-0.43318124284219595,0.0362392303674615
I295M,982.0,1353.0,0.0768926948896187,0.04296076216023607
I295N,1103.0,1629.0,0.17707940320532245,0.04010853458745288
I295P,1008.0,357.0,-1.8829437471374266,0.06230016305573125
I295Q,1149.0,586.0,-1.3568643514492162,0.051623489273155264
I295R,850.0,207.0,-2.423249538926158,0.0780727605151269
I295S,348.0,516.0,0.1828000760047903,0.0699974447034358
I295T,1423.0,1962.0,0.07791640814369005,0.03606427355879688
I295V,1147.0,1580.0,0.07658553372282118,0.0399118283982671
I295W,748.0,179.0,-2.4484875609708547,0.08373395546587764
I295Y,1010.0,1315.0,-0.004765992821478271,0.04288069935061981
I295_,587.0,104.0,-2.882133024526354,0.10679992190287593
I298A,1137.0,1565.0,0.07545674649538725,0.04008351247485833
I298C,1076.0,1315.0,-0.0960879015845153,0.04216662853882669
I298D,554.0,715.0,-0.017418784509837693,0.05737436785633384
I298E,1017.0,1190.0,-0.15883035429421533,0.04372434393444008
I298F,799.0,1090.0,0.06258571991795758,0.04750985420370576
I298G,846.0,1092.0,-0.017230740146243484,0.0467544258203398
I298H,812.0,473.0,-1.1650969966334799,0.05859903424936278
I298K,778.0,246.0,-2.0465419245645426,0.073745648096701
I298L,705.0,757.0,-0.2828015493285694,0.05317537765265759
I298M,980.0,1176.0,-0.12243823405286935,0.044259974415556264
I298N,923.0,931.0,-0.3730198007436316,0.04738912194345334
I298P,1450.0,1795.0,-0.07754115484927349,0.03653717361181389
I298Q,1197.0,977.0,-0.6784601573553202,0.044126642347559
I298R,1136.0,714.0,-1.0554295358751915,0.0486726743544606
I298S,627.0,886.0,0.11336434324741074,0.0530258522503303
I298T,2204.0,2496.0,-0.20597724182731803,0.030701344416138466
I298V,800.0,1235.0,0.24096259846932355,0.046345540205276196
I298W,1097.0,957.0,-0.582440958375896,0.04521840950537931
I298Y,1238.0,995.0,-0.7007102241413072,0.043600202085475076
I298_,946.0,141.0,-3.1315281425136625,0.09075781829478934
I304A,972.0,904.0,-0.4901026110747626,0.047150749014888096
I304C,961.0,1103.0,-0.18664766420810697,0.045115370677874335
I304D,2173.0,297.0,-3.2565815891246546,0.06257232492086864
I304E,503.0,446.0,-0.5589812106968868,0.06571414551665834
I304F,1578.0,899.0,-1.1971674656842768,0.04282824889853752
I304G,1039.0,1016.0,-0.41776512414644973,0.045109994505593734
I304H,628.0,256.0,-1.6800575537319373,0.07474385211683388
I304K,924.0,245.0,-2.300538017948149,0.07247013254578318
I304L,1094.0,1355.0,-0.07679261302149509,0.041716723740215074
I304M,2479.0,1214.0,-1.4154539720660417,0.03626731253643241
I304N,1192.0,1349.0,-0.20696548244387625,0.040846274796336804
I304P,615.0,212.0,-1.9219477402273224,0.08019328615073604
I304Q,1583.0,654.0,-1.6607559552452011,0.04742310866862566
I304R,627.0,87.0,-3.2347055151200914,0.11478683470243913
I304S,912.0,588.0,-1.0186791391915264,0.053715409647778156
I304T,1413.0,1660.0,-0.15304992965832342,0.03739424773204725
I304V,1348.0,1575.0,-0.1609403967601697,0.03827486828172987
I304W,1483.0,2135.0,0.14024431485729982,0.035084196535727606
I304Y,822.0,480.0,-1.161561669513981,0.058206827974710065
I304_,910.0,108.0,-3.4601876962836116,0.1022032568067294
I309A,1045.0,1319.0,-0.04953143193880294,0.042465134952937855
I309C,736.0,782.0,-0.29800849813017827,0.05220773790266778
I309D,2164.0,502.0,-2.4933893443462467,0.050421344128574276
I309E,1091.0,464.0,-1.6189067088541327,0.05621318821099887
I309F,1478.0,2130.0,0.14173398672352633,0.03513234195988411
I309G,1054.0,419.0,-1.7163021605766096,0.05851111148132032
I309H,1553.0,402.0,-2.3352340117649204,0.05674174694885943
I309K,1175.0,318.0,-2.270999183662777,0.06390482351363577
I309L,1094.0,1158.0,-0.30344839997747286,0.04319529496567328
I309N,981.0,576.0,-1.153644170848568,0.05332591537466872
I309P,849.0,154.0,-2.8482277035244454,0.08808599191556528
I309Q,1379.0,394.0,-2.1927989540985284,0.05789109803416005
I309R,1104.0,205.0,-2.814457237798589,0.07662776529578091
I309S,918.0,883.0,-0.4415502791889496,0.048062640764423195
I309T,1957.0,1998.0,-0.3555575104569537,0.0331616686358253
I309V,1664.0,2429.0,0.16023413958051957,0.03317925504396216
I309Y,1448.0,2020.0,0.09482068291717516,0.03569124120231094
I309_,1882.0,266.0,-3.208192093672121,0.06617264279457896
I313A,1004.0,523.0,-1.326333388723901,0.05473782992932556
I313C,1628.0,1735.0,-0.2936357696619458,0.035760691746868446
I313D,956.0,139.0,-3.1673072252004166,0.09125763481439038
I313E,1387.0,366.0,-2.3074934045402786,0.05950929172947431
I313F,1095.0,1088.0,-0.3947224148180535,0.043824166248233286
I313G,2884.0,511.0,-2.882122924547717,0.04890667624527574
I313H,1160.0,407.0,-1.8964712824507712,0.058371382566435204
I313K,2146.0,548.0,-2.354852860532185,0.04877478807095269
I313L,953.0,1178.0,-0.07968165786982251,0.04456916916552726
I313M,836.0,1057.0,-0.04707326516417876,0.04722750748100887
I313N,685.0,363.0,-1.3015859441688837,0.06559567386960738
I313P,758.0,129.0,-2.9402041693946774,0.09570159661149363
I313Q,867.0,667.0,-0.7638104289204461,0.0523529541744065
I313R,878.0,150.0,-2.9346488804353648,0.08884467413850036
I313S,1545.0,853.0,-1.2424518025317388,0.04367812816057824
I313T,861.0,1095.0,-0.03862803996056918,0.04650672042342762
I313V,845.0,1023.0,-0.10969025846201141,0.04742510071525762
I313W,928.0,313.0,-1.9534017889835447,0.06603465289574288
I313Y,731.0,268.0,-1.8330744967163541,0.07202353143829379
I313_,2188.0,297.0,-3.266506107220696,0.06254711012498482
I320A,725.0,1009.0,0.09139748694789596,0.049584034267173976
I320C,1309.0,1858.0,0.1198119615336779,0.03728754509157706
I320D,1167.0,457.0,-1.737989470894413,0.05597536326232117
I320E,1397.0,1627.0,-0.16558941595806687,0.037665017466100514
I320F,1509.0,1639.0,-0.26624789608410593,0.03689207523606211
I320G,1394.0,764.0,-1.2530476701416111,0.045983182134642836
I320H,1529.0,1962.0,-0.025735633836710292,0.03538239726730052
I320K,1525.0,2568.0,0.3663619311341466,0.03366533331521389
I320L,696.0,785.0,-0.21186718848075436,0.052904109175510264
I320M,1109.0,1404.0,-0.04518934954842102,0.041257307747309395
I320N,1015.0,1178.0,-0.17061234132814018,0.04384422283140017
I320P,996.0,309.0,-2.07397688692315,0.06579028718563731
I320Q,1057.0,1385.0,0.004437180845195954,0.04190818499659624
I320R,1257.0,1595.0,-0.04190084427513785,0.038867835226659396
I320S,1226.0,1546.0,-0.05089128179901081,0.03937886562112163
I320T,1328.0,1760.0,0.020847429312169208,0.03754197180154896
I320V,1386.0,1960.0,0.11445316217136714,0.03633058867344643
I320W,976.0,552.0,-1.2076717132241015,0.05407731252419417
I320Y,423.0,540.0,-0.03317583195087881,0.06560520211773554
I320_,1563.0,241.0,-3.0826322817585274,0.06983703371572998
I342A,696.0,939.0,0.04656230131294237,0.050891325684612014
I342C,936.0,1184.0,-0.046384768754417216,0.04473440280553917
I342D,2178.0,1778.0,-0.6782173260402029,0.03331329954598715
I342E,1161.0,1388.0,-0.12783262287523556,0.04086550632672435
I342F,852.0,1214.0,0.12536785050744204,0.04566865738298485
I342G,1402.0,1731.0,-0.08135276678209236,0.0371372288525818
I342H,908.0,1062.0,-0.15945292682268253,0.04616421617585027
I342K,1177.0,1259.0,-0.28830702199637415,0.04161850549043433
I342L,1336.0,1805.0,0.04860583712687028,0.03729243383781692
I342M,920.0,1145.0,-0.06983143578762974,0.04526051484323286
I342N,1154.0,1514.0,0.00624882235553148,0.04019024651913658
I342P,587.0,499.0,-0.6197865399037852,0.061609504354062906
I342Q,737.0,913.0,-0.07652371895105592,0.050401653020758726
I342R,1189.0,158.0,-3.2971432646249728,0.08519368445593146
I342S,904.0,1288.0,0.12526297143011256,0.044393565077244575
I342T,1171.0,1594.0,0.05943709775453865,0.03961725618632638
I342V,1298.0,1758.0,0.05217159251977277,0.03778160592699673
I342W,590.0,897.0,0.21891447553944499,0.05383229495165772
I342Y,1631.0,3385.0,0.6679242819852758,0.031571376382616846
I342_,1849.0,273.0,-3.145197512374697,0.0655127020393978
I346A,850.0,884.0,-0.3288873107759045,0.04894773078942027
I346C,990.0,1236.0,-0.06529477377003978,0.04367333773567848
I346D,885.0,835.0,-0.469370467820883,0.049150135932206906
I346E,1325.0,1540.0,-0.16853371520644966,0.03862994171498475
I346F,1555.0,2342.0,0.2053531914700808,0.03403352787128557
I346G,1094.0,901.0,-0.6654810885410161,0.04595811899249979
I346H,926.0,986.0,-0.2948956812835224,0.04671514873001444
I346K,1147.0,1083.0,-0.46830159146334527,0.04339814705396648
I346L,1026.0,1227.0,-0.1273679717195364,0.043334205100244
I346M,1999.0,2290.0,-0.18940197720804486,0.03201783280101766
I346N,1025.0,1032.0,-0.3756512207857048,0.04508655870245132
I346P,2232.0,2395.0,-0.28378199745894195,0.03088326628651122
I346Q,707.0,840.0,-0.1367943043773021,0.05189493085496659
I346R,1255.0,1270.0,-0.3683291892986924,0.04089518863727704
I346S,944.0,793.0,-0.6369332699490187,0.04907691552376213
I346T,508.0,623.0,-0.0910717622860222,0.06051273038761279
I346V,1076.0,1656.0,0.23654971261218138,0.040267048057387636
I346W,748.0,1045.0,0.09691709912417412,0.04880598163861413
I346Y,863.0,1066.0,-0.08069839621632546,0.04674427566655744
I346_,1166.0,198.0,-2.943405150896262,0.07743442544559563
I355A,1998.0,2079.0,-0.3281372926050996,0.03270643425676988
I355C,1216.0,1424.0,-0.15766600179362378,0.04015991280661155
I355D,1869.0,1364.0,-0.8398902532172001,0.03682919697841549
I355E,1290.0,1127.0,-0.5803521189827126,0.04184143928336277
I355F,1214.0,1335.0,-0.2483999431286632,0.040755235028539095
I355G,1084.0,1277.0,-0.149078429441853,0.042353212604866936
I355H,222.0,245.0,-0.24325421418348459,0.09313421685683122
I355K,523.0,637.0,-0.10099269696873936,0.05974996299609221
I355L,471.0,635.0,0.04555143498537806,0.0615312132416939
I355M,1152.0,1497.0,-0.0075395678613769945,0.040302120404157246
I355N,1304.0,1590.0,-0.09938928045064932,0.03852280916237199
I355P,818.0,643.0,-0.7327474919489028,0.053533908774065546
I355Q,1642.0,1056.0,-1.02230960312514,0.040548552351133374
I355R,1043.0,1242.0,-0.13354638689147347,0.043036319008299274
I355S,1715.0,1993.0,-0.16873822596630816,0.03424989469922049
I355T,1170.0,1287.0,-0.24796778356270543,0.04147171286869272
I355V,1080.0,1193.0,-0.2419087209772952,0.04303891230848864
I355W,1382.0,1512.0,-0.25577056005636,0.038381893280445015
I355Y,334.0,394.0,-0.14712923701925185,0.07496761744994891
I355_,891.0,158.0,-2.880895944540823,0.08682885413803475
I359A,1205.0,1287.0,-0.2904920420583874,0.04117132558506101
I359C,686.0,868.0,-0.04598812964675503,0.05194208156403717
I359D,1502.0,339.0,-2.5329648691044713,0.060858480931840826
I359E,906.0,419.0,-1.4980124849402694,0.05982084203414421
I359F,1628.0,1865.0,-0.18939638159669103,0.03519448358197493
I359G,1429.0,590.0,-1.6616748867433428,0.04982856983890815
I359H,2464.0,1062.0,-1.5996809466838862,0.03789020858932266
I359K,1217.0,223.0,-2.8336309002166145,0.07344388651165566
I359L,1007.0,1397.0,0.08679415152053682,0.0423918384412924
I359M,1201.0,1974.0,0.3314109484728598,0.037781348041928106
I359N,2401.0,2145.0,-0.5481272250679865,0.031159338325405943
I359P,1139.0,1104.0,-0.43049735972075265,0.043266141417435254
I359Q,1494.0,1588.0,-0.2974399936011305,0.03724611654888568
I359R,418.0,76.0,-2.8447465029992545,0.12504665372340334
I359S,1401.0,1476.0,-0.31023494396589735,0.038464108510223784
I359T,791.0,1171.0,0.18051537106589244,0.04697217125120481
I359V,1477.0,1643.0,-0.2318085190354897,0.03706611913426213
I359W,1604.0,595.0,-1.816167502164582,0.04891110519524829
I359Y,974.0,382.0,-1.7357963659896853,0.06109525925353893
I359_,1251.0,248.0,-2.7200933103996126,0.0701403185106854
I363A,1295.0,1533.0,-0.1420663168251286,0.038893713552128506
I363C,1203.0,1139.0,-0.4643384079673485,0.04239597129285063
I363D,1240.0,466.0,-1.7973891227682133,0.05514105989304587
I363E,693.0,479.0,-0.9182905821277156,0.060156748487717196
I363F,945.0,710.0,-0.7979604380910539,0.05054537967495687
I363G,1695.0,1932.0,-0.19666140963830037,0.03458001394378187
I363H,1073.0,261.0,-2.424956721291177,0.06965230272646557
I363K,1079.0,250.0,-2.495120715130742,0.07081546550998942
I363L,617.0,919.0,0.18931650201295458,0.05288725173035736
I363M,1638.0,2757.0,0.36569014922174636,0.0325794926394333
I363N,857.0,262.0,-2.095160349425913,0.07121594222122613
I363P,1479.0,228.0,-3.0829329890676402,0.07176430298678169
I363Q,1520.0,1218.0,-0.705025023416507,0.039586821156184795
I363R,1156.0,188.0,-3.005742760119529,0.07919674940732026
I363S,883.0,766.0,-0.5905367365238163,0.05026102536508117
I363T,1655.0,2230.0,0.04474005907220846,0.03377675410118651
I363V,1348.0,1680.0,-0.0678315648631993,0.03775292691242564
I363W,2249.0,1106.0,-1.4093958325044715,0.03790785831481395
I363Y,1269.0,347.0,-2.2561244806930234,0.06130246215524578
I363_,1356.0,221.0,-3.0026544505545525,0.07314611752058081
I372A,1257.0,633.0,-1.3751661173698215,0.04963373019085466
I372C,1136.0,860.0,-0.7870203805600333,0.04616563437395816
I372D,1356.0,268.0,-2.724479267429709,0.0675046400390747
I372E,866.0,279.0,-2.019537039871053,0.06947687877485474
I372F,1740.0,1772.0,-0.3591790382577775,0.035032198342495796
I372G,1225.0,831.0,-0.9453259696738145,0.04591175774545301
I372H,1141.0,476.0,-1.646717834999282,0.055366301924832544
I372K,1037.0,201.0,-2.75256081202561,0.07763634719597916
I372L,1574.0,2125.0,0.047554737436536154,0.034556051258338875
I372M,758.0,820.0,-0.27204556406814095,0.051253837042134716
I372N,477.0,177.0,-1.8156588312391593,0.08850991541712652
I372P,1136.0,507.0,-1.5493596133294867,0.05422947819765933
I372Q,2136.0,1024.0,-1.446158783458662,0.039152653096244654
I372R,1921.0,271.0,-3.210917223766695,0.06556428080828537
I372S,1406.0,538.0,-1.7713721481712126,0.05155723697798836
I372T,1592.0,1024.0,-1.0220897802666187,0.041144919494085844
I372V,610.0,616.0,-0.3713493084625421,0.05788680624647777
I372W,1279.0,680.0,-1.2968698629663171,0.04838011992503933
I372Y,931.0,438.0,-1.473303042541409,0.058697273328600724
I372_,951.0,177.0,-2.8110998314472857,0.0823961568998918
I375A,584.0,844.0,0.145796833451719,0.05463821200302277
I375C,1030.0,1491.0,0.1481614031768972,0.04159044785445925
I375D,974.0,516.0,-1.302007746058445,0.0552525576075791
I375E,1078.0,1135.0,-0.3111357390161249,0.04355340818693992
I375F,896.0,1112.0,-0.0738871632800846,0.04586443218881891
I375G,1137.0,1299.0,-0.19330259219128365,0.04168370705603247
I375H,867.0,1114.0,-0.023828541687944238,0.04625215587846736
I375K,510.0,554.0,-0.266083703825311,0.062080448746974645
I375L,1658.0,2155.0,-0.007228330632255808,0.033990915251856275
I375M,1397.0,1688.0,-0.11248908335974628,0.03736900748560515
I375N,550.0,627.0,-0.19643958323026922,0.05917122894636002
I375P,1630.0,685.0,-1.6361540473920977,0.046492370888304706
I375Q,1835.0,2371.0,-0.01575636393146862,0.0324797171715788
I375S,379.0,578.0,0.2233883525588336,0.06675882986029487
I375T,843.0,1161.0,0.07628856211855428,0.0462142754110573
I375V,1591.0,1984.0,-0.06699379248289272,0.03493960443671939
I375W,1028.0,1349.0,0.0065765579897618665,0.04245294114061153
I375Y,1802.0,2298.0,-0.03469212753599216,0.03283762585784841
I375_,1397.0,303.0,-2.590375222428202,0.06406442291335722
I53A,369.0,423.0,-0.1884383303212802,0.07184830301243904
I53C,1170.0,1360.0,-0.16837378734106156,0.040965802074780615
I53D,590.0,153.0,-2.3325836494421086,0.09120647871971069
I53E,747.0,399.0,-1.290172838653513,0.06271433405535594
I53F,234.0,271.0,-0.17369428189585,0.08972980036465458
I53G,1127.0,1445.0,-0.026891026258059725,0.04083570723485996
I53H,1065.0,1131.0,-0.29872547797077775,0.04371885724651784
I53K,334.0,342.0,-0.35132297430165416,0.07749856857284117
I53L,2722.0,1702.0,-1.0629030398394477,0.032297536619850464
I53M,500.0,705.0,0.11021658627948216,0.05921650341395577
I53N,853.0,1112.0,-0.002934984213555758,0.04647371694321621
I53P,705.0,549.0,-0.7462814798830228,0.05768964138180653
I53Q,734.0,673.0,-0.5106419630744341,0.054189076029035756
I53R,1319.0,231.0,-2.898898478955748,0.07193869597839464
I53S,354.0,474.0,0.035657195230236916,0.07087068345718596
I53T,340.0,493.0,0.15056954560480396,0.07111723468768054
I53V,711.0,936.0,0.0111839060167922,0.05062636973673063
I53W,629.0,829.0,0.012836364854282856,0.0537054242133915
I53Y,1070.0,1091.0,-0.35743014083776625,0.04403824777030856
I53_,818.0,200.0,-2.4175165333157933,0.07943830080124754
I54A,939.0,1110.0,-0.14410993965147867,0.04532172601091957
I54C,759.0,752.0,-0.3988372331521095,0.05230191132299916
I54D,100.0,38.0,-1.7811635183251955,0.19077756908701693
I54E,1456.0,2106.0,0.14702183628218224,0.0353532841772634
I54F,882.0,995.0,-0.21155417409224686,0.04719114003027116
I54G,1009.0,1096.0,-0.2661496974717412,0.04462830456550156
I54H,505.0,605.0,-0.12482315375765118,0.06100195676798564
I54K,500.0,343.0,-0.9291764979813895,0.07073571642822397
I54L,1009.0,1170.0,-0.17188979850322017,0.04397702449821204
I54M,701.0,811.0,-0.1751855075431985,0.05241906400918939
I54N,524.0,592.0,-0.2094429846976773,0.060710261590860806
I54P,1336.0,724.0,-1.269319463723157,0.04709467552379477
I54Q,996.0,1311.0,0.010976371486663972,0.04306961052776721
I54R,1284.0,243.0,-2.7870390368173554,0.07058386363969263
I54S,754.0,1010.0,0.03624382830287498,0.04903617280595897
I54T,777.0,929.0,-0.1277092262911781,0.04951377667247553
I54V,494.0,664.0,0.041194536529507,0.06015369162217511
I54Y,2868.0,8853.0,1.2406478104065304,0.023448761812106336
I54_,1216.0,178.0,-3.1575950850368626,0.0807975139853019
I5C,981.0,385.0,-1.7348421111682875,0.060867950629885766
I5D,318.0,254.0,-0.7096570240147777,0.08467362494522343
I5E,363.0,371.0,-0.35402140470446586,0.07441978813582258
I5F,565.0,668.0,-0.14387688830515533,0.05792303890587858
I5G,939.0,1046.0,-0.2297859694063984,0.045925808307513964
I5H,356.0,430.0,-0.11301774163865108,0.07226791718522627
I5K,393.0,584.0,0.18595686441505777,0.06591645199234773
I5L,1448.0,554.0,-1.7715578295180707,0.05083147857722413
I5M,692.0,782.0,-0.20907601605185544,0.05302863875092307
I5N,477.0,540.0,-0.20650357383586293,0.06353286037165409
I5P,240.0,262.0,-0.2589428278133612,0.08984072551584028
I5Q,804.0,1167.0,0.15206138669762836,0.046785371540158695
I5R,823.0,1111.0,0.04741975051394842,0.04693984076799221
I5S,830.0,1116.0,0.04167914480202928,0.0467874850663381
I5T,467.0,598.0,-0.028754019221431726,0.06246366375268394
I5V,175.0,193.0,-0.24423194917025803,0.10480101422126915
I5W,905.0,1124.0,-0.0728209540818181,0.04563821474541771
I5Y,1323.0,1446.0,-0.2572166232477575,0.03918705161279054
I5_,510.0,99.0,-2.750349571574228,0.11022227745164806
I70A,547.0,689.0,-0.05251247205645804,0.058031823753147506
I70C,459.0,687.0,0.19633532791052843,0.06101146892543492
I70D,833.0,833.0,-0.3854701863466179,0.04989134434283909
I70E,1020.0,1047.0,-0.3477782610179032,0.0449855303350922
I70F,646.0,811.0,-0.057306980412611175,0.0535649955807311
I70G,398.0,461.0,-0.17347682006081566,0.06906420714550895
I70H,561.0,529.0,-0.47020167924111966,0.06132729843974218
I70K,964.0,270.0,-2.221505459004133,0.0694918329811537
I70L,1067.0,1427.0,0.03395156127824439,0.04154730984484759
I70M,668.0,1038.0,0.2504085511969194,0.05048346375444319
I70N,407.0,503.0,-0.07994734589962516,0.06732895971156425
I70P,339.0,293.0,-0.5958481139105096,0.08031707773687818
I70Q,492.0,577.0,-0.15556150264872404,0.062078707385571114
I70R,805.0,148.0,-2.82878223918428,0.08992627826395358
I70S,1383.0,1614.0,-0.16263225721274832,0.03782657924546438
I70T,629.0,783.0,-0.06952240697433432,0.054361175673691475
I70V,440.0,571.0,-0.009490486767941064,0.06412622797701618
I70W,1014.0,1283.0,-0.046009651295445764,0.04305595660246246
I70Y,185.0,146.0,-0.7270062580461332,0.11109533692044128
I70_,445.0,89.0,-2.7072686095226928,0.11649054864554473
I71A,112.0,107.0,-0.4513521032980048,0.1355024354769046
I71C,774.0,871.0,-0.2151331096747242,0.050282005680153126
I71D,1266.0,882.0,-0.9068920688739524,0.04485389446480948
I71E,557.0,513.0,-0.50418646657854,0.06190956569767435
I71F,967.0,1101.0,-0.19824532803113915,0.04506203626428213
I71G,603.0,540.0,-0.5446659899609232,0.05998649455430526
I71H,644.0,584.0,-0.5265602040334931,0.0579075560313453
I71K,660.0,608.0,-0.5038630176572996,0.05699169262713197
I71L,866.0,1186.0,0.0681903985978769,0.04567383241109174
I71M,549.0,521.0,-0.4609915508142164,0.06187910861276313
I71N,977.0,1001.0,-0.35045903351934893,0.045942754326723415
I71P,825.0,1060.0,-0.023875822869493746,0.04736780051200949
I71Q,742.0,929.0,-0.06121469031838167,0.0501230494763765
I71R,1063.0,253.0,-2.4563590426465707,0.07057869756250885
I71S,395.0,349.0,-0.5640909892896318,0.07406108000801777
I71T,482.0,541.0,-0.21887800292697523,0.06333447009612647
I71V,1048.0,1171.0,-0.22536927334707268,0.04354730439071211
I71W,894.0,618.0,-0.9181309726726488,0.05314947971799334
I71Y,871.0,731.0,-0.6382683267856075,0.051032121900784225
I71_,117.0,17.0,-3.1676469720405738,0.2596602404154623
I73A,398.0,532.0,0.03317849852014998,0.06693562788918352
I73C,681.0,823.0,-0.11223620912834509,0.052646689948759096
I73D,528.0,623.0,-0.14678011915411915,0.059893479409909224
I73E,1060.0,915.0,-0.5976886458193915,0.046092149398764104
I73F,471.0,581.0,-0.08266488167141706,0.06270927064757899
I73G,427.0,457.0,-0.2875143088086336,0.06795745828071374
I73H,237.0,258.0,-0.2629911344171152,0.09046139895927717
I73K,1258.0,1018.0,-0.6908618434813305,0.04319061867375333
I73L,730.0,984.0,0.04528656387530727,0.049742424171508
I73M,570.0,682.0,-0.1266645228607004,0.057522378481224073
I73N,314.0,313.0,-0.39007194151892843,0.08042146941577963
I73P,298.0,268.0,-0.5385440972237889,0.0847054356736623
I73Q,628.0,755.0,-0.11976196527682781,0.05481817015911736
I73R,647.0,442.0,-0.9351791872085036,0.062419372780276754
I73S,273.0,210.0,-0.7639659564764951,0.09226463128513822
I73T,625.0,459.0,-0.8308238744961267,0.06218352557294687
I73V,775.0,1026.0,0.019287775085701675,0.048509483405984134
I73W,758.0,492.0,-1.0089994291970878,0.05865098040947397
I73Y,774.0,849.0,-0.25204084551401706,0.05057697182567654
I73_,389.0,52.0,-3.2884164853107585,0.14793888738357094
I76A,421.0,508.0,-0.11446779129546503,0.06657266976532474
I76C,474.0,654.0,0.07892501335857549,0.06104836951768336
I76D,500.0,446.0,-0.5503510776408751,0.06580483929551027
I76E,503.0,596.0,-0.14072073112527583,0.061270473505164604
I76F,1513.0,746.0,-1.405624834658043,0.04571228990402793
I76G,697.0,715.0,-0.34868612162649004,0.05405086643649054
I76H,809.0,669.0,-0.659599946303814,0.05309462600733554
I76K,606.0,422.0,-0.9075346010835954,0.06409340496412408
I76L,505.0,610.0,-0.11294924892678893,0.060890811095483846
I76M,354.0,467.0,0.014193142255132685,0.07109342734180481
I76N,779.0,912.0,-0.1580623910204766,0.049682737978990255
I76P,521.0,457.0,-0.5745555157111255,0.06477421989285188
I76Q,734.0,828.0,-0.21162171305446886,0.05155878994602723
I76R,392.0,158.0,-1.6963447783369343,0.09469890909737758
I76S,867.0,1025.0,-0.14395274015598059,0.04708719731733081
I76T,607.0,804.0,0.02002297500063399,0.054583876935726
I76V,365.0,503.0,0.07718090586629334,0.06939666918831995
I76W,683.0,757.0,-0.2370645294777738,0.05360325175338691
I76Y,550.0,625.0,-0.20104876285366569,0.0592143381304825
I76_,543.0,127.0,-2.481506862541025,0.09901109627514908
K125A,905.0,784.0,-0.5925318638904686,0.04968569995584493
K125C,473.0,474.0,-0.3824233751343957,0.06566578272980099
K125D,951.0,330.0,-1.9124209558073026,0.06457506901673227
K125E,867.0,334.0,-1.7616275232639564,0.06508092078950135
K125F,744.0,423.0,-1.200100429404161,0.0616140644824759
K125G,862.0,771.0,-0.5464252201484161,0.0504509074965694
K125H,505.0,460.0,-0.5201169183824064,0.06513247479677678
K125I,1456.0,924.0,-1.0415100802168111,0.04309596870144283
K125L,953.0,1008.0,-0.3045234927553411,0.046147321286529853
K125M,447.0,512.0,-0.18960530486341742,0.06540938733324629
K125N,778.0,703.0,-0.5317136739472952,0.052877216967735646
K125P,520.0,239.0,-1.506938572716522,0.07870946562644855
K125Q,740.0,856.0,-0.1753873023934025,0.05106621604082292
K125R,686.0,536.0,-0.7414398767471528,0.05840852859134371
K125S,640.0,590.0,-0.5028252266675839,0.05784096120013791
K125T,634.0,653.0,-0.3428706970325246,0.05654066663939328
K125V,729.0,666.0,-0.5158649515969165,0.05441890233769014
K125W,542.0,586.0,-0.27286437186313695,0.06032955005640665
K125Y,852.0,675.0,-0.7214316744737319,0.05237718355587592
K125_,494.0,77.0,-3.066892730466914,0.12287307183064124
K127A,810.0,842.0,-0.32957253794851926,0.05010390892804251
K127C,644.0,755.0,-0.1560575237547317,0.05445614168297764
K127D,504.0,199.0,-1.726081618503759,0.08424473525480837
K127E,590.0,590.0,-0.3854701863466179,0.05897446679355303
K127F,934.0,605.0,-1.0119491942233996,0.05302576986016002
K127G,602.0,516.0,-0.6078586135826249,0.06072284243143563
K127H,579.0,529.0,-0.5157634571592462,0.060873836754477086
K127I,793.0,840.0,-0.3024027423067075,0.050395385138426396
K127L,521.0,522.0,-0.3827038051018947,0.06263573859454988
K127M,353.0,351.0,-0.3936671064449362,0.07595997171591536
K127N,512.0,507.0,-0.39962797146275975,0.06335336785138009
K127P,884.0,537.0,-1.1045839221606828,0.055512037592255516
K127Q,387.0,562.0,0.15275476977178482,0.06671922518477985
K127R,470.0,560.0,-0.13270904909784864,0.06325750061057656
K127S,316.0,439.0,0.08881340366613877,0.07436749249904469
K127T,715.0,616.0,-0.6004798345454452,0.05576869002580186
K127V,877.0,861.0,-0.4120334857006025,0.048886391041477094
K127W,555.0,282.0,-1.362237630964799,0.07372894657742408
K127Y,874.0,649.0,-0.8148792652255885,0.05266094051261814
K127_,321.0,60.0,-2.8048135917928256,0.1409513099706705
K181A,611.0,771.0,-0.04991660621063154,0.05497134838048269
K181C,610.0,571.0,-0.48078706808698435,0.058981479142110174
K181D,752.0,779.0,-0.3345801848947332,0.05197754129192676
K181E,569.0,773.0,0.056562884036064354,0.0560294329988147
K181F,938.0,1181.0,-0.053124214101994305,0.0447329216077076
K181G,1574.0,1510.0,-0.44535678916045107,0.03722609202807766
K181H,648.0,917.0,0.11545120340780368,0.05217184479852399
K181I,911.0,980.0,-0.28014060614535374,0.04697121694783022
K181L,643.0,855.0,0.025629932863825644,0.05303750946115285
K181M,958.0,1168.0,-0.09953018078314546,0.04458926073084282
K181N,669.0,802.0,-0.12387773671620916,0.0531961266715629
K181P,947.0,882.0,-0.48805483355527457,0.04772780877994239
K181Q,866.0,1041.0,-0.11994184829840204,0.0469418930355644
K181R,1167.0,1701.0,0.15810451266440984,0.03915343389797815
K181S,794.0,770.0,-0.4297501815780551,0.051442483353253445
K181T,2564.0,1655.0,-1.017032140831292,0.03290067954825254
K181V,948.0,1305.0,0.07561649308257135,0.04369592115510325
K181W,1037.0,1276.0,-0.08626035718377612,0.04285111961086081
K181Y,751.0,888.0,-0.1437263812287073,0.05045659834054441
K181_,683.0,131.0,-2.7676999506696056,0.09584011268734349
K182A,1536.0,2079.0,0.05123890262872832,0.03493208087744883
K182C,997.0,744.0,-0.8077561489936445,0.0493485724401104
K182D,363.0,460.0,-0.043814253920833046,0.07082955253820314
K182E,760.0,942.0,-0.07574621261669279,0.04965427167762109
K182F,385.0,499.0,-0.01129737726886404,0.06848005307677445
K182G,1342.0,1765.0,0.00981074920259406,0.037415700409699076
K182H,631.0,811.0,-0.02341335158215596,0.05390738387793192
K182I,468.0,667.0,0.1256988482154595,0.06102580648507134
K182L,1014.0,1263.0,-0.06867600453562961,0.04319904646623597
K182M,508.0,646.0,-0.038770585086299825,0.06003868353317272
K182N,661.0,735.0,-0.23237840554121103,0.054420371213557216
K182P,1650.0,1932.0,-0.15784239287752477,0.03481188412736229
K182Q,1811.0,906.0,-1.3846658198196815,0.04176282224763519
K182R,755.0,1017.0,0.044296020603601605,0.04894869710250408
K182S,1284.0,1389.0,-0.2720696388504811,0.03983669205947765
K182T,963.0,1158.0,-0.11944515892736707,0.04461138751592604
K182V,338.0,461.0,0.06226192971055333,0.0722208929257836
K182W,508.0,643.0,-0.04548590825759291,0.06009879893577672
K182Y,564.0,687.0,-0.10085982962487172,0.05759180302746627
K182_,738.0,105.0,-3.198583830336455,0.10471920764293233
K190A,1041.0,1275.0,-0.0929455513643882,0.042815041967710264
K190C,876.0,1008.0,-0.18297947909553613,0.04713605636128491
K190D,1093.0,1428.0,0.00022929553635187006,0.041272201294828954
K190E,345.0,365.0,-0.304172375536206,0.07567253371247946
K190F,859.0,995.0,-0.17343408763438806,0.04751168809463001
K190G,631.0,730.0,-0.17521682820002304,0.05516176090745475
K190H,845.0,1058.0,-0.06115724262066191,0.04708294040485848
K190I,2144.0,1558.0,-0.8460773278279876,0.03459009710843118
K190L,985.0,1174.0,-0.1322357654943067,0.04421780523174189
K190M,1055.0,1057.0,-0.3827378344330423,0.0445212065909434
K190N,819.0,1073.0,0.0042403629234639695,0.047340878269287366
K190P,1278.0,1681.0,0.009958995629534506,0.03828265440815512
K190Q,1001.0,1140.0,-0.19788009343223578,0.04432145062843714
K190R,973.0,918.0,-0.46941494937823336,0.04696026083920477
K190S,614.0,774.0,-0.051380132692548486,0.0548527631107218
K190T,572.0,799.0,0.0967030042275061,0.0555696378921427
K190V,1836.0,2802.0,0.2244180016710482,0.03146046225353672
K190W,882.0,604.0,-0.9316927640912072,0.053643176647456686
K190_,569.0,117.0,-2.667292361769417,0.10194082171843005
K198A,637.0,724.0,-0.20077658302626933,0.05512934916851349
K198C,713.0,825.0,-0.1749808905608461,0.05198871101032711
K198D,366.0,517.0,0.11283893318211291,0.06895345554455244
K198E,793.0,1049.0,0.01814728075106764,0.04798450358138447
K198F,789.0,928.0,-0.15137342002587317,0.04932748050955118
K198G,488.0,745.0,0.2248788932240915,0.058988277466366916
K198H,1089.0,1359.0,-0.06593131630516247,0.04174098286667329
K198I,1227.0,1508.0,-0.08797119768721817,0.039576881356054
K198L,1244.0,1650.0,0.022006499055366113,0.03870560257824744
K198M,628.0,831.0,0.01860811971072973,0.05370196425461729
K198N,638.0,846.0,0.021625493442826382,0.053269197066391244
K198P,814.0,1037.0,-0.036158803085108104,0.04775993792574638
K198Q,752.0,942.0,-0.060479657905705864,0.049795020693631675
K198R,1239.0,1533.0,-0.0782909099133633,0.03933982883153379
K198S,1558.0,2167.0,0.09053113135117563,0.03451846491373381
K198T,901.0,1110.0,-0.08451253579337337,0.04581455073353879
K198V,716.0,1009.0,0.10941864445927152,0.04975855376511782
K198W,995.0,1287.0,-0.014229853223586275,0.04324609165705192
K198Y,506.0,618.0,-0.0970059002234418,0.060684075359064685
K198_,733.0,116.0,-3.045053896377521,0.10036134267603242
K202A,1249.0,1565.0,-0.060083338420110266,0.03908736795927165
K202C,1182.0,1570.0,0.02406132087579138,0.039637984664691026
K202D,502.0,610.0,-0.1043533959614189,0.06098790255878659
K202E,565.0,749.0,0.02123839209749878,0.05650832255168955
K202F,1733.0,3288.0,0.5384645211093297,0.031134879513022847
K202G,1023.0,1325.0,-0.012287186052543753,0.04266653859095652
K202H,709.0,889.0,-0.059076514721516205,0.051219905905939236
K202I,718.0,816.0,-0.20088729132599248,0.052023342064773784
K202L,391.0,593.0,0.2153807423401508,0.06581797802337581
K202M,607.0,781.0,-0.02184944960346069,0.05491836972600238
K202N,829.0,928.0,-0.22271933924606202,0.04870366865896314
K202P,453.0,659.0,0.1552872734137143,0.06175029655442737
K202Q,1196.0,1501.0,-0.05776605001395563,0.03988165203623266
K202R,966.0,1245.0,-0.01942288501548184,0.04389313215069317
K202S,623.0,845.0,0.05424290797407583,0.0536352803571246
K202T,910.0,1027.0,-0.21097426122392804,0.04648444960995748
K202V,913.0,1219.0,0.03153720769928192,0.04476416814197443
K202W,898.0,1239.0,0.07891422947673554,0.0448205757696635
K202Y,479.0,583.0,-0.10200533161893244,0.06237860380922446
K202_,617.0,84.0,-3.2621310857561054,0.116671670914598
K232A,425.0,465.0,-0.25570523137640144,0.0677612860018412
K232C,1088.0,608.0,-1.224995045815426,0.05149789965825075
K232D,591.0,156.0,-2.3070142210516345,0.09049905496291398
K232E,1045.0,443.0,-1.623575764276044,0.05746676177855125
K232F,12.0,11.0,-0.5108918684878816,0.417347196868742
K232G,631.0,199.0,-2.0502921288174,0.08184038574967711
K232H,860.0,712.0,-0.6579261179673734,0.05153121881106926
K232I,527.0,356.0,-0.9513827578027456,0.0692432071914932
K232L,1030.0,677.0,-0.9908794815607909,0.05036032263409707
K232M,937.0,546.0,-1.1646072572184751,0.05465260685767079
K232N,1160.0,434.0,-1.8038072394514266,0.05704709097357921
K232P,1207.0,197.0,-3.000567048937982,0.07741183825447508
K232Q,800.0,490.0,-1.092677028238569,0.05812894057311732
K232R,937.0,1099.0,-0.15540202264953962,0.045446110682307944
K232S,847.0,309.0,-1.8401956622687683,0.06711914413549487
K232T,724.0,477.0,-0.987460299151758,0.05971434652062287
K232V,938.0,809.0,-0.5989159539383753,0.04889151315340443
K232W,1224.0,355.0,-2.171153962598715,0.06100838900974112
K232Y,1420.0,296.0,-2.64765345602413,0.06458095167720511
K232_,1214.0,188.0,-3.076369187632835,0.07893539852630302
K238A,1029.0,1244.0,-0.11172910622142318,0.04317261391331346
K238C,959.0,1195.0,-0.06806525945077802,0.04435955088028194
K238D,1868.0,1152.0,-1.082819124460055,0.038621130735658454
K238E,1068.0,1286.0,-0.11749348059869735,0.04245155391596247
K238F,980.0,1536.0,0.262849046584372,0.04194818062890215
K238G,617.0,725.0,-0.15276316371512166,0.0555718028700164
K238H,1320.0,998.0,-0.7888928689319501,0.042985796087721406
K238I,1096.0,1122.0,-0.3516456137269497,0.04349566377085891
K238L,511.0,580.0,-0.2027439359347234,0.061394069344480856
K238M,1095.0,1289.0,-0.15015077539519872,0.04215729497398471
K238N,1099.0,908.0,-0.6608946086642096,0.04581958057174093
K238P,1273.0,1317.0,-0.33644763861680715,0.040411015081063636
K238Q,716.0,891.0,-0.07000829954765386,0.05106040615839554
K238R,789.0,1061.0,0.04185257700097633,0.0479387517986211
K238S,814.0,1028.0,-0.048734310906227485,0.047848239244079216
K238T,1154.0,1354.0,-0.1548875180330267,0.041149790753164085
K238V,740.0,887.0,-0.12406458351866867,0.050664887000879094
K238W,852.0,898.0,-0.3096090392154407,0.04873892867946002
K238Y,738.0,925.0,-0.059641588965348546,0.05024220598760934
K238_,1584.0,211.0,-3.2936683530611663,0.07388258059310888
K261A,950.0,1237.0,-0.004627627965351877,0.04415015379131651
K261C,713.0,843.0,-0.14384275213990438,0.05173920275304027
K261D,819.0,1024.0,-0.06319335445418428,0.04780955924272155
K261E,1241.0,1343.0,-0.2715148799739957,0.040479699262593885
K261F,853.0,977.0,-0.18965951228039035,0.04779189110221992
K261G,2085.0,3126.0,0.19879790407683995,0.029794719246087675
K261H,1353.0,1447.0,-0.28856779647192665,0.038966495144480515
K261I,1108.0,1290.0,-0.166058839100657,0.042022867565962324
K261L,748.0,1012.0,0.050623897031540466,0.049124614300900746
K261M,1033.0,1288.0,-0.06718061209458437,0.04280947332507854
K261N,1669.0,1474.0,-0.564716473070999,0.03695664638869054
K261P,1496.0,1386.0,-0.49565233873065884,0.038446780417127235
K261Q,1350.0,1907.0,0.11287212867754137,0.03678764781703901
K261R,650.0,843.0,-0.010382354739270738,0.053036573211345264
K261S,4324.0,3437.0,-0.7166859966521577,0.0247069231934237
K261T,922.0,1164.0,-0.04922103700039937,0.04507660992785975
K261V,74.0,101.0,0.06323581918090504,0.1532968107583529
K261W,1394.0,1392.0,-0.3875415214967086,0.039037869965334766
K261Y,3365.0,1223.0,-1.8456447783522738,0.03468494512689052
K261_,4260.0,226.0,-4.621868490997238,0.068902386714435
K264A,983.0,1263.0,-0.023882122556690533,0.04355752169927181
K264C,2109.0,1892.0,-0.5421164082260623,0.03302891509278371
K264D,920.0,1255.0,0.06250722569674672,0.04440682138998077
K264E,1424.0,1624.0,-0.19586894781486341,0.037499555912017354
K264F,865.0,1012.0,-0.1590353568259566,0.04724831432524561
K264G,1508.0,1852.0,-0.08902429335757178,0.03593458143513313
K264H,797.0,853.0,-0.28750535738404803,0.05015200175067839
K264I,1460.0,1278.0,-0.57754931195662,0.039441196550462125
K264L,608.0,721.0,-0.13954596938990793,0.05585577665267914
K264M,1013.0,1357.0,0.03631274999891865,0.042570952661249196
K264N,1165.0,1529.0,0.006785317392793644,0.04000742892293452
K264P,1374.0,1232.0,-0.5428487242560194,0.04034467924248165
K264Q,1077.0,1360.0,-0.04888457217529396,0.04185689758741229
K264R,1221.0,1656.0,0.054166182429759235,0.038872482273680474
K264S,1083.0,1202.0,-0.23506785206145153,0.042936080646563284
K264T,1347.0,1817.0,0.04633561199592684,0.03716119439014868
K264V,583.0,614.0,-0.3107286635497317,0.05858403446588094
K264W,944.0,942.0,-0.3885299536484901,0.04700090794152647
K264Y,778.0,904.0,-0.16892015350883494,0.04979686391097077
K264_,1411.0,175.0,-3.3966891343422434,0.08069006184335391
K31A,487.0,687.0,0.11090951634011326,0.05997619106150223
K31C,1070.0,1235.0,-0.17857174253737806,0.042807656168847234
K31D,376.0,557.0,0.18146201121223804,0.06740191629576829
K31E,302.0,385.0,-0.035170588545687664,0.07743835258129267
K31F,979.0,1296.0,0.01921116245767962,0.0433734214653917
K31G,1029.0,1196.0,-0.16849773671718804,0.043544643108699
K31H,658.0,653.0,-0.3964746106554742,0.056029621972504225
K31I,449.0,506.0,-0.2130518658503524,0.06551016789793361
K31L,505.0,631.0,-0.06411927349036706,0.060441164999019845
K31M,967.0,1294.0,0.034775866027833224,0.04353299556838575
K31N,727.0,702.0,-0.435953813258636,0.05374190832015357
K31P,2771.0,580.0,-2.641732424371483,0.04661761609216283
K31Q,624.0,875.0,0.10226016943235372,0.053231543106793955
K31R,571.0,674.0,-0.1462162016070172,0.057646812626991395
K31S,425.0,540.0,-0.03998084935970425,0.06552036364578129
K31T,589.0,879.0,0.19211726402022666,0.05407052994864709
K31V,242.0,315.0,-0.005139220384198673,0.08599289351039235
K31W,500.0,794.0,0.281730042370282,0.05785848824226257
K31Y,799.0,1142.0,0.12981963294399534,0.04706816913155105
K31_,589.0,109.0,-2.8193018278936215,0.10468738724157015
K377A,998.0,1333.0,0.03209124049332601,0.04289977349592418
K377C,1314.0,1690.0,-0.022414658240146323,0.03795993110999559
K377D,959.0,1026.0,-0.2880431581365208,0.045886883127179395
K377E,906.0,1143.0,-0.05023103992817557,0.0454624926736927
K377F,841.0,1098.0,-0.0007738527742269241,0.04677605905121542
K377G,1078.0,1480.0,0.07176617631491489,0.04112810436741266
K377H,1218.0,1610.0,0.017073484821716,0.03911956230847293
K377I,1141.0,1540.0,0.04715809699325657,0.04017434031675716
K377L,864.0,1104.0,-0.031836861663877336,0.04638316060137544
K377M,1128.0,1607.0,0.12512886267593792,0.03996254879138387
K377N,1093.0,1449.0,0.02129076464626589,0.04114906747061205
K377P,2589.0,1704.0,-0.9889369219174093,0.0325778102445423
K377Q,1365.0,1767.0,-0.013071502123199519,0.03723892853123711
K377R,1362.0,1786.0,0.005532676103983558,0.037179711647326696
K377S,912.0,1295.0,0.12037150358394477,0.044236734661006166
K377T,777.0,1024.0,0.012754546611374984,0.04849486947844277
K377V,1012.0,1358.0,0.038800371030094816,0.04257603562792242
K377W,1287.0,1708.0,0.0228229720125932,0.03808787319427268
K377_,1429.0,1319.0,-0.5010306962394693,0.03932104030533905
K382A,1724.0,2344.0,0.057740395539296774,0.03308892652300138
K382C,1687.0,2188.0,-0.01031937999896737,0.03373448821585279
K382D,1087.0,1378.0,-0.04324904142500241,0.041639567190816955
K382E,1630.0,1712.0,-0.31465987299417897,0.03585828475158946
K382F,995.0,1271.0,-0.032277735326327495,0.04335903106645843
K382G,1134.0,1616.0,0.12553257688125097,0.039860370918251176
K382H,906.0,1232.0,0.05794490074309966,0.044762003742765594
K382I,356.0,566.0,0.2834395900329394,0.0682925894848609
K382L,1197.0,1545.0,-0.01728921523642679,0.03963426029781353
K382M,942.0,1240.0,0.01106728875265972,0.04422917186943498
K382N,1194.0,1597.0,0.034088240731432684,0.03939414624074154
K382P,1294.0,1723.0,0.027612121950526536,0.037965588606174876
K382Q,1954.0,2428.0,-0.07213367343647192,0.03180947507786931
K382R,1563.0,2047.0,0.0037209552455856887,0.03487869334706299
K382S,1143.0,1543.0,0.047439199966153645,0.04013952669280772
K382T,2122.0,2830.0,0.02990550957583915,0.030212938194683958
K382V,1166.0,1437.0,-0.08398024646798774,0.04051826301976755
K382W,1652.0,2341.0,0.1174384910681674,0.03347691657662961
K382Y,1310.0,1632.0,-0.06839811368108517,0.03826629030740708
K382_,1085.0,1467.0,0.04970017961622375,0.04112813857111101
K384A,965.0,1275.0,0.01642257832479288,0.043689597670016594
K384C,803.0,1187.0,0.17837204365271297,0.046647422960869885
K384D,598.0,796.0,0.02714675906122288,0.05492443120273335
K384E,1146.0,1357.0,-0.14165846712726093,0.041203418049623824
K384F,1212.0,1593.0,0.00888353476803605,0.039255991000268026
K384G,2823.0,3252.0,-0.181372731890594,0.027385190138211158
K384H,189.0,278.0,0.17120402567591064,0.09474140040795526
K384I,1232.0,1711.0,0.08836403916593794,0.03852721794208654
K384L,1445.0,1703.0,-0.14846275660344244,0.03697900789196606
K384M,969.0,1142.0,-0.14847836181465723,0.0446748793828591
K384N,1058.0,1849.0,0.4199295774970846,0.03967638198102082
K384P,813.0,1110.0,0.06375748479257481,0.04710737346367439
K384Q,931.0,1200.0,-0.019292327105062235,0.04467262457952931
K384R,962.0,1248.0,-0.009964487996309224,0.04392016101613691
K384S,1159.0,1539.0,0.023639405478108166,0.04000985330771522
K384T,2590.0,4009.0,0.2448181616260392,0.026902633976049365
K384V,1434.0,1831.0,-0.03288560059865242,0.03649255469150242
K384W,1554.0,1941.0,-0.0646584230407461,0.035311568622364356
K384Y,1283.0,1424.0,-0.23504332387649507,0.03962163664310749
K384_,1511.0,1982.0,0.005980846725703426,0.035419796580272
K3A,1754.0,480.0,-2.254990792497052,0.05236054609658146
K3C,705.0,684.0,-0.4290964904826087,0.05448487135052342
K3D,179.0,197.0,-0.2472415079994157,0.10368403564601118
K3E,754.0,755.0,-0.38355809074540126,0.05233491000105698
K3F,630.0,880.0,0.09667500321990286,0.05302680260599682
K3G,1430.0,1308.0,-0.514121851519084,0.0393958200439925
K3H,142.0,234.0,0.3351074713839015,0.10678620676151646
K3I,476.0,597.0,-0.05870697124705071,0.06216127974482486
K3L,986.0,182.0,-2.8230547474665313,0.08121949760463891
K3M,738.0,857.0,-0.169798512725726,0.05108872083631071
K3N,479.0,645.0,0.0437955668394121,0.06104275000439513
K3P,438.0,132.0,-2.11578677351718,0.09973189698100722
K3Q,1989.0,1029.0,-1.3362637133450486,0.039532078290581904
K3R,1030.0,1234.0,-0.12477444478734157,0.0432370818154729
K3S,1845.0,2263.0,-0.09085586236189913,0.03274303747871032
K3T,715.0,923.0,-0.017087327364368576,0.05069722277995942
K3V,762.0,148.0,-2.7495854649909646,0.09031519066495737
K3W,346.0,423.0,-0.0955921507867199,0.07309114082958457
K3Y,683.0,923.0,0.048969390663628154,0.051339399748185174
K3_,776.0,155.0,-2.709184140473604,0.08847629379367662
K64A,352.0,510.0,0.1494389346632694,0.06992702576382906
K64C,707.0,952.0,0.043775920705869,0.05052752679965931
K64D,1060.0,851.0,-0.7023000715389962,0.046975273590214604
K64E,662.0,878.0,0.021914175082486942,0.05232308353928853
K64F,457.0,640.0,0.10039852694269147,0.06195826169456863
K64G,431.0,537.0,-0.06824257468549977,0.06534913295640048
K64H,365.0,525.0,0.13893872673322782,0.06879383163940166
K64I,1109.0,1382.0,-0.06797450588896137,0.04139448718071956
K64L,941.0,1417.0,0.20509779371302628,0.04308844350345088
K64M,829.0,722.0,-0.5848408718980727,0.05176383982909274
K64N,311.0,407.0,0.0026330862438870284,0.07589787523723575
K64P,940.0,1112.0,-0.14304843410812573,0.04529134174942198
K64Q,833.0,1123.0,0.04549486826166138,0.04668130761251296
K64R,391.0,472.0,-0.11385826614256178,0.06902385971144238
K64S,1506.0,1561.0,-0.3337217565660837,0.03732066157679255
K64T,549.0,636.0,-0.173253164720367,0.05900828287763358
K64V,460.0,601.0,0.0002535855348773097,0.06265737219414891
K64W,766.0,997.0,-0.005225437600432592,0.04895589476135328
K64Y,875.0,1140.0,-0.003795116699160772,0.0459156187862058
K64_,723.0,123.0,-2.940710184596729,0.0979833750468111
K67A,935.0,1052.0,-0.21537546787427964,0.045916045815579405
K67C,910.0,1005.0,-0.2422146339678175,0.04671315314836733
K67D,682.0,798.0,-0.15885625410763993,0.052986658398545154
K67E,2034.0,1363.0,-0.9630008116131128,0.03624258101898361
K67F,396.0,442.0,-0.22692803847769039,0.06982689804307846
K67G,726.0,922.0,-0.04067720824191223,0.050499436728943664
K67H,195.0,259.0,0.02398950656214449,0.0952733521450442
K67I,479.0,335.0,-0.9013218004368033,0.0718389816928415
K67L,691.0,811.0,-0.15445707175343415,0.05261560754857869
K67M,307.0,330.0,-0.28124609266028155,0.07984765980524053
K67N,792.0,953.0,-0.11849747986925685,0.0489911413649199
K67P,310.0,377.0,-0.10318214888584532,0.077242259241521
K67Q,1201.0,1464.0,-0.09979294172583231,0.04004875349850358
K67R,633.0,809.0,-0.031540941600005645,0.05388921243887739
K67S,219.0,245.0,-0.22362629761696162,0.09346487197840758
K67T,527.0,524.0,-0.39370617971873045,0.06240250321543502
K67V,666.0,590.0,-0.5602746188426524,0.05731125686119016
K67W,600.0,621.0,-0.33584023172184185,0.058009771555648806
K67Y,120.0,120.0,-0.3854701863466179,0.12943528333649515
K67_,1581.0,91.0,-4.504147794476914,0.10820593923269242
K68A,4991.0,1182.0,-2.463559739770661,0.03368369721064375
K68C,586.0,637.0,-0.26507944957577756,0.05800434698077115
K68D,562.0,516.0,-0.5086669627108709,0.06168864877650682
K68E,371.0,268.0,-0.8546414277441539,0.08071408723007997
K68F,615.0,660.0,-0.28359217174246254,0.05682722110794985
K68G,274.0,294.0,-0.2838335061882953,0.0844923746707683
K68H,172.0,213.0,-0.07704146543168822,0.1029390375058931
K68I,912.0,879.0,-0.43864025148629526,0.048190635702866115
K68L,1177.0,1552.0,0.013541089147636853,0.0397762602291961
K68M,673.0,690.0,-0.34948085743611035,0.0549848257283311
K68N,882.0,810.0,-0.5083254801861132,0.04956350807020971
K68P,582.0,564.0,-0.4307933857451971,0.05982822431053976
K68Q,815.0,971.0,-0.13280179396601266,0.04842570598594943
K68R,737.0,616.0,-0.6442006096680455,0.05539312811235688
K68S,769.0,822.0,-0.28931660024070904,0.05104035754702517
K68T,1013.0,1576.0,0.2521580866993052,0.04135076185020166
K68V,481.0,568.0,-0.1456207446230975,0.0626714123128507
K68W,586.0,369.0,-1.052735556970891,0.06711649469332526
K68Y,367.0,391.0,-0.29408405473895005,0.07328311827754941
K68_,1012.0,229.0,-2.5292112303454575,0.0737764783120969
L115A,244.0,171.0,-0.8983297689937233,0.10016994872073441
L115C,771.0,698.0,-0.528972053093252,0.05308350920255653
L115D,147.0,75.0,-1.356229633352891,0.142204180041316
L115E,404.0,209.0,-1.3362892200293572,0.0857196652486259
L115F,402.0,328.0,-0.6789617764630211,0.07499601675983507
L115G,265.0,127.0,-1.4465748957575553,0.10832844956935311
L115H,497.0,521.0,-0.31743400278964184,0.06340028065230567
L115I,463.0,542.0,-0.15819406989246154,0.06397639920366026
L115K,229.0,256.0,-0.22468061867713107,0.09143814106744631
L115M,267.0,274.0,-0.3481354154410541,0.08650372596082893
L115N,285.0,144.0,-1.370313730269915,0.10266852352632266
L115P,858.0,184.0,-2.606680477110058,0.08178135188872279
L115Q,427.0,427.0,-0.3854701863466179,0.06907927141373471
L115R,248.0,224.0,-0.5323053420991872,0.09265201877792005
L115S,232.0,152.0,-0.995490940796131,0.10477064615229034
L115T,198.0,144.0,-0.8448744828528385,0.10992009320915705
L115V,682.0,641.0,-0.47491621571583753,0.055807767419194125
L115W,264.0,114.0,-1.5969023913984328,0.11245937229271018
L115Y,447.0,272.0,-1.1021176016915515,0.07747022993629735
L115_,691.0,118.0,-2.935267658475956,0.10004613878836217
L142A,207.0,201.0,-0.42790337230893716,0.09946746231146197
L142C,417.0,501.0,-0.12071276716380908,0.06694928566787758
L142D,644.0,81.0,-3.3763813639942866,0.118258786739859
L142E,699.0,156.0,-2.5491447746388562,0.08904299467015275
L142F,503.0,539.0,-0.28574522903102473,0.06270167362406462
L142G,958.0,921.0,-0.4422940810038263,0.04709362653454089
L142H,737.0,246.0,-1.968437420259738,0.0742288608517792
L142I,474.0,589.0,-0.07209555393199363,0.062415053131399424
L142K,483.0,128.0,-2.301266728188189,0.09985216515103111
L142M,810.0,989.0,-0.09742479696124473,0.048310241781187965
L142N,439.0,140.0,-2.0341941158098873,0.09751109729064096
L142P,536.0,420.0,-0.7373064253664392,0.06583879712588364
L142Q,210.0,71.0,-1.9498341004598894,0.13759511721877893
L142R,578.0,66.0,-3.5158081357952202,0.13025938879107274
L142S,1058.0,593.0,-1.2206951113615183,0.05215071939381353
L142T,1263.0,1294.0,-0.35048748179150824,0.04065421998165154
L142V,586.0,671.0,-0.19006120321688247,0.05731457891194161
L142W,561.0,453.0,-0.6939537759479855,0.06386055816081584
L142Y,775.0,209.0,-2.276113142907609,0.07850465390094369
L142_,844.0,126.0,-3.129192049932736,0.09596308075959364
L14A,789.0,1025.0,-0.007947691954732328,0.04828277100959785
L14C,474.0,649.0,0.06785302580738595,0.06114477181804467
L14D,787.0,1026.0,-0.0028792664200603113,0.04830627220160557
L14E,779.0,895.0,-0.18520823256383334,0.0498918951304311
L14F,678.0,645.0,-0.45745521051175686,0.05579859083416363
L14G,556.0,795.0,0.13039199057570006,0.056076637698678926
L14H,718.0,833.0,-0.17114030874565156,0.05178241711537916
L14I,497.0,512.0,-0.3425730783237597,0.06366579524147696
L14K,53.0,60.0,-0.2065317970978704,0.1887232610060963
L14M,339.0,470.0,0.08589343564650065,0.07187207022628296
L14N,665.0,905.0,0.05908751202983975,0.051931797879419726
L14P,303.0,133.0,-1.5733008779968056,0.10443499176811359
L14Q,1046.0,1241.0,-0.13885208967750717,0.04301190257801315
L14R,500.0,143.0,-2.191311103604881,0.09529266858171068
L14S,593.0,805.0,0.055480085127903145,0.05492492581937931
L14T,588.0,603.0,-0.3491289496117007,0.05871297402999141
L14V,190.0,206.0,-0.2688311647741113,0.10102093285253003
L14W,276.0,167.0,-1.1102562349250489,0.09848318244125674
L14Y,358.0,145.0,-1.6893176789983073,0.09888128679434173
L14_,359.0,72.0,-2.7032250442614156,0.1294627844395979
L165A,577.0,562.0,-0.4234707074328874,0.06000512199785693
L165C,1321.0,1726.0,0.00032924897235409034,0.03774363705940114
L165D,454.0,424.0,-0.48409597072298105,0.06818536703697776
L165E,945.0,1142.0,-0.11229640362453441,0.044967250462880325
L165F,396.0,519.0,0.004755288023203796,0.06738062470895204
L165G,712.0,809.0,-0.20121015435574297,0.05223761096366208
L165H,820.0,1039.0,-0.043974055330290085,0.047646265818195685
L165I,441.0,580.0,0.009796218146436608,0.06387366564028742
L165K,619.0,614.0,-0.39717075039845096,0.05772638422754745
L165M,1004.0,1102.0,-0.25110650958004754,0.04462794501971736
L165N,565.0,779.0,0.07789525992774049,0.056051542591877015
L165P,534.0,127.0,-2.4573948542075215,0.0991677093748732
L165Q,705.0,823.0,-0.1622039472230794,0.052169783790581646
L165R,939.0,185.0,-2.7290074561585724,0.08098320382018419
L165S,1269.0,1987.0,0.26142550900277906,0.037141610952850096
L165T,471.0,551.0,-0.15914937455555478,0.06345203659730149
L165V,758.0,1082.0,0.127954860052502,0.04828731059439203
L165W,1167.0,1203.0,-0.3416384748226591,0.0421468106847415
L165Y,838.0,940.0,-0.2197615415715788,0.048428672617012385
L165_,492.0,96.0,-2.742901240829796,0.11196550988488638
L168A,597.0,757.0,-0.042912925236592514,0.05553570932725728
L168C,759.0,1013.0,0.030987431061092252,0.04891704675682281
L168D,570.0,608.0,-0.29236236383070935,0.059053193449621295
L168E,526.0,609.0,-0.17409449575499725,0.06026050433774826
L168F,538.0,678.0,-0.05179662287963804,0.05849633056823187
L168G,429.0,578.0,0.044612989697324856,0.06441456783674424
L168H,556.0,824.0,0.18208082892262212,0.05568052610613564
L168I,568.0,741.0,-0.0018935034451290633,0.056553130038900966
L168K,578.0,651.0,-0.21388493454362223,0.057916865140634544
L168M,630.0,754.0,-0.12626125744516958,0.05478807743347571
L168N,975.0,1251.0,-0.025865785325737356,0.043740133825963666
L168P,855.0,993.0,-0.16960323354122675,0.04759023898803441
L168Q,1017.0,1287.0,-0.045780787997491856,0.04299399864373962
L168R,513.0,246.0,-1.445740174102773,0.07811766657801669
L168S,602.0,705.0,-0.1576139170407087,0.056282646089405745
L168T,927.0,1226.0,0.017843753197539947,0.044526460961756144
L168V,536.0,637.0,-0.1364140821532409,0.05936064001139584
L168W,926.0,1378.0,0.18801649276857813,0.04351782120597358
L168Y,672.0,871.0,-0.011263605475138938,0.052195595766730246
L168_,806.0,109.0,-3.2718074381566815,0.10248104409475282
L176A,762.0,986.0,-0.013677838622234262,0.049139820023465286
L176C,920.0,725.0,-0.7291188346665987,0.05054157403694875
L176D,487.0,611.0,-0.05822559059732857,0.061467023931916116
L176E,384.0,397.0,-0.337438720151197,0.07218823845741455
L176F,780.0,870.0,-0.22793082272552478,0.05019623093739484
L176G,655.0,845.0,-0.01801870409916706,0.05289921431882765
L176H,122.0,150.0,-0.08741090579575594,0.12227218177033884
L176I,316.0,427.0,0.04882945728626886,0.07479663782522475
L176K,374.0,446.0,-0.13147097347215997,0.07073925484036764
L176M,846.0,1298.0,0.23208469021145284,0.04517348661825732
L176N,1259.0,1542.0,-0.09294780719159101,0.03912791549080167
L176P,513.0,364.0,-0.8804790502565023,0.06917132133605032
L176Q,209.0,293.0,0.10190774707360184,0.09102487328323597
L176R,191.0,241.0,-0.05002534832409111,0.0973280437456203
L176S,1093.0,1381.0,-0.048053020401805924,0.04155992191797579
L176T,898.0,622.0,-0.9152639222464609,0.05300452074185398
L176V,546.0,661.0,-0.10972546272185113,0.05858770676528244
L176W,876.0,954.0,-0.2624131364594815,0.04772799179609099
L176Y,740.0,916.0,-0.07765160465329846,0.05031141925772224
L176_,715.0,105.0,-3.1529068847728814,0.10492711326255359
L17A,519.0,707.0,0.060498098506525544,0.05856079729265598
L17C,1035.0,1353.0,0.0010576091231673246,0.04234951896071111
L17D,334.0,193.0,-1.1766858862663812,0.09090223163998738
L17E,1967.0,2513.0,-0.03205806630429109,0.03153616463086046
L17F,565.0,649.0,-0.18550588051326056,0.05830011291618715
L17G,139.0,229.0,0.3347517401579365,0.10792851010643836
L17H,469.0,348.0,-0.8159601076152025,0.07137118484661192
L17I,393.0,473.0,-0.11816552396644653,0.06889702029266057
L17K,517.0,390.0,-0.7921512560623016,0.06772333470291679
L17M,1252.0,1369.0,-0.2565832868242013,0.0402167278422546
L17N,597.0,790.0,0.01864563175631595,0.0550366719532861
L17P,1030.0,316.0,-2.0900864127360874,0.0649887364119104
L17Q,802.0,736.0,-0.5093650436469668,0.051901436558347724
L17R,899.0,122.0,-3.2668079531390086,0.09693605553295018
L17S,589.0,719.0,-0.09775047834332451,0.056362930763380885
L17T,263.0,288.0,-0.25446893577035734,0.08580473846419377
L17V,1165.0,1416.0,-0.10398107091221043,0.04065447222138518
L17W,463.0,512.0,-0.2403415516281182,0.06481575502111159
L17Y,440.0,488.0,-0.2360957873393872,0.06640804647953188
L17_,2194.0,256.0,-3.4847682181987416,0.06670905885759987
L191A,492.0,616.0,-0.06120405357895642,0.061188593412758674
L191C,598.0,778.0,-0.00585109717306409,0.05518838682987576
L191D,756.0,940.0,-0.07119939940626985,0.049747029812626166
L191E,848.0,1006.0,-0.13897872308349424,0.047554936233722846
L191F,1149.0,1639.0,0.1269631163301339,0.039606230922227224
L191G,887.0,1008.0,-0.20098250955835706,0.04698565030921544
L191H,731.0,933.0,-0.03346878433608769,0.05027907014673692
L191I,503.0,622.0,-0.07911949327881196,0.06069545222371958
L191K,229.0,320.0,0.09723620555145818,0.08706169404854391
L191M,855.0,1300.0,0.21903933587988256,0.04502239992513215
L191N,408.0,520.0,-0.03553533116026664,0.06679951302973595
L191P,564.0,744.0,0.014131083822143786,0.05661537639071885
L191Q,974.0,1228.0,-0.05115636676370183,0.04392293022336906
L191R,689.0,792.0,-0.18447646205798574,0.05293564720145837
L191S,755.0,1036.0,0.07100008427105209,0.048764147644934364
L191T,1090.0,1763.0,0.30822910079476884,0.03965916302688495
L191V,754.0,940.0,-0.06737773907193834,0.049782281048929365
L191W,639.0,780.0,-0.09781607478281895,0.05417721164255032
L191Y,802.0,1096.0,0.06509864477078509,0.04740761921080641
L191_,453.0,86.0,-2.7824367734270323,0.11799248501350171
L195A,1621.0,3614.0,0.7712373209532002,0.03133392681007068
L195C,1132.0,698.0,-1.083037278733057,0.049033084063181236
L195D,625.0,692.0,-0.23855657315173762,0.05597548483084108
L195E,380.0,536.0,0.11075234632195219,0.06771529525252627
L195F,711.0,1046.0,0.1714847017837906,0.04950432772329827
L195G,854.0,1081.0,-0.04541518564976155,0.046735660663732755
L195H,441.0,604.0,0.06829087910033849,0.06333512994969293
L195I,793.0,1022.0,-0.019471837553170168,0.048246210546969565
L195K,878.0,903.0,-0.3449655933131295,0.0483172983448882
L195M,660.0,857.0,-0.008646031180471248,0.05263260173677161
L195N,856.0,1030.0,-0.11851139781279141,0.04719417009732041
L195P,1020.0,1383.0,0.053758105542033974,0.04232797886673871
L195Q,568.0,770.0,0.05349066657153845,0.05610197408784141
L195R,776.0,985.0,-0.04140705892534413,0.04890885386196131
L195S,1005.0,1285.0,-0.030900456279709942,0.04314433583373445
L195T,1528.0,1622.0,-0.2993414573390627,0.03686705396434964
L195V,643.0,889.0,0.0818882865922026,0.05261413484474953
L195W,936.0,1333.0,0.12462156871067087,0.04366647744241646
L195Y,585.0,714.0,-0.09798719235979458,0.0565519918033309
L195_,1112.0,138.0,-3.3957952367785937,0.09073774802870004
L196A,568.0,662.0,-0.16453350556922608,0.05795945362075156
L196C,594.0,573.0,-0.4373970882771152,0.05930310499836051
L196D,779.0,851.0,-0.2579359495985045,0.05046751005615481
L196E,470.0,532.0,-0.206708274650083,0.06399603816690763
L196F,678.0,904.0,0.029561993328899305,0.05166528459766238
L196G,647.0,835.0,-0.017464721347128176,0.05321067837128951
L196H,876.0,983.0,-0.21921143225927153,0.04740293037600869
L196I,565.0,755.0,0.03274916478077916,0.056414365425857566
L196K,709.0,803.0,-0.20585820803090993,0.05238269299644276
L196M,1230.0,1390.0,-0.20904496907896597,0.0402571171838731
L196N,402.0,428.0,-0.29505707118009905,0.07008643948235065
L196P,697.0,881.0,-0.047491146223553216,0.051555554701081044
L196Q,341.0,508.0,0.18957266347841184,0.07063388131895772
L196R,881.0,965.0,-0.25408468854156663,0.0475345586550117
L196S,470.0,542.0,-0.17984216912623552,0.06372451172704449
L196T,1812.0,942.0,-1.3292468234985724,0.041251034762473014
L196V,498.0,595.0,-0.12873098293674978,0.06145608602142557
L196W,1594.0,1986.0,-0.0682579792575786,0.03491540423220685
L196Y,647.0,847.0,0.00312080584094776,0.053051008002700545
L196_,982.0,166.0,-2.9499377539129457,0.0844409128205432
L210A,845.0,229.0,-2.269028004224346,0.07508830915340416
L210C,747.0,350.0,-1.4792016010914137,0.0654518607128172
L210D,1017.0,186.0,-2.836351962653765,0.08029660161199846
L210E,914.0,258.0,-2.210253152975948,0.07112041464364721
L210F,442.0,630.0,0.125825532598701,0.06275255632161163
L210G,898.0,275.0,-2.092717617548601,0.06955587275108566
L210H,922.0,258.0,-2.2228256013907073,0.0710536443869711
L210I,937.0,1054.0,-0.21571798150143895,0.04587152439294795
L210K,536.0,98.0,-2.8367292421210726,0.11025829683109739
L210M,1521.0,1800.0,-0.14249490304720736,0.036072496745160464
L210N,960.0,205.0,-2.612825336793331,0.0775092338593979
L210P,325.0,62.0,-2.775381499824279,0.1388937518570961
L210Q,503.0,200.0,-1.7159851349535389,0.0841189439928122
L210R,207.0,53.0,-2.3508342020770883,0.1542182362789668
L210S,788.0,317.0,-1.6991557736933718,0.06716925434921113
L210T,739.0,382.0,-1.337453668193735,0.06371113608471272
L210V,886.0,617.0,-0.9074992966739748,0.05326902840194447
L210W,559.0,162.0,-2.1722614120714567,0.08971928406639379
L210Y,743.0,198.0,-2.293278522289669,0.08052540948273684
L210_,606.0,106.0,-2.900611425022624,0.10569496117157152
L212A,823.0,859.0,-0.3237052202770583,0.049672905548274186
L212C,633.0,705.0,-0.23005475608531611,0.05555527112814254
L212D,510.0,94.0,-2.825109589355879,0.11263270752994713
L212E,625.0,104.0,-2.9726272166827936,0.10631391831440594
L212F,618.0,773.0,-0.06261329125397541,0.054771852249757974
L212G,1036.0,1396.0,0.044801161070562756,0.04206879572885384
L212H,3063.0,904.0,-2.1460096266669866,0.038998376589031596
L212I,304.0,350.0,-0.18219282498159384,0.07895974535869926
L212K,455.0,147.0,-2.01545414464944,0.09533219248596356
L212M,753.0,870.0,-0.1771072268456111,0.05065205195037011
L212N,984.0,310.0,-2.0518284100729884,0.06580400375696134
L212P,1185.0,316.0,-2.2923273023614774,0.064004267319538
L212Q,1154.0,506.0,-1.5748881104557846,0.05413874606146117
L212R,651.0,159.0,-2.419032392587873,0.08895618045176713
L212S,345.0,385.0,-0.2272124469595962,0.07472627733369355
L212T,1068.0,1025.0,-0.44475735695374397,0.044722877120132315
L212V,678.0,652.0,-0.4418826467280139,0.055649240667032224
L212W,2063.0,820.0,-1.7165075921657529,0.042337225071711414
L212Y,389.0,455.0,-0.15937917581128858,0.0696892859687209
L212_,1544.0,262.0,-2.944458502281397,0.06747241730877569
L214A,528.0,191.0,-1.8523872693857726,0.08495555424304606
L214C,462.0,306.0,-0.9798154657710558,0.07430031666741264
L214D,914.0,145.0,-3.041527742934073,0.0898797571483721
L214E,277.0,66.0,-2.4546517413511912,0.1372858786372573
L214F,1214.0,865.0,-0.8744617753844652,0.04547512641097194
L214G,460.0,145.0,-2.0509830170918635,0.09569825806720209
L214H,564.0,141.0,-2.385393450650085,0.09461991604419603
L214I,741.0,777.0,-0.3170300322978088,0.05219874381338074
L214K,804.0,151.0,-2.798039542502633,0.08918552747937582
L214M,978.0,833.0,-0.6169855881766821,0.04807457636097622
L214N,940.0,286.0,-2.1020807008704923,0.06817928126870491
L214P,1296.0,257.0,-2.7196506369989004,0.06892541512582791
L214Q,654.0,194.0,-2.138651865238943,0.08228983395850273
L214R,980.0,171.0,-2.9041859661019123,0.0834039788063933
L214S,734.0,233.0,-2.040878032734031,0.07577766979868211
L214T,876.0,700.0,-0.7090419933609899,0.051558754637137286
L214V,796.0,749.0,-0.47327176113977654,0.05176462076841305
L214W,841.0,378.0,-1.5391687407669838,0.06263141258993193
L214Y,1165.0,405.0,-1.9097830900515413,0.05844357319114587
L214_,398.0,77.0,-2.755157163532158,0.12484406652216576
L218A,1064.0,709.0,-0.9711040155439381,0.04938089521618207
L218C,682.0,639.0,-0.4794245709444187,0.05585149573781139
L218D,704.0,124.0,-2.8906096455956494,0.0978392296831526
L218E,803.0,364.0,-1.5269100559329738,0.06388040746909422
L218F,1401.0,1113.0,-0.7174708848465046,0.04123651273652985
L218G,1295.0,847.0,-0.9979825171488148,0.04517779425320318
L218H,845.0,433.0,-1.3500382577950756,0.05984185920864049
L218I,1235.0,1597.0,-0.014619563347288533,0.03903965774954503
L218K,706.0,126.0,-2.8716205756840862,0.09716225252756817
L218M,1095.0,1014.0,-0.4963423513772405,0.04458286572438115
L218N,1070.0,460.0,-1.6033573371641952,0.056538934986104794
L218P,747.0,146.0,-2.740530561968276,0.09097104381836058
L218Q,580.0,665.0,-0.18817192531184812,0.05758523829796871
L218R,984.0,152.0,-3.079976928677353,0.08765260455433756
L218S,1429.0,996.0,-0.9062540663583101,0.04233208982225679
L218T,532.0,654.0,-0.0876108550341419,0.05913465314946018
L218V,738.0,895.0,-0.10720674942863262,0.050601539705287454
L218W,628.0,529.0,-0.6329627239320779,0.05975675230074959
L218Y,855.0,840.0,-0.41100497714255724,0.04947983085269515
L218_,757.0,142.0,-2.799790020095373,0.09192909666868392
L21A,317.0,204.0,-1.021358666069422,0.09024638388898712
L21C,442.0,282.0,-1.0338028746377725,0.0767891950699847
L21D,603.0,490.0,-0.684840921881138,0.061541340967250585
L21E,311.0,417.0,0.03765082539371534,0.07550873726829781
L21F,354.0,301.0,-0.6194488839198602,0.07896291791567693
L21G,429.0,345.0,-0.6998432844021947,0.07292207749748988
L21H,538.0,248.0,-1.5027048821457871,0.07732406915078381
L21I,506.0,745.0,0.17262370773476832,0.058367148892715576
L21K,354.0,82.0,-2.49538855764058,0.12290902555348251
L21M,563.0,573.0,-0.36007041687208563,0.06007954981739962
L21N,650.0,798.0,-0.08952527440573022,0.05366348551794365
L21P,2122.0,503.0,-2.4622426546663525,0.05047274551259854
L21Q,1718.0,738.0,-1.6044963503458285,0.045003096088452044
L21R,845.0,145.0,-2.9282862079353285,0.0903753769523923
L21S,825.0,466.0,-1.2095208791432759,0.058704326047880055
L21T,353.0,252.0,-0.8716982564195739,0.08300055496228148
L21V,365.0,386.0,-0.30476795316094396,0.07361027175828813
L21W,1015.0,605.0,-1.1319332339294785,0.052213905132078756
L21Y,324.0,313.0,-0.4352997774791696,0.07980805275232208
L21_,933.0,133.0,-3.195828015350071,0.09315710528091176
L224A,1102.0,287.0,-2.32643459254507,0.06693165631919162
L224C,678.0,593.0,-0.5787203049202887,0.057003783932866675
L224D,644.0,244.0,-1.785613003186974,0.0757573646295641
L224E,583.0,219.0,-1.797994070807401,0.07980885086677053
L224F,405.0,445.0,-0.24958996017583512,0.0693139959188947
L224G,880.0,172.0,-2.7404976641574113,0.08389386681783594
L224H,926.0,628.0,-0.945710427823089,0.05253996532257067
L224I,862.0,231.0,-2.2852194875449934,0.07468005732890975
L224K,553.0,89.0,-3.0207364224366664,0.11459141754293836
L224M,261.0,352.0,0.04604114618002342,0.08222112804493915
L224N,357.0,276.0,-0.7567141340448389,0.08069890830810739
L224P,1200.0,235.0,-2.7377225627139037,0.07194914278201882
L224Q,629.0,302.0,-1.44395681947859,0.07063400852671362
L224R,643.0,95.0,-3.144160087462347,0.11031141517850838
L224S,1096.0,267.0,-2.422765468325168,0.06888971763921205
L224T,556.0,300.0,-1.275570427060221,0.07224933015782561
L224V,710.0,175.0,-2.4058721710504107,0.0849152798287333
L224W,842.0,142.0,-2.953315029286884,0.09120091366169804
L224Y,272.0,250.0,-0.5071440755712349,0.08811577676065832
L224_,952.0,176.0,-2.8207895163168466,0.08258401287676088
L227A,576.0,309.0,-1.2839105180516146,0.0711367477110772
L227C,830.0,848.0,-0.354517626968053,0.04972173385217773
L227D,649.0,122.0,-2.796711497273497,0.09912150367638348
L227E,612.0,234.0,-1.772455230394776,0.07743059189505613
L227F,553.0,654.0,-0.1434630599767308,0.058528017662240174
L227G,1112.0,225.0,-2.6905789233162665,0.07370029911612072
L227H,507.0,172.0,-1.9449919487102783,0.08873656434532246
L227I,315.0,416.0,0.015750394044023786,0.07527619441836227
L227K,698.0,122.0,-2.901718494983042,0.09857438011211081
L227M,818.0,1166.0,0.12591959013598064,0.04656521447943028
L227N,482.0,183.0,-1.7826107817737542,0.08733294177026442
L227P,1754.0,202.0,-3.503628542408578,0.07489049902155043
L227Q,973.0,291.0,-2.1268560891330646,0.0674704481692068
L227R,903.0,200.0,-2.5601400177048195,0.07871068631267152
L227S,964.0,590.0,-1.0937788917148463,0.053107766323342596
L227T,845.0,581.0,-0.9258756062984492,0.054706246432288205
L227V,861.0,829.0,-0.4401106754600983,0.04955703221839227
L227W,419.0,313.0,-0.8062461128079939,0.07529660466401661
L227Y,1367.0,976.0,-0.8715261484465278,0.04294552234130017
L227_,2057.0,210.0,-3.6774890626481342,0.07304817042224429
L253A,931.0,1169.0,-0.05705148425570883,0.044919279529585056
L253C,1107.0,1368.0,-0.0800596646811007,0.04150346604812231
L253D,1301.0,224.0,-2.923467195497238,0.07294473732663842
L253E,1049.0,186.0,-2.8810465286366904,0.08010960921577696
L253F,1486.0,1426.0,-0.44492991194846576,0.03824153520542264
L253G,1413.0,1674.0,-0.14093371602586657,0.03732682347120256
L253H,1191.0,1425.0,-0.12668366938869813,0.04036815147011368
L253I,1371.0,1753.0,-0.030875054427836002,0.03725656134348812
L253K,592.0,300.0,-1.3660811420893095,0.071488443547791
L253M,704.0,824.0,-0.1584042621537156,0.05217496097600125
L253N,1012.0,882.0,-0.5838268142989191,0.047011926154080716
L253P,898.0,972.0,-0.2712305405736446,0.04722905911024964
L253Q,1286.0,847.0,-0.987921139868432,0.04523756419505961
L253R,1190.0,203.0,-2.936821183822725,0.07651411289857109
L253S,834.0,1033.0,-0.0767525533217075,0.04748985059249753
L253T,2593.0,1318.0,-1.3617366399363422,0.03510821071244332
L253V,402.0,557.0,0.08500165325970155,0.06611365134884432
L253W,684.0,801.0,-0.15766734964077145,0.05290184754872497
L253Y,1235.0,1432.0,-0.17195134259746592,0.03995302075612785
L253_,619.0,104.0,-2.9587106600899302,0.10638683007770976
L269A,820.0,825.0,-0.3767000833469343,0.050197793995495926
L269C,600.0,826.0,0.0757025157959017,0.05445633723103972
L269D,1062.0,1270.0,-0.127427680367604,0.04262887252820437
L269E,1056.0,1459.0,0.08089608860441633,0.04147977423127125
L269F,1009.0,1064.0,-0.3088989490467471,0.044934685100249346
L269G,830.0,880.0,-0.3010789866508192,0.04928864132399627
L269H,912.0,998.0,-0.2554655583222347,0.04676203430303354
L269I,389.0,578.0,0.18581702427434443,0.06624889853775538
L269K,1299.0,674.0,-1.3320408219551378,0.04839100335687791
L269M,891.0,1202.0,0.04646518347462969,0.04519376475205351
L269N,963.0,681.0,-0.8853449825634732,0.05094146359957523
L269P,1482.0,2023.0,0.06347808260007293,0.03545824147162683
L269Q,1102.0,1420.0,-0.01970641228441572,0.04122945371479854
L269R,765.0,452.0,-1.1445941024680826,0.06006436188871112
L269S,1359.0,1528.0,-0.2163722732061757,0.03845114323493743
L269T,1159.0,1633.0,0.10917042510798236,0.039539677863901015
L269V,702.0,1039.0,0.1801758665402442,0.049750883971666104
L269W,951.0,828.0,-0.5852825061750186,0.04845042017841739
L269Y,1103.0,884.0,-0.7047814622373885,0.046108932931295143
L269_,867.0,113.0,-3.325068380659876,0.10045087534658019
L26A,441.0,456.0,-0.33721609383951723,0.06744383828616761
L26C,461.0,513.0,-0.23128128329650366,0.06485865218947955
L26D,500.0,162.0,-2.0113442692354306,0.09088802544838642
L26E,654.0,707.0,-0.27305226069771305,0.05506042533669455
L26F,575.0,866.0,0.20532645161790608,0.054608020890484964
L26G,698.0,835.0,-0.12692441634873042,0.052138751024228505
L26H,805.0,481.0,-1.1284100037966542,0.0583900173816305
L26I,326.0,408.0,-0.06178189263732925,0.07487673584172633
L26K,922.0,164.0,-2.8764688029967216,0.08526424109634956
L26M,763.0,1195.0,0.26177863433031767,0.04728241293070246
L26N,903.0,605.0,-0.9632531622643743,0.053371222294502745
L26P,661.0,135.0,-2.6770760142430294,0.09491000920393879
L26Q,401.0,419.0,-0.3221237246343627,0.07048755892905458
L26R,537.0,71.0,-3.304325028230279,0.12662109217225626
L26S,287.0,267.0,-0.4896774160686208,0.0855429244235405
L26T,384.0,517.0,0.0435781184096351,0.06801846878096399
L26V,616.0,759.0,-0.0843050640954095,0.055036993444317665
L26W,349.0,176.0,-1.3730811623130377,0.0929244718176293
L26Y,272.0,446.0,0.3279461800992802,0.07750259545816822
L26_,712.0,114.0,-3.0282073189304226,0.10131065965469227
L276A,1035.0,1441.0,0.09196545415446966,0.04181323509332251
L276C,1239.0,1381.0,-0.22893425150598556,0.04024199777694832
L276D,1679.0,376.0,-2.544238073126803,0.05782134106763462
L276E,1045.0,511.0,-1.4175635055019384,0.05479098637070841
L276F,566.0,562.0,-0.395701927542202,0.06028511994210275
L276G,552.0,737.0,0.031519605532492,0.05706671320955575
L276H,1574.0,854.0,-1.2675900247069123,0.04352563766142729
L276I,1068.0,462.0,-1.59439935810797,0.056471150286460624
L276K,920.0,436.0,-1.4627585049403367,0.05889554112045287
L276M,1494.0,1520.0,-0.36057917598238065,0.037622395593039565
L276N,771.0,702.0,-0.520728176768646,0.05300656422130469
L276P,1057.0,172.0,-3.004894866741896,0.08275200909733804
L276Q,1072.0,673.0,-1.0570887034904528,0.05006899061187939
L276R,1376.0,212.0,-3.08375692110182,0.0743754813555105
L276S,975.0,1475.0,0.21176562830681434,0.04232973766265754
L276T,871.0,440.0,-1.3706231568376008,0.05923666722818002
L276V,1239.0,373.0,-2.1173718045799985,0.05980137072387656
L276W,1243.0,512.0,-1.6650641965471138,0.0533460428683488
L276Y,1592.0,557.0,-1.9005444507413563,0.050116377978400864
L276_,1114.0,191.0,-2.9295122943821053,0.07887458831867165
L283A,569.0,522.0,-0.5098467492108432,0.06132964332441974
L283C,2300.0,2184.0,-0.46013085810059984,0.031318824349268144
L283D,1004.0,388.0,-1.7570780851284944,0.06051011368642844
L283E,801.0,267.0,-1.9703966656190977,0.07128686153126927
L283F,812.0,806.0,-0.3961699427435734,0.050600454564363205
L283G,1125.0,917.0,-0.6803986400703224,0.045470829280565575
L283H,1572.0,366.0,-2.4881256103825553,0.058792080551840036
L283I,1523.0,517.0,-1.9441315103498198,0.05175913205073014
L283K,913.0,212.0,-2.4919685333313213,0.07681309509316045
L283M,988.0,1010.0,-0.353698158356166,0.045721323150460375
L283N,1435.0,1468.0,-0.3526691810659819,0.038291881698604244
L283P,1403.0,299.0,-2.6157298387980794,0.06438429720911734
L283Q,1455.0,518.0,-1.8754474008646866,0.0520188412166652
L283R,1341.0,230.0,-2.929021691111108,0.07198304197817432
L283S,977.0,1058.0,-0.2705621567126517,0.04535323920753493
L283T,749.0,678.0,-0.5291486146254796,0.05383507071071367
L283V,979.0,426.0,-1.5859064863810506,0.05879640671846081
L283W,1673.0,372.0,-2.5545029470489884,0.05808648310563692
L283Y,1042.0,312.0,-2.1251751356536364,0.06521444508004968
L283_,1469.0,166.0,-3.5309723497332652,0.0824177089523632
L285A,907.0,1181.0,-0.0046393677950717915,0.04513835660238233
L285C,898.0,1160.0,-0.016136359657106247,0.045429611030148566
L285D,1089.0,1171.0,-0.28073399224567286,0.043132859453486265
L285E,1357.0,1604.0,-0.14421840244492357,0.03806003722962429
L285F,1069.0,1323.0,-0.0779215687861683,0.04218426020240598
L285G,1134.0,1585.0,0.09758839376372741,0.040011897778017794
L285H,2005.0,2186.0,-0.260779617797795,0.032317483774820924
L285I,1053.0,1243.0,-0.1461514205520409,0.04292286143389599
L285K,1294.0,577.0,-1.5506507255985684,0.05093209647111609
L285M,1095.0,1657.0,0.21216807779193525,0.04006176490913502
L285N,567.0,703.0,-0.07529915451705627,0.057221559548210725
L285P,836.0,1172.0,0.10192258861237846,0.04623426932742681
L285Q,1011.0,1402.0,0.08622918607844454,0.04231531936782876
L285R,1135.0,438.0,-1.7591394819703092,0.05702908979983204
L285S,598.0,822.0,0.07351614893134606,0.054561504109288526
L285T,951.0,1063.0,-0.22484743403553065,0.045611985874549156
L285V,628.0,981.0,0.25801012460943795,0.051960596725148155
L285W,1240.0,1635.0,0.013477517969972652,0.038810782555025576
L285Y,826.0,916.0,-0.23626608574515995,0.04889319905684129
L285_,1814.0,165.0,-3.8440272323086786,0.0818518071245739
L286A,1774.0,1986.0,-0.22261144123023469,0.03399163862855055
L286C,1139.0,1293.0,-0.2025171668282244,0.041708024646443784
L286D,2003.0,888.0,-1.55899198198814,0.04139537117080781
L286E,1011.0,1168.0,-0.17721482749143558,0.04397137287304974
L286F,956.0,1011.0,-0.30477053338768645,0.04607969988967655
L286G,1193.0,446.0,-1.804928360012232,0.05628972210891363
L286H,654.0,218.0,-1.9703885693025383,0.07876667340932614
L286I,1021.0,1267.0,-0.07403927157403256,0.043091725062627886
L286K,749.0,114.0,-3.1012947954817207,0.10096767187084228
L286M,1153.0,1613.0,0.09888017082351297,0.039692175603900454
L286N,825.0,462.0,-1.2219577143429374,0.05886235226042956
L286P,990.0,180.0,-2.844836230089302,0.08156931050817787
L286Q,1008.0,662.0,-0.9920552226072754,0.05090009360781408
L286R,1502.0,267.0,-2.877398924791129,0.06707583239070414
L286S,1025.0,542.0,-1.3047167966463329,0.05393328588931046
L286T,1022.0,1182.0,-0.17563725793730622,0.04373437111991454
L286V,1329.0,1388.0,-0.32280418447780246,0.039510889250843124
L286W,1434.0,400.0,-2.227417298948405,0.0573192584324857
L286Y,1206.0,930.0,-0.7603939220806586,0.044639135913225665
L286_,1346.0,225.0,-2.966098289733449,0.07263193603492248
L30A,409.0,155.0,-1.7852450132032436,0.09478575511514209
L30C,520.0,594.0,-0.19352233485208004,0.06078427397468125
L30D,669.0,107.0,-3.0297523403619584,0.10453650884848747
L30E,1430.0,280.0,-2.7379451659058134,0.0660212959049844
L30F,187.0,164.0,-0.5748018224929199,0.10739046282272294
L30G,592.0,117.0,-2.724459900035791,0.10160538091483708
L30H,949.0,169.0,-2.874784865226493,0.08401639132521779
L30I,727.0,737.0,-0.36576120042795957,0.05310880595568551
L30K,588.0,109.0,-2.816850390555235,0.10470117646034474
L30M,1390.0,1319.0,-0.46110994601699096,0.039569916976074045
L30N,1063.0,238.0,-2.54453126026017,0.07232180680816024
L30P,1230.0,188.0,-3.0952589270188193,0.07886749784903636
L30Q,475.0,76.0,-3.0291669325215675,0.12389349126997762
L30R,308.0,56.0,-2.8446910438565807,0.14556379071030784
L30S,881.0,334.0,-1.7847372845374823,0.06493995621003708
L30T,604.0,414.0,-0.9303770063686869,0.06449199176275029
L30V,1365.0,847.0,-1.0739307990786044,0.044737385371521034
L30W,1097.0,673.0,-1.0903470167391545,0.049856247555851115
L30Y,622.0,257.0,-1.6605834666492303,0.07474493334245003
L30_,641.0,93.0,-3.170359308465308,0.11135432114265698
L331A,984.0,1264.0,-0.02420719128778348,0.043538459955448236
L331C,1071.0,1455.0,0.056586931615489,0.04134239079609758
L331D,459.0,87.0,-2.784742647347186,0.11730195351819973
L331E,888.0,144.0,-3.009877114051652,0.0903232547487291
L331F,1066.0,1206.0,-0.20744928827096576,0.043075198243821014
L331G,1067.0,260.0,-2.422404867916164,0.0697955510116767
L331H,1590.0,352.0,-2.560817706333822,0.059648721080525574
L331I,1459.0,1462.0,-0.3825067786024503,0.03817853834720916
L331K,624.0,141.0,-2.5312418575685802,0.09371471989059318
L331M,879.0,1022.0,-0.16801235705113537,0.046950209492354525
L331N,1560.0,323.0,-2.6573747286280565,0.06184751891015788
L331P,2529.0,373.0,-3.146756714717301,0.05625406292722264
L331Q,1670.0,410.0,-2.4115959258143693,0.05591044975470067
L331R,601.0,119.0,-2.7217763786755516,0.10077070875906968
L331S,1221.0,465.0,-1.7782115556082445,0.055296475272880036
L331T,1003.0,872.0,-0.5873895913361453,0.04724393666416302
L331V,1414.0,1975.0,0.09659744866318754,0.03607977004029873
L331W,963.0,744.0,-0.7576989533291147,0.04970607056540297
L331Y,1628.0,645.0,-1.7211863148465958,0.04746393452275527
L331_,1298.0,195.0,-3.1201516728430114,0.07737290821077428
L33A,2011.0,747.0,-1.814190980805646,0.043865104736026034
L33C,599.0,562.0,-0.4774544732706687,0.0594723772900018
L33D,730.0,526.0,-0.858296186230441,0.05795829077308588
L33E,252.0,206.0,-0.6762367992905913,0.09439515070964793
L33F,329.0,274.0,-0.6493730752251334,0.08232337344930611
L33G,481.0,555.0,-0.1790233079562462,0.06299954661569818
L33H,932.0,1026.0,-0.2468427335846748,0.046214866762028815
L33I,672.0,678.0,-0.3726463359745047,0.05523759836355953
L33K,760.0,794.0,-0.32233141039089563,0.05160830186871752
L33M,279.0,418.0,0.19775043915466028,0.0778755601779334
L33N,783.0,984.0,-0.055827941944314396,0.048801510338162
L33P,581.0,100.0,-2.923888918711583,0.10866625764690552
L33Q,1211.0,1413.0,-0.16290928879181,0.04027009767289868
L33R,830.0,848.0,-0.354517626968053,0.04972173385217773
L33S,373.0,336.0,-0.5361803247423893,0.07579716257392352
L33T,400.0,382.0,-0.45189584861921706,0.07215181702870316
L33V,811.0,1048.0,-0.015609311896441547,0.047701514296428695
L33W,572.0,225.0,-1.731521435274022,0.07925075889979367
L33Y,500.0,197.0,-1.7291582737724536,0.08464076531175319
L33_,587.0,117.0,-2.7122234350930032,0.10167615878998848
L345A,2051.0,2145.0,-0.3208203386925992,0.032279678358608496
L345C,1503.0,1763.0,-0.15528413652116946,0.03634223443931467
L345D,1514.0,819.0,-1.27189194847268,0.04438128671568027
L345E,939.0,876.0,-0.48566336945437794,0.0479030849111213
L345F,1114.0,1324.0,-0.13631835095808142,0.0417271373768082
L345G,825.0,1023.0,-0.0751334503192087,0.04772660421669139
L345H,1672.0,1006.0,-1.118409016321325,0.040991744663506975
L345I,660.0,825.0,-0.06354646320279489,0.053060811880983064
L345K,1275.0,604.0,-1.4633344084968511,0.05028045327357688
L345M,799.0,857.0,-0.2843717071578009,0.050066066337920476
L345N,661.0,721.0,-0.26012301489335155,0.05466255035684688
L345P,1569.0,1794.0,-0.19213680160726154,0.035818566977106094
L345Q,972.0,969.0,-0.38992978858564964,0.046357219211654706
L345R,926.0,607.0,-0.994777675694527,0.053061623999197595
L345S,784.0,960.0,-0.09329280846333887,0.04904451477995769
L345T,761.0,876.0,-0.18243825898186206,0.05043607179878007
L345V,1565.0,2049.0,0.0032849633296598846,0.034860131923249896
L345W,1142.0,1183.0,-0.33458320119795193,0.04253428200849341
L345Y,1226.0,2312.0,0.5297067050319746,0.036556706523616235
L345_,1587.0,264.0,-2.973116923996235,0.06712723548761647
L350A,406.0,584.0,0.13900762489592378,0.06529554079831344
L350D,856.0,503.0,-1.1525107552329672,0.05696013849799895
L350E,930.0,850.0,-0.5152366013004528,0.0483728093225513
L350F,1291.0,1695.0,0.007323422843556138,0.03811520744176527
L350G,2563.0,2125.0,-0.6558396635087282,0.03080530716452319
L350H,988.0,534.0,-1.2731290718382695,0.05452498777399256
L350I,1391.0,1801.0,-0.012796786084782408,0.03691017168194373
L350K,1093.0,866.0,-0.7213211974371978,0.04645256148683188
L350M,913.0,1147.0,-0.056294783995048725,0.04533569140171357
L350N,1020.0,785.0,-0.763270545262464,0.048399032499063445
L350P,1014.0,461.0,-1.522672116048355,0.05695216054645878
L350Q,522.0,439.0,-0.635293828113964,0.0654350000624271
L350R,749.0,756.0,-0.37204984893022264,0.052402711425708216
L350S,1233.0,1415.0,-0.18684243798382827,0.040074267253028456
L350T,754.0,955.0,-0.044538003776511736,0.049614176308486455
L350V,2373.0,1745.0,-0.8289530624861929,0.032904149018937
L350W,1160.0,1322.0,-0.19687433889466455,0.0413122275249066
L350Y,912.0,937.0,-0.34645538491336314,0.047454381815427805
L350_,954.0,152.0,-3.0353083403934242,0.0878347100647266
L35A,1547.0,1358.0,-0.5734586056448716,0.038353546304229415
L35C,984.0,882.0,-0.5433481505949009,0.04731002544114133
L35D,915.0,474.0,-1.3343402014093408,0.05736513787498281
L35E,759.0,413.0,-1.2634123663968095,0.06186250283713421
L35F,223.0,254.0,-0.19769329498982913,0.09224517012040788
L35G,399.0,252.0,-1.0484141077190676,0.08100934535629656
L35H,505.0,360.0,-0.8737451612862204,0.06961374941097197
L35I,796.0,567.0,-0.8748825620111438,0.05575049443111665
L35K,971.0,858.0,-0.5639618774876318,0.04778658568983021
L35M,1306.0,1729.0,0.01931008319873584,0.03784535974761808
L35N,468.0,246.0,-1.313292582130643,0.07930823772527854
L35P,80.0,18.0,-2.536852330712425,0.2609815335794055
L35Q,730.0,559.0,-0.7705123218140058,0.056981889156806055
L35R,97.0,100.0,-0.3415313002493985,0.14281257096891453
L35S,512.0,256.0,-1.385442009534592,0.07711938116149464
L35T,310.0,73.0,-2.471618954617311,0.1304249628902372
L35V,1174.0,546.0,-1.4899156044544979,0.05264470028431972
L35W,976.0,759.0,-0.7482472224152108,0.04929807342375552
L35Y,299.0,305.0,-0.35680737725655565,0.08192170324486674
L35_,511.0,66.0,-3.3380652068296826,0.1311272029779614
L367A,1184.0,1590.0,0.039884386848457964,0.03951871711277655
L367C,985.0,1377.0,0.09785857391892083,0.04277433736633852
L367D,1402.0,252.0,-2.861413938417496,0.06906209421460759
L367E,790.0,370.0,-1.4797768395107767,0.06369184484286428
L367F,1674.0,2205.0,0.012006866143533301,0.033750486781363845
L367G,1103.0,1579.0,0.13210425097917788,0.040350129927848755
L367H,854.0,1091.0,-0.03213072938717598,0.04664486078625366
L367I,943.0,1265.0,0.038333628306868484,0.04403585363709673
L367K,1483.0,561.0,-1.7879001201198141,0.050448175250745575
L367M,1987.0,2282.0,-0.18576420590858644,0.03208883892660659
L367N,1290.0,1651.0,-0.02950357709921736,0.03832874011217979
L367P,1054.0,368.0,-1.9035418665336836,0.061272259179905614
L367Q,1664.0,1832.0,-0.24670691145558932,0.03514286776412916
L367R,1417.0,205.0,-3.174553937405926,0.0753109343927714
L367S,1681.0,2183.0,-0.00847975417101754,0.033781329800626536
L367T,1466.0,1978.0,0.04668458896948602,0.035719698809414224
L367V,1779.0,2420.0,0.05846820252414453,0.03261206063862005
L367W,888.0,1024.0,-0.17988821042105574,0.04680684871798446
L367Y,912.0,731.0,-0.7046286877214865,0.05052389757891556
L367_,1369.0,263.0,-2.765413612304764,0.06797651310570241
L374A,1871.0,2507.0,0.03668029509945425,0.031961960234279226
L374C,1504.0,1988.0,0.017040668181736773,0.03544177554098855
L374D,1330.0,1444.0,-0.2668265462100621,0.039148495561846804
L374E,1509.0,1948.0,-0.01707146934957171,0.03555622587123608
L374F,1171.0,1399.0,-0.12881730753356457,0.040705890544660284
L374G,1051.0,1378.0,0.005339775028316396,0.042016241509365254
L374H,1883.0,2517.0,0.03320010032928744,0.03188379050187008
L374I,762.0,1004.0,0.012421616630235555,0.04895446282762001
L374K,1148.0,1505.0,0.0051676776312330475,0.04029559086094009
L374M,1099.0,1595.0,0.1518907691543152,0.04031227882073298
L374N,422.0,603.0,0.12943455525756864,0.06415741628588024
L374P,1204.0,583.0,-1.4317250265296515,0.05132259745926483
L374Q,1951.0,1517.0,-0.7484607631801428,0.0354959314608268
L374R,1026.0,1389.0,0.051542007277050494,0.042223231404682544
L374S,960.0,1397.0,0.1557508225163584,0.04296143601524566
L374T,1150.0,1549.0,0.044229865180216876,0.04004180264866059
L374V,2102.0,2650.0,-0.05124191527236466,0.030680724815039664
L374W,1499.0,1886.0,-0.05414286849424732,0.03585444907307181
L374Y,1041.0,1314.0,-0.049477858626592486,0.04254232551883062
L374_,2158.0,354.0,-2.993309717548392,0.05810665643694797
L383A,943.0,1126.0,-0.1295955213433002,0.04513026036520571
L383C,1545.0,2032.0,0.009821139691749803,0.0350368840356048
L383D,1037.0,1449.0,0.09716755871827853,0.04174508230048307
L383E,1194.0,1542.0,-0.016472984550198966,0.03967660302450183
L383F,1157.0,1374.0,-0.1374790159307615,0.04099156236048223
L383G,1862.0,2366.0,-0.03987483603919495,0.032371611098116176
L383H,1247.0,1366.0,-0.2539751757480708,0.04027644385644659
L383I,464.0,572.0,-0.08358571520548796,0.06317880840081583
L383K,13.0,13.0,-0.3854701863466179,0.3921939778898101
L383M,656.0,864.0,0.011860016826576114,0.05263055858656446
L383N,1155.0,1694.0,0.16706686234459234,0.03929787953616928
L383P,1640.0,2001.0,-0.09844642098823009,0.03460801476387659
L383Q,1569.0,1974.0,-0.05419543535908522,0.03510188446757863
L383R,712.0,958.0,0.042673025363249906,0.05036387371249381
L383S,1630.0,2057.0,-0.049802194231895136,0.034465204996607914
L383T,929.0,1148.0,-0.08010100854310398,0.04511875340158763
L383V,1086.0,1376.0,-0.04401661920820832,0.04166239812637925
L383W,1369.0,1712.0,-0.06291204254541416,0.03745368167230348
L383Y,647.0,856.0,0.01836945382672628,0.052933887977919716
L383_,1292.0,1658.0,-0.025634714480488263,0.038279696542884385
L40A,1440.0,739.0,-1.347883225082637,0.04621488897596484
L40C,803.0,298.0,-1.815527397831243,0.06847715879979949
L40D,995.0,396.0,-1.7146443498398423,0.060153291362353346
L40E,548.0,213.0,-1.7487512448213076,0.08128723254259602
L40F,1261.0,1254.0,-0.39350105000874214,0.04097159514068801
L40G,1010.0,218.0,-2.5973735460936647,0.0752678512971092
L40H,644.0,337.0,-1.319761875895641,0.06788414100109558
L40I,972.0,441.0,-1.5256299730577414,0.058176738971322875
L40K,699.0,118.0,-2.951874164515324,0.09996333090048849
L40M,5.0,0.0,-9.354136979541826,10.009979471161872
L40N,1136.0,584.0,-1.345380743224971,0.05177632728446173
L40P,837.0,179.0,-2.610674862792556,0.08288077962507341
L40Q,659.0,457.0,-0.9135448098423602,0.061593654401489735
L40R,821.0,152.0,-2.8187037459606223,0.08879606529107656
L40S,1589.0,394.0,-2.397294239313404,0.05705737453202997
L40T,883.0,364.0,-1.6639218783313297,0.06299112604180987
L40V,1690.0,787.0,-1.4880480971808092,0.04416513375051117
L40W,68.0,47.0,-0.918249397614824,0.18990525135564096
L40Y,1003.0,918.0,-0.5132244017256413,0.046631818154402184
L40_,988.0,149.0,-3.114586677650257,0.08838161109434363
L42A,592.0,884.0,0.1929709577603651,0.05393129201063038
L42C,855.0,1020.0,-0.1309000887888585,0.04730934567473092
L42D,393.0,406.0,-0.338520946827483,0.07138398082664794
L42E,522.0,715.0,0.06841578858986264,0.058330683439054565
L42F,243.0,287.0,-0.14538486497726755,0.08767822323275641
L42G,1112.0,1510.0,0.05591815556454183,0.040616923041169525
L42H,836.0,768.0,-0.507865289751467,0.0508570447325482
L42I,655.0,863.0,0.01239015780820818,0.05266539710825791
L42K,654.0,743.0,-0.20140125366460992,0.05443454962717453
L42M,778.0,969.0,-0.06874733101972197,0.049046164944266335
L42N,591.0,682.0,-0.17885983464591426,0.0569779570268521
L42P,678.0,293.0,-1.5958268356933472,0.07054056976295349
L42Q,966.0,1170.0,-0.10905935469144534,0.04447577092842125
L42R,587.0,800.0,0.06116276667440701,0.05515204026682079
L42S,711.0,914.0,-0.023130087511471942,0.050879707074395736
L42T,1554.0,2114.0,0.058516227370065454,0.03470944886822452
L42V,561.0,703.0,-0.05995146231095472,0.057386139199259216
L42W,509.0,640.0,-0.05506973903658974,0.06012726677838777
L42Y,512.0,583.0,-0.19812154466510812,0.061290602689207406
L42_,354.0,73.0,-2.663094315148558,0.12887880938800284
L43A,58.0,80.0,0.07840851993955944,0.17269933278781183
L43C,689.0,725.0,-0.31199421386206794,0.05402650964276917
L43D,701.0,230.0,-1.9932086252866972,0.07656608199455785
L43E,854.0,590.0,-0.9189837427524532,0.05435115161864995
L43F,804.0,887.0,-0.24373326229066095,0.049591968195708186
L43G,682.0,513.0,-0.7962761310586286,0.059192470640460106
L43H,525.0,351.0,-0.9663029564020489,0.06958348932258754
L43I,951.0,546.0,-1.186003323758296,0.05450868390377159
L43K,1074.0,292.0,-2.2643879317857802,0.06666217039262465
L43M,322.0,406.0,-0.05106041685116658,0.075211048519666
L43N,809.0,646.0,-0.7100712244707541,0.05359344173263636
L43P,339.0,61.0,-2.859680380668216,0.13938700006229762
L43Q,430.0,466.0,-0.2694794831502634,0.06752494864961493
L43R,1357.0,230.0,-2.946133047777765,0.07192194368506367
L43S,1407.0,1324.0,-0.4731887499885179,0.03942363486619139
L43T,639.0,563.0,-0.5681481475175376,0.0585602493306598
L43V,141.0,45.0,-2.0329501943036563,0.17145610327743036
L43W,204.0,91.0,-1.5500130775249295,0.12640308034561304
L43Y,860.0,349.0,-1.6865552477780614,0.06415792445219591
L43_,852.0,156.0,-2.8347020431638743,0.08758855716379846
L49A,437.0,668.0,0.22673322045756095,0.0622372510086138
L49C,382.0,477.0,-0.0650610799063962,0.06929891274876611
L49D,256.0,39.0,-3.099754447271155,0.17213008104742838
L49E,1225.0,655.0,-1.2886748751556913,0.04930749227662326
L49F,845.0,907.0,-0.28332014405861816,0.04872531480968032
L49G,688.0,756.0,-0.24949440293838876,0.0535202368387664
L49H,495.0,777.0,0.2650053094184148,0.058269722937780474
L49I,651.0,747.0,-0.18702233470960028,0.05443307412430474
L49K,826.0,799.0,-0.43341587462867626,0.05050151054076027
L49M,606.0,569.0,-0.4763577794665892,0.0591252130925942
L49N,958.0,1133.0,-0.1434222122798232,0.044884851143688634
L49P,1020.0,203.0,-2.7144307830491723,0.0774239171384367
L49Q,1975.0,2090.0,-0.3038202992661527,0.032756798368320766
L49R,550.0,71.0,-3.3388339236580604,0.12644717089776478
L49S,815.0,992.0,-0.10193328352574582,0.04820008136151467
L49T,283.0,391.0,0.08088228750571069,0.07860749375954981
L49V,635.0,845.0,0.026718916948419213,0.05335176638644442
L49W,685.0,744.0,-0.2662732232421554,0.05377839099617965
L49Y,509.0,627.0,-0.08467573374902049,0.0603960554930658
L49_,70.0,9.0,-3.343432181824351,0.35406168923329373
L61A,1119.0,1321.0,-0.1460517275427673,0.04169961969184656
L61C,568.0,710.0,-0.06354717129088083,0.05707169115291755
L61D,414.0,370.0,-0.5475715393841174,0.07215431332731481
L61E,472.0,525.0,-0.23194270876026035,0.06412128730292647
L61G,276.0,342.0,-0.07615221540260642,0.0814565094316951
L61H,447.0,497.0,-0.2325024128862756,0.06585843187174772
L61I,787.0,898.0,-0.19512064301573329,0.04972343420998625
L61K,458.0,319.0,-0.907247635385513,0.07352734928375787
L61M,550.0,719.0,0.0010838002602513441,0.05742094287292945
L61N,347.0,476.0,0.07054445715715474,0.07120935481505788
L61P,1001.0,418.0,-1.6453172117450245,0.058987227124315
L61Q,344.0,384.0,-0.22677680883315432,0.07482784088818088
L61R,144.0,213.0,0.17928197933148748,0.1082903143407272
L61S,647.0,748.0,-0.17620063926443574,0.05450381975331538
L61T,1532.0,1821.0,-0.13615705581242965,0.03591793056769168
L61V,425.0,487.0,-0.18901557683164683,0.06704063260836429
L61W,648.0,827.0,-0.0335814888841135,0.05329705397500643
L61Y,657.0,799.0,-0.10317195625714515,0.053495890675093374
L61_,894.0,126.0,-3.212222926405162,0.09561719774525629
L65A,1084.0,1441.0,0.025232095269013932,0.041287687075508284
L65C,1071.0,1512.0,0.11202554424747024,0.04102784498573878
L65D,634.0,525.0,-0.6576308795515375,0.05975117146514605
L65E,916.0,902.0,-0.40769010673494765,0.04783869748319208
L65F,858.0,1205.0,0.10450856526490604,0.045646148713941945
L65G,838.0,953.0,-0.19994629358607696,0.04827861632441834
L65H,897.0,1060.0,-0.14458828501604604,0.046329437498743006
L65I,1126.0,1562.0,0.08671386337933651,0.040205808359665515
L65K,172.0,219.0,-0.03696588164608805,0.10231242211384739
L65M,864.0,1167.0,0.04822682180702831,0.04585301927886989
L65N,957.0,983.0,-0.3467980932211816,0.04637261572079186
L65P,761.0,601.0,-0.7259966021898601,0.05537258964694156
L65Q,527.0,514.0,-0.4215040964238277,0.06269927688546409
L65R,1278.0,1294.0,-0.3675205448820109,0.0405397672008155
L65S,665.0,659.0,-0.3985458642066213,0.05576180701375597
L65T,93.0,105.0,-0.21040120696261777,0.1426977552483563
L65V,144.0,160.0,-0.23347711095621637,0.11524663250242037
L65W,686.0,858.0,-0.06270533087702734,0.0520711720513564
L65Y,927.0,1214.0,0.0036533120794075558,0.044616904166968535
L65_,796.0,117.0,-3.151624909503364,0.09945229207807556
L69A,684.0,918.0,0.03902226584936841,0.051376009593800995
L69C,1080.0,1504.0,0.09229930240996698,0.04097586152507909
L69D,442.0,583.0,0.013971433515739484,0.06376396613921388
L69E,496.0,652.0,0.009054698252094262,0.060316016713626366
L69F,624.0,834.0,0.033025346706200054,0.05375666926363088
L69G,966.0,1316.0,0.06059023658550178,0.043396696825844475
L69H,478.0,567.0,-0.1391368068414458,0.06280014687793417
L69I,580.0,641.0,-0.24120109681345525,0.05807203241535148
L69K,1060.0,1198.0,-0.20890811079547333,0.043200921040339256
L69M,590.0,892.0,0.210850290693946,0.053890304057802846
L69N,572.0,722.0,-0.04949173617124458,0.05675789136274765
L69P,528.0,681.0,-0.01835945641030534,0.05874117314230494
L69Q,679.0,825.0,-0.10449140154472314,0.05265979072460339
L69R,821.0,810.0,-0.40493026171766555,0.05040614347092091
L69S,743.0,928.0,-0.0647114625886811,0.050116526017765985
L69T,1068.0,1481.0,0.08618604026196408,0.04122802914273041
L69V,910.0,1106.0,-0.10406006070252971,0.045730237908097916
L69W,2088.0,4383.0,0.684323162731729,0.028200945019130483
L69Y,616.0,813.0,0.014849140066888644,0.054236169851716365
L69_,1174.0,206.0,-2.896128608895207,0.07611917941228431
L75A,366.0,356.0,-0.4254354864506329,0.07502859674012591
L75C,877.0,321.0,-1.835445238847102,0.0659061475455029
L75D,595.0,413.0,-0.9122073882337869,0.06473104032727905
L75E,715.0,576.0,-0.6973397474104894,0.05677039270361472
L75F,502.0,420.0,-0.6427626118170586,0.06679148570918453
L75G,461.0,441.0,-0.44945686197992973,0.06726728254587527
L75H,450.0,308.0,-0.9324500564146403,0.07454552538954072
L75I,472.0,593.0,-0.0562311778639053,0.06239492018547692
L75K,380.0,114.0,-2.1223471990258966,0.1071955446859957
L75M,539.0,506.0,-0.476616328820314,0.06260761420886929
L75N,764.0,504.0,-0.9856093495841804,0.05814796374575575
L75P,394.0,282.0,-0.8679561110733811,0.07856331762027786
L75Q,563.0,480.0,-0.6155662718910921,0.06283050211771445
L75R,467.0,116.0,-2.394674458523715,0.1041606595912753
L75S,287.0,285.0,-0.39555865122379963,0.08414905023262816
L75T,397.0,418.0,-0.3111080770538974,0.070705941658725
L75V,628.0,543.0,-0.5952789513771517,0.05934755868865896
L75W,488.0,561.0,-0.18435441016083765,0.06260872492637701
L75Y,322.0,386.0,-0.12393745565620407,0.0760546826834024
L75_,1071.0,189.0,-2.887907666303221,0.07945211221480218
L77A,346.0,364.0,-0.3123058356358488,0.07566691374725681
L77C,419.0,540.0,-0.019468738119355677,0.06577697259522745
L77D,611.0,754.0,-0.08208252097398727,0.05523668582913723
L77E,479.0,516.0,-0.2781269363042371,0.06413891725666261
L77F,386.0,509.0,0.013585590861477925,0.0681426377893677
L77G,610.0,825.0,0.05010852689842693,0.054218434015106044
L77H,1385.0,1176.0,-0.6214662512170772,0.04075001879456024
L77I,217.0,180.0,-0.6551546570738305,0.10124990956270405
L77K,620.0,154.0,-2.394737641558468,0.09052169218020042
L77M,410.0,458.0,-0.2257501854620907,0.06863335941173475
L77N,648.0,696.0,-0.2823782287949719,0.055390989401810316
L77P,500.0,332.0,-0.976200439258581,0.07141520952045434
L77Q,850.0,996.0,-0.15678977326934174,0.047630635208164504
L77R,904.0,171.0,-2.7877282271393407,0.08391667524054958
L77S,1007.0,2014.0,0.6145226503748527,0.0397212202891104
L77T,703.0,868.0,-0.08130373399166935,0.05160164737333504
L77V,889.0,807.0,-0.5250832829468033,0.04951972775155692
L77W,417.0,482.0,-0.1764890890279771,0.06753432061795045
L77Y,1094.0,1298.0,-0.13879461370920865,0.04210336323077869
L77_,621.0,96.0,-3.078830102556247,0.11006396511495137
L8A,646.0,740.0,-0.18948191734474662,0.05465813226590062
L8C,980.0,979.0,-0.3869430607084894,0.046152491331261
L8D,245.0,187.0,-0.7751954023670322,0.09755505303216015
L8E,226.0,214.0,-0.4641785829311216,0.09584089163152963
L8F,53.0,15.0,-2.2058107499987027,0.29253176190819413
L8G,673.0,897.0,0.02902594081245269,0.051854522225817844
L8H,631.0,456.0,-0.8540675929108259,0.06217644234898554
L8I,557.0,530.0,-0.45715383476693106,0.061402536082667436
L8K,939.0,1080.0,-0.1836379428066186,0.045596967185069254
L8M,744.0,819.0,-0.24691113152917943,0.05150989174623835
L8N,565.0,567.0,-0.38037240877386846,0.06018082903734489
L8P,668.0,539.0,-0.6950278472441926,0.05865536127475706
L8Q,468.0,295.0,-1.0512456840808282,0.07493087989862107
L8R,240.0,137.0,-1.1942835076714164,0.10748695297626992
L8S,445.0,532.0,-0.12785457837523317,0.06492317851644376
L8T,507.0,421.0,-0.6536298876426514,0.0666018232290965
L8V,408.0,295.0,-0.8533108397203897,0.07699902987915626
L8W,677.0,420.0,-1.074223652743874,0.06281873469141075
L8Y,652.0,397.0,-1.1011889310218166,0.06434875078807577
L8_,1082.0,182.0,-2.957094396728042,0.080663648381268
L94A,530.0,529.0,-0.38819477222729937,0.06217149641816406
L94C,654.0,700.0,-0.28740734961897996,0.05518871540192671
L94D,490.0,528.0,-0.27771612493527,0.06342627910820683
L94E,603.0,626.0,-0.33146641034400837,0.05782716093297261
L94F,561.0,630.0,-0.21812194508853366,0.05880468086824215
L94G,437.0,499.0,-0.19406775231415452,0.06618504129616175
L94H,455.0,502.0,-0.24365233605799386,0.06540612177617085
L94I,372.0,421.0,-0.2069570881079752,0.07177433353402694
L94K,620.0,325.0,-1.3172775628585143,0.06912250209466968
L94M,214.0,281.0,0.007473073939130437,0.09121121502638897
L94N,331.0,419.0,-0.045360313297320154,0.07413399578139462
L94P,482.0,522.0,-0.27045581955728615,0.06386338972125115
L94Q,716.0,983.0,0.07175616987374234,0.050021264146334475
L94R,815.0,561.0,-0.924261460267366,0.05565692148918712
L94S,820.0,766.0,-0.4837484636458118,0.05111925261755114
L94T,519.0,623.0,-0.12197720196709128,0.06016702170366959
L94V,495.0,579.0,-0.1593395915866962,0.061931105074393575
L94W,318.0,279.0,-0.5742254882840507,0.08256434345308285
L94Y,281.0,158.0,-1.2160757920141583,0.09987752636293444
L94_,743.0,136.0,-2.835139086047035,0.09373629043103057
L96A,317.0,364.0,-0.18602045251935184,0.0773942283151085
L96C,597.0,610.0,-0.35439239016034296,0.05833134565560307
L96D,712.0,814.0,-0.1923211720578415,0.05216488734463708
L96E,480.0,477.0,-0.3945151369212061,0.06532914142654687
L96F,698.0,807.0,-0.17613134096262062,0.05253571098228892
L96G,645.0,621.0,-0.4401752140111874,0.05699875671312136
L96H,737.0,716.0,-0.4271746440512594,0.053307381388431774
L96I,491.0,641.0,-0.00087572976706074,0.060703139479184265
L96K,198.0,67.0,-1.9485951659640186,0.14163901463014608
L96M,665.0,599.0,-0.536266133587465,0.05710842911925358
L96N,361.0,361.0,-0.3854701863466179,0.07502151305405141
L96P,811.0,944.0,-0.16638774747492402,0.04879094086135044
L96Q,482.0,597.0,-0.07677816688998274,0.06195057910941083
L96R,646.0,153.0,-2.4634007402034506,0.09039744955979373
L96S,707.0,601.0,-0.6198118114615108,0.05627155281305342
L96T,657.0,440.0,-0.963849203654739,0.06231321808814334
L96V,473.0,583.0,-0.08382024127197774,0.06259050513543542
L96W,1239.0,861.0,-0.9105561191284988,0.045351266392128366
L96Y,347.0,400.0,-0.1804113578518587,0.0739588636539178
L96_,645.0,121.0,-2.7996654405057404,0.0995105928635213
M103A,302.0,503.0,0.35052057509061374,0.0733988784889036
M103C,291.0,437.0,0.20112737718711848,0.07624171998106365
M103D,478.0,122.0,-2.355511589507717,0.10186398100608847
M103E,281.0,109.0,-1.751631171065486,0.11322666304201855
M103F,357.0,499.0,0.09763405533629932,0.06995158699318321
M103G,515.0,564.0,-0.2543498897698342,0.06166800432556719
M103H,922.0,852.0,-0.4993822209758836,0.048440651919424746
M103I,379.0,456.0,-0.11864063798076341,0.07013987350741241
M103K,471.0,329.0,-0.9030964421202761,0.07246194275088924
M103L,716.0,1044.0,0.15861370257947094,0.04942356167826208
M103N,771.0,670.0,-0.5880371301919922,0.05364447553000123
M103P,549.0,252.0,-1.5088216315434355,0.0766666265723442
M103Q,414.0,442.0,-0.29105679194988454,0.06903627688865739
M103R,318.0,49.0,-3.083394267051208,0.15374254149517796
M103S,403.0,592.0,0.169335721956962,0.06525874149651609
M103T,414.0,444.0,-0.2845436320156365,0.06896243035212057
M103V,639.0,794.0,-0.07215151751286442,0.05396818875638439
M103W,393.0,523.0,0.026802323038782383,0.06741430506159458
M103Y,535.0,534.0,-0.3881692854498988,0.06188669266216476
M103_,705.0,113.0,-3.026663468353264,0.10176152868601403
M107A,558.0,653.0,-0.1586560779776427,0.058409480180007495
M107C,368.0,526.0,0.12987507115338914,0.0686049319278723
M107D,640.0,229.0,-1.8681540366629985,0.07757133368790024
M107E,922.0,495.0,-1.2827949141157973,0.05650630781443916
M107F,815.0,936.0,-0.18576400422647676,0.048821697463214346
M107G,816.0,1113.0,0.06233763120725744,0.047033545273755785
M107H,808.0,916.0,-0.20447998616773333,0.04916822411957706
M107I,229.0,220.0,-0.44331168376987495,0.09486877340345404
M107K,613.0,642.0,-0.31878502600528424,0.05724611405575708
M107L,301.0,398.0,0.017523076329428733,0.07696013988194911
M107N,427.0,403.0,-0.4689244053723831,0.07008143988047318
M107P,292.0,75.0,-2.346333114733201,0.12978563374627253
M107Q,734.0,698.0,-0.4580221992567406,0.05369579284716878
M107R,718.0,110.0,-3.091839451617343,0.10281554192504624
M107S,429.0,524.0,-0.09688711908640446,0.06578391294922298
M107T,471.0,692.0,0.16956500957812004,0.0604679888519189
M107V,616.0,889.0,0.14377568980370992,0.05325797300695405
M107W,602.0,779.0,-0.013615790164733355,0.05507265403870942
M107Y,495.0,581.0,-0.1543648619427742,0.061883088641874674
M107_,487.0,72.0,-3.1431524104130117,0.1266037943764034
M109A,273.0,200.0,-0.8343518495473523,0.0935458934606393
M109C,330.0,231.0,-0.9000246235665488,0.08629740910909658
M109D,297.0,123.0,-1.6572060890689668,0.10763143153800812
M109E,222.0,96.0,-1.594838263868212,0.12250754261335949
M109F,335.0,364.0,-0.26569626243918343,0.07629139844739834
M109G,829.0,739.0,-0.5512658042982101,0.051455168913963435
M109H,582.0,685.0,-0.1503890786808979,0.05715094853480099
M109I,242.0,166.0,-0.9292666998179877,0.10121269113885811
M109K,933.0,456.0,-1.4182972682178852,0.05790465368078766
M109L,528.0,688.0,-0.0036059052616712606,0.058613867382727516
M109N,351.0,354.0,-0.37319220488391736,0.075907281093971
M109P,645.0,222.0,-1.9241670526992225,0.07837652612345392
M109Q,513.0,547.0,-0.2928899271576286,0.06217406665227407
M109R,633.0,356.0,-1.2157807114469525,0.06690947926354533
M109S,859.0,900.0,-0.3182040813673037,0.04861526762444135
M109T,629.0,717.0,-0.19655989954040187,0.0554318970534658
M109V,967.0,568.0,-1.1530846661915177,0.053692294914786685
M109W,438.0,373.0,-0.6172196859267292,0.07107855408535216
M109Y,653.0,725.0,-0.23457437705594142,0.05476199517779792
M109_,478.0,81.0,-2.946339073526353,0.12051711979987358
M132A,709.0,857.0,-0.11196412348855134,0.05162828245656692
M132C,741.0,745.0,-0.3777034078361172,0.05272559145646124
M132D,434.0,74.0,-2.9374063489827966,0.12611104893853667
M132E,439.0,270.0,-1.0867111495094468,0.07790785361041327
M132F,469.0,512.0,-0.2589168822599994,0.0646022618262998
M132G,716.0,656.0,-0.511732116089334,0.05485626877757883
M132H,1130.0,1932.0,0.38829683537665716,0.038610338826841104
M132I,781.0,1004.0,-0.023109473426300653,0.0486272971858329
M132K,854.0,522.0,-1.0956457051115658,0.05634565882556991
M132L,455.0,468.0,-0.34482908259638645,0.0665031958257604
M132N,712.0,496.0,-0.9069984830542897,0.05923493665447394
M132P,602.0,91.0,-3.1111606585361375,0.11285885074735116
M132Q,498.0,726.0,0.15834452178763403,0.058937237653865576
M132R,735.0,179.0,-2.4231938819394445,0.08387502895443408
M132S,420.0,524.0,-0.0662995198628975,0.06616245838328895
M132T,713.0,887.0,-0.07044212770919422,0.05116739741693832
M132V,541.0,552.0,-0.356431044796957,0.061222305844170856
M132W,264.0,229.0,-0.590652165704646,0.09078860906995397
M132Y,1358.0,1125.0,-0.6570264642237338,0.04139404871693481
M132_,815.0,128.0,-3.0560314309885586,0.09553576913953926
M150A,609.0,587.0,-0.43855102330319795,0.058598398722224804
M150C,736.0,852.0,-0.1743251909384087,0.05119166939257859
M150D,356.0,144.0,-1.6912189567660816,0.09920225181828245
M150E,628.0,747.0,-0.13513016205971962,0.054947394626602246
M150F,722.0,790.0,-0.2556180901097589,0.052335874970624766
M150G,621.0,661.0,-0.29541458889550043,0.05666860791994936
M150H,408.0,385.0,-0.46917878036327565,0.0716691714311156
M150I,520.0,523.0,-0.3771710222692599,0.0626359637192166
M150K,154.0,67.0,-1.5860459034880163,0.14664394069528935
M150L,509.0,495.0,-0.42570651583091834,0.0638198545343447
M150N,593.0,508.0,-0.6086697234389629,0.06117999730650922
M150P,762.0,563.0,-0.8221195697348982,0.05636222849461288
M150Q,919.0,962.0,-0.3194988555596563,0.04707262850495072
M150R,440.0,200.0,-1.522934365298882,0.08579417411688214
M150S,482.0,598.0,-0.07436365436695347,0.06192796841797367
M150T,520.0,602.0,-0.1742221016491463,0.06059997190989229
M150V,349.0,445.0,-0.03490080432806142,0.07211520371392173
M150W,628.0,552.0,-0.5715633155851503,0.059094055504348736
M150Y,920.0,982.0,-0.29138201303818523,0.046834591436883566
M150_,641.0,99.0,-3.0801709002407414,0.10838931056072267
M157A,854.0,1203.0,0.10885358035095738,0.04572099561992162
M157C,817.0,948.0,-0.17092164571015278,0.04865214383035558
M157D,423.0,519.0,-0.09039961964677357,0.0661737873738078
M157E,596.0,808.0,0.05356642487960883,0.054805540978175825
M157F,695.0,660.0,-0.46001603891418696,0.055155883238754505
M157G,670.0,867.0,-0.013604181085784539,0.05228880329710928
M157H,802.0,1073.0,0.034501204722003465,0.04761344020975973
M157I,863.0,1154.0,0.03373635764483662,0.04597274650377898
M157K,773.0,988.0,-0.03143162004740763,0.04892846317860838
M157L,866.0,1039.0,-0.12271623601678527,0.04696158430396708
M157N,587.0,883.0,0.20357450944251454,0.05407636430246962
M157P,536.0,500.0,-0.4857731542311976,0.06287934092230578
M157Q,852.0,899.0,-0.30800338631251556,0.04872621986745312
M157R,520.0,732.0,0.10785380385435861,0.05811502539291503
M157S,1117.0,1398.0,-0.061737607528193905,0.04121606819565103
M157T,1278.0,1723.0,0.04556176341513307,0.03809279267987523
M157V,491.0,670.0,0.06296003479309054,0.06014439387664917
M157W,528.0,694.0,0.008921011325432104,0.05850657767616967
M157Y,315.0,421.0,0.032986687100675205,0.07508633410108084
M157_,695.0,116.0,-2.968254751980938,0.10073226619867275
M172A,921.0,991.0,-0.2797873917089868,0.04672312888982671
M172C,413.0,469.0,-0.20202821615074829,0.0681293935058415
M172D,169.0,181.0,-0.28650939488395544,0.1073758864431477
M172E,1405.0,502.0,-1.8702625771009016,0.05283886426454097
M172F,695.0,841.0,-0.11038096733810399,0.0521161145980557
M172G,715.0,778.0,-0.26364490691921283,0.052650992769843155
M172H,550.0,463.0,-0.6338846826952578,0.06376632344832171
M172I,443.0,567.0,-0.029435271938716312,0.06410255371747633
M172K,419.0,431.0,-0.3447335195940564,0.06924539225352479
M172L,812.0,964.0,-0.13791956873416744,0.048549564814741465
M172N,622.0,584.0,-0.47641488839408286,0.058379836591861974
M172P,982.0,1293.0,0.011453625519339816,0.043358084269621705
M172Q,415.0,460.0,-0.23695106235884644,0.06834954978968508
M172R,474.0,428.0,-0.5327431776926304,0.0673369796035441
M172S,604.0,668.0,-0.2401729216099051,0.05692802460500675
M172T,346.0,353.0,-0.3565748675290674,0.07623047620036918
M172V,574.0,619.0,-0.2765833409707392,0.05870117029472955
M172W,394.0,289.0,-0.8325830200830708,0.07801480125399046
M172Y,530.0,486.0,-0.5105037678180038,0.06350230204024149
M172_,491.0,77.0,-3.0581048916313085,0.12292338938812265
M1A,551.0,125.0,-2.5255051822442836,0.09951092314607242
M1C,737.0,137.0,-2.812873185222103,0.09350821188659354
M1D,1150.0,208.0,-2.852391800485746,0.07592913482097143
M1E,987.0,244.0,-2.401594614502759,0.07210803240133772
M1F,1202.0,197.0,-2.994578318613925,0.07743409446665271
M1G,300.0,48.0,-3.029073934991845,0.15572549844006747
M1H,1389.0,256.0,-2.825255102689616,0.0686603911905095
M1I,724.0,111.0,-3.0907901669972473,0.1023601901663593
M1K,561.0,103.0,-2.830712275351389,0.10760348256098129
M1L,876.0,142.0,-3.0104250008054985,0.09094785199077243
M1N,1095.0,199.0,-2.845501400111763,0.07762938535079666
M1P,623.0,104.0,-2.9680032642592744,0.10633807173037062
M1Q,195.0,28.0,-3.1850044042605488,0.20228122009152136
M1R,778.0,123.0,-3.046483282000427,0.09748315533445394
M1S,529.0,95.0,-2.86261390734623,0.11182015017913813
M1T,927.0,160.0,-2.9198930174317343,0.08611945827166834
M1V,563.0,110.0,-2.7409960616751174,0.10466357907437099
M1W,564.0,101.0,-2.8666928014438726,0.10844926365723653
M1Y,1138.0,216.0,-2.7828134140038197,0.07480880218399104
M1_,712.0,110.0,-3.0797330180834255,0.10287260108939347
M263A,904.0,1177.0,-0.004754245311081817,0.04521070212052497
M263C,919.0,1183.0,-0.0211603825691018,0.04496269022853549
M263D,1596.0,2067.0,-0.012394508917987768,0.034620337450381025
M263E,992.0,1085.0,-0.2561884159579195,0.0449212591640219
M263F,871.0,1271.0,0.15974400731276273,0.04497869489492894
M263G,1456.0,1387.0,-0.4555122612945648,0.038678139614590094
M263H,594.0,676.0,-0.19891281697129504,0.05701715600812046
M263I,1302.0,1324.0,-0.3612966968224822,0.04014398136219125
M263K,666.0,435.0,-0.9999654595848311,0.06235776907852113
M263L,911.0,1146.0,-0.05438934878684254,0.0453705874472622
M263N,1197.0,1650.0,0.07756937688306653,0.03911120709838355
M263P,877.0,1098.0,-0.061244190795641806,0.04625138971285405
M263Q,1166.0,1446.0,-0.07497281846110582,0.04046477982619142
M263R,1558.0,1846.0,-0.14076431142137702,0.035661855781576476
M263S,1141.0,1428.0,-0.06177553980803374,0.040803264516801274
M263T,783.0,1075.0,0.07177725608936392,0.04791201813032132
M263V,1079.0,1137.0,-0.3099334789931518,0.04352573824238176
M263W,1311.0,1627.0,-0.07392575821011693,0.038283282767452846
M263Y,1327.0,1727.0,-0.005372992261233556,0.037693818399162034
M263_,1110.0,169.0,-3.1008623444510484,0.0831018478727937
M296A,1028.0,414.0,-1.6975869646859225,0.058960736566067755
M296C,1210.0,818.0,-0.9502987718661817,0.04622913661970921
M296D,1235.0,198.0,-3.026347712886995,0.07712441059157558
M296E,976.0,882.0,-0.531571102993837,0.04739797821188139
M296F,992.0,340.0,-1.9302476722361774,0.06354021562068234
M296G,1231.0,372.0,-2.111899359771706,0.05990538829628695
M296H,1092.0,267.0,-2.4174905745011817,0.0689139702233014
M296I,936.0,826.0,-0.5658348819008658,0.048654068992147595
M296K,918.0,295.0,-2.0232161969701172,0.06758138082589919
M296L,1124.0,1312.0,-0.1623463411481758,0.04171421570093716
M296N,1933.0,329.0,-2.9401159480591628,0.06037353618115341
M296P,947.0,143.0,-3.1127338150905937,0.09020359052264203
M296Q,1421.0,1575.0,-0.23702590501405973,0.0377737487951907
M296R,1400.0,1096.0,-0.7386463569303254,0.041411299490282216
M296S,935.0,297.0,-2.039940475358974,0.06726523589931507
M296T,724.0,744.0,-0.346157797979199,0.053042238143585
M296V,938.0,277.0,-2.1451354313616067,0.06902375948553995
M296W,833.0,182.0,-2.579786283897059,0.08235826658447104
M296Y,1306.0,480.0,-1.8294997630781658,0.05419589958246296
M296_,672.0,122.0,-2.8469534912332817,0.0988551327811525
M308A,705.0,663.0,-0.4740832771924044,0.054908170179891344
M308C,1066.0,1396.0,0.0036181178974334927,0.0417446934327319
M308D,1039.0,220.0,-2.6250387215214444,0.07480586385097156
M308E,727.0,319.0,-1.57384374602234,0.06781157385723183
M308F,859.0,1227.0,0.12892998908060083,0.04546795314853874
M308G,4464.0,1410.0,-2.0481050508863197,0.031960027256684016
M308H,1298.0,650.0,-1.3832378660033173,0.048959806355489625
M308I,446.0,594.0,0.027940975064896456,0.06335448063166153
M308K,2037.0,271.0,-3.2955052573939527,0.06533782233330096
M308L,919.0,1068.0,-0.16869749607685414,0.04596371331106684
M308N,598.0,563.0,-0.4724792486915437,0.05946927697689403
M308P,1179.0,335.0,-2.200770075647659,0.0626208386117132
M308Q,2097.0,984.0,-1.4770590454317758,0.03976599000654546
M308R,858.0,207.0,-2.4367641871471744,0.0780024792465887
M308S,1220.0,1059.0,-0.5896469470069405,0.04303670802976617
M308T,566.0,469.0,-0.6566790449892785,0.06314363480887614
M308V,840.0,1046.0,-0.069051950174849,0.04727251317667116
M308W,1675.0,961.0,-1.1870165465270945,0.041542724252646414
M308Y,8388.0,808.0,-3.761353714615405,0.03801369375077462
M308_,992.0,172.0,-2.9133324100744273,0.0831257151587422
M338A,846.0,1009.0,-0.13127633519713378,0.047553172966249106
M338C,1342.0,1372.0,-0.3535746114379039,0.039524970216284094
M338D,1288.0,221.0,-2.9284304272330686,0.07341177226857569
M338E,1205.0,223.0,-2.819334996672543,0.07349957253297937
M338F,1141.0,1460.0,-0.029803371501786025,0.04061475104738431
M338G,670.0,986.0,0.17194946380639387,0.050940339742221646
M338H,1226.0,352.0,-2.185752613775967,0.06119393022704815
M338I,899.0,1087.0,-0.11151404231782802,0.04604893154433743
M338K,1501.0,300.0,-2.7083212799654253,0.06393477132704826
M338L,692.0,927.0,0.03632182956794949,0.05110790072328653
M338N,2670.0,506.0,-2.7850775300913506,0.049386138137180575
M338P,1288.0,330.0,-2.3500323338512303,0.06240847195897901
M338Q,1010.0,601.0,-1.1343788626037323,0.05236573031847506
M338R,2168.0,387.0,-2.8713988475781598,0.0559765997921151
M338S,1637.0,1907.0,-0.1652209122835484,0.03497807306914928
M338T,1934.0,2316.0,-0.12542395821862407,0.032203294116025696
M338V,151.0,185.0,-0.09251102330166106,0.11007000465199933
M338W,570.0,467.0,-0.6730039734096813,0.06311776007519034
M338Y,1623.0,958.0,-1.1460294548261465,0.04181129354538767
M338_,709.0,111.0,-3.060586518728642,0.10250282669794945
M361A,1227.0,540.0,-1.5695591644891138,0.05248829889332406
M361C,1895.0,1688.0,-0.552352197097989,0.034761040429263604
M361D,987.0,380.0,-1.7624975042096214,0.061097343124599045
M361E,1311.0,1108.0,-0.6281779743614377,0.041874864745721344
M361F,806.0,994.0,-0.08300755868184773,0.048321011695163306
M361G,2335.0,824.0,-1.888165163983957,0.041593940358383846
M361H,781.0,396.0,-1.3652743454654575,0.062400294659421485
M361I,577.0,630.0,-0.25869178002887416,0.05838290236402609
M361K,1230.0,200.0,-3.0059961930300547,0.07681774672367134
M361L,945.0,909.0,-0.44150361664908644,0.04739728312918931
M361N,806.0,393.0,-1.4217019026166957,0.06223631249013292
M361P,1469.0,223.0,-3.1051340944876826,0.07247792140212177
M361Q,451.0,658.0,0.15947990097425624,0.061848154045882876
M361R,1605.0,283.0,-2.8891275365278557,0.0651514221209272
M361S,739.0,407.0,-1.2459998317376595,0.062436515205355814
M361T,788.0,684.0,-0.5896667072350485,0.05309614899298621
M361V,830.0,656.0,-0.7248810975912452,0.05307905845885764
M361W,1088.0,712.0,-0.9971925942058295,0.04911006551114247
M361Y,895.0,344.0,-1.764923485003985,0.06412809736989952
M361_,1260.0,215.0,-2.9364297045251826,0.07438283163056526
M388A,998.0,1289.0,-0.016332906796616697,0.0431971968815218
M388C,949.0,1192.0,-0.056569041995896185,0.04450689263095319
M388D,1614.0,2269.0,0.10594326371640328,0.0338896793971293
M388E,664.0,723.0,-0.2626595537635099,0.054564849755844844
M388F,1079.0,1467.0,0.057700283521556095,0.04119039646241377
M388G,1174.0,1774.0,0.210099258600704,0.03877745298898011
M388H,1247.0,1241.0,-0.39242848011087705,0.04118164818031912
M388I,677.0,843.0,-0.06909758522224774,0.05245496434272007
M388K,838.0,1077.0,-0.02347790589537624,0.0470107896877971
M388L,980.0,1322.0,0.046394527787446904,0.04318606673639907
M388N,1126.0,1279.0,-0.20166228223198068,0.041930430174878346
M388P,1385.0,1805.0,-0.003359749293553982,0.03693568298537387
M388Q,1812.0,2354.0,-0.007940654542607728,0.0326327296487477
M388R,1349.0,1710.0,-0.04336646724537374,0.03760705957603144
M388S,959.0,1329.0,0.0852640096982693,0.043398115849013125
M388T,1337.0,1647.0,-0.08463112770594794,0.03799096071682787
M388V,1458.0,1894.0,-0.008026853032994552,0.03608408718349849
M388W,1093.0,1508.0,0.07886920881636339,0.040819663982625085
M388Y,1159.0,1432.0,-0.08032163314130969,0.04061205670660362
M388_,1440.0,2412.0,0.358686871853342,0.03460124680037612
M52A,418.0,502.0,-0.12129153964051653,0.06687670847264685
M52C,921.0,1223.0,0.023677288046718203,0.044627727059385405
M52D,346.0,60.0,-2.913009085022475,0.1401506115308097
M52E,1575.0,299.0,-2.7825655354991734,0.06377696320862222
M52F,990.0,1133.0,-0.19082459474560398,0.04450741768707048
M52G,924.0,1003.0,-0.2671145669213919,0.046555913496618556
M52H,942.0,299.0,-2.0410188270505705,0.0670383792201328
M52I,553.0,471.0,-0.6170180651077812,0.06340029509003804
M52K,951.0,156.0,-2.9932921910726824,0.08688828376436952
M52L,1050.0,1388.0,0.017144707809863213,0.041964776486463226
M52N,1151.0,341.0,-2.140484602523002,0.062365713215825014
M52P,656.0,120.0,-2.836033367913352,0.09972572703292189
M52Q,647.0,231.0,-1.8713028919949588,0.07721789157343056
M52R,1187.0,180.0,-3.106653316237857,0.0805351755162819
M52S,1047.0,1198.0,-0.1911054572658042,0.043336277730896634
M52T,597.0,796.0,0.029561271584252147,0.054949923772081924
M52V,1914.0,1588.0,-0.6548485563088788,0.03521926951732106
M52W,867.0,368.0,-1.6217738503597463,0.06291996008703542
M52Y,602.0,142.0,-2.4692651137714154,0.0937607288615163
M52_,933.0,238.0,-2.3563405406116695,0.0732223920047624
M84A,313.0,326.0,-0.3267627170348204,0.07968934281822937
M84C,707.0,884.0,-0.06313811750338427,0.05132086079859185
M84D,607.0,719.0,-0.1411786344355157,0.055914535114972796
M84E,402.0,454.0,-0.20997750065077003,0.06912531841758708
M84F,73.0,109.0,0.19282431489979768,0.15152042394359372
M84G,578.0,544.0,-0.4729314676171761,0.06046891810420588
M84H,769.0,444.0,-1.1778803757344463,0.06033895435780253
M84I,402.0,417.0,-0.33261959498230986,0.07052474046764158
M84K,691.0,569.0,-0.6657227679436701,0.057383012265784863
M84L,366.0,465.0,-0.04009151062787364,0.07050441017405862
M84N,284.0,227.0,-0.7086560633394416,0.08952267727880743
M84P,284.0,227.0,-0.7086560633394416,0.08952267727880743
M84Q,604.0,648.0,-0.28402654462825705,0.05733238586768907
M84R,669.0,424.0,-1.0433996717868084,0.06278053511547
M84S,603.0,749.0,-0.07266713339300956,0.055512679899133055
M84T,777.0,1024.0,0.012754546611374984,0.04849486947844277
M84V,410.0,471.0,-0.18537159335129338,0.06819293773069615
M84W,1856.0,4623.0,0.9311578133280491,0.029039872021853312
M84Y,640.0,625.0,-0.4196853606824451,0.05701460046004407
M84_,676.0,99.0,-3.1568686246215947,0.10801607582700282
M95A,310.0,414.0,0.03188067536481132,0.07569225633957101
M95C,1216.0,1450.0,-0.1315624295208888,0.04000283431588285
M95D,594.0,735.0,-0.0781935266440863,0.055966183791846695
M95E,365.0,393.0,-0.27884015387504135,0.07329618110651347
M95F,819.0,783.0,-0.4503205208067449,0.05085591302070748
M95G,269.0,325.0,-0.11264588184275937,0.08296009288975333
M95H,535.0,590.0,-0.2442966371452533,0.06043364251677589
M95I,681.0,853.0,-0.06058351474397661,0.052239267765267446
M95K,570.0,670.0,-0.15227478766976876,0.05775019396270466
M95L,611.0,642.0,-0.3140704091695925,0.057292732879513635
M95N,688.0,702.0,-0.35640813893139267,0.054462492210262524
M95P,671.0,782.0,-0.1646173970827558,0.053453357806167015
M95Q,696.0,680.0,-0.4190222583382166,0.05473154715776399
M95R,623.0,595.0,-0.4518115914415102,0.058085879300052726
M95S,543.0,723.0,0.02756664822560051,0.05755786761466136
M95T,522.0,338.0,-1.0124817015517875,0.07044415621432493
M95V,611.0,749.0,-0.09168119805605102,0.05531676747119634
M95W,658.0,801.0,-0.10175944190147757,0.053445039867220503
M95Y,989.0,896.0,-0.5279404609690159,0.04706788473757073
M95_,350.0,59.0,-2.953834964223452,0.14103742835569577
N11A,448.0,497.0,-0.2357262417196342,0.06582051096424978
N11C,426.0,434.0,-0.3586291983730119,0.06884527429358843
N11D,762.0,1060.0,0.09072585299544222,0.048414055205065705
N11E,1484.0,447.0,-2.1165919887202143,0.05476450496635609
N11F,255.0,275.0,-0.2765399292762325,0.08744061376233259
N11G,674.0,679.0,-0.37480736090270295,0.055177935370380335
N11H,1006.0,804.0,-0.7088294819503398,0.04822868656733904
N11I,874.0,587.0,-0.9597348922320315,0.05418408289472952
N11K,354.0,247.0,-0.9046908508427469,0.08343508094489174
N11L,620.0,357.0,-1.1817971856191383,0.06709794242871514
N11M,1012.0,589.0,-1.1663296992542804,0.05266983246582109
N11P,275.0,157.0,-1.194097818073514,0.10046624891035097
N11Q,392.0,247.0,-1.0517911943288665,0.08177768096495806
N11R,567.0,108.0,-2.7776794765678403,0.10540518964607526
N11S,539.0,600.0,-0.23079567977973525,0.06008416361682973
N11T,291.0,284.0,-0.42059718782074196,0.0839376285770212
N11V,610.0,503.0,-0.6637159980110043,0.06095542727441123
N11W,221.0,99.0,-1.5439356850877823,0.12129668882529147
N11Y,1067.0,1164.0,-0.25994043100602937,0.04341096827769667
N11_,658.0,149.0,-2.528170542988134,0.09120804469770592
N128A,333.0,324.0,-0.4249973471205788,0.07859676838450869
N128C,364.0,436.0,-0.1250870467467724,0.07161645992436226
N128D,694.0,675.0,-0.42551776184835166,0.05486871276744194
N128E,304.0,303.0,-0.3902235596984074,0.08171781491879987
N128F,552.0,751.0,0.05866752903871397,0.05684466779028737
N128G,534.0,625.0,-0.1584576720568336,0.05967254969801661
N128H,674.0,828.0,-0.08859199109336036,0.05272178936701802
N128I,464.0,617.0,0.02566778767082667,0.062161563053200475
N128K,730.0,737.0,-0.37170221872413034,0.05305556163582744
N128L,582.0,700.0,-0.11913859600225774,0.05687661413933638
N128M,411.0,555.0,0.04787008383813074,0.0657496375874414
N128P,831.0,386.0,-1.4916978016605151,0.062307111098758874
N128Q,871.0,1104.0,-0.04347813390447719,0.04628278319346435
N128R,495.0,674.0,0.059842139620443824,0.05993357489966857
N128S,659.0,913.0,0.08486011822151429,0.05197038186281841
N128T,647.0,810.0,-0.06131847767807397,0.053556871683827244
N128V,705.0,790.0,-0.22124299233566092,0.052653974567118615
N128Y,863.0,888.0,-0.3442715398122047,0.048714097018174855
N128_,712.0,105.0,-3.146840969090116,0.10495519003770765
N137A,1145.0,276.0,-2.4380379418418965,0.0677098710112697
N137C,433.0,246.0,-1.2011535689936244,0.08038971064383048
N137D,342.0,89.0,-2.327469362254627,0.11935995360395632
N137E,739.0,147.0,-2.7151497786029255,0.09079446398809683
N137F,556.0,88.0,-3.0448416546479535,0.11510468570121504
N137G,487.0,105.0,-2.5988948616015577,0.10800214436197483
N137H,980.0,134.0,-3.255925996402361,0.0925783026510386
N137I,689.0,117.0,-2.9433632762864574,0.10042833524434101
N137K,1131.0,184.0,-3.0052257949387347,0.0800429098385897
N137L,448.0,95.0,-2.6228498480845026,0.11333805885660399
N137M,447.0,107.0,-2.4480316708125223,0.10802880233046881
N137P,799.0,200.0,-2.383611612696477,0.07962106180539744
N137Q,875.0,329.0,-1.796638256933492,0.06534891012754085
N137R,594.0,99.0,-2.970311255246271,0.10895722977893493
N137S,470.0,505.0,-0.28184968264930177,0.06477644474425064
N137T,387.0,296.0,-0.7721951164480316,0.07778426246432064
N137V,818.0,124.0,-3.107132203969247,0.09682230858104401
N137W,972.0,179.0,-2.8264011599162897,0.08187362685880643
N137Y,726.0,117.0,-3.0188277744554153,0.10005940370981653
N137_,501.0,90.0,-2.8621523886888465,0.11486539732925301
N200A,1244.0,945.0,-0.7820667680157758,0.04416170964061182
N200C,740.0,966.0,-0.000976829120389766,0.049746695771106214
N200D,1014.0,1255.0,-0.07784320667119626,0.043257423028288354
N200E,580.0,583.0,-0.3780273311556943,0.059393259964955945
N200F,1149.0,1168.0,-0.36180891436245677,0.04259913352344884
N200G,935.0,1120.0,-0.12501227283940608,0.045283232303761974
N200H,443.0,527.0,-0.13497911401859142,0.06513829341234853
N200I,840.0,1054.0,-0.05806003947045291,0.047195702125506
N200K,544.0,749.0,0.07588162246356589,0.057109647539997484
N200L,1412.0,1728.0,-0.09410892589964748,0.0370826821498943
N200M,1164.0,1443.0,-0.0754923411457682,0.040500737253252726
N200P,2984.0,3492.0,-0.15866486631003607,0.02664023690337461
N200Q,990.0,1145.0,-0.17562499103119755,0.04440338167206769
N200R,653.0,831.0,-0.03770943344590538,0.053131344320881874
N200S,399.0,529.0,0.02139990408791892,0.06696820861639022
N200T,537.0,610.0,-0.20158624691655724,0.05991406164589029
N200V,893.0,1050.0,-0.15181535453611872,0.04648004786877274
N200W,1049.0,1272.0,-0.10738860472732892,0.04275104419112019
N200Y,415.0,528.0,-0.03805103302857393,0.06626989282834775
N200_,988.0,167.0,-2.9500613412216614,0.08419035332416773
N234A,1157.0,1391.0,-0.11973872853019962,0.04088292475534378
N234C,747.0,974.0,-0.002661158122829299,0.04953350732811143
N234D,987.0,1294.0,0.005241973361026275,0.04329165271395449
N234E,1099.0,1404.0,-0.032121488705865175,0.0413566215508717
N234F,1215.0,1655.0,0.06040156003466768,0.03892915525334289
N234G,791.0,1220.0,0.23965494819149225,0.04660565000346761
N234H,747.0,952.0,-0.03562101460518452,0.049772421864982264
N234I,836.0,1194.0,0.12875262864524295,0.046063939727875765
N234K,644.0,813.0,-0.04928017909186533,0.05358155251205981
N234L,1116.0,1360.0,-0.1002028813423328,0.041467489778823266
N234M,836.0,1114.0,0.02869989242375226,0.04671221071449781
N234P,1983.0,1546.0,-0.7446124881858545,0.03520404688498605
N234Q,1283.0,1702.0,0.022236912037441936,0.03814672259170726
N234R,791.0,1109.0,0.10203434949599455,0.04747764025367475
N234S,702.0,980.0,0.09583470258921789,0.05032984763220185
N234T,471.0,758.0,0.3009890048594519,0.05941847913314499
N234V,584.0,652.0,-0.22656916741139455,0.057742817162058535
N234W,1498.0,1952.0,-0.003556997181542787,0.03560982199395066
N234Y,951.0,1181.0,-0.07298142220011794,0.04456973428205144
N234_,1110.0,155.0,-3.2256096654068687,0.08625719773228713
N2A,721.0,1018.0,0.11219037277443711,0.04957284151871228
N2C,71.0,9.0,-3.3638933819888504,0.3537775142799061
N2D,877.0,1186.0,0.04998078983101362,0.04551500569712079
N2E,405.0,544.0,0.0402054553574116,0.06629849938118554
N2F,557.0,768.0,0.07795168106868999,0.05644095111781006
N2G,772.0,410.0,-1.2984306244930028,0.061826366470892645
N2H,734.0,893.0,-0.10259357367140076,0.050699134379681605
N2I,669.0,829.0,-0.0761084575491795,0.052813054386803594
N2K,2405.0,1592.0,-0.9806636810535632,0.033647438590962385
N2L,876.0,521.0,-1.1351064620787952,0.056116870153873184
N2M,694.0,593.0,-0.6123702037944199,0.05670474680892804
N2P,726.0,827.0,-0.1975548320503293,0.05171828880054099
N2Q,900.0,1012.0,-0.21625957691577202,0.04677013975597969
N2R,649.0,802.0,-0.08009066862306913,0.053627327296562256
N2S,840.0,721.0,-0.6058574201094542,0.05162964277259622
N2T,888.0,1165.0,0.006224323965891898,0.04552680369143995
N2V,513.0,257.0,-1.3826326402943492,0.07699606228131164
N2W,489.0,373.0,-0.7761198460752574,0.0693833979320932
N2Y,689.0,705.0,-0.35235138696860346,0.05438742520974548
N2_,617.0,97.0,-3.0545586817535275,0.1096227604194293
N315A,1106.0,1552.0,0.10330323709133538,0.040456042580280814
N315C,779.0,640.0,-0.669017587301795,0.05416983324818429
N315D,1197.0,1510.0,-0.050347287377325856,0.03982306941447373
N315E,1442.0,1764.0,-0.09469261629507342,0.03672303576964946
N315F,804.0,462.0,-1.1847595531386323,0.05913066563565463
N315G,920.0,1242.0,0.04748515540221554,0.044500627887903675
N315H,1205.0,1542.0,-0.02970318410355155,0.03958014067295003
N315I,394.0,390.0,-0.4001913165078319,0.07204344625318844
N315K,1149.0,565.0,-1.4095132335286156,0.05223417753359013
N315L,640.0,351.0,-1.252052501026001,0.06707914689642225
N315M,586.0,637.0,-0.26507944957577756,0.05800434698077115
N315P,1443.0,253.0,-2.8972851716030092,0.06880133369004622
N315Q,818.0,976.0,-0.13069273684060878,0.04832466541924585
N315R,666.0,255.0,-1.7704602033172927,0.0742368404644145
N315S,1607.0,2244.0,0.0962300121558255,0.03400175223570916
N315T,739.0,752.0,-0.36031222629648774,0.05264167447992616
N315V,1043.0,932.0,-0.5478058368355319,0.04604267714232171
N315W,1905.0,1460.0,-0.7692905067033178,0.03602878185722013
N315Y,601.0,399.0,-0.9764342782275666,0.06525552357317002
N315_,811.0,159.0,-2.7360723915739493,0.08723621807915373
N319A,629.0,787.0,-0.06217117240459391,0.05430144020489736
N319C,952.0,1189.0,-0.06475797055589982,0.04449336616804009
N319D,1290.0,1695.0,0.00844134917739181,0.03812308341379773
N319E,1732.0,2276.0,0.008589450325726666,0.033240696917591385
N319F,739.0,957.0,-0.01253007303049447,0.049862786743343095
N319G,1822.0,2104.0,-0.17785950212985435,0.0333517915432156
N319H,1456.0,1672.0,-0.18590697451713734,0.03705544084159754
N319I,1357.0,1540.0,-0.20296181952845282,0.03839889786171665
N319K,2104.0,2421.0,-0.18300270946426656,0.03124977348060626
N319L,839.0,924.0,-0.24624972718139482,0.04860385741742561
N319M,954.0,1340.0,0.10469728682346613,0.04338991597518606
N319P,2404.0,368.0,-3.09309620907866,0.05675829270213964
N319Q,951.0,1362.0,0.1327346930255091,0.043288997825413074
N319R,931.0,1130.0,-0.10600321555071357,0.04524671168926718
N319S,1555.0,2922.0,0.5245670710333772,0.03276473007980956
N319T,2139.0,1674.0,-0.7391052674386973,0.033957159352060735
N319V,1300.0,1637.0,-0.05292977238427721,0.03831852487426425
N319W,1491.0,1791.0,-0.1209867274085239,0.03629387230250253
N319Y,848.0,1009.0,-0.13468289642120457,0.047523852022716334
N319_,1670.0,282.0,-2.951508701684282,0.06506140972585213
N332A,1999.0,1338.0,-0.9646669770816252,0.036549156914078985
N332C,1177.0,1434.0,-0.10054167942331294,0.040437239511304957
N332D,1026.0,574.0,-1.2233672027236242,0.05296219384456347
N332E,1399.0,1558.0,-0.23017196785626926,0.03801118594214142
N332F,913.0,378.0,-1.6576764476907444,0.06187831279893079
N332G,1353.0,1146.0,-0.625023055554331,0.04122984660575519
N332H,939.0,1171.0,-0.06692921743764924,0.044801001509392105
N332I,1449.0,1319.0,-0.5210822353525302,0.03919802809934388
N332K,1642.0,1408.0,-0.6072755192892103,0.0375159512310346
N332L,783.0,794.0,-0.36534374175275364,0.05123248538199647
N332M,1680.0,1474.0,-0.5741936947767932,0.03690353208078755
N332P,907.0,181.0,-2.710519241227458,0.08194690360174903
N332Q,1124.0,1538.0,0.06693982638761664,0.04034944002054743
N332R,702.0,461.0,-0.9921637227230207,0.06067821813012992
N332S,1597.0,2065.0,-0.01469476480536036,0.034621438307758746
N332T,1358.0,1444.0,-0.2968835564115939,0.03894999693532277
N332V,1603.0,1523.0,-0.4593281972673764,0.036995075514929504
N332W,1026.0,416.0,-1.6878248653468004,0.05887828478523255
N332Y,1274.0,1203.0,-0.46819815309166124,0.04128421199085257
N332_,1620.0,330.0,-2.680891258001086,0.06112042232230556
N340A,447.0,680.0,0.2197786698594788,0.06161061358932259
N340C,766.0,861.0,-0.2168034189480501,0.05054806981010927
N340D,487.0,325.0,-0.9689374744034245,0.07223841783537407
N340E,1005.0,798.0,-0.7182013125217317,0.04833577125404444
N340F,1415.0,706.0,-1.3885219118540966,0.04702482320890704
N340G,1230.0,1325.0,-0.27813698319221913,0.040693088902178355
N340H,1113.0,1169.0,-0.31464947009612665,0.04291973763431409
N340I,855.0,411.0,-1.4422379843236328,0.06075213962818584
N340K,792.0,387.0,-1.4186179875533016,0.06272748647814304
N340L,1685.0,772.0,-1.511535899472162,0.044463501613346945
N340M,1673.0,1685.0,-0.3751591017283311,0.03576881358585373
N340P,1542.0,278.0,-2.857073624935058,0.06583093359370568
N340Q,1827.0,2528.0,0.0830474535520338,0.03211113690722262
N340R,522.0,127.0,-2.4246055401530553,0.09938451885508924
N340T,1169.0,1473.0,-0.051990232834143946,0.04028053340714769
N340V,1355.0,939.0,-0.9145612580080336,0.043487561410410706
N340W,1287.0,373.0,-2.172207236387444,0.05954916197793458
N340Y,1465.0,1870.0,-0.033334713669224136,0.03613253900380671
N340_,1503.0,234.0,-3.0686827071001685,0.07090040831897672
N387A,1071.0,1428.0,0.02956394532425577,0.04149925282584833
N387C,1722.0,2353.0,0.06494374477279274,0.03307444585446655
N387D,1584.0,2093.0,0.016527574871421535,0.03460208994249283
N387E,2241.0,1870.0,-0.6465732878704094,0.03269860162472875
N387F,883.0,1195.0,0.051050823114694666,0.04535986955148441
N387G,1289.0,1652.0,-0.0275112226097467,0.03833180223722683
N387H,1060.0,1432.0,0.048493505851564755,0.04159232082056226
N387I,646.0,605.0,-0.48006769544435635,0.05735018373641132
N387K,277.0,407.0,0.16965599657422192,0.07845466683314109
N387L,1388.0,1993.0,0.1364608006880137,0.03619978193745629
N387M,1085.0,1786.0,0.33356163255271776,0.039620353985609175
N387P,1829.0,1840.0,-0.3768195423065648,0.03432832435453252
N387Q,1336.0,1702.0,-0.03616147926567059,0.03773927243762678
N387R,1254.0,1532.0,-0.09659332488424743,0.039222362744324016
N387S,927.0,1171.0,-0.04837359729613322,0.04495459226795926
N387T,1016.0,1328.0,0.0008812221702561018,0.042725441342762426
N387V,1592.0,1860.0,-0.1610092066170905,0.035411621749574754
N387W,1305.0,1720.0,0.012885904431021888,0.03789306401686263
N387Y,950.0,1155.0,-0.10357944863308699,0.044795407659445036
N387_,858.0,1029.0,-0.12327955118988054,0.04717531255615372
N90A,361.0,382.0,-0.3038985821045186,0.07399968628308941
N90C,340.0,396.0,-0.1655105027548407,0.07452847378480033
N90D,341.0,414.0,-0.10561861773814663,0.07372978093468063
N90E,673.0,865.0,-0.023381316590846524,0.05225067177649553
N90F,568.0,678.0,-0.1300799635209522,0.05765111936308567
N90G,231.0,313.0,0.052783257947988105,0.08724573182850692
N90H,480.0,603.0,-0.05635272079614584,0.061885797251383635
N90I,736.0,4369.0,2.18403894845246,0.04093625135918762
N90K,465.0,622.0,0.03420584668997684,0.062019329735552776
N90L,446.0,571.0,-0.02903023207232902,0.06388739851151938
N90M,214.0,243.0,-0.20213271427829937,0.0942122631041847
N90P,602.0,400.0,-0.9752215712412662,0.06518630343486743
N90Q,421.0,579.0,0.07426357749007106,0.06473438854249754
N90R,542.0,530.0,-0.4177700755897078,0.06180579214293679
N90S,514.0,608.0,-0.14317156147906118,0.06064991270996067
N90T,452.0,617.0,0.06346899493489566,0.06262007975921438
N90V,334.0,422.0,-0.04808429724795271,0.07383596082563423
N90W,320.0,323.0,-0.3720083452659164,0.07942919117195353
N90Y,293.0,415.0,0.11672601088414858,0.07688073864489607
N90_,1131.0,190.0,-2.9589346185536023,0.07896366924292732
P110A,688.0,131.0,-2.778222783574301,0.09578458664690753
P110C,457.0,163.0,-1.8727354494641713,0.09171119656645062
P110D,677.0,112.0,-2.9810197915183716,0.10243569710377193
P110E,715.0,126.0,-2.8898953768613476,0.09707046214898979
P110F,857.0,143.0,-2.9686661935926475,0.09081618915511308
P110G,468.0,166.0,-1.8807393943487032,0.0908221045205966
P110H,977.0,143.0,-3.1577274838051164,0.09002368389367761
P110I,579.0,513.0,-0.5600715030901737,0.061356175793531656
P110K,618.0,126.0,-2.679562140079131,0.09819465147528382
P110L,1735.0,278.0,-3.0272054817382457,0.0652807256922201
P110M,460.0,173.0,-1.7962799818822166,0.08967771841680786
P110N,454.0,98.0,-2.59719340032688,0.11177589114592677
P110Q,1970.0,133.0,-4.274066519262055,0.09007806629407858
P110R,973.0,164.0,-2.9541410371926835,0.08493022160151532
P110S,395.0,90.0,-2.519202166000052,0.11717368662890422
P110T,929.0,612.0,-0.9876090862455902,0.05290169738570272
P110V,570.0,356.0,-1.064539650077184,0.06820175751198451
P110W,441.0,89.0,-2.6942422232798,0.11657799830349673
P110Y,977.0,149.0,-3.098434362437554,0.0884460550397555
P110_,215.0,45.0,-2.6415564768597113,0.16418418375185603
P121A,731.0,966.0,0.016676795415407675,0.04991363533597404
P121C,288.0,403.0,0.09922654647113038,0.0777280152118643
P121D,212.0,276.0,-0.004881963567052061,0.09180430522563277
P121E,76.0,98.0,-0.018730465212954073,0.15312550031799627
P121F,229.0,248.0,-0.2704824904503127,0.09212454452436425
P121G,515.0,670.0,-0.0058880036949178205,0.059350143939927956
P121H,197.0,315.0,0.29165858030772807,0.09131594356139901
P121I,480.0,650.0,0.0519272652646654,0.06090929716009104
P121K,355.0,507.0,0.12868435278299195,0.06983827335845494
P121L,288.0,357.0,-0.07562460540816218,0.0797581239100193
P121M,384.0,502.0,0.0011020358476248049,0.06844198800351227
P121N,571.0,849.0,0.18679534872639536,0.054930318784725714
P121Q,319.0,481.0,0.20699505216564695,0.07281395132901747
P121R,756.0,1149.0,0.21844394497486785,0.04776256850056199
P121S,533.0,695.0,-0.0025990506374942157,0.058336783468860384
P121T,384.0,406.0,-0.30509880565376246,0.0718004669400509
P121V,391.0,509.0,-0.004981691242280206,0.06789913086538525
P121W,329.0,413.0,-0.057424907248682544,0.07449083737781366
P121Y,568.0,646.0,-0.1998300179266499,0.058281306760371555
P121_,473.0,68.0,-3.183522073628618,0.13002328610266467
P144A,683.0,358.0,-1.3173770019506978,0.06592071110314061
P144C,542.0,182.0,-1.9597719384652752,0.08618238047279511
P144D,635.0,201.0,-2.044982222167997,0.08147312379327656
P144E,438.0,94.0,-2.6055478621044097,0.11405452133139739
P144F,1000.0,160.0,-3.029250637377208,0.0856610417774757
P144G,272.0,219.0,-0.6981331322977571,0.09127185579451617
P144H,809.0,133.0,-2.9900930069976033,0.0940347013332708
P144I,968.0,120.0,-3.39733751223244,0.09723117198156676
P144K,865.0,135.0,-3.0651207279373436,0.09301144784082294
P144L,634.0,97.0,-3.093770405780254,0.10942436892692055
P144M,700.0,112.0,-3.02921817959626,0.10219853230577801
P144N,434.0,119.0,-2.252115667137639,0.1038988175758082
P144Q,1716.0,163.0,-3.7814957707210195,0.0824957867738366
P144R,625.0,137.0,-2.575068263507273,0.09479940083008649
P144S,529.0,433.0,-0.674364837386694,0.06548246788392884
P144T,360.0,97.0,-2.277301791013355,0.11477861711219774
P144V,762.0,160.0,-2.6371180462117234,0.08746509483375087
P144W,797.0,130.0,-3.0014454164904727,0.09505061863224773
P144Y,635.0,108.0,-2.9410846085805815,0.10450547846238482
P144_,726.0,158.0,-2.5854437409376425,0.08828544357619868
P158A,824.0,934.0,-0.20469403581787127,0.04870774612413504
P158C,762.0,729.0,-0.4493415124748603,0.05265222417753337
P158D,1150.0,258.0,-2.5416177045460504,0.0695240325472045
P158E,1072.0,856.0,-0.7100889945010174,0.04678944806026922
P158F,798.0,226.0,-2.2054904042742294,0.0759336209514717
P158G,1570.0,910.0,-1.172289630446122,0.042708808462807876
P158H,892.0,449.0,-1.375782494211471,0.05862081741562896
P158I,1221.0,1138.0,-0.48703196725813935,0.04226033235539971
P158K,649.0,120.0,-2.8205562684958823,0.09980812558946658
P158L,974.0,659.0,-0.9491064133892975,0.051306196894746615
P158M,1085.0,819.0,-0.7912255534881396,0.04723189053313314
P158N,831.0,848.0,-0.3562547465875534,0.04970715249829793
P158Q,672.0,394.0,-1.155720642024737,0.06414276594143495
P158R,728.0,167.0,-2.5094939648365155,0.08631041416618414
P158S,1104.0,1402.0,-0.040726786717340424,0.0413190664226584
P158T,727.0,831.0,-0.19257955701118945,0.05164364947169266
P158V,857.0,1080.0,-0.05180945933235126,0.046700958871746065
P158W,895.0,204.0,-2.518734117322496,0.07814883962462638
P158Y,954.0,245.0,-2.3466339415496664,0.07223494849001069
P158_,696.0,105.0,-3.114051499772054,0.10510888747234733
P180A,498.0,667.0,0.03606349272947451,0.059961941128652975
P180C,478.0,568.0,-0.13659465707460594,0.06277542120338954
P180D,593.0,645.0,-0.26420509193808606,0.05766186298573954
P180E,626.0,882.0,0.10913912320960328,0.053098090775190315
P180F,643.0,880.0,0.06720855725637076,0.05272334557970498
P180G,658.0,889.0,0.04861995165736843,0.052276143327237845
P180H,698.0,1026.0,0.17025499550209666,0.04995506260867946
P180I,581.0,637.0,-0.2527171604250755,0.05813079665317349
P180K,937.0,1222.0,-0.0023504450969698,0.04442705321290375
P180L,711.0,948.0,0.029562240227281045,0.05049263166200263
P180M,914.0,1218.0,0.02877393691660224,0.04475830575564682
P180N,531.0,737.0,0.0874749779071955,0.05769100517350219
P180Q,345.0,436.0,-0.04774714092040888,0.07266503125890768
P180R,509.0,686.0,0.04506542070162656,0.059249618750694864
P180S,566.0,711.0,-0.05642787771879387,0.057108825027938404
P180T,318.0,462.0,0.15338175955725308,0.07346580971020812
P180V,790.0,1058.0,0.03594025685052671,0.047949891463803976
P180W,375.0,443.0,-0.14505998841773415,0.07079615543893172
P180Y,838.0,1130.0,0.04582598858428444,0.04654530891770242
P180_,805.0,125.0,-3.072433385265829,0.09659086563241269
P193A,514.0,725.0,0.11073428074263614,0.05842083053918513
P193C,515.0,673.0,0.0005573095861288735,0.05929406860263281
P193D,971.0,1279.0,0.011999299188237167,0.04358812803870323
P193E,733.0,881.0,-0.12014467192615186,0.050867607014894324
P193F,523.0,599.0,-0.18972862967420845,0.06057759669350831
P193G,630.0,869.0,0.07852786402957168,0.053162259314877176
P193H,877.0,1121.0,-0.0313362365771761,0.04604894390732351
P193I,581.0,666.0,-0.18848934178106536,0.05753985060604583
P193K,172.0,269.0,0.25969717711651885,0.09807733731330762
P193L,916.0,1012.0,-0.2416818937997256,0.04656219868055661
P193M,621.0,781.0,-0.054745665752838235,0.05457919057131383
P193N,822.0,1093.0,0.025608564061100125,0.04711315744133377
P193Q,429.0,531.0,-0.07774243276279513,0.0655924262517022
P193R,619.0,769.0,-0.07243054373561808,0.0548094031442712
P193S,567.0,824.0,0.15381748009048568,0.05536632107732665
P193T,954.0,1405.0,0.17303391850145466,0.04299023641748068
P193V,656.0,821.0,-0.06178819901655341,0.0532033236402376
P193W,478.0,488.0,-0.3556002752333267,0.06503352565868545
P193Y,1145.0,1333.0,-0.1661427812656786,0.0413733176802047
P193_,979.0,170.0,-2.9111741742342208,0.08361615660748199
P207A,372.0,332.0,-0.5495848936957417,0.0760806935583156
P207C,304.0,178.0,-1.1576306771104043,0.09484325009927509
P207D,386.0,64.0,-2.9777391951588115,0.13528259354042022
P207E,604.0,101.0,-2.965544494379377,0.10790656285577817
P207F,1052.0,890.0,-0.6267251535855962,0.04650117059206772
P207G,468.0,483.0,-0.3399564844286802,0.06553832214713813
P207H,976.0,249.0,-2.35616243508072,0.07161492386972111
P207I,1216.0,1431.0,-0.15059152559205558,0.040117121947099134
P207K,811.0,143.0,-2.889073858526162,0.0911798393477648
P207L,781.0,443.0,-1.2034719421110962,0.060215391755884605
P207M,655.0,738.0,-0.21334675384053803,0.05449682667458484
P207N,562.0,148.0,-2.3103713353388944,0.09286464719602135
P207Q,942.0,176.0,-2.8055551634942937,0.08265149668653109
P207R,629.0,121.0,-2.7634268660286594,0.0997085471561703
P207S,419.0,173.0,-1.6615994334940938,0.09085595897291045
P207T,1094.0,554.0,-1.3671121891784237,0.05298400396402785
P207V,824.0,798.0,-0.43172520686426363,0.05054611075914051
P207W,789.0,588.0,-0.8096730810947737,0.055283605958599075
P207Y,717.0,206.0,-2.184749056954682,0.07960545622786595
P207_,520.0,79.0,-3.103902386998403,0.12111102494821126
P237A,1197.0,1404.0,-0.15535217995625317,0.040445954395717215
P237C,1016.0,932.0,-0.5099674486714818,0.04631853647323935
P237D,958.0,212.0,-2.561378586840261,0.07647747225512498
P237E,907.0,577.0,-1.037992321208157,0.05407227175461694
P237F,577.0,526.0,-0.5189762814617334,0.06101140416141836
P237G,1327.0,1109.0,-0.6443770544544867,0.04175516288005325
P237H,3478.0,920.0,-2.3040108193796027,0.0382450012870419
P237I,1080.0,640.0,-1.1403485048017528,0.050760295683003755
P237K,1290.0,256.0,-2.718580366122,0.06906156591188366
P237L,1064.0,264.0,-2.3963174150850923,0.06939589889118977
P237M,1245.0,368.0,-2.1438106419735456,0.06007277705448482
P237N,1407.0,298.0,-2.6246701210076573,0.06445567295254885
P237Q,1165.0,166.0,-3.1964704714144405,0.08348838194455568
P237R,1246.0,182.0,-3.1606962109566945,0.07990607030300438
P237S,1105.0,1127.0,-0.3570292953163916,0.0433645873710406
P237T,834.0,715.0,-0.6075714491115924,0.051824925542416446
P237V,1305.0,1110.0,-0.6189583744643783,0.04189731634227175
P237W,1460.0,347.0,-2.4583992933478855,0.060455792336103716
P237Y,793.0,792.0,-0.38729059900047424,0.05110619478612923
P237_,1190.0,219.0,-2.8273752333956486,0.07412520019666297
P24A,998.0,911.0,-0.5170575673694211,0.04677490180121267
P24C,413.0,454.0,-0.24892282506172148,0.06864443324529425
P24D,462.0,112.0,-2.4297667262254805,0.10573762007712995
P24E,691.0,110.0,-3.036542103290987,0.1030798450648737
P24F,1085.0,162.0,-3.129023754960115,0.08474859090750177
P24G,480.0,246.0,-1.3498176875015897,0.07897075421900375
P24H,953.0,166.0,-2.9066913905659755,0.08462419938581589
P24I,274.0,178.0,-1.0077404424770418,0.09672320533870576
P24K,573.0,81.0,-3.2078585904178185,0.11906947536138
P24L,611.0,137.0,-2.5423849826774685,0.09499255982603219
P24M,620.0,179.0,-2.177721488206723,0.08536610560773987
P24N,1043.0,235.0,-2.5354291244301175,0.07281563250161158
P24Q,394.0,71.0,-2.857608320282681,0.1292623105034655
P24R,213.0,38.0,-2.8719404170568517,0.17632837560370032
P24S,520.0,528.0,-0.363444300374284,0.06249126454940679
P24T,709.0,642.0,-0.5286803929180257,0.05528327195749589
P24V,756.0,859.0,-0.2012005776156487,0.050745239253539076
P24W,547.0,77.0,-3.213919692057064,0.12207236134321839
P24Y,426.0,77.0,-2.8532397807338956,0.12418093250502392
P24_,561.0,64.0,-3.517127459724403,0.1322621377217899
P27A,1011.0,890.0,-0.5693740023403491,0.04691383015681105
P27C,413.0,173.0,-1.6407914714229266,0.09104656102835663
P27D,354.0,95.0,-2.2831090269765815,0.11592325699699645
P27E,870.0,240.0,-2.2434076530394416,0.07351271874582124
P27F,538.0,139.0,-2.3379145045466467,0.09560671137534851
P27G,930.0,498.0,-1.2865417035513502,0.0563157503863853
P27H,331.0,265.0,-0.7062981887026574,0.08296212362367457
P27I,932.0,152.0,-3.0016493860094045,0.08797544607077971
P27K,542.0,98.0,-2.8527887950601283,0.11016460227696756
P27L,501.0,118.0,-2.471400469089514,0.10275232829893893
P27M,669.0,175.0,-2.3200606025815818,0.0854220103319042
P27N,610.0,190.0,-2.0682277316906186,0.08360868954920085
P27Q,801.0,205.0,-2.351596156660066,0.07883177901237663
P27R,1311.0,314.0,-2.4472664672032725,0.06352635139980237
P27S,980.0,479.0,-1.4182108823358757,0.056535400581295595
P27T,807.0,284.0,-1.892115009044094,0.06963016213214493
P27V,664.0,228.0,-1.9275780559894553,0.07733038631978112
P27W,709.0,251.0,-1.8835313210547877,0.07404415604952073
P27Y,2005.0,269.0,-3.283347909811763,0.06560715842550516
P27_,42.0,6.0,-3.1907660761219496,0.43621258806358293
P311A,1243.0,580.0,-1.4851584100565276,0.05115487895567996
P311C,1026.0,621.0,-1.1098265734026889,0.051702457160911604
P311D,859.0,183.0,-2.6162226305154634,0.08195442493085908
P311E,779.0,175.0,-2.5396746749294428,0.08417751748625298
P311F,818.0,218.0,-2.2931943541085404,0.0767960882769845
P311G,1473.0,673.0,-1.5155375643856117,0.047465342291367785
P311H,2069.0,331.0,-3.0294640969978626,0.059938254783039935
P311I,1023.0,497.0,-1.4269436492743495,0.05547751058945523
P311K,900.0,149.0,-2.98000206503583,0.08893971239271974
P311L,1342.0,1388.0,-0.33684764624506425,0.0394185427648867
P311M,1199.0,418.0,-1.9057045162929427,0.057571897187203534
P311N,1625.0,930.0,-1.190600648483914,0.04217644796108252
P311Q,1702.0,315.0,-2.8192401669739,0.06205044471544209
P311R,1361.0,254.0,-2.807190653397672,0.06899141988365574
P311S,1179.0,618.0,-1.317344053578192,0.0505418707624111
P311T,1362.0,1605.0,-0.14862519605859426,0.038019373435127284
P311V,619.0,532.0,-0.6039795386650377,0.05986118426837718
P311W,2092.0,438.0,-2.641324221356768,0.05337861710987027
P311Y,1650.0,363.0,-2.5698637579462433,0.05872832928173558
P311_,1068.0,152.0,-3.1981572018824895,0.08719547047447919
P344A,642.0,183.0,-2.1961434732545593,0.08432084618263648
P344C,960.0,201.0,-2.641252344684009,0.07813288274966292
P344D,625.0,187.0,-2.1262340415397416,0.0838778678192733
P344E,929.0,174.0,-2.801994095219686,0.08313498371937421
P344F,1686.0,306.0,-2.847432575354357,0.06284264503002085
P344G,617.0,115.0,-2.809004750489173,0.10199916690883261
P344H,1112.0,249.0,-2.544364362423514,0.07073464598929412
P344I,1238.0,347.0,-2.22044401074195,0.06146319166335313
P344K,862.0,137.0,-3.038893596615253,0.0924501560126391
P344L,952.0,253.0,-2.2972525068478475,0.07135150146529891
P344M,728.0,172.0,-2.466936013766234,0.08529617618482653
P344N,826.0,158.0,-2.771613568601606,0.08733594419161125
P344R,1615.0,257.0,-3.037116884900902,0.06781080355024768
P344S,314.0,137.0,-1.581999494883794,0.10281811101341577
P344T,1251.0,368.0,-2.1507466336068517,0.06004070506713568
P344V,1252.0,306.0,-2.4180655675374925,0.064457717980612
P344W,1257.0,174.0,-3.2382241910346448,0.08142818590299274
P344Y,1224.0,269.0,-2.5713538223696295,0.06798923000240759
P344_,1155.0,155.0,-3.282942334090828,0.08605349932240738
P358A,1774.0,1247.0,-0.8940112939558098,0.03812909056887707
P358C,545.0,436.0,-0.707391663503425,0.06493511203876769
P358D,1161.0,240.0,-2.65968416282296,0.07152640607238862
P358E,724.0,290.0,-1.7053771627572063,0.07012537366253208
P358F,1146.0,1074.0,-0.4790823931729635,0.04349594740636776
P358G,1082.0,692.0,-1.0303192280270688,0.049573040836114614
P358H,1120.0,960.0,-0.6078604608362115,0.04497465581819047
P358I,1356.0,805.0,-1.1377593942194988,0.045474091093589
P358K,1068.0,184.0,-2.9225392650858284,0.08036804561505388
P358L,810.0,277.0,-1.9334718470959995,0.07023350566409123
P358M,1873.0,1204.0,-1.0229814139318565,0.03811394159359075
P358N,1110.0,253.0,-2.518776547691365,0.07029594875769446
P358Q,1178.0,444.0,-1.793157897996113,0.056473935884858564
P358R,1163.0,216.0,-2.8141636806564705,0.07468244652072731
P358S,1050.0,558.0,-1.297510372440092,0.05322282536870529
P358T,1192.0,461.0,-1.7559965749111361,0.05564426438802704
P358V,1527.0,1086.0,-0.8771423087892667,0.04079082092708383
P358W,1387.0,624.0,-1.5378073213932995,0.04910935180983675
P358Y,1238.0,380.0,-2.0893838654567247,0.05939252725749996
P358_,2197.0,182.0,-3.978922000434869,0.07770188130259593
P56A,378.0,540.0,0.1290915367799652,0.0677160608595599
P56C,717.0,850.0,-0.13998361236989698,0.05156890646808493
P56D,859.0,195.0,-2.5245970062264727,0.0798767027201252
P56E,302.0,57.0,-2.7907795998814304,0.1447071029191161
P56F,417.0,553.0,0.02175340213691168,0.06553261990449491
P56I,292.0,395.0,0.05040121478217863,0.07774533049200127
P56K,341.0,64.0,-2.7989150190319636,0.13654024673204446
P56L,362.0,449.0,-0.07475216065752655,0.07125792026405556
P56M,1337.0,2059.0,0.23747039445212925,0.036356877463883004
P56N,1248.0,826.0,-0.9808685278635929,0.0458271688638205
P56Q,304.0,141.0,-1.4937914885155248,0.10231947900919129
P56R,806.0,209.0,-2.3326959553053497,0.07818794119688698
P56S,592.0,665.0,-0.21771569673070257,0.0572809926666158
P56T,170.0,222.0,-0.00046513325297681263,0.10234511824065555
P56V,839.0,1049.0,-0.06320166653302817,0.04725860075330759
P56W,582.0,592.0,-0.3608925823447402,0.059123251528694305
P56Y,852.0,893.0,-0.31766421888314245,0.048802849426381266
P56_,45.0,3.0,-4.287880358972467,0.5954254053598314
Q124A,334.0,402.0,-0.11813009396745233,0.07463000286400906
Q124C,747.0,803.0,-0.28117978847343217,0.05169332014995712
Q124D,239.0,343.0,0.13570946976579545,0.08477916569880675
Q124E,581.0,645.0,-0.23471165327519916,0.057963083175832965
Q124F,650.0,458.0,-0.8905530017552392,0.06172528647995025
Q124G,672.0,880.0,0.0035670300514931697,0.052082996230319936
Q124H,610.0,591.0,-0.43112053828677244,0.05847692548943695
Q124I,454.0,462.0,-0.36027018246788156,0.06674776887818266
Q124K,414.0,395.0,-0.4532466246041551,0.07095912028786959
Q124L,480.0,609.0,-0.042068730503159735,0.061753653922345254
Q124M,562.0,590.0,-0.31532658056912233,0.05968608695672217
Q124N,607.0,1015.0,0.35623156571189174,0.05216172892920451
Q124P,443.0,278.0,-1.0576726737183275,0.07708756697033277
Q124R,421.0,377.0,-0.5447218967626801,0.0715255528404876
Q124S,817.0,1037.0,-0.041466021885074866,0.04771268972588538
Q124T,436.0,500.0,-0.18787446180551548,0.06619441107486486
Q124V,580.0,798.0,0.07485886479474235,0.055366415928601365
Q124W,345.0,319.0,-0.4985067160477854,0.07823924438445284
Q124Y,714.0,799.0,-0.22320090697380124,0.052347913799830566
Q124_,568.0,105.0,-2.8208597945368865,0.10663793717336116
Q189A,566.0,895.0,0.27560607329422115,0.05451856443775839
Q189C,766.0,1059.0,0.08181089482309645,0.048352443697754176
Q189D,68.0,75.0,-0.24413413602198553,0.1677005978302442
Q189E,658.0,821.0,-0.0661799012888249,0.053159762813763986
Q189F,1328.0,1540.0,-0.17179647761865313,0.03860786823523533
Q189G,1160.0,1525.0,0.00921127426778412,0.04007504981742439
Q189H,422.0,503.0,-0.13216029040464505,0.06667727364302345
Q189I,289.0,357.0,-0.08062511313835774,0.07968277450454148
Q189K,1451.0,1013.0,-0.9038792326052318,0.042006510108415177
Q189L,1790.0,2421.0,0.05017120484939719,0.032556436035430174
Q189M,1079.0,1391.0,-0.019045630295979166,0.041640031720938324
Q189N,155.0,223.0,0.13927692759676358,0.10499292941775842
Q189P,810.0,1083.0,0.03356475377212664,0.047393246850376214
Q189R,975.0,1241.0,-0.03744436643419036,0.04381370179401568
Q189S,454.0,530.0,-0.16217468085645947,0.06463409463309233
Q189T,896.0,894.0,-0.3886940512000381,0.048195740188311714
Q189V,986.0,1236.0,-0.059453954298747114,0.04372022551274342
Q189W,834.0,844.0,-0.3682747760402041,0.04971982657382102
Q189Y,797.0,923.0,-0.17372173373250455,0.04925764875857565
Q189_,1325.0,231.0,-2.9054462245128683,0.07191483086554258
Q194A,891.0,1166.0,0.0025964465340226894,0.04547705043401551
Q194C,872.0,1352.0,0.24721905136745104,0.044436809272542864
Q194D,820.0,1162.0,0.11743888938433233,0.046564898733088396
Q194E,682.0,828.0,-0.10561488785467432,0.052556481256421456
Q194F,1051.0,1148.0,-0.25811137347211766,0.04371216036166999
Q194G,508.0,719.0,0.11568475325141403,0.05871525446745303
Q194H,606.0,749.0,-0.07982680652580054,0.05543868798049864
Q194I,752.0,805.0,-0.28721532810298633,0.05157717347198974
Q194K,401.0,520.0,-0.010569032888301244,0.06711898404585113
Q194L,733.0,857.0,-0.1599910281446233,0.051179098032675084
Q194M,628.0,858.0,0.06473674412276331,0.053348229520044456
Q194N,454.0,569.0,-0.05974025370595992,0.06362584139518206
Q194P,931.0,949.0,-0.35784356080253676,0.04707490492890748
Q194R,1008.0,1368.0,0.055098638637390174,0.04255886673435569
Q194S,1203.0,1515.0,-0.05279150488190254,0.0397432335649529
Q194T,126.0,191.0,0.21463975492070908,0.11514955830180587
Q194V,896.0,918.0,-0.3504751508610582,0.04789140219319544
Q194W,744.0,900.0,-0.1108511673138306,0.050431948212765206
Q194Y,889.0,1106.0,-0.07037730894109284,0.04601317610821289
Q194_,890.0,169.0,-2.7821831218388375,0.0844310796816817
Q255A,1279.0,1293.0,-0.36976429755018536,0.040539593217509926
Q255C,720.0,577.0,-0.7048908081591927,0.05665824295760093
Q255D,784.0,648.0,-0.6603261655417318,0.05391562552599875
Q255E,800.0,306.0,-1.7719094208775887,0.06786800510736322
Q255F,613.0,429.0,-0.900369518475312,0.06364320414694752
Q255G,1156.0,1229.0,-0.2971274097576284,0.04203477284955628
Q255H,1867.0,1037.0,-1.2337700349504845,0.03985149062215803
Q255I,756.0,691.0,-0.5151689151067496,0.05346125293254692
Q255K,1327.0,245.0,-2.8227368902172296,0.07016590742917278
Q255L,471.0,428.0,-0.5235833722667733,0.06743668039378363
Q255M,1109.0,1284.0,-0.17408612240085652,0.04205627108003733
Q255N,883.0,912.0,-0.33885031936216503,0.04813713628725198
Q255P,873.0,746.0,-0.6122733963965645,0.050735998415459546
Q255R,1245.0,159.0,-3.35443811319918,0.08473684986971033
Q255S,927.0,970.0,-0.32005546779892935,0.04688143449844713
Q255T,983.0,1057.0,-0.2807591587847833,0.04529418474124648
Q255V,936.0,1037.0,-0.23763622831105113,0.04605312354619367
Q255W,512.0,238.0,-1.49061998423577,0.07901142747187817
Q255Y,626.0,231.0,-1.823700584946777,0.07755288637317156
Q255_,1566.0,172.0,-3.5719992663377087,0.08087271290591809
Q325A,1073.0,970.0,-0.5310621823316559,0.04528895725895169
Q325C,1033.0,493.0,-1.4526355915419558,0.05553931887876817
Q325D,499.0,255.0,-1.35398509109279,0.07754738797485118
Q325E,945.0,894.0,-0.4655088133669816,0.04759159863009323
Q325F,1207.0,385.0,-2.033939992092436,0.05927936709530536
Q325G,1392.0,1609.0,-0.17646646924308662,0.03779021698533558
Q325H,1040.0,1032.0,-0.39661063641744754,0.04493024319596279
Q325I,831.0,289.0,-1.9092166120830028,0.06893226761635568
Q325K,1359.0,472.0,-1.9111369283215422,0.05424613921319845
Q325L,1499.0,508.0,-1.9465513926442437,0.052189911130806815
Q325M,1602.0,1008.0,-1.053843388434517,0.04128539884773181
Q325N,837.0,1012.0,-0.1115634047901608,0.04765580828724518
Q325P,1241.0,870.0,-0.8978810383499436,0.04520422584520633
Q325R,1947.0,583.0,-2.1251379458398802,0.04813584079862229
Q325S,1143.0,1627.0,0.12391490634537838,0.039720549286302635
Q325T,913.0,1183.0,-0.011710484429853452,0.045042139453428366
Q325V,1122.0,673.0,-1.1228558739153867,0.04965213344275912
Q325W,1270.0,272.0,-2.60857844723068,0.06746810715126071
Q325Y,607.0,292.0,-1.4411726946364398,0.07183435286824488
Q325_,1104.0,177.0,-3.0263206549804726,0.08150706665563724
Q378A,898.0,1200.0,0.03277282625981304,0.04511224238879133
Q378C,2264.0,2029.0,-0.543574541378439,0.0319806196696894
Q378D,2640.0,4243.0,0.2990744981275606,0.026508166056514283
Q378E,1279.0,1730.0,0.050282646726116376,0.03805391879302209
Q378F,737.0,1104.0,0.19752695406195908,0.048485433571577606
Q378G,940.0,1246.0,0.02109745093985982,0.044210801011732144
Q378H,2536.0,1367.0,-1.277006824036825,0.034843341324365784
Q378I,730.0,897.0,-0.08826234453803661,0.050723502453243516
Q378K,781.0,897.0,-0.18568713839166584,0.04983395217367728
Q378L,732.0,940.0,-0.02465743914173668,0.05018101936883954
Q378M,1771.0,2637.0,0.18886049753255119,0.032126026837065814
Q378N,1405.0,1723.0,-0.09111951035229948,0.0371528339398962
Q378P,2172.0,2671.0,-0.08711555442380803,0.03038104553254595
Q378R,837.0,1188.0,0.11976002935341779,0.04609433036222192
Q378S,1142.0,1533.0,0.03932163784408882,0.04020168179871689
Q378T,732.0,965.0,0.013210348840975605,0.04990566026513775
Q378V,632.0,820.0,-0.00977606855617541,0.05375839885497106
Q378W,900.0,1123.0,-0.06611234828143076,0.04571408388298306
Q378Y,752.0,925.0,-0.08675307064866455,0.049990535340913425
Q378_,1060.0,1088.0,-0.34785624480943866,0.0441668564060035
Q386A,1302.0,1790.0,0.07375693180116327,0.03761534303950188
Q386C,963.0,1279.0,0.02393467333573529,0.043686155824628
Q386D,1306.0,1665.0,-0.035105287752604575,0.038137941652691465
Q386E,1222.0,1613.0,0.015029105168414603,0.039070417793728315
Q386F,1606.0,2079.0,-0.013054364781364125,0.034523527853053695
Q386G,673.0,976.0,0.15079780162473266,0.05097701803689975
Q386H,960.0,1293.0,0.0441419075511682,0.04362636494792694
Q386I,1081.0,1616.0,0.19458607034288278,0.040399053869730264
Q386K,1618.0,2119.0,0.0036996854508397625,0.03432457313501689
Q386L,1704.0,2182.0,-0.028746274958062035,0.033665393756188
Q386M,1229.0,1603.0,-0.0021834153476749663,0.039060262864168055
Q386N,1481.0,1999.0,0.04723412085027734,0.03554823748937359
Q386P,1210.0,1669.0,0.07850344184643454,0.03890773334749548
Q386R,947.0,1258.0,0.02422163889108475,0.04403494042520672
Q386S,1102.0,1511.0,0.06990570661696527,0.04071187111268978
Q386T,1398.0,1889.0,0.04878547232401198,0.03650883409235379
Q386V,1157.0,1056.0,-0.5172480234959362,0.04358293442811825
Q386W,1285.0,1691.0,0.010635418410579245,0.038180902268407195
Q386Y,784.0,1064.0,0.05509756253446074,0.04799530607138837
Q386_,719.0,881.0,-0.09232362746536804,0.051128043337308325
Q4A,542.0,569.0,-0.31533564843920825,0.06075061684148759
Q4C,682.0,959.0,0.10628277958167143,0.050962837771599996
Q4D,1157.0,1156.0,-0.38671764216695337,0.042632802674209415
Q4E,814.0,1091.0,0.03707571583527969,0.04725762053115194
Q4F,402.0,421.0,-0.31884707406535373,0.07036302639119046
Q4G,563.0,282.0,-1.382884412442869,0.07355511954950313
Q4H,636.0,821.0,-0.017119841253955492,0.05365192412260614
Q4I,936.0,1149.0,-0.08967468057215822,0.045021037057385936
Q4K,625.0,638.0,-0.355770422469468,0.05705753790200008
Q4L,721.0,706.0,-0.41580083718822625,0.053773306825462296
Q4M,748.0,961.0,-0.023976300341154833,0.049655484089804976
Q4N,433.0,447.0,-0.3395634234016276,0.06807875281230194
Q4P,935.0,977.0,-0.3220786524579857,0.046703885641902976
Q4R,466.0,585.0,-0.057369814076094094,0.06279700523252676
Q4S,378.0,482.0,-0.03483150924646683,0.06934185672188907
Q4T,602.0,735.0,-0.09749375984702002,0.05576596059491296
Q4V,842.0,1140.0,0.05166702075960927,0.046400800832250996
Q4W,639.0,187.0,-2.158193277211817,0.08366865031935541
Q4Y,642.0,749.0,-0.1630809752330773,0.05459778819181981
Q4_,1001.0,168.0,-2.96030756272061,0.08390013327188521
Q51A,411.0,459.0,-0.22611809733446453,0.06855543216093321
Q51C,573.0,658.0,-0.18592099378256233,0.057906119390745164
Q51D,469.0,266.0,-1.2036083884849464,0.07732801917859049
Q51E,786.0,705.0,-0.5423741324867333,0.05271510903385601
Q51F,1463.0,243.0,-2.975322229111027,0.0699056077842549
Q51G,1531.0,816.0,-1.2932951550865677,0.044349221580277286
Q51H,2322.0,495.0,-2.615314796328804,0.050388860419889915
Q51I,443.0,80.0,-2.8545572205161953,0.12183569986982333
Q51K,405.0,206.0,-1.3607133465553343,0.08608962080906442
Q51L,349.0,66.0,-2.787982056972859,0.13454620733481723
Q51M,976.0,627.0,-1.0238776634364255,0.05203523076035004
Q51N,1467.0,1545.0,-0.31073271571501593,0.03764463165279276
Q51P,272.0,55.0,-2.6913640690102296,0.14813191116491822
Q51R,442.0,141.0,-2.0337517179602536,0.09717151103529585
Q51S,722.0,900.0,-0.06754797394830447,0.0508363630934631
Q51T,1101.0,1450.0,0.011765091140286899,0.04106241662584167
Q51V,435.0,134.0,-2.084178091855054,0.09924284407196213
Q51W,552.0,176.0,-2.0345071910499826,0.08707049691616958
Q51Y,529.0,95.0,-2.86261390734623,0.11182015017913813
Q51_,967.0,143.0,-3.142884964017087,0.0900824519757154
R156A,656.0,542.0,-0.6608685240015264,0.058801072229782904
R156C,801.0,663.0,-0.6582598097622601,0.05333771105408779
R156D,399.0,330.0,-0.6593853482713383,0.07499752487029013
R156E,579.0,454.0,-0.7363343767687232,0.06338686948711439
R156F,603.0,552.0,-0.5129577110180517,0.05965000716460245
R156G,721.0,296.0,-1.6698435405856458,0.06966650732128069
R156H,834.0,879.0,-0.3096552902263543,0.049243116826063506
R156I,710.0,870.0,-0.09227754690162282,0.05143984469051256
R156K,363.0,425.0,-0.1579826910686073,0.0720822137679407
R156L,429.0,440.0,-0.3489451510335284,0.0684969947986677
R156M,683.0,733.0,-0.28354400733615037,0.05400518451337821
R156N,250.0,221.0,-0.563344339423077,0.09280483191283324
R156P,465.0,290.0,-1.066629280446124,0.07541129243208022
R156Q,335.0,224.0,-0.9661112099239819,0.08681754791759151
R156S,515.0,448.0,-0.5865396969286598,0.06528412963530118
R156T,317.0,358.0,-0.20999865120717942,0.07769110224263792
R156V,899.0,864.0,-0.44275933962146574,0.0485586590608882
R156W,590.0,648.0,-0.2501935163217226,0.057673973923949295
R156Y,394.0,380.0,-0.437665048473348,0.07251021325013847
R156_,1040.0,146.0,-3.217928501151147,0.08887401118667525
R310A,971.0,278.0,-2.1898195622214818,0.06866631710005736
R310C,1251.0,341.0,-2.260677556624509,0.06180642462039831
R310D,990.0,156.0,-3.051274777567575,0.08664958747031845
R310E,434.0,58.0,-3.2888249460181713,0.14010965786045199
R310F,834.0,183.0,-2.573612386264542,0.08216704542930693
R310G,1641.0,393.0,-2.4474162898047704,0.05693909030264738
R310H,1026.0,381.0,-1.8146142102323486,0.0607245179278599
R310I,1138.0,325.0,-2.193427408208775,0.06359064384511563
R310K,1584.0,2172.0,0.06997911571071658,0.03435006348587912
R310L,948.0,308.0,-2.0073952727841347,0.06625483913388827
R310M,1736.0,533.0,-2.0890109392680314,0.05040223839659834
R310N,868.0,401.0,-1.4995436361671919,0.061106288857535614
R310P,566.0,106.0,-2.8020973668156284,0.10624518938817958
R310Q,1115.0,309.0,-2.236801403756437,0.06497083074054003
R310S,1471.0,582.0,-1.7231613938783559,0.049861841594270276
R310T,1252.0,521.0,-1.6503333034600813,0.052974326809635666
R310V,2265.0,789.0,-1.9068721157748505,0.04239250986728581
R310W,1397.0,246.0,-2.8910236685260333,0.06977753635644808
R310Y,754.0,178.0,-2.4680955544018994,0.0838577305054425
R310_,679.0,132.0,-2.7482557874869835,0.09558310905930366
R324A,957.0,1294.0,0.049772675123855414,0.0436569283679259
R324C,1726.0,1956.0,-0.20499726343040647,0.034334100075328104
R324D,1107.0,1339.0,-0.11097170583924143,0.04169375609778763
R324E,676.0,848.0,-0.058433496737462676,0.05240910335087979
R324F,1095.0,1502.0,0.07048018657018673,0.040831640633054285
R324G,1368.0,1480.0,-0.2719420387875058,0.03866360818368582
R324H,1398.0,1848.0,0.017127696794120073,0.03666932992993426
R324I,845.0,700.0,-0.6570630691149617,0.051963291344045946
R324K,1075.0,1296.0,-0.11574341643214758,0.04230883558264804
R324L,1525.0,1638.0,-0.2823447246724058,0.0368027847768367
R324M,1084.0,1582.0,0.1599104672477054,0.04053174866431432
R324N,1390.0,1774.0,-0.033551306301981665,0.03703145479260231
R324P,2618.0,490.0,-2.8030576974995043,0.05010946884722798
R324Q,4387.0,3905.0,-0.5533819384245415,0.023921572992529005
R324S,803.0,1017.0,-0.04462618048669231,0.04813318692763136
R324T,1777.0,1376.0,-0.7544310316976617,0.0371173358156504
R324V,1569.0,1788.0,-0.19696992835752214,0.035844668150853916
R324W,1428.0,1559.0,-0.25884608660151587,0.037814317277118155
R324Y,1142.0,1449.0,-0.041977918700461636,0.0406692772975321
R324_,667.0,94.0,-3.212292445269549,0.11056495301600433
R380A,1113.0,1500.0,0.04503537746818154,0.04066130132287968
R380C,1162.0,1444.0,-0.07201193750223389,0.04051306518427896
R380D,3401.0,1401.0,-1.6649661810180834,0.033106128757448006
R380E,2196.0,2550.0,-0.16985190562366848,0.03058988944609166
R380F,1589.0,1985.0,-0.06445211493340741,0.03494729086108189
R380G,1496.0,1874.0,-0.060461353767397696,0.03592039101449356
R380H,1392.0,1833.0,0.011574894848495276,0.03677160702827293
R380I,1402.0,1884.0,0.04083979662470716,0.0365001246369772
R380K,1018.0,1301.0,-0.03158986841044786,0.04288539262571658
R380L,1372.0,1601.0,-0.16277886405097375,0.03796943583881577
R380M,1775.0,2309.0,-0.0060229175640302834,0.03293444743468927
R380N,963.0,1190.0,-0.08011917373710276,0.04435036153000215
R380P,946.0,1203.0,-0.038748890477815046,0.04445823031516896
R380Q,1014.0,1289.0,-0.03927861036457614,0.04301380497740267
R380S,1229.0,1768.0,0.13915959396496458,0.03830777165371251
R380T,1562.0,2133.0,0.06401685335166851,0.03460110549594727
R380V,955.0,1236.0,-0.01336751579785922,0.04409511397153133
R380W,1554.0,1917.0,-0.08260811103208043,0.035402780530663557
R380Y,1277.0,1373.0,-0.28089787581850434,0.03999525869179178
R380_,897.0,1035.0,-0.17902145333111275,0.04657471086628124
R98A,633.0,105.0,-2.9771717563343785,0.10578691381235618
R98C,532.0,100.0,-2.7967792878549567,0.10939322965783442
R98D,484.0,59.0,-3.421475677837102,0.1382048044945843
R98E,513.0,86.0,-2.9618808242029697,0.11689332518054107
R98F,371.0,67.0,-2.854479947093946,0.13306654582189092
R98G,791.0,119.0,-3.118083316487768,0.09876779049225853
R98H,386.0,76.0,-2.729847269398931,0.12583713602326768
R98I,662.0,105.0,-3.041796475314279,0.10545932135060147
R98K,725.0,325.0,-1.5429869725040826,0.06741167854525995
R98L,720.0,128.0,-2.8772306138207258,0.09637932337405539
R98M,755.0,119.0,-3.0508831358843898,0.09907247693656326
R98N,559.0,91.0,-3.0042472980519728,0.11342352040578862
R98P,717.0,120.0,-2.964308800991776,0.09907337842983277
R98Q,898.0,189.0,-2.633739131371951,0.08057613407731191
R98T,304.0,61.0,-2.702471330520484,0.14059991384820383
R98V,701.0,113.0,-3.0184547718450254,0.1018012882898761
R98W,645.0,113.0,-2.898341274954997,0.10240777648149668
R98Y,630.0,99.0,-3.055198764981463,0.10851488824736547
R98_,728.0,139.0,-2.774239783648447,0.09303520438133231
S104A,558.0,666.0,-0.13021732369763495,0.058153041320532575
S104C,456.0,488.0,-0.28762493753064344,0.0658049191299062
S104D,899.0,438.0,-1.422843542079459,0.05902204890110009
S104E,272.0,189.0,-0.910667311608135,0.09515921114732441
S104F,409.0,263.0,-1.0224886490003353,0.07959446888221874
S104G,485.0,611.0,-0.052288687748315965,0.06153586159590173
S104H,323.0,273.0,-0.6280952199060881,0.08274638092018938
S104I,450.0,88.0,-2.739687885155872,0.11693046099088233
S104K,699.0,132.0,-2.7901360606909007,0.09536243010384451
S104L,432.0,75.0,-2.9113800468302564,0.12543736167438221
S104M,577.0,644.0,-0.2269834181180963,0.05808664059588404
S104N,920.0,764.0,-0.6535282073184936,0.04984017232706257
S104P,755.0,126.0,-2.9684277104131604,0.09668804761811373
S104Q,414.0,462.0,-0.22721172288789226,0.06832327998492514
S104R,767.0,135.0,-2.8916493039179176,0.09380211829519101
S104T,582.0,305.0,-1.3176575844649472,0.07130904041834678
S104V,838.0,155.0,-2.8200763565032334,0.08793585479437145
S104W,234.0,205.0,-0.576346085090023,0.09612152292960406
S104Y,271.0,229.0,-0.6284056761927808,0.09024819646658128
S104_,1116.0,68.0,-4.421929438805588,0.12525168277757712
S120A,255.0,352.0,0.07959240533741685,0.08276749308106256
S120C,594.0,704.0,-0.1403614834192064,0.05649887069596626
S120D,398.0,314.0,-0.7274643611920455,0.07606133261954276
S120E,597.0,624.0,-0.3216561343652833,0.05801523005739567
S120F,1101.0,1357.0,-0.0838664064653738,0.0416339511485452
S120G,328.0,466.0,0.12115092854403109,0.07268272777509703
S120H,1203.0,1734.0,0.14199339728811777,0.038680239236058886
S120I,810.0,1109.0,0.06779056401692607,0.04716431344908805
S120K,701.0,709.0,-0.3690992353347795,0.05408461144568485
S120L,857.0,980.0,-0.19198575430332365,0.04770178149678237
S120M,500.0,627.0,-0.05893868251215029,0.06068810076852725
S120N,326.0,227.0,-0.9076305536093807,0.08695227160008352
S120P,674.0,606.0,-0.5388985822152339,0.05676275167656064
S120Q,2257.0,10080.0,1.773542168015903,0.025109460038949535
S120R,774.0,558.0,-0.8575314154940781,0.0563229103472164
S120T,795.0,1213.0,0.2240763451710679,0.046588153044963526
S120V,398.0,363.0,-0.5182655739406421,0.07318100445589153
S120W,590.0,497.0,-0.6329347135074297,0.06160465207518242
S120Y,463.0,425.0,-0.5090167525990905,0.06782979477807514
S120_,793.0,126.0,-3.0392710162486205,0.096359280455249
S122A,721.0,1042.0,0.14580776256528694,0.04934411497608344
S122C,521.0,585.0,-0.21831996352940575,0.06096668044992198
S122D,285.0,257.0,-0.5346582312937098,0.08653185936423441
S122E,417.0,602.0,0.14423528521472573,0.06439985001644734
S122F,681.0,735.0,-0.2753822910581949,0.05401062492429636
S122G,224.0,358.0,0.290966562450353,0.08570600428288287
S122H,806.0,1117.0,0.08530227202137741,0.04716080160364354
S122I,898.0,1151.0,-0.02737323429196792,0.04550373838300964
S122K,288.0,345.0,-0.12495091219002052,0.08036655431917197
S122L,630.0,912.0,0.14820472862914968,0.05264950404894606
S122M,390.0,436.0,-0.224620078069246,0.07032621756014563
S122N,510.0,675.0,0.018913153973537433,0.0594173382149589
S122P,398.0,528.0,0.022290387815415258,0.0670419114389044
S122Q,384.0,461.0,-0.12181602176875206,0.06972419862782674
S122R,431.0,526.0,-0.09810130155624641,0.0656464089201683
S122T,1150.0,1183.0,-0.3446543237854822,0.0424626156415461
S122V,426.0,619.0,0.15360523363683232,0.06364793951012634
S122W,450.0,537.0,-0.13047829353252993,0.06459528028634559
S122Y,377.0,468.0,-0.0735336208095525,0.0698381750668516
S122_,664.0,122.0,-2.8296757584563235,0.0989457709994229
S133A,367.0,415.0,-0.20814345959447333,0.0722669811751077
S133C,318.0,298.0,-0.4791815764510874,0.08116872535516072
S133D,519.0,122.0,-2.474233125620448,0.10104953900165994
S133E,592.0,181.0,-2.095022329828632,0.08545134281735069
S133F,820.0,153.0,-2.8074857461819356,0.08856202660455224
S133G,259.0,292.0,-0.21246021007065874,0.08586972532628614
S133H,813.0,160.0,-2.730581213129197,0.08699322530696826
S133I,810.0,170.0,-2.6377902970025913,0.08488094179202889
S133K,269.0,42.0,-3.064325298980508,0.16616078006468635
S133L,571.0,124.0,-2.5885297355310124,0.0995156435482605
S133M,758.0,740.0,-0.4201423010447547,0.052524199931381174
S133N,633.0,539.0,-0.6173864383398113,0.0593567325796198
S133P,424.0,76.0,-2.8653073370841806,0.12491122161014187
S133Q,502.0,482.0,-0.444123211604329,0.06445814630066532
S133R,679.0,85.0,-3.38319854280176,0.11543079745613888
S133T,521.0,432.0,-0.6557165417475952,0.06574439039266106
S133V,613.0,222.0,-1.850756133688348,0.07889113413797215
S133W,828.0,156.0,-2.7934798712442817,0.08778254430285842
S133Y,553.0,87.0,-3.0535226315280006,0.11571271360684783
S133_,628.0,111.0,-2.885568074884266,0.10338637952303893
S138A,926.0,1141.0,-0.08425842902119207,0.04521651392992002
S138C,627.0,722.0,-0.18193981978088747,0.05539050407969022
S138D,295.0,86.0,-2.1636577344966295,0.122900306482486
S138E,606.0,232.0,-1.7706247975535172,0.07777217696749801
S138F,428.0,358.0,-0.6431148047364523,0.0722345260585969
S138G,215.0,250.0,-0.16788814516094064,0.09348262487166159
S138H,507.0,242.0,-1.4524177270523637,0.07869322094685387
S138I,600.0,668.0,-0.23058703201592579,0.05702488181778103
S138K,607.0,346.0,-1.1963767366122209,0.06801267439473428
S138L,222.0,282.0,-0.04034852660586985,0.09021357898876928
S138M,554.0,612.0,-0.24182697763906802,0.05939020523879067
S138N,412.0,268.0,-1.0058627086168244,0.07903508267627034
S138P,947.0,168.0,-2.8803027411788182,0.08423892450952866
S138Q,421.0,323.0,-0.767745857813126,0.07456094524970164
S138R,772.0,156.0,-2.692451214903665,0.0882801235297107
S138T,595.0,609.0,-0.35191818402806607,0.05840263576321329
S138V,793.0,921.0,-0.16959242436399702,0.049345692477080906
S138W,665.0,376.0,-1.2080751905179499,0.06520318398211582
S138Y,782.0,834.0,-0.292592560479056,0.05065567189958623
S138_,532.0,118.0,-2.5580144334476467,0.10218481659520808
S154A,439.0,518.0,-0.14674404004712382,0.06554793499762702
S154C,563.0,748.0,0.024426823792353503,0.05657970120009489
S154D,482.0,599.0,-0.07195317605161833,0.06190542500292911
S154E,743.0,2938.0,1.5979155870991066,0.04212431629707201
S154F,684.0,608.0,-0.5553925513257889,0.05652337038920558
S154G,238.0,279.0,-0.15617554541762502,0.08873454651742814
S154H,476.0,555.0,-0.1639483025470163,0.06317262237820892
S154I,720.0,1073.0,0.1901044861593455,0.04908199304834104
S154K,765.0,766.0,-0.38358556662114296,0.05196973273200139
S154L,722.0,824.0,-0.194827159509245,0.05183449191540813
S154M,412.0,619.0,0.20181317591777148,0.06427147906440131
S154N,758.0,756.0,-0.38928174994567133,0.05225124223030936
S154P,568.0,273.0,-1.442432719264099,0.07424026236378158
S154Q,302.0,345.0,-0.19342832793270937,0.07935886861253794
S154R,812.0,563.0,-0.9138071336161016,0.05564075837097634
S154T,608.0,721.0,-0.13954596938990793,0.05585577665267914
S154V,623.0,816.0,0.0038613255409085667,0.05402592460357371
S154W,266.0,347.0,-0.0019734292788653462,0.08203190344127945
S154Y,236.0,336.0,0.12418599393308671,0.08544837726787068
S154_,807.0,116.0,-3.1838075667463652,0.09973616823042653
S173A,746.0,619.0,-0.6547024396552761,0.05517392564384837
S173C,480.0,417.0,-0.588452667755524,0.06759828872501451
S173D,691.0,913.0,0.016453886646748295,0.051289862490422146
S173E,453.0,342.0,-0.7909745752792796,0.07224654027853625
S173F,725.0,467.0,-1.0200176381472872,0.06007318678310569
S173G,335.0,210.0,-1.0592163207782876,0.08851484743839713
S173H,478.0,465.0,-0.4252492445546894,0.06580814926399116
S173I,768.0,808.0,-0.31222213425920486,0.0512629447425131
S173K,911.0,710.0,-0.7450977325533712,0.05093454954829444
S173L,675.0,670.0,-0.39619643344010846,0.05533705133011453
S173M,375.0,445.0,-0.13856149748189583,0.07072447065929884
S173N,812.0,929.0,-0.19127355475528507,0.04895039615849359
S173P,832.0,652.0,-0.7371769631821836,0.05313983550773865
S173Q,556.0,581.0,-0.3220180221585345,0.06006566618653653
S173R,637.0,348.0,-1.257657444691799,0.06731663534771103
S173T,634.0,766.0,-0.11261255580791829,0.05450635608135251
S173V,555.0,729.0,0.00795465239148907,0.057111358873310404
S173W,529.0,146.0,-2.242698000095918,0.09395415947515928
S173Y,390.0,161.0,-1.6618310080830172,0.0941437510356229
S173_,377.0,67.0,-2.877624664872539,0.1329052670708423
S183A,471.0,674.0,0.13154211989180098,0.06078625967722785
S183C,724.0,887.0,-0.09252944092782833,0.05095874877813911
S183D,798.0,1034.0,-0.011698778530188747,0.04804623235032004
S183E,408.0,565.0,0.0842017034447311,0.06564308934367846
S183F,1007.0,782.0,-0.7502892349709462,0.04857992901449643
S183G,862.0,1048.0,-0.1035942142942119,0.046930623229821465
S183H,1048.0,1283.0,-0.09359025424634382,0.04268279746180891
S183I,1536.0,1087.0,-0.8842925823532934,0.04073336280321726
S183K,485.0,669.0,0.07854309602463161,0.06037196207929828
S183L,744.0,1034.0,0.08938603442401227,0.04898358163996141
S183M,371.0,554.0,0.19298375813875523,0.06773906840105423
S183N,1857.0,1882.0,-0.36617747675374046,0.03403030334221835
S183P,405.0,608.0,0.20066733600669995,0.06482283014112863
S183Q,434.0,588.0,0.05264222002832675,0.06397624874953498
S183R,948.0,1256.0,0.02040358180465418,0.04403666515016953
S183T,563.0,629.0,-0.22554778030809342,0.05877228861550292
S183V,674.0,815.0,-0.11142242155113724,0.052904168091613205
S183W,445.0,553.0,-0.07200237343264426,0.06437111741334432
S183Y,537.0,568.0,-0.30450281106964905,0.06091723713089118
S183_,920.0,171.0,-2.813039038123468,0.08380197275014889
S186A,817.0,1162.0,0.1227266561408129,0.04661295632719312
S186C,786.0,794.0,-0.37086067639593345,0.051184891379745336
S186D,1046.0,1279.0,-0.09533928631829713,0.0427326947370039
S186E,812.0,1106.0,0.06032484383199854,0.04715800635233325
S186F,567.0,711.0,-0.0589745148752403,0.057081538032158305
S186G,661.0,863.0,-0.0007650073453788764,0.05253366749643477
S186H,666.0,620.0,-0.48872254098151746,0.05659126122750931
S186I,478.0,701.0,0.1669240384759494,0.06005609291419903
S186K,974.0,1376.0,0.1130122789493333,0.042914299338097234
S186L,867.0,1172.0,0.049394154500681964,0.04576941067800019
S186M,748.0,915.0,-0.09474023322802338,0.05017947222371909
S186N,865.0,1072.0,-0.07594053895855346,0.046659380593751104
S186P,547.0,744.0,0.05828461846118049,0.05709993676898099
S186Q,808.0,1064.0,0.011596470476821885,0.047598990696231594
S186R,595.0,823.0,0.082525858710361,0.054625184362713304
S186T,916.0,1465.0,0.29200507272026677,0.04315663349910753
S186V,694.0,1032.0,0.18695840807054243,0.04998098603985765
S186W,1628.0,955.0,-1.1549920027504252,0.041827873176588634
S186Y,816.0,1043.0,-0.03137593367539093,0.047670257345428194
S186_,655.0,109.0,-2.9725266324327215,0.10386712305468063
S219A,753.0,835.0,-0.236345735145143,0.051125421651838844
S219C,414.0,494.0,-0.13059555548923996,0.06728941814522515
S219D,629.0,190.0,-2.1124777917209725,0.08331203648990178
S219E,657.0,224.0,-1.9378223786818403,0.07793810333979834
S219F,966.0,537.0,-1.232559356271655,0.054640308983640674
S219G,507.0,459.0,-0.5289588042568925,0.06510886374159616
S219H,544.0,592.0,-0.26348181221084843,0.06012966687591682
S219I,211.0,80.0,-1.7845293271088103,0.1316273689800481
S219K,781.0,120.0,-3.087656581591851,0.09849490830737095
S219L,816.0,212.0,-2.329924703684936,0.07765596242627082
S219M,835.0,352.0,-1.6316472476797976,0.06423887851189275
S219N,716.0,776.0,-0.2693746793439695,0.05266390039852014
S219P,709.0,200.0,-2.2112040290272272,0.08061254265857715
S219Q,397.0,452.0,-0.1982908428633694,0.06942177867887188
S219R,667.0,106.0,-3.0389782155304914,0.1049786403426314
S219T,1215.0,1370.0,-0.21225195039396283,0.04051141631446674
S219V,1599.0,707.0,-1.5628466217462562,0.04613034563400573
S219W,798.0,195.0,-2.4183289051272006,0.08043179697458218
S219Y,662.0,449.0,-0.9455756202896737,0.061853761158104925
S219_,645.0,113.0,-2.898341274954997,0.10240777648149668
S226A,753.0,1068.0,0.11871403981682604,0.04850298044477083
S226C,832.0,890.0,-0.2882495086487973,0.04912948392652831
S226D,642.0,139.0,-2.5928772851789477,0.09401888047530545
S226E,2115.0,193.0,-3.8393871692209727,0.07577667439742279
S226F,573.0,181.0,-2.0479611010179726,0.08577844469664529
S226G,1060.0,816.0,-0.7628893241141066,0.04750870639603677
S226H,675.0,148.0,-2.574684409655827,0.09124677782149812
S226I,2285.0,515.0,-2.5349983147475412,0.04967453467158162
S226K,328.0,108.0,-1.988045096045509,0.1113342005796905
S226L,748.0,239.0,-2.0314567629450018,0.07489339463964202
S226M,805.0,506.0,-1.0553109947425314,0.05750374597508749
S226N,1122.0,537.0,-1.4485348615779747,0.05330698873827996
S226P,1031.0,709.0,-0.92565063140517,0.04968455211172362
S226Q,735.0,186.0,-2.3678538811682204,0.08261232012736876
S226R,859.0,151.0,-2.8935010235606926,0.08873794841388728
S226T,961.0,934.0,-0.4265836334369624,0.04689817614450631
S226V,840.0,669.0,-0.713848913422888,0.0526632952360746
S226W,1267.0,222.0,-2.8982015309940845,0.07336058914841793
S226Y,384.0,72.0,-2.8003448949219907,0.12876052840411417
S226_,965.0,139.0,-3.180825408631944,0.0912041689864265
S230A,748.0,949.0,-0.04210445426519982,0.04978779848583819
S230C,1070.0,1325.0,-0.07709121814204956,0.04216036846416823
S230D,1064.0,1459.0,0.07000787518165019,0.04139386103891129
S230E,594.0,616.0,-0.3330036338594011,0.058266957114451644
S230F,559.0,789.0,0.11169930754881996,0.05607586381500078
S230G,776.0,695.0,-0.5445116941813373,0.05306303878196863
S230H,558.0,749.0,0.039223817252231896,0.056704434726564015
S230I,618.0,574.0,-0.4920244981253745,0.05872343145193565
S230K,434.0,353.0,-0.683489417989148,0.07228478398422007
S230L,943.0,1313.0,0.09206274269383474,0.043706494289797795
S230M,814.0,1012.0,-0.07136506352657257,0.04800867987935672
S230N,550.0,681.0,-0.07725205253337109,0.058092776302320126
S230P,920.0,165.0,-2.8645662710141746,0.08506114365220069
S230Q,1319.0,1013.0,-0.7662772728130314,0.042819576493085376
S230R,1011.0,783.0,-0.7541648157622758,0.04852264910768289
S230T,482.0,637.0,0.01678275665385076,0.0610957813737276
S230V,583.0,575.0,-0.40540376942837586,0.05951933562965746
S230W,801.0,985.0,-0.08715206889739147,0.04849594481370067
S230Y,670.0,878.0,0.004584556755307112,0.052150444945517356
S230_,631.0,117.0,-2.816501223195191,0.10109032453005343
S236A,1091.0,1380.0,-0.046455790272652564,0.04158640393123918
S236C,667.0,713.0,-0.2892562665258307,0.054680411942733716
S236D,458.0,636.0,0.08820016499891192,0.06199899550102281
S236E,1081.0,1174.0,-0.2664053581777486,0.043186305730501626
S236F,590.0,871.0,0.17647968931978752,0.05414049917243577
S236G,702.0,933.0,0.024930776022035417,0.05083793549274904
S236H,1311.0,1667.0,-0.038886117665418496,0.03809017973958968
S236I,767.0,1033.0,0.04406674155729817,0.048580072923971346
S236K,1067.0,1413.0,0.01972779230542976,0.04163078299921719
S236L,895.0,825.0,-0.5029623816660349,0.04916937207957487
S236M,816.0,971.0,-0.13457086512597716,0.04841017835292428
S236N,1091.0,1376.0,-0.05064355684586541,0.04161172270221673
S236P,1007.0,731.0,-0.847585149218312,0.049489633453064855
S236Q,1204.0,1412.0,-0.155567254951535,0.0403358754264565
S236R,514.0,706.0,0.07242200463604043,0.058737659582223586
S236T,302.0,364.0,-0.11608842210634585,0.0783998762224904
S236V,950.0,1122.0,-0.1453992569525253,0.04507874034727006
S236W,696.0,953.0,0.06791313186498726,0.050737388361433024
S236Y,647.0,748.0,-0.17620063926443574,0.05450381975331538
S236_,913.0,152.0,-2.9719346134734774,0.0881022559628326
S241A,1082.0,1351.0,-0.06514566570145686,0.04186415562530544
S241C,1208.0,1247.0,-0.33962954935201406,0.041448046805849195
S241D,991.0,221.0,-2.5502581531986754,0.0749797864309664
S241E,988.0,167.0,-2.9500613412216614,0.08419035332416773
S241F,1205.0,333.0,-2.2408778993910525,0.06261785796500999
S241G,902.0,346.0,-1.7677998804924702,0.06392917737575438
S241H,1151.0,181.0,-3.0542292469095234,0.08050822017439879
S241I,1358.0,327.0,-2.439557630289165,0.062310486596167634
S241K,1206.0,224.0,-2.8140770141939297,0.07335858248694754
S241L,578.0,140.0,-2.431034765842621,0.09466063346640136
S241M,853.0,669.0,-0.7360050653264105,0.052490759623805935
S241N,1205.0,222.0,-2.8258187388376186,0.07363684484496305
S241P,755.0,236.0,-2.0631179497635745,0.07516521166326655
S241Q,1252.0,273.0,-2.582690570432353,0.06745220408600629
S241R,844.0,159.0,-2.793612780527358,0.08695945843301531
S241T,1435.0,1120.0,-0.7430193634054327,0.040962459706609965
S241V,661.0,441.0,-0.9693309142754893,0.06219785666961938
S241W,924.0,245.0,-2.300538017948149,0.07247013254578318
S241Y,1455.0,159.0,-3.5793098515697057,0.08405003168163361
S241_,1041.0,189.0,-2.8469196430487607,0.07962126351098174
S267A,1144.0,1586.0,0.08583201807261087,0.03991047432178256
S267C,995.0,1429.0,0.13676289574461098,0.042344006303355095
S267D,1013.0,1237.0,-0.0972614391011426,0.04340245001578196
S267E,1502.0,1102.0,-0.8322272888706741,0.040760544520463134
S267F,761.0,1059.0,0.09125870950014381,0.04844105701695238
S267G,727.0,663.0,-0.5184147645735475,0.05451591009855061
S267H,1855.0,2729.0,0.17148053063255642,0.03152346077818039
S267I,842.0,1183.0,0.10508281005595066,0.0460559488257192
S267K,576.0,719.0,-0.06555220876105938,0.05670182440011155
S267L,516.0,689.0,0.03165571081728391,0.058970495699742234
S267M,552.0,742.0,0.041274041151397434,0.05698654925136509
S267N,922.0,1120.0,-0.1048128760495528,0.04544943107394443
S267P,1352.0,1859.0,0.07395852208527609,0.03695639186719729
S267Q,855.0,1184.0,0.08419788085441393,0.04585170775616289
S267R,657.0,902.0,0.0717579122380414,0.05214304063580624
S267T,1222.0,1659.0,0.055596304970187305,0.0388498096417859
S267V,712.0,970.0,0.06063193040105297,0.050235510768616966
S267W,1026.0,1408.0,0.07114260177423137,0.04210803103107995
S267Y,737.0,985.0,0.03298399037266275,0.04960107349037076
S267_,1036.0,154.0,-3.1354121804441846,0.08687083049997692
S275A,1200.0,1358.0,-0.20702251137063943,0.04071747377235206
S275C,979.0,1201.0,-0.09061752418625346,0.04407138798951549
S275D,756.0,842.0,-0.23003813659918748,0.05097629700456882
S275E,856.0,486.0,-1.2021118381798193,0.0575673185280547
S275F,975.0,1166.0,-0.12737894560468987,0.04440124731433695
S275G,1349.0,1559.0,-0.1767410471617934,0.03835272783311879
S275H,1621.0,1574.0,-0.427918470601373,0.03661193792100989
S275I,1434.0,620.0,-1.5951618812868804,0.04897384094948545
S275K,1316.0,598.0,-1.5233991234369597,0.050202591202892305
S275L,1574.0,1941.0,-0.0831073421774664,0.03519560135702777
S275M,792.0,982.0,-0.07525111652228667,0.04867385919067667
S275N,1124.0,1347.0,-0.12436449602214328,0.041476155378348374
S275P,857.0,585.0,-0.9363209388950757,0.0544466224506403
S275Q,2065.0,1919.0,-0.49125672492510875,0.033069258558148476
S275R,1536.0,259.0,-2.953578090460564,0.06782408790601514
S275T,2652.0,1975.0,-0.8106964437571471,0.031170718852457327
S275V,1307.0,623.0,-1.454413140255507,0.0495825618383569
S275W,822.0,863.0,-0.3152488546661134,0.04963345662106927
S275Y,1373.0,856.0,-1.067112763850091,0.044550557184427714
S275_,916.0,187.0,-2.6777181170111355,0.08079117184594439
S279A,1859.0,1312.0,-0.8882260011151377,0.03726022963852293
S279C,1026.0,719.0,-0.8984312376409642,0.04953448585958867
S279D,1059.0,350.0,-1.9827183523554712,0.06236628939004504
S279E,1144.0,1460.0,-0.03359159883410534,0.04058644758650212
S279F,1622.0,274.0,-2.950952449977088,0.06598663146616908
S279G,1252.0,1386.0,-0.23877860520175487,0.04010518495164448
S279H,991.0,185.0,-2.8067665495073646,0.08063745698666384
S279I,1236.0,245.0,-2.7202480631810184,0.07056015649373777
S279K,1341.0,164.0,-3.416934495417245,0.08325329103977848
S279L,1201.0,283.0,-2.4707934138959677,0.06674047693182186
S279M,1006.0,192.0,-2.7748614778546905,0.07931142832722761
S279N,1597.0,817.0,-1.3524178910282663,0.04402681070790117
S279P,1305.0,207.0,-3.0417586816674027,0.07540011167053726
S279Q,1059.0,964.0,-0.5210663815887369,0.04549534551004774
S279R,1004.0,172.0,-2.930679479815802,0.08305321295553769
S279T,999.0,449.0,-1.539221729782545,0.05758756419872455
S279V,731.0,117.0,-3.02872949649172,0.10001231482763569
S279W,922.0,120.0,-3.327097958956557,0.09749584894091706
S279Y,713.0,121.0,-2.9442662234575785,0.0987648692881181
S279_,1436.0,245.0,-2.936623443444804,0.06975711234119554
S299A,910.0,156.0,-2.9297140787876295,0.08716047971879429
S299C,1056.0,315.0,-2.1306241500223617,0.06488202990950388
S299D,168.0,56.0,-1.970260958101866,0.15457747570368896
S299E,1220.0,497.0,-1.6810163747780997,0.05403621047534578
S299F,832.0,154.0,-2.8190470253185422,0.08822249245183997
S299G,1770.0,342.0,-2.757117283778686,0.05980864780852739
S299H,512.0,75.0,-3.156487326697116,0.12398732727671517
S299I,1328.0,329.0,-2.3985328573381923,0.06229480195842595
S299K,1033.0,157.0,-3.103396053845022,0.08617006789011288
S299L,1057.0,805.0,-0.7783806020562505,0.04771268296488114
S299M,1034.0,631.0,-1.0979855507261522,0.05138175019416218
S299N,1238.0,463.0,-1.8043778963032553,0.055278776788330854
S299P,1257.0,244.0,-2.750454134811748,0.07058290157915581
S299Q,1053.0,294.0,-2.226052192853153,0.06662670734953942
S299R,563.0,51.0,-3.849778727710997,0.14652092437854872
S299T,1108.0,370.0,-1.9678049213031459,0.06077304721570524
S299V,622.0,123.0,-2.723632357893538,0.09912278368716589
S299W,1118.0,204.0,-2.83969150279777,0.07670972275532205
S299Y,2038.0,279.0,-3.2542425810675604,0.06452123940214484
S299_,1285.0,226.0,-2.8927912605162516,0.0727392722166818
S318A,724.0,904.0,-0.06514107867643393,0.050750305663501596
S318C,1223.0,1416.0,-0.17407493261619766,0.04015070588787036
S318D,1401.0,467.0,-1.970412092143492,0.05425188687787738
S318E,684.0,155.0,-2.527126313739805,0.08945042373396131
S318F,1326.0,696.0,-1.315381902394435,0.047740106520544855
S318G,1594.0,927.0,-1.1674740594982582,0.042359182358147854
S318H,2064.0,1689.0,-0.674742277067081,0.034128745385522186
S318I,1138.0,347.0,-2.0989342778531617,0.062037915115539986
S318K,939.0,177.0,-2.792779842108028,0.0824776600234031
S318L,882.0,240.0,-2.263170682248459,0.07340627858140669
S318M,912.0,659.0,-0.8542194724215033,0.05198193475428019
S318N,1304.0,426.0,-1.9994659182384233,0.05659012901230409
S318P,1402.0,231.0,-2.9869396161896975,0.07162606569910288
S318Q,913.0,437.0,-1.4484345552030806,0.058921728508758514
S318T,1171.0,843.0,-0.8596019323312358,0.04613462799461105
S318V,1134.0,676.0,-1.1317870556442937,0.04949049581460073
S318W,656.0,150.0,-2.514129316140105,0.09098793292157091
S318Y,301.0,130.0,-1.596659007076009,0.10536640577791437
S318_,1297.0,180.0,-3.2345108300509353,0.08009035952115302
S333A,4195.0,1650.0,-1.7316696680390518,0.03053932000356201
S333C,1500.0,1617.0,-0.27711370417141357,0.037058093130604236
S333D,465.0,121.0,-2.3276056543651302,0.10248163698476236
S333E,1157.0,353.0,-2.098090562434357,0.06152472986431503
S333F,924.0,758.0,-0.6711617702992276,0.04989687222704561
S333G,1079.0,1333.0,-0.0804908184734261,0.04201395087482423
S333H,1292.0,1277.0,-0.4023176001755244,0.04056207243776825
S333I,1474.0,673.0,-1.5165166518001936,0.04746049041797808
S333K,1169.0,206.0,-2.889971182877159,0.07614310637851833
S333L,885.0,752.0,-0.6204120965391988,0.0504768755478452
S333M,756.0,766.0,-0.36651227776828144,0.05211923340999724
S333N,1191.0,1229.0,-0.3401590583717704,0.041731297862631564
S333P,737.0,173.0,-2.4762989525433374,0.08500035933931184
S333Q,1548.0,1407.0,-0.52325239530014,0.03801226565881049
S333R,1078.0,180.0,-2.967691788280061,0.08106230189954221
S333T,1505.0,1324.0,-0.570329240721104,0.03883224685388836
S333V,1087.0,762.0,-0.8979535632014866,0.0481714454121046
S333W,2263.0,2203.0,-0.42423710228261635,0.031369227347684416
S333Y,1255.0,1110.0,-0.5625963722854257,0.0422600741077035
S333_,903.0,136.0,-3.1164994225600555,0.09245551733723002
S337A,951.0,1137.0,-0.12775765997509136,0.044935821716557856
S337C,1132.0,928.0,-0.6721446324514675,0.045267799774125775
S337D,1035.0,218.0,-2.6326486758177747,0.07510881753634925
S337E,1618.0,302.0,-2.807022485388901,0.06338301403471669
S337F,2008.0,328.0,-2.9994249364632535,0.06029019577779129
S337G,806.0,1143.0,0.11849819595737898,0.04694440391918942
S337H,2568.0,390.0,-3.1045379859734306,0.055151229195425255
S337I,574.0,69.0,-3.4416687189970503,0.1277536619256531
S337K,773.0,108.0,-3.2247923748811003,0.10315164082133593
S337L,1328.0,236.0,-2.87781630210759,0.07126240000131391
S337M,1855.0,320.0,-2.9207082567626137,0.06125518490338501
S337N,846.0,256.0,-2.1099447383242786,0.0719467248874398
S337P,1777.0,397.0,-2.5476747344532464,0.0563008521661993
S337Q,1080.0,245.0,-2.5256023183102894,0.07138345812663249
S337R,1051.0,110.0,-3.6415400054649467,0.10064672439580077
S337T,2849.0,710.0,-2.3900196226288264,0.0429842374022501
S337V,1518.0,299.0,-2.7293858415891608,0.06396359606133532
S337W,727.0,138.0,-2.7826725885187678,0.09332504126448374
S337Y,1661.0,177.0,-3.6156281740094856,0.07962195898774438
S337_,1408.0,231.0,-2.9931005569661258,0.0716048450997351
S366A,964.0,1240.0,-0.022238448350398343,0.043954447167737214
S366C,1536.0,1509.0,-0.411055428484715,0.037442465717403825
S366D,2009.0,472.0,-2.4750656016110635,0.052005494547341755
S366E,1268.0,346.0,-2.2591506707396505,0.061375417507916634
S366F,783.0,248.0,-2.0441026263428306,0.07346722436874349
S366G,974.0,1005.0,-0.3402688192475898,0.04593379102731899
S366H,1550.0,325.0,-2.6391916963385937,0.06172681922947486
S366I,778.0,214.0,-2.247580674369514,0.07775746940594637
S366K,1313.0,253.0,-2.761081777887264,0.06929817060695988
S366L,1203.0,345.0,-2.187408737643273,0.061789397760053745
S366M,811.0,243.0,-2.1241742069917704,0.07373128298958112
S366N,1662.0,578.0,-1.909232891159847,0.04919318702858459
S366P,1859.0,391.0,-2.6347273074356394,0.05642353009594726
S366Q,724.0,209.0,-2.1779078411189,0.07908142098423378
S366R,1262.0,193.0,-3.0944460267287988,0.07785679243071467
S366T,1531.0,1372.0,-0.5436628956315466,0.03834365577463331
S366V,733.0,335.0,-1.5150989061807723,0.06661409813414026
S366W,642.0,172.0,-2.2855735152967345,0.08636803982554234
S366Y,720.0,168.0,-2.4849400250403866,0.08619229050792598
S366_,1441.0,245.0,-2.941637994936844,0.06973979102145869
S38A,486.0,662.0,0.06039682488892151,0.06046765011887527
S38C,426.0,489.0,-0.18649351463910246,0.06693672663738731
S38D,909.0,614.0,-0.951504199845254,0.05307495226252597
S38E,727.0,925.0,-0.037976432605717036,0.050445822136117334
S38F,1067.0,770.0,-0.8560947963885344,0.048208893897746186
S38G,707.0,909.0,-0.022904641542775828,0.05101685739876902
S38H,560.0,572.0,-0.35488240697381546,0.06018403660741623
S38I,728.0,952.0,0.0015482739392451705,0.050122163946094166
S38K,606.0,906.0,0.19471518727267512,0.053311284379668616
S38L,786.0,852.0,-0.2691474902203499,0.05034042379628289
S38M,1012.0,1306.0,-0.017527788676673595,0.04291897166087916
S38N,711.0,862.0,-0.10763543129941144,0.05152420797958836
S38P,1409.0,1123.0,-0.7127812626233769,0.04109010672419177
S38Q,1231.0,1479.0,-0.12068086088678065,0.03970747681631684
S38R,423.0,569.0,0.04229205167624617,0.06488191846596737
S38T,729.0,1014.0,0.09059118410167599,0.04945828083421443
S38V,827.0,912.0,-0.24432531723173323,0.04892718166564606
S38W,712.0,976.0,0.06952823945712172,0.050172392820521064
S38Y,717.0,727.0,-0.3654882178963428,0.05346393424544167
S38_,524.0,86.0,-2.992488219782512,0.11671816593015381
S50A,302.0,415.0,0.07307959331161129,0.07621642741816605
S50C,491.0,647.0,0.012565416890228498,0.060583861246414836
S50D,619.0,871.0,0.10725637992751214,0.05340215267500392
S50E,394.0,169.0,-1.606593821636615,0.09242851824356313
S50F,931.0,1108.0,-0.13436785330572665,0.04544046575698109
S50G,724.0,680.0,-0.4759238479340482,0.05422156102990297
S50H,352.0,445.0,-0.047248844453541494,0.07194569881614502
S50I,660.0,741.0,-0.2184650576994427,0.054340157258346455
S50K,636.0,816.0,-0.025932803387485492,0.0537214312838061
S50L,517.0,702.0,0.05582920985139772,0.05871025784700628
S50M,644.0,1003.0,0.25371080795527323,0.05136131454224137
S50N,765.0,1012.0,0.018202847941648947,0.04882130336734798
S50P,1084.0,865.0,-0.711059535650878,0.04654859174218446
S50Q,749.0,1045.0,0.09498967630353938,0.04878769291865614
S50R,829.0,101.0,-3.422361563798563,0.10580398218285841
S50T,763.0,1059.0,0.08747215586152102,0.04840549181712991
S50V,894.0,1151.0,-0.020932692615422965,0.045558452368075646
S50W,512.0,859.0,0.36103275238460153,0.05661653764050899
S50Y,104.0,107.0,-0.3444468070826394,0.13801302787189995
S50_,615.0,92.0,-3.126217482625001,0.1121721372334144
S55A,339.0,397.0,-0.15762266962037508,0.07454400320371449
S55C,1552.0,458.0,-2.1461570365744818,0.05399906356752052
S55D,1298.0,98.0,-4.112698918672229,0.10517445162324944
S55E,282.0,53.0,-2.796880061738916,0.14999517805595547
S55F,409.0,88.0,-2.6018669406331707,0.11787912395249298
S55G,1388.0,1628.0,-0.1553785869417461,0.03772157770589513
S55H,520.0,63.0,-3.4303568387035686,0.13372266586849685
S55I,872.0,114.0,-3.3206544948854786,0.10003074998789459
S55K,793.0,145.0,-2.836656852017657,0.09080368361262403
S55L,634.0,106.0,-2.9657754202994733,0.10534965220088958
S55M,437.0,77.0,-2.890018777564139,0.12394280300195958
S55N,822.0,163.0,-2.7196656605416987,0.08625159628189026
S55P,609.0,117.0,-2.7653042720495833,0.1013730829026634
S55Q,1198.0,182.0,-3.1040205146353514,0.08010702757801559
S55R,1296.0,219.0,-2.9504783865114,0.07366013315156418
S55T,1349.0,294.0,-2.5834340985453377,0.06504416871457878
S55V,1056.0,170.0,-3.0204021694692846,0.08316959991004308
S55W,650.0,101.0,-3.0714339726259476,0.10736229528603798
S55Y,691.0,119.0,-2.923093971857373,0.0996896533141788
S55_,848.0,176.0,-2.653894066104927,0.08336031085270527
S79A,415.0,493.0,-0.13699937622577885,0.06727667941951988
S79C,362.0,419.0,-0.17451506118251192,0.07236813660684341
S79D,733.0,436.0,-1.1349418426734923,0.06120439465645389
S79E,377.0,194.0,-1.3439419608864203,0.0888540246805976
S79F,571.0,603.0,-0.3068042706084242,0.05914258013175736
S79G,416.0,404.0,-0.4276973916570066,0.0704782896155097
S79H,1291.0,651.0,-1.3732187524206365,0.048978329209553334
S79I,730.0,659.0,-0.5330860558967006,0.054548020901177455
S79K,767.0,262.0,-1.9350936981274165,0.07217081726705746
S79L,699.0,633.0,-0.528554990349285,0.05566473975015356
S79M,644.0,663.0,-0.3435226463295322,0.056118254385939106
S79N,347.0,239.0,-0.9233764440245862,0.0845807387659149
S79P,131.0,96.0,-0.8338905394453002,0.13467294272882674
S79Q,1108.0,1368.0,-0.08136231218668044,0.04149364310091132
S79R,347.0,55.0,-3.0426816166811683,0.1454252007358186
S79T,368.0,319.0,-0.5916135069346806,0.07707288832617898
S79V,521.0,534.0,-0.34991449104742767,0.06229115301458555
S79W,369.0,460.0,-0.06746487576468052,0.07051265222787127
S79Y,564.0,697.0,-0.08001157386040703,0.057410212797167834
S79_,472.0,105.0,-2.553760890306169,0.1083038154536451
S81A,306.0,424.0,0.08504930482272055,0.0755944223116354
S81C,885.0,774.0,-0.5788117373689454,0.05010108168554105
S81D,280.0,321.0,-0.18833029700140536,0.08230846527324348
S81E,579.0,540.0,-0.48607232775519016,0.060556734768357545
S81F,401.0,157.0,-1.7382519524162383,0.09460940312287892
S81G,557.0,512.0,-0.5070014272594978,0.061940305436051835
S81H,289.0,122.0,-1.6295902018187096,0.10837136185017339
S81I,413.0,237.0,-1.1866989686039515,0.0820286219262974
S81K,895.0,256.0,-2.1911738237314733,0.07149558062459743
S81L,410.0,105.0,-2.350602562455469,0.10977286624157875
S81M,467.0,212.0,-1.524791313941824,0.08334419652032406
S81N,715.0,693.0,-0.4305574353270183,0.05412741576757951
S81P,363.0,335.0,-0.5012753172339961,0.07634098014864553
S81Q,393.0,308.0,-0.7370590172530678,0.07667676983572941
S81R,801.0,155.0,-2.7549291504456512,0.08824871240277556
S81T,484.0,556.0,-0.18539621081936364,0.062871428306895
S81V,734.0,640.0,-0.5831754574804613,0.054891433979693253
S81W,1163.0,412.0,-1.8825824290827793,0.058096282744072955
S81Y,475.0,179.0,-1.7933878892710666,0.08820268483709595
S81_,539.0,72.0,-3.289513053152639,0.12581902865865127
S92A,1470.0,2368.0,0.3023790177893102,0.034507646602141
S92C,360.0,363.0,-0.37349787586858874,0.07497106339557226
S92D,684.0,914.0,0.032722346270263714,0.05142238367362871
S92E,1071.0,1161.0,-0.2690617384499916,0.043396218739656996
S92F,513.0,678.0,0.016849417277417622,0.0592654951886777
S92G,491.0,670.0,0.06296003479309054,0.06014439387664917
S92H,376.0,279.0,-0.815924386660801,0.07957272990022896
S92I,2116.0,834.0,-1.7286800446313815,0.04195031141863773
S92K,547.0,477.0,-0.5830178827113786,0.06334608853059413
S92L,497.0,545.0,-0.2524623647960338,0.06273017893084945
S92M,620.0,674.0,-0.2649916747140528,0.056433583999668066
S92N,347.0,281.0,-0.6898259537838429,0.08079955589193387
S92P,379.0,486.0,-0.026720101464214885,0.06916818865661627
S92Q,321.0,387.0,-0.11571758193521742,0.07607427285930699
S92R,429.0,416.0,-0.4298632548157313,0.06944746968689328
S92T,336.0,337.0,-0.38118295535027524,0.07766329623109956
S92V,509.0,603.0,-0.14098225886526272,0.0609192901715881
S92W,512.0,533.0,-0.3274795737545313,0.06258944752085668
S92Y,287.0,351.0,-0.0950590581245816,0.08013323604383286
S92_,592.0,127.0,-2.606149641283654,0.09823833839477612
S97A,578.0,581.0,-0.3780016443224117,0.05949310317295676
S97C,344.0,257.0,-0.8060961951529055,0.08298196254124494
S97D,448.0,233.0,-1.328609249491426,0.08131401487208452
S97E,554.0,322.0,-1.1682767119747783,0.07070169635240924
S97F,637.0,217.0,-1.9390246821438621,0.0791588992108192
S97G,435.0,399.0,-0.5100938485650444,0.06995152078215734
S97H,1275.0,164.0,-3.3441230621576725,0.08348479771029507
S97I,642.0,366.0,-1.1961828895364324,0.06616637063988634
S97K,473.0,90.0,-2.7791836734420396,0.11537855766187158
S97L,512.0,164.0,-2.027858392562951,0.09021358394633833
S97M,429.0,170.0,-1.7208618546532959,0.09111075466819649
S97N,377.0,259.0,-0.9270651777582541,0.08124973236441264
S97P,480.0,221.0,-1.5044229995556027,0.08183023128055579
S97Q,603.0,343.0,-1.1994014766996148,0.06827831917163625
S97R,343.0,52.0,-3.106859880164741,0.14909947449535707
S97T,416.0,450.0,-0.27213133348952034,0.06865985646624458
S97V,533.0,436.0,-0.6752715625677856,0.06525241348066745
S97W,610.0,109.0,-2.869842593292325,0.1044078655607562
S97Y,484.0,146.0,-2.1144398608371304,0.09488484422374523
S97_,544.0,97.0,-2.872897981514038,0.11061027000423643
T113A,707.0,775.0,-0.2529858814207726,0.05284815759956845
T113C,681.0,729.0,-0.2872075649057191,0.05411418662011398
T113D,330.0,226.0,-0.931593320894911,0.08685049722174759
T113E,552.0,437.0,-0.7224982959284088,0.06471516993546855
T113F,472.0,421.0,-0.5504331100074031,0.06769087349274304
T113G,924.0,1000.0,-0.2714361297205192,0.046588024734835996
T113H,345.0,427.0,-0.07783850865970177,0.07299689664691908
T113I,615.0,486.0,-0.7250940564549229,0.06141478105529244
T113K,444.0,138.0,-2.0712895493529038,0.09790948858898066
T113L,616.0,648.0,-0.31240788070026415,0.057050425161616534
T113M,797.0,965.0,-0.10952411950676577,0.04877666216694518
T113N,373.0,395.0,-0.30279531770739077,0.07280583377366526
T113P,318.0,401.0,-0.05090410524746769,0.07567346483724804
T113Q,149.0,196.0,0.01004792039709912,0.10909149461040675
T113R,678.0,183.0,-2.274854256089238,0.08382900132975796
T113S,543.0,509.0,-0.4787549533645379,0.062405122666578765
T113V,192.0,224.0,-0.16308849882915144,0.09879455037451751
T113W,528.0,565.0,-0.28775903771395406,0.061253558121600035
T113Y,438.0,543.0,-0.07545522728557241,0.06490650420671143
T113_,450.0,54.0,-3.4441287939199707,0.144310350694879
T184A,1236.0,1377.0,-0.2296215653086593,0.040292440487484975
T184C,746.0,957.0,-0.026131155957299868,0.04973530380545021
T184D,706.0,955.0,0.050357035351345836,0.05051469752131436
T184E,523.0,630.0,-0.11693398919424602,0.05989574610883188
T184F,642.0,799.0,-0.06985239610596228,0.0538272385272034
T184G,724.0,1007.0,0.09052629458011907,0.04962307799029361
T184H,432.0,612.0,0.11702033210633367,0.06353688803110204
T184I,827.0,1041.0,-0.05346293835947957,0.047518369776539136
T184K,969.0,1242.0,-0.027376856102770297,0.04387872228542301
T184L,1414.0,933.0,-0.9852980603169161,0.043211377314813025
T184M,220.0,272.0,-0.0793795948940339,0.09115809372189468
T184N,844.0,1079.0,-0.031093948401954563,0.046902134642965235
T184P,592.0,818.0,0.08102674807422883,0.05477092547839693
T184Q,621.0,744.0,-0.12476467414415726,0.055159429499067304
T184R,471.0,583.0,-0.07770724705834287,0.06266217597874775
T184S,886.0,823.0,-0.4918832080254756,0.04931452297907596
T184V,563.0,779.0,0.08301111444322995,0.05610759871738931
T184W,1065.0,1254.0,-0.14978831032721995,0.042715510124710546
T184Y,701.0,971.0,0.08458094243123959,0.050443863492111995
T184_,374.0,94.0,-2.37766089874195,0.11575450850511634
T185A,796.0,1019.0,-0.029160437040264497,0.048226807297572345
T185C,533.0,643.0,-0.114791612210702,0.0593256930354256
T185D,576.0,825.0,0.1328475618793954,0.05510355859313761
T185E,481.0,573.0,-0.13297675700364397,0.06254873122335222
T185F,795.0,979.0,-0.08511959756807741,0.048656967828862654
T185G,618.0,788.0,-0.034886430989162776,0.05454659386366489
T185H,270.0,355.0,0.009376637558963452,0.08129331629853145
T185I,738.0,1167.0,0.27563446709189154,0.04795936358118304
T185K,330.0,455.0,0.07791832435935042,0.07291213739926788
T185L,608.0,701.0,-0.1801302137396945,0.056208875132815514
T185M,917.0,1080.0,-0.1494348873498339,0.0458762757899428
T185N,432.0,601.0,0.09085410157853868,0.06377179421286956
T185P,835.0,1297.0,0.2498540361426933,0.04535205844854303
T185Q,1148.0,1309.0,-0.19612927674191205,0.041511725270180655
T185R,1109.0,1475.0,0.02598217466464625,0.040839702602073986
T185S,1088.0,1492.0,0.07009520215990683,0.04095803551091568
T185V,1974.0,832.0,-1.6319267111485085,0.04238757313750739
T185W,860.0,1187.0,0.07943656235683072,0.04575417731444672
T185Y,365.0,438.0,-0.12244236799597363,0.07149068852439577
T185_,382.0,43.0,-3.5363365546040058,0.16110975787053197
T197A,1144.0,1083.0,-0.464523285209852,0.043424479506485925
T197C,686.0,926.0,0.04732798013006345,0.05124276848469007
T197D,625.0,792.0,-0.04383081302097125,0.05432126102987903
T197E,1080.0,1278.0,-0.14261573202660127,0.042386301116982765
T197F,665.0,768.0,-0.17772112554378605,0.0537960764753984
T197G,729.0,968.0,0.023613160478748618,0.04992980226409187
T197H,415.0,563.0,0.054544261088599555,0.0653755501463712
T197I,717.0,930.0,-0.010217197416061197,0.05057818326160743
T197K,565.0,834.0,0.17631809399394083,0.05529124025171285
T197L,1074.0,1257.0,-0.15848148552184238,0.04260097798650754
T197M,593.0,805.0,0.055480085127903145,0.05492492581937931
T197N,532.0,700.0,0.010451981693496037,0.05827889511376659
T197P,663.0,819.0,-0.08061974954376883,0.053079881955051415
T197Q,636.0,784.0,-0.08364757961662228,0.05418496965217171
T197R,1676.0,1357.0,-0.6900695911026284,0.03770655215478372
T197S,425.0,531.0,-0.06422794279153621,0.06575944190370094
T197V,498.0,848.0,0.38243637947232667,0.057231441212604504
T197W,797.0,897.0,-0.21494394340605982,0.04957538556636654
T197Y,1355.0,1924.0,0.12034261242109201,0.03668738789847949
T197_,724.0,145.0,-2.705327417225388,0.0914630373642021
T206A,754.0,1146.0,0.2184938842890567,0.047823109175493865
T206C,624.0,879.0,0.10884024282646365,0.053182671849326284
T206D,556.0,238.0,-1.609558827116122,0.0780272235877342
T206E,589.0,301.0,-1.3539508979113393,0.07147116544078944
T206F,316.0,303.0,-0.44607499232272296,0.08094993894186253
T206G,824.0,996.0,-0.11197180497322368,0.0480187272623185
T206H,634.0,700.0,-0.24260025013458186,0.05562398662342681
T206I,612.0,867.0,0.11702322091202344,0.053624286872300725
T206K,440.0,468.0,-0.2964671419511662,0.06706412439247432
T206L,740.0,808.0,-0.258641804832183,0.0517412428766773
T206M,717.0,967.0,0.0460673825086193,0.05016981997256639
T206N,469.0,556.0,-0.13997803937964726,0.06339474885777364
T206P,615.0,780.0,-0.04258743511713714,0.05473791506717008
T206Q,725.0,758.0,-0.3212541993919702,0.05278967520697629
T206R,935.0,597.0,-1.032696884124097,0.05322345137015198
T206S,726.0,952.0,0.005517121549994286,0.05015989742047562
T206V,687.0,851.0,-0.07662520041513776,0.05214280286394687
T206W,827.0,1014.0,-0.09137498563939062,0.04778674992799412
T206Y,902.0,1035.0,-0.18704081251325277,0.046508322674632736
T206_,688.0,114.0,-2.978739349489887,0.10155216565652193
T211A,902.0,1212.0,0.040716082933151654,0.0449658263444683
T211C,1112.0,1296.0,-0.16456309814019932,0.041941461014399516
T211D,386.0,89.0,-2.502069076223064,0.11795555888136945
T211E,703.0,166.0,-2.4677452491819256,0.08680093928949492
T211F,839.0,166.0,-2.7228880440265666,0.08546244260597262
T211G,510.0,587.0,-0.18261064073720057,0.061257726354524415
T211H,731.0,143.0,-2.739245297058229,0.09191682668057434
T211I,357.0,322.0,-0.5343291798228043,0.0774257727421555
T211K,471.0,163.0,-1.9162674056877957,0.09135592385173508
T211L,564.0,369.0,-0.9975310152607371,0.06761055056408966
T211M,450.0,317.0,-0.8908988967910814,0.07392470589556042
T211N,934.0,926.0,-0.39788040935113944,0.04731563137346082
T211P,1070.0,231.0,-2.5970672563083,0.07315464659314834
T211Q,442.0,552.0,-0.06485479320695742,0.06451486896225045
T211R,887.0,142.0,-3.0284280312683194,0.09086999123704755
T211S,1034.0,1222.0,-0.14446423337185355,0.04328564684941827
T211V,1037.0,1589.0,0.23022821129208637,0.04101034252671169
T211W,915.0,190.0,-2.653182348940014,0.08027440320966918
T211Y,599.0,145.0,-2.4318978811995704,0.0930253300087472
T211_,2990.0,265.0,-3.881501790745353,0.06477734351203647
T223A,689.0,822.0,-0.1308391632595871,0.05249859652017695
T223C,899.0,999.0,-0.2333082304356333,0.046920574796345545
T223D,1089.0,190.0,-2.904340135240278,0.07917929523084954
T223E,363.0,171.0,-1.4713987869098473,0.093223231965212
T223F,1255.0,525.0,-1.6427522385196527,0.05281805281447555
T223G,764.0,761.0,-0.3911462964378405,0.05206862058790709
T223H,508.0,518.0,-0.35734713367460547,0.06314383999589669
T223I,781.0,978.0,-0.060961990418177514,0.04889879802610171
T223K,899.0,149.0,-2.978398197163904,0.08894666016320528
T223L,823.0,558.0,-0.9460891700232725,0.055635863640606256
T223M,1016.0,1289.0,-0.042121332126272115,0.04299123319357744
T223N,334.0,364.0,-0.26138339850293946,0.07634994624683138
T223P,523.0,193.0,-1.8236331209510857,0.08474256728516605
T223Q,945.0,1249.0,0.016913340374218322,0.044125260809695026
T223R,1571.0,190.0,-3.4330152972519774,0.07737976974347201
T223S,561.0,654.0,-0.16418397832871978,0.05830731264346563
T223V,1487.0,1657.0,-0.2293022265536937,0.03693510217069215
T223W,388.0,624.0,0.300005127873356,0.06532997982034587
T223Y,879.0,737.0,-0.6396655701092557,0.05082019143085496
T223_,777.0,104.0,-3.286681109989326,0.10483157706742716
T229A,656.0,848.0,-0.015106715723425701,0.052837610302500324
T229C,1419.0,1355.0,-0.4520514439576053,0.03912714251153961
T229D,1661.0,185.0,-3.55185578806003,0.07807285860714643
T229E,1032.0,571.0,-1.2393392200508497,0.0529950974359409
T229F,879.0,845.0,-0.4423813499269116,0.04908437747278738
T229G,639.0,443.0,-0.9139694298371994,0.06253335753217049
T229H,231.0,72.0,-2.06715631890171,0.1352922457410111
T229I,1865.0,287.0,-3.085480643178877,0.06409839303906213
T229K,1330.0,247.0,-2.814265924917069,0.06991786479358579
T229L,550.0,328.0,-1.1311882367866009,0.07039212299565588
T229M,338.0,308.0,-0.5195589246000418,0.07933066788636275
T229N,899.0,264.0,-2.153214773684658,0.07062778965254767
T229P,1056.0,327.0,-2.0766870235873496,0.06397801080702818
T229Q,640.0,366.0,-1.1916815675250376,0.06620314231989952
T229R,709.0,121.0,-2.9361498884076074,0.09880491826972107
T229S,1086.0,545.0,-1.3801529676844657,0.053327715419528895
T229V,463.0,550.0,-0.1370556899979789,0.06376632344832171
T229W,788.0,331.0,-1.6368093218977977,0.06616865476367176
T229Y,557.0,468.0,-0.63663405855067,0.06340521322706644
T229_,435.0,76.0,-2.9022576128539104,0.12467227466583622
T245A,786.0,1017.0,-0.013755893807499753,0.048412164011832286
T245C,1091.0,1342.0,-0.08673908971644195,0.04183237373199542
T245D,1422.0,1404.0,-0.4038485855914349,0.038777445161560745
T245E,751.0,940.0,-0.06162619975016437,0.04983546268920244
T245F,1204.0,1240.0,-0.3429658057087597,0.041535739718167784
T245G,826.0,990.0,-0.12418633613144081,0.04805147846250355
T245H,1154.0,463.0,-1.7030106539842143,0.055808053743678886
T245I,1090.0,1297.0,-0.13462195415232525,0.042150225781593526
T245K,1262.0,238.0,-2.7920994336255824,0.07128888809271401
T245L,2981.0,3272.0,-0.25109424381447365,0.027005443737062047
T245M,1019.0,1207.0,-0.14120076695243533,0.04356664856849997
T245N,702.0,285.0,-1.6859492286735458,0.07086144671806363
T245P,1185.0,1039.0,-0.5751598804661082,0.04352636050084004
T245Q,886.0,746.0,-0.6335981988482482,0.050570097060465787
T245R,2234.0,288.0,-3.340915020565828,0.06330830839778984
T245S,1646.0,2162.0,0.007929909088195242,0.034033468130795524
T245V,1320.0,1689.0,-0.02984117557150645,0.0379189596814221
T245W,781.0,420.0,-1.2803875296389027,0.06123319123386162
T245Y,1376.0,610.0,-1.5590563427181818,0.04954059922571802
T245_,1316.0,224.0,-2.9400055961198586,0.07288466058744957
T270A,983.0,1325.0,0.04525506349868813,0.04313014738309683
T270C,1177.0,1366.0,-0.1706287190164728,0.040864216559504556
T270D,966.0,1350.0,0.09738987869218363,0.04317564016737394
T270E,6487.0,8280.0,-0.03339133903109559,0.01905627731287023
T270F,864.0,1123.0,-0.007219327134657227,0.04621766665826525
T270G,612.0,891.0,0.1564162109995353,0.05333382386216812
T270H,654.0,858.0,0.0062115807958234015,0.0527515958881338
T270I,1450.0,1435.0,-0.400472245683579,0.038402139919933194
T270K,1100.0,1422.0,-0.0150552149899994,0.041237449711215256
T270L,925.0,1003.0,-0.2686750640296429,0.04654334652391499
T270M,815.0,1107.0,0.05630840206211474,0.047101249405108674
T270N,1581.0,2269.0,0.1357462880621405,0.034079944104520137
T270P,697.0,957.0,0.07188445888639272,0.050673814591142764
T270Q,597.0,801.0,0.03859497031521464,0.054878523692101146
T270R,1064.0,853.0,-0.7043473365396311,0.04690815141242973
T270S,736.0,957.0,-0.006661554514708179,0.049918063178315576
T270V,1261.0,1653.0,0.005045549493557289,0.03855109362251838
T270W,957.0,1165.0,-0.10173375280025798,0.044626198251575495
T270Y,1178.0,1651.0,0.10152688608529514,0.039278413381775706
T270_,1278.0,234.0,-2.8347272240427555,0.07172170398619405
T294A,799.0,1137.0,0.12348929202725056,0.04710905657160965
T294C,625.0,826.0,0.016809788523318048,0.05384076685633733
T294D,1097.0,1484.0,0.05045395028629507,0.04091006360505371
T294E,1193.0,1366.0,-0.1901082772838043,0.040724558715912865
T294F,1922.0,3281.0,0.3860539623130883,0.03022064745476602
T294G,1254.0,1632.0,-0.005369141860372739,0.0387091439981657
T294H,1070.0,1473.0,0.07567275856294309,0.04125127150683761
T294I,992.0,1164.0,-0.1547933028146362,0.04421954524656973
T294K,2653.0,4975.0,0.5215991256638928,0.025809875136554302
T294L,1088.0,1446.0,0.024915526460012494,0.04121749662365355
T294M,732.0,947.0,-0.013953883684600932,0.05010260765102233
T294N,271.0,339.0,-0.0624884428131649,0.08202366069740612
T294P,828.0,900.0,-0.2651773465209972,0.049061474979149075
T294Q,1234.0,1395.0,-0.20854880807703413,0.04019230800626677
T294R,898.0,810.0,-0.5342619779327178,0.049359301901890876
T294S,924.0,1265.0,0.06769823297959476,0.044282746454053286
T294V,925.0,1041.0,-0.21502712639429156,0.04615072738844903
T294W,1525.0,1015.0,-0.9727949482017961,0.04158317030087706
T294Y,1474.0,1697.0,-0.18222143206590857,0.03682265399105308
T294_,832.0,134.0,-3.019730394218442,0.09355347669440096
T314A,690.0,955.0,0.08342838311395351,0.05083874990470996
T314C,959.0,1130.0,-0.1487524105714142,0.044898826199056684
T314D,2008.0,607.0,-2.1114444513275035,0.04726139528779591
T314E,1761.0,945.0,-1.2834717869888146,0.04140362889431553
T314F,1791.0,2049.0,-0.1913165535933139,0.03368381539163572
T314G,1739.0,2339.0,0.04216161459051593,0.033027046588779634
T314H,1179.0,1765.0,0.1966302161713207,0.038767936926686404
T314I,1419.0,1678.0,-0.14360362923537462,0.03726761801691309
T314K,634.0,376.0,-1.139204751032481,0.0657645847229815
T314L,1302.0,1625.0,-0.06576211917758323,0.0383619442092259
T314M,774.0,718.0,-0.493818454912609,0.05265857872667681
T314N,837.0,1181.0,0.11123422992827336,0.04614841726813544
T314P,1286.0,1052.0,-0.6752236290410738,0.04261895019079227
T314Q,2513.0,2165.0,-0.6005129098260613,0.030790184904293666
T314R,978.0,601.0,-1.0879304072858256,0.052674139171174084
T314S,1200.0,1738.0,0.14891976843150534,0.03868994378903774
T314V,1606.0,2033.0,-0.04533375078099766,0.03468079157017033
T314W,529.0,471.0,-0.5530074905652684,0.06404401055045801
T314Y,486.0,622.0,-0.02951841033195901,0.06126562417409223
T314_,1790.0,333.0,-2.811800427628391,0.060413438912413284
T334A,1797.0,2367.0,0.011997177570563178,0.0326675455496479
T334C,1766.0,2117.0,-0.12393561445266821,0.03356824709880821
T334D,1379.0,284.0,-2.665089471984128,0.06583597317284454
T334E,1266.0,697.0,-1.246507727067835,0.04809155332069569
T334F,2613.0,7942.0,1.218321345184982,0.02443005933849274
T334G,1333.0,1582.0,-0.13839907043188227,0.03834714922865163
T334H,1327.0,778.0,-1.1557888250248851,0.04612070061798149
T334I,2946.0,5204.0,0.4353912204901498,0.024896111090030183
T334K,1451.0,286.0,-2.7283901533639217,0.0653740854665841
T334L,1080.0,1377.0,-0.03497582043793024,0.041717420463559945
T334M,1245.0,1467.0,-0.14874881120560346,0.03966206866229454
T334N,1451.0,373.0,-2.345241435254991,0.05880716860060531
T334P,1482.0,235.0,-3.0422313168667845,0.0708386337936268
T334Q,872.0,604.0,-0.9152424308897427,0.05376422832204247
T334R,1127.0,214.0,-2.7822203871781,0.07515448821490471
T334S,1753.0,1548.0,-0.564889621096293,0.036119977017742964
T334V,1666.0,2035.0,-0.09683136277356441,0.034348933735068705
T334W,2247.0,2105.0,-0.47964964445528535,0.031753860429037335
T334Y,1445.0,1395.0,-0.436274199169421,0.03869227509067684
T334_,757.0,133.0,-2.8942478295303413,0.0944850935519406
T336A,1593.0,1997.0,-0.059383952571989695,0.03488130943504369
T336C,1311.0,1478.0,-0.21249284582192285,0.03908414993187094
T336D,739.0,559.0,-0.7881899815106523,0.05683531565315174
T336E,1171.0,886.0,-0.7878286952891242,0.04550641475724278
T336F,678.0,678.0,-0.3854701863466179,0.05511826991803316
T336G,1113.0,1420.0,-0.03403565166943867,0.04112054955654533
T336H,1345.0,1341.0,-0.38976708989126907,0.03971662333540771
T336I,255.0,351.0,0.07548812376960523,0.08281637041376204
T336K,715.0,222.0,-2.0728089442746906,0.07740218423883027
T336L,1185.0,1279.0,-0.27534187601762117,0.041399808331451494
T336M,1324.0,1342.0,-0.3659887831051547,0.03985783378123686
T336N,1125.0,1418.0,-0.051540304992274244,0.04101596410043347
T336P,1240.0,235.0,-2.7850278896741925,0.07176209213389899
T336Q,659.0,917.0,0.09116692290530004,0.051924396812811
T336R,2770.0,532.0,-2.765836101984956,0.048258554910224176
T336S,1645.0,2033.0,-0.07994922891305078,0.03446730646463865
T336V,1503.0,1705.0,-0.20354459355923815,0.03660673532129988
T336W,1246.0,1412.0,-0.2050355273140676,0.03998733221758575
T336Y,1517.0,1561.0,-0.3442210026781467,0.037256100187971534
T336_,1148.0,174.0,-3.1073632730232,0.08189067951643149
T36A,1451.0,1054.0,-0.8466390937619748,0.041546930176627105
T36C,723.0,1029.0,0.12369930973781607,0.04942802107496989
T36D,320.0,245.0,-0.77074654143685,0.08540833149231551
T36E,791.0,677.0,-0.6099889760430957,0.05319308466377368
T36F,778.0,844.0,-0.2679987927026346,0.05058028555379958
T36G,482.0,499.0,-0.3354645369266418,0.06455097434960179
T36H,551.0,710.0,-0.019709343995851114,0.05754558750554652
T36I,1394.0,1198.0,-0.6040711462286401,0.04050045951539517
T36K,604.0,859.0,0.12263230494011346,0.05392538557187133
T36L,497.0,574.0,-0.17766919516941027,0.061986906343253795
T36M,298.0,270.0,-0.5278180893707551,0.08454213924243767
T36N,769.0,1015.0,0.014949490896570161,0.04872165693359918
T36P,641.0,317.0,-1.4012886994265594,0.06930171257674914
T36Q,828.0,920.0,-0.23346883526689233,0.04881469316387381
T36R,6.0,6.0,-0.3854701863466179,0.5769461992612062
T36S,998.0,1342.0,0.04179905902216774,0.04284109682544495
T36V,1177.0,1287.0,-0.2565735007961836,0.04141038362829465
T36W,721.0,889.0,-0.0832898080594644,0.050990241558050264
T36Y,522.0,721.0,0.08047163825420967,0.05823083468470664
T36_,198.0,39.0,-2.729127574722371,0.17542211197764962
T60A,556.0,663.0,-0.13155038653463524,0.05826676890868023
T60C,1111.0,1359.0,-0.09478591664530978,0.041522600409542865
T60D,1071.0,1472.0,0.07334533536520116,0.04124628453485836
T60E,811.0,965.0,-0.13464599725660964,0.04855413256737381
T60F,582.0,720.0,-0.07849718399487848,0.05652670001237116
T60G,1071.0,1307.0,-0.09817195760510788,0.042273134070359625
T60H,554.0,641.0,-0.17503534020141132,0.05876456682241814
T60I,1033.0,1189.0,-0.18256355783543032,0.0435579537908112
T60K,2036.0,1511.0,-0.8157016252515197,0.035230390159326795
T60L,809.0,976.0,-0.11473179253375321,0.04846517315689716
T60M,515.0,652.0,-0.04517654035522067,0.059696259150761787
T60N,649.0,791.0,-0.1000149604492,0.05378874889515029
T60P,279.0,350.0,-0.058390875647011065,0.08080455948765597
T60Q,366.0,456.0,-0.06828779012248543,0.07080476560362549
T60R,1314.0,973.0,-0.8189199040494026,0.04332415678825559
T60S,709.0,945.0,0.02905343389116144,0.050565026271191645
T60V,350.0,372.0,-0.29752492473688363,0.07505581714947822
T60W,305.0,404.0,0.02006427308493297,0.07643285920849721
T60Y,640.0,847.0,0.018814369063066216,0.0532100918115843
T60_,607.0,100.0,-2.9870462079690547,0.10832651612841068
V108A,453.0,537.0,-0.14006413004927953,0.06448127002239766
V108C,522.0,591.0,-0.20636508943319498,0.06079395973300856
V108D,740.0,281.0,-1.7823934818422051,0.07069752463771757
V108E,628.0,507.0,-0.694243515660105,0.06043917352713816
V108F,321.0,171.0,-1.294007735989485,0.09513671048274364
V108G,867.0,798.0,-0.5051119945594049,0.04994718252326974
V108H,509.0,424.0,-0.6490658958694642,0.06641722341751843
V108I,751.0,896.0,-0.1307874705782055,0.05035686491419737
V108K,603.0,492.0,-0.6789644752280308,0.061473904907967045
V108L,571.0,520.0,-0.5204468307039303,0.06133952587925037
V108M,1010.0,974.0,-0.43783127395399735,0.04588014156695238
V108N,523.0,610.0,-0.16347582432629792,0.06032861176701292
V108P,581.0,115.0,-2.722273873544448,0.10249025098508298
V108Q,565.0,669.0,-0.14171881242012052,0.05790372031160455
V108R,584.0,197.0,-1.9531943978488062,0.08292405319740814
V108S,412.0,477.0,-0.17413002910727116,0.06790973673395423
V108T,491.0,527.0,-0.28339225615819696,0.06342184386228568
V108W,524.0,86.0,-2.992488219782512,0.11671816593015381
V108Y,566.0,108.0,-2.775132839411394,0.10541996924814596
V108_,708.0,121.0,-2.9341136499912306,0.09881499866437264
V112A,728.0,758.0,-0.3272115726871272,0.052735813198714725
V112C,665.0,509.0,-0.7711522217230824,0.05963681253918123
V112D,350.0,211.0,-1.1155549561888645,0.08766063994828993
V112E,309.0,394.0,-0.03489146703831025,0.07656606659395786
V112F,461.0,188.0,-1.679458832605114,0.08704154778302856
V112G,825.0,577.0,-0.9012854707773545,0.055076250924787525
V112H,675.0,666.0,-0.40483522239002045,0.05541798597563026
V112I,322.0,333.0,-0.33701017736318395,0.0787186199227425
V112K,387.0,241.0,-1.0687480230982267,0.08259135951447678
V112L,509.0,510.0,-0.382638651138274,0.06335265181228433
V112M,583.0,441.0,-0.788179446030596,0.06380418013453568
V112N,290.0,352.0,-0.10595641989900795,0.079857373013091
V112P,454.0,134.0,-2.1458536004616873,0.098756969512077
V112Q,1367.0,493.0,-1.8568051679729547,0.05336754299914677
V112R,622.0,96.0,-3.081151377116801,0.11005220390252865
V112S,726.0,628.0,-0.5946720744783374,0.055298621205039374
V112T,845.0,1123.0,0.02486026840883504,0.04649835101815693
V112W,577.0,127.0,-2.569124417820941,0.09846157977412222
V112Y,1010.0,347.0,-1.926790619819224,0.06292904908270817
V112_,614.0,90.0,-3.155575141313566,0.11325515144718311
V119A,562.0,682.0,-0.10627309431410747,0.05773903886760315
V119C,546.0,502.0,-0.506681457401033,0.06254338620835222
V119D,344.0,460.0,0.033744534290669925,0.07189556805478979
V119E,411.0,345.0,-0.6380055033633383,0.0736186947486866
V119F,688.0,805.0,-0.15889301573279546,0.05276270006868971
V119G,389.0,498.0,-0.02910271657507213,0.06831423344153696
V119H,237.0,344.0,0.15203238573271793,0.08493726023636301
V119I,252.0,320.0,-0.04083418011090156,0.08474204110002628
V119K,577.0,559.0,-0.4311924170452981,0.06008463747322519
V119L,360.0,435.0,-0.11245860122383089,0.07186593787814212
V119M,723.0,791.0,-0.2557898542151342,0.05230227465429992
V119N,766.0,723.0,-0.4688178111861747,0.05269523127684632
V119P,450.0,353.0,-0.7357181948570339,0.07171588708607927
V119Q,396.0,377.0,-0.45640425712508037,0.07256619718503311
V119R,452.0,316.0,-0.9018546640795257,0.07392571903487113
V119S,450.0,491.0,-0.259674840290697,0.06593182780951895
V119T,344.0,461.0,0.036877355744711515,0.07186276688386578
V119W,353.0,393.0,-0.23061321699777437,0.07392875041133885
V119Y,254.0,319.0,-0.05675383241218945,0.08461539771547608
V119_,416.0,78.0,-2.8003574163306677,0.12373711013710811
V153A,152.0,244.0,0.29730385238165,0.10375414183212298
V153C,474.0,609.0,-0.02392176424247694,0.06196679735998529
V153D,380.0,418.0,-0.24797011393352975,0.07149833314041677
V153E,418.0,540.0,-0.016021518871795593,0.06582035782095748
V153F,794.0,344.0,-1.592176860436025,0.06522681122348892
V153G,574.0,592.0,-0.3409245115915276,0.05932541835511936
V153H,443.0,590.0,0.02792995548674959,0.06356403538817036
V153I,705.0,802.0,-0.19949368218809482,0.05247381748852817
V153K,316.0,294.0,-0.48957517344597345,0.08157154133332123
V153L,562.0,793.0,0.11127307139551945,0.05593353730017017
V153M,994.0,808.0,-0.6843574040925624,0.0482892246846734
V153N,605.0,704.0,-0.166833253191486,0.056227344678694516
V153P,704.0,773.0,-0.25057903027755923,0.05293669212511351
V153Q,491.0,548.0,-0.22702037388099328,0.06284598075427407
V153R,590.0,685.0,-0.17008454391128858,0.05694676381857982
V153S,665.0,796.0,-0.12605966649495937,0.05336869016199107
V153T,565.0,588.0,-0.32790589759102673,0.059655227830162715
V153W,204.0,264.0,-0.01351748106705486,0.09368922294396027
V153Y,594.0,598.0,-0.3757877954067226,0.058684758330760006
V153_,673.0,126.0,-2.802559899010971,0.09751899715775776
V174A,752.0,906.0,-0.11669505892649923,0.05021677813880086
V174C,739.0,1008.0,0.06237397325867722,0.04932980834520941
V174D,739.0,900.0,-0.10112304154816698,0.05052202595584383
V174E,810.0,1015.0,-0.059987869311783015,0.04804143323308119
V174F,952.0,1360.0,0.12909844021582995,0.04328871128088882
V174G,804.0,1023.0,-0.037935289114903625,0.04805713115596264
V174H,283.0,349.0,-0.0830548433169751,0.0805413318794618
V174I,564.0,589.0,-0.3228988006218856,0.05965732924410853
V174K,439.0,528.0,-0.11915873585103931,0.06526845060336005
V174L,857.0,948.0,-0.2398799474886406,0.0480614544160048
V174M,903.0,1051.0,-0.16650765965185332,0.046336679426497815
V174N,1295.0,1452.0,-0.220382035501971,0.03935873447203101
V174P,399.0,330.0,-0.6593853482713383,0.07499752487029013
V174Q,368.0,432.0,-0.15415044804508238,0.07155622527403276
V174R,319.0,372.0,-0.16373043224097827,0.0768831088926835
V174S,609.0,747.0,-0.0908085477856071,0.05539759928335395
V174T,750.0,972.0,-0.011408861464497377,0.04950077004172401
V174W,745.0,923.0,-0.07638369854036231,0.05013871180848807
V174Y,640.0,795.0,-0.0725916260028674,0.05393084533427114
V174_,621.0,108.0,-2.9089217973306365,0.10467519623292593
V175A,389.0,529.0,0.05801756584200035,0.06744750638571448
V175C,663.0,872.0,0.009843862948660131,0.05237617201882328
V175D,605.0,696.0,-0.18332114043368097,0.056372341505961966
V175E,564.0,722.0,-0.02917210954338234,0.056975918210224144
V175F,895.0,1010.0,-0.21107631622808753,0.04685733494146098
V175G,706.0,939.0,0.025981717489376166,0.050690991273478724
V175H,507.0,705.0,0.09015933230764528,0.05898289549712732
V175I,629.0,756.0,-0.12014782200914098,0.05477908678831416
V175K,858.0,1067.0,-0.07096285657394485,0.0468070571591962
V175L,586.0,714.0,-0.10045119022760218,0.0565261957750713
V175M,493.0,606.0,-0.08774549589344893,0.06137351943782991
V175N,876.0,1127.0,-0.021989113661599724,0.04601149565276389
V175P,1031.0,1288.0,-0.06438471768965037,0.04283140044050237
V175Q,276.0,318.0,-0.18111859139769138,0.08279992160121598
V175R,990.0,1116.0,-0.21263523477098367,0.044658199746608215
V175S,753.0,1124.0,0.1924437553409426,0.04801968441308917
V175T,705.0,769.0,-0.2601115487435104,0.052981199334155245
V175W,557.0,766.0,0.07418981131908886,0.05647105957765215
V175Y,349.0,438.0,-0.0577747524627199,0.07236376849874364
V175_,600.0,108.0,-2.8592918427058605,0.10494405923184301
V203A,493.0,629.0,-0.034004142993714126,0.060879971631729
V203C,1160.0,1343.0,-0.17413738161580383,0.04116882688019038
V203D,962.0,1165.0,-0.10925164373174745,0.044565307624650656
V203E,354.0,484.0,0.06577655476424304,0.07056250176231388
V203F,644.0,806.0,-0.06175553852509097,0.053681141890177655
V203G,578.0,674.0,-0.16379464275919364,0.05746256229532531
V203H,990.0,733.0,-0.8190804038570301,0.04962401993559388
V203I,1516.0,3535.0,0.8359648399207025,0.03210491497908472
V203K,301.0,421.0,0.09857289857221208,0.07606315755877849
V203L,1639.0,736.0,-1.5404975699488102,0.04535434130424485
V203M,708.0,702.0,-0.3977483419647161,0.054084242075512594
V203N,715.0,1072.0,0.19881285294684137,0.04918967001369454
V203P,1072.0,1492.0,0.0914686550428927,0.04112515766169732
V203Q,909.0,927.0,-0.3571814500911099,0.04761354431574026
V203R,952.0,1104.0,-0.17176557932579506,0.04521518229629773
V203S,697.0,956.0,0.07037616814997083,0.05068459812951914
V203T,650.0,940.0,0.1467440049029216,0.05186975052082658
V203W,895.0,1132.0,-0.04655919047441959,0.0457045408376214
V203Y,750.0,908.0,-0.10967183162017413,0.05022787763410671
V203_,1104.0,93.0,-3.954693779688059,0.10837682256392693
V213A,675.0,915.0,0.05340844885780616,0.051599984918565295
V213C,1214.0,2070.0,0.3843872455435826,0.03734997424919334
V213D,887.0,1118.0,-0.05155936840357889,0.04593521598000903
V213E,424.0,540.0,-0.03658235295672174,0.06556269656135343
V213F,813.0,1077.0,0.02021645634018121,0.047399455013082264
V213G,1105.0,461.0,-1.6466596616368614,0.056234635310451274
V213H,658.0,357.0,-1.2676152102828864,0.06640022898422551
V213I,1292.0,1304.0,-0.372132489566682,0.04036171182069806
V213K,1191.0,473.0,-1.7177131234991485,0.05515395181291935
V213L,760.0,1449.0,0.5455070586279227,0.045761481640342765
V213M,836.0,941.0,-0.21478033128546237,0.04844647131131259
V213N,536.0,790.0,0.17414081240585944,0.05674203270912398
V213P,1147.0,268.0,-2.4829894189360386,0.06849270558957814
V213Q,805.0,544.0,-0.9508437197787902,0.056290645546766736
V213R,1871.0,305.0,-3.0023590072385216,0.06246011844349348
V213S,560.0,807.0,0.14166377495597615,0.055794615291129925
V213T,544.0,732.0,0.04275999961542798,0.05738046478139056
V213W,740.0,602.0,-0.6832275010155726,0.05568347819626147
V213Y,772.0,296.0,-1.7684438067502715,0.06900578914502421
V213_,672.0,120.0,-2.8707982624556667,0.09954359205792566
V22A,551.0,757.0,0.07276367002525408,0.05678072108484826
V22C,588.0,592.0,-0.3756893313325067,0.05897479702743151
V22D,662.0,320.0,-1.434206207562723,0.06872894750994293
V22E,611.0,546.0,-0.5477388043382714,0.05963486725050192
V22F,714.0,357.0,-1.385449980958203,0.06549654399420052
V22G,1091.0,1192.0,-0.25773817265448784,0.04293851066719512
V22H,934.0,473.0,-1.367037498418087,0.057210027409894705
V22I,295.0,365.0,-0.07829805556611369,0.07885164075792868
V22K,1066.0,186.0,-2.904239069494345,0.08001466886550865
V22L,727.0,685.0,-0.4713203456925994,0.05406980932384182
V22M,1039.0,1096.0,-0.3084187644266789,0.04430654305537043
V22N,527.0,617.0,-0.1580066519660699,0.06005356904710884
V22P,783.0,312.0,-1.712908650397119,0.06760446032902634
V22Q,686.0,594.0,-0.5932125745144754,0.05682774603370935
V22R,4408.0,348.0,-4.048397015808553,0.056467291996576616
V22S,643.0,651.0,-0.36763165622739535,0.05638683499278784
V22T,1061.0,706.0,-0.9731479167996362,0.04946840807029889
V22W,297.0,192.0,-1.014800242789077,0.09307613422727372
V22Y,844.0,635.0,-0.795950967408098,0.05336490526467022
V22_,208.0,31.0,-3.1313176423210543,0.1927260695991662
V233A,1540.0,3768.0,0.9053928883681155,0.03166943619154287
V233C,1120.0,1546.0,0.07956785124685073,0.04034712129025059
V233D,947.0,634.0,-0.9643442507044648,0.05216734539667673
V233E,1126.0,1164.0,-0.3375863737945872,0.042841631709429256
V233F,1305.0,1344.0,-0.34298717581899263,0.03998167598981964
V233G,607.0,760.0,-0.06117206899932626,0.05523953437006361
V233H,1020.0,1024.0,-0.3798236784552049,0.0452233367577961
V233I,706.0,952.0,0.04581792334099788,0.050547347563214946
V233K,899.0,1102.0,-0.09174193942927289,0.04591276663483562
V233L,1054.0,1078.0,-0.35298817996632437,0.04432389265900208
V233M,989.0,1189.0,-0.11976635106517808,0.04404954733965714
V233N,475.0,541.0,-0.19777281100089805,0.06357537405016059
V233P,1039.0,333.0,-2.0270423200069105,0.06366774810416546
V233Q,719.0,871.0,-0.10879273977926829,0.051255325224685004
V233R,1295.0,1414.0,-0.2586411016712207,0.03959315679788635
V233S,1605.0,2419.0,0.20636426089939164,0.03353589139974106
V233T,1022.0,1393.0,0.06132611570738877,0.042243918170741836
V233W,842.0,892.0,-0.302247669915781,0.048958275043463485
V233Y,2212.0,2023.0,-0.5143246426920292,0.032165278343063035
V233_,1014.0,216.0,-2.616372058987051,0.07552359599453859
V25A,752.0,855.0,-0.20028073937038382,0.050868076372503415
V25C,414.0,606.0,0.16420579899400156,0.06444961644248645
V25D,968.0,1062.0,-0.2517666919793573,0.04541885706896427
V25E,997.0,952.0,-0.45210143344571296,0.04627767042709472
V25F,522.0,252.0,-1.436066648320561,0.07727860827265151
V25G,500.0,662.0,0.01942587499808024,0.059989381392233185
V25H,1641.0,569.0,-1.9135283043884024,0.049548298102965425
V25I,278.0,306.0,-0.24702816482278855,0.08338509852474679
V25K,776.0,171.0,-2.56746473929476,0.08499687710311324
V25L,981.0,237.0,-2.4347900980398407,0.07298495417409671
V25M,705.0,295.0,-1.6423500489101217,0.06997392284727198
V25N,869.0,632.0,-0.8448955793999398,0.05311499664295299
V25P,866.0,669.0,-0.757826094844658,0.05232286043343266
V25Q,667.0,285.0,-1.6121660379372047,0.07138691333754592
V25R,496.0,195.0,-1.7322912868201392,0.08504260826795698
V25S,925.0,937.0,-0.36687470383329046,0.047291738623748275
V25T,520.0,550.0,-0.30455170425121914,0.06188217337296021
V25W,508.0,360.0,-0.8822901017126075,0.06952970937671388
V25Y,832.0,589.0,-0.8837789268720648,0.05466157109477223
V25_,769.0,158.0,-2.6684566797498066,0.08784817162907659
V280A,749.0,961.0,-0.02590372316178957,0.04963750836624684
V280C,1098.0,1396.0,-0.03905210392674707,0.041415944317298
V280D,1246.0,1110.0,-0.5522131595044995,0.04232811407129293
V280E,902.0,1183.0,0.005776749597474762,0.04519016740792994
V280F,1343.0,1899.0,0.11430726919480394,0.03687005483324735
V280G,938.0,1098.0,-0.1582542010796919,0.04544271022119472
V280H,797.0,732.0,-0.5082046546943593,0.05204810886591555
V280I,651.0,927.0,0.12443501103869625,0.05199063769821648
V280K,909.0,893.0,-0.41109002105566983,0.04804290661923704
V280L,1451.0,1918.0,0.017082593727482998,0.03603836179193986
V280M,1029.0,1365.0,0.02218433143050902,0.04233931858973046
V280N,798.0,894.0,-0.2215860427194274,0.049597253236456244
V280P,1058.0,373.0,-1.889537236567186,0.060944881680823994
V280Q,761.0,887.0,-0.16443522851904113,0.05029553523104558
V280R,1160.0,208.0,-2.864882636521826,0.07587975614479245
V280S,635.0,702.0,-0.2407579160646014,0.05556504442169143
V280T,1256.0,1608.0,-0.02904175848288748,0.03881073773711427
V280W,1554.0,1511.0,-0.4259527653944457,0.03732988307209244
V280Y,49.0,41.0,-0.6425705894291589,0.21184076655775094
V280_,1349.0,241.0,-2.870206315954275,0.07055993519919171
V282A,629.0,618.0,-0.4109229570762851,0.05741176985287743
V282C,724.0,749.0,-0.33649483007308945,0.05295759370297082
V282D,1233.0,516.0,-1.6421837570331625,0.053265233017134324
V282E,969.0,575.0,-1.1383946942164895,0.053472385046472136
V282F,1499.0,1757.0,-0.15635779153340668,0.03639327355984197
V282G,966.0,378.0,-1.7390839095846555,0.06139082431895866
V282H,620.0,367.0,-1.1419422979088205,0.06652678624272264
V282I,1534.0,1126.0,-0.831558434020252,0.04035086729809261
V282K,1363.0,484.0,-1.8791575731007137,0.053739724845620604
V282L,841.0,1031.0,-0.09160672055606867,0.047404471093555015
V282M,815.0,1134.0,0.09107350992852492,0.04687237915751815
V282N,1075.0,706.0,-0.9920597432795955,0.04934419029847919
V282P,1166.0,1040.0,-0.5504529474923894,0.04367344127476519
V282Q,1168.0,1391.0,-0.1333900208705021,0.0407832542235631
V282R,858.0,159.0,-2.8173471504073735,0.08684822915651792
V282S,1226.0,845.0,-0.922400613103048,0.04568683244428534
V282T,262.0,339.0,-0.013764231644955771,0.08279268320369115
V282W,1143.0,1294.0,-0.2064594454487123,0.0416640038669428
V282Y,1677.0,735.0,-1.5755256946238392,0.04522211574171327
V282_,1521.0,190.0,-3.386352571563663,0.07751485956435626
V284A,1182.0,1496.0,-0.04559260847548785,0.04003343527228769
V284C,765.0,1082.0,0.11469313479869392,0.048162153297510314
V284D,839.0,1131.0,0.045381587762094,0.04652161934585856
V284E,864.0,1134.0,0.006843260791900896,0.04612412741129718
V284F,982.0,1084.0,-0.2429017416947108,0.04504481060982622
V284G,524.0,583.0,-0.23154390092560817,0.0609246391183792
V284H,1345.0,1558.0,-0.17338259215913654,0.038386820380995376
V284I,616.0,648.0,-0.31240788070026415,0.057050425161616534
V284K,1309.0,1178.0,-0.5375945188370062,0.0412436663224635
V284L,1420.0,2038.0,0.13578985459601167,0.03582052203026753
V284M,918.0,1170.0,-0.03553110016216632,0.04508016172444456
V284N,1198.0,1466.0,-0.09421519248415855,0.0400631481457772
V284P,1249.0,494.0,-1.7236430630671578,0.05397313500569852
V284Q,792.0,870.0,-0.24995684881529723,0.05000237069569731
V284R,634.0,492.0,-0.7512881436376713,0.06081082043384742
V284S,1028.0,1292.0,-0.05570724844969277,0.042836382663063964
V284T,670.0,882.0,0.011142198258559333,0.052100899315376856
V284W,937.0,1205.0,-0.02256141724185934,0.04455679274822325
V284Y,856.0,910.0,-0.2972154377727403,0.048531580994566524
V284_,791.0,123.0,-3.070390516728213,0.09737474812288135
V287A,1011.0,1270.0,-0.05642759674140496,0.043182403288034556
V287C,863.0,1104.0,-0.03016612802776031,0.04639761524547829
V287D,1145.0,1328.0,-0.1715643742590931,0.04140743743237167
V287E,1546.0,1781.0,-0.181324220476903,0.036007224082419874
V287F,1017.0,1212.0,-0.13240244907804666,0.04354956808428542
V287G,1059.0,1248.0,-0.14855690458491555,0.042822522768573484
V287H,780.0,1022.0,0.004374601190458627,0.048463527851349227
V287I,2048.0,2153.0,-0.3133379257276707,0.03226390508522229
V287K,930.0,1234.0,0.02256576520132203,0.044427898202323714
V287L,1004.0,1231.0,-0.09140134356172958,0.04354953249509496
V287M,596.0,762.0,-0.030996792523464656,0.05548294884417258
V287N,444.0,515.0,-0.1714619101678183,0.06543795592462989
V287P,1486.0,769.0,-1.335839746929326,0.04540408426057633
V287Q,876.0,900.0,-0.34647649390238033,0.048382361709636425
V287R,901.0,1069.0,-0.13880986082348024,0.04619009870691023
V287S,657.0,794.0,-0.11222833833919399,0.053569501672892685
V287T,667.0,796.0,-0.1303920222405086,0.05332643060740451
V287W,603.0,801.0,0.02416814013111246,0.05472646375246807
V287Y,836.0,1072.0,-0.02674392707087314,0.04708715046309766
V287_,969.0,168.0,-2.9134346352507077,0.08409650669365355
V28A,326.0,409.0,-0.05825028812014921,0.07483671055439155
V28C,790.0,1009.0,-0.032472533956525496,0.04842614888702469
V28D,506.0,647.0,-0.030848072475509802,0.06008353662575733
V28E,560.0,620.0,-0.23863129111157289,0.05904891437678067
V28F,1652.0,1728.0,-0.32058103969151475,0.03566844888640998
V28G,564.0,683.0,-0.10928422716827679,0.057665763627184174
V28H,1227.0,832.0,-0.9459444197458922,0.045881505998459866
V28I,235.0,327.0,0.09114242105409964,0.08603117584060059
V28K,548.0,504.0,-0.5062200475012348,0.06242664908086252
V28L,4.0,1.0,-2.374717130049744,1.1133569882043097
V28M,703.0,816.0,-0.17042856530156847,0.052308170771967706
V28N,610.0,648.0,-0.29828700281618836,0.05719019259517252
V28P,497.0,591.0,-0.13556252463149487,0.061581372000995616
V28Q,1080.0,1110.0,-0.34594218319147796,0.04376099651809466
V28R,565.0,691.0,-0.09503999924623763,0.05749132037062196
V28S,538.0,701.0,-0.0036681501547484174,0.058081230736472776
V28T,785.0,997.0,-0.04057324360220438,0.04863211663589505
V28W,437.0,525.0,-0.12079157688867248,0.06543101297773767
V28Y,648.0,609.0,-0.47502034558623407,0.05721372128471033
V28_,1003.0,196.0,-2.7408070115587204,0.07865744868226282
V297A,910.0,1072.0,-0.14910612676609603,0.04604270649340084
V297C,514.0,649.0,-0.049025905928925084,0.05978720957535031
V297D,924.0,1073.0,-0.16978703513326643,0.045852064427546135
V297E,581.0,692.0,-0.1332402950970808,0.05704753521180277
V297F,937.0,3036.0,1.3105700064851327,0.03853334695380874
V297G,1181.0,1433.0,-0.10644268968620718,0.04040766507176478
V297H,1487.0,1773.0,-0.13168386251418962,0.03639667188130624
V297I,1101.0,1376.0,-0.06380680398234073,0.04151157124783339
V297K,991.0,1062.0,-0.28564435599255145,0.04515414655876214
V297L,1030.0,1319.0,-0.02867302809299943,0.04262890340227197
V297M,592.0,701.0,-0.14165670722617563,0.05660290194688838
V297N,1080.0,1403.0,-0.00798956511003901,0.0415558097768424
V297P,1749.0,1065.0,-1.1011417474479748,0.03998656047028928
V297Q,1247.0,1683.0,0.04710052801091891,0.03852669725682132
V297R,1421.0,1276.0,-0.5407472581201023,0.03969423650991627
V297S,1051.0,1356.0,-0.017878764681971582,0.042156115810362056
V297T,822.0,1169.0,0.12258923479771067,0.046477624369129715
V297W,1458.0,1505.0,-0.33969772803855935,0.03792793750366722
V297Y,1065.0,1487.0,0.09607718624265082,0.04122697457191918
V297_,727.0,107.0,-3.149699773214987,0.10396457383436747
V301A,624.0,282.0,-1.5312930142460992,0.072365230924705
V301C,1112.0,631.0,-1.202905174456867,0.050717335362369324
V301D,2005.0,480.0,-2.447943251715322,0.05167451247977412
V301E,774.0,331.0,-1.6109475897397019,0.06634187528606615
V301F,719.0,806.0,-0.22068428408685126,0.05215069813072378
V301G,1030.0,479.0,-1.4900008507810023,0.056095615946207336
V301H,1580.0,2659.0,0.36548532718931215,0.03312403786878697
V301I,724.0,907.0,-0.06036135334867776,0.05071424600544585
V301K,1050.0,453.0,-1.5982584515200777,0.056991607716362996
V301L,874.0,437.0,-1.3854536798216621,0.05933501077579965
V301M,1295.0,538.0,-1.652728531179405,0.05214509564015317
V301N,991.0,393.0,-1.719803779842767,0.06034691996776676
V301P,712.0,436.0,-1.093006466008256,0.06153222499636296
V301Q,754.0,262.0,-1.9104319681920439,0.0723263800832858
V301R,1453.0,216.0,-3.1353448109688475,0.07352452987163928
V301S,1509.0,716.0,-1.4610209109493124,0.046341443110511533
V301T,843.0,711.0,-0.6311500804611576,0.05177731363659425
V301W,737.0,887.0,-0.11820401145542458,0.05071914212220799
V301Y,655.0,677.0,-0.3378099749453982,0.05560568302082913
V301_,1292.0,203.0,-3.0554647232116166,0.07607935473715653
V302A,1266.0,815.0,-1.0208693206358945,0.04588111447255917
V302C,1570.0,2082.0,0.0217330634170394,0.034719711791838054
V302D,938.0,682.0,-0.8452805965688386,0.051191362111976654
V302E,746.0,238.0,-2.033642966074657,0.07503454819217333
V302F,1875.0,190.0,-3.6882212233194895,0.07671001283274023
V302G,880.0,355.0,-1.6951304409233607,0.06357190781727036
V302H,1421.0,307.0,-2.5960293402994954,0.06363302905017607
V302I,791.0,662.0,-0.642313109960412,0.05350675097405993
V302K,785.0,118.0,-3.119272101816196,0.0991763174814978
V302L,1100.0,948.0,-0.6000126429883741,0.04530053550733617
V302M,1266.0,487.0,-1.763735685519031,0.05414280914725872
V302N,1179.0,511.0,-1.5916227124326063,0.053789336976468594
V302P,993.0,128.0,-3.3410219163052597,0.09437766461956773
V302Q,1132.0,399.0,-1.889860080238349,0.05897289168209273
V302R,955.0,168.0,-2.892438921017109,0.08418640506828061
V302S,2623.0,537.0,-2.673672635208126,0.048286838713141676
V302T,1109.0,1126.0,-0.3635229208317856,0.04333602869765355
V302W,1210.0,205.0,-2.9467229684019403,0.07610824507436242
V302Y,878.0,168.0,-2.7711604524669093,0.08473004506080413
V302_,1066.0,166.0,-3.06834910469781,0.08396443111748447
V353A,1779.0,1516.0,-0.6162655365774921,0.03619324967298779
V353C,726.0,1013.0,0.09511690449973109,0.049525379970091585
V353D,419.0,348.0,-0.6533260994905001,0.07313188915901907
V353E,601.0,639.0,-0.2970206736097474,0.05759341317819587
V353F,1059.0,1404.0,0.021366812416403924,0.04177006661159194
V353G,1574.0,1299.0,-0.6625023560105276,0.03864390860527609
V353H,1245.0,1541.0,-0.07775129261274039,0.03924724365460355
V353I,1246.0,1567.0,-0.054771446759968256,0.0391015917421757
V353K,1034.0,1372.0,0.022570672247127277,0.04223956647019726
V353L,1065.0,1531.0,0.13814654286086903,0.04099190891403393
V353M,1642.0,2244.0,0.06514600541298998,0.03380614117184881
V353N,1392.0,1251.0,-0.5395464398924439,0.040074361436468635
V353P,1429.0,1164.0,-0.6813827461013076,0.04058446739180763
V353R,1263.0,1644.0,-0.005117173680261544,0.03857775075783245
V353S,1107.0,1289.0,-0.16587498486786334,0.042039719991705984
V353T,760.0,871.0,-0.18879930521545774,0.05051810847791259
V353W,1464.0,1734.0,-0.1412833758328782,0.03671468460192319
V353Y,1184.0,1888.0,0.28771495388638657,0.038242127970348795
V353_,1551.0,269.0,-2.9129464657158795,0.06671049224563183
V365A,1387.0,1298.0,-0.4811468774730212,0.03974418326767081
V365C,503.0,643.0,-0.03121609358664834,0.060261368163246676
V365D,1539.0,1542.0,-0.38266067099749046,0.03723556447101949
V365E,1505.0,1340.0,-0.552999492289532,0.03871595509332492
V365F,1102.0,1361.0,-0.08092983474240167,0.041598027833921254
V365G,901.0,563.0,-1.0638527572383198,0.05453666344928676
V365H,609.0,874.0,0.1357136825822156,0.05361320275870707
V365I,792.0,745.0,-0.47372904190404075,0.05189497915691554
V365K,940.0,216.0,-2.5070481885950686,0.07603583664137047
V365L,813.0,718.0,-0.5647393467101454,0.05206678511867905
V365M,1422.0,1701.0,-0.1270101743743246,0.037139340794366454
V365N,902.0,1193.0,0.017920616730602745,0.045111703352191335
V365P,933.0,744.0,-0.7120407180447721,0.0500408084316528
V365Q,1074.0,1520.0,0.11560320253025491,0.040953572671994724
V365R,1601.0,235.0,-3.153658453509555,0.07048374618138079
V365S,878.0,830.0,-0.4665788393972514,0.049314892601676166
V365T,1100.0,1345.0,-0.09536992634719432,0.04172273025086528
V365W,1126.0,1561.0,0.08578995313207916,0.040210908289107776
V365Y,1661.0,1514.0,-0.5191562110008845,0.03675262756423332
V365_,1107.0,191.0,-2.920418365714566,0.07891056252964543
V370A,792.0,1017.0,-0.0247268725780021,0.04831251908366022
V370C,1185.0,1646.0,0.08860368052687617,0.039237980803246225
V370D,1898.0,861.0,-1.525855881141187,0.042148653471001704
V370E,1425.0,1949.0,0.06629926304473699,0.036097716553747196
V370F,1175.0,1883.0,0.29489744027518583,0.0383449591328065
V370G,1279.0,1690.0,0.016534052749775263,0.03823325607008551
V370H,1427.0,1107.0,-0.7517973765750123,0.041137754224260054
V370I,1048.0,1466.0,0.09877227513809572,0.04152743231243027
V370K,790.0,396.0,-1.3818042399454713,0.062283305938985546
V370L,1142.0,1701.0,0.189346152380232,0.03939225525944113
V370M,797.0,1077.0,0.04889172818672449,0.04765921281525039
V370N,1181.0,1652.0,0.09873105284506334,0.03924628354885464
V370P,603.0,538.0,-0.5500191251388511,0.060043846321700026
V370Q,1558.0,1748.0,-0.2194612414142778,0.03608515193356394
V370R,1113.0,319.0,-2.1882631872440506,0.06419795304266779
V370S,1646.0,2275.0,0.0814295998800878,0.033694256331261406
V370T,1390.0,2141.0,0.2377260857654253,0.035702986486141564
V370W,947.0,1263.0,0.029944310399216967,0.043999194378253524
V370Y,598.0,855.0,0.13030149762265442,0.054129515813021986
V370_,1144.0,230.0,-2.699801358588375,0.07286954076553812
V371A,1158.0,1505.0,-0.007344825159681712,0.04020214536960204
V371C,637.0,833.0,0.0015476078308447327,0.05346507765029222
V371D,906.0,345.0,-1.7783589817842387,0.06395640676909975
V371E,777.0,870.0,-0.2223713687961828,0.05024551201952768
V371F,1686.0,2221.0,0.01213260905926461,0.03363891467008162
V371G,723.0,877.0,-0.10689249475450868,0.05110341736961291
V371H,945.0,1163.0,-0.08600818562411838,0.04479109703835189
V371I,778.0,1027.0,0.01511943906160429,0.04844838031438257
V371K,1281.0,1545.0,-0.11513574830717754,0.0389370480583765
V371L,1062.0,1377.0,-0.010728500600789559,0.04190508962897912
V371M,900.0,1130.0,-0.057147582960689114,0.04565371140744235
V371N,867.0,1140.0,0.009455754662556437,0.04603030741808206
V371P,1569.0,2273.0,0.14927929761792713,0.03413948618962784
V371Q,997.0,1149.0,-0.1807587123496539,0.04428914190193576
V371R,1079.0,662.0,-1.0902535068212718,0.05025476444208734
V371S,1490.0,1823.0,-0.09446972431225475,0.03616482348039455
V371T,1015.0,1346.0,0.021725000865236765,0.04261881249139932
V371W,808.0,744.0,-0.5045213220844742,0.05167098876938384
V371Y,1303.0,1646.0,-0.04834524172597776,0.03825177408628378
V371_,1555.0,286.0,-2.8282565493372918,0.06502060139249109
V373A,818.0,882.0,-0.2767936534878279,0.04944155757237274
V373C,1888.0,2012.0,-0.29369911684125016,0.033389943288878766
V373D,1986.0,306.0,-3.0836923693631304,0.062125710292990126
V373E,940.0,181.0,-2.7620768888597897,0.08171040205037954
V373F,1486.0,438.0,-2.147878297964789,0.05517436505087058
V373G,1001.0,654.0,-0.9995419727618584,0.05114913788213734
V373H,1276.0,254.0,-2.7141526217831893,0.06934522677491857
V373I,1774.0,2454.0,0.08265679953802074,0.03254851242797835
V373K,704.0,120.0,-2.9379114824794765,0.09920326604741563
V373L,870.0,1132.0,-0.005687372257598078,0.0460544371044991
V373M,951.0,856.0,-0.5373030472055484,0.04804101356694527
V373N,1324.0,389.0,-2.1525050578152944,0.05843050562705452
V373P,1015.0,284.0,-2.222950494361874,0.06778222059535295
V373Q,621.0,166.0,-2.28881653811516,0.08787620961680262
V373R,1412.0,330.0,-2.4826388453536166,0.06185981059143174
V373S,1186.0,1350.0,-0.19861626668919197,0.04089148008822386
V373T,1824.0,2255.0,-0.07944999411269205,0.032862049551166624
V373W,1400.0,407.0,-2.1677711722233326,0.0570914825612909
V373Y,1818.0,558.0,-2.089467439787833,0.049298572372506386
V373_,897.0,135.0,-3.117527985340643,0.09278948325979025
V44A,675.0,712.0,-0.3084815579914526,0.05453575771067602
V44C,768.0,681.0,-0.5589192992314196,0.05346670250654894
V44D,303.0,161.0,-1.2976852990121044,0.09797566103019317
V44E,490.0,334.0,-0.9383900815149495,0.07157451847279349
V44F,609.0,663.0,-0.2629054735775158,0.05690779136489031
V44G,680.0,547.0,-0.6994589411995671,0.05819709126975623
V44H,302.0,199.0,-0.987225580279361,0.0917836392735977
V44I,640.0,741.0,-0.1740716214247211,0.05477407889250704
V44K,927.0,156.0,-2.956416581591909,0.08704480005328284
V44L,134.0,175.0,-0.00037348740268505765,0.11517075832447767
V44M,424.0,558.0,0.010722500012342095,0.06510554661952589
V44N,289.0,144.0,-1.3904206031079047,0.10243175674549229
V44P,436.0,144.0,-1.9836624149605155,0.0965696757869348
V44Q,890.0,995.0,-0.22458070736015312,0.0470830392493491
V44R,1411.0,222.0,-3.0535018323862655,0.07280953568035342
V44T,620.0,567.0,-0.5143874916332187,0.058861950495784084
V44W,672.0,245.0,-1.841112254329115,0.07521804195570352
V44Y,377.0,494.0,0.004467268761416676,0.0690283618325248
V44_,476.0,72.0,-3.1101928962155903,0.1267910526223154
V7A,17.0,21.0,-0.080777165336956,0.32630284251235564
V7C,1445.0,1491.0,-0.340259729474766,0.03809117647834087
V7D,44.0,38.0,-0.5969225328791978,0.22162849405805354
V7E,453.0,267.0,-1.148119309416141,0.07772290235922172
V7F,14.0,14.0,-0.3854701863466179,0.3779462786613716
V7G,635.0,365.0,-1.184313508316726,0.06635242269355177
V7H,195.0,155.0,-0.716657003189038,0.10801552449851672
V7I,772.0,955.0,-0.07857388165488821,0.049301563282002935
V7K,566.0,173.0,-2.095442300261457,0.08737837622943782
V7L,780.0,425.0,-1.2614660196765568,0.0610175002687625
V7M,288.0,388.0,0.04450474407277483,0.07834264168130187
V7N,338.0,244.0,-0.8555958420853971,0.0845275087069753
V7P,349.0,381.0,-0.2589096969228608,0.07468644536859419
V7Q,289.0,419.0,0.1503950769237532,0.07703817528402085
V7R,516.0,178.0,-1.9209109217321858,0.08742896286132998
V7S,2358.0,1472.0,-1.0652525506718677,0.03452020135689824
V7T,814.0,908.0,-0.2278085181149727,0.04917326786342511
V7W,411.0,359.0,-0.5806196519156455,0.07284698509156012
V7Y,664.0,464.0,-0.9025192575068237,0.06123187128974591
V7_,691.0,121.0,-2.8990505016060046,0.09899066416460865
V80A,657.0,754.0,-0.18680185830219642,0.05418951822096516
V80C,659.0,769.0,-0.16276818487074163,0.05390747204828669
V80D,665.0,554.0,-0.6489342039934316,0.05828355715646272
V80E,457.0,569.0,-0.06924191287316184,0.0635121166687372
V80F,598.0,675.0,-0.21073092063840093,0.056937571532977335
V80G,399.0,459.0,-0.18336950555038278,0.06908704150801791
V80H,336.0,311.0,-0.4970133875459668,0.07924422551442584
V80I,263.0,348.0,0.018540922086327072,0.082242520188038
V80K,364.0,198.0,-1.2638749788544494,0.08880113705135681
V80L,400.0,396.0,-0.39996939173395685,0.07150762853229026
V80M,797.0,788.0,-0.4018540741395151,0.051106981022321966
V80N,963.0,930.0,-0.43577473660731414,0.046924223491447266
V80P,923.0,348.0,-1.7926877023993928,0.06360115727478885
V80Q,388.0,386.0,-0.39292579861332744,0.07249878828946504
V80R,568.0,108.0,-2.7802216263346793,0.10539046002223329
V80S,519.0,647.0,-0.0674445119856264,0.059670185135738574
V80T,618.0,881.0,0.12605802583853531,0.05330452484974631
V80W,379.0,353.0,-0.48799704760754103,0.07456170888070632
V80Y,247.0,198.0,-0.7044663438294831,0.09584823294463345
V80_,594.0,134.0,-2.5336167444885573,0.09609275577744439
V87A,190.0,251.0,0.01619930669851488,0.096617806866019
V87C,335.0,462.0,0.07824973167088789,0.07237164856855301
V87D,373.0,459.0,-0.08615890989868902,0.07033995824501547
V87E,858.0,962.0,-0.22041275785364967,0.04788728948905929
V87F,334.0,452.0,0.05099320745763425,0.07276315998835257
V87G,560.0,603.0,-0.2787408484804148,0.059432687710620984
V87H,321.0,383.0,-0.13070636682857817,0.07625142830437305
V87I,1150.0,1692.0,0.1716215023631089,0.039354610789444716
V87K,291.0,386.0,0.02209930675089211,0.07819929136836395
V87L,510.0,692.0,0.05479716461411943,0.059110289877196596
V87M,560.0,577.0,-0.3423264536639339,0.06005804937340028
V87N,567.0,648.0,-0.19282828889625758,0.05826695518433882
V87P,794.0,669.0,-0.6325995879093034,0.053314075334781934
V87Q,639.0,611.0,-0.45011270284849747,0.05735651524127907
V87R,582.0,677.0,-0.16733698408014508,0.057301669012651935
V87S,737.0,678.0,-0.5058478288795474,0.054036588268670256
V87T,525.0,369.0,-0.8941551755867208,0.06857764915011408
V87W,317.0,389.0,-0.09019129486715816,0.07624511332251428
V87Y,619.0,778.0,-0.05564420373411938,0.0546720037008406
V87_,884.0,158.0,-2.8695170106250014,0.086880014816051
V93A,703.0,848.0,-0.11493411987491076,0.051864254824469866
V93C,393.0,487.0,-0.07608481202931738,0.06845454786586906
V93D,263.0,330.0,-0.05807809830584176,0.0831899193742429
V93E,491.0,479.0,-0.42116681883698526,0.06490356050830198
V93F,841.0,727.0,-0.5956179327370776,0.05150493258662855
V93G,825.0,977.0,-0.14150846411182627,0.048206349954916676
V93H,720.0,743.0,-0.3401055023996271,0.05313154603454915
V93I,348.0,390.0,-0.22108783289786782,0.07433526851748416
V93K,333.0,294.0,-0.56517046168105,0.08057525898157408
V93L,287.0,368.0,-0.02682622107251298,0.07930782622108014
V93M,562.0,697.0,-0.07488663271188134,0.05746513807942685
V93N,308.0,378.0,-0.09002297677750803,0.07733236822644671
V93P,644.0,726.0,-0.2125638566928023,0.05493975877796534
V93Q,692.0,610.0,-0.5674301790321712,0.05632581903423743
V93R,498.0,326.0,-0.99672867990233,0.0718581732103225
V93S,511.0,563.0,-0.24566116280106165,0.06181659107115527
V93T,460.0,614.0,0.03112674195497611,0.06237562372018365
V93W,550.0,501.0,-0.5200886361230808,0.06246864480817506
V93Y,586.0,609.0,-0.32992955264252277,0.05862319816026643
V93_,639.0,115.0,-2.85954938727118,0.10172527469437591
V99A,273.0,382.0,0.09918642215650042,0.0798048663362141
V99C,150.0,130.0,-0.5919062680040925,0.12019215012880105
V99D,491.0,560.0,-0.19577000402676603,0.06253411449944032
V99E,569.0,678.0,-0.13261764168469092,0.057624279055560675
V99F,401.0,441.0,-0.2482970304255101,0.0696379232617833
V99G,707.0,704.0,-0.391604885563118,0.05406529569846489
V99H,430.0,420.0,-0.41941671945428993,0.06924332231463108
V99I,418.0,578.0,0.08208681015649244,0.06488894989826242
V99K,741.0,246.0,-1.9762462378026306,0.07417950892107777
V99L,603.0,757.0,-0.057339755420694694,0.05538545371040401
V99M,633.0,735.0,-0.16993459889162743,0.055031756835208466
V99N,677.0,746.0,-0.24545236068176646,0.053905123506975336
V99P,618.0,836.0,0.050419830453313,0.05387457112715274
V99Q,345.0,435.0,-0.05105979889555279,0.07270130066778425
V99R,662.0,145.0,-2.576170803171782,0.09216746720889825
V99S,247.0,348.0,0.10908912655207192,0.0837264260454379
V99T,515.0,476.0,-0.49907874993224066,0.06427068344402162
V99W,543.0,646.0,-0.13489245561413377,0.058972578744816664
V99Y,972.0,1112.0,-0.19134348587618266,0.044903041851168723
V99_,222.0,26.0,-3.47895654332795,0.20745907436515038
W201A,763.0,865.0,-0.2044553402660627,0.05054571683970844
W201C,635.0,803.0,-0.046831543714418444,0.05392872641751496
W201D,537.0,424.0,-0.7263208499229314,0.06564154429353498
W201E,575.0,452.0,-0.7327025422147226,0.06355828272851581
W201F,821.0,1004.0,-0.09516824707786586,0.04798158663116188
W201G,457.0,496.0,-0.26732671319134305,0.06551670772565192
W201H,410.0,527.0,-0.02329894611191552,0.06651824398897321
W201I,588.0,828.0,0.1083373146429647,0.054741034983157244
W201K,942.0,1269.0,0.04441897143946871,0.04402034063727114
W201L,367.0,502.0,0.06642654346371657,0.06931758988537934
W201M,567.0,731.0,-0.018953223693737087,0.05674347845271064
W201N,409.0,482.0,-0.14854322522267793,0.06788069261577888
W201P,1618.0,1159.0,-0.8667976965722395,0.03961140184211138
W201Q,873.0,922.0,-0.30668596780168134,0.048148352674283565
W201R,438.0,603.0,0.07574793317786277,0.06347924754055655
W201S,940.0,1331.0,0.11630321440298363,0.043627311458659286
W201T,848.0,1124.0,0.02103150180623814,0.046444782871182984
W201V,664.0,853.0,-0.024112500456511476,0.05259786396425956
W201Y,428.0,679.0,0.28031813125587135,0.06242868770624459
W201_,685.0,109.0,-3.0371347492331884,0.10354476184667971
W274A,1169.0,1575.0,0.044603531113643236,0.03973104526908643
W274C,689.0,955.0,0.08552073172930008,0.05085943254118916
W274D,956.0,820.0,-0.6068543919606206,0.048515215810352154
W274E,1099.0,605.0,-1.2466438064156309,0.05148776309690275
W274F,1283.0,2064.0,0.30044735911515685,0.036771260617786586
W274G,580.0,704.0,-0.10595203888051419,0.05685734123884827
W274H,1558.0,1672.0,-0.28359120368145563,0.036443677508213264
W274I,457.0,625.0,0.06618335260686425,0.06226013978705219
W274K,394.0,57.0,-3.17441552560539,0.1420105758292626
W274L,821.0,1735.0,0.6940020922572567,0.043388848727021805
W274M,1143.0,1368.0,-0.12622943564600586,0.04115928172177058
W274N,791.0,910.0,-0.18328372078887156,0.04951070816363549
W274P,969.0,256.0,-2.3057815760042155,0.07089635527349669
W274Q,1076.0,686.0,-1.0348601602279306,0.04975217351677054
W274R,1305.0,250.0,-2.7694733415863237,0.06967303881943465
W274S,1263.0,1226.0,-0.42836550171348975,0.04117800480315111
W274T,797.0,1026.0,-0.02109512489872145,0.048140974755583286
W274V,908.0,1196.0,0.011979174553297334,0.045007083289824466
W274Y,769.0,1065.0,0.08432252663171624,0.04824464950272239
W274_,849.0,141.0,-2.9754542551061673,0.09142074563004642
W293A,1383.0,1796.0,-0.008486391551871364,0.03698736301170126
W293C,453.0,541.0,-0.12935782284248631,0.064374421451016
W293D,720.0,904.0,-0.05714839862540977,0.050825847082534355
W293E,1650.0,3775.0,0.8085355117438504,0.030970495191522063
W293F,1748.0,1023.0,-1.1583633769605104,0.04046975830462375
W293G,1156.0,1241.0,-0.2831093235084907,0.041941082229386036
W293H,908.0,1276.0,0.1053893578460885,0.0444209078430564
W293I,499.0,767.0,0.23470647384518806,0.058274750122304056
W293K,1160.0,1487.0,-0.027193079262979758,0.04028357787815989
W293L,362.0,509.0,0.10619426317770042,0.06939140620428433
W293M,690.0,921.0,0.031129363963144918,0.051217512421280295
W293N,1060.0,1555.0,0.16737579670619152,0.04092291151133885
W293P,1367.0,1194.0,-0.5806790635579264,0.04070936190416337
W293Q,793.0,1060.0,0.033196724905375063,0.047881313176182605
W293R,783.0,1086.0,0.08646456348389897,0.04781359022980375
W293S,665.0,936.0,0.10767772167530243,0.05157825238437877
W293T,1216.0,1535.0,-0.04937722511815945,0.03952262505320641
W293V,551.0,824.0,0.19511315761867642,0.05582688670627256
W293Y,1101.0,1543.0,0.10144965312722043,0.040553120506097426
W293_,994.0,156.0,-3.057092045520916,0.08662612941791721
WT,20014.0,26144.0,0.0,0.013282671334479404
Y131A,389.0,431.0,-0.23755608622864433,0.0705618485216812
Y131C,634.0,786.0,-0.07542811470826827,0.054200787004062376
Y131D,612.0,386.0,-1.0503871899919144,0.0656717699568881
Y131E,782.0,920.0,-0.15100769999471542,0.04953701052900167
Y131F,401.0,539.0,0.04120363886058431,0.06661209520124596
Y131G,342.0,379.0,-0.23727278118019868,0.07517019758159663
Y131H,489.0,584.0,-0.1293410816125382,0.062011789862022985
Y131I,504.0,613.0,-0.10301193597283742,0.06085718572895909
Y131K,347.0,427.0,-0.08617756855779657,0.07288238155753148
Y131L,1546.0,952.0,-1.0849712044452446,0.04225458744063749
Y131M,685.0,755.0,-0.2450994826527655,0.053596018046703206
Y131N,806.0,1025.0,-0.03870184480802319,0.048005148817326135
Y131P,450.0,81.0,-2.859255334707308,0.12105594806568068
Y131Q,829.0,841.0,-0.36473673590056777,0.04983491997936265
Y131R,886.0,1013.0,-0.19221665751172168,0.04694706804455386
Y131S,553.0,551.0,-0.3906972533167181,0.06092084486154115
Y131T,603.0,680.0,-0.2120961512539683,0.05671973712292899
Y131V,649.0,776.0,-0.12763565018378387,0.05401542533865753
Y131W,679.0,775.0,-0.19468808232315205,0.05339712511712987
Y131_,670.0,114.0,-2.940492443481766,0.10174423885657145
Y160A,551.0,648.0,-0.15153261136806684,0.058704768427540154
Y160C,619.0,835.0,0.04636057280368089,0.053863604724706186
Y160D,749.0,861.0,-0.1844251729533184,0.05084030915570792
Y160E,761.0,1068.0,0.10346765239433964,0.04835885316376799
Y160F,129.0,193.0,0.19572251210976965,0.11410797730713698
Y160G,361.0,437.0,-0.10984269379246125,0.07173909816852805
Y160H,1955.0,2178.0,-0.2296355953908611,0.0325400634389748
Y160I,819.0,1089.0,0.02559404334027704,0.047196040141014556
Y160L,836.0,1041.0,-0.06907836346716323,0.04738120075866628
Y160M,848.0,1136.0,0.036352165506351675,0.04634350005263841
Y160N,810.0,954.0,-0.14940551654276835,0.04869265222380594
Y160P,1125.0,757.0,-0.957023748431423,0.047938316400789036
Y160Q,742.0,906.0,-0.09738184242111547,0.0503949004129938
Y160R,993.0,1228.0,-0.07902802879950599,0.043698735670120066
Y160S,1384.0,1593.0,-0.18256923007987114,0.03792750005823609
Y160T,730.0,970.0,0.024613207218174615,0.04988963955209463
Y160V,1178.0,1427.0,-0.1088265276852507,0.04047060469654249
Y160W,844.0,1085.0,-0.023093844496623106,0.04684746797491322
Y160_,1174.0,193.0,-2.990167381748501,0.0782372985249665
Y225A,1391.0,510.0,-1.833005537771395,0.05261048031848765
Y225C,656.0,178.0,-2.267229704126546,0.08503083919729075
Y225E,500.0,137.0,-2.2531459392962017,0.09688607742154594
Y225F,579.0,540.0,-0.48607232775519016,0.060556734768357545
Y225G,720.0,220.0,-2.0959180308866383,0.07760368690467324
Y225H,467.0,141.0,-2.1131261509850887,0.09654632087543255
Y225I,930.0,336.0,-1.8542122456162797,0.06433952001621822
Y225K,654.0,133.0,-2.6832481664984567,0.09557967879688925
Y225L,596.0,146.0,-2.4147395426734075,0.0928164039700129
Y225M,1071.0,352.0,-1.9907538178662216,0.062150954638718975
Y225N,744.0,217.0,-2.1630306738316296,0.07771978648841964
Y225P,716.0,161.0,-2.5382996291227515,0.08772478314704563
Y225Q,428.0,120.0,-2.219960064995867,0.10371715207780291
Y225R,571.0,86.0,-3.116409887414065,0.11604332184701457
Y225S,491.0,130.0,-2.302599997851206,0.09907849968355895
Y225T,737.0,188.0,-2.3563449818121933,0.08224302030901574
Y225V,771.0,191.0,-2.3985715883079726,0.08136671746542737
Y225W,473.0,709.0,0.19846510508823378,0.060106174643347755
Y225_,297.0,55.0,-2.818215884049631,0.14708370977178362
Y228A,721.0,208.0,-2.178836568276302,0.07926297480077041
Y228C,640.0,209.0,-1.9999926642674932,0.08021938879653441
Y228D,322.0,49.0,-3.101427626324316,0.15361545326216547
Y228E,881.0,210.0,-2.454170555032908,0.07736248179989817
Y228F,380.0,420.0,-0.24108389269786912,0.07141862550457567
Y228G,883.0,191.0,-2.5942517926344832,0.08034944105570604
Y228H,753.0,372.0,-1.4027978074764889,0.06406495198877185
Y228I,754.0,433.0,-1.1856535004407274,0.06102354073108648
Y228K,827.0,136.0,-2.9896622324660953,0.09300424968383812
Y228L,835.0,365.0,-1.579327672272024,0.0634464821355377
Y228M,991.0,637.0,-1.0230537810794873,0.05164417005522209
Y228N,483.0,129.0,-2.2900403464221393,0.09954849217784278
Y228P,734.0,119.0,-3.0101871012100174,0.09926353397438357
Y228Q,1035.0,248.0,-2.4466446953472953,0.07131959337218129
Y228R,669.0,131.0,-2.7378210250485155,0.09599982167132436
Y228S,920.0,224.0,-2.4235565920249806,0.07509491201623338
Y228T,355.0,102.0,-2.1846192637343496,0.11272975310143056
Y228V,1011.0,499.0,-1.4041268213878473,0.05550939051409656
Y228W,342.0,436.0,-0.0351474709480577,0.07283976366685377
Y228_,781.0,148.0,-2.7851165550475008,0.0901382730348551
Y231A,371.0,494.0,0.02761198654000996,0.06933837565936667
Y231C,1138.0,1186.0,-0.3258672471871966,0.04254532630570927
Y231D,568.0,774.0,0.06096569030651988,0.056042127331218876
Y231E,592.0,740.0,-0.06354696535489168,0.05593485876493545
Y231F,602.0,747.0,-0.07413008209458649,0.055569657359013654
Y231G,483.0,986.0,0.6440790337635285,0.056327202010266475
Y231H,896.0,1088.0,-0.10536510856740744,0.04608017850236679
Y231I,929.0,1159.0,-0.06634320348421952,0.04502704389713938
Y231K,454.0,604.0,0.026378174095461837,0.06282046691838154
Y231L,671.0,835.0,-0.07001097801496314,0.05268866939518334
Y231M,892.0,1169.0,0.004685295866330819,0.045439003286555917
Y231N,675.0,900.0,0.029561969686524137,0.051776181574079046
Y231P,281.0,54.0,-2.7647932039372805,0.14886872303473564
Y231Q,760.0,1021.0,0.040436503642314214,0.048820171819528975
Y231R,726.0,724.0,-0.3894499823653561,0.05335543615405864
Y231S,1061.0,1348.0,-0.04007724107241817,0.042101628519223104
Y231T,662.0,869.0,0.007049582537321797,0.052435680820953956
Y231V,499.0,672.0,0.0439437881767768,0.059835237355557215
Y231W,811.0,1065.0,0.007605181939642769,0.047541596706363626
Y231_,613.0,113.0,-2.8249303559441223,0.10280215893783186
Y235A,918.0,905.0,-0.4060463220429211,0.047775386944119085
Y235C,699.0,321.0,-1.5081650407954497,0.06807332171188198
Y235D,638.0,180.0,-2.210972168881339,0.08491663654287453
Y235E,955.0,231.0,-2.4330307215499456,0.07391982864951062
Y235F,1293.0,1473.0,-0.19743639458170525,0.03924902444110819
Y235G,1080.0,489.0,-1.5285789840063781,0.05530895033881518
Y235H,546.0,338.0,-1.077331631074581,0.06984393545121696
Y235I,740.0,142.0,-2.76702242844037,0.0920940030169495
Y235K,676.0,97.0,-3.186309398144969,0.10897567795121109
Y235L,1118.0,913.0,-0.6777007117852882,0.04558441967100493
Y235M,654.0,749.0,-0.1897979012870481,0.054335429938661285
Y235N,1647.0,590.0,-1.86650818907881,0.04889030641509872
Y235P,1438.0,323.0,-2.5398931599171646,0.062285628515575626
Y235Q,1108.0,385.0,-1.9104732653563339,0.05990049034337552
Y235R,1175.0,178.0,-3.1081130270294137,0.08097489237255867
Y235S,1193.0,592.0,-1.3963828717205553,0.05114285166228677
Y235T,1070.0,746.0,-0.9058275915021099,0.04861326967885093
Y235V,1097.0,194.0,-2.8848439419721412,0.07844843455034996
Y235W,808.0,972.0,-0.11887217805356443,0.048524417815890224
Y235_,941.0,168.0,-2.8711331355752767,0.08427887817776648
Y257A,993.0,1119.0,-0.21312740881693948,0.04459709571210933
Y257C,1175.0,1526.0,-0.00837880510290212,0.039932129496714173
Y257D,2062.0,457.0,-2.55922387674699,0.05254820935446522
Y257E,907.0,1027.0,-0.20621031910393484,0.04652352855318571
Y257F,902.0,1003.0,-0.23234952957563415,0.046838540445409686
Y257G,1602.0,2109.0,0.01121259612250558,0.034446866742842835
Y257H,1378.0,1854.0,0.042592481633216384,0.0367868214740392
Y257I,1090.0,1364.0,-0.06195733575599682,0.041698560045502625
Y257K,1881.0,1674.0,-0.5536695589049727,0.03488856488542263
Y257L,1810.0,1555.0,-0.6045439962162549,0.03582988271656083
Y257M,962.0,1018.0,-0.3038422490055881,0.04593488363544557
Y257N,1073.0,1330.0,-0.07569661479532463,0.04209568254137061
Y257P,1374.0,664.0,-1.4345858165721457,0.04818726839588882
Y257Q,883.0,1166.0,0.01560829371048289,0.045588707620317914
Y257R,966.0,1374.0,0.12281228890743634,0.043025543471010494
Y257S,824.0,1002.0,-0.10330703058109592,0.047956086329192404
Y257T,1236.0,1456.0,-0.14914033770929436,0.03980047853397146
Y257V,816.0,1164.0,0.12697452884627136,0.046613184889287645
Y257W,1131.0,1436.0,-0.041016075793451456,0.04085038726846785
Y257_,334.0,57.0,-2.936074576278024,0.14360682203654493
Y265A,1124.0,1279.0,-0.19909751317063584,0.04194926929899461
Y265C,999.0,1356.0,0.0553266069825149,0.042739482312333765
Y265D,602.0,823.0,0.06565232208282978,0.054446016556963406
Y265E,1404.0,1827.0,-0.005538867089830646,0.03671243246155666
Y265F,734.0,968.0,0.013752046770272308,0.04983614268071653
Y265G,679.0,1008.0,0.18453503809518956,0.050527227209688254
Y265H,1376.0,1629.0,-0.14196568089146666,0.03779977985478077
Y265I,533.0,655.0,-0.08811585416588841,0.05908507710189138
Y265K,853.0,1058.0,-0.07475148264642328,0.04696492870773235
Y265L,641.0,857.0,0.03349498852942112,0.05305751852331766
Y265M,1109.0,1263.0,-0.19787649891617498,0.04220994162247622
Y265N,1133.0,1310.0,-0.17605295619616346,0.041643395316808364
Y265P,1210.0,1609.0,0.025684135544726594,0.03919380444574218
Y265Q,2881.0,1581.0,-1.2511983615814857,0.032677549528124
Y265R,854.0,1217.0,0.12554596793191486,0.045616302898506884
Y265S,1097.0,1326.0,-0.11195520784178914,0.04187989401995602
Y265T,915.0,1053.0,-0.18281046482251373,0.04616012897942822
Y265V,1250.0,1588.0,-0.04018982531450899,0.038960585665141705
Y265W,859.0,664.0,-0.7569401439219146,0.05251996664382142
Y265_,1057.0,205.0,-2.751693023467565,0.07689011874532346
Y278A,1569.0,420.0,-2.286829151143359,0.05573558055177294
Y278C,798.0,229.0,-2.1864664148360253,0.0755509983564654
Y278D,1073.0,239.0,-2.5519908219470473,0.07213943305388289
Y278E,880.0,337.0,-1.770198703551383,0.06474439283086718
Y278F,980.0,387.0,-1.7258958120476446,0.06076615003710712
Y278G,851.0,195.0,-2.511098164657464,0.07994517595923678
Y278H,1116.0,381.0,-1.9359193724848325,0.0600738464411618
Y278I,844.0,172.0,-2.680237838613131,0.08418224427651974
Y278K,1333.0,372.0,-2.226744481602001,0.05938431089327553
Y278L,3868.0,297.0,-4.088478300066741,0.060939605799985405
Y278M,1282.0,284.0,-2.5598640686614167,0.06625135905995332
Y278N,889.0,158.0,-2.8776539682754008,0.08684339232833424
Y278P,901.0,166.0,-2.8257431561558253,0.08498125548728866
Y278Q,5157.0,860.0,-2.969579689074566,0.03801187536231664
Y278R,957.0,183.0,-2.77208170401245,0.08122387656785016
Y278S,1490.0,356.0,-2.4508025286418698,0.05973492258552248
Y278T,1076.0,228.0,-2.623992667911982,0.07350745965747939
Y278V,607.0,147.0,-2.431276176016751,0.09240071615686182
Y278W,1376.0,1263.0,-0.5090950792070323,0.04008382406777581
Y278_,1638.0,245.0,-3.126501812310042,0.06913882863422695
Y292A,1119.0,1009.0,-0.5347526426809619,0.044417701393897994
Y292C,1595.0,476.0,-2.129971868371544,0.05306567815024069
Y292D,848.0,332.0,-1.7383247683603171,0.06541715009872325
Y292E,676.0,533.0,-0.7283521741591334,0.05868236656235419
Y292F,1282.0,1598.0,-0.06760126536403055,0.03865253041488917
Y292G,1263.0,1034.0,-0.6740861100418112,0.042977699830210006
Y292H,755.0,971.0,-0.022479785806012842,0.04942222130339841
Y292I,1500.0,468.0,-2.0658310435935645,0.05377344494983102
Y292K,607.0,833.0,0.07114334449491544,0.05418578944014509
Y292L,1317.0,244.0,-2.8177243077685614,0.07032569269648344
Y292M,961.0,413.0,-1.6038449163977893,0.05958217399002497
Y292N,1229.0,626.0,-1.3587092324480095,0.04999296230541993
Y292P,1541.0,2059.0,0.03260442648919515,0.03496870075362849
Y292Q,758.0,684.0,-0.533669650543791,0.05356701801151863
Y292R,2722.0,4018.0,0.17633860133920676,0.02654184768201458
Y292S,1441.0,967.0,-0.9609478195630006,0.04261792883799429
Y292T,988.0,736.0,-0.8102704622752821,0.0495885810996569
Y292V,1347.0,498.0,-1.820984130642893,0.053278433463169406
Y292W,574.0,797.0,0.0880517685824902,0.05554308245478062
Y292_,973.0,184.0,-2.788140647073064,0.08093479228137389
Y29A,784.0,912.0,-0.1672925989643428,0.04960028043457125
Y29C,903.0,1022.0,-0.2068747431698883,0.04662709656963313
Y29D,820.0,527.0,-1.0232813525917859,0.056614567059060907
Y29E,855.0,613.0,-0.8655008711560832,0.053750222339558354
Y29F,1460.0,1880.0,-0.02070810109865695,0.03612552503088622
Y29G,307.0,167.0,-1.2638213454629934,0.09660798610834052
Y29H,837.0,615.0,-0.8301051768020535,0.05393452842548718
Y29I,351.0,435.0,-0.07593375273037939,0.07235975463488441
Y29K,237.0,281.0,-0.13979664640121658,0.08869068810124572
Y29L,616.0,520.0,-0.6298845903283725,0.060287684403344824
Y29M,903.0,1036.0,-0.1872461271811261,0.04648509197107215
Y29N,618.0,583.0,-0.4695797395982142,0.05849399899805228
Y29P,1048.0,547.0,-1.3234835567601495,0.05357727308633601
Y29Q,572.0,723.0,-0.04749495374443402,0.056741013369351355
Y29R,821.0,935.0,-0.1978881858436239,0.04874150097980553
Y29S,299.0,259.0,-0.5926561212856631,0.08540163479501475
Y29T,716.0,739.0,-0.3398560365678174,0.05327292820768581
Y29W,916.0,1096.0,-0.12664447812705681,0.045741734247135124
Y29_,37.0,4.0,-3.5917111801919184,0.5258179320650754
Y316A,1248.0,1113.0,-0.5506331257156463,0.04228421494863545
Y316C,1243.0,1357.0,-0.25887673702616354,0.040368647255371294
Y316D,1330.0,693.0,-1.3259592039282548,0.04778147492198172
Y316E,1433.0,1157.0,-0.6941175299012476,0.04062441729195821
Y316F,1665.0,2208.0,0.021745677594002366,0.03378917240573238
Y316G,1102.0,461.0,-1.6427375514717264,0.05625653566135147
Y316H,275.0,365.0,0.022981723674804222,0.0803996085632476
Y316I,1131.0,1012.0,-0.5458583257006424,0.04427767708039701
Y316K,1621.0,1117.0,-0.922721075640685,0.04000451415022512
Y316L,968.0,1081.0,-0.22618417381562583,0.04523629826702969
Y316M,1358.0,1417.0,-0.3241143500108721,0.03911901843326534
Y316N,1360.0,1291.0,-0.46058727021349855,0.039976126983459544
Y316P,1125.0,179.0,-3.0372959238486095,0.08101466387450158
Y316Q,1594.0,1497.0,-0.47604700782549614,0.03719625686964263
Y316R,911.0,759.0,-0.6488181833207323,0.05003402011360791
Y316S,1550.0,1242.0,-0.7050709201123149,0.03922395063368108
Y316T,651.0,749.0,-0.18316491060998885,0.05440023026760119
Y316V,2393.0,1956.0,-0.6763828660109987,0.031895818879974225
Y316W,544.0,384.0,-0.8879594770673114,0.0673091006783714
Y316_,2261.0,338.0,-3.127299724931036,0.05906764978470783
Y360A,876.0,937.0,-0.2883530804394203,0.04792680490451511
Y360C,1383.0,1678.0,-0.10653046097377272,0.037512921170913836
Y360D,1669.0,533.0,-2.032228279797435,0.050631113671634434
Y360E,624.0,941.0,0.20717071902009554,0.05247324139675368
Y360F,1147.0,1521.0,0.021681482573792543,0.040218211457216414
Y360G,901.0,1020.0,-0.20650191336636325,0.04667400582160777
Y360H,606.0,559.0,-0.5019376953616081,0.05939048096854228
Y360I,1637.0,2184.0,0.030446140815000522,0.034014083227522
Y360K,1308.0,939.0,-0.8636313298447345,0.04379139427773111
Y360L,880.0,1177.0,0.03406456833843752,0.04554312083931181
Y360M,738.0,980.0,0.02368591931756825,0.04963474206340085
Y360N,965.0,370.0,-1.768449816885009,0.06186358403105619
Y360P,1393.0,246.0,-2.886886935371865,0.06979226337341032
Y360Q,1015.0,831.0,-0.6740263844763428,0.047715632667455626
Y360R,1289.0,487.0,-1.789710341117242,0.054012496494913076
Y360S,1138.0,700.0,-1.086535984444044,0.048943769777737886
Y360T,1284.0,1206.0,-0.4758847548719185,0.041185013459492346
Y360V,1372.0,1844.0,0.04108529638285585,0.0368696182330126
Y360W,498.0,618.0,-0.07401471560832462,0.060945084140015565
Y360_,1251.0,249.0,-2.7142879223362626,0.07002479401286044
Y9A,586.0,580.0,-0.4003176960751693,0.0593192920149734
Y9C,728.0,696.0,-0.4503204195719368,0.05383849134549912
Y9D,340.0,348.0,-0.3519186020602687,0.07682958605862628
Y9E,1350.0,1393.0,-0.3402346655627655,0.03932963092920873
Y9F,870.0,1049.0,-0.11554564412639667,0.04680712033039466
Y9G,592.0,677.0,-0.19191458808202277,0.05704786053254021
Y9H,814.0,1070.0,0.009035670326428047,0.04744756601102455
Y9I,642.0,560.0,-0.5826133660528887,0.05857905098551364
Y9K,851.0,1106.0,-0.007353746436479902,0.04655577256779922
Y9L,332.0,343.0,-0.33844624506942633,0.07755990619498349
Y9M,317.0,445.0,0.10383921894999926,0.07409338576983701
Y9N,662.0,834.0,-0.052258514123041166,0.0528941610160676
Y9P,557.0,486.0,-0.5821874162383169,0.06277806476481171
Y9Q,1238.0,646.0,-1.32386475168546,0.049436082477609916
Y9R,600.0,771.0,-0.023707159767852204,0.05524358430760758
Y9S,628.0,650.0,-0.3357958048529053,0.05673608976110478
Y9T,879.0,915.0,-0.32756225406536377,0.04815332174365457
Y9V,879.0,984.0,-0.22267678750981812,0.04735090283229965
Y9W,746.0,854.0,-0.19041219264171616,0.05098652527833786
Y9_,823.0,133.0,-3.0148454316358313,0.09392283245181784
